0,1,2,3,4,5,6,7,8,9,10,11,12,13,14,15,16,17,18,19,20,21,22,23,24,25,26,27,28,29,30,31,32,33,34,35,36,37,38,39,40,41,42,43,44,45,46,47,48,49,50,51,52,53,54,55
0.03525204500000001,-0.31307889999999994,0.04457242500000003,-0.32745236999999994,0.028897985000000015,-0.33615239999999996,0.03701131499999999,-0.33956201999999996,-0.011334165000000007,-0.36253096999999995,0.006837055000000036,-0.27935906999999993,-0.050059154999999966,-0.27237962999999993,0.011507525000000018,-0.12085806999999993,-0.01143674499999997,-0.12089916999999994,0.04159365500000001,-0.05331596999999999,0.088105035,-0.19009499999999996,0.022763234999999993,-0.009030769999999966,-0.022763234999999993,0.009030770000000077,0.056802165000000016,0.1404840300000001,-0.024468345000000002,0.19747347000000004,0.024399205000000035,0.28608430000000007,-0.026671484999999995,0.31001783000000005,0.004670469999999982,0.158501,0.03008612999999999,0.06754209999999994,0.038622409999999996,0.15148045999999998,0.09954177999999997,-0.06919583000000001,0.03403893000000002,0.14951480000000006,-0.03240295999999998,0.14560026999999998,-0.0017051100000000097,0.18844269999999996,-0.0022031399999999923,0.11254436000000001,-0.05689621,0.006979440000000003,-0.045526469999999986,0.018061540000000043,0.0481223820733804,0.22790973118953436
0.03636167999999995,-0.313450605,0.04532508999999996,-0.327631285,0.029875209999999985,-0.336669385,0.03690593999999997,-0.339184615,-0.011462059999999996,-0.36253992500000004,0.006181999999999965,-0.278817715,-0.050239900000000004,-0.27181408500000004,0.012247039999999987,-0.12202903500000006,-0.011160260000000033,-0.12105888500000006,0.042661389999999966,-0.055262835000000066,0.08654795999999998,-0.189147085,0.022611899999999963,-0.009126515000000057,-0.022611900000000018,0.009126514999999946,0.05705319999999997,0.13894727500000004,-0.02359066000000004,0.196896615,0.02406345999999998,0.28254781500000004,-0.027664290000000036,0.309338715,0.0060650400000000215,0.15678867999999996,0.03041434999999998,0.0667662,0.03907963999999997,0.15075519999999998,0.09770822000000001,-0.06808819999999993,0.03444130000000001,0.1480737900000001,-0.03298973999999999,0.14360054,-0.000978760000000023,0.18777010000000005,-0.004073629999999995,0.11244209999999999,-0.05642189999999997,0.007003629999999983,-0.04522379999999998,0.018253030000000003,0.05030449356073969,0.226336686138548
0.035676669999999966,-0.31382855,0.04475232000000001,-0.32776102999999995,0.029221910000000018,-0.33686070999999995,0.03653284000000001,-0.33930292999999995,-0.01178456,-0.36284388999999995,0.005914019999999964,-0.27936836,-0.050430069999999994,-0.27304356999999996,0.009141640000000006,-0.12136526999999997,-0.010791549999999983,-0.12272169999999993,0.039233169999999984,-0.049072930000000015,0.08736528999999998,-0.18936442999999992,0.02269365000000001,-0.00888456999999998,-0.02269365000000001,0.00888456999999998,0.05681018999999998,0.14048527,-0.02414809000000001,0.19655467000000004,0.023415909999999984,0.28387967000000003,-0.026933800000000008,0.30871687000000003,0.003227620000000042,0.15800309,0.030091529999999977,0.07229233999999995,0.03963852000000001,0.15032187000000002,0.09815683999999997,-0.06664272999999998,0.03411653999999997,0.14936983999999998,-0.03339428,0.14339440000000003,-0.0014544400000000013,0.18767010000000006,-0.002785709999999997,0.11216219999999999,-0.05634408999999996,0.0063247900000000246,-0.04538730000000002,0.01776913999999996,0.043458716056966086,0.22675016267893516
0.035079510000000036,-0.3143452,0.04442204000000005,-0.32821595,0.028582400000000008,-0.3374493,0.03657444000000004,-0.3394344,-0.012277539999999976,-0.36334123,0.005758290000000055,-0.2797501,-0.05061768999999999,-0.27385842,0.008194390000000051,-0.12154876000000003,-0.010698139999999967,-0.12347019999999997,0.03796339000000004,-0.049777199999999966,0.08809638000000003,-0.18953169999999997,0.02281308000000004,-0.008839900000000012,-0.022813079999999986,0.008839900000000012,0.05660239,0.13986900000000002,-0.02440863999999998,0.19651222999999995,0.024081640000000015,0.28243763,-0.027753589999999995,0.3076951,0.0024360999999999966,0.15820133999999997,0.02976899999999999,0.07177156000000007,0.039919550000000026,0.15038822000000002,0.09879452,-0.0660615,0.03378930999999996,0.14870890000000003,-0.03252074999999999,0.14256862999999997,-0.0015955599999999959,0.18767232999999994,-0.003344950000000013,0.11118287000000004,-0.05637598000000005,0.00589168000000001,-0.04562616000000003,0.017679800000000023,0.04365082386835438,0.22727120364016995
0.03523263000000004,-0.31417369999999994,0.04369482000000002,-0.32629942999999995,0.02797865000000005,-0.33731830999999995,0.034837720000000016,-0.33947772,-0.012212730000000005,-0.36508945,0.00623551,-0.28597933,-0.05707297,-0.27695379,0.004079700000000019,-0.13255584999999992,-0.008903329999999987,-0.12298069,0.03686842000000001,-0.051769449999999995,0.08881044000000005,-0.19045815,0.025621570000000038,-0.01035184999999994,-0.025621569999999982,0.010351850000000051,0.05177044000000003,0.14369979,-0.020944269999999987,0.20281775000000002,0.018950610000000034,0.28304205000000004,-0.031415499999999985,0.30682465000000003,-0.0021558099999999802,0.15342348000000006,0.03278871999999999,0.08078639999999992,0.048169640000000014,0.15397309999999997,0.09771377000000003,-0.06747745999999999,0.02614886999999999,0.15405163999999993,-0.032819829999999994,0.13934226000000005,0.004677299999999995,0.19246589999999997,-0.010471229999999998,0.10400690000000001,-0.06330848,0.009025539999999999,-0.05124314000000002,0.02070369999999999,0.04291746992405894,0.2311262447508723
0.03467798500000002,-0.31533042,0.045131615000000014,-0.32952812,0.027793915000000058,-0.33914134,0.038619015000000034,-0.34098638,-0.013108984999999962,-0.36582345,0.0065857150000000475,-0.2820215,-0.050753144999999944,-0.27619022,0.006870615000000024,-0.12607212,-0.010262124999999955,-0.12721662,0.03718856500000001,-0.04991588999999996,0.09002741500000006,-0.18995072000000002,0.023164035000000027,-0.00888641999999995,-0.02316403499999997,0.00888641999999995,0.05687713500000002,0.13797937999999998,-0.024358624999999967,0.19504628000000002,0.02319761500000006,0.27943940999999994,-0.028023804999999957,0.30553248,0.00028489999999997684,0.15594937999999997,0.030317949999999982,0.07615623000000005,0.04049101999999999,0.14897359999999998,0.10028954000000001,-0.06273410000000001,0.033713099999999996,0.14686579999999994,-0.03367951999999996,0.14146002999999996,-0.0011945899999999954,0.18615986000000007,-0.00366517999999999,0.11048619999999998,-0.05733885999999999,0.005831279999999994,-0.04632807,0.0177728399999999,0.04336017585529146,0.2287979733224971
0.03607859999999996,-0.31326354000000006,0.04453974999999999,-0.32530895000000004,0.028896989999999956,-0.33628825000000007,0.03564244999999999,-0.33896351,-0.011092430000000042,-0.36449017000000006,0.00655370999999999,-0.28649792,-0.05583739000000004,-0.27739459000000005,0.003985970000000005,-0.13371847000000003,-0.0066955700000000395,-0.1243753700000001,0.037421819999999995,-0.05245607000000008,0.09227770999999996,-0.19123937000000002,0.02541389999999999,-0.010375770000000006,-0.025413900000000045,0.010375770000000006,0.051823869999999994,0.14346059999999994,-0.02033783,0.2028070999999999,0.018369289999999983,0.28207192999999997,-0.03129143000000001,0.30593552999999996,-0.002567739999999985,0.15277944999999998,0.03343584999999999,0.08126239999999996,0.04914182,0.15301921999999996,0.09897328,-0.06686399999999992,0.026409970000000005,0.15383636999999994,-0.03345458000000001,0.13861133000000003,0.005076070000000044,0.1924313299999999,-0.010953600000000008,0.10312843000000005,-0.06239110000000003,0.009103329999999965,-0.050827800000000034,0.020751540000000013,0.043760047884073505,0.2334523072098704
0.03627795999999994,-0.313100865,0.04433661999999994,-0.32489832500000004,0.02935662999999994,-0.33592766500000004,0.03452569999999994,-0.338134765,-0.010910820000000043,-0.36371162500000004,0.005652579999999963,-0.28600320500000004,-0.05637770000000003,-0.27622696500000005,0.003955909999999951,-0.13491800500000006,-0.005345720000000054,-0.12440195500000006,0.036068359999999966,-0.053581735000000075,0.09286812999999994,-0.19016400500000008,0.025303819999999977,-0.010578245000000042,-0.025303820000000032,0.01057824499999993,0.05156737999999994,0.14342399500000003,-0.02070549000000005,0.20419259499999998,0.01776877999999993,0.28215569499999993,-0.029631920000000034,0.305878495,-0.0016966700000000112,0.15108519999999998,0.032112450000000015,0.08133626999999999,0.05103197999999998,0.15182500999999998,0.09821384999999999,-0.06576205000000002,0.026263559999999964,0.15400224000000007,-0.03379860000000001,0.1387316999999999,0.004598329999999984,0.19361435000000005,-0.008926429999999985,0.1016859,-0.06203027999999999,0.009776239999999992,-0.05060764000000001,0.021156489999999972,0.044330299723684505,0.23294218317399062
0.037361895000000034,-0.31360500999999996,0.04499739500000005,-0.32499971999999994,0.030843955000000034,-0.33618944999999995,0.03433561500000004,-0.33804948999999995,-0.009405224999999962,-0.36392372999999995,0.005006135000000023,-0.28635542999999997,-0.05534898499999996,-0.27673985999999995,0.004463155000000052,-0.13567078999999993,-0.00394320499999995,-0.1256345499999999,0.03637765500000001,-0.05331178999999997,0.09519148500000002,-0.19025408999999993,0.024777115000000016,-0.010634839999999923,-0.02477711499999996,0.010634840000000034,0.051161115000000035,0.1424121100000001,-0.019874714999999987,0.20412886000000008,0.01812911500000003,0.28071391,-0.030117444999999965,0.30566621000000005,-0.0005429799999999707,0.15068464000000004,0.03191449999999996,0.08235899999999996,0.05140578000000001,0.15110531000000005,0.09913468999999997,-0.06461954000000003,0.02638400000000002,0.15304695000000001,-0.033032000000000006,0.13830179999999992,0.0049023999999999734,0.19349402000000004,-0.010242729999999978,0.10153734999999997,-0.060355119999999984,0.009615570000000018,-0.04955422999999998,0.021269679999999958,0.04422549705310393,0.23398467296492922
0.038844909999999955,-0.31639470000000003,0.046944969999999975,-0.32909185,0.03338146999999997,-0.33879955000000006,0.03630491999999996,-0.34027781,-0.007976430000000034,-0.36502548,0.003912719999999981,-0.28306195000000006,-0.04867351000000003,-0.27681111,0.007518409999999975,-0.12949585000000008,-0.00511158000000006,-0.12971242000000005,0.03648074999999995,-0.05235645,0.09454792999999995,-0.18997215,0.02173432999999997,-0.009012149999999997,-0.021734330000000024,0.009012149999999997,0.05679210999999995,0.13781564999999996,-0.021585630000000022,0.19581441,0.023163869999999975,0.2811722,-0.025780470000000055,0.30367944999999996,0.0036056899999999947,0.15356609999999998,0.028962339999999975,0.07713940000000008,0.04356192999999997,0.14709868999999998,0.09965951,-0.060259729999999956,0.03505777999999998,0.14682779999999995,-0.033628239999999976,0.14335655000000003,0.0001487000000000016,0.18680226,-0.004194840000000033,0.10786503999999997,-0.05258623000000001,0.006250840000000035,-0.04346865999999999,0.018024299999999993,0.04578411564403532,0.2304697716343677
0.041087729999999933,-0.31508308000000007,0.048345519999999975,-0.32757303000000004,0.03604868999999994,-0.33736721000000003,0.03604864999999996,-0.33926422000000006,-0.006118880000000049,-0.36401084000000006,0.0028930099999999737,-0.28307632000000005,-0.04772972000000003,-0.27578758000000003,0.008742909999999937,-0.1291197300000001,-0.0029456800000000616,-0.12803003000000002,0.036808749999999946,-0.05083177999999999,0.09490784999999996,-0.18810238,0.02107621999999998,-0.009410120000000077,-0.021076220000000034,0.009410119999999966,0.05704391999999997,0.13631611999999993,-0.020326570000000044,0.19739012,0.023828399999999972,0.28058227999999996,-0.024955750000000054,0.30470361999999995,0.0058498999999999635,0.15395658999999995,0.02806584000000001,0.0782879500000001,0.04478403999999997,0.14775755000000002,0.09785353000000002,-0.06007235,0.03596769999999999,0.14572624,-0.03321552,0.14426616000000003,0.0007496499999999906,0.18798000000000004,-0.0046291800000000105,0.10731349999999995,-0.050622730000000005,0.007288740000000016,-0.04215244000000001,0.018820240000000044,0.04430876230901165,0.22904910423316413
0.040890959999999976,-0.31746803,0.04816771999999997,-0.32987043,0.03594279,-0.33965831,0.03580422,-0.34161153,-0.005987640000000016,-0.36640801,0.002191720000000008,-0.28486786999999997,-0.04737102999999998,-0.27800126999999997,0.007440219999999997,-0.13110162999999997,-0.0023639200000000193,-0.13096293000000003,0.035866889999999985,-0.05427603000000003,0.09573821999999998,-0.19135983,0.020713780000000015,-0.00920957,-0.020713780000000015,0.00920957,0.05607237999999998,0.13603414000000003,-0.020115549999999982,0.19562471999999997,0.02177309999999999,0.27986860999999996,-0.025420339999999986,0.30215437,0.005248499999999989,0.15376624,0.028426669999999987,0.07682559999999994,0.04500710999999996,0.14703833999999993,0.09810214,-0.060396899999999976,0.03535859999999996,0.14524371000000003,-0.03429927999999999,0.14383446999999994,0.0005982300000000329,0.18641514999999997,-0.005304790000000004,0.10652965000000003,-0.04956274999999999,0.0068666000000000005,-0.04142756000000003,0.01841914,0.04754579434191526,0.2319248855133058
0.039622009999999985,-0.3171180800000001,0.04741730999999999,-0.32911572000000006,0.03526290999999998,-0.3395486200000001,0.03575371999999999,-0.34031487000000005,-0.005169550000000023,-0.36693490000000006,0.001676999999999984,-0.28337253000000007,-0.04716225000000002,-0.27843680000000004,0.0060332699999999795,-0.12836040000000004,-0.0037580200000000286,-0.12962273000000002,0.03491362999999997,-0.05049800000000004,0.09567435000000002,-0.1900630000000001,0.02036189999999999,-0.008790100000000023,-0.02036189999999999,0.008790099999999912,0.05581164999999999,0.13489329999999988,-0.02000525000000003,0.19282843999999988,0.022090549999999987,0.27818014999999996,-0.025982649999999996,0.30252309999999993,0.004356269999999995,0.15501213000000003,0.028880359999999994,0.0778624,0.04340422999999999,0.14881407000000002,0.09943237000000005,-0.060440270000000074,0.03544975,0.1436833999999999,-0.033721100000000004,0.14328685000000008,0.0003566499999999584,0.18403833999999997,-0.005977399999999966,0.10969466000000005,-0.04883925,0.004935730000000027,-0.04072379999999998,0.017580199999999935,0.04417354149717794,0.23023241885901408
0.041072374999999994,-0.3139195,0.046604595000000026,-0.3230878,0.037285104999999985,-0.33594156000000003,0.031258094999999986,-0.3347376,-0.0015372750000000046,-0.36439056000000003,-0.0010214249999999647,-0.28399632,-0.05128095500000002,-0.2762372,0.003337974999999993,-0.13453183000000002,9.705500000001255e-05,-0.12319120000000006,0.03508539500000002,-0.05126810000000004,0.09817637499999998,-0.19040880000000004,0.021274104999999988,-0.010215799999999997,-0.021274104999999988,0.010215799999999997,0.05055471500000003,0.14056744,-0.015006344999999977,0.19892359999999998,0.017779044999999993,0.28254049999999997,-0.030507245000000016,0.3055289,0.004359399999999958,0.14946449,0.031747420000000026,0.08326372999999998,0.05137801000000003,0.15304599999999996,0.09807931999999997,-0.06721759999999999,0.02928061000000004,0.15078323999999999,-0.032775670000000034,0.14197305999999998,0.006267760000000011,0.18870779999999998,-0.01550090000000004,0.10660530000000001,-0.05025953000000005,0.007759120000000008,-0.042548209999999975,0.020431599999999994,0.04331331281204549,0.23349228530593985
0.043635029999999964,-0.319339845,0.04805627000000001,-0.328588875,0.039561409999999964,-0.341049135,0.030947349999999985,-0.339024775,-0.0007843499999999892,-0.36725414500000003,-0.0012053900000000284,-0.285550295,-0.05019990000000002,-0.27739897500000005,0.004301249999999979,-0.13592091500000003,0.0025989499999999888,-0.12580880500000002,0.03390662999999999,-0.05291852500000005,0.09958718999999999,-0.19235737500000005,0.02098964999999997,-0.010207674999999972,-0.020989650000000026,0.010207674999999972,0.05053870999999999,0.13861752500000002,-0.014326400000000017,0.196000485,0.01937686999999999,0.282010125,-0.030573200000000023,0.303213325,0.005506640000000007,0.14962937999999998,0.029605380000000014,0.08300238999999998,0.05279885000000001,0.15159017000000002,0.09698824,-0.06654857000000003,0.029549060000000016,0.1488252,-0.031161839999999996,0.14339259999999998,0.0066632500000000094,0.18579281000000003,-0.016246800000000006,0.10721283999999998,-0.04899450999999999,0.008151319999999962,-0.0419793,0.020415349999999943,0.04462135228837095,0.2357358136259489
0.04552201,-0.322841315,0.05066398999999999,-0.33431452500000003,0.04186546000000002,-0.34431799500000004,0.03470516000000001,-0.343975635,0.0004880200000000334,-0.36883988500000003,-0.00016273999999999456,-0.283983615,-0.04237701999999999,-0.277659475,0.007727839999999986,-0.128677955,0.0014416999999999902,-0.12785695500000005,0.033653829999999996,-0.05108255500000003,0.09683460999999999,-0.188331955,0.018227439999999984,-0.008802595000000024,-0.018227439999999984,0.008802595000000024,0.05532680000000001,0.13389200499999998,-0.01592787000000001,0.19118941499999997,0.02459810000000001,0.282507945,-0.02643977999999997,0.302733245,0.00789057999999998,0.15530566,0.02592599000000001,0.07759539999999998,0.04381871999999998,0.14980251999999994,0.09539291,-0.060474999999999945,0.037099360000000026,0.1426946,-0.030728699999999998,0.14861594,0.002299569999999973,0.18238681999999995,-0.010511909999999958,0.11154383000000001,-0.04221427999999999,0.006324140000000034,-0.03645487999999997,0.01760519000000005,0.04500631651261521,0.22825710537441107
0.04688557500000001,-0.32509923,0.051601644999999974,-0.33696547000000004,0.04268517500000002,-0.34617191,0.035272954999999995,-0.34666819000000004,0.0005690749999999745,-0.36936111000000005,0.0005894550000000165,-0.28563243000000005,-0.04143670500000002,-0.27747575,0.007434694999999991,-0.1309242100000001,0.0013007250000000026,-0.12883714000000002,0.03191312499999999,-0.05195151000000009,0.09630927499999997,-0.18926681,0.018191905000000008,-0.00906404999999999,-0.018191905000000008,0.00906404999999999,0.05379542500000001,0.13462828999999998,-0.016297375000000003,0.19234268999999993,0.02379846499999999,0.28229658999999996,-0.02743634500000003,0.30178048999999996,0.006845239999999975,0.15470821999999995,0.024478429999999995,0.0789727,0.04273743000000002,0.14863861,0.09500854999999997,-0.06042966999999999,0.03560352,0.14369233999999997,-0.029996960000000017,0.14766829999999997,0.0018945300000000054,0.18327863999999994,-0.011138970000000026,0.10943780000000003,-0.042026160000000035,0.008156680000000027,-0.036383810000000016,0.01812809999999998,0.04502894739542562,0.22901015315861434
0.048603385,-0.32639595499999996,0.052975985,-0.33861911499999997,0.04395771500000001,-0.347301835,0.036361435,-0.347775575,0.0011140150000000237,-0.369010175,0.0013728749999999956,-0.284938305,-0.039934484999999964,-0.275881055,0.007788094999999995,-0.12950673499999998,0.003157175000000012,-0.127453135,0.03270973500000002,-0.050272435000000004,0.09786725500000004,-0.18786613499999993,0.01807186500000002,-0.009247004999999975,-0.018071864999999965,0.009247004999999975,0.054895495000000016,0.13295726500000005,-0.015603425000000004,0.191589365,0.025447405000000034,0.28190876500000006,-0.028222764999999983,0.302699865,0.006415219999999999,0.15543157000000002,0.024921640000000023,0.07923429999999998,0.043091659999999976,0.14842792,0.09471008000000003,-0.06041299999999994,0.036823629999999996,0.14220427000000002,-0.029448089999999982,0.14895150000000001,0.0024684399999999607,0.18234236000000004,-0.012619339999999979,0.1111105,-0.04130735999999996,0.009057250000000017,-0.036143729999999985,0.01849400999999995,0.04355861734286113,0.22868202707478777
0.05040755999999996,-0.32936203,0.053793639999999976,-0.34157959,0.04579185999999996,-0.34992087,0.03571873999999997,-0.35020243999999995,0.002181469999999963,-0.3703317,0.0013476299999999886,-0.2855738,-0.03996173000000003,-0.2754559,0.008388989999999985,-0.1292139,0.003315929999999967,-0.1264965,0.031092399999999965,-0.05048520000000001,0.09851476999999997,-0.18810274999999999,0.01808071,-0.009618970000000004,-0.01808071,0.009618970000000004,0.05493843999999998,0.13157560000000001,-0.01579627,0.19256356000000008,0.024649050000000006,0.28052470000000007,-0.028566630000000037,0.30202070000000003,0.0070413599999999965,0.1563599,0.02270340999999998,0.07872869999999998,0.043277659999999996,0.14895939999999996,0.09519884,-0.061606249999999974,0.03685772999999998,0.14119457000000002,-0.03028938999999997,0.14894910000000006,0.0022844399999999987,0.18294459000000007,-0.012770360000000036,0.10945713999999995,-0.04130936000000002,0.010117900000000013,-0.03616142,0.01923794000000001,0.04288767691387585,0.22953950534970835
0.051977035000000005,-0.3312182000000001,0.05487933500000003,-0.34341114000000006,0.04741380500000003,-0.35171767000000004,0.03599846499999998,-0.35186000000000006,0.003603204999999998,-0.37164470000000005,0.001223854999999996,-0.28607654000000005,-0.03867109499999999,-0.27583226000000005,0.008430474999999993,-0.12824920000000006,0.003414744999999997,-0.12479810000000002,0.03135490499999999,-0.050460300000000013,0.09765004500000002,-0.18777736,0.017537234999999984,-0.009445600000000054,-0.017537234999999984,0.009445599999999943,0.053742135000000024,0.13329049999999998,-0.015302064999999976,0.19226849999999995,0.02402802500000001,0.28128529999999996,-0.029136834999999972,0.30113539999999994,0.007206619999999997,0.15782733999999998,0.022924429999999996,0.07778890000000005,0.042085839999999985,0.15103416000000003,0.09423530000000002,-0.06297925999999998,0.03620490000000004,0.14273610000000003,-0.029714110000000016,0.14799479999999998,0.0022351700000000085,0.1828229,-0.013834769999999996,0.10886689999999999,-0.039894949999999985,0.010244279999999995,-0.03507446999999997,0.018891199999999997,0.04327971372732145,0.2283965967893567
0.05362857999999998,-0.33136706999999993,0.05625928000000002,-0.34330406999999996,0.049564339999999985,-0.3518426499999999,0.03680072000000001,-0.35149868999999995,0.006334759999999995,-0.37189050999999995,0.0007093000000000238,-0.28531064999999994,-0.03624987000000002,-0.2756404499999999,0.008662710000000018,-0.12693014999999996,0.004561380000000004,-0.12301229999999996,0.030572480000000013,-0.049621519999999975,0.09774468000000003,-0.18645764999999992,0.016579520000000014,-0.009134409999999926,-0.016579520000000014,0.009134410000000037,0.05423798000000002,0.13363955000000005,-0.013412560000000018,0.19075370000000003,0.02543525000000002,0.28382275,-0.030982520000000013,0.30178875000000005,0.007953409999999994,0.15838049999999998,0.021909769999999995,0.07730862999999999,0.04081125000000002,0.15262814999999996,0.09318330000000002,-0.06344534999999996,0.037658460000000005,0.14277395999999998,-0.02880273,0.15018319999999996,0.0031669599999999964,0.18161929,-0.017569959999999996,0.11103505000000002,-0.03695917000000004,0.009670200000000018,-0.03315904000000003,0.018268819999999963,0.042837005097388685,0.22655303273336155
0.05615300000000001,-0.331654215,0.05817560000000005,-0.343318605,0.05214703000000004,-0.351965095,0.03760635000000001,-0.350413195,0.008353,-0.37076006499999997,0.001452150000000041,-0.283393615,-0.03511074999999997,-0.274163005,0.009434080000000011,-0.123984965,0.005324050000000025,-0.12102176499999995,0.03119329000000004,-0.047186905,0.09861773000000001,-0.185705715,0.016467330000000002,-0.009043035000000033,-0.016467330000000002,0.009043035000000033,0.05376485000000003,0.13560533500000005,-0.01300403,0.19243950499999996,0.026729230000000048,0.284893995,-0.030628249999999968,0.302816635,0.00798192999999997,0.15940864999999999,0.02175921000000003,0.07679806,0.04043479999999999,0.15314124000000007,0.09329367999999999,-0.06468395000000005,0.03729752000000003,0.14464837000000008,-0.027035619999999982,0.14928865999999996,0.0034633000000000025,0.18339646999999992,-0.017624219999999968,0.11037713000000005,-0.03656290000000001,0.009230609999999972,-0.032934660000000004,0.018086070000000065,0.040887757538149466,0.2262115086854913
0.057688344999999974,-0.3314513899999999,0.059176674999999956,-0.34257450999999994,0.05436839499999996,-0.3514944299999999,0.03754742499999997,-0.3490641499999999,0.010890054999999954,-0.37013256999999994,0.0013310749999999594,-0.2822989899999999,-0.03415839500000001,-0.2735125799999999,0.011179554999999952,-0.12142366999999987,0.008101804999999962,-0.11987262999999992,0.03177116499999999,-0.04626442999999991,0.100003925,-0.1857924299999999,0.016182224999999995,-0.009286469999999936,-0.01618222500000005,0.009286470000000047,0.05556912499999994,0.13046917000000013,-0.011393975000000056,0.19139577000000008,0.02763126499999996,0.2799656300000001,-0.02979551500000005,0.3030778700000001,0.009848479999999993,0.16087532000000004,0.020591610000000038,0.07515923999999996,0.04226019999999997,0.15363994999999997,0.09190212000000003,-0.06591979999999997,0.03938689999999995,0.13975564000000007,-0.02793785999999998,0.14949645999999994,0.004788249999999994,0.18210930000000003,-0.018401539999999994,0.1116821,-0.03548946999999997,0.008786410000000022,-0.032364450000000045,0.018572939999999982,0.04012959725794912,0.22705725858697512
0.05916146499999997,-0.3290743200000001,0.06075106499999999,-0.33942071000000007,0.057033414999999976,-0.3492545800000001,0.038482055000000015,-0.3462305500000001,0.015137214999999982,-0.36972979000000006,0.0004960450000000005,-0.2817403700000001,-0.03193385500000001,-0.2744401700000001,0.010326214999999972,-0.12194735000000012,0.009578395000000017,-0.11927265000000009,0.03266186500000001,-0.048875350000000095,0.101717485,-0.18522585000000003,0.015077455000000017,-0.008891750000000087,-0.015077455000000017,0.008891749999999976,0.05587167500000001,0.13250824999999988,-0.009880265,0.19133328999999988,0.028762385,0.28273804999999996,-0.027719305000000027,0.30423044999999993,0.009830169999999971,0.15979301999999995,0.02233565000000004,0.07307200000000003,0.04151225000000003,0.15516752,0.09213908999999998,-0.06595319999999993,0.04079421999999999,0.14139999999999997,-0.027109290000000008,0.15022980000000008,0.005197190000000018,0.1824415399999999,-0.017839040000000028,0.11289716000000005,-0.03242990000000001,0.007300199999999979,-0.030154910000000035,0.017783500000000063,0.0436795117189753,0.22654514040112095
0.060068224999999975,-0.32829829999999993,0.06170047499999998,-0.33807012,0.05894550500000001,-0.34849754999999993,0.03908377499999999,-0.34459768999999996,0.018921474999999965,-0.36977087999999997,0.0006850949999999689,-0.28089129999999995,-0.030261695000000033,-0.27479820999999993,0.010063025000000003,-0.11930604999999994,0.009941754999999997,-0.11661654999999993,0.03140124499999997,-0.04711725,0.10167369500000001,-0.1843667499999999,0.014562224999999984,-0.008609949999999977,-0.014562224999999984,0.008609950000000088,0.05576691499999997,0.1339815000000001,-0.00995489500000002,0.1927715900000001,0.028098824999999994,0.28234652000000005,-0.02859092499999999,0.30445275000000005,0.009377930000000034,0.16158525,0.021338219999999963,0.07218879999999994,0.04020345000000003,0.15818166,0.09173194000000001,-0.06775019999999998,0.04120468999999999,0.14259145000000006,-0.02766808999999998,0.14836501999999996,0.004607329999999965,0.18416164000000002,-0.01863602999999997,0.11168115999999995,-0.030946790000000002,0.006093090000000023,-0.02912444999999997,0.017219900000000066,0.04202814233166155,0.22527937287096747
0.06106416999999997,-0.32822484500000004,0.06266322999999996,-0.33776900500000007,0.060269329999999954,-0.3481573250000001,0.04001503000000001,-0.34404180500000003,0.021412229999999977,-0.36922228500000004,0.002559879999999959,-0.28131786500000006,-0.02851750000000003,-0.27572408500000006,0.01355934999999997,-0.11966552500000005,0.012176909999999985,-0.11710762500000005,0.03405682999999998,-0.05153266500000009,0.10125898,-0.18428512500000005,0.014721229999999974,-0.008391175000000084,-0.01472123000000003,0.008391174999999973,0.05635203,0.13233727499999992,-0.009519120000000048,0.19162812499999993,0.03001625999999996,0.280977775,-0.02770733000000003,0.30391397499999995,0.010999470000000011,0.16165234,0.020497480000000012,0.06813285999999996,0.040694410000000014,0.15861646000000001,0.08908207000000001,-0.0671775,0.04163080000000002,0.14072845,-0.026335770000000036,0.14864050000000006,0.005202109999999982,0.18323694999999995,-0.018188209999999982,0.11228585000000002,-0.031077379999999988,0.005593779999999993,-0.029442460000000004,0.016782350000000057,0.0472763533574672,0.2248901191545198
0.06370203499999999,-0.32657248,0.064196425,-0.33552375,0.06350602500000002,-0.3458535,0.03967024499999999,-0.34133145,0.025312855000000023,-0.3661252,0.0027259849999999863,-0.28019157,-0.025806214999999966,-0.27496314,0.01454220500000003,-0.11925410000000003,0.014692764999999997,-0.11711716999999999,0.03335885500000002,-0.05138235999999996,0.10308178499999998,-0.18331593000000002,0.013982135000000007,-0.008058549999999998,-0.013982135000000007,0.008058549999999998,0.05529432500000003,0.13217807000000004,-0.008364755000000001,0.18939227000000003,0.033127834999999994,0.28337513999999997,-0.025632034999999997,0.3052724,0.011816220000000044,0.16093746999999997,0.01881664999999999,0.06787174000000007,0.04049897999999996,0.15784597,0.08838901999999998,-0.06619876000000002,0.041312190000000026,0.14023662000000003,-0.02216649000000004,0.15119706999999993,0.005617380000000005,0.18133372000000003,-0.017267279999999996,0.11588012999999997,-0.028532199999999952,0.005228430000000006,-0.027964270000000013,0.016117099999999995,0.04745955953097855,0.22433937006472315
0.06636884499999995,-0.32490672,0.06639310500000001,-0.33405341,0.06643855499999995,-0.34444818,0.04082140499999998,-0.3399461,0.02835544499999998,-0.3646778,0.0035835149999999816,-0.2792028,-0.02318948500000001,-0.27445942999999995,0.019619344999999955,-0.11989178,0.016430434999999965,-0.11511642999999994,0.04243966499999996,-0.06849551999999992,0.10307082499999998,-0.18062062,0.01333084499999998,-0.007829479999999944,-0.013330845000000036,0.007829480000000055,0.05390161499999996,0.13173036999999999,-0.00882348500000002,0.18939088999999998,0.037101234999999955,0.28371692000000004,-0.025069615000000045,0.30636262000000003,0.016035829999999973,0.15931101999999997,0.022820320000000005,0.05139626000000008,0.039619919999999975,0.159343,0.08664039000000001,-0.06550419000000007,0.04057076999999998,0.13955984999999993,-0.016800380000000004,0.15198655000000005,0.004507360000000016,0.18156140999999992,-0.016246130000000025,0.11697173000000005,-0.02677299999999999,0.0047433700000000245,-0.026661690000000016,0.01565896,0.06728812533481666,0.22150121663051633
0.06899359,-0.32148749,0.06893264999999998,-0.33036503,0.06968277,-0.34109479,0.04289794000000002,-0.33664903,0.032803320000000025,-0.3621977,0.004852740000000022,-0.27817562,-0.018775810000000004,-0.27468395,0.020405490000000026,-0.11628117999999998,0.022002789999999994,-0.11533004999999996,0.039887989999999984,-0.05795410000000001,0.10759078999999999,-0.17873421,0.012486339999999985,-0.007360189999999989,-0.012486339999999985,0.007360189999999989,0.053013619999999984,0.13329121,-0.00780692999999999,0.19018245,0.042244369999999976,0.2844567,-0.022514309999999982,0.30880025,0.015552750000000004,0.16189444000000003,0.019482499999999958,0.058327079999999976,0.0407786,0.15935390000000005,0.085588,-0.06340416000000004,0.04052728,0.14065139999999998,-0.010769250000000008,0.15116549,0.004679409999999995,0.18282226000000001,-0.014707379999999992,0.1186178,-0.023628550000000026,0.0034916700000000023,-0.02497267999999997,0.014720379999999977,0.05753776283286136,0.22147153961716365
0.07020555,-0.32144919999999993,0.07018799999999997,-0.33068069999999994,0.07118965,-0.3414054999999999,0.04359639999999998,-0.3373647299999999,0.03525619000000002,-0.36277871999999994,0.0032470499999999736,-0.27972595999999994,-0.015118430000000016,-0.27525137999999993,0.019336089999999972,-0.11959859999999989,0.02606491999999999,-0.11592999999999987,0.04372134999999999,-0.06449289999999996,0.11130495000000001,-0.17750329999999992,0.010707899999999992,-0.007480799999999954,-0.010707899999999992,0.007480800000000065,0.051043879999999986,0.13488153000000014,-0.006190580000000001,0.19285730000000012,0.04387850999999998,0.28364180000000005,-0.020600449999999992,0.3086401000000001,0.01608904,0.16012736000000005,0.02438526000000002,0.055105699999999924,0.04118335000000001,0.15932138000000007,0.08524003000000002,-0.06157330000000005,0.040335979999999994,0.1423623300000001,-0.007165370000000004,0.14876026999999992,0.004517319999999991,0.18537650000000006,-0.014409869999999991,0.11578279999999996,-0.01836547999999999,0.004474580000000006,-0.021415799999999985,0.01496160000000002,0.06588070603228613,0.22159930689858326
0.07225102500000002,-0.31720080000000006,0.07169044500000005,-0.3267600500000001,0.07316616500000006,-0.3371521500000001,0.043698735000000044,-0.33387482000000007,0.03802668500000006,-0.3577464800000001,0.0021898550000000183,-0.27990996000000007,-0.010516074999999958,-0.27266085000000007,0.024617765000000014,-0.1295248000000001,0.03083164500000002,-0.11341604000000005,0.06854966500000004,-0.0999432400000001,0.11530864500000004,-0.17348083000000003,0.008740385000000017,-0.007826100000000058,-0.008740384999999962,0.007826099999999947,0.04929848500000006,0.13491335999999987,-0.005109364999999977,0.19355926999999995,0.04806513500000004,0.28542709999999993,-0.018910314999999955,0.3123697999999999,0.022427909999999995,0.15038515999999996,0.043931900000000024,0.029581560000000007,0.04134771999999998,0.15924481000000001,0.08447700000000002,-0.06006478999999998,0.04055810000000004,0.14273945999999993,-0.001233350000000022,0.15051374000000006,0.003631019999999985,0.18573317,-0.013800949999999979,0.11881052999999997,-0.012705929999999976,0.007249110000000003,-0.01748076999999998,0.015652200000000005,0.109830403149119,0.21968241784440964
0.074669665,-0.31742976500000003,0.074484565,-0.32711736500000005,0.07597006499999998,-0.33788821500000005,0.046245414999999956,-0.33429232500000006,0.041637755,-0.35897036500000007,0.001267774999999971,-0.28062276500000005,-0.005906065000000016,-0.27312690500000003,0.02951121499999998,-0.13948516500000008,0.034958135,-0.1143159250000001,0.093564115,-0.13479500500000008,0.11840261499999999,-0.17308253500000004,0.006503084999999964,-0.007905905000000102,-0.0065030850000000195,0.00790590499999999,0.04834933499999999,0.13379067499999997,-0.0034698150000000427,0.193675575,0.05002395499999995,0.28319829499999993,-0.017137385000000005,0.31162333499999995,0.02824344000000001,0.14113759999999997,0.06405290000000002,0.004690159999999999,0.04086420000000002,0.15881097999999993,0.08344447999999999,-0.05876660999999994,0.04184625000000003,0.14169658000000007,0.00167461999999996,0.14940761999999996,0.003033269999999977,0.18576967,-0.013667569999999962,0.11794775999999996,-0.007173839999999987,0.007495860000000021,-0.013006169999999984,0.015811810000000093,0.15388458871333055,0.21990509158753832
0.075978465,-0.3173163,0.07507934500000002,-0.32689147,0.07756129499999997,-0.33726484,0.04557804500000001,-0.33433187,0.044388445,-0.35775597,-0.0003788149999999768,-0.28201479,-0.0018247550000000112,-0.27330175,0.030286745000000004,-0.14593062,0.03881362500000002,-0.11471867000000002,0.10661874500000001,-0.15485212000000004,0.12092027500000002,-0.17261550000000003,0.004626514999999998,-0.007893770000000022,-0.004626514999999998,0.007893770000000022,0.047446814999999976,0.13338663000000006,-0.0024296950000000095,0.19245363000000004,0.05004951499999999,0.28218213000000003,-0.018188925000000022,0.31158003,0.03066555999999998,0.13608417,0.07633200000000001,-0.008921500000000027,0.04063838000000003,0.15858308,0.08210665,-0.05789683000000001,0.04282029999999998,0.14128040000000008,0.0026027000000000133,0.14879549999999997,0.0021968199999999882,0.18455986000000002,-0.015759230000000013,0.11912639999999997,-0.0014459400000000344,0.008713040000000005,-0.009253029999999995,0.015787540000000044,0.1788831227788005,0.21987631303811928
0.08046136999999998,-0.31422679500000006,0.07825978999999994,-0.323753355,0.08221509999999999,-0.33338739500000003,0.046601869999999934,-0.33193284500000003,0.04936486999999995,-0.35317116500000006,0.000379349999999945,-0.28136026500000005,0.003492369999999967,-0.27110379500000004,0.03344400999999997,-0.14813039500000003,0.04402791999999994,-0.11362129500000007,0.11831992999999996,-0.16503426500000007,0.12484466999999994,-0.16836336500000004,0.003086829999999985,-0.008094044999999994,-0.0030868300000000404,0.008094044999999994,0.04658850999999997,0.13406540499999997,-0.000445370000000056,0.1943786449999999,0.04941242999999995,0.2848644549999999,-0.017209350000000068,0.31380650499999996,0.033064660000000023,0.13322987000000003,0.08487592,-0.016903870000000043,0.040535549999999976,0.15748249999999997,0.08081674999999999,-0.054742069999999976,0.04350167999999999,0.14215944999999997,0.0028239199999999798,0.15079904999999993,0.0026414599999999844,0.1862845999999999,-0.01676398000000001,0.11942786000000005,0.003113020000000022,0.010256470000000018,-0.006173660000000025,0.01618808999999999,0.1947020800845703,0.21795340381870182
0.08333368499999999,-0.308488195,0.080606485,-0.31827745500000004,0.085454015,-0.32711380500000004,0.047720135,-0.327999085,0.05413328500000003,-0.34697693500000004,-0.0016184449999999684,-0.282172205,0.01079612499999999,-0.26598388500000003,0.028331085000000034,-0.15513828500000004,0.050842845000000025,-0.11076193499999998,0.11101010500000003,-0.15963893500000004,0.127155085,-0.16432449500000001,0.0001414450000000178,-0.008987634999999994,-0.0001414449999999623,0.008987634999999994,0.045409785000000036,0.13458076499999994,0.0036553149999999923,0.19688460499999993,0.049060555000000006,0.284886065,-0.017448454999999974,0.317789165,0.029949530000000002,0.12703391999999997,0.08267901999999999,-0.004500649999999995,0.040046720000000036,0.15522195000000005,0.07631223999999998,-0.05356256000000004,0.04526834000000002,0.14356839999999993,0.00365076999999997,0.15030530000000009,0.0037967599999999546,0.18789696999999994,-0.021103769999999966,0.12090456000000005,0.012414569999999958,0.01618831999999998,-0.0002828899999999801,0.017975269999999988,0.18704992371526274,0.21503837089035482
0.08545510499999998,-0.30544197000000006,0.08236400500000002,-0.31526157000000005,0.088126015,-0.32413057000000006,0.048425365,-0.32636713000000006,0.057772145,-0.34518471000000006,-0.004136334999999991,-0.28307067,0.01696763499999998,-0.26565247000000003,0.02592233500000002,-0.1595709700000001,0.05734102499999999,-0.11419191000000006,0.10603083499999999,-0.15332463000000007,0.13160328500000001,-0.16249527000000008,-0.002813734999999984,-0.00888553000000003,0.002813734999999984,0.00888552999999992,0.041130885000000006,0.13703062999999993,0.0066255450000000105,0.19846472999999998,0.049516245000000014,0.28655982999999996,-0.016768335000000023,0.31964722999999995,0.03005867000000001,0.12349969999999993,0.08010849999999997,0.006246340000000017,0.04037339000000001,0.15146055999999997,0.07426226000000002,-0.04830336000000002,0.04394461999999999,0.14591615999999996,0.008385360000000008,0.14952920000000003,0.0038118100000000266,0.18957920000000006,-0.023393880000000034,0.12118249999999997,0.021103969999999972,0.017418199999999995,0.005627469999999968,0.01777105999999995,0.1808584917201703,0.21437846626432072
0.09025350999999998,-0.30579476000000005,0.08787007000000002,-0.31606684000000007,0.09242066999999998,-0.3250394000000001,0.05477197,-0.32683686000000006,0.06066642,-0.34603486000000006,-0.00044372999999997553,-0.2817348300000001,0.02232377000000002,-0.2666809400000001,0.03377424000000001,-0.15510995000000005,0.06513827,-0.11597617000000005,0.11763343999999998,-0.15394647000000006,0.13678594,-0.16080315000000012,-0.003588749999999974,-0.008408200000000088,0.0035887500000000294,0.008408199999999977,0.03621871999999998,0.1392398399999999,0.008511370000000018,0.20242433999999987,0.05170421000000003,0.28670255999999994,-0.014311359999999995,0.3185047999999999,0.034217969999999986,0.12662488000000005,0.08385919999999997,0.0011634799999999945,0.04281449999999998,0.15070477000000004,0.07164767,-0.04482698000000007,0.039807469999999956,0.14764803999999998,0.015485490000000046,0.14746272000000005,0.004922619999999989,0.1940161399999999,-0.022822730000000013,0.11608046000000005,0.022767499999999996,0.015053890000000014,0.007177500000000003,0.016816400000000065,0.1894101564937556,0.21534616874399837
0.09016013,-0.3046217599999999,0.08746865999999998,-0.3149254999999999,0.09251653999999998,-0.3239427599999999,0.05361252999999999,-0.3268415699999999,0.06139635999999998,-0.3456992199999999,-0.0036098900000000045,-0.2847254899999999,0.025707900000000006,-0.26719483999999993,0.029935539999999983,-0.1639842199999999,0.07005415999999998,-0.11914155999999987,0.11478888999999998,-0.1508669199999999,0.14260349,-0.15917638999999995,-0.005613089999999987,-0.008524919999999936,0.005613089999999987,0.008524920000000047,0.03320955999999997,0.14071958000000007,0.008456799999999987,0.20219942000000013,0.05122315999999999,0.28655618000000005,-0.01758354000000001,0.3193962800000001,0.03354542999999999,0.12074127000000001,0.08485335,0.013117299999999998,0.04434625999999997,0.14805328000000006,0.07254933000000002,-0.04003483000000008,0.03882264999999996,0.1492445,0.01801360000000002,0.14583659999999998,0.0028437099999999993,0.19367450000000008,-0.026040339999999995,0.11719685999999996,0.02931779000000001,0.01753064999999998,0.011226179999999975,0.017049839999999983,0.18643465812965246,0.21654121794216477
0.09253904999999996,-0.30522187999999995,0.08960068999999998,-0.31560479999999996,0.09566008999999998,-0.3241611999999999,0.055305309999999996,-0.3287975799999999,0.06686812999999997,-0.34681456999999993,-0.0009434500000000123,-0.28952302999999996,0.03080252,-0.27033034999999994,0.03284546999999999,-0.17287334999999993,0.08087983999999998,-0.1269163499999999,0.10838886999999997,-0.1495736499999999,0.15123581999999997,-0.15912934999999995,-0.006078130000000015,-0.008739849999999993,0.006078129999999959,0.008739850000000104,0.03415083999999996,0.13501135000000009,0.009208269999999963,0.19981755,0.05148136999999997,0.28165850000000003,-0.013859860000000002,0.31624815000000006,0.03378892,0.11664968000000003,0.07554339999999998,0.023299700000000034,0.05007731999999998,0.14341400000000004,0.07035597999999998,-0.03221300000000005,0.040228969999999975,0.14375120000000008,0.01733053000000001,0.14664714999999995,0.0031301400000000035,0.1910776999999999,-0.023068129999999964,0.11643060000000005,0.03174597000000001,0.019192680000000018,0.012156259999999974,0.017479700000000098,0.18148513248043202,0.22192526506636445
0.09546963999999997,-0.3034093,0.09171644999999995,-0.314209,0.09822948999999997,-0.32182025000000003,0.05656013999999998,-0.32681256000000003,0.07002488999999995,-0.3422149,0.0013981599999999816,-0.287501,0.03569213999999998,-0.26652797,0.033931569999999966,-0.17322170000000003,0.08821640999999997,-0.12605264000000005,0.10519296999999994,-0.1462595,0.15729195999999995,-0.15407550000000003,-0.006589910000000032,-0.008865699999999976,0.006589909999999977,0.008865699999999976,0.034128489999999956,0.1360249,0.010524969999999967,0.20164320000000002,0.05235078999999998,0.28218213999999997,-0.01404335000000001,0.3189225,0.032533409999999985,0.11427929999999997,0.07126139999999997,0.026962200000000047,0.052524269999999984,0.14047532999999995,0.06907554999999999,-0.028022859999999983,0.04071839999999999,0.14489059999999998,0.018222300000000025,0.14615723999999997,0.00393505999999999,0.19277750000000005,-0.024568319999999977,0.11727929999999998,0.03429398,0.020973030000000004,0.013179820000000009,0.017731399999999953,0.17712274992087942,0.22194806268954567
0.09851154000000001,-0.29597231000000007,0.09488117000000001,-0.3071598300000001,0.10106948000000004,-0.31385164000000004,0.060112810000000017,-0.3215899400000001,0.07355201,-0.33475729000000004,0.0031367500000000215,-0.28668969000000005,0.042138869999999995,-0.2619638000000001,0.033238210000000046,-0.17702560000000006,0.09695318000000003,-0.12335517000000007,0.10751149000000004,-0.14573937000000003,0.16440674,-0.1485715700000001,-0.007937939999999977,-0.009369330000000065,0.007937940000000032,0.009369329999999954,0.033296340000000035,0.1377322299999999,0.011562139999999999,0.20476918,0.053422899999999995,0.28510342999999994,-0.01275664999999998,0.32318172999999994,0.030101460000000024,0.10966408999999999,0.07427328,0.031286230000000026,0.05481431000000003,0.13860863,0.06745355999999997,-0.025216400000000028,0.04123428000000001,0.14710155999999996,0.02012655999999996,0.14737120000000004,0.0036241999999999663,0.19539985000000004,-0.02431878999999998,0.11841254999999995,0.039002119999999973,0.024725889999999973,0.01587588000000001,0.018738660000000018,0.1786766876146032,0.22232366780495955
0.10317639,-0.29702752000000004,0.09882912999999999,-0.30836810000000003,0.10559869,-0.31451987000000003,0.06311775000000003,-0.32259190000000004,0.07775534,-0.33447990000000005,0.0070919500000000135,-0.2870628,0.04676539000000002,-0.26319932,0.04519213,-0.17579770000000006,0.10570196999999998,-0.125772,0.12352019000000003,-0.14966120000000005,0.17193369000000003,-0.14684286000000002,-0.008056059999999976,-0.00930350000000002,0.008056059999999976,0.00930350000000002,0.03216529000000001,0.13655964999999992,0.01171831000000001,0.20704195999999997,0.05617032999999999,0.283146,-0.012591350000000001,0.3222845,0.038100179999999984,0.11126509999999995,0.07832806000000003,0.026136500000000007,0.05893657999999996,0.13742732000000002,0.06623172000000005,-0.021070860000000025,0.04022134999999999,0.14586314999999994,0.024005039999999978,0.1465863500000001,0.0036622500000000335,0.19773845999999995,-0.02430966000000001,0.11524254,0.039673440000000004,0.023863479999999992,0.016112119999999952,0.01860700000000004,0.19238657311089177,0.22635715883458718
0.103914815,-0.28634560499999995,0.09984483499999997,-0.29771696499999994,0.10649998499999996,-0.30330461499999994,0.06571306499999996,-0.314414535,0.08119303499999997,-0.32547546499999996,0.011194454999999992,-0.282124705,0.05213923499999995,-0.26048826499999994,0.055240264999999955,-0.17156410499999997,0.11108501499999995,-0.12603831499999996,0.14486913499999998,-0.14713996499999993,0.17842279500000002,-0.138254365,-0.008730365000000018,-0.008826664999999956,0.008730364999999962,0.008826665000000067,0.03232948499999999,0.13685463500000006,0.013385074999999969,0.20745293500000006,0.05586849499999996,0.288567535,-0.011995025000000048,0.32812773500000003,0.04404580999999996,0.11056060000000001,0.08962887000000003,0.02442414000000004,0.05894578,0.13444994999999998,0.06733778000000007,-0.012216050000000034,0.04105985000000001,0.1456813,0.02353900999999997,0.15171289999999993,0.004654710000000006,0.19862627,-0.025380100000000017,0.12067479999999997,0.04094477999999996,0.021636440000000035,0.01746072999999998,0.017653330000000023,0.20669633609994154,0.22456257521048748
0.109323365,-0.2784013,0.10439194499999999,-0.29004128,0.11212886499999997,-0.29501847999999997,0.06885318499999998,-0.30757971,0.08853978499999998,-0.31682201,0.014681224999999964,-0.27841534,0.05987123499999997,-0.25591337999999997,0.05731881499999997,-0.17120818,0.11725816499999997,-0.12448238,0.143607145,-0.14510347999999995,0.183745755,-0.13126843,-0.009963985000000009,-0.00858148000000003,0.009963985000000009,0.00858148000000003,0.031495465,0.14134586999999998,0.01475398499999997,0.21012885999999997,0.05773980499999998,0.29562445000000004,-0.011184114999999994,0.33292462,0.04263759,0.10720716000000002,0.08628833000000002,0.026104700000000036,0.05738693,0.13143099999999996,0.06648759000000004,-0.006786049999999988,0.04145945000000001,0.14992735000000001,0.026244339999999977,0.15427858000000005,0.004789999999999961,0.20154737999999994,-0.025938099999999964,0.12279576000000003,0.04519001,0.022501960000000043,0.019927970000000017,0.01716296000000006,0.20548077392660577,0.2230652391372107
0.11382015000000001,-0.27731872,0.10810574,-0.28967687,0.11618684000000001,-0.2933476,0.07163481999999999,-0.3086184,0.09293403,-0.31453541,0.01784638999999999,-0.28125677,0.06676666999999997,-0.255772,0.06189243999999999,-0.17398584,0.12878544999999997,-0.12578756999999996,0.14675797000000002,-0.14512057,0.19252906999999997,-0.12878117,-0.01088817000000003,-0.009199500000000027,0.010888169999999975,0.009199500000000027,0.03125422,0.13873283000000003,0.01624188999999998,0.21178668999999994,0.056881740000000014,0.29260372999999995,-0.010431599999999985,0.33331263,0.04404605,0.10727092999999999,0.08486553000000002,0.02886527,0.062018779999999996,0.12998443000000004,0.06374362,-0.0029936000000000407,0.04214239000000003,0.14793233000000006,0.025627520000000015,0.15387089999999992,0.005353720000000006,0.20258718999999992,-0.026673489999999966,0.12152594000000005,0.04892027999999998,0.02548476999999999,0.021776340000000005,0.018399000000000054,0.20815100943027998,0.22810541827510128
0.12155003000000003,-0.28244492,0.11396645,-0.29545992,0.12246216000000004,-0.29791577999999996,0.07499574000000003,-0.3108603,0.09723456000000003,-0.31280561999999995,0.02441268000000002,-0.27791692999999995,0.07287052999999999,-0.25226918,0.07064910000000002,-0.17338680999999995,0.13772101000000003,-0.1257299799999999,0.15173505000000004,-0.14604552999999998,0.19655884,-0.12284257999999992,-0.01053647999999996,-0.008744319999999917,0.010536480000000015,0.008744320000000028,0.03044522999999999,0.14230869000000002,0.018216580000000038,0.21167252000000003,0.058673450000000016,0.29654442000000003,-0.00905471999999996,0.33551452000000004,0.04623642,0.10453012,0.08108595000000002,0.027341279999999968,0.06485048000000004,0.12653920000000007,0.05883782999999998,0.0028873999999999844,0.04098170999999995,0.15105300999999993,0.028228220000000026,0.15423573000000002,0.007680100000000023,0.2029282,-0.0272713,0.12384200000000001,0.04845784999999997,0.02564774999999997,0.021072959999999974,0.017488639999999944,0.21256451189228415,0.22785835659808396
0.12044379499999996,-0.28055448999999993,0.11367360499999996,-0.29413743,0.12226141499999998,-0.29640660999999996,0.07551836499999998,-0.31197347,0.10089770499999995,-0.31397886999999997,0.018750434999999954,-0.28048048999999997,0.08019196499999998,-0.25509832999999993,0.050988744999999946,-0.17484510999999997,0.14128296499999998,-0.13023686999999995,0.141340945,-0.14388206999999997,0.19967002499999997,-0.12433583999999998,-0.014594065000000045,-0.008499069999999942,0.01459406499999999,0.008499070000000053,0.030699384999999968,0.1441018300000001,0.01686356499999997,0.21069553000000008,0.05831446499999998,0.29673413000000004,-0.008683135000000008,0.33318113000000005,0.03223830999999999,0.10563538,0.09035220000000005,0.030963039999999997,0.061091000000000006,0.12486145999999998,0.05838705999999999,0.005901029999999974,0.04529345000000001,0.15260090000000004,0.027615080000000014,0.15263229999999994,0.00226949999999998,0.20219646000000002,-0.025546699999999978,0.12248559999999997,0.06144153000000002,0.025382160000000042,0.029188130000000034,0.016998139999999995,0.206504924959915,0.22781181770186923
0.12611023999999998,-0.27435901499999993,0.11869743999999999,-0.2893352149999999,0.12786451999999998,-0.2906687149999999,0.07969288000000002,-0.3123655149999999,0.10868566000000002,-0.3111075549999999,0.02000506000000002,-0.28296066499999994,0.09155981000000002,-0.25501547499999994,0.04185549999999999,-0.18097139499999992,0.15109003999999998,-0.1310266149999999,0.1354842,-0.15027667499999997,0.21025929999999998,-0.12439011499999997,-0.017817240000000012,-0.008776114999999973,0.017817240000000012,0.008776115000000084,0.03420314000000002,0.1466015450000001,0.018666440000000006,0.21362494500000007,0.05750491000000002,0.2936424550000001,-0.007744509999999982,0.3324466850000001,0.02185043999999997,0.10198927000000002,0.09362870000000001,0.030694719999999953,0.05953022999999996,0.12398886000000003,0.05916926,0.006636499999999934,0.05202038000000003,0.15537766000000008,0.02330177,0.14704090999999997,0.0008491999999999944,0.20484882999999998,-0.02641094999999999,0.11882174000000001,0.07155475,0.02794519000000001,0.035634480000000024,0.017552230000000058,0.20862344064459104,0.23402391174718987
0.13074978999999998,-0.27315830499999993,0.12302979999999997,-0.288840265,0.13199941999999998,-0.289317395,0.08289352,-0.30974544499999995,0.11195881999999996,-0.30636101499999996,0.014077899999999977,-0.274379695,0.09931736999999996,-0.25047981499999994,-0.015523339999999997,-0.16174124499999998,0.15419688999999998,-0.13553144499999992,0.02388056999999999,-0.10729718499999996,0.21145877999999996,-0.120600245,-0.02017218000000004,-0.007420894999999983,0.020172179999999984,0.007420894999999983,0.036178799999999955,0.151935155,0.017730749999999962,0.213530655,0.05930457,0.2964162250000001,-0.010469200000000012,0.33251625500000004,-0.029601239999999973,0.11263845,0.039403909999999986,0.054444060000000016,0.054879520000000015,0.11494837000000002,0.05726188999999998,0.014931199999999922,0.056350979999999995,0.15935604999999997,0.023125770000000045,0.1444810700000001,-0.002441430000000022,0.20610976000000003,-0.028199949999999974,0.11898560000000002,0.08523946999999998,0.02389988000000004,0.040344360000000024,0.014841789999999966,0.10916005719459201,0.23017379439558183
0.13444600499999998,-0.26802022,0.12656636500000001,-0.28388096,0.135547765,-0.28394554,0.08633530499999997,-0.3040593,0.11575533500000001,-0.29953385,0.017803805000000006,-0.2686513,0.10344852500000001,-0.24370336999999997,-0.01729725500000001,-0.15817404999999995,0.158619055,-0.12938150000000004,0.009096104999999965,-0.10076149999999995,0.21521710500000002,-0.11404305999999997,-0.02010865500000003,-0.007248000000000032,0.020108654999999975,0.007248000000000032,0.03465480500000001,0.15443229999999997,0.017736804999999967,0.21463584000000002,0.059064165,0.29822289999999996,-0.009638175000000027,0.3363102,-0.03510106000000002,0.11047725000000003,0.026393359999999977,0.05741255000000001,0.055170529999999995,0.11432186999999994,0.05659805000000001,0.015338440000000064,0.05476346000000004,0.1616803,0.02440935999999999,0.1437906,-0.0023718500000000087,0.20738784,-0.027374979999999993,0.12167435999999998,0.08564472000000001,0.024947930000000007,0.040217310000000006,0.014496000000000064,0.09796781455614688,0.22973643267302232
0.13895543,-0.26499611500000003,0.13019696999999997,-0.280721445,0.14020834999999998,-0.280333545,0.08864707999999999,-0.30003601500000004,0.12095922999999997,-0.294059165,0.022236659999999964,-0.26628429500000006,0.10795895,-0.23974464500000003,-0.015037410000000029,-0.16357538500000002,0.16422193000000002,-0.126723845,-0.005242250000000004,-0.11148018500000001,0.21692842999999995,-0.11163634500000008,-0.01973627,-0.006898104999999988,0.01973627,0.006898104999999988,0.03424398000000001,0.15628225499999993,0.01851788999999998,0.21348028499999994,0.060465029999999975,0.30014155499999995,-0.008926870000000031,0.33838605499999996,-0.03727406999999999,0.10270891000000004,0.009795160000000025,0.05209520000000001,0.05626298000000002,0.11302080000000003,0.052706499999999934,0.01508749999999992,0.05398025000000001,0.1631803599999999,0.026221049999999968,0.14385930000000002,-0.001218380000000019,0.20658217999999995,-0.027444760000000012,0.12490577000000003,0.08572229000000003,0.026539650000000026,0.03947254,0.013796209999999975,0.10558166542012302,0.23007643034928218
0.14103886999999998,-0.2602332,0.13253837999999996,-0.27614245,0.14266058999999998,-0.27556428,0.09163975999999996,-0.29594510999999996,0.12547403999999995,-0.28987398,0.025276249999999945,-0.26246798,0.11233255999999997,-0.23731942,-0.015303610000000023,-0.14972231000000003,0.16701254999999998,-0.12164827999999994,-0.004039160000000042,-0.08665935000000002,0.22130591,-0.10361907999999997,-0.020178310000000033,-0.006847880000000028,0.020178309999999977,0.006847880000000028,0.03498604999999999,0.15571638,0.019223309999999993,0.21519332000000002,0.06019473999999997,0.29759962000000006,-0.008477390000000029,0.34006002,-0.04057985999999997,0.11274566999999996,0.011264449999999981,0.06306296,0.05467999000000001,0.11567114000000006,0.05429336000000001,0.018029199999999967,0.05516436000000002,0.16256426000000002,0.025208689999999978,0.14188324000000008,-0.0009549999999999836,0.20834544,-0.027700700000000023,0.1248667,0.08705631000000003,0.025148559999999986,0.04035662000000001,0.013695760000000057,0.08142691757817803,0.22946734132203128
0.13879909,-0.25340221999999996,0.13042249,-0.26957477999999996,0.14039435,-0.26875512999999995,0.09121676000000001,-0.28929344999999995,0.12249999,-0.28306876999999997,0.024848839999999983,-0.25535091,0.11225785999999999,-0.23014496999999995,-0.016297649999999997,-0.15153359999999994,0.16684709000000003,-0.10861325,-0.0012016100000000196,-0.10318204999999991,0.21675929,-0.09616987999999993,-0.020235190000000014,-0.004456349999999998,0.020235190000000014,0.004456349999999998,0.027959960000000006,0.16812595000000008,0.01016939,0.2117699500000001,0.056211089999999964,0.31376309,-0.01082751000000004,0.34418095000000004,-0.04114648999999998,0.10381731000000005,0.015096039999999977,0.04835155000000002,0.054589230000000044,0.12153171999999995,0.04991219999999996,0.012443370000000065,0.04819515000000002,0.17258230000000008,0.028251129999999958,0.14563713999999994,-0.010065800000000014,0.2073136000000001,-0.02099690000000004,0.13241099999999995,0.08740902,0.025205940000000038,0.04047038000000003,0.008912699999999996,0.10054372684611598,0.22078804325602164
0.14476705500000003,-0.24632268000000002,0.13702245500000004,-0.26300447000000005,0.14672891500000002,-0.26158805,0.09791975500000005,-0.28792526,0.13229795500000002,-0.28005873000000003,0.02957383500000005,-0.2620073,0.12124873500000005,-0.23325680000000004,-0.008728244999999968,-0.14982714000000008,0.17600319500000006,-0.11001696000000005,0.023397905000000052,-0.10392625,0.22908709500000002,-0.09385220000000005,-0.021812514999999977,-0.007153100000000023,0.021812515000000032,0.007153100000000023,0.035861555000000045,0.16239545999999994,0.01739911500000002,0.22027955999999993,0.061151215000000037,0.3007177,-0.00801474499999999,0.3425117,-0.038302080000000016,0.11218015999999992,0.03212615000000002,0.04590089000000008,0.054754460000000005,0.12323983999999999,0.05308389999999996,0.01616476,0.05767407000000002,0.16954855999999996,0.02528965999999999,0.13832224000000004,-0.004413400000000012,0.2131264599999999,-0.02541386000000001,0.12223214000000004,0.0916749,0.028750499999999957,0.04362503000000001,0.014306200000000047,0.10681303589683656,0.2305749816052609
0.14697631500000002,-0.2433703699999999,0.13850330500000002,-0.2607594299999999,0.14894288500000002,-0.2583790899999999,0.09856184500000004,-0.2853782099999999,0.13567876500000003,-0.27526749999999994,0.031016665,-0.2571701899999999,0.124982115,-0.2302734099999999,-0.012352174999999965,-0.1409967499999999,0.17636276500000003,-0.10728700999999996,0.024386524999999992,-0.11029084999999994,0.230451815,-0.08863670999999995,-0.022528565,-0.006816949999999933,0.022528565,0.006816950000000044,0.03543296500000004,0.16242925000000008,0.016263744999999996,0.2204761500000001,0.06077366500000003,0.29994361000000014,-0.007160964999999964,0.3432905500000001,-0.043368839999999964,0.11617344000000002,0.03673869999999996,0.030705899999999953,0.05138065000000003,0.12298639999999994,0.05408904999999997,0.01865030000000001,0.05796153000000004,0.1692462,0.025340699999999994,0.13751436000000006,-0.006264820000000004,0.21365920000000005,-0.02342470999999996,0.12281439999999999,0.09396545,0.02689678000000001,0.04505713,0.013633899999999977,0.11361282344400257,0.22878697318238664
0.14823980500000006,-0.24037878000000007,0.14033405500000007,-0.2577009500000001,0.14981822500000003,-0.25547762000000007,0.10148091500000006,-0.2830613700000001,0.13486881500000003,-0.27335100000000007,0.03250147500000006,-0.25428105000000006,0.12395397500000005,-0.22873701000000007,-0.01239915499999994,-0.14265265000000005,0.17401532500000005,-0.10887225000000011,0.021267605000000023,-0.11754291000000006,0.2277956750000001,-0.0842664500000001,-0.021805574999999966,-0.006483050000000046,0.02180557500000002,0.006483049999999935,0.03473377500000002,0.1637934499999999,0.015037605000000065,0.22085454999999987,0.05908857500000003,0.3025895499999999,-0.007519224999999963,0.3446460499999999,-0.04490063,0.11162840000000002,0.03366675999999996,0.02510973999999999,0.050061350000000004,0.11986475999999996,0.05378035000000003,0.02460580000000001,0.05653934999999999,0.17027649999999994,0.02435480000000001,0.13879609999999998,-0.0067679699999999565,0.21437149999999994,-0.022556830000000028,0.12379150000000005,0.09145249999999999,0.02554403999999999,0.04361114999999999,0.01296609999999998,0.11912007109858523,0.2250941870601283
0.15100660500000002,-0.24005913,0.14298682500000004,-0.25798331999999996,0.152383235,-0.25499287,0.10394402500000005,-0.28372116999999997,0.13797566500000003,-0.27208149,0.034159965000000014,-0.25616061,0.12790416500000001,-0.22774772999999998,-0.0065545349999999725,-0.14627747000000002,0.17559361500000004,-0.10928967,0.03533353500000003,-0.11419312999999998,0.22922420500000007,-0.08024083999999998,-0.02270963499999995,-0.0071319300000000085,0.022709635000000006,0.0071319300000000085,0.03440784500000005,0.16292463000000001,0.016835665000000055,0.22268688999999997,0.061506295000000044,0.30181438000000005,-0.009080654999999993,0.34390933,-0.04071449999999999,0.10988313999999999,0.04188807,0.032084340000000044,0.04768945000000002,0.11845805999999998,0.053630590000000034,0.029048830000000025,0.05711748,0.17005656000000002,0.027098449999999996,0.13888975000000003,-0.005873969999999951,0.21555495999999996,-0.025916320000000048,0.12122244000000004,0.0937442,0.02841288000000003,0.045419269999999956,0.014263860000000017,0.12178304532687992,0.22423708114350274
0.14999553999999998,-0.232173955,0.14303460999999995,-0.249675665,0.15178829,-0.24700528499999996,0.10661542999999996,-0.27591052499999996,0.13961485999999995,-0.265506595,0.03754231999999996,-0.250539155,0.12973574,-0.22348580499999998,-0.01049116,-0.13894352499999996,0.17609388999999998,-0.10314662499999994,0.017339859999999985,-0.09950482500000002,0.22887168999999996,-0.07622022500000003,-0.022061710000000012,-0.006396524999999986,0.022061709999999957,0.006396524999999986,0.03413712999999996,0.16299223500000004,0.017134049999999956,0.21875117499999996,0.05961408999999995,0.302182135,-0.008968680000000007,0.345474775,-0.04803347999999996,0.11159563000000006,0.027831019999999984,0.03943869999999994,0.04635814999999999,0.12033918000000005,0.052777799999999986,0.026926399999999906,0.05619883999999997,0.16938876000000003,0.025476959999999993,0.13918989999999998,-0.00492766,0.21235464999999998,-0.026102729999999963,0.12672360000000005,0.09219342000000003,0.02705335000000003,0.04412341999999997,0.012793049999999972,0.10110212286275153,0.22270135879280778
0.153571055,-0.23065385500000002,0.14681813499999996,-0.24809352500000004,0.155257535,-0.24554362500000004,0.11051413500000001,-0.27412614500000004,0.14242863499999997,-0.264065425,0.03950716500000001,-0.248751165,0.13238883499999998,-0.22332352500000002,-0.01215116500000002,-0.14046432500000006,0.17914716499999994,-0.10003307500000003,0.01024351499999998,-0.12663057499999997,0.230547175,-0.07388832499999998,-0.021930205000000036,-0.005918474999999979,0.02193020499999998,0.005918474999999979,0.03565479499999996,0.16386587499999994,0.019045515000000013,0.21836563499999995,0.061950194999999986,0.30305883499999997,-0.007361635000000033,0.345929175,-0.05165833000000003,0.10828683999999994,0.02239468,0.013833750000000089,0.04675832999999996,0.12329045,0.05140001000000005,0.02614475000000005,0.057585,0.16978434999999992,0.026295400000000024,0.13919296000000003,-0.0028846899999999676,0.21244715999999997,-0.026407150000000046,0.12756354000000003,0.09288166999999997,0.025427639999999974,0.043860410000000016,0.011836949999999957,0.12492621560364502,0.22336106531403563
0.15563987,-0.2282494,0.14903973999999998,-0.24564566999999998,0.15651052,-0.24266082,0.11294124,-0.27006112,0.14211590000000002,-0.25888142,0.04217056999999996,-0.24428949,0.13226264,-0.2152698,-0.010091710000000031,-0.13424855000000002,0.17790183999999998,-0.09625936000000002,0.005085869999999992,-0.06847137000000003,0.22711048999999994,-0.06680142,-0.021279020000000037,-0.006220879999999984,0.021279019999999982,0.006220879999999984,0.033189219999999964,0.16497478,0.019669659999999978,0.21584477999999996,0.06091268,0.30571424999999997,-0.009124679999999996,0.34897548,-0.052262279999999994,0.11004093999999998,0.015177580000000024,0.06577717999999999,0.04563919999999999,0.11901044,0.049208649999999965,0.029457940000000016,0.05446824,0.17119565999999997,0.027723460000000033,0.14073946999999998,-0.0016093600000000041,0.20962389999999997,-0.028794339999999974,0.13313070000000005,0.09009207000000002,0.029019689999999987,0.04255804000000002,0.012441759999999968,0.06760348311997103,0.21840066469599145
0.15651065000000003,-0.2250156499999999,0.14936122000000002,-0.24202196999999992,0.15751185,-0.23891966999999992,0.11260098000000002,-0.2688984499999999,0.14208644999999998,-0.2569029299999999,0.04326171000000001,-0.2474420899999999,0.13160092,-0.21470912999999991,-0.006917390000000023,-0.1485108999999999,0.17722320999999996,-0.09811334999999988,-0.0077951299999999835,-0.07495578999999986,0.22516000000000003,-0.06344040999999989,-0.020733749999999995,-0.006383049999999946,0.020733749999999995,0.006383050000000057,0.031058850000000027,0.16724975000000009,0.019841070000000016,0.21548251000000007,0.06048089000000001,0.30654595000000007,-0.008440549999999991,0.3494647500000001,-0.05017910000000003,0.09893119,-0.0008777399999999602,0.07355511000000003,0.045622289999999954,0.11659578000000004,0.04793679000000006,0.034672939999999985,0.05179260000000002,0.17363280000000003,0.029422039999999983,0.13929619999999998,-0.000892679999999979,0.20909946000000001,-0.028281620000000007,0.13398224000000003,0.08833921,0.03273295999999998,0.04146749999999999,0.012766100000000002,0.06978272392657074,0.2160217749566791
0.15687369,-0.22670455000000006,0.14960120999999998,-0.24415533000000006,0.15764721000000004,-0.24054659000000006,0.11257661000000002,-0.27039499000000006,0.14319624000000003,-0.25736225000000007,0.042113080000000025,-0.24777732000000008,0.13423418000000004,-0.21649135000000008,-0.011756290000000003,-0.1431796500000001,0.17793474999999997,-0.1010686500000001,-0.00412661999999997,-0.0638755900000001,0.22592496,-0.06447245000000001,-0.021816210000000003,-0.006172550000000054,0.021816210000000003,0.006172549999999943,0.032692009999999994,0.16538434999999996,0.021599939999999984,0.2122839499999999,0.06379071000000003,0.3046979499999999,-0.007582969999999967,0.34686054999999993,-0.05386937000000003,0.10459766999999998,0.007629670000000033,0.07930406000000001,0.04370056999999994,0.11542269999999999,0.04799021000000003,0.03659620000000008,0.054508219999999996,0.1715569,0.031098700000000035,0.13931359999999993,-0.0002162700000000184,0.20611139999999994,-0.02918290999999995,0.13457660000000005,0.09212110000000001,0.031285969999999996,0.043632420000000005,0.012345099999999998,0.06035364462573661,0.21598865213608445
0.15550818500000002,-0.22199569000000002,0.14726749500000003,-0.23934342000000003,0.156845625,-0.23565005,0.108878855,-0.26468210000000003,0.14442777500000004,-0.25141199000000003,0.04153248500000001,-0.24174827,0.13578563500000002,-0.2122408,-0.012028444999999999,-0.13239877,0.17789175500000004,-0.09557687000000004,-0.005365524999999982,-0.05184341999999997,0.22300035499999998,-0.05637837000000001,-0.022585395000000008,-0.005554029999999988,0.022585395000000008,0.005554029999999988,0.03097709500000001,0.16838829,0.020603625000000014,0.21205542999999993,0.06128412500000002,0.30849472999999994,-0.009445664999999992,0.35006653,-0.05356093000000001,0.10934949999999999,0.006662920000000017,0.08055535000000003,0.042106120000000025,0.11666392999999997,0.04510859999999994,0.039198500000000025,0.05356249000000002,0.17394231999999998,0.030307030000000013,0.14010643999999994,-0.001981769999999994,0.20650139999999995,-0.030049290000000006,0.13801110000000005,0.09425315000000001,0.02950746999999998,0.045170790000000016,0.011108059999999975,0.049388577114440134,0.20976600859424674
0.15582171,-0.22310162500000003,0.14713879000000002,-0.24066354500000003,0.15703109000000004,-0.236574155,0.10788924,-0.26541079500000003,0.14453107000000004,-0.25107370500000004,0.041397569999999995,-0.242138105,0.13545111000000004,-0.212587605,-0.012493580000000004,-0.13402436500000003,0.17637995,-0.09949732499999997,-0.00603511000000001,-0.05159668500000003,0.22261469000000006,-0.05679558500000004,-0.022442130000000005,-0.005591375000000065,0.022442130000000005,0.005591374999999954,0.03086546000000001,0.16752137499999997,0.02077532000000004,0.21153952499999995,0.06189444999999999,0.30799287499999994,-0.009555009999999975,0.349120275,-0.05389115,0.10811373999999996,0.006458469999999994,0.08242768,0.040928839999999966,0.11309028000000004,0.04623474000000005,0.04270173999999993,0.053307590000000016,0.17311275000000004,0.03102898999999998,0.14047149999999997,-0.001666809999999963,0.20594815,-0.030330330000000016,0.13758075000000003,0.09405354000000005,0.02955049999999998,0.04488426000000001,0.011182750000000019,0.048843411566725115,0.20966923130253332
0.15723666000000003,-0.22305709,0.14849453,-0.24045822,0.15856719000000002,-0.23642459,0.10886311000000004,-0.26497488999999996,0.14568309000000002,-0.25078028999999996,0.04196639000000002,-0.24227199,0.13604232,-0.21202219,-0.01135469,-0.13515259000000002,0.17831899,-0.09850479000000001,-0.007194649999999969,-0.052236229999999995,0.22513248999999996,-0.05463618999999997,-0.02235849000000001,-0.0057808499999999485,0.02235849000000001,0.0057808500000000596,0.031349440000000006,0.16492240999999996,0.021519410000000017,0.21003541000000003,0.06209851999999999,0.30788735,-0.009495309999999979,0.34914431,-0.05332108000000002,0.10711939999999998,0.0041600400000000315,0.08291636000000002,0.042276670000000016,0.11351739999999999,0.04681349999999995,0.043868600000000035,0.053707930000000015,0.1707032599999999,0.030749079999999984,0.14296494000000004,-0.0008390799999999921,0.20425455999999997,-0.031014719999999996,0.13910889999999998,0.09407592999999997,0.030249799999999993,0.04471698000000002,0.011561700000000008,0.048867620921117134,0.21158334953006483
0.156439155,-0.22316334,0.14799380499999998,-0.24037029999999998,0.15792470499999994,-0.23666467999999996,0.10876473499999995,-0.26516169999999994,0.145565905,-0.251812,0.041121574999999966,-0.24304879999999995,0.13631390499999996,-0.21321337999999995,-0.013525295000000048,-0.13505604999999998,0.17878633499999996,-0.09709279999999998,-0.006288475000000016,-0.05505609999999994,0.22365940499999992,-0.05474509999999999,-0.022635845000000043,-0.0055961299999999214,0.022635844999999988,0.0055961300000000325,0.03148746499999999,0.1677628,0.019968984999999995,0.2115131,0.06180628499999996,0.30790660000000003,-0.010248595000000027,0.34814480000000003,-0.054646870000000014,0.10799274999999997,0.007236820000000033,0.07999995000000004,0.042472430000000005,0.11612057999999997,0.04487306999999996,0.04234769999999999,0.054123310000000036,0.1733589299999999,0.03031881999999997,0.14014380000000004,-0.002666859999999993,0.20591696999999998,-0.03021758000000002,0.13663170000000002,0.09519232999999999,0.02983542,0.04527169000000003,0.011192259999999954,0.05209150735309742,0.20988457712034603
0.15747403999999998,-0.221932915,0.14969190999999998,-0.239045385,0.15845116999999997,-0.23573021499999997,0.11159666999999995,-0.263630455,0.14493214999999998,-0.25112816499999996,0.042250629999999956,-0.241108245,0.13630550999999996,-0.211164815,-0.013639930000000022,-0.13325578500000002,0.18133335999999994,-0.09124441500000002,-0.005281660000000021,-0.05472797500000004,0.22547895,-0.05075907499999999,-0.022162349999999997,-0.005487684999999964,0.022162349999999997,0.005487684999999964,0.03296648999999996,0.169842685,0.01981046999999997,0.21193798500000005,0.06260442999999999,0.309489985,-0.009702450000000029,0.349523185,-0.05589055999999998,0.10785245999999998,0.008358270000000001,0.07852780999999998,0.04502784999999998,0.11992039999999998,0.04414559000000007,0.040485340000000036,0.05512883999999996,0.17533036999999996,0.02963794000000003,0.13964730000000003,-0.0023518800000000284,0.2064503000000001,-0.029512919999999998,0.13758519999999996,0.09405488000000001,0.029943429999999993,0.044324699999999995,0.010975369999999929,0.052053471105779354,0.21095340207272695
0.15896952000000003,-0.22070082999999996,0.15127005999999998,-0.23795363999999997,0.15985671,-0.23451283999999994,0.11316208999999999,-0.26303627999999996,0.14639139,-0.25013757,0.04320634000000001,-0.24160626999999996,0.13755971,-0.21071311999999998,-0.013900550000000012,-0.1341177,0.18193144,-0.08983525999999997,-0.0018770100000000123,-0.05623742999999992,0.22594595,-0.05033670000000001,-0.022241889999999986,-0.005656999999999912,0.022241889999999986,0.005657000000000023,0.03394711,0.1698208,0.01996222000000003,0.21214890000000008,0.06292817,0.31035485000000007,-0.009186240000000012,0.35013720000000004,-0.05710689000000002,0.10748856999999995,0.01202354,0.07788027000000008,0.04437173,0.12087786,0.04401451000000001,0.03949855999999996,0.05618899999999999,0.1754777999999999,0.028981060000000003,0.14053405000000008,-0.002279669999999956,0.20649190000000006,-0.029148460000000043,0.13798829999999995,0.09435336999999999,0.03089314999999998,0.04448377999999997,0.011313999999999935,0.054526216046955796,0.2112596471174124
0.16125591500000003,-0.221200275,0.153525845,-0.238687635,0.16200574499999998,-0.23495009500000003,0.115313045,-0.263403235,0.14810214500000002,-0.24992925500000002,0.04465986500000002,-0.241453325,0.139234545,-0.20967457500000003,-0.01237569500000002,-0.133718675,0.18437764500000003,-0.08909013499999996,-0.004676954999999983,-0.05273732500000006,0.22834904500000003,-0.051185935000000016,-0.022218624999999992,-0.005897075000000029,0.022218624999999992,0.005897075000000029,0.03470564500000001,0.16853742500000002,0.02177940500000003,0.212470975,0.065331205,0.31093412499999995,-0.008348454999999977,0.350121825,-0.05703556000000004,0.10773464999999999,0.007698740000000037,0.08098134999999995,0.04514310000000005,0.12058444000000007,0.043971399999999994,0.037904199999999943,0.05692427,0.17443450000000005,0.030625559999999996,0.14239669999999993,-0.0004392199999999624,0.20657389999999998,-0.030127860000000006,0.13765085,0.09457467999999997,0.03177874999999997,0.044437249999999984,0.011794150000000059,0.050017189109859056,0.21388833553991793
0.16141896,-0.21782125000000002,0.15384744,-0.23507086,0.16199821999999997,-0.23160637,0.11617695,-0.25877357,0.14822362,-0.24589709999999998,0.04675952,-0.23629250000000002,0.13934544999999998,-0.20589012,-0.008945240000000021,-0.12931479999999995,0.18432187,-0.08511029999999997,-0.0034119000000000232,-0.05070377000000004,0.22651612,-0.046273600000000026,-0.021659240000000024,-0.00546515000000003,0.021659240000000024,0.00546515000000003,0.03409141999999998,0.17011900000000002,0.021681119999999998,0.21249200000000001,0.06299828000000002,0.31309180000000003,-0.010623949999999993,0.3536182,-0.05570476000000002,0.10697770000000006,0.005533339999999998,0.07861102999999992,0.04497642000000002,0.12077982000000004,0.04219424999999999,0.038836699999999946,0.05575066000000001,0.17558415000000005,0.028906860000000034,0.1429728,2.1879999999974142e-05,0.20702684999999998,-0.03230506999999999,0.14112619999999998,0.09258592999999998,0.030402380000000007,0.04331848000000005,0.01093030000000006,0.048780100005842555,0.21128946858491762
0.16152105499999997,-0.21655471999999998,0.15394793499999998,-0.23388047,0.162308375,-0.23027261,0.11626861499999996,-0.25860604,0.14903443499999997,-0.24542039,0.047598434999999994,-0.23805696999999998,0.13961307499999998,-0.20600032000000001,-0.008721845000000006,-0.13041126999999997,0.18580413500000004,-0.08325581999999998,-0.006588715000000023,-0.04954950999999996,0.22729543500000005,-0.04651510000000003,-0.021377365000000037,-0.0057769300000000134,0.02137736499999998,0.0057769300000000134,0.03423998499999997,0.16989273000000005,0.020676594999999964,0.21357488999999996,0.06311223500000002,0.31297947000000004,-0.008962764999999984,0.35325063,-0.05632028,0.10764570000000001,0.002133129999999983,0.08086176,0.04619106000000006,0.12274450000000003,0.04149130000000001,0.03674071999999995,0.05561735000000001,0.17566966000000006,0.028872250000000044,0.14308674,-0.0007007700000000172,0.20779795999999995,-0.029639359999999948,0.13967574000000005,0.09201463999999998,0.032056649999999964,0.04275473000000002,0.011553860000000027,0.046203278332591254,0.21245401373955217
0.16237923000000004,-0.21667455000000008,0.15487826000000005,-0.23390702000000008,0.16286027000000003,-0.23034693000000006,0.11720909000000002,-0.2587594800000001,0.14842125000000006,-0.2456566200000001,0.04795676000000004,-0.23828800000000006,0.13861763000000005,-0.2067498100000001,-0.008842109999999959,-0.13243608000000007,0.1840898900000001,-0.08626898000000005,-0.007733349999999972,-0.05078458000000008,0.22446939,-0.04748168000000008,-0.020884509999999967,-0.0056878800000000895,0.020884510000000023,0.0056878799999999785,0.034296450000000034,0.16964371999999994,0.020066970000000017,0.21354121999999998,0.062460420000000016,0.3133499499999999,-0.010658509999999954,0.3534424199999999,-0.05679887,0.10585191999999999,0.0011087599999999864,0.08165149999999999,0.04547226000000004,0.12048083000000004,0.0403794999999999,0.03878729999999997,0.05518096,0.17533160000000003,0.028163969999999983,0.14370622999999993,-0.0008175400000000055,0.20785334,-0.03072547999999997,0.13990119999999995,0.09066087,0.031538189999999966,0.04176901999999999,0.011375760000000068,0.046975156840989886,0.21041341562554416
0.16463862000000007,-0.21830022999999998,0.15670018000000002,-0.23553564999999999,0.16492377000000003,-0.23203825,0.11798450000000005,-0.25954385,0.14918785000000007,-0.24631635000000002,0.049254040000000054,-0.23868604999999998,0.13853450000000006,-0.20629995,-0.0048239999999999394,-0.13508341999999995,0.18696044,-0.08713954999999995,-0.008538699999999955,-0.051176250000000034,0.2261046,-0.04814742000000005,-0.02026323999999996,-0.005838849999999951,0.020263240000000016,0.005838849999999951,0.03469862000000007,0.17084791,0.019996540000000063,0.21568138999999997,0.06348644000000003,0.31078435000000004,-0.010115099999999932,0.35115995,-0.054078039999999994,0.10360263000000003,-0.003714700000000015,0.08390716999999992,0.048425939999999945,0.11916040000000006,0.03914415999999998,0.0389921299999999,0.05496186000000003,0.17668675999999994,0.028787819999999964,0.13993644000000005,-0.0002666999999999531,0.20984254000000002,-0.030111639999999995,0.13547856000000003,0.08928046,0.03238609999999997,0.040526479999999976,0.011677699999999902,0.04682888720620647,0.2128031551344164
0.16697167999999996,-0.21805027499999996,0.15887490999999998,-0.235659715,0.16698517999999996,-0.23184719499999995,0.11977564999999996,-0.25921389499999997,0.15100471,-0.24515539499999994,0.05032487999999996,-0.23752754499999995,0.14067878999999994,-0.20449795499999995,-0.004851020000000039,-0.1340647749999999,0.18880080999999993,-0.08496692499999992,-0.0073143900000000595,-0.050639714999999974,0.22725971,-0.04687957499999995,-0.02054891000000003,-0.005842774999999967,0.020548909999999976,0.005842775000000078,0.03540208999999994,0.171662525,0.020712459999999933,0.21531792500000002,0.06500570999999994,0.311886765,-0.009601510000000035,0.35115972500000003,-0.0551759,0.10346277000000004,-0.0024633700000000203,0.08342505999999994,0.04812201999999999,0.11953103000000004,0.038458900000000074,0.038087349999999964,0.05595099999999997,0.17750529999999998,0.029603619999999997,0.14022424,0.00016354999999995679,0.20947514999999994,-0.030313969999999968,0.1358418,0.09035390999999998,0.03302959,0.04109782000000001,0.011685550000000045,0.046711008905760104,0.2133283877644101
0.16758549499999997,-0.21892717,0.15997841499999998,-0.23663763,0.167295635,-0.23280098,0.12168466499999997,-0.25935463,0.150625095,-0.24537387,0.05113443499999998,-0.23609494999999997,0.14060404499999996,-0.20286138999999997,-0.005076605000000012,-0.13370329000000003,0.18832999499999997,-0.08375672999999995,-0.007753855000000032,-0.05053752999999994,0.22749525499999995,-0.04482012999999996,-0.020356774999999994,-0.006041830000000026,0.020356774999999994,0.006041830000000026,0.03422257499999998,0.17115837,0.02054739499999997,0.21685337000000005,0.06425154499999997,0.31141697,-0.010250685000000037,0.35176087,-0.05621103999999999,0.10239165999999994,-0.00267725000000002,0.08316576000000009,0.04772595000000002,0.11910466000000003,0.03916525999999998,0.03893659999999999,0.05457934999999997,0.17720020000000003,0.030028969999999988,0.1402586,0.0001906199999999747,0.21081154000000002,-0.030798080000000005,0.13490749999999996,0.08946960999999998,0.033233559999999995,0.04071354999999999,0.012083660000000052,0.04624609076469482,0.21329155836964572
0.167982725,-0.21769778,0.159824285,-0.23566172000000002,0.16795703500000003,-0.23127106000000003,0.12077331500000005,-0.25842258,0.15243994500000002,-0.24300975000000002,0.05197643500000004,-0.23572135,0.14192438500000004,-0.20117438000000004,-0.00480281499999996,-0.13372118,0.188169835,-0.08187827999999997,-0.008075954999999968,-0.05024508000000005,0.22853463499999999,-0.04009503000000003,-0.020536785000000002,-0.006242520000000029,0.020536785000000002,0.006242520000000029,0.034082585,0.17070671999999998,0.020858385000000035,0.21703412,0.06371011500000001,0.31142645999999996,-0.009974714999999967,0.35271102,-0.05677925,0.10200017,-0.0032731400000000077,0.08347609999999994,0.046245449999999966,0.11929610000000007,0.04036479999999998,0.04178324999999994,0.05461937,0.17694924,0.029627530000000013,0.14071973999999998,0.00032160000000003297,0.21079159999999997,-0.030833100000000002,0.1356769,0.08994795,0.034546969999999955,0.041073570000000004,0.012485040000000058,0.04573289375102458,0.2130968656377306
0.167365785,-0.216031505,0.15872526499999995,-0.233873565,0.16783445499999994,-0.229556745,0.11883950499999996,-0.257232265,0.15308978499999998,-0.24182520500000004,0.05158054499999998,-0.23574144500000005,0.14157262499999995,-0.20096236500000003,-0.004297885000000057,-0.133921265,0.18669971499999993,-0.08095266499999998,-0.008579465000000064,-0.05118436500000001,0.22750938499999995,-0.03887779499999999,-0.02063894500000002,-0.006157265000000023,0.020638944999999964,0.006157265000000023,0.034408354999999946,0.17064803499999992,0.021172734999999943,0.21543740499999997,0.06353294499999995,0.312249235,-0.008616835000000045,0.35329853499999997,-0.055878430000000034,0.10182018000000004,-0.004281580000000007,0.0827369,0.04512708999999998,0.12000970000000005,0.04080967000000002,0.042074869999999986,0.055047299999999966,0.17680529999999994,0.029124590000000006,0.1416012000000001,0.0005337899999999784,0.20928013999999995,-0.029789569999999987,0.13786113,0.08999207999999997,0.03477908000000002,0.041277889999999984,0.012314530000000046,0.04661406217312967,0.2117156951550763
0.16787561499999998,-0.21649666,0.15971311500000002,-0.23418628000000002,0.16852168499999998,-0.23015240000000003,0.12047576500000001,-0.25693097000000004,0.153983445,-0.24242594,0.05233966499999998,-0.23539202000000004,0.14204930500000001,-0.20049297,-0.0034880950000000244,-0.13484693999999997,0.18803158499999995,-0.08010110000000004,-0.008357914999999994,-0.05184279999999997,0.22831925499999994,-0.039989249999999976,-0.020502655000000036,-0.006188199999999977,0.02050265499999998,0.006188199999999977,0.03542813499999997,0.17003179999999996,0.02165338499999997,0.2151459,0.06426828499999998,0.31207640000000003,-0.008238014999999987,0.3530523,-0.055827760000000004,0.10054508000000006,-0.004869819999999969,0.08300414,0.04598227999999993,0.12039186999999996,0.04028767,0.04011185000000006,0.05593079000000001,0.17621999999999993,0.02884015000000001,0.14204460000000008,0.0011507299999999887,0.20895770000000002,-0.029891399999999957,0.13790639999999998,0.08970964000000003,0.03489905000000004,0.04100531000000002,0.012376399999999954,0.04724232435885855,0.21288517121693207
0.16724050000000001,-0.21336625999999997,0.15878382000000002,-0.23140555999999995,0.16817034000000003,-0.2267842,0.11939307999999998,-0.2556867,0.15481651000000002,-0.23994680999999995,0.052108670000000024,-0.23619937999999996,0.14322144000000003,-0.20047051,-0.0036075399999999647,-0.13458715999999993,0.18789893999999996,-0.08056145999999997,-0.008343820000000002,-0.05193345999999999,0.22826939999999996,-0.03994355999999999,-0.020951390000000014,-0.006386400000000014,0.020951390000000014,0.006386400000000014,0.03572784000000001,0.16948449,0.02196836000000002,0.21606290000000006,0.06605924000000002,0.31234194000000004,-0.007384959999999996,0.35238844,-0.05571620999999999,0.10161222000000003,-0.004736280000000037,0.08265369999999994,0.044677499999999926,0.11990905000000002,0.04037046,0.040617899999999985,0.056679230000000025,0.17587089,0.03033140000000001,0.14285745000000005,0.001016970000000006,0.20967650000000004,-0.029353320000000016,0.13632553999999997,0.09111277000000001,0.03572886999999997,0.04190278000000003,0.012772800000000029,0.0472597661436078,0.2124316889354356
0.16709226,-0.21549776999999992,0.1582947,-0.23378174999999995,0.16790431,-0.2288402499999999,0.11822715,-0.25731879999999996,0.15467550999999996,-0.24061706999999993,0.05143017999999999,-0.23735326999999995,0.14344266,-0.20025879999999996,-0.004225470000000009,-0.1356807499999999,0.18784114000000002,-0.0801284499999999,-0.007866520000000043,-0.05261454999999993,0.22828312999999995,-0.04068830999999995,-0.021234599999999992,-0.006734249999999942,0.021234599999999992,0.006734250000000053,0.03495902000000001,0.16770075000000007,0.021993249999999964,0.2158391500000001,0.06658559999999997,0.30984805000000004,-0.007575219999999994,0.35111215000000007,-0.05565565,0.10167252000000004,-0.0036410500000000345,0.08306619999999998,0.04439848000000002,0.12013035000000005,0.04044198999999993,0.03944013999999996,0.05619362,0.174435,0.03162657999999996,0.14214729999999998,0.0007586499999999718,0.20910490000000004,-0.029568469999999958,0.13527299999999998,0.09201248000000001,0.03709446999999999,0.042469199999999985,0.013468499999999994,0.047788152202992706,0.21240996438989035
0.16823044999999998,-0.21522165,0.15970432,-0.23347015,0.16889817000000001,-0.22866958999999998,0.12018002,-0.25683595,0.15537807999999997,-0.24044201999999998,0.05314114999999997,-0.23657433,0.14376032,-0.19967904999999997,-0.002575329999999987,-0.13655810000000002,0.18859455999999997,-0.07959934999999996,-0.007284010000000007,-0.054841649999999964,0.22995341999999996,-0.04004131,-0.02076638000000003,-0.006658249999999977,0.020766379999999973,0.006658249999999977,0.03577301999999999,0.16825290999999998,0.02263942000000002,0.21602624999999998,0.0663707,0.30943835,-0.0075205200000000305,0.35148265,-0.05571647999999996,0.10001622999999998,-0.004708680000000021,0.08171645000000005,0.04483423999999997,0.12007970000000001,0.04135886,0.03955803999999996,0.05653940000000002,0.17491115999999995,0.030597680000000016,0.14118544,0.001873040000000048,0.209368,-0.03015994000000005,0.13545640000000003,0.09061917000000003,0.03689528000000003,0.04153276,0.013316499999999953,0.05003413171402996,0.21433633991499246
0.16783895,-0.21598550499999997,0.15970728,-0.23406347499999997,0.16843105000000003,-0.22949966499999996,0.12061771999999998,-0.256938935,0.15472998999999998,-0.24120744499999996,0.05259665000000002,-0.23620334499999995,0.14322425,-0.199904445,-0.00421634999999998,-0.13676790500000002,0.18797665000000002,-0.08053060499999998,-0.0058824499999999835,-0.056162405000000026,0.22969604999999998,-0.04124820499999993,-0.02075674999999999,-0.0066132549999999846,0.02075674999999999,0.0066132549999999846,0.03580817000000003,0.16820359500000004,0.021950630000000027,0.21574639500000004,0.06607878,0.308684355,-0.007934119999999989,0.350465895,-0.056813,0.09943543999999993,-0.0016661000000000037,0.0806055,0.044752400000000025,0.11937384000000001,0.04171939999999996,0.03928240000000005,0.05656492000000002,0.17481685000000002,0.030270609999999976,0.14048075999999998,0.001193880000000036,0.20913314000000005,-0.029884750000000015,0.1347195,0.09062759999999997,0.03629889999999997,0.04151349999999998,0.013226509999999969,0.05173357774417408,0.21435099821979273
0.16753649499999995,-0.21632869999999998,0.15940365499999998,-0.23468796000000003,0.16793164499999996,-0.22996464,0.12046435499999997,-0.25829643,0.15394521499999997,-0.24216044000000003,0.052082954999999986,-0.23724502000000003,0.14297893499999997,-0.20119900000000002,-0.003826855000000018,-0.13686913,0.18771988499999992,-0.08172199999999996,-0.00329698500000003,-0.06129879999999999,0.23027974499999992,-0.04157869999999997,-0.020876645000000027,-0.006748199999999982,0.02087664499999997,0.006748199999999982,0.03579017499999998,0.16680216999999997,0.02184444499999999,0.21641266000000003,0.06613764499999997,0.30698572999999996,-0.008247385000000051,0.349711,-0.055909810000000004,0.10037589000000002,0.0005298699999999879,0.07557033000000002,0.044740949999999946,0.11947700000000006,0.042559860000000005,0.04014329999999999,0.05666682000000001,0.17355036999999995,0.030347469999999988,0.14018355999999998,0.0009678000000000186,0.20966446000000005,-0.03009183000000004,0.13329833999999996,0.09089597999999999,0.03604602000000001,0.04175329,0.013496399999999964,0.05731328298113449,0.2149072999067737
0.16768851499999998,-0.21668017999999994,0.159500415,-0.23494325,0.16837814499999998,-0.23014394,0.120518715,-0.25942901999999995,0.15445047500000003,-0.24321149999999997,0.05245561500000001,-0.23985925999999996,0.143038915,-0.20196355,-0.002512424999999985,-0.14137290000000002,0.18897035500000003,-0.08241140000000002,-0.009441254999999982,-0.059217899999999934,0.23059831500000005,-0.04243189999999997,-0.020710585000000004,-0.007040099999999994,0.020710585000000004,0.007040099999999994,0.035591115000000006,0.16679507000000005,0.02189561499999998,0.21758854000000005,0.06620326500000001,0.30650525000000006,-0.007950864999999974,0.34857910000000003,-0.054968039999999996,0.09848635999999994,-0.006928829999999997,0.08215500000000009,0.045931440000000046,0.11955214999999997,0.04162796000000002,0.03997950000000006,0.05630170000000001,0.17383517000000004,0.030612150000000005,0.13971018000000002,0.0011850299999999758,0.21054844000000006,-0.029846479999999953,0.13099055999999998,0.09058329999999998,0.03789570999999997,0.04142117000000001,0.014080199999999987,0.05338090118655636,0.2156393702192457
0.16680846499999996,-0.21447647000000003,0.159165485,-0.23265955,0.166840565,-0.22825733000000004,0.12090583499999996,-0.25643285,0.15165696499999998,-0.24129460000000003,0.04942183499999997,-0.23377577,0.14189606499999996,-0.20006592,-0.007928975000000005,-0.13237505000000005,0.18701802499999998,-0.08132344999999996,0.006935195000000005,-0.06852860000000005,0.22937126499999994,-0.045580850000000006,-0.021580235000000003,-0.0065760500000000555,0.021580235000000003,0.0065760499999999444,0.037947644999999974,0.16676877999999995,0.02232282499999999,0.21541955000000002,0.06424142499999996,0.30780725,-0.007725454999999992,0.34919035,-0.057350809999999974,0.10140071999999994,0.01486417000000001,0.06384645,0.045121960000000016,0.11874247000000004,0.04235323999999996,0.03574259999999996,0.05952787999999998,0.17334483,0.02629377999999999,0.14103847000000003,0.0007425899999999874,0.20884350000000007,-0.030048279999999983,0.13377079999999997,0.09247422999999999,0.033709849999999986,0.043160470000000006,0.0131521,0.06820006011425063,0.21423691177309026
0.16687631999999997,-0.2155765149999999,0.15914186999999996,-0.23352353499999995,0.16693235,-0.22934888499999995,0.12066403999999997,-0.2571022149999999,0.15137101999999997,-0.2423740749999999,0.049700560000000005,-0.23446984499999995,0.14111051999999996,-0.20122079499999995,-0.007788580000000045,-0.13425331499999993,0.18702377000000003,-0.08280797499999992,0.004094899999999957,-0.07056136499999999,0.22884976999999995,-0.045745914999999915,-0.02115222,-0.006381314999999943,0.02115222,0.006381315000000054,0.03761926999999998,0.1676589850000001,0.02156985,0.21524022500000006,0.06373027999999997,0.30728523500000005,-0.0075161400000000045,0.34827588500000006,-0.05748914000000005,0.10021653000000003,0.011883480000000002,0.06369194999999994,0.04591325000000007,0.11841282000000003,0.04182599999999992,0.03706206000000001,0.05877148999999998,0.17404030000000004,0.02611100999999999,0.13962624999999995,0.00041763000000000217,0.20885891,-0.029085990000000006,0.13303566,0.09140995999999996,0.03324905,0.04230444,0.012762629999999997,0.06896735377188909,0.21413902116026257
0.16890156,-0.21389087999999995,0.16110987999999998,-0.23202817999999997,0.16886600999999996,-0.22775390999999995,0.12281640999999999,-0.25570460999999994,0.15341552999999997,-0.24056329999999998,0.05258878,-0.23332353999999994,0.14288523999999997,-0.19925361999999996,-0.004008680000000042,-0.13708144,0.18931027999999994,-0.07955444,0.0020010199999999645,-0.08293777999999996,0.23076304999999997,-0.04657747999999995,-0.02079162000000001,-0.006313379999999924,0.020791619999999955,0.006313380000000035,0.03885407999999996,0.16793215000000006,0.024060609999999982,0.21429522,0.06470398,0.30891202000000006,-0.005732320000000013,0.35029602000000004,-0.056597460000000044,0.09624209999999994,0.006009700000000007,0.05414366000000004,0.04642503999999997,0.11969917999999996,0.04145277000000003,0.032976960000000055,0.05964569999999997,0.17424552999999998,0.025849900000000037,0.14097987,0.003268990000000027,0.20798183999999997,-0.029792929999999995,0.13600080000000003,0.09029645999999997,0.034069919999999976,0.041583239999999966,0.012626759999999959,0.07994249879463117,0.21653047011398766
0.16850399499999996,-0.21467391000000008,0.16068589499999997,-0.23280655000000006,0.168409345,-0.22844261000000005,0.12238347499999996,-0.2563663500000001,0.15298485499999998,-0.24095920000000004,0.05273042499999997,-0.2341857300000001,0.142480465,-0.19967043000000007,-0.0041017250000000005,-0.13939419000000008,0.18955665500000002,-0.07916370000000006,0.00047400499999999957,-0.09396415000000002,0.23057258499999994,-0.04932265000000002,-0.020539554999999987,-0.006427350000000054,0.020539554999999987,0.006427349999999943,0.03837822499999999,0.16631664999999995,0.023284945,0.2138095499999999,0.06388908500000001,0.30677941,-0.0062029350000000205,0.34970214999999993,-0.05683214999999997,0.09479154000000001,0.00457573,0.04543004000000006,0.04707619000000002,0.12050673,0.04101592999999992,0.029841050000000036,0.058917779999999975,0.172744,0.025510860000000024,0.14046276000000002,0.002745390000000014,0.20738219999999996,-0.029487880000000022,0.13589260000000003,0.08975004000000003,0.034515300000000027,0.041079109999999974,0.012854699999999997,0.09002366943261975,0.2173060887112482
0.169608965,-0.2143524400000001,0.161610335,-0.23267646000000008,0.169433665,-0.2281416400000001,0.12301690500000001,-0.2564942600000001,0.153780935,-0.2406405000000001,0.052771104999999985,-0.2341388000000001,0.14354683499999998,-0.1996309200000001,-0.004409415000000028,-0.14035273000000015,0.190795375,-0.07875188000000011,-0.00024570499999998496,-0.10330732000000009,0.23132957499999995,-0.0500382800000001,-0.02082811499999998,-0.006463120000000044,0.02082811499999998,0.006463119999999933,0.039059294999999994,0.16712121999999985,0.024564605000000017,0.21516471999999986,0.064440035,0.3070470599999999,-0.005436885000000002,0.3498877199999999,-0.05718052000000001,0.09378606999999994,0.004163710000000043,0.037045410000000056,0.047248540000000006,0.12087904,0.040534199999999965,0.028713600000000006,0.059887409999999974,0.1735843399999999,0.025380740000000013,0.13992584000000008,0.0037364900000000367,0.20870159999999993,-0.03000149000000002,0.13472300000000004,0.09077573,0.03450787999999999,0.04165622999999996,0.012926239999999978,0.09900724556843357,0.21795245551287462
0.169947915,-0.21530399,0.16226701500000001,-0.23352545000000002,0.169604415,-0.22921273000000003,0.123977055,-0.25707829,0.15309885500000003,-0.24186585,0.052416675000000024,-0.23351121000000002,0.14265495500000003,-0.19999769,-0.005333615000000014,-0.13593191000000004,0.18919860499999996,-0.08075010999999999,0.003293955000000015,-0.08503974999999997,0.23191570500000003,-0.048970150000000046,-0.020772024999999972,-0.0064216500000000565,0.020772025000000027,0.0064216499999999455,0.038480424999999985,0.16758165000000003,0.023836214999999994,0.21537858,0.064118375,0.30728018,-0.006124044999999967,0.34958625,-0.05775029000000004,0.09757929999999998,0.008627570000000029,0.050892160000000075,0.046543649999999936,0.11924758000000002,0.04271710000000006,0.03177995999999994,0.05925244999999996,0.17400330000000008,0.02563795000000002,0.13969853,0.0030641899999999667,0.20895693000000004,-0.02996025999999996,0.13420767,0.09023828,0.03351352000000002,0.04154405,0.012843300000000002,0.08221907954343922,0.2182885821823542
0.17007095500000002,-0.21516369000000002,0.16279164500000004,-0.23352717000000006,0.16955206500000003,-0.22918557000000006,0.125332595,-0.25784560000000006,0.15254296500000003,-0.2426628,0.053001524999999994,-0.23480977000000003,0.14252596500000003,-0.20061887000000006,-0.004123384999999979,-0.1409551400000001,0.19034731500000002,-0.08118074000000008,0.0004940050000000196,-0.09878223000000008,0.23320150500000003,-0.050120470000000084,-0.020470164999999985,-0.00662742999999999,0.02047016500000004,0.00662742999999999,0.03855353500000003,0.16679133000000002,0.024036945000000032,0.21674103,0.06502342500000002,0.30668587999999997,-0.0057190349999999834,0.34892482999999996,-0.05712490999999997,0.09385462999999994,0.004617389999999999,0.04217291000000001,0.047821349999999985,0.11943812999999998,0.042854190000000014,0.03106027,0.05902370000000001,0.17341876,0.026469889999999996,0.13989454999999995,0.0035667799999999916,0.2101136,-0.029755980000000015,0.13218379999999996,0.08952444000000004,0.03419089999999997,0.040940330000000025,0.01325485999999998,0.09450927778175494,0.22017026859366276
0.17127111,-0.21365997499999995,0.16376721,-0.23172024499999994,0.17087817,-0.22719815499999996,0.12618974,-0.257091855,0.15311711,-0.24104622499999995,0.05689710999999997,-0.23867806499999994,0.14173521,-0.19806559499999998,0.006722659999999991,-0.16059366499999994,0.19190334999999997,-0.08057699499999993,-0.01086193000000002,-0.11098325499999995,0.23281950999999995,-0.049530324999999986,-0.01899493000000002,-0.00736105499999995,0.01899493000000002,0.007361055000000061,0.03627916999999997,0.167897705,0.025167459999999975,0.218527605,0.06566932999999997,0.308119955,-0.005513250000000025,0.35097050500000004,-0.05017444999999998,0.0780844,-0.01758459000000001,0.049610409999999994,0.05016813999999997,0.11748860000000005,0.04091615999999998,0.031046669999999943,0.05527409999999999,0.17525875999999996,0.02939016,0.14022225,0.006172529999999954,0.21116654999999995,-0.03068071,0.13244290000000003,0.08483810000000003,0.040612469999999956,0.03798986000000004,0.01472211000000001,0.10394087753064238,0.22126359874701662
0.17085223999999993,-0.2144783500000001,0.16380705999999995,-0.23253409000000008,0.17012813999999993,-0.22852515000000007,0.12672395999999997,-0.2570551200000001,0.15206547999999992,-0.24243940000000008,0.05470302999999993,-0.2351163200000001,0.14123549999999996,-0.2005633000000001,-0.0015116600000000258,-0.14544085000000007,0.18961021,-0.0823048500000001,-0.004748440000000076,-0.09902575000000013,0.23217845999999998,-0.0488580500000001,-0.019427210000000028,-0.0064672500000000355,0.019427209999999973,0.0064672499999999244,0.03776075999999995,0.1683806899999999,0.02351187999999993,0.21684294999999987,0.06528345999999996,0.3080247799999999,-0.006005140000000075,0.3501493499999999,-0.056214689999999956,0.08967547000000003,-0.00323678000000005,0.04641509999999993,0.04837471000000004,0.11825845000000001,0.042568249999999974,0.0334468,0.05718796999999998,0.17484793999999992,0.02752270000000001,0.13964409,0.004084669999999957,0.21037569999999994,-0.029517020000000005,0.13330640000000005,0.08653247000000003,0.03455301999999999,0.03885442,0.01293449999999996,0.09371521867318518,0.21982716664837515
0.172556535,-0.21426107500000002,0.16532435500000003,-0.231961935,0.171915335,-0.228190475,0.127767085,-0.256807175,0.152615695,-0.24248152500000003,0.056556035000000004,-0.23685675500000003,0.14039668500000002,-0.20062404500000003,0.0033547850000000268,-0.15403727500000003,0.19113363500000002,-0.08251031500000006,-0.010294364999999972,-0.11256407499999999,0.23254447499999997,-0.048469034999999994,-0.018442564999999966,-0.006702925000000026,0.018442565000000022,0.006702925000000026,0.037438145000000034,0.16811606499999998,0.023920295000000036,0.217997765,0.06580239500000001,0.30795226499999995,-0.005034394999999969,0.350752925,-0.05320124999999998,0.08281948,-0.013649149999999999,0.04147320000000004,0.05073695,0.11811372999999997,0.04141083999999995,0.03404128000000006,0.05588071,0.17481899,0.02836424999999998,0.13983619999999997,0.005477730000000014,0.21129483999999998,-0.028954690000000005,0.13275515999999998,0.08384065000000002,0.03623271,0.03688512999999999,0.013405850000000052,0.1061742729787329,0.22109629810534975
0.17359428999999993,-0.21500908000000002,0.16628808999999994,-0.23279355000000002,0.17301855999999993,-0.2290159,0.12831438999999994,-0.25670848,0.15358386999999996,-0.24218772,0.05727038999999995,-0.23665552,0.14086464999999992,-0.19757597,0.005835659999999965,-0.15639405,0.19233192,-0.07836564000000001,-0.012158860000000049,-0.10564554999999998,0.23404294999999997,-0.04579909999999998,-0.01839356000000003,-0.007016800000000045,0.018393559999999975,0.007016800000000045,0.03668034999999997,0.16935526,0.02410768999999996,0.21806245000000002,0.06661752999999992,0.30979619999999997,-0.005144940000000042,0.3516572,-0.051434729999999984,0.08026147,-0.017994520000000014,0.05074850000000003,0.051467270000000065,0.11921032999999998,0.04171102999999998,0.03256654000000003,0.055073910000000004,0.17637206000000005,0.029937179999999952,0.14044093999999996,0.005714129999999984,0.21104564999999997,-0.02925263,0.13359474999999998,0.08359425999999998,0.03907955000000002,0.036787120000000006,0.01403360000000009,0.09882561313066814,0.22202292381684846
0.17189922000000002,-0.21307451499999996,0.16551714,-0.23050384499999993,0.17169632,-0.22719003499999996,0.1290368,-0.255927545,0.15269960999999999,-0.24297531499999997,0.05707330999999999,-0.23868428499999994,0.1396312,-0.19933781499999997,0.006311640000000007,-0.15719011499999996,0.19105022000000005,-0.078250755,-0.01208505999999998,-0.09924581499999996,0.23283874000000004,-0.04478226499999993,-0.01813231999999998,-0.0071612149999999986,0.01813231999999998,0.0071612149999999986,0.03607081000000001,0.16764578500000005,0.023206080000000018,0.217853485,0.06622504000000001,0.30857828500000006,-0.005504919999999969,0.35043938500000005,-0.05076166999999998,0.08149416999999998,-0.018396699999999988,0.057944300000000004,0.05141902000000004,0.12108705999999997,0.041788519999999996,0.03346849000000007,0.05420312999999999,0.17480700000000005,0.030154230000000004,0.14093250000000002,0.005073760000000038,0.21069227000000001,-0.028710999999999987,0.13258590000000003,0.08255789000000002,0.03934646999999997,0.03626463999999996,0.014322429999999997,0.09228295027071681,0.22090036646354125
0.17086447,-0.2079110449999999,0.16449094000000003,-0.22528973499999994,0.17074144000000002,-0.2217865249999999,0.12868817,-0.2528284449999999,0.15178394,-0.2393183949999999,0.05861440000000001,-0.2388570949999999,0.13807231000000003,-0.1977511349999999,0.010155140000000007,-0.1587576249999999,0.18845117,-0.07369019499999996,-0.012205629999999967,-0.10066319499999987,0.23174627000000003,-0.03775269499999989,-0.017319529999999972,-0.007389754999999942,0.017319530000000027,0.007389755000000053,0.03517479000000001,0.16891170500000008,0.023335700000000015,0.21967694500000012,0.06554172000000003,0.3097704350000001,-0.005691410000000008,0.3539544050000001,-0.048459260000000004,0.08009947,-0.022360769999999974,0.05809443000000003,0.05037885999999997,0.12406093999999995,0.04329510000000003,0.03593750000000007,0.05249431999999998,0.17630146000000002,0.030366930000000014,0.14085873000000004,0.006016169999999987,0.21228719000000007,-0.029027110000000023,0.13427745999999996,0.07945791000000002,0.04110596,0.03463906,0.014779509999999996,0.0934135246238123,0.21912705816267897
0.16175522499999995,-0.20829274000000003,0.15545496499999994,-0.22526695000000002,0.16199919499999993,-0.2225339,0.12005852499999997,-0.24962377000000002,0.14174442499999995,-0.23866709000000003,0.05073832499999997,-0.23066407000000005,0.12802466499999993,-0.19400411,-0.002702175000000029,-0.14704089000000004,0.17496222499999992,-0.06697637000000001,-0.021798995000000043,-0.08322247000000005,0.2170530249999999,-0.033298270000000074,-0.01683339500000003,-0.0050585699999999845,0.016833394999999973,0.0050585699999999845,0.027347004999999924,0.17386917999999996,0.011498304999999931,0.21599132999999993,0.056387724999999944,0.32026073,-0.012043275000000075,0.35559282999999997,-0.0534405,0.08362318000000002,-0.019096820000000014,0.06381841999999999,0.04693755999999999,0.12702774,0.042090799999999984,0.03367809999999993,0.04418039999999995,0.17892774999999994,0.02904072000000002,0.14639155000000004,-0.005335090000000042,0.21093275999999994,-0.023541580000000006,0.13960150000000004,0.07728633999999995,0.03665996000000005,0.03366679,0.010117139999999969,0.07832146861857232,0.20386060779886456
0.160381765,-0.2084839,0.154400035,-0.22547167,0.16071627500000002,-0.22277937999999997,0.11986795500000003,-0.25080483,0.140691285,-0.23973485,0.05168700500000001,-0.23322792999999997,0.12596485500000004,-0.1943958,-0.000725835000000008,-0.1537613,0.17079403500000007,-0.061581160000000024,-0.022876165000000004,-0.10467550000000003,0.214632435,-0.031658900000000045,-0.015974765000000002,-0.005165399999999987,0.015974765000000002,0.005165399999999987,0.025736335,0.17615495000000003,0.010054504999999991,0.21655075000000001,0.054984785000000036,0.3204275,-0.013322104999999973,0.3550993,-0.052412840000000016,0.07946662999999998,-0.022150329999999996,0.04908579999999996,0.044829180000000024,0.13281463999999998,0.043838399999999944,0.02992225999999998,0.0417111,0.18132035000000002,0.029248450000000037,0.14427254999999994,-0.0059202600000000105,0.21138535000000003,-0.023376609999999964,0.13854855,0.07427785000000003,0.038832129999999965,0.031949530000000004,0.010330799999999973,0.09974913194594733,0.20204182468073018
0.1595006,-0.20646397000000005,0.15397357,-0.22316286000000002,0.1604079,-0.22095940000000003,0.12029619999999996,-0.24893412000000004,0.14185893,-0.23914525000000003,0.05320569999999997,-0.23254990000000003,0.12522655,-0.19402564000000005,0.0015445000000000042,-0.15162050000000005,0.16536035999999998,-0.05660890000000007,-0.019954720000000037,-0.10651034000000004,0.20845859999999994,-0.029064540000000028,-0.015593999999999997,-0.0050223999999999824,0.015593999999999997,0.0050223999999999824,0.025100819999999968,0.17668889999999993,0.010040099999999996,0.21565429999999997,0.053632369999999985,0.32235455,-0.012839030000000029,0.35601859999999996,-0.05166119999999996,0.08092939999999998,-0.02149922000000004,0.04511016000000001,0.04013380999999999,0.13741673999999998,0.043098239999999954,0.027544360000000045,0.040694819999999965,0.1817112999999999,0.028531550000000017,0.1456656500000001,-0.0055539000000000005,0.21063189999999998,-0.022879130000000025,0.1403643,0.07202085000000003,0.03852425999999998,0.031187999999999994,0.010044799999999965,0.10158158221036928,0.19585370410519068
0.169319705,-0.2092618699999999,0.16367261499999997,-0.22693072999999991,0.169936015,-0.2239500499999999,0.128509445,-0.25441934999999993,0.152982085,-0.24165936999999993,0.05904062500000001,-0.2396313699999999,0.13471128500000001,-0.19506921999999993,0.011983854999999988,-0.14960964999999993,0.170727805,-0.055245129999999976,0.008756884999999992,-0.0889675299999999,0.22120478500000001,-0.021376339999999883,-0.017006414999999997,-0.00799282999999995,0.017006414999999997,0.007992830000000062,0.03201954499999998,0.17163463000000012,0.019685014999999972,0.22089423000000008,0.06281452500000001,0.3098641300000001,-0.008941244999999987,0.3543281300000001,-0.047056770000000026,0.09002171999999997,-0.0032269699999999957,0.06064212000000002,0.036016519999999996,0.13982408999999996,0.050476980000000005,0.03386879000000009,0.04902595999999998,0.17962746000000007,0.030794980000000027,0.1382295,0.0026785999999999754,0.21290140000000002,-0.02862625999999996,0.1334339,0.07567066,0.04456214999999997,0.034012829999999994,0.015985660000000013,0.08497440595249837,0.2062995939335456
0.167862905,-0.20566679,0.162133405,-0.22390045000000003,0.168434005,-0.22001393000000002,0.12779106499999998,-0.25289293,0.15250544500000002,-0.23787767999999998,0.061923304999999984,-0.23944204000000002,0.13185997500000002,-0.19234905000000002,0.014554065000000005,-0.15173778999999998,0.15540684500000002,-0.05128838000000002,0.00718532500000002,-0.09428384999999995,0.203230515,-0.017800249999999962,-0.01581682499999998,-0.008389549999999968,0.015816825000000034,0.008389549999999968,0.029290275000000032,0.16960648999999994,0.018840944999999998,0.22123355,0.06031898499999999,0.3127567,-0.010688554999999988,0.35870795,-0.04736923999999998,0.08770425000000004,-0.007368739999999985,0.05745394000000004,0.023546869999999998,0.14106067,0.047823669999999985,0.03348813000000006,0.04510710000000001,0.1779960399999999,0.03102870999999996,0.14315021000000006,0.0030241199999999635,0.21284400000000003,-0.029529499999999986,0.1374744,0.06993667000000003,0.04709299,0.03163365000000001,0.016779099999999936,0.08892091810767867,0.18923476642376283
0.16718901999999997,-0.20478878000000006,0.16146393999999997,-0.22321308000000006,0.16722269999999995,-0.21901343000000006,0.12754015999999996,-0.25298355000000006,0.14932194,-0.23707477000000005,0.06199608999999995,-0.23894987000000006,0.12792061999999998,-0.18980950000000008,0.011827439999999967,-0.15635715000000006,0.146939,-0.045083850000000036,-0.004670860000000054,-0.10708559000000006,0.19194484,-0.007952550000000058,-0.014683440000000048,-0.008667650000000027,0.014683439999999992,0.008667649999999916,0.02797086999999998,0.16854214999999995,0.017029959999999955,0.2213624099999999,0.05867771999999999,0.3132094099999999,-0.012590330000000038,0.36063044999999994,-0.05016864999999998,0.08259272000000001,-0.01649830000000002,0.04927155999999999,0.01901838,0.14472565000000004,0.04500584000000002,0.03713129999999998,0.04265431000000003,0.17720979999999997,0.030706850000000008,0.14466725999999996,0.002346519999999963,0.21269475999999998,-0.029620289999999994,0.13926804000000004,0.06592453000000004,0.04914036999999999,0.02936688000000004,0.017335299999999942,0.09892594539401688,0.17803885805632433
0.16470979999999996,-0.20856983000000007,0.15918317999999998,-0.22654190000000002,0.16559583,-0.22345820000000005,0.12565969999999999,-0.25667009,0.1491519,-0.24256633000000005,0.061911700000000014,-0.24532521000000002,0.12620998,-0.19199103000000006,0.010235729999999998,-0.16364816000000004,0.14660478,-0.04237556000000009,-0.008380200000000004,-0.11395083000000006,0.18558354,-0.011429670000000058,-0.013752580000000014,-0.010417400000000021,0.013752580000000014,0.01041739999999991,0.030579899999999993,0.17019297,0.01281129999999997,0.21756970999999992,0.056914030000000004,0.31174866999999995,-0.018744380000000005,0.35570126999999996,-0.051675970000000016,0.08167704999999997,-0.018615930000000003,0.049697329999999984,0.02039479999999999,0.14961546999999997,0.03897876,0.03094589000000003,0.04433248000000001,0.18061037000000002,0.02633413000000001,0.14155569999999995,-0.0009412800000000443,0.20715231,-0.031555679999999975,0.13813156000000004,0.06429827999999999,0.05333417999999995,0.02750516000000003,0.02083479999999993,0.10367272348322537,0.17321424099105273
0.16256441500000002,-0.21015134000000002,0.15710974500000002,-0.22760037,0.164329245,-0.22489807,0.12387152500000004,-0.25923315,0.14813722499999998,-0.24620303999999998,0.059774775,-0.24686924,0.12369681500000002,-0.19747815000000002,0.008675474999999988,-0.16488344,0.13693661499999998,-0.05352316999999995,-0.004627804999999985,-0.11552063000000001,0.18154414500000005,-0.008268669999999978,-0.014028774999999993,-0.009830030000000045,0.014028774999999993,0.009830030000000045,0.028733624999999985,0.16787437000000005,0.010802995000000037,0.21532258000000004,0.05639554499999999,0.30958602999999996,-0.019427154999999974,0.35369423,-0.051099300000000014,0.0819858,-0.013303279999999973,0.04936280999999998,0.013239799999999968,0.14395498000000007,0.04460753000000006,0.045254499999999975,0.04276239999999998,0.1777044000000001,0.027661920000000007,0.1417116599999999,-0.003225779999999956,0.20549255,-0.03023015000000001,0.13837164999999996,0.06392204000000001,0.04939108999999997,0.028057549999999987,0.01966006000000009,0.10610787513328544,0.16849024342058183
0.16387732499999996,-0.20576159000000005,0.15893890499999996,-0.22301678000000003,0.16577809500000001,-0.22054489000000005,0.12661864499999997,-0.25528688000000005,0.14915652499999998,-0.24310754000000007,0.061455274999999976,-0.24397166000000003,0.12398978499999996,-0.19460052000000005,0.010657064999999966,-0.16368932000000003,0.136580875,-0.050087370000000075,-0.007280924999999994,-0.1135243600000001,0.18094959499999996,-0.001998120000000103,-0.013678575000000026,-0.009908180000000044,0.01367857499999997,0.009908179999999933,0.029673324999999973,0.16885883999999995,0.012543844999999998,0.21818914,0.05731555499999996,0.31255718,-0.01827667500000002,0.35794247999999995,-0.05079821000000001,0.08028234000000001,-0.01793798999999996,0.050164959999999925,0.012591090000000027,0.14451314999999998,0.04436871999999997,0.04808924999999997,0.0433519,0.17876702,0.02764222999999999,0.14369834000000004,-0.0011347299999999727,0.20828096000000007,-0.030820520000000018,0.13975333999999995,0.06253450999999999,0.04937113999999998,0.027357149999999997,0.019816359999999977,0.10381349952349604,0.1676942280209143
0.165084695,-0.20779974,0.160821975,-0.22566897999999996,0.165968595,-0.2228467,0.128673255,-0.2565633,0.14779448499999998,-0.24479295,0.059546564999999996,-0.24138263999999998,0.12273964500000001,-0.19612861999999998,0.01825338500000001,-0.14972999999999997,0.132023875,-0.05025919999999995,0.03670126499999998,-0.08172473999999996,0.17903554500000002,0.003668270000000029,-0.014959155000000002,-0.008808700000000003,0.014959155000000002,0.008808700000000003,0.02991891499999999,0.16421070000000004,0.015588765000000004,0.21992040000000002,0.060390265,0.3103749,-0.011403235000000012,0.358974,-0.041293179999999985,0.09165264000000001,0.018447879999999972,0.06800526000000001,0.009284230000000004,0.14586942000000003,0.047011670000000005,0.05392746999999998,0.04487806999999999,0.17301940000000005,0.030471350000000008,0.14616419999999997,0.0006296100000000027,0.2111117,-0.026992000000000016,0.1390536,0.06319308000000001,0.045254020000000006,0.029918310000000004,0.017617400000000005,0.08936189279473658,0.1641568937815802
0.16516560000000002,-0.20900245499999998,0.1608772,-0.226721825,0.16593285000000002,-0.224093365,0.12855244999999998,-0.25791292499999996,0.14743667,-0.24660895499999996,0.06010992999999998,-0.24258954499999996,0.12165884999999999,-0.197925945,0.028712379999999982,-0.144391675,0.13083860000000003,-0.05095376499999993,0.06736867000000002,-0.06175418499999996,0.17945174999999997,0.003440545000000017,-0.014935480000000001,-0.008762975000000006,0.014935480000000001,0.008762975000000006,0.03018890000000002,0.16214917500000003,0.015262319999999996,0.215319975,0.060518459999999996,0.31058097500000004,-0.01156832000000002,0.358667775,-0.031397549999999996,0.09819786999999996,0.03865629000000004,0.08263749000000004,0.009179750000000042,0.14697218000000006,0.04861314999999994,0.054394309999999946,0.04512438000000002,0.17091215000000004,0.030329559999999978,0.1484318,0.0003268399999999949,0.206557,-0.026830640000000017,0.14334780000000003,0.06154892000000001,0.04466359999999997,0.029870960000000002,0.017525950000000012,0.09788790244195959,0.16460234310549102
0.16503859999999998,-0.207527195,0.16097077999999998,-0.22531339499999997,0.16565944,-0.22272556500000001,0.12870147999999998,-0.257053615,0.14672543,-0.24575224499999998,0.05929393999999999,-0.242606225,0.12116697999999998,-0.197391845,0.027428520000000012,-0.143278925,0.13059560999999997,-0.04911554500000004,0.06964197999999999,-0.06018624500000003,0.18070343999999994,0.006172454999999966,-0.015006980000000003,-0.00889110500000001,0.015006980000000003,0.00889110500000001,0.028801240000000006,0.16516795500000003,0.013315509999999975,0.21863295500000002,0.06052784,0.311335625,-0.011943819999999994,0.359562755,-0.03186541999999998,0.09932730000000001,0.04221345999999998,0.08309267999999997,0.009428629999999993,0.14827629999999997,0.050107829999999964,0.055288000000000004,0.04380822000000001,0.17405906000000004,0.031726599999999994,0.14616766999999997,-0.0016914700000000282,0.20974185,-0.02525932999999997,0.1409298,0.06187303999999999,0.04521438,0.030013960000000006,0.01778221000000002,0.0989779663192834,0.16571876150380221
0.16458286499999997,-0.21058332000000007,0.16040100499999993,-0.2283791500000001,0.16519518499999997,-0.2259546500000001,0.12762408499999994,-0.2604192700000001,0.14579482499999996,-0.24973180000000006,0.05790372499999996,-0.24483465000000004,0.12015085499999995,-0.20108785000000007,0.03385968499999997,-0.13871575000000003,0.13033402499999996,-0.052642150000000054,0.09271379499999993,-0.04812245000000004,0.18021892499999992,0.0035413899999999776,-0.015450345000000032,-0.009005550000000029,0.015450344999999976,0.009005549999999918,0.028739674999999965,0.16286901999999992,0.012369944999999938,0.21809594999999993,0.060262544999999945,0.30898198999999993,-0.012456935000000058,0.3556537999999999,-0.02404403999999999,0.10611890000000002,0.05885410999999996,0.09059329999999999,0.01018317000000002,0.1484457,0.049884899999999954,0.05618354000000003,0.044190019999999997,0.17187456999999995,0.03152286999999998,0.14611297,-0.0030804000000000387,0.2090904,-0.024826879999999996,0.13755784999999998,0.062247129999999984,0.043746799999999975,0.03090069000000001,0.018011099999999947,0.11502005497977122,0.16485915807052387
0.16365307,-0.20754583999999993,0.15927976000000005,-0.22525032999999994,0.16434556,-0.22290639999999995,0.12656158,-0.25727423999999993,0.14557737000000004,-0.24691321999999993,0.058866920000000045,-0.24151589999999995,0.12018698,-0.19886249999999994,0.045534370000000046,-0.13071329999999992,0.13136774,-0.048377,0.11882970000000004,-0.038547069999999906,0.17991132000000004,0.00487190000000004,-0.01562542,-0.008905739999999995,0.01562542,0.008905739999999995,0.027829320000000046,0.162883,0.012055340000000025,0.21827190000000007,0.05934286000000005,0.31081880000000006,-0.012967779999999984,0.3573625,-0.013332549999999999,0.11080260000000003,0.07329532999999999,0.09216623000000002,0.011180760000000012,0.15048549999999994,0.04854358000000003,0.05324890000000004,0.04345474000000005,0.17178874,0.03151354000000001,0.14793580000000006,-0.0035700799999999755,0.20936616000000008,-0.02502312000000001,0.13909059999999995,0.061320059999999954,0.04265340000000001,0.03125084,0.01781147999999999,0.13768365094804577,0.16433541554989178
0.16335639000000002,-0.20896022500000005,0.15881702000000003,-0.22641978500000004,0.16394294000000004,-0.22415200500000004,0.12579128,-0.25834527500000004,0.14439624,-0.24816805500000005,0.058540340000000024,-0.24227425500000005,0.11904313999999999,-0.20044634500000003,0.04782352000000001,-0.130663525,0.13256070000000003,-0.049839625000000054,0.12232259000000001,-0.04084132500000004,0.18065164,0.005285774999999937,-0.01530277999999996,-0.008788175000000065,0.015302780000000016,0.008788174999999954,0.027513320000000008,0.1616969749999999,0.01119646000000002,0.217207775,0.05836537000000003,0.30989077499999995,-0.013763990000000004,0.355251015,-0.010716820000000016,0.11161073000000005,0.07449907,0.08982219999999996,0.01351756000000004,0.15060671999999997,0.04809093999999997,0.05512539999999999,0.04281609999999997,0.17048514999999997,0.03085205000000002,0.14819380000000004,-0.004106319999999997,0.20841960000000004,-0.024960450000000023,0.13804324,0.06050279999999997,0.041827910000000024,0.030605559999999976,0.01757635000000002,0.14130869361988804,0.16538594955152508
0.16336338,-0.21113239999999994,0.15837948000000002,-0.22878137999999998,0.16406257000000002,-0.22605282999999998,0.12489946000000002,-0.26036224999999996,0.14509399,-0.24902624999999995,0.05922670000000002,-0.24328009999999994,0.11959813000000002,-0.20074424999999996,0.04899586,-0.13259456999999997,0.13344088999999998,-0.050750239999999947,0.12253292999999998,-0.04241023999999993,0.18280767000000003,0.006773250000000064,-0.015233830000000004,-0.00878089999999998,0.015233830000000004,0.008780900000000091,0.027411030000000003,0.16223830000000006,0.010585559999999994,0.21683444000000007,0.05891892999999998,0.30941720000000006,-0.013282640000000012,0.3543801000000001,-0.010230840000000019,0.11068552999999998,0.07353706999999998,0.09018433000000003,0.013842759999999954,0.14999401,0.049366780000000055,0.05752349000000001,0.04264486000000001,0.17101920000000004,0.03150789999999998,0.1471789,-0.00464827000000001,0.20805353999999998,-0.023868200000000006,0.13754566000000001,0.060371430000000004,0.042535849999999986,0.030467660000000008,0.017561800000000072,0.14181189184879098,0.1675858660832354
0.16398134499999995,-0.21135693999999994,0.158742575,-0.22914671999999991,0.16428252499999996,-0.22634665999999992,0.12504276499999994,-0.2606991799999999,0.14418459499999997,-0.2491224399999999,0.05942879499999998,-0.2419251799999999,0.11944052499999996,-0.20004423999999993,0.05157011499999997,-0.1299913199999999,0.13514184499999998,-0.05030288999999988,0.12517633499999997,-0.03882070999999987,0.18325629499999996,0.007382600000000128,-0.015181155000000002,-0.008684009999999964,0.015181154999999946,0.008684010000000075,0.028165424999999966,0.1622274800000001,0.011471594999999946,0.21643164000000004,0.05851784499999996,0.3113867400000001,-0.013557435000000007,0.35570834000000007,-0.007858680000000007,0.11193386,0.07360622,0.09117061000000004,0.01570132000000002,0.14974135000000005,0.048114449999999975,0.057685490000000006,0.04334657999999997,0.17091149000000005,0.03035241999999999,0.14915926000000002,-0.0037095600000000006,0.20774762999999996,-0.025029029999999952,0.13927670000000003,0.060011729999999985,0.04188093999999998,0.030362309999999948,0.01736802000000004,0.14355641987034257,0.1680801783495237
0.163299115,-0.21138244000000006,0.15787635499999997,-0.2290918,0.16353827499999996,-0.22640400000000005,0.12382155499999997,-0.26033815000000005,0.143223875,-0.24895447000000004,0.058815534999999974,-0.24156808000000002,0.11888843499999996,-0.19983530000000005,0.05298450499999996,-0.12852700000000006,0.13695785499999996,-0.04842050000000009,0.12700445499999996,-0.03709644000000001,0.18408870499999996,0.00971769999999994,-0.015103875000000044,-0.00855729999999999,0.015103874999999989,0.00855729999999999,0.028220884999999973,0.16324496999999993,0.010722275000000003,0.21624259999999995,0.05944391499999996,0.313462,-0.013778095000000046,0.35632509999999995,-0.005831030000000015,0.11304107999999996,0.07401995,0.09143056000000005,0.018069420000000003,0.15141479999999996,0.04713085,0.05813820000000003,0.04332476000000002,0.17180226999999992,0.031223029999999985,0.15021703000000008,-0.0043815999999999855,0.20768529999999996,-0.02450037000000005,0.1400825,0.060072899999999985,0.04173277999999997,0.030207750000000033,0.01711459999999998,0.1449457138632547,0.16898881412179
0.16284097999999997,-0.21601211000000003,0.15723995999999996,-0.23362755000000002,0.16286252999999995,-0.23106985000000002,0.12269954999999999,-0.26385670000000006,0.14138171,-0.25270223,0.057562579999999974,-0.24272101000000001,0.11697100999999999,-0.20262991000000002,0.051194769999999945,-0.13301397000000004,0.13472975999999998,-0.05618723000000003,0.12210125999999999,-0.04296987000000008,0.18170440999999993,0.0072079299999999735,-0.014847650000000046,-0.008256629999999987,0.01484764999999999,0.008256629999999987,0.027130679999999963,0.16272803000000002,0.009745559999999986,0.21504283000000002,0.05846847999999999,0.3134581799999999,-0.015126790000000057,0.35424236,-0.006367810000000029,0.10970703999999998,0.07090649000000004,0.09004409999999996,0.01775874999999999,0.14644268,0.04697464999999995,0.06339516,0.04197833000000001,0.17098466,0.03133780000000003,0.1507301499999999,-0.005102090000000004,0.20678620000000003,-0.024872350000000043,0.13919952999999996,0.05940843000000001,0.04009109999999999,0.029695300000000036,0.016513259999999974,0.14127991004203574,0.16686005552374594
0.16185768,-0.218417715,0.15654690999999998,-0.235947285,0.16199689,-0.233662545,0.12222074,-0.265759915,0.14028839999999998,-0.255259455,0.05636851999999998,-0.244057415,0.11578589,-0.203676495,0.04841190000000001,-0.13518035500000003,0.13350886,-0.05722814499999995,0.11558555999999998,-0.04657191500000002,0.18197333,0.006688084999999955,-0.014848059999999996,-0.00848198499999997,0.014848059999999996,0.00848198499999997,0.025219879999999972,0.16092973499999996,0.008412890000000006,0.21564558499999997,0.05720977999999999,0.31167888499999996,-0.016157900000000003,0.355121385,-0.00795661999999997,0.10887705999999997,0.06717365999999997,0.08860844000000001,0.017722970000000005,0.14644835000000006,0.04846446999999998,0.06391622999999991,0.04006793999999997,0.16941171999999993,0.031989900000000016,0.15074915,-0.00643516999999999,0.2071636,-0.02457079000000001,0.13947580000000004,0.059417370000000025,0.04038091999999999,0.029696119999999993,0.01696396999999994,0.1358814630246131,0.16713489746244767
0.16239547999999998,-0.21955981500000005,0.15702427000000002,-0.237040095,0.16250255000000002,-0.23493587500000002,0.12235544999999998,-0.26638862500000005,0.14032572999999998,-0.256135545,0.05642918000000002,-0.24419676500000004,0.11526235000000001,-0.20351531500000003,0.048378980000000016,-0.13687629499999998,0.13281735,-0.05707266500000008,0.11409617,-0.049010595000000046,0.18248935,0.007336354999999961,-0.014688970000000023,-0.008570165000000074,0.014688970000000023,0.008570164999999963,0.024667769999999978,0.16073220499999996,0.008528299999999989,0.21554515499999993,0.056478379999999995,0.31122175499999993,-0.016248700000000005,0.355181375,-0.008050200000000007,0.10732047000000006,0.06571718999999998,0.08786569999999994,0.017554999999999987,0.14644264999999995,0.049671999999999994,0.06440902000000004,0.03935674,0.16930237000000004,0.03181061000000002,0.15048954999999997,-0.006160670000000035,0.20697498999999997,-0.024776999999999993,0.1396362200000001,0.05883316999999999,0.04068145000000001,0.029377940000000047,0.017140330000000037,0.13498533499385962,0.16780491594485689
0.16278716999999998,-0.21974644,0.15757897999999998,-0.23777252999999998,0.16228237999999995,-0.23521027,0.12355738999999999,-0.26701751999999995,0.13966718999999994,-0.2556649,0.057281079999999984,-0.24325272999999997,0.11585527999999995,-0.20217072999999997,0.04720369999999996,-0.13625900000000002,0.13342981999999998,-0.05598399999999992,0.11305551999999996,-0.04847570000000001,0.18268291999999997,0.007983049999999992,-0.014589580000000046,-0.00853589999999993,0.014589579999999991,0.00853590000000004,0.024788919999999992,0.16257500000000003,0.00844246999999998,0.21638384,0.05669263999999996,0.31284449999999997,-0.01641878000000002,0.35694596,-0.010077380000000025,0.10699372999999995,0.06585182,0.08778330000000001,0.017574540000000027,0.14618673000000004,0.049253099999999994,0.06396704999999991,0.03937850000000004,0.17111089999999995,0.03190371999999997,0.15026949999999994,-0.006147110000000011,0.20784793999999995,-0.02486125,0.14056212,0.058574199999999965,0.04108200000000001,0.029179160000000037,0.01707179999999997,0.13374774457182448,0.1680942491445739
0.16180936499999998,-0.21923672500000002,0.157001475,-0.237017305,0.16165549499999998,-0.234660645,0.123650545,-0.26689940500000003,0.139627145,-0.25614520500000004,0.05664254499999999,-0.24473348500000003,0.115476945,-0.20322294500000004,0.04329694500000003,-0.13928814499999997,0.13238940500000002,-0.05708050500000006,0.105887485,-0.05038844500000006,0.18329320500000001,0.00759399500000002,-0.014540894999999998,-0.008618294999999998,0.014540894999999998,0.008618294999999998,0.025500995000000026,0.16171415499999997,0.008136144999999984,0.21595665499999994,0.05729160500000002,0.3119519949999999,-0.016456205,0.357210055,-0.013345599999999957,0.10544534000000005,0.06259053999999997,0.08889969999999991,0.016912460000000018,0.14614243999999998,0.0509038,0.06467450000000008,0.040041890000000024,0.17033244999999997,0.03179061,0.15023783999999996,-0.006404750000000015,0.20733835999999994,-0.024592349999999985,0.14125340000000008,0.05883440000000001,0.041510539999999985,0.029081789999999996,0.017236589999999996,0.12746662363319627,0.16875541864137608
0.15851159000000004,-0.22060744999999998,0.15391965000000002,-0.23721530999999996,0.15929284999999999,-0.23558526999999996,0.12061019,-0.26695525,0.13850461000000003,-0.25791854999999997,0.055251490000000014,-0.24864767999999998,0.11196518999999999,-0.20718764999999995,0.03412677000000003,-0.15027122999999998,0.1295156,-0.06341794999999995,0.07742241999999999,-0.06560254999999993,0.18060759999999998,0.003681400000000057,-0.013264649999999989,-0.008483550000000006,0.013264649999999989,0.008483550000000006,0.026459410000000017,0.16194562,0.0070747899999999975,0.21613525,0.05468149,0.31056271,-0.016991389999999995,0.35572020000000004,-0.021124719999999986,0.09837645,0.04329564999999996,0.08466868000000005,0.017550410000000016,0.1437697,0.05109199999999997,0.06709935,0.039724060000000005,0.17042917000000002,0.028222079999999983,0.14861709,-0.0061898599999999915,0.2076517,-0.024066179999999993,0.13958495000000004,0.05671369999999998,0.04146003000000004,0.026529299999999978,0.016967100000000013,0.10717613925769526,0.16741183816960195
0.15880941000000004,-0.22025423,0.15425147000000006,-0.23688431999999998,0.15961011000000003,-0.23516016,0.12126165000000005,-0.2661022,0.13877185000000003,-0.2567956,0.05512603000000005,-0.2469851,0.11292409000000003,-0.20560514000000002,0.02206292000000004,-0.15352739999999998,0.13022311000000003,-0.06208170000000002,0.04164629000000003,-0.07840800000000003,0.18033827000000002,0.004508199999999962,-0.013081629999999955,-0.00805049999999996,0.01308163000000001,0.00805049999999996,0.02625670000000002,0.16500894,0.0076185400000000625,0.21711603999999995,0.05439480000000002,0.31307874,-0.017253949999999962,0.3586528,-0.03306311000000001,0.09345770000000003,0.01958336999999999,0.07511939999999995,0.01729902,0.14352344,0.05011515999999999,0.06658989999999998,0.03933832999999998,0.17305943999999995,0.0281381,0.14806980000000003,-0.005463089999999948,0.20906554,-0.024872490000000025,0.14153676000000004,0.057798059999999984,0.04137995999999999,0.026163259999999966,0.01610099999999992,0.089136541517923,0.16729414667997086
0.158333245,-0.21977109,0.153792745,-0.23613789999999996,0.15925413500000002,-0.2347399,0.12068951500000002,-0.26545298,0.13810080500000005,-0.25674331,0.053892675000000057,-0.24708005,0.11226079500000002,-0.20546084999999997,0.016436435000000027,-0.15578361999999996,0.12984973500000002,-0.06005684999999994,0.026165605000000036,-0.08631354999999996,0.180430235,0.0035802099999999726,-0.013082594999999975,-0.007922949999999984,0.01308259500000003,0.007922949999999984,0.02565974500000001,0.16634059,0.008261025000000033,0.21703055000000004,0.05441469500000001,0.31433595000000003,-0.01629722499999997,0.35977435,-0.03745624000000003,0.09129643000000004,0.00972917000000001,0.06947007,0.017588939999999997,0.14540400000000003,0.05058049999999997,0.06363705999999991,0.038742339999999986,0.17426354,0.02875495,0.14799536000000002,-0.004821569999999997,0.20910760000000006,-0.024558250000000004,0.14274379999999998,0.05836811999999997,0.04161920000000002,0.026165190000000005,0.01584589999999997,0.08766702556605874,0.1674039784601226
0.15888720499999998,-0.2204627,0.154272405,-0.23702320000000004,0.159625915,-0.23537182,0.12114343499999997,-0.26560806000000003,0.13869300499999998,-0.25618454,0.054847215000000005,-0.24649663,0.11287235499999998,-0.20421078000000004,0.016652104999999973,-0.15606375,0.129734905,-0.05841254000000007,0.024796454999999995,-0.08688115000000007,0.18103605499999997,0.00412053999999995,-0.013025995000000012,-0.007975399999999966,0.013025995000000012,0.007975399999999966,0.025575784999999962,0.16696025000000003,0.010172094999999992,0.21695085000000003,0.054568385,0.31459729999999997,-0.01506734500000001,0.3606735,-0.03819511000000003,0.09043288,0.008144350000000022,0.06918259999999993,0.01686255000000003,0.14579823999999997,0.05130114999999996,0.06253308000000002,0.038601779999999974,0.17493565,0.028992600000000035,0.14763704999999994,-0.0028539000000000203,0.20897545000000006,-0.025239440000000002,0.14372264999999995,0.058025139999999975,0.04228584999999996,0.026051990000000025,0.01595079999999993,0.08750231486689376,0.1680542775618139
0.15769680000000003,-0.21923810500000007,0.15362182000000002,-0.23591193500000007,0.15813844,-0.23432818500000008,0.12158774,-0.26473218500000006,0.13633425999999998,-0.25556290500000006,0.05355038000000001,-0.24509176500000007,0.11161797000000001,-0.20267796500000007,0.00997787,-0.15782263500000004,0.12813764,-0.05691739500000004,0.00799565000000002,-0.09397066500000006,0.18040332000000003,0.005489134999999923,-0.01293981999999999,-0.00809469500000004,0.01293981999999999,0.00809469499999993,0.02462462999999998,0.1677165949999999,0.01065366000000001,0.21963366499999992,0.05458244000000001,0.31459213499999994,-0.014878459999999982,0.36230513499999994,-0.04357251000000001,0.08726913000000003,-0.001982219999999979,0.06385196999999998,0.016519669999999986,0.14576057000000003,0.05226568000000004,0.06240652999999996,0.03756444999999997,0.17581128999999995,0.02995781000000003,0.14687554000000003,-0.0022861599999999815,0.21153897,-0.02553211999999999,0.14267147000000002,0.05806759,0.0424138,0.02587963999999998,0.01618938999999997,0.08839104099150435,0.1674837686916664
0.15805547500000006,-0.22085264500000001,0.15380375500000004,-0.23758697500000003,0.15863363500000005,-0.236066555,0.12110249500000003,-0.26630312500000003,0.13717342500000002,-0.25719950500000005,0.05386073500000005,-0.24709317500000005,0.111397515,-0.20347130500000005,0.018889475000000044,-0.15591517500000002,0.128529895,-0.05659977500000002,0.03198117500000003,-0.08189357500000005,0.182067235,0.004965064999999935,-0.013164024999999968,-0.00860797499999999,0.013164025000000024,0.00860797499999999,0.025559475000000054,0.16734825499999995,0.011921595000000007,0.220521925,0.05551849500000006,0.31362072499999993,-0.013012224999999988,0.36125182499999997,-0.034971260000000004,0.09117800000000004,0.013091699999999984,0.07402159999999997,0.017132380000000003,0.14687153000000003,0.05353733999999999,0.061564839999999954,0.03872350000000002,0.17595622999999994,0.029959020000000003,0.14627247,-0.0012424300000000166,0.21191395000000002,-0.024933819999999995,0.14072989999999996,0.057536779999999954,0.04362187000000001,0.026328049999999992,0.01721594999999998,0.08607478289487583,0.16894249063386094
0.15673687000000003,-0.22079387499999997,0.15258526000000006,-0.23712804499999995,0.15753903000000002,-0.23610057499999992,0.11982574000000001,-0.26588510499999995,0.13580021000000003,-0.25801817499999996,0.05253861000000004,-0.24710365499999992,0.10928883,-0.20439314499999994,0.021054440000000008,-0.15306555499999996,0.12674927000000002,-0.05692747499999995,0.04094087000000002,-0.0759716749999999,0.18140306000000006,0.004732375000000011,-0.013123589999999963,-0.00874512499999991,0.013123590000000018,0.00874512500000002,0.025590080000000015,0.1678030250000001,0.012082060000000006,0.222677475,0.05499156000000005,0.3136101250000001,-0.012479589999999985,0.36111182500000005,-0.031484170000000034,0.09403809999999996,0.01988643000000001,0.07709388000000006,0.01746044000000002,0.14746567,0.054653790000000035,0.06165984999999996,0.03871366999999998,0.17654815000000001,0.029401480000000035,0.14580709999999997,-0.0010415300000000127,0.21393235,-0.02456164999999999,0.13843435000000004,0.05675021999999996,0.04271050999999998,0.02624717999999998,0.01749024999999993,0.08626919994988998,0.1683273067153497
0.15443089,-0.22234939999999997,0.15021025999999998,-0.23855720000000002,0.15606543,-0.23753693999999997,0.11752474000000002,-0.26692835,0.13658344,-0.2592653,0.05123055999999998,-0.24841574,0.10909236,-0.20583819999999997,0.011770210000000003,-0.15549476,0.12273886,-0.05649879999999996,0.019507429999999992,-0.08769422999999998,0.17783029999999994,0.0006747000000000281,-0.013236560000000008,-0.008536199999999994,0.013236560000000008,0.008536199999999994,0.025074160000000012,0.1670566,0.011462260000000002,0.22165999999999997,0.054601960000000005,0.3121602,-0.012741869999999988,0.3600797,-0.03946034999999998,0.09292097999999999,0.007737219999999989,0.06780053000000003,0.013646500000000006,0.1493394,0.055091439999999936,0.05717349999999999,0.03831072000000002,0.1755928,0.029527799999999993,0.1451036,-0.0017743000000000064,0.21312379999999997,-0.02420412999999999,0.13841970000000003,0.05786180000000002,0.042577540000000025,0.026473120000000017,0.017072399999999988,0.08566307602812893,0.16478137767793294
0.156275035,-0.22471209999999997,0.151933975,-0.24146958000000002,0.15752337500000002,-0.24050348,0.118503095,-0.27045715,0.137044345,-0.26312121,0.051458895000000004,-0.24944604999999997,0.10853520500000002,-0.2078464,0.035945715000000045,-0.14208683,0.119857135,-0.05697271000000004,0.09814497500000002,-0.05668304999999996,0.17899607500000003,-0.0010599099999999417,-0.014395624999999967,-0.009492749999999939,0.014395625000000023,0.00949275000000005,0.026668525,0.16459849999999998,0.013971275000000005,0.22446105000000005,0.05551049499999999,0.31085815000000006,-0.011851824999999983,0.35867355,-0.01551317999999996,0.10735921999999998,0.06219925999999998,0.08540378000000004,0.01132192999999998,0.15087368999999995,0.05913894000000003,0.055912800000000096,0.041064149999999966,0.17409124999999992,0.028841969999999995,0.14625965000000007,-0.00042435000000001777,0.2149683,-0.025823099999999988,0.13421249999999996,0.05707631000000002,0.04159964999999999,0.02879124999999999,0.01898549999999999,0.12203405697775518,0.16493837265257016
0.15772185,-0.23137312999999998,0.15267205,-0.24903639999999994,0.15760827,-0.24737324999999993,0.11797532,-0.27597164999999996,0.13450613,-0.26658105,0.05161291000000001,-0.24938010999999993,0.10647893000000003,-0.20739572999999994,0.040147390000000005,-0.13973775,0.11750784000000003,-0.057194650000000014,0.11169442000000002,-0.05317564999999991,0.17718157000000007,-0.004928949999999932,-0.013947399999999999,-0.009736250000000002,0.013947399999999999,0.009736250000000002,0.026476319999999998,0.16388965,0.01510127,0.22357485,0.056034150000000005,0.3088009100000001,-0.011344259999999995,0.35697785000000004,-0.011465520000000007,0.10964235999999994,0.07154703000000001,0.08656210000000009,0.011028910000000003,0.15020107999999993,0.059673730000000036,0.05226570000000008,0.040423719999999996,0.1736259,0.029557830000000007,0.1449112600000001,0.0011538700000000013,0.2138386,-0.026445529999999995,0.13340300000000005,0.054866020000000015,0.04198437999999999,0.027894799999999997,0.019472500000000004,0.13293926585201377,0.16389161768262867
0.15528129499999999,-0.23067158000000004,0.150102315,-0.24775099,0.15577143499999996,-0.2466413,0.115379275,-0.27463990000000005,0.133874775,-0.26668632000000003,0.051106545,-0.24857649000000004,0.10453131499999996,-0.20909073,0.043606394999999964,-0.13314691,0.113773295,-0.05650730999999998,0.11921104499999996,-0.04594874999999998,0.174996255,-0.0063880900000000684,-0.013723435000000006,-0.009371149999999995,0.013723435000000006,0.009371149999999995,0.025688494999999978,0.16500254999999997,0.015144434999999956,0.22431254999999994,0.056052565,0.30900004999999997,-0.011145685000000016,0.35773245,-0.007500150000000039,0.11542958000000003,0.07560465,0.08719816000000002,0.009241980000000038,0.15258342000000003,0.06122295999999999,0.05011921999999991,0.039411929999999984,0.17437369999999996,0.03036407000000002,0.1439975,0.00142099999999995,0.21494139999999995,-0.026290119999999972,0.13341990000000004,0.053424769999999955,0.039485760000000036,0.027446870000000012,0.01874229999999999,0.13787493171215132,0.16204097048626312
0.149808175,-0.23595355,0.144639745,-0.25227668000000003,0.15087507499999997,-0.25131803,0.10925867499999997,-0.27683233,0.12871854499999996,-0.27012911,0.043557774999999965,-0.25127637,0.09947917499999998,-0.21146695000000004,0.037738574999999996,-0.13416400000000006,0.10559522499999996,-0.06229885000000002,0.11865173499999998,-0.04499845000000002,0.16655753500000003,-0.014697750000000065,-0.014524925000000022,-0.009820849999999992,0.014524924999999966,0.009820849999999992,0.02122147499999999,0.15783844999999996,0.012889254999999988,0.21850884999999998,0.05647267499999997,0.30913355,-0.012989025000000043,0.35672275,-0.005819199999999969,0.11711236999999997,0.08091315999999998,0.08916555000000004,0.006116049999999984,0.14916810000000003,0.060962310000000075,0.04760109999999995,0.03574640000000001,0.16765929999999996,0.03525119999999998,0.15129510000000002,-0.001635669999999978,0.20868799999999998,-0.02587828000000003,0.1382139,0.05592140000000001,0.039809419999999984,0.029049849999999988,0.019641699999999984,0.1377442786852347,0.15399700078044418
0.14425665,-0.24000949,0.13965629000000002,-0.25612171,0.14491064999999997,-0.25597516,0.10511955,-0.27891123,0.12195219000000002,-0.27401506999999997,0.03858630000000002,-0.25016895,0.0935107,-0.21257579,0.028405349999999996,-0.13725935999999994,0.09713519999999998,-0.06443600999999999,0.10541255,-0.05958806999999999,0.16095112,-0.020247579999999932,-0.014187110000000003,-0.009044649999999987,0.014187110000000003,0.009044649999999987,0.018420710000000007,0.16206825000000002,0.009937809999999991,0.21612156000000005,0.054112329999999986,0.31258112000000005,-0.01736523000000001,0.35474229,-0.010180950000000022,0.11290959000000006,0.0770072,0.07767128999999995,0.003624499999999975,0.14813978,0.06381592000000003,0.044188430000000056,0.03260782000000001,0.1711129,0.03569161999999998,0.15051287000000002,-0.004249300000000011,0.20707691000000006,-0.02730304,0.13862072999999997,0.054924399999999984,0.037593160000000014,0.028374220000000006,0.018089299999999975,0.12984111820764638,0.14965864281642072
0.14360544499999994,-0.24189887,0.13996134499999996,-0.25726688000000003,0.14452064499999995,-0.25798205,0.10654674499999994,-0.27942293,0.12102654499999999,-0.27707323,0.038619204999999934,-0.25151631,0.09028581499999994,-0.21602783000000003,0.028370714999999935,-0.13639813,0.09210404499999997,-0.06672083000000006,0.10871232499999994,-0.05456283000000006,0.15587006499999995,-0.026111960000000045,-0.01312838500000002,-0.008797469999999974,0.013128384999999965,0.008797469999999974,0.020604774999999964,0.16264917,0.010961514999999977,0.21631747,0.056053844999999936,0.31385646999999994,-0.01719393500000005,0.35411167,-0.010248489999999999,0.11511818000000001,0.08034161000000001,0.08183529999999994,0.0018182300000000318,0.14930699999999997,0.06376601999999998,0.04060887000000002,0.033733159999999984,0.17144663999999998,0.03544906999999997,0.15120729999999993,-0.0021668699999999874,0.20752000000000004,-0.028155450000000026,0.13779419999999998,0.05166661,0.03548847999999999,0.026256769999999985,0.017594939999999948,0.13015232148998995,0.14694847910797615
0.14132128,-0.24569423499999998,0.13740234999999995,-0.26090110499999997,0.14184258,-0.261680235,0.10360692999999999,-0.28341095499999996,0.11685548999999995,-0.28117682499999996,0.03799684999999997,-0.255101985,0.08461593999999995,-0.22114558499999998,0.03139780999999997,-0.13509998499999998,0.08638449999999998,-0.070489425,0.11381812999999996,-0.05851968499999993,0.15187817999999997,-0.03529948500000002,-0.011588420000000044,-0.008765684999999968,0.011588419999999988,0.008765684999999968,0.020259729999999976,0.16104601500000004,0.010384939999999954,0.21561025499999997,0.05457042999999995,0.31415631499999996,-0.01674450000000005,0.351983115,-0.0065990400000000005,0.120002,0.08242031999999999,0.07658030000000005,0.00176856000000003,0.15065615999999998,0.06549368,0.035189939999999975,0.03184815000000002,0.1698117,0.03431069999999997,0.15311029999999992,-0.0012034800000000345,0.20684457,-0.027129440000000005,0.13637286000000004,0.046619089999999974,0.0339564,0.023176840000000032,0.017531369999999935,0.1349157637153735,0.14704746161694357
0.136478675,-0.24803072000000004,0.13366978499999999,-0.2622353,0.137442785,-0.26439797000000004,0.10120599499999999,-0.28446020000000005,0.112685965,-0.28575733000000003,0.03568215499999999,-0.25786593,0.07813678499999999,-0.22628310000000001,0.027445225000000018,-0.13881100000000002,0.078547105,-0.07581720000000003,0.10825507499999998,-0.06389030000000007,0.14592242500000002,-0.04411706000000004,-0.010256154999999989,-0.00856940000000006,0.010256154999999989,0.00856939999999995,0.020290185000000016,0.15925274,0.007988125000000013,0.2145108,0.052753494999999984,0.31146019999999996,-0.017442575000000016,0.3508319,-0.008236929999999976,0.11905493,0.08080984999999996,0.07492069999999995,0.00041032000000001956,0.15046589999999999,0.06737532000000002,0.03170013999999999,0.030546340000000005,0.16782214000000006,0.03246330999999997,0.15220745999999996,-0.0022680299999999765,0.20594140000000005,-0.02543070000000003,0.13632109999999997,0.04245462999999999,0.031582830000000006,0.020512309999999978,0.01713880000000001,0.13078728383494664,0.14553762359968817
0.12974532500000002,-0.25433777500000004,0.127136945,-0.268034205,0.131570715,-0.27085246500000004,0.09543712500000001,-0.28901080500000004,0.109155585,-0.292435535,0.033269095000000026,-0.25922717500000003,0.07303236499999999,-0.23236963500000002,0.02653207499999999,-0.13343513500000004,0.07094244500000002,-0.08046683500000007,0.109386015,-0.06746063499999999,0.139298125,-0.05511628499999999,-0.00958500499999998,-0.007927165000000014,0.00958500499999998,0.007927165000000014,0.020446524999999993,0.15956356500000002,0.005250044999999981,0.21552796499999993,0.051915725000000024,0.308783865,-0.01850961499999998,0.348666265,-0.006737020000000038,0.12579204,0.08285394000000001,0.06597450000000005,-0.0020899199999999674,0.15190279999999995,0.06835567999999997,0.025350550000000083,0.030031529999999973,0.16749073000000003,0.03146920000000003,0.14922029999999997,-0.004334959999999999,0.20760079999999992,-0.02375965999999996,0.13313830000000004,0.03976326999999996,0.026857540000000013,0.01917000999999996,0.015854330000000028,0.13303509931623794,0.14422194731744856
0.128723875,-0.26007072999999997,0.126788625,-0.27434288999999995,0.129700315,-0.27721359999999995,0.096080355,-0.29621692999999993,0.10478038499999998,-0.29975822999999996,0.030416054999999997,-0.26427422999999994,0.06988583500000001,-0.23702257999999998,0.021705874999999986,-0.13707252999999997,0.066199915,-0.08454796999999992,0.11118940499999996,-0.07468428999999999,0.139049005,-0.06599352999999997,-0.009597495000000011,-0.008555029999999908,0.009597495000000011,0.008555030000000019,0.02166013499999997,0.15468847000000008,0.005270975000000011,0.21386883,0.05379705499999998,0.30394507000000004,-0.01913284500000001,0.34557137000000004,-0.008710180000000012,0.12720169999999997,0.08948352999999998,0.062388239999999984,-0.003685920000000009,0.15247461000000007,0.07284909,0.01855443999999995,0.03125762999999998,0.16324349999999999,0.03213692000000001,0.14925659999999996,-0.00432652,0.2053138,-0.02440382000000002,0.13170254000000003,0.03946978000000001,0.02725164999999996,0.019194990000000023,0.017110059999999927,0.13770459048179043,0.149382667131611
0.125667105,-0.26616003,0.122698325,-0.27926704999999996,0.126391215,-0.28346073,0.090501165,-0.30210229,0.09931816500000001,-0.30681355,0.03242208499999999,-0.26806195,0.058978215,-0.24339544999999996,0.02596896500000001,-0.13706065,0.060130464999999966,-0.08827920999999994,0.111832765,-0.08416384999999993,0.14112806499999997,-0.07844182,-0.004779564999999986,-0.009147849999999957,0.004779564999999986,0.009147850000000068,0.028643205000000005,0.15963125,0.004139734999999978,0.21538505000000008,0.051115524999999995,0.29839472,-0.02333818500000001,0.34103755,-0.006453119999999979,0.1310013,0.08586379999999999,0.05289680000000008,0.0011522499999999658,0.15511624000000002,0.0809976,0.009837389999999946,0.03342276999999999,0.16877909999999996,0.02247231999999999,0.13876347,-0.0006398300000000079,0.2062372,-0.02747791999999999,0.12565249999999994,0.02655613000000001,0.024666500000000036,0.009559129999999971,0.018295700000000026,0.13865726004803677,0.16205821097049944
0.11972888500000001,-0.26828093999999997,0.11759608500000002,-0.28083953999999994,0.11968487499999997,-0.28587719999999994,0.08688785500000001,-0.30104684,0.090699855,-0.30798395999999995,0.030668224999999993,-0.26457479999999994,0.04930150499999997,-0.24229883999999996,0.024680654999999996,-0.1349105399999999,0.052948704999999985,-0.08877276999999995,0.10621192499999998,-0.08777206999999998,0.13206752500000002,-0.08368453999999992,-0.0021476750000000155,-0.009081899999999976,0.0021476750000000155,0.009081900000000087,0.030816285,0.15570682000000002,0.0024718049999999936,0.2136381300000001,0.04825153500000001,0.29781276,-0.024996995000000022,0.34223336000000004,-0.005987569999999998,0.12966426000000003,0.08153126999999999,0.04713846999999993,0.003647200000000017,0.15352607000000001,0.07911882000000003,0.005088230000000027,0.032963960000000014,0.16478872,0.017435250000000013,0.14210594,0.00032412999999997805,0.20455623,-0.027468800000000015,0.12859522999999995,0.018633279999999974,0.022275959999999984,0.004295350000000031,0.018163800000000063,0.1339176828009987,0.15963953086343025
0.11386668500000002,-0.2750681849999999,0.11195415500000006,-0.2874586249999999,0.11349020500000001,-0.29274934499999994,0.08175391500000001,-0.3069850149999999,0.08399686500000003,-0.3145017349999999,0.028181555000000025,-0.26950621499999994,0.04055745500000002,-0.24824330499999991,0.020221125000000006,-0.13474708499999988,0.04195830500000003,-0.09216268499999991,0.10194683500000001,-0.09686378499999992,0.12577176500000004,-0.09749498499999987,-6.308499999996275e-05,-0.00943458499999994,6.308500000001827e-05,0.00943458500000005,0.029379085000000027,0.15334281500000013,-0.0013928949999999496,0.21559191500000008,0.04497665500000003,0.2921718150000001,-0.027648744999999975,0.3391829150000001,-0.007960430000000018,0.13475913000000006,0.08172571000000001,0.03788329999999995,0.001400850000000009,0.15608062,0.08381346,-0.0053322999999999565,0.02944216999999999,0.16277740000000007,0.015597570000000005,0.13882899999999998,-0.0014559799999999679,0.20615733000000003,-0.026255850000000025,0.123591,0.012375899999999995,0.021262910000000024,0.00012616999999998102,0.01886916999999999,0.13434987454793693,0.16503516342806246
0.10589529499999994,-0.282454875,0.10545565499999998,-0.294728935,0.10489012499999995,-0.301609635,0.07880784499999999,-0.311182605,0.07351704499999995,-0.324203705,0.02891329499999995,-0.268760835,0.026531744999999995,-0.255525855,0.03519146499999998,-0.13517140500000002,0.029605594999999985,-0.10411800500000001,0.12372537499999997,-0.11040310499999995,0.11383997499999998,-0.10787560500000004,0.00469754499999997,-0.010241834999999977,-0.004697545000000025,0.010241834999999977,0.030787814999999996,0.14535632499999995,0.002647324999999978,0.21275199499999997,0.04055537499999995,0.29100229499999997,-0.028766975000000028,0.332577495,0.006278170000000027,0.13358942999999995,0.08853391,0.024768300000000076,0.003073849999999989,0.15140785,0.08423438,-0.0037576000000000276,0.026090270000000026,0.15559815999999993,0.009767559999999953,0.14564597,0.007344870000000003,0.20251016,-0.031414300000000006,0.11982550000000003,-0.0023815499999999545,0.013234979999999952,-0.009395089999999995,0.020483669999999954,0.1555631843416745,0.1673405906524296
0.09884272,-0.28640255499999995,0.09922552000000001,-0.2977969649999999,0.09755035000000001,-0.30580851499999995,0.07418242000000003,-0.3120279649999999,0.06576451999999999,-0.3278333849999999,0.027009680000000036,-0.26804545499999993,0.017309770000000002,-0.2575120349999999,0.027256720000000012,-0.13310901499999994,0.023522600000000005,-0.1050080149999999,0.10136162000000004,-0.10796651499999999,0.11022406000000001,-0.11159821499999989,0.007479800000000036,-0.009611784999999928,-0.007479799999999981,0.00961178500000004,0.03313489000000003,0.1429497850000001,0.0003396400000000299,0.20639208500000006,0.03726432000000002,0.2909103850000001,-0.03074980999999999,0.33262008500000007,0.00024703999999997617,0.13493644,0.07410490000000003,0.025142499999999957,0.0062128300000000025,0.15250402000000002,0.08670146000000001,-0.0065901999999999905,0.02565508999999999,0.15256157000000004,0.0041294299999999895,0.1479606,0.00781944000000001,0.19678030000000002,-0.03108945000000002,0.126228,-0.009699910000000034,0.010533420000000016,-0.014959600000000017,0.019223569999999968,0.13596855901231472,0.1689558011993065
0.09125456999999998,-0.2961074199999999,0.09231418999999996,-0.30617887999999993,0.09061106999999996,-0.31464744999999994,0.06793034999999997,-0.3192761699999999,0.05895222,-0.33626284999999995,0.018521049999999983,-0.27400184999999994,0.010885569999999956,-0.26237029999999995,0.001526050000000001,-0.12544634999999993,0.011385270000000003,-0.10368244999999987,0.056363079999999954,-0.05729661999999991,0.10030327,-0.11922294999999994,0.006537949999999959,-0.008347649999999929,-0.006537950000000015,0.00834765000000004,0.029375799999999952,0.1440541500000001,-0.007321250000000001,0.20250635000000006,0.037238629999999995,0.28411909000000013,-0.033050000000000024,0.3279241500000001,-0.016994999999999982,0.1485555,0.05483702999999995,0.06814973000000002,0.0004997000000000473,0.15868785000000007,0.088918,-0.015540500000000068,0.022837849999999993,0.15240180000000003,0.007862830000000043,0.14006494000000003,-0.0007832999999999868,0.19415870000000002,-0.025728750000000022,0.12541780000000002,-0.007635480000000028,0.01163154999999999,-0.013075899999999974,0.01669529999999997,0.06984658362137548,0.16640103447830004
0.08936403000000004,-0.299445855,0.09141319000000003,-0.30946842499999994,0.08894165000000004,-0.319810885,0.06808853000000004,-0.31997812499999995,0.05738981000000004,-0.34155397499999995,0.023363700000000043,-0.27065055499999996,0.0024197300000000643,-0.26174454499999994,0.0040350700000000295,-0.1186451249999999,0.007974730000000041,-0.10698812499999999,0.028407830000000023,-0.020939664999999996,0.10186353000000004,-0.12596108499999992,0.011576430000000026,-0.008879525,-0.011576429999999971,0.008879525,0.03597989000000007,0.147577175,-0.003054469999999976,0.20081597500000004,0.03802456000000004,0.29118512500000004,-0.03009078999999998,0.32674847500000004,-0.019328630000000013,0.15200543000000005,0.024372759999999993,0.09770545999999991,0.005554999999999977,0.15475641999999995,0.0938888,-0.018972959999999928,0.024403460000000043,0.1564567,0.0020446699999999707,0.14360795000000004,0.008521959999999995,0.19193645000000004,-0.027036320000000003,0.1259325,-0.02094396999999998,0.00890601000000002,-0.023152859999999997,0.01775905,0.02070611027642806,0.17621184588436067
0.08219754000000001,-0.302825335,0.08555995999999999,-0.312436295,0.08071487999999999,-0.32248273499999996,0.06553756999999999,-0.32241993499999994,0.04761921999999996,-0.344115735,0.021417379999999986,-0.27231033499999996,-0.004414770000000012,-0.26438466499999996,0.0025366,-0.120769935,0.0012164699999999695,-0.10614043499999992,0.028186969999999978,-0.0243719349999999,0.0939123,-0.128472135,0.01263439999999999,-0.0077488350000000095,-0.01263439999999999,0.0077488350000000095,0.03427678000000001,0.14727961500000009,-0.011709159999999996,0.20175873500000008,0.03756435999999996,0.287558305,-0.03213874,0.32486056500000005,-0.018880779999999986,0.15154039999999996,0.025650369999999978,0.0963980000000001,0.005631239999999982,0.15824423000000004,0.09269583000000003,-0.022331700000000065,0.021642380000000017,0.1550284500000001,0.0032875799999999566,0.14027868999999993,0.0009252399999999938,0.19400990000000007,-0.020429580000000003,0.12310182999999997,-0.025832149999999998,0.007925669999999996,-0.02526879999999998,0.015497670000000019,0.022764223843893646,0.17294031325469172
0.07886042999999998,-0.30315144999999993,0.08220092999999995,-0.31312151999999993,0.07686318999999997,-0.3230596699999999,0.062357729999999945,-0.3234460899999999,0.04218452999999994,-0.3448539499999999,0.017844329999999964,-0.27207272999999993,-0.009449910000000006,-0.26270808999999995,0.00015579999999998373,-0.1213247999999999,-0.004954570000000047,-0.10359964999999993,0.030267169999999954,-0.025201649999999964,0.09109036999999998,-0.13141174999999994,0.012836729999999963,-0.008351849999999938,-0.012836730000000018,0.00835185000000005,0.036248049999999976,0.14691765000000012,-0.011962220000000023,0.20132521000000003,0.03915588999999997,0.28932425000000006,-0.031360250000000034,0.32597015000000007,-0.01768852999999998,0.15074793000000003,0.03011136999999997,0.09612314999999994,0.004495339999999959,0.15910844000000002,0.09604494000000002,-0.027812100000000006,0.023411320000000013,0.15526950000000006,0.002907839999999995,0.14240659999999994,0.000874509999999995,0.19297335999999998,-0.01939803000000001,0.12464494000000004,-0.02729423999999997,0.00936463999999998,-0.02567345999999998,0.016703699999999988,0.0242432670783787,0.1741686137034167
0.07640025,-0.30788328,0.08077839999999997,-0.31934061999999996,0.0743879,-0.3285265,0.06244830000000001,-0.32878944,0.03880304000000001,-0.35043004,0.015808999999999962,-0.27172935,-0.011089860000000007,-0.26460748,0.002891839999999979,-0.11836398000000004,-0.010549630000000032,-0.10492338000000001,0.03244868000000001,-0.028944850000000022,0.09300214000000001,-0.14016414,0.01213091999999999,-0.007836819999999967,-0.01213091999999999,0.007836819999999967,0.04372223999999997,0.14377707000000006,-0.01195934000000004,0.19444412,0.04497205999999998,0.28846452,-0.02401310000000001,0.32181722,-0.012917159999999983,0.15336536999999995,0.02955684000000003,0.08941913000000001,0.0005402299999999749,0.1596841,0.10355177000000004,-0.03524075999999998,0.03159131999999998,0.15161389000000003,0.0012498200000000126,0.14468744999999994,0.000171579999999949,0.18660730000000003,-0.012053759999999969,0.12737310000000002,-0.02689885999999997,0.007121869999999975,-0.02426183999999998,0.015673639999999933,0.02929778663821728,0.1815413023691446
0.07352048500000002,-0.31157827,0.07771250500000004,-0.32310166999999995,0.07129901500000002,-0.33226459999999997,0.05929052500000004,-0.33226371,0.034502085000000016,-0.35402326999999995,0.012761155000000024,-0.27323286999999996,-0.015191744999999979,-0.26661068,0.0010382250000000592,-0.11904837999999995,-0.014612584999999956,-0.10690434999999998,0.03487929500000003,-0.03447334999999996,0.09229060500000003,-0.14488415,0.012459725000000033,-0.008175649999999979,-0.012459724999999977,0.00817565000000009,0.04667755500000004,0.14396295000000003,-0.010990544999999963,0.19551638000000005,0.045588075000000006,0.28933275,-0.024438344999999972,0.31957725000000003,-0.011722929999999965,0.15418449,0.03384106999999997,0.08457503,0.000579160000000023,0.15970633,0.10690318999999998,-0.03797980000000001,0.034217830000000005,0.1521386,-0.0010894800000000315,0.1453698,0.0014691800000000144,0.18734072999999996,-0.01344780000000001,0.12406086999999999,-0.027952900000000003,0.006622189999999972,-0.02491945000000001,0.01635130000000007,0.034557287860520806,0.18547219201580845
0.069050375,-0.31170855000000003,0.073669765,-0.32258535000000005,0.06726874500000002,-0.33286545000000006,0.05576297499999999,-0.3308746000000001,0.030887445000000013,-0.35543348,0.010723855000000004,-0.27247960000000004,-0.020810604999999982,-0.26709703000000007,0.0026021950000000293,-0.11765358000000004,-0.02077905499999999,-0.10449138000000002,0.035589725000000016,-0.03390062000000005,0.08714938500000002,-0.14732118000000005,0.013445585000000038,-0.008290120000000067,-0.013445584999999982,0.008290119999999956,0.04824340500000002,0.1424645699999999,-0.011613994999999988,0.19459622,0.04568424500000001,0.28990346,-0.025587234999999986,0.32023011999999995,-0.008121659999999975,0.15482602,0.03298752999999999,0.08375295999999999,3.154999999999131e-05,0.16260565000000005,0.10792844000000001,-0.04282980000000003,0.03479781999999998,0.15075468999999997,-0.0025591600000000048,0.1474388900000001,0.001831589999999994,0.18630610000000003,-0.013973239999999998,0.12563389999999997,-0.031534459999999986,0.005382569999999975,-0.02689117000000002,0.016580240000000024,0.03385647126606076,0.18529496668013112
0.06129991499999998,-0.30971056999999996,0.06609784499999999,-0.31956373,0.058617914999999965,-0.33073647,0.04920390499999999,-0.32960414,0.021848044999999983,-0.35461913,0.007285414999999962,-0.27519677,-0.030766194999999996,-0.26684536999999997,-0.00637475500000001,-0.12289596999999997,-0.02718588500000002,-0.10324513000000002,0.032376744999999985,-0.033162399999999925,0.07599666499999996,-0.14388736999999996,0.01601201499999999,-0.00954942999999997,-0.01601201499999999,0.00954942999999997,0.045864674999999966,0.14524479,-0.017554915000000004,0.20282483000000007,0.04007518499999996,0.28695519,-0.03571349500000004,0.32140453,-0.013660169999999972,0.15230080000000001,0.038751499999999994,0.08973357000000004,0.0035803099999999755,0.16360023999999995,0.10318254999999998,-0.04064223999999994,0.029852659999999975,0.15479421999999998,-0.005789490000000008,0.14171040000000001,-0.0015429000000000137,0.1932754000000001,-0.018158580000000035,0.11857969999999995,-0.03805160999999996,0.008351400000000009,-0.03202402999999998,0.01909885999999994,0.02872937068913619,0.17890905172623986
0.058091930000000014,-0.31088442999999993,0.06357256000000006,-0.3216552899999999,0.054017990000000016,-0.33255798999999997,0.04838933000000001,-0.33082916999999995,0.01557249000000005,-0.35514418999999997,0.007412500000000044,-0.27327176999999997,-0.03480770999999999,-0.26495757,-0.006660069999999962,-0.12012606999999997,-0.031749839999999974,-0.1017591699999999,0.03232417000000004,-0.03396376999999995,0.07165349000000004,-0.1456511199999999,0.01731503000000001,-0.009812729999999936,-0.017315029999999954,0.009812730000000047,0.04670856000000001,0.14405803000000006,-0.018777819999999945,0.20305213,0.03940813000000004,0.28499697,-0.03832542999999994,0.32163523000000005,-0.014072570000000006,0.1531457,0.03898424,0.08616230000000002,0.003057870000000018,0.16319840000000008,0.10340333000000002,-0.04389195000000001,0.02939353,0.15387076,-0.007300429999999969,0.14093893999999996,-0.0014627899999999916,0.19323939999999995,-0.019547609999999993,0.11858310000000005,-0.042220210000000036,0.008314199999999994,-0.03463005999999996,0.019625459999999983,0.028434961167921463,0.1791212053549576
0.05483339000000004,-0.3134331,0.06019414000000006,-0.3246219,0.05007771000000005,-0.33468157000000004,0.045801810000000054,-0.33420267000000003,0.011031630000000014,-0.35661512,0.0078047300000000375,-0.27536198,-0.03858418999999996,-0.26589626000000005,-0.0045709499999999625,-0.12304523,-0.035623449999999945,-0.10377310000000006,0.03371654000000002,-0.038895800000000036,0.06829808000000004,-0.14789970000000008,0.018590490000000015,-0.010186200000000034,-0.01859048999999996,0.010186199999999923,0.048320660000000015,0.14215499999999992,-0.019780539999999958,0.20212549999999996,0.03871593000000001,0.28396299999999997,-0.03825430999999996,0.31976899999999997,-0.01237568,0.15231675,0.03828748999999998,0.08414942999999997,0.0029607400000000172,0.16212316,0.10392152999999998,-0.044126600000000016,0.02973017,0.15234119999999995,-0.009604730000000006,0.14180800000000005,-0.001190049999999998,0.19193930000000003,-0.01847377,0.11764350000000001,-0.04638892,0.009465719999999955,-0.037180979999999975,0.020372399999999957,0.03245055501470661,0.18039061886765315
0.052316500000000044,-0.31540725999999997,0.057416560000000005,-0.32703537999999993,0.047555000000000014,-0.33675046,0.04290080000000002,-0.33813751999999997,0.007854500000000042,-0.35996002999999993,0.004967100000000002,-0.27862081999999994,-0.041523129999999964,-0.26812434999999996,-0.005563700000000005,-0.12465967999999994,-0.03944822999999997,-0.10462748,0.033163580000000026,-0.041628049999999917,0.0650252,-0.14928567999999998,0.018528299999999998,-0.010691919999999966,-0.018528299999999998,0.010691920000000077,0.05018285,0.14030242000000004,-0.020456879999999955,0.20237358000000005,0.03928580000000004,0.28464732000000004,-0.03943427999999999,0.31757732000000005,-0.010530800000000007,0.15396114,0.03872728000000003,0.08303163000000002,0.0020748999999999906,0.16349686999999996,0.10447342999999998,-0.04465819999999998,0.031654550000000004,0.15099434,-0.010897049999999964,0.1443449,-0.0019285799999999576,0.19168165999999998,-0.018977400000000033,0.11520374,-0.046490229999999966,0.01049646999999998,-0.037056599999999995,0.021383840000000043,0.034223318951488294,0.180482741180452
0.05144661499999997,-0.31669352,0.05729225499999996,-0.3288937,0.047382924999999965,-0.33836508000000004,0.04360858499999998,-0.3376333,0.00777065499999996,-0.36099250000000005,0.005604264999999997,-0.27438617000000004,-0.041715815000000045,-0.2668904,0.0010105049999999949,-0.12021300000000001,-0.04098904500000006,-0.10514810000000008,0.03361886499999994,-0.0423192,0.06833142499999995,-0.1563696,0.018262714999999985,-0.010069500000000065,-0.01826271500000004,0.010069499999999953,0.05660378499999996,0.13473406,-0.01591421500000001,0.1932581,0.04069648499999995,0.28281435,-0.027941765000000007,0.3161554,-0.004593760000000002,0.15417317000000003,0.03260835999999995,0.07789380000000001,0.0007267699999999877,0.16174229999999995,0.10932047,-0.05122149999999992,0.03834106999999998,0.14480356000000005,-0.015907300000000013,0.14808029,0.002348500000000031,0.18318860000000003,-0.012027549999999998,0.12289729999999999,-0.04732008000000004,0.007495770000000013,-0.036525430000000025,0.020139000000000018,0.03571910543270218,0.18761801377039888
0.046319129999999986,-0.31581705000000004,0.052955609999999986,-0.3272684900000001,0.041662560000000015,-0.33787135000000007,0.04073737999999999,-0.33689077000000006,0.0034235899999999764,-0.3612922800000001,0.004570709999999978,-0.2766463800000001,-0.04666904999999999,-0.26679892000000005,-0.0033794699999999955,-0.12183080000000002,-0.043254630000000016,-0.10031591000000006,0.03342377000000002,-0.03819410000000001,0.06336933,-0.15111242000000003,0.01978186999999998,-0.011016450000000066,-0.01978186999999998,0.011016449999999955,0.052690159999999986,0.13854964999999997,-0.019290790000000002,0.20261244999999994,0.03862582999999997,0.27713754999999995,-0.03787147000000002,0.31712414999999994,-0.007950179999999973,0.15481558000000006,0.036803240000000015,0.08363670000000001,0.0034144199999999736,0.16648301,0.10662396000000002,-0.05079650999999996,0.03290829000000001,0.14956610000000004,-0.014064330000000014,0.13858789999999999,0.0004910799999999771,0.191596,-0.018580680000000016,0.1145117,-0.05123975999999997,0.00984746000000003,-0.03956373999999996,0.022032900000000022,0.030409309349810922,0.18220837672543183
0.04627122500000003,-0.31901863999999996,0.05273842500000003,-0.33179895,0.041040085000000004,-0.34051183999999995,0.040784295000000026,-0.33963966999999995,0.0013098950000000054,-0.36118588999999995,0.004506605000000052,-0.27502707,-0.04631815499999997,-0.26509236999999997,-0.0008603150000000004,-0.12112367000000002,-0.047047444999999966,-0.10209721999999999,0.033831705000000045,-0.04270887000000001,0.06378676500000002,-0.15803683999999996,0.01936022500000001,-0.010790870000000008,-0.019360224999999953,0.010790870000000008,0.057689425000000016,0.13245473000000008,-0.01588767499999999,0.19184690000000004,0.04042532500000001,0.27548713,-0.02868322499999998,0.31318723000000004,-0.005366920000000053,0.15390339999999997,0.034692020000000046,0.0784148,-0.0007292899999999936,0.16299514999999998,0.11083420999999999,-0.05593961999999997,0.03832920000000001,0.14324560000000008,-0.017264100000000004,0.14303239999999995,0.003472549999999963,0.18105603000000003,-0.012795549999999989,0.12134033,-0.050824760000000024,0.009934700000000019,-0.03872044999999996,0.021581740000000016,0.035045434187500106,0.18819197009942848
0.04139095500000001,-0.31974977000000004,0.04842663500000005,-0.33141619000000005,0.036249555000000044,-0.34149718000000007,0.03749148500000005,-0.34076032000000006,-0.0016816749999999936,-0.36417139000000004,0.0038524950000000113,-0.27928606000000006,-0.05109724499999996,-0.26882246000000004,-0.002461124999999953,-0.1263900400000001,-0.048490304999999956,-0.10334664000000005,0.03509155500000005,-0.043079200000000095,0.05930311500000002,-0.1549518700000001,0.02085818500000003,-0.011126100000000028,-0.020858184999999974,0.011126099999999917,0.053535475000000055,0.13726090999999996,-0.020367964999999988,0.19922375999999997,0.03798748500000004,0.2738327599999999,-0.03798778499999994,0.31224655999999995,-0.006313619999999964,0.15289601999999997,0.037552680000000005,0.08331084,0.002606940000000002,0.16547582,0.10779341999999997,-0.05160523000000006,0.032677290000000025,0.14838700999999999,-0.015547990000000012,0.13657184999999994,0.0004902199999999857,0.18809766000000006,-0.017619819999999953,0.11302279999999998,-0.05494973999999997,0.010463600000000017,-0.04171637,0.022252199999999944,0.034979843069500825,0.18441183838628936
0.03914422000000001,-0.3162717749999999,0.04651394999999997,-0.3281950549999999,0.03384594999999996,-0.3385788149999999,0.036090750000000005,-0.3366923849999999,-0.0041390300000000435,-0.3608870449999999,0.0023603499999999555,-0.2739167149999999,-0.052363450000000034,-0.26470025499999994,-0.002996050000000028,-0.12256411499999997,-0.04923925000000001,-0.1009998849999999,0.03610605,-0.04087811499999994,0.06011846999999998,-0.1515774649999999,0.020668509999999973,-0.010883384999999968,-0.02066851000000003,0.010883385000000079,0.05406257999999997,0.14063323500000002,-0.020026980000000028,0.20088018500000004,0.03932159999999996,0.27790058500000003,-0.03822043000000003,0.3156092850000001,-0.005356399999999983,0.15135259999999995,0.03910210000000003,0.08168600000000004,0.0031242000000000214,0.16370037000000004,0.10935771999999999,-0.05057758000000001,0.03339407,0.15151662,-0.014740980000000015,0.13726735,0.0006415300000000013,0.18999679999999997,-0.01819345,0.11472910000000003,-0.05472379999999999,0.009216459999999982,-0.04133702,0.021766770000000046,0.03373427736034224,0.18143887102890302
0.038903450000000006,-0.31898972,0.04585492000000002,-0.33161646,0.033088050000000035,-0.34125876,0.035113510000000014,-0.34054377999999996,-0.005970949999999975,-0.36289974999999997,0.0021186700000000447,-0.27579444999999997,-0.053220429999999985,-0.26525176,-0.0026274999999999493,-0.12334880000000004,-0.049317869999999986,-0.10174519999999998,0.036636080000000015,-0.04156799999999994,0.05793803000000003,-0.15152224999999997,0.02087075000000005,-0.011188599999999993,-0.020870749999999993,0.011188599999999993,0.05512803000000005,0.13924894,-0.02036300999999996,0.20049724000000002,0.03957050000000001,0.2780131,-0.03747916999999995,0.3135508,-0.004746169999999994,0.15244564999999993,0.039263579999999965,0.0817808000000001,0.0039025599999999994,0.16350656000000002,0.10725590000000002,-0.04977704999999999,0.03425728,0.15043753999999998,-0.015557530000000042,0.13876416000000003,0.0005077400000000343,0.18930864000000003,-0.01711615999999999,0.11305356,-0.05533910000000003,0.010542689999999966,-0.04174150000000004,0.022377199999999986,0.03422650397526594,0.18079171583015327
0.03756605000000002,-0.3190760350000001,0.044173110000000015,-0.33182848500000006,0.031278780000000006,-0.34130204500000005,0.033224120000000024,-0.3412979950000001,-0.008775489999999997,-0.36285103500000004,0.0017661600000000166,-0.27732596500000006,-0.055389980000000005,-0.26559043500000007,-0.0022700900000000024,-0.12261236500000006,-0.04979321999999997,-0.09863996500000005,0.03535602999999998,-0.04006646500000011,0.05855300000000002,-0.14957676500000006,0.021596979999999988,-0.011293965000000017,-0.021596979999999988,0.011293964999999906,0.054207249999999985,0.14222463499999993,-0.021685049999999984,0.20205619499999994,0.03983985000000001,0.279972095,-0.03782667000000001,0.31380053499999994,-0.004036250000000019,0.1547136,0.037626119999999985,0.08254589999999995,0.005596760000000034,0.16695047000000002,0.10834622,-0.050936800000000004,0.03261027,0.15351859999999995,-0.014367399999999975,0.13774746000000004,-8.806999999999565e-05,0.19076223000000003,-0.016141620000000023,0.11174434,-0.05715614000000002,0.011735529999999994,-0.043193959999999976,0.022587929999999923,0.03189307468953887,0.179731497141523
0.03679857000000003,-0.31824944999999993,0.04385910000000004,-0.33097965999999995,0.03047565000000002,-0.34080357999999994,0.033415850000000025,-0.34009895999999995,-0.009365709999999972,-0.36251071999999995,0.0012839099999999992,-0.27638359999999995,-0.05546562999999999,-0.26483852999999996,-0.0013281699999999619,-0.12216959999999999,-0.05033382999999997,-0.09660689999999994,0.037185670000000004,-0.041634199999999955,0.05668861000000003,-0.1470492,0.021350709999999995,-0.01130909999999996,-0.021350709999999995,0.011309100000000072,0.054455770000000014,0.1419064000000001,-0.019752889999999967,0.20208435000000002,0.04002822,0.2803668,-0.038163509999999956,0.31482600000000005,-0.002612079999999961,0.15421399999999996,0.038513839999999966,0.08053540000000003,0.00513180000000002,0.16823163000000002,0.10702244,-0.05044230000000005,0.03310506000000002,0.15321550000000006,-0.014427550000000011,0.13846039999999993,0.0015978200000000276,0.19077524999999995,-0.01841061999999999,0.11274165000000003,-0.05674953999999999,0.01154506999999999,-0.04270141999999999,0.022618200000000033,0.03421049032404534,0.17654315802361875
0.033767084999999974,-0.32149823999999994,0.04185506499999997,-0.33532146999999995,0.02648718499999997,-0.34483634999999996,0.03312450499999997,-0.3440528199999999,-0.013789115000000018,-0.36584430999999995,0.0010493449999999793,-0.2782698699999999,-0.057264355000000045,-0.2660492299999999,-0.0016231550000000428,-0.12455781999999993,-0.05128824500000001,-0.09873660999999989,0.036677954999999984,-0.04244663999999998,0.057149284999999994,-0.14807870999999995,0.021808144999999945,-0.011375929999999923,-0.021808145,0.011375930000000034,0.052632034999999966,0.14018879000000006,-0.02080583500000005,0.1998378300000001,0.03956100499999998,0.27749858000000005,-0.03901911500000005,0.31192163000000006,-0.002672500000000022,0.15371205,0.03830111000000003,0.08211117999999995,0.0059761100000000345,0.16731262000000002,0.10843753,-0.049342100000000055,0.03082389000000002,0.15156471999999999,-0.013071029999999983,0.13730979,0.0010023099999999507,0.18846190000000007,-0.01821328,0.11208379999999996,-0.058313700000000024,0.012220640000000005,-0.043616289999999946,0.022751859999999957,0.034445613208944396,0.1779327343962726
0.03279405499999999,-0.3257644349999999,0.04150852500000002,-0.3411860049999999,0.02481642500000003,-0.3488239649999999,0.03435775499999999,-0.3486368449999999,-0.016319605000000015,-0.36778162499999995,0.002234135000000026,-0.2792458649999999,-0.05632647499999999,-0.2663140149999999,0.0022898949999999862,-0.12443206499999993,-0.05258151499999997,-0.10013336499999992,0.03631082499999999,-0.04667186499999998,0.057938254999999994,-0.15050896499999988,0.02185079499999998,-0.011230334999999925,-0.02185079499999998,0.011230335000000036,0.056053725,0.13324166500000012,-0.01943847500000001,0.19155213500000012,0.04173400500000002,0.27464563500000005,-0.031760905000000006,0.3080738350000001,5.5759999999960286e-05,0.1548138,0.034020930000000005,0.07776019999999995,0.0037449600000000194,0.16618064999999999,0.11051976999999996,-0.050375599999999965,0.03420293000000002,0.14447200000000004,-0.01431971999999998,0.14140396999999993,0.002412319999999968,0.1803218000000001,-0.012322429999999995,0.11652169999999995,-0.05856061000000001,0.012931850000000022,-0.04370158999999996,0.02246066999999996,0.03827785934899971,0.18034936557801493
0.03153636999999998,-0.3255673499999999,0.03909254000000001,-0.3400472499999999,0.023594290000000018,-0.3482770699999999,0.030385459999999975,-0.3491400599999999,-0.017240230000000023,-0.3677434499999999,0.0005005000000000148,-0.28173942999999996,-0.05872685,-0.2668565299999999,-0.0004917799999999972,-0.12643355999999994,-0.05071428,-0.09836459999999991,0.03646063999999999,-0.04406119999999991,0.05536641999999997,-0.14433116999999995,0.02222708000000001,-0.011824799999999969,-0.02222708000000001,0.01182480000000008,0.05197337000000002,0.1388750500000001,-0.02197998000000001,0.20013510000000012,0.039980919999999975,0.2744217400000001,-0.03901288000000003,0.30846970000000007,-0.000992280000000012,0.15530587,0.036952419999999986,0.08237236000000003,0.008012569999999997,0.16849193,0.10608069999999997,-0.04596657000000004,0.02974629000000001,0.15069985000000008,-0.011992450000000043,0.13554668999999997,0.0002471000000000001,0.18831030000000004,-0.017032900000000017,0.10833459999999995,-0.05922735000000001,0.014882900000000032,-0.04445416000000002,0.02364960000000005,0.03523889492072071,0.1743715521777876
0.03134947499999996,-0.32399201,0.038613874999999964,-0.33879033,0.023434574999999958,-0.34732928999999996,0.029294414999999963,-0.34775599999999995,-0.01835252500000001,-0.36695384999999997,-0.0011184750000000077,-0.27890636999999996,-0.059227485000000024,-0.26441285,-0.00027732500000005045,-0.12343044999999997,-0.05035692500000005,-0.09557165000000001,0.037574004999999966,-0.04186599999999996,0.05425120499999997,-0.13940750999999996,0.02174032499999995,-0.011821850000000023,-0.021740325000000005,0.011821850000000023,0.051805414999999966,0.13988298,-0.022397005000000025,0.20196301000000005,0.040033174999999976,0.27509355,-0.03997044500000002,0.30938995,0.0008411499999999572,0.15547592,0.037851330000000016,0.08156445000000001,0.008870559999999972,0.16884119999999997,0.10460813000000002,-0.04383585999999995,0.030065090000000017,0.15170483,-0.01177223999999999,0.13521057000000003,-0.0006566800000000206,0.19014116000000003,-0.017573439999999996,0.10742693999999997,-0.058109010000000016,0.014493519999999982,-0.043480649999999954,0.023643700000000045,0.033961100859143195,0.1692484326596571
0.03096965500000004,-0.325770265,0.038288215000000014,-0.34065383499999996,0.02264165500000004,-0.348779705,0.029325825000000028,-0.348990325,-0.019172244999999977,-0.367045015,-0.0007862049999999843,-0.27998498499999996,-0.05883000499999996,-0.264347705,-0.0005864949999999647,-0.12367416499999995,-0.04931761499999998,-0.09429371499999994,0.03655932500000003,-0.041796865000000016,0.05434600500000003,-0.13741129499999993,0.02189351500000003,-0.011990665000000011,-0.021893514999999975,0.011990665000000011,0.05110415500000004,0.13744360499999997,-0.021977564999999977,0.20038408500000005,0.03997133500000005,0.27324593500000005,-0.041613244999999965,0.308571935,0.0001997100000000196,0.15631082000000002,0.037145819999999996,0.08187729999999993,0.009512389999999982,0.17005399000000004,0.10366362000000001,-0.04311757999999999,0.02921064000000001,0.14943426999999998,-0.011132819999999988,0.13580233000000008,-8.405000000000218e-05,0.18839342000000003,-0.01963567999999999,0.10818784999999997,-0.05804379999999998,0.015637279999999976,-0.043787030000000005,0.023981330000000023,0.033218903374375566,0.16773017039779095
0.032571505,-0.3290182499999999,0.04026122500000001,-0.3448942099999999,0.02392591500000002,-0.3519617099999999,0.03207050500000003,-0.3514026299999999,-0.018619885000000003,-0.3685197299999999,0.0013453549999999925,-0.2787599099999999,-0.05616639499999998,-0.2647297299999999,0.004048955000000021,-0.1215657699999999,-0.04811601500000001,-0.09560895999999985,0.037353405000000006,-0.044019169999999885,0.06107149500000003,-0.13874316999999992,0.02165819499999999,-0.011258829999999942,-0.02165819499999999,0.011258830000000053,0.055316785000000035,0.13130627000000006,-0.018792144999999982,0.18979407000000015,0.04216919499999999,0.27112453000000014,-0.03294967500000001,0.3059567700000001,0.002703600000000028,0.15719413999999998,0.033304449999999985,0.07754660000000002,0.008050379999999968,0.16912077000000003,0.10918751000000004,-0.04313421000000006,0.033658590000000044,0.1425651,-0.013147590000000042,0.13981826000000008,0.002866050000000009,0.1785352400000001,-0.01415753000000003,0.11616269999999995,-0.05751174999999997,0.014030180000000003,-0.04331638999999998,0.022517659999999995,0.03632601676291659,0.17130324460294408
0.03053842499999998,-0.3260833000000001,0.03796887500000001,-0.34138951000000006,0.021582125000000008,-0.3484445500000001,0.029899595,-0.34946230000000006,-0.019792915000000022,-0.3650079100000001,0.0012987250000000006,-0.2799954100000001,-0.05797397500000001,-0.2620969500000001,0.0007333749999999806,-0.12423718000000006,-0.04571044499999999,-0.09162051000000004,0.036135324999999996,-0.03797795000000004,0.06168878499999997,-0.1318184200000001,0.022500275000000014,-0.012171250000000078,-0.022500275000000014,0.012171249999999967,0.05188622500000001,0.13619804999999996,-0.020599935000000014,0.19795858999999993,0.03914822499999998,0.2768831799999999,-0.042565275000000014,0.3104266499999999,-0.00056535000000002,0.15575823000000005,0.035401950000000015,0.08625923000000002,0.012263530000000022,0.17047644000000006,0.10739922999999996,-0.04019791000000006,0.029385949999999994,0.14836930000000004,-0.012738000000000027,0.14068512999999994,0.0019003400000000004,0.18578733999999997,-0.02196534,0.11246805999999998,-0.05927270000000001,0.017898460000000005,-0.04500055000000003,0.024342500000000045,0.029187332070480465,0.1667957520154291
0.03193222499999998,-0.329923595,0.03989894499999996,-0.345938075,0.023155524999999955,-0.352783375,0.032465004999999936,-0.35175135500000004,-0.01909699500000006,-0.368558875,0.0022864449999999703,-0.27730386500000004,-0.05621911500000004,-0.26302002500000005,0.005249574999999951,-0.12132587500000003,-0.046159315000000034,-0.09350812500000005,0.03613720499999995,-0.04054242500000005,0.06480370499999999,-0.12987082500000002,0.021951924999999983,-0.011242175000000021,-0.02195192500000004,0.011242175000000021,0.056437904999999955,0.13014171499999994,-0.017486025000000016,0.188502705,0.039746564999999956,0.272605075,-0.033819365000000046,0.307443775,0.0029631299999999805,0.15597799,0.03088763,0.08078344999999998,0.010059800000000008,0.1695119,0.11096302000000002,-0.03636269999999997,0.03448597999999997,0.14138388999999996,-0.01669134,0.14246336000000004,0.004465900000000023,0.17726052999999997,-0.01633334000000003,0.11894106999999998,-0.05850556000000001,0.014283839999999992,-0.04390385000000002,0.022484350000000042,0.03255344557402335,0.16564847752302742
0.03223935,-0.32975371000000003,0.040132679999999976,-0.34541837000000003,0.02351274999999997,-0.35249672,0.032651910000000006,-0.35089029,-0.01845969000000003,-0.36786682,0.0037323499999999954,-0.27800728,-0.056175010000000025,-0.2619069,0.008367190000000024,-0.12413474999999996,-0.04586508,-0.08892230000000001,0.03578800999999998,-0.039794050000000025,0.06454367999999999,-0.12432019000000005,0.022364720000000005,-0.01137705,-0.022364720000000005,0.01137705,0.05546318,0.13189845,-0.017062450000000007,0.18898674999999998,0.03988828,0.27210144999999997,-0.033788910000000005,0.30868425,0.004634840000000029,0.15387253000000006,0.027420819999999957,0.08434069999999994,0.010309930000000023,0.1729846,0.11040876,-0.03539789000000004,0.033098459999999996,0.1432755,-0.015574900000000003,0.14020299999999997,0.005302269999999998,0.17760969999999998,-0.01672646,0.11969750000000001,-0.05990736000000002,0.016100380000000025,-0.04472944000000001,0.0227541,0.031427863488059454,0.16114220717793837
0.03346787499999998,-0.32858998,0.04120163499999996,-0.34420464,0.024605604999999975,-0.35140292,0.033307264999999975,-0.34961334,-0.01767925500000006,-0.36649514,0.003943254999999979,-0.27697739,-0.05543516500000001,-0.25997487,0.008416504999999963,-0.12502098000000006,-0.046073745000000055,-0.08567285999999996,0.037506174999999975,-0.039775919999999965,0.06344737499999997,-0.11843192000000002,0.022027534999999987,-0.011442720000000017,-0.022027535000000042,0.011442720000000017,0.05555562499999994,0.13441278,-0.015532325000000013,0.18981307999999997,0.03945966499999998,0.27315873,-0.03267343500000003,0.30984318,0.004473249999999984,0.15195640999999993,0.029089670000000012,0.0852450600000001,0.009361419999999954,0.17430201000000006,0.10952112000000003,-0.03275906000000006,0.033528089999999955,0.14585550000000003,-0.016095959999999965,0.13874595,0.006495210000000029,0.17837035999999995,-0.017141110000000015,0.12003010000000003,-0.05937841999999999,0.017002519999999965,-0.04405507000000003,0.022885440000000035,0.032285577561654316,0.15547791597084684
0.03411335000000004,-0.328917355,0.04214041000000002,-0.344637655,0.02560294000000002,-0.352471655,0.03380061000000001,-0.349775105,-0.017207769999999956,-0.368155595,0.0022791100000000286,-0.277456855,-0.05526188999999998,-0.258912475,0.007747350000000042,-0.12858572499999998,-0.043989029999999985,-0.08391515500000002,0.03748141000000005,-0.039112955000000005,0.06396049000000004,-0.11466762500000005,0.021329430000000038,-0.011891395000000027,-0.021329429999999983,0.011891395000000027,0.05617443,0.13324848499999997,-0.01473418999999998,0.19060694499999997,0.03993806,0.27213824499999995,-0.031685189999999974,0.309498045,0.005468240000000013,0.14887113000000002,0.029734060000000007,0.08947276999999998,0.011272859999999996,0.17499731999999996,0.10794952000000002,-0.03075247000000003,0.03484499999999996,0.14513988,-0.01623637,0.13888975999999997,0.006595240000000002,0.17871554999999995,-0.016950999999999994,0.11889110000000003,-0.05754100000000001,0.018544380000000027,-0.04265886000000002,0.023782790000000054,0.03165280061470073,0.1526157134667555
0.03452512999999996,-0.32750430999999997,0.04284205999999996,-0.34278848999999995,0.026633049999999936,-0.35123456,0.03448810999999996,-0.34739488999999996,-0.015512530000000024,-0.36742972999999995,0.0012518099999999643,-0.27570138999999994,-0.054103110000000065,-0.25847196999999994,0.006467369999999972,-0.1282585599999999,-0.043793770000000065,-0.08328709000000001,0.03983432999999997,-0.037999889999999925,0.06453209999999998,-0.10753248999999998,0.020557369999999964,-0.011659949999999975,-0.02055737000000002,0.011659950000000086,0.056046599999999946,0.13266061000000007,-0.014782850000000014,0.18992240999999999,0.04065842999999997,0.27215907000000006,-0.03223647000000002,0.31093791000000004,0.005215560000000008,0.14744283000000002,0.03336696,0.09025866999999999,0.01030934,0.17518487999999993,0.10832587000000005,-0.024245399999999973,0.03548922999999998,0.14432056000000004,-0.015388169999999979,0.13949846,0.005774520000000005,0.1782624599999999,-0.017453620000000003,0.12101550000000005,-0.05535492000000003,0.017229419999999995,-0.04111473999999998,0.02331990000000006,0.0326403680439605,0.14644813299606968
0.03597207499999999,-0.3287246,0.044860224999999976,-0.34389909999999996,0.02841300499999999,-0.35294077999999995,0.036626775,-0.34854325999999997,-0.01343219499999998,-0.37015489999999995,0.0012726349999999664,-0.2773908,-0.052865965000000015,-0.26182837,0.004555354999999983,-0.1275081,-0.04354699500000003,-0.08566600000000002,0.038816285000000006,-0.03627336999999997,0.06305153499999999,-0.10674704000000002,0.020186554999999995,-0.011450799999999983,-0.020186554999999995,0.011450799999999983,0.05645780499999997,0.13063440000000004,-0.013991224999999996,0.18846960000000001,0.04284080499999998,0.26897440000000006,-0.029439694999999988,0.30890470000000003,0.0032827200000000167,0.14988269999999998,0.03426093000000002,0.09123473000000004,0.009318969999999982,0.17616236999999996,0.10659853000000002,-0.021081039999999995,0.03627124999999998,0.14208520000000002,-0.01361699999999999,0.13834000000000002,0.006195329999999999,0.17701880000000003,-0.015448469999999992,0.12043510000000002,-0.05413859999999998,0.015562430000000016,-0.04037310999999999,0.022901599999999966,0.031035895689955524,0.1445659330807701
0.03745074999999998,-0.32957990000000004,0.04673494999999994,-0.34476527000000007,0.029993909999999957,-0.35443535000000004,0.03894932999999995,-0.34938505000000003,-0.011648370000000019,-0.37267170000000005,0.0032477899999999726,-0.27680072000000006,-0.052119000000000026,-0.26523905000000003,0.006773009999999968,-0.12275147000000008,-0.04556052000000005,-0.08812720000000007,0.03854955999999998,-0.03873990000000005,0.062029559999999984,-0.1081316,0.020534649999999988,-0.010786900000000044,-0.020534650000000043,0.010786899999999933,0.05690212999999994,0.12718629999999997,-0.013612850000000065,0.1847491,0.04458722999999998,0.2660830999999999,-0.029550800000000044,0.30686539999999995,0.0035252199999999956,0.15404924999999997,0.031776550000000015,0.08401157000000004,0.006558479999999978,0.17711184999999996,0.10759008000000003,-0.020004399999999922,0.03636747999999995,0.13797320000000002,-0.012314899999999962,0.13889679999999993,0.006921799999999978,0.17396220000000007,-0.01593794999999998,0.12211629999999996,-0.05536679,0.011561670000000024,-0.04106930000000003,0.021573799999999976,0.03325518292399096,0.14477036442302024
0.03921503999999998,-0.32871008,0.04842489,-0.34359638000000003,0.03219593999999998,-0.35400782000000003,0.03970457999999999,-0.34885715,-0.01000363999999998,-0.37374933000000005,0.002500369999999974,-0.27809568,-0.05236383,-0.26669258,0.005925310000000017,-0.12519678,-0.04571278000000001,-0.08945838000000006,0.03907529999999998,-0.03886483000000007,0.06298158999999998,-0.10942654000000007,0.020331339999999976,-0.010948080000000027,-0.020331339999999976,0.010948080000000027,0.057581800000000016,0.12682474999999993,-0.013682320000000026,0.18517962,0.044732890000000025,0.26586146999999993,-0.027854990000000024,0.30600162,0.003424940000000043,0.1528989,0.03314998999999996,0.08633194999999994,0.006651049999999992,0.17723419999999995,0.10869436999999998,-0.019968160000000013,0.03725046000000004,0.13777282999999996,-0.012848909999999991,0.13903672,0.00664901999999995,0.17423153999999996,-0.014172669999999998,0.12082199999999998,-0.054864199999999974,0.0114031,-0.04066267999999995,0.021896160000000053,0.03362559987634574,0.14639362501601397
0.03999291500000002,-0.32584852000000003,0.04925364500000001,-0.3404139,0.03352561500000001,-0.3515434,0.04037191499999998,-0.34595754,-0.00832440499999998,-0.3726886,0.002886545000000018,-0.2755305,-0.052013334999999994,-0.26681667000000003,0.00802701499999997,-0.12166582999999997,-0.045692485000000005,-0.08958387000000001,0.04013473499999998,-0.03637950000000001,0.062445945,-0.10563270000000002,0.020227814999999982,-0.010413600000000023,-0.020227814999999982,0.010413600000000023,0.058070275000000005,0.12661237000000003,-0.01334878500000003,0.18404436999999996,0.04566131499999998,0.2662719,-0.026542624999999986,0.3072933,0.005140469999999953,0.15386467000000004,0.032107720000000006,0.08528632999999997,0.006320849999999989,0.17723280000000002,0.10813843000000001,-0.016048830000000014,0.03784246000000002,0.13702597000000005,-0.012408960000000024,0.13965952999999998,0.006879029999999953,0.17363076999999993,-0.013193839999999957,0.12324893000000003,-0.05489988000000001,0.008713829999999978,-0.040455629999999965,0.020827200000000046,0.03271870148243049,0.14248401431819502
0.039579905000000026,-0.32625527499999996,0.049175625,-0.340660315,0.03358758500000003,-0.35250200499999995,0.04027282500000001,-0.34725613499999997,-0.008292674999999972,-0.37587233499999995,0.002375925000000001,-0.27789663499999995,-0.05327689499999999,-0.269865535,0.008975425000000037,-0.12320126499999995,-0.045761724999999975,-0.09118630500000002,0.03977275499999999,-0.03830833499999997,0.06313300500000002,-0.10868223499999996,0.020302774999999995,-0.01044626500000001,-0.020302774999999995,0.01044626500000001,0.057095565000000015,0.12632189500000002,-0.01382555499999999,0.18487296500000006,0.04280380500000003,0.262963065,-0.025534055,0.30532966500000003,0.006599500000000036,0.15469537,0.030797329999999956,0.08489292999999998,0.0075151700000000154,0.17867922999999997,0.10889473,-0.017495929999999937,0.03679279000000002,0.13676816000000003,-0.014291759999999987,0.13664116999999998,0.006477220000000006,0.17442670000000005,-0.01170850000000001,0.12045669999999997,-0.05565281999999999,0.008031099999999958,-0.04060554999999999,0.02089253000000002,0.03399080855003743,0.14544115269227756
0.04050281,-0.323996605,0.050990510000000044,-0.33836252499999997,0.03469517999999999,-0.35047509499999996,0.04311541000000002,-0.344525625,-0.0059292300000000075,-0.374086725,0.0035728100000000373,-0.275824905,-0.05091660999999997,-0.268299905,0.007444210000000007,-0.12165412499999995,-0.044958090000000006,-0.08901332500000003,0.040562310000000046,-0.03612562499999994,0.06346026000000005,-0.10582942500000003,0.019952990000000004,-0.010282424999999984,-0.019952990000000004,0.010282424999999984,0.05861959,0.12762633499999998,-0.012664640000000005,0.18558117500000004,0.04380455999999999,0.26538953500000007,-0.025335889999999972,0.307717475,0.0038713999999999693,0.15417078000000006,0.03311810000000004,0.08552850000000001,0.005958519999999967,0.17928657999999997,0.10841835000000005,-0.0168161,0.038666599999999995,0.13790875999999996,-0.014815030000000007,0.13776320000000009,0.007288349999999999,0.17529875000000006,-0.012671249999999967,0.12213629999999998,-0.05448942000000001,0.007525000000000004,-0.03990598000000001,0.020564849999999968,0.03305472821098972,0.14296759068399037
0.04110957000000004,-0.32206869,0.05197600000000002,-0.3364853,0.03577343000000005,-0.34900485,0.044485600000000014,-0.34201965,-0.0037323199999999557,-0.37291225,0.0037758700000000145,-0.27208051,-0.049041679999999976,-0.26639017,0.006912240000000014,-0.12011094999999994,-0.04501964999999997,-0.08874125,0.042519370000000056,-0.036078900000000025,0.06452102000000004,-0.10429909999999998,0.019284000000000023,-0.00978935000000003,-0.019283999999999968,0.00978935000000003,0.05996535000000003,0.13010659999999996,-0.012366229999999978,0.18536454999999996,0.04652430000000002,0.2696164,-0.025111069999999958,0.30924675,0.0031363699999999994,0.15196956000000006,0.03560713000000004,0.08403204999999991,0.00402203000000001,0.17764892,0.10954067,-0.015557849999999984,0.040681350000000005,0.13989595,-0.01344105000000001,0.13950980000000002,0.00691776999999999,0.17557519999999993,-0.01274483999999998,0.12388220000000005,-0.05281754999999999,0.005690340000000016,-0.03856799999999999,0.01957870000000006,0.035085935333683226,0.141560784826176
0.04311207,-0.32115723000000007,0.053794799999999976,-0.33533285000000007,0.037942260000000005,-0.34772735000000005,0.04591230000000002,-0.3416011500000001,-0.0016060800000000097,-0.3722533800000001,0.005071670000000028,-0.27332689000000004,-0.04827471999999999,-0.2677335900000001,0.006252099999999983,-0.12068355000000008,-0.04409274000000002,-0.0903860500000001,0.04279622999999999,-0.03607015000000002,0.06776379999999999,-0.10604175000000005,0.01963189999999998,-0.00987165000000001,-0.01963189999999998,0.009871649999999899,0.060848400000000025,0.13117139,-0.01338756000000002,0.18741314999999992,0.04714689999999999,0.27011898999999995,-0.023844030000000016,0.30914584999999994,0.0011804299999999546,0.15264333999999996,0.03654413000000001,0.08461340000000006,0.004181979999999974,0.17734753999999997,0.11185654,-0.01565569999999994,0.041216500000000045,0.14104304,-0.013701500000000033,0.13894759999999995,0.006244339999999959,0.17754150000000002,-0.010456469999999995,0.12173270000000003,-0.05334639000000002,0.005593299999999968,-0.03926379999999996,0.019743299999999908,0.03497066751720506,0.145168607756808
0.04364930000000006,-0.32233441,0.054356650000000006,-0.33577409,0.03881155000000003,-0.34857967,0.04627920000000002,-0.34046549000000004,-0.00011699999999997823,-0.37210983000000003,0.005736600000000036,-0.27213928000000004,-0.04789842999999999,-0.26827163000000004,0.005651340000000005,-0.11810321000000001,-0.04241979999999995,-0.09033000000000002,0.04210900000000001,-0.035681779999999996,0.06898330000000003,-0.10699290000000006,0.01992290000000002,-0.009461280000000016,-0.019922899999999966,0.009461280000000016,0.061040180000000055,0.13251354999999998,-0.013586779999999965,0.18756914999999996,0.04817020000000005,0.26974405,-0.022447569999999972,0.30817764999999997,-8.526000000003142e-05,0.15403607000000002,0.03645766,0.08242143000000002,0.00547863000000004,0.17794163000000002,0.11140309999999998,-0.016662900000000036,0.041117280000000034,0.14197483,-0.012869980000000003,0.13723050000000003,0.006336120000000001,0.17810786999999995,-0.008860790000000007,0.12060850000000001,-0.05363503000000003,0.0038676500000000003,-0.03984579999999999,0.018922560000000033,0.034347309260843104,0.14651241735058643
0.044542105,-0.32095081,0.05494565499999998,-0.33402991,0.040060965000000004,-0.34733111,0.045932185000000014,-0.33912655999999997,0.00028682499999999056,-0.37186333,0.004677144999999994,-0.27164024,-0.048683715000000016,-0.26866403,0.005097424999999989,-0.11647695999999996,-0.042886965,-0.08986415999999997,0.04084304500000002,-0.036693899999999946,0.06371078499999999,-0.10430006000000003,0.019855885000000018,-0.009315700000000038,-0.019855885000000018,0.009315700000000038,0.061520905000000015,0.13235781000000002,-0.014243155000000007,0.18768154000000004,0.047939604999999996,0.27054133999999996,-0.021971644999999984,0.30760184,0.0004202799999999951,0.15516328000000001,0.035745620000000033,0.07978306000000002,0.005796750000000017,0.17879987000000003,0.10659774999999999,-0.014435900000000057,0.04166502,0.14167351000000006,-0.013581300000000018,0.13818352999999994,0.00561273000000001,0.17836584,-0.007728489999999977,0.11992029999999998,-0.05336086000000001,0.002976209999999979,-0.039711770000000035,0.018631400000000076,0.03449676390772902,0.14103875089941245
0.04558655499999997,-0.31980049,0.05601890500000001,-0.33322229,0.04081539499999998,-0.34617009,0.04736979499999999,-0.33829145,0.0008546849999999662,-0.3702577,0.007742715000000011,-0.26987513,-0.048608205000000015,-0.2668552,0.009730884999999967,-0.11258794999999999,-0.041350845000000025,-0.08842890999999997,0.04062242499999996,-0.035342949999999984,0.06548090499999998,-0.10521115000000003,0.020874905,-0.009452050000000045,-0.020874905,0.009452050000000045,0.06198192499999999,0.13042922,-0.01487116500000002,0.18858854999999997,0.04763032499999997,0.26999655,-0.021547095000000016,0.30763615,0.001988169999999956,0.15728718000000003,0.030891539999999995,0.07724500000000001,0.0072573599999999905,0.17842629000000004,0.10683175,-0.01678224000000006,0.041107019999999994,0.13988127000000006,-0.01435160000000002,0.13956733,0.00600373999999998,0.17913649999999992,-0.006675929999999997,0.11904760000000003,-0.05635092000000003,0.003019930000000004,-0.04174981,0.01890410000000009,0.032562297968054946,0.14354433236807407
0.04665637,-0.32247194999999995,0.05649984000000002,-0.33575195999999996,0.04235587000000002,-0.34852267,0.04654992000000002,-0.34143874999999996,0.0021610599999999924,-0.37304893999999994,0.005552439999999992,-0.2734271,-0.04823424999999998,-0.26960067,0.005886820000000015,-0.11625915999999992,-0.04039212999999997,-0.09042779999999995,0.03932092000000004,-0.03762483999999999,0.06879499,-0.1040761,0.020088140000000032,-0.009660200000000008,-0.020088139999999977,0.009660200000000008,0.06148511000000001,0.13061714000000002,-0.015363249999999995,0.18899290000000002,0.04721382000000002,0.26969957,-0.019515630000000006,0.30408060000000003,0.000334380000000023,0.15716794000000006,0.03343410000000002,0.07863431999999992,0.007842120000000008,0.17917287000000004,0.10918711999999997,-0.013648300000000058,0.04139696999999998,0.14027734000000003,-0.014271289999999992,0.13908242999999998,0.004724889999999982,0.1793327,-0.004152380000000011,0.11508770000000001,-0.05378668999999997,0.0038264299999999918,-0.04017628000000001,0.019320400000000015,0.033939960472251576,0.14434734752078718
0.047552590000000006,-0.3199953,0.057057630000000026,-0.3332433,0.04355815000000002,-0.34569064,0.046698059999999986,-0.34022135,0.00355688000000004,-0.3711769,0.006053730000000035,-0.2738652,-0.047774399999999995,-0.26900366,0.006966890000000003,-0.11705699999999997,-0.03976423000000001,-0.08957722999999995,0.039927230000000036,-0.03601480000000001,0.07027945000000002,-0.09976929999999995,0.020048200000000016,-0.009892000000000012,-0.02004819999999996,0.009892000000000012,0.06158354999999999,0.13123450000000003,-0.01571908999999999,0.19061649999999997,0.04727073000000004,0.27190119999999995,-0.017697130000000005,0.3057166,0.0009131599999999684,0.1568082,0.03296034000000003,0.08104219999999995,0.008010169999999983,0.17942643000000003,0.11004368000000003,-0.010192069999999998,0.04153534999999997,0.14112650000000004,-0.014312819999999948,0.14066669999999992,0.004329109999999969,0.18072449999999995,-0.0019780400000000142,0.11510010000000004,-0.05382813000000003,0.0048615399999999975,-0.040096399999999977,0.019784000000000024,0.03282646057041333,0.1420728160916524
0.046860579999999985,-0.32068366000000004,0.056637080000000006,-0.33381694,0.04301741999999997,-0.34676516,0.046148540000000016,-0.34033144000000004,0.003246189999999982,-0.37223154,0.005125459999999971,-0.27435464000000004,-0.04812628000000002,-0.26816452,0.006655750000000016,-0.11974638999999998,-0.03869104000000001,-0.08866698000000006,0.03891931999999998,-0.03390110000000002,0.06753223999999997,-0.09992193999999999,0.019810999999999968,-0.009958800000000045,-0.019811000000000023,0.009958799999999934,0.060578220000000016,0.13262315999999996,-0.01665127999999999,0.19110881999999996,0.04499468000000001,0.27298595999999997,-0.018547880000000017,0.30482316,0.0015302900000000452,0.15460825000000006,0.032263569999999964,0.08584528999999996,0.009435240000000011,0.17949753999999996,0.10622327999999998,-0.011254959999999925,0.04076722000000005,0.14258196,-0.015583540000000007,0.1403628,0.0031597200000000325,0.18115002000000002,-0.001896600000000026,0.11371434000000002,-0.05325173999999999,0.006190120000000021,-0.03962199999999999,0.01991759999999998,0.030632688790120908,0.1403660165305163
0.04813015999999998,-0.3227101,0.05703030999999997,-0.335339,0.04406489000000002,-0.34753315,0.04646976000000003,-0.34200163,0.004182499999999978,-0.37230362,0.008907459999999978,-0.27533765,-0.04748212000000002,-0.27241908,0.009484260000000022,-0.11593620000000004,-0.03597457999999998,-0.09444299999999994,0.04087856000000001,-0.03751446000000003,0.07575976000000001,-0.11108969999999996,0.021264689999999975,-0.009237099999999998,-0.021264689999999975,0.009237099999999998,0.06124491999999998,0.13198600000000005,-0.01853047000000002,0.18891829999999998,0.04514842000000002,0.2706423,-0.020309909999999987,0.3038324,0.0005768000000000439,0.15940144999999994,0.031394299999999986,0.07842174000000002,0.011507540000000038,0.17797608000000004,0.11173433999999999,-0.016646700000000014,0.039980230000000005,0.14122310000000005,-0.016096499999999958,0.13865629999999995,0.002734219999999954,0.17968119999999999,-0.0017794399999999655,0.11491410000000002,-0.056389579999999995,0.002918570000000009,-0.04252937999999995,0.018474199999999996,0.03441384873777566,0.15457128677746876
0.047839940000000025,-0.323409275,0.05674383000000005,-0.336438025,0.04291960000000006,-0.347963215,0.04724917000000006,-0.342945375,0.00279930000000006,-0.371687575,0.012953250000000027,-0.274195755,-0.04869344999999997,-0.272826845,0.013432330000000048,-0.11427727499999996,-0.03877075999999996,-0.09743837499999997,0.04067680000000007,-0.03624237499999994,0.07640946000000004,-0.113727205,0.02300483000000003,-0.008745675000000008,-0.023004829999999976,0.008745675000000008,0.06097898000000007,0.13537212500000007,-0.020493559999999966,0.189849025,0.04467050000000006,0.273576265,-0.022037999999999947,0.304231825,0.0004790800000000206,0.15991848000000003,0.02724447000000002,0.07803490000000002,0.009922690000000012,0.17538847000000002,0.11518022,-0.016288830000000032,0.03797415000000004,0.14411780000000007,-0.016308480000000014,0.13820413999999992,0.00251127000000001,0.18110335,-0.0015444399999999803,0.1143828,-0.0616467,0.001368910000000001,-0.04600966000000001,0.017491350000000017,0.032685884332092005,0.15774285210968675
0.04929440500000004,-0.3239138999999999,0.05834105500000003,-0.33660560999999994,0.044721305000000044,-0.3485914499999999,0.04859986500000002,-0.3438505799999999,0.004843554999999999,-0.3736763899999999,0.013817305000000002,-0.27771231999999996,-0.04751741499999995,-0.27653052999999994,0.016117925000000033,-0.11730670999999993,-0.036147034999999994,-0.09943389999999996,0.04208412500000003,-0.03726914999999997,0.07945906500000005,-0.11771114999999988,0.023011484999999998,-0.008536749999999982,-0.023011484999999998,0.008536750000000093,0.06088014500000005,0.1381819500000001,-0.018838734999999995,0.19082445000000003,0.046655785000000005,0.27496275000000003,-0.020127275,0.30347085000000007,0.002300620000000031,0.16040561000000003,0.025966199999999995,0.08003755999999995,0.011370379999999958,0.17709662999999998,0.11560610000000004,-0.01827724999999991,0.037868660000000054,0.1467187000000001,-0.014224360000000047,0.13678079999999992,0.004172750000000003,0.18228769999999994,-0.0012885400000000047,0.11264640000000004,-0.061334719999999954,0.0011817900000000159,-0.046022969999999996,0.017073500000000075,0.034486467002718624,0.1625999565550757
0.051025555,-0.3254819849999999,0.05904670499999998,-0.3382566549999999,0.04628960500000001,-0.3492982049999999,0.04805345500000002,-0.3463688449999999,0.005456614999999998,-0.37383818499999993,0.013159705000000022,-0.28047238499999994,-0.047097365,-0.27736150499999995,0.014422254999999995,-0.11904331499999998,-0.035901705000000006,-0.10067898499999994,0.04218873499999998,-0.03986018499999988,0.08109261499999998,-0.12235494499999988,0.02282430499999999,-0.009067614999999973,-0.02282430499999999,0.009067615000000084,0.061739135,0.13540961500000004,-0.018844644999999993,0.18991231500000005,0.04676406500000002,0.275260245,-0.020493134999999996,0.30258891500000007,0.0012625499999999734,0.16142906999999995,0.027766479999999982,0.0791831300000001,0.011195659999999996,0.17668252,0.11699431999999998,-0.02167595999999994,0.03891483000000001,0.14447723,-0.01497506999999998,0.13985062999999998,0.003979659999999996,0.18084469999999997,-0.0016484900000000025,0.11267660000000002,-0.060257070000000024,0.0031108799999999825,-0.04564860999999998,0.018135230000000058,0.03637531465746783,0.16754287671888646
0.05218424500000002,-0.322372755,0.060709555000000026,-0.33503692500000004,0.04726099500000003,-0.346354445,0.05029545499999999,-0.34195195500000003,0.006441815000000017,-0.370084905,0.014602055000000003,-0.276515145,-0.04563610499999998,-0.274019175,0.01578681500000001,-0.118316525,-0.033869044999999987,-0.10068907500000002,0.04377249500000002,-0.037186324999999965,0.08370973500000001,-0.124687875,0.022910345,-0.008815624999999994,-0.022910345,0.008815624999999994,0.062243535000000016,0.137192675,-0.01781318500000001,0.19022641499999993,0.04835562500000001,0.277771035,-0.02123005499999997,0.306059875,0.001184760000000007,0.15819862,0.027985680000000013,0.08113020000000004,0.011767059999999996,0.1733301,0.11757878,-0.023998799999999987,0.03933319000000002,0.14600829999999998,-0.013887910000000003,0.14057836,0.0050971599999999895,0.18141078999999993,-0.0034168699999999608,0.11583346000000005,-0.060238159999999985,0.002495970000000014,-0.04582069,0.017631249999999987,0.03521542163757946,0.17085381462366125
0.05381216,-0.322077595,0.06143419,-0.334831025,0.048670939999999996,-0.345200495,0.04983662,-0.342518195,0.007046359999999974,-0.36818802500000003,0.014389349999999967,-0.27798179500000003,-0.04517222999999998,-0.27310169500000003,0.01536955000000001,-0.12078369499999997,-0.033699880000000015,-0.10190929500000001,0.04474695000000001,-0.039808495000000055,0.08307243999999997,-0.12778009499999998,0.022761809999999993,-0.009361234999999968,-0.022761809999999993,0.009361234999999968,0.06252662999999997,0.13750940499999997,-0.017569170000000023,0.192314235,0.04827801999999998,0.279687005,-0.020151840000000032,0.306636005,0.0009802000000000421,0.15719810000000006,0.029377399999999998,0.08097519999999991,0.011472349999999965,0.17119240000000002,0.11677231999999999,-0.02587079999999997,0.03976481999999998,0.14687063999999994,-0.014248609999999995,0.14217760000000002,0.005192639999999971,0.18295300000000003,-0.002582670000000009,0.11432176999999999,-0.05956157999999995,0.004880099999999998,-0.04552361999999999,0.018722469999999936,0.037555053219602896,0.17322999990541874
0.053586515,-0.322874555,0.06099679499999999,-0.335950135,0.04804694499999995,-0.345629195,0.04926271499999996,-0.344031315,0.005875414999999995,-0.367932005,0.013863054999999957,-0.279800035,-0.045451485000000014,-0.272644795,0.013053745000000005,-0.12439809499999999,-0.034052815000000014,-0.102675835,0.043657714999999986,-0.04636353500000001,0.08142313499999998,-0.131642535,0.022795285,-0.009792664999999978,-0.022795285,0.009792664999999978,0.06218161499999997,0.13804266499999995,-0.018909785000000012,0.19379522500000002,0.047822514999999954,0.27904363499999996,-0.02042998500000004,0.306106765,-0.000809309999999952,0.15540194000000002,0.03060396999999998,0.07803455999999998,0.01139867,0.16996896,0.11547595,-0.028966700000000012,0.03938632999999997,0.14783532999999993,-0.014359100000000014,0.14100097,0.003885499999999986,0.18400256000000004,-0.001520200000000027,0.11231153999999999,-0.05931453999999997,0.007155240000000007,-0.04559057,0.019585329999999956,0.04210308204943911,0.1756854998750221
0.05298754499999997,-0.32369008499999996,0.060311594999999996,-0.33643245499999996,0.04745434500000001,-0.34633907499999994,0.04825256499999997,-0.34345361499999993,0.005259844999999985,-0.36767879499999995,0.013352794999999973,-0.278965555,-0.04621087500000004,-0.27213235499999994,0.012848644999999992,-0.125518385,-0.03542612500000003,-0.10334670499999998,0.04469092499999999,-0.049244705,0.078345165,-0.13358259499999992,0.022773904999999983,-0.009504614999999994,-0.02277390500000004,0.009504614999999994,0.059850495000000004,0.14093249500000005,-0.020244435000000005,0.194026845,0.04669751499999997,0.280589745,-0.02065815500000001,0.30640494500000004,-0.000504149999999981,0.15344716999999997,0.03184228,0.07627368000000001,0.01078475000000001,0.16878564999999995,0.11377129000000002,-0.030235889999999932,0.03707659000000002,0.15043711000000004,-0.013152980000000036,0.13965724999999996,0.0025294700000000336,0.18452223,-0.0004137200000000063,0.11237810000000004,-0.05956367000000001,0.006833200000000039,-0.04554781000000002,0.019009229999999988,0.045383152368345905,0.17521134661673307
0.053975194999999976,-0.324334415,0.06085452499999999,-0.337080605,0.04834041499999997,-0.347144905,0.04802402499999997,-0.343844055,0.005249565000000012,-0.368133755,0.01354354499999999,-0.27872437499999997,-0.046965654999999995,-0.271732515,0.015243445000000022,-0.12520267499999993,-0.037472514999999984,-0.10262582499999995,0.046990945000000006,-0.050279414999999994,0.075489945,-0.13607977500000001,0.022928775000000012,-0.009551024999999935,-0.022928775000000012,0.009551025000000046,0.05899247499999999,0.14021632500000003,-0.020952615000000008,0.19306626500000001,0.04664528499999998,0.279803425,-0.02190225499999998,0.306656625,0.001699900000000032,0.15352170000000004,0.031747499999999984,0.07492325999999994,0.009493140000000011,0.16910669000000006,0.11296245999999999,-0.033453950000000066,0.036063699999999976,0.14976734999999997,-0.012347190000000008,0.13958709999999996,0.0019761600000000046,0.18351523999999997,-0.0009496399999999738,0.11359036,-0.060509199999999985,0.006991859999999961,-0.045857550000000025,0.01910204999999998,0.04730528276103003,0.17576852492718492
0.05549673999999999,-0.32472125,0.061997460000000004,-0.33771679000000004,0.04972468000000002,-0.34754870000000004,0.04864462000000003,-0.34510878,0.00589286,-0.36873121000000003,0.014351180000000019,-0.27960125,-0.04741244,-0.27211801,0.01634257,-0.12482195000000007,-0.039449559999999995,-0.10186125000000001,0.04891820000000002,-0.05514174999999999,0.07533139999999999,-0.13707955000000005,0.023276760000000007,-0.009933350000000063,-0.023276760000000007,0.009933349999999952,0.059167970000000014,0.13966055,-0.022100520000000012,0.19549225000000003,0.04614405999999999,0.27824538,-0.022446699999999986,0.30638265,0.001991389999999982,0.15477929999999995,0.03257563000000002,0.06968020000000008,0.007962880000000006,0.17025676,0.11478095999999999,-0.035218300000000036,0.03589121000000001,0.14959390000000006,-0.013023910000000027,0.13858483,0.001176239999999995,0.18555890000000008,-0.00034617999999997373,0.11089039999999994,-0.06176362000000002,0.007483240000000002,-0.046553520000000015,0.019866700000000015,0.051973867239542546,0.17702079534618412
0.05522105500000002,-0.32318401,0.061851895000000046,-0.33616166000000003,0.04978019500000003,-0.34613183000000003,0.04856402500000001,-0.34438488,0.006514645000000041,-0.36845166,0.014307985000000023,-0.27950281,-0.04782007499999996,-0.27161443,0.01696325500000001,-0.12583005999999997,-0.04233627499999998,-0.10058599999999995,0.052131185000000024,-0.05793881000000001,0.071890595,-0.13519786,0.023030374999999992,-0.010107700000000053,-0.023030374999999992,0.010107700000000053,0.05819676500000004,0.14021324000000002,-0.022878314999999982,0.19669324,0.04392940500000003,0.27968254000000004,-0.021491755,0.30733484,0.0026552699999999874,0.15367275000000002,0.035167930000000014,0.06789124999999996,0.005483799999999983,0.17102843000000006,0.11422686999999998,-0.03461186000000005,0.03516639000000005,0.15032094000000007,-0.014267360000000007,0.13946930000000002,0.0001520600000000094,0.18658553999999994,0.0013865599999999811,0.1106416,-0.062128059999999985,0.007888379999999973,-0.046060749999999984,0.020215400000000106,0.05598814362423707,0.17356179393131
0.05503899999999995,-0.322570935,0.061636179999999985,-0.335951465,0.049408169999999973,-0.34565900499999996,0.04835009999999995,-0.345075005,0.006089149999999932,-0.368474355,0.01346499999999995,-0.279676215,-0.048218370000000066,-0.272199085,0.015779819999999944,-0.126494785,-0.04699334000000005,-0.10185574499999994,0.055316479999999946,-0.06779288500000002,0.06771899999999997,-0.13205528499999997,0.02263499999999996,-0.01030768500000001,-0.022635000000000016,0.01030768500000001,0.05834233999999994,0.13826067500000006,-0.02273650000000005,0.19691045500000004,0.043428479999999936,0.277292385,-0.021348680000000064,0.306502115,0.002314819999999995,0.15318143,0.03953666,0.058701899999999974,0.0012250300000000158,0.17034334000000007,0.11471234000000002,-0.030199540000000025,0.035707339999999976,0.14856836000000007,-0.014913860000000001,0.13903170999999992,-0.00010150000000003212,0.18660277000000003,0.001387819999999984,0.10959165999999998,-0.061683370000000015,0.0074771299999999985,-0.04526999999999998,0.02061537000000002,0.06612584482659108,0.16861512548766464
0.05732236000000002,-0.32392322999999995,0.06328162999999998,-0.3374220399999999,0.052253459999999974,-0.3476092499999999,0.04864272999999997,-0.3473136399999999,0.009028060000000004,-0.37174742999999993,0.011835129999999972,-0.2801807499999999,-0.04691261000000002,-0.2764961999999999,0.01871906000000001,-0.1256904699999999,-0.05001810000000001,-0.1021392699999999,0.07193694,-0.10383336999999992,0.07046418999999998,-0.13119506999999997,0.02140882999999999,-0.010016829999999977,-0.02140882999999999,0.010016830000000088,0.058994259999999965,0.13440943000000005,-0.022002140000000003,0.1956657300000001,0.04576382000000001,0.2710712900000001,-0.022317840000000033,0.30246243000000006,0.006883930000000038,0.15449028000000004,0.053217879999999995,0.021857099999999963,-0.0031054899999999885,0.17435693000000002,0.12048228999999999,-0.029055800000000076,0.037585429999999975,0.14442626000000003,-0.013230439999999954,0.13666186000000002,-0.0005933100000000135,0.1856489,-0.00031570000000002985,0.10679669999999997,-0.05874773999999999,0.0036845500000000087,-0.04281765999999998,0.020033660000000064,0.10655812065602363,0.16846795691029914
0.05765585499999998,-0.32473974,0.06406275499999997,-0.33838974,0.052766015,-0.34878159000000003,0.04952648499999995,-0.34865052,0.010209584999999965,-0.37352224,0.01024536499999995,-0.28275124,-0.045764515000000006,-0.278604,0.01554854499999997,-0.13403514000000005,-0.05182673500000001,-0.10437134000000003,0.07585618499999996,-0.12680564000000005,0.068937525,-0.13174394,0.020479844999999997,-0.010218290000000074,-0.020479845000000052,0.010218289999999963,0.05962504499999999,0.13230905999999998,-0.02131266500000001,0.19466892000000002,0.04635171499999996,0.26734556,-0.022136495000000034,0.29952976,0.0053031800000000184,0.14871609999999996,0.060307639999999996,0.0072295,-0.006062220000000007,0.17423265999999998,0.12076426000000001,-0.02737259999999997,0.03914519999999999,0.14252735000000005,-0.013273330000000028,0.1350365,-0.0008328199999999564,0.18445063000000006,-0.0008238300000000254,0.10486083999999996,-0.056009879999999956,0.0041472399999999965,-0.04095969000000005,0.020436580000000037,0.12907032661234763,0.16777586478480688
0.05832353999999995,-0.32348089,0.06483352999999997,-0.33662205,0.0535562,-0.3470472,0.050238439999999995,-0.34614657,0.011595049999999996,-0.37093627,0.010164839999999953,-0.28212267,-0.045015300000000036,-0.2763419,0.012188949999999976,-0.14087587000000001,-0.05342718000000002,-0.10223567,0.07283089999999998,-0.14060150000000005,0.06739462999999996,-0.13098661999999994,0.02020679999999997,-0.010293529999999995,-0.020206800000000025,0.010293529999999995,0.059005719999999984,0.13320703,-0.02083820000000003,0.19289149000000005,0.04472047999999995,0.26821698000000005,-0.02252577,0.30070193,0.0020241100000000234,0.1412468,0.06064195,0.00027436999999996825,-0.008411879999999983,0.17410622999999997,0.12082180999999997,-0.028750949999999942,0.038798920000000015,0.14350056,-0.014285240000000032,0.13500995000000005,-0.0006314000000000042,0.18259796000000006,-0.0016875699999999716,0.10781043999999995,-0.05518013999999999,0.005780770000000046,-0.040413599999999994,0.02058705999999999,0.1405327824613564,0.1662350484165941
0.05790255999999999,-0.32145913000000004,0.06510780999999999,-0.33434820000000004,0.05347721,-0.34526130000000005,0.051285880000000006,-0.34412017000000006,0.012413960000000002,-0.37023961000000005,0.010501280000000002,-0.28195143000000006,-0.04504009000000003,-0.27583473000000003,0.012306060000000008,-0.14609468000000003,-0.05442347000000003,-0.10130107,0.07461064,-0.15193927000000007,0.06766922999999997,-0.13048593000000008,0.02015743999999997,-0.010371330000000012,-0.020157440000000026,0.010371330000000012,0.05916425999999997,0.13421377,-0.020361940000000023,0.19348663,0.04381335999999997,0.26850646999999994,-0.02126914000000002,0.30162566999999996,0.0018047800000000058,0.13585675000000003,0.06230458,-0.005844590000000038,-0.009383379999999997,0.17453366000000003,0.1220927,-0.02918486000000009,0.03900682,0.14458510000000002,-0.0153509,0.13429269999999993,-0.00020449999999999635,0.18311529999999998,-0.0009071999999999969,0.10813903999999996,-0.055541370000000034,0.0061167000000000304,-0.04031488,0.020742660000000024,0.15167937442540969,0.16599485431180247
0.059228795000000056,-0.3200623550000001,0.06621316500000002,-0.33281972500000007,0.054721165000000016,-0.34342352500000006,0.05212973500000001,-0.34341497500000007,0.013408735000000005,-0.3686609450000001,0.010750995000000041,-0.2834945450000001,-0.04461303499999997,-0.2758737950000001,0.010190945000000007,-0.14953042500000002,-0.05791880499999996,-0.10105142500000008,0.07201622500000004,-0.15183697500000004,0.06438326500000002,-0.12846426500000008,0.020153415000000008,-0.010593275000000069,-0.020153414999999952,0.010593274999999958,0.05907882500000006,0.1343284749999999,-0.020788384999999965,0.19296267499999997,0.04366220500000001,0.2709432449999999,-0.02382026499999995,0.30268557499999993,-0.0005600500000000341,0.13396412000000008,0.06182528000000004,-0.0023065500000000183,-0.013305769999999995,0.17482237,0.12230206999999998,-0.027412839999999994,0.03892541000000005,0.14492174999999996,-0.015416620000000048,0.13661477,-0.0006349700000000125,0.18236940000000001,-0.003031879999999987,0.10972289999999996,-0.05536403000000001,0.0076207500000000095,-0.04030682999999996,0.021186550000000026,0.15046439396344272,0.16273736416777188
0.06060955999999995,-0.31875446500000004,0.06707895999999997,-0.33113888500000005,0.05609909999999996,-0.34153726500000003,0.052114179999999954,-0.34134298500000004,0.014581519999999959,-0.365797605,0.010377329999999962,-0.283418535,-0.043602450000000015,-0.274432575,0.00918070999999998,-0.152498005,-0.058250380000000046,-0.09973415500000005,0.07182437999999997,-0.15995250500000002,0.06383197999999995,-0.128379005,0.019790459999999954,-0.010950954999999984,-0.01979046000000001,0.010950954999999984,0.058857749999999986,0.13352325499999995,-0.01907216000000006,0.193592895,0.045166859999999975,0.26995304499999995,-0.023871140000000013,0.303932695,-0.0011966199999999816,0.13092053000000003,0.06264366999999998,-0.0074545000000000305,-0.014647930000000031,0.17469841999999997,0.12208236,-0.028644849999999944,0.03906729000000003,0.14447420999999994,-0.013690890000000011,0.13642979,0.0007182999999999495,0.18264194,-0.004798979999999953,0.11033979999999999,-0.05397977999999998,0.008985960000000015,-0.039580919999999964,0.02190190999999997,0.1578258240370343,0.16249784683236632
0.06009943000000001,-0.31541532000000005,0.06711128,-0.32766032000000006,0.05580309,-0.33815980000000007,0.052956369999999975,-0.33808094000000005,0.014720330000000004,-0.36301032000000005,0.010511099999999995,-0.2820468000000001,-0.04380362999999998,-0.27174420000000005,0.007839769999999968,-0.1577309400000001,-0.06038787000000001,-0.09650683000000004,0.06733362999999998,-0.17427120000000007,0.06192943000000001,-0.12566140000000003,0.01983668999999999,-0.011198340000000084,-0.01983668999999999,0.011198339999999973,0.05901205999999998,0.13353472999999993,-0.018905070000000024,0.19409699999999996,0.04516017,0.27140754999999994,-0.024791690000000033,0.3063701999999999,-0.0026713300000000273,0.12431586,0.05949386000000001,-0.016540259999999973,-0.016584240000000028,0.17523737,0.12231730000000002,-0.02915456999999999,0.03917536999999999,0.14473307000000002,-0.013851889999999978,0.13787282,0.0009316199999999664,0.18289866,-0.005886620000000009,0.11227319999999996,-0.05431472999999998,0.01030260000000005,-0.03967337999999998,0.022396680000000058,0.16984910060975653,0.159424862592765
0.061943205,-0.31367969999999995,0.06852722500000002,-0.32538944999999997,0.05799262500000002,-0.33614954999999996,0.05336492500000001,-0.33536881999999996,0.01625436500000005,-0.36084091999999995,0.011246295000000017,-0.28066361999999995,-0.04423857499999995,-0.26960904999999996,0.010190225000000053,-0.16296042,-0.061495034999999976,-0.09505511,0.06662458500000001,-0.18676534999999994,0.05813172500000002,-0.12282504999999999,0.02005037500000001,-0.011349949999999942,-0.020050374999999954,0.011349950000000053,0.05935955500000001,0.13325675000000003,-0.01787170499999996,0.19382105000000005,0.04510882500000002,0.27308898000000004,-0.023258114999999968,0.30758565000000004,-0.0010560699999999645,0.11770319999999995,0.05643435999999996,-0.023804929999999946,-0.01725646000000003,0.17455393999999996,0.11962676,-0.027769939999999993,0.03930918,0.14460669999999998,-0.01425072999999999,0.13983223,0.0021786699999999937,0.1824711,-0.005386410000000008,0.1137646,-0.055484869999999964,0.011054569999999986,-0.04010074999999996,0.022699899999999995,0.18149302905148754,0.1552912469697182
0.06068883499999994,-0.313393915,0.06705889499999995,-0.324310005,0.05750267499999995,-0.335782405,0.051725964999999985,-0.333912515,0.017054094999999936,-0.36129113500000004,0.01137561499999995,-0.278774285,-0.04483570500000006,-0.271740135,0.014575194999999985,-0.16049012500000004,-0.06219332500000002,-0.09647264499999997,0.07030926499999995,-0.19967454500000004,0.056587854999999965,-0.12301751500000002,0.02014346499999997,-0.010609415000000011,-0.020143465000000027,0.010609415000000011,0.05901147499999998,0.13218031499999994,-0.01737116500000002,0.192660485,0.04420785499999996,0.27176291499999994,-0.023532005000000022,0.306541415,0.003199580000000035,0.11828415999999997,0.05573406999999997,-0.03918442,-0.017357619999999963,0.17526749000000003,0.11878117999999999,-0.026544870000000054,0.03886801000000001,0.14278972999999995,-0.014803620000000017,0.1395826,0.0027723000000000053,0.18205106999999998,-0.006160840000000001,0.11388092999999999,-0.05621132000000001,0.007034150000000017,-0.04028693,0.021218830000000022,0.19560733849106202,0.1540904016808552
0.059965355000000053,-0.31315848999999996,0.06667107500000002,-0.32414624999999997,0.056857055000000045,-0.33556718999999996,0.05195905500000003,-0.33392424,0.01678878500000003,-0.36146097,0.011630235000000044,-0.27862594999999996,-0.04499661499999996,-0.27249652999999996,0.014499485000000034,-0.16008541999999992,-0.06285664499999999,-0.09805237,0.06898111500000004,-0.20165539999999998,0.05407482500000005,-0.12372346999999995,0.02030068500000004,-0.01034722999999993,-0.020300684999999985,0.01034723000000004,0.05920332500000003,0.13159812999999998,-0.01770231499999997,0.19154833000000004,0.044383755000000025,0.27361037,-0.023391544999999958,0.30636843,0.00286924999999999,0.11854053000000003,0.05448163,-0.04156998000000006,-0.017860030000000027,0.17444415999999996,0.11693147000000004,-0.025671099999999947,0.03890263999999999,0.1419453599999999,-0.014819570000000004,0.14201224,0.0025983700000000165,0.1812011,-0.00568922999999999,0.11482009999999998,-0.056626850000000006,0.0061294199999999965,-0.040601370000000025,0.02069445999999997,0.19740466097266757,0.1533188477854243
0.05970542000000001,-0.312675455,0.06644545000000002,-0.323244765,0.05681649999999999,-0.334886115,0.05183302000000001,-0.333084865,0.01717476000000001,-0.361181535,0.012777380000000005,-0.27941970499999996,-0.045731980000000005,-0.27360687499999997,0.019562780000000002,-0.163315235,-0.06436748999999997,-0.09892923499999995,0.07478683000000003,-0.21235189499999996,0.05208893000000003,-0.125666135,0.020789400000000013,-0.010326364999999949,-0.020789399999999958,0.01032636500000006,0.05793606000000001,0.13113059500000002,-0.018030920000000006,0.19195952500000002,0.043792410000000004,0.27201426500000003,-0.02415139999999999,0.305238565,0.006785399999999997,0.11610446999999996,0.055224050000000025,-0.049036659999999954,-0.018635509999999966,0.17467764000000002,0.11645642,-0.026736900000000063,0.03714666,0.14145695999999996,-0.014143650000000008,0.14088367000000002,0.002758479999999952,0.18163315999999996,-0.006120479999999984,0.11327904,-0.05850936000000001,0.005812829999999991,-0.04157879999999997,0.020652730000000008,0.20911728101327687,0.154289374358181
0.05931935999999999,-0.31220370500000005,0.06632555999999995,-0.3224952550000001,0.057032059999999996,-0.33487424500000007,0.05173563999999997,-0.33268297500000005,0.017880709999999966,-0.3627241850000001,0.012199999999999989,-0.2795080850000001,-0.04628154000000001,-0.27513885500000007,0.021224019999999955,-0.16401202500000012,-0.06580436,-0.10001642500000008,0.07563265999999996,-0.21764266500000007,0.048818589999999995,-0.1273181750000001,0.020591109999999968,-0.010151775000000085,-0.020591110000000024,0.010151774999999974,0.058104939999999994,0.1309078749999999,-0.017649380000000048,0.1923960749999999,0.043849959999999966,0.27088057499999996,-0.02352869000000002,0.30433037499999993,0.009024019999999966,0.11549605999999996,0.05440864000000001,-0.05363063999999995,-0.019522819999999996,0.17512243,0.11462295,-0.027301750000000014,0.037513830000000026,0.14105964999999998,-0.014254980000000028,0.13997270000000006,0.0029417299999999758,0.18224429999999991,-0.005879309999999971,0.11193430000000004,-0.05848154,0.004369230000000002,-0.04118221999999999,0.02030355000000006,0.21466728129688184,0.15399900521461987
0.05928631000000001,-0.31149113,0.06586737999999998,-0.3219538,0.05675305000000003,-0.33407393,0.05078025000000003,-0.33221638000000003,0.016868099999999997,-0.36144055,0.011892630000000015,-0.27858832000000006,-0.046974950000000015,-0.27341082000000005,0.022782159999999996,-0.16402149,-0.06687991999999998,-0.09976911,0.07678623000000001,-0.21812382000000002,0.045475129999999975,-0.12831389000000004,0.020602129999999996,-0.010316250000000027,-0.020602129999999996,0.010316249999999916,0.057712980000000025,0.13165909999999992,-0.017462069999999996,0.19360495,0.04337472999999997,0.2719364799999999,-0.023703150000000006,0.30480134999999997,0.01088952999999998,0.11456683000000006,0.054004070000000015,-0.05410233000000003,-0.019904969999999966,0.17364171000000006,0.11235504999999996,-0.028544780000000047,0.03711085000000003,0.14197534999999994,-0.014338250000000052,0.14027738,0.00314006,0.18328870000000008,-0.00624108000000001,0.11119639999999997,-0.05886758000000003,0.0051775000000000015,-0.04120425999999999,0.020632499999999943,0.21526876048817417,0.1535725236021313
0.05904577,-0.31079004499999996,0.06546290999999999,-0.32089994499999996,0.05689510000000003,-0.333300375,0.04983472,-0.33088657499999996,0.017427369999999998,-0.36080922499999996,0.010364170000000006,-0.277991395,-0.046674559999999976,-0.273980725,0.01974254000000003,-0.161675475,-0.06619813000000002,-0.10071320499999992,0.07495267,-0.21525551499999995,0.04486819000000003,-0.12975801499999995,0.020167429999999986,-0.010030525000000012,-0.020167429999999986,0.010030525000000012,0.05773797000000003,0.131873825,-0.01833973,0.19290502500000006,0.04489710000000002,0.27134432500000005,-0.02322255000000001,0.30436192500000003,0.009378370000000025,0.11631591999999996,0.05521012999999997,-0.05358003999999994,-0.019523570000000046,0.17326752000000006,0.11106632000000005,-0.029044810000000032,0.03757054000000004,0.14190435,-0.012840870000000004,0.13947050000000005,0.0018276999999999877,0.18287450000000005,-0.00488282000000001,0.11145689999999997,-0.05703872999999998,0.004010669999999994,-0.04033485999999997,0.020061050000000025,0.21241167350773751,0.1541767420336673
0.05559093000000004,-0.3111474000000001,0.06122015000000003,-0.32072520000000004,0.0532956,-0.33335088000000007,0.04506330000000003,-0.33187120000000003,0.013617529999999989,-0.3614567000000001,0.004247500000000015,-0.27956356000000004,-0.05059936999999998,-0.2751116800000001,0.0054415000000000435,-0.1497221700000001,-0.06969938999999997,-0.09946240000000006,0.06041209000000003,-0.17899615000000002,0.041581880000000015,-0.13409550000000003,0.020009410000000005,-0.01110230000000001,-0.020009410000000005,0.011102299999999898,0.05191125000000002,0.13637833999999993,-0.021222469999999993,0.20669214999999996,0.04478426000000002,0.27075759999999993,-0.032019629999999966,0.30462579999999995,0.0011940000000000284,0.12984138999999995,0.054970589999999986,-0.02927397999999992,-0.019100019999999995,0.17564928000000002,0.11128126999999999,-0.03463309999999997,0.031901840000000015,0.14748063999999994,-0.00712699,0.13437926,-0.001213059999999988,0.19558985000000007,-0.010797159999999972,0.09793364999999998,-0.05484686999999999,0.004451879999999964,-0.04001882000000001,0.022204599999999908,0.17268677256525733,0.1577209184880182
0.054174290000000014,-0.31237054000000003,0.06075092000000004,-0.32154897,0.052259320000000054,-0.33510472,0.04545419000000006,-0.33134175,0.014614210000000016,-0.36323598,0.005150280000000063,-0.28003559,-0.05101755999999996,-0.27695877,0.004346540000000065,-0.14680292000000006,-0.07008765999999994,-0.10077002000000002,0.05815082000000005,-0.15806937,0.042575500000000044,-0.13676434999999998,0.02048154000000002,-0.01072704999999996,-0.020481539999999965,0.01072704999999996,0.05216186000000006,0.13752087999999996,-0.02147251999999994,0.20494383000000005,0.04568391000000005,0.26722473,-0.030695929999999982,0.30336648,-0.0008037399999999972,0.13323266999999994,0.05380427999999998,-0.011266449999999928,-0.01907009999999998,0.17618875,0.11266315999999998,-0.03599432999999996,0.03168032000000004,0.14824792999999992,-0.00647795000000001,0.12970385000000006,-0.0009909799999999747,0.1942167800000001,-0.009223410000000043,0.09842264999999994,-0.056167840000000024,0.00307681999999998,-0.040963079999999985,0.02145409999999992,0.15208133981097355,0.1604054343453537
0.053593325000000025,-0.31056520000000004,0.05974058500000001,-0.31973013000000006,0.05121882500000002,-0.3330829,0.044416595,-0.32967775000000005,0.012655485000000022,-0.36075198,0.006614615000000046,-0.27914774000000003,-0.052280824999999975,-0.274755,0.00990882500000001,-0.15329310000000007,-0.07058413499999999,-0.09939340000000008,0.058446865000000015,-0.16404446000000006,0.04294879500000004,-0.1340587000000001,0.02130724500000003,-0.010141799999999979,-0.021307244999999975,0.010141799999999979,0.05026076500000004,0.1424396,-0.02237397499999999,0.2014148,0.045201765000000005,0.27538719999999994,-0.03324411499999996,0.30466899999999997,0.003294209999999964,0.12585463999999996,0.048538040000000005,-0.010751359999999988,-0.018303310000000017,0.17536159999999995,0.11353293000000003,-0.03466530000000001,0.02895352000000001,0.15258139999999998,-0.005059000000000036,0.13294759999999994,-0.0010667300000000157,0.19127300000000003,-0.010870139999999973,0.10325419999999996,-0.05889544000000002,0.004392740000000006,-0.042614490000000005,0.020283599999999957,0.15832049813217497,0.1578690054340358
0.059853020000000035,-0.30907975000000004,0.06654382000000003,-0.31898800000000005,0.05802903000000004,-0.33180727000000004,0.05150709000000003,-0.328618,0.019129549999999995,-0.35982348000000003,0.012743239999999989,-0.27570693,-0.04599780999999997,-0.27320005,0.02897976000000002,-0.16337166000000003,-0.06680222999999996,-0.1025952,0.08484802000000002,-0.21403510000000003,0.04794554000000001,-0.13154415000000008,0.020463410000000015,-0.009465000000000057,-0.02046340999999996,0.009464999999999946,0.05638346999999999,0.13561449999999997,-0.01862636000000001,0.19300149999999994,0.04700465000000004,0.27607085,-0.025456480000000004,0.30500079999999996,0.016236520000000032,0.11233526999999999,0.05586826,-0.050663440000000004,-0.02080441999999999,0.17060485000000003,0.11474776999999997,-0.028948950000000084,0.035920059999999976,0.14507950000000003,-0.009378819999999954,0.14045635,0.0018370499999999512,0.1835365,-0.006830119999999995,0.11199930000000002,-0.05874104999999996,0.002506879999999989,-0.040926819999999975,0.018930000000000002,0.21446282619340373,0.156727039223693
0.05607055,-0.30925542000000006,0.06272663,-0.31837575000000007,0.05440779000000001,-0.33194685000000007,0.04766495000000004,-0.3304565200000001,0.015031889999999992,-0.36299195000000006,0.006643370000000037,-0.2810782500000001,-0.052187649999999974,-0.2772962100000001,0.01479168000000003,-0.1601741900000001,-0.07136930999999996,-0.10057335000000012,0.07450898,-0.1957473500000001,0.044218250000000014,-0.13118185000000004,0.02101835000000002,-0.01081215000000002,-0.021018349999999963,0.01081214999999991,0.05098465000000002,0.13923978999999997,-0.024150420000000006,0.2076131499999999,0.044294550000000044,0.27526664999999995,-0.03339360999999996,0.3049484499999999,0.008148309999999992,0.12090405999999998,0.05971729999999997,-0.03557315999999999,-0.01918165999999999,0.17672285999999998,0.11558755999999998,-0.030608499999999927,0.0299663,0.15005194,-0.006690099999999977,0.13602685999999997,-0.0031320700000000423,0.196801,-0.009243189999999957,0.09733530000000001,-0.05883102000000001,0.0037820399999999865,-0.04203669999999998,0.02162429999999993,0.19251565052441041,0.15626295151301853
0.055455069999999995,-0.3075363550000001,0.062314079999999994,-0.3162914850000001,0.05394519999999997,-0.33033975500000007,0.04741894999999996,-0.32787003500000006,0.014655780000000007,-0.36155285500000006,0.006484099999999993,-0.27926816500000007,-0.052814110000000025,-0.27655568500000005,0.014083750000000006,-0.1594969850000001,-0.07119175,-0.09934713500000003,0.07117267,-0.1973711150000001,0.044322379999999995,-0.12874134500000012,0.021191789999999988,-0.01048721500000005,-0.021191789999999988,0.010487214999999939,0.05046824999999999,0.13860081499999988,-0.02402926999999999,0.20550021499999993,0.043769579999999975,0.2770163149999999,-0.03337749000000001,0.3066571149999999,0.007599650000000013,0.11977117999999998,0.05708891999999999,-0.037874130000000006,-0.018377639999999973,0.17720855000000002,0.11551412999999999,-0.029394210000000087,0.029276460000000004,0.14908802999999993,-0.006698670000000018,0.13841550000000002,-0.0028374800000000033,0.195013,-0.009348220000000018,0.1011569,-0.05929821000000002,0.002712480000000017,-0.042383579999999976,0.02097442999999999,0.1934520107023559,0.1538723444627478
0.05512033000000005,-0.30768644,0.061573610000000056,-0.31672995000000004,0.05320965000000005,-0.33048587,0.04626623000000002,-0.32820057,0.013255790000000045,-0.36083801000000004,0.005415530000000057,-0.27816843,-0.05282823999999997,-0.27537500000000004,0.010257410000000022,-0.15309917000000006,-0.07071356999999995,-0.09856627000000007,0.06705137000000005,-0.18128093,0.04307653000000006,-0.12666202999999998,0.02095990000000003,-0.010525270000000031,-0.020959899999999976,0.010525270000000031,0.050328690000000065,0.13872932999999998,-0.025002729999999973,0.20575896999999999,0.043525090000000044,0.27704529,-0.03362790999999993,0.30716793,0.004841879999999965,0.12506925999999996,0.05679396000000003,-0.028181759999999945,-0.017885329999999977,0.17680872999999997,0.1137901,-0.028095759999999914,0.029368790000000033,0.14925460000000002,-0.006803600000000021,0.13831596000000002,-0.004042829999999997,0.19523369999999995,-0.008625179999999955,0.10140895999999999,-0.05824377000000003,0.0027934299999999856,-0.04191980000000001,0.021050540000000062,0.17686695290188187,0.1513968944477888
0.05473427999999997,-0.30708737999999997,0.06114187999999998,-0.31609564999999995,0.052967549999999974,-0.33009694999999994,0.04576053999999996,-0.32691310999999995,0.012668519999999961,-0.36024777999999996,0.006280449999999993,-0.27541072999999994,-0.05347672000000003,-0.27348838999999997,0.01597689999999996,-0.15571360999999995,-0.07038668000000003,-0.09613394999999991,0.07008042999999997,-0.20140351999999995,0.04217781999999998,-0.12260434999999992,0.02117118000000001,-0.010261149999999941,-0.02117118000000001,0.010261150000000052,0.04941620999999996,0.14071455,-0.023948320000000023,0.20752990999999998,0.044165220000000005,0.28053825,-0.03241077000000003,0.30965675000000004,0.009696449999999968,0.11969711999999999,0.05410353000000001,-0.04568991,-0.01690996,0.17735444000000006,0.11256450000000001,-0.026470400000000005,0.02824502999999995,0.15097569999999993,-0.005250989999999955,0.1398237,-0.0027771400000000113,0.19726875999999993,-0.00846245000000001,0.10212684000000005,-0.059757170000000026,0.0019223399999999669,-0.04234236000000002,0.020522299999999993,0.1973005837416083,0.1471948942431428
0.05500051499999997,-0.307828655,0.06173342499999995,-0.31763550500000004,0.05239218499999998,-0.33092999500000003,0.04702112499999994,-0.328568275,0.011307424999999982,-0.360052195,0.007096864999999952,-0.27705171500000003,-0.05338337500000001,-0.27234709500000004,0.013055714999999968,-0.15769535499999998,-0.07069828500000003,-0.09602981500000007,0.06469920499999998,-0.19793685500000002,0.04170850499999995,-0.122714455,0.02154716499999998,-0.010973094999999988,-0.021547165000000035,0.010973094999999988,0.049369464999999946,0.13905549499999992,-0.024290055000000033,0.20901794499999993,0.04476366499999995,0.27909414499999996,-0.03191986500000005,0.30951434499999997,0.0059588500000000155,0.11935636000000005,0.051643490000000014,-0.04024150000000004,-0.017314910000000017,0.17631727999999997,0.11240678999999998,-0.026684639999999926,0.027822299999999967,0.1500285899999999,-0.004605799999999993,0.14003865000000004,-0.002742889999999998,0.19804484999999994,-0.007629810000000015,0.10049640000000004,-0.06048023999999996,0.004704619999999993,-0.043094330000000014,0.021946189999999977,0.1918789881917747,0.14789739961254017
0.05491428499999995,-0.3068790599999999,0.060938084999999975,-0.31656893999999997,0.05231536499999995,-0.3295365599999999,0.04580008499999999,-0.32806047999999993,0.011182414999999946,-0.35858377999999996,0.008657204999999946,-0.2766838099999999,-0.05390717500000003,-0.2719436599999999,0.01971606499999995,-0.1582310199999999,-0.07113056500000003,-0.09521415999999994,0.06559138499999995,-0.20454095999999994,0.042733625,-0.12099939999999998,0.02209873499999998,-0.010862109999999925,-0.022098735000000036,0.010862110000000036,0.04875154499999995,0.1384428700000001,-0.023258645000000022,0.2081693400000001,0.04458476499999997,0.2796068800000001,-0.032079895000000025,0.31012064000000006,0.011058860000000004,0.11845279000000003,0.04587532,-0.04630994000000005,-0.017223390000000005,0.17672949999999998,0.11386419000000003,-0.025785240000000043,0.02665280999999997,0.14930498000000003,-0.004166779999999981,0.14116401,-0.0011599099999999862,0.19730723000000006,-0.008821250000000003,0.10195129999999997,-0.06256437999999998,0.0047401499999999985,-0.044197470000000016,0.02172421999999996,0.19850216004201315,0.14693771715475135
0.05329516000000001,-0.30812704999999996,0.05940687,-0.31756398999999996,0.05114479999999999,-0.33089978999999997,0.04443687000000002,-0.32909417999999996,0.011039369999999993,-0.36063397999999997,0.007995279999999994,-0.2774253,-0.054332099999999994,-0.27354252999999995,0.02306625000000001,-0.15997688,-0.07263169999999997,-0.09553871999999997,0.07199347,-0.20734066999999995,0.04192950000000001,-0.12031958999999992,0.021741270000000035,-0.010570450000000009,-0.02174126999999998,0.010570450000000009,0.0476124,0.13868149000000007,-0.023605529999999986,0.20650120000000005,0.044526960000000004,0.27949711,-0.032821270000000013,0.30947705000000003,0.015070970000000017,0.11744842,0.048927219999999993,-0.04736378999999996,-0.01829959999999997,0.17800380999999998,0.11456119999999997,-0.024780869999999955,0.025871129999999964,0.14925194000000008,-0.003085439999999995,0.14081561999999992,-0.0018642600000000065,0.19593075000000004,-0.009215740000000028,0.10297584999999998,-0.06232737999999999,0.0038827700000000354,-0.043482540000000014,0.021140900000000018,0.20308570378952914,0.14555469598606044
0.058020994999999964,-0.31029725500000005,0.06451438499999995,-0.320930545,0.05564029499999995,-0.333709275,0.049433424999999975,-0.331623235,0.01491989499999996,-0.36230630500000005,0.012948144999999966,-0.27844105500000005,-0.04958905500000005,-0.27326543500000006,0.033595074999999974,-0.167309775,-0.06764642500000001,-0.09957904500000003,0.07517839499999995,-0.216812575,0.045665524999999985,-0.12306387500000004,0.021536155,-0.01002227500000008,-0.021536155,0.01002227499999997,0.05518208499999999,0.131865075,-0.018280375000000015,0.191526525,0.04729402499999996,0.27552972499999995,-0.02345512500000002,0.30552362499999997,0.020646930000000008,0.11113128000000005,0.04158331999999998,-0.04950280000000001,-0.01805736999999996,0.17368639000000002,0.11331195,-0.023484830000000012,0.03364592999999999,0.14188735000000008,-0.00788806000000003,0.14366464999999995,0.003255779999999986,0.18150425000000003,-0.005174750000000006,0.11399709999999996,-0.06253720000000001,0.005175619999999992,-0.04307231,0.02004455000000005,0.21363454328901862,0.14909053999716046
0.056924890000000006,-0.31063177999999997,0.06348373000000002,-0.32121604,0.05466652999999999,-0.33380159,0.04825581000000001,-0.33229847999999995,0.014358360000000014,-0.36242423999999995,0.011290650000000013,-0.28134563999999995,-0.05080862000000003,-0.27280064,0.028750639999999994,-0.17552104000000002,-0.06982629000000001,-0.09943634000000001,0.07207606999999999,-0.21793253999999995,0.04427217,-0.12253667999999995,0.021408309999999986,-0.010624199999999973,-0.021408309999999986,0.010624199999999973,0.05546611000000001,0.13348839,-0.01956311999999999,0.19224406000000005,0.046363409999999994,0.2761752900000001,-0.022171510000000005,0.30524746,0.01745998999999998,0.10582459999999994,0.04332543,-0.042411499999999935,-0.019017669999999987,0.17336429999999997,0.11409846000000001,-0.02310033999999994,0.03405780000000003,0.14411258999999998,-0.009102700000000019,0.14268690000000006,0.0018451899999999966,0.18161986000000008,-0.002608390000000016,0.11300339999999998,-0.06209927000000004,0.00854499999999997,-0.04281661999999997,0.021248399999999945,0.21341033184214206,0.1484780974265389
0.05707687,-0.31175862000000004,0.06319993000000002,-0.32269420000000004,0.054308999999999996,-0.33493097000000005,0.04799287000000002,-0.33363380000000004,0.013299100000000008,-0.36287658000000006,0.013074329999999967,-0.27964710000000004,-0.05101506,-0.27386151000000003,0.034020139999999977,-0.16874458000000003,-0.07056847999999999,-0.10014185000000009,0.07464267000000002,-0.22351720000000003,0.04192299999999999,-0.12421875000000004,0.02194463000000002,-0.010097650000000069,-0.02194463000000002,0.010097649999999958,0.05459578999999998,0.1330920499999999,-0.01835106000000003,0.19202140999999995,0.04685170999999999,0.27559855,-0.022264700000000026,0.30427954999999995,0.02094581000000001,0.11090252,0.040622530000000046,-0.054772619999999994,-0.019553419999999988,0.17371965999999994,0.11249147999999998,-0.024076899999999957,0.03265115999999996,0.14318969999999998,-0.0077440799999999865,0.1425065000000001,0.0035935699999999904,0.18192376,-0.003913639999999996,0.11225814,-0.06408938999999997,0.005785590000000007,-0.04388926000000004,0.020195300000000027,0.21982945148920352,0.14872783690613167
0.052895845,-0.30712105999999995,0.058015554999999996,-0.3162812199999999,0.05078851499999998,-0.32979987999999993,0.04140195499999999,-0.3283536999999999,0.00942206499999998,-0.3595578299999999,0.007522134999999985,-0.28023397999999994,-0.05813670500000001,-0.27107377999999993,0.033128734999999965,-0.1736386299999999,-0.07662603500000004,-0.09256033999999991,0.07875439499999998,-0.2130895499999999,0.03852101499999999,-0.12027012999999998,0.02228376500000001,-0.01142351999999991,-0.02228376500000001,0.01142352000000002,0.04775726499999999,0.13967982000000012,-0.020457484999999997,0.2052737200000001,0.045726215000000014,0.2806151200000001,-0.028984585000000007,0.30954922000000007,0.02560659999999998,0.10659535000000003,0.04562566000000001,-0.03945092,-0.018489330000000026,0.17851344000000002,0.11514705000000003,-0.027709790000000067,0.025473499999999982,0.15110334000000003,-0.0020310499999999787,0.14093529999999999,0.0018262800000000134,0.19385020000000008,-0.00852710000000001,0.10427549999999997,-0.06565884,0.009160200000000007,-0.04456753000000002,0.02284703999999993,0.20942330268754192,0.14505322720012437
0.052888644999999956,-0.308383,0.05754543499999998,-0.3176239,0.050562724999999975,-0.33092486,0.04052858499999995,-0.32963379000000004,0.008586154999999984,-0.36023547,0.007886814999999991,-0.28029277,-0.05897955500000002,-0.27197667000000003,0.03636463499999998,-0.17114119000000005,-0.077878785,-0.09363847000000003,0.08448198499999998,-0.21229609,0.03742824499999997,-0.12235233000000001,0.02257348499999995,-0.01134963,-0.022573485000000004,0.01134963,0.04718034499999996,0.13910051,-0.020747645000000037,0.20498611,0.04568515499999998,0.27888382999999994,-0.02900721500000003,0.30820377,0.028477819999999987,0.10915157999999997,0.04811735,-0.04115489999999994,-0.01889922999999999,0.1783382,0.11530702999999998,-0.02871385999999998,0.024606860000000008,0.15045014,-0.0014951899999999796,0.13978331999999993,0.0018258399999999675,0.19363648,-0.008259569999999994,0.10321765999999999,-0.06686637000000001,0.008316099999999993,-0.04514696999999995,0.02269926,0.21026683561318366,0.14654835963201532
0.05205361999999997,-0.30932057999999996,0.056942049999999966,-0.31904603,0.04940095999999994,-0.33194963,0.040553899999999976,-0.33201137999999997,0.007251799999999975,-0.36181216,0.00832807999999996,-0.28192858,-0.05986220000000003,-0.27361159999999995,0.03472455999999996,-0.1695972,-0.07893056000000004,-0.09435335999999994,0.08168348999999997,-0.21274206999999995,0.03655621999999997,-0.12269370000000002,0.02306419999999998,-0.011433699999999991,-0.023064200000000035,0.011433699999999991,0.047541379999999966,0.1390591,-0.022138360000000024,0.20593746000000002,0.04460727999999997,0.27841194,-0.028642150000000033,0.30713250000000003,0.02639648,0.11233137999999998,0.04695893000000001,-0.043144869999999946,-0.019068360000000006,0.17925824,0.11548678000000001,-0.028340340000000075,0.024477179999999987,0.15049279999999998,-0.002934099999999995,0.13935284000000003,0.0009258400000000111,0.19450376000000003,-0.006503790000000009,0.10119504000000001,-0.06819027999999999,0.00831698000000003,-0.046128400000000014,0.022867399999999982,0.20966945650752516,0.14678131322391283
0.05061239000000001,-0.31026008000000005,0.055583010000000044,-0.32004368000000005,0.04777258000000001,-0.33285035,0.03944784000000001,-0.33228965000000005,0.005320870000000033,-0.36193078,0.007402570000000053,-0.28108932000000003,-0.06128182999999998,-0.27326373000000004,0.03266427000000005,-0.16957447999999997,-0.08078655999999995,-0.09500488000000007,0.07748136,-0.21933452000000003,0.034684610000000005,-0.12299058000000007,0.023300650000000034,-0.011485320000000021,-0.02330064999999998,0.011485320000000021,0.04695576000000001,0.13747091999999994,-0.02326088999999998,0.20590087,0.044522280000000025,0.27703979,-0.030273649999999985,0.30649962,0.025261699999999998,0.11151484000000006,0.04481708999999995,-0.04976004000000006,-0.01950472999999997,0.17825884999999997,0.11547116999999996,-0.027985700000000002,0.02365510999999998,0.14895623999999996,-0.002433479999999988,0.13956887000000007,3.9759999999999796e-05,0.19441555,-0.007012760000000007,0.10059874999999996,-0.06868440000000003,0.007825589999999993,-0.04660130000000001,0.022970640000000042,0.21479487721252596,0.14644472697259409
0.051430949999999975,-0.31074232999999996,0.05681926999999998,-0.32133991999999995,0.04821062999999998,-0.33372145,0.04100662999999999,-0.33435428999999994,0.005421799999999977,-0.36301607999999996,0.005399389999999948,-0.28251270999999994,-0.05977528000000004,-0.27350912999999993,0.021698899999999965,-0.16865871999999993,-0.08045875000000002,-0.09560574999999993,0.06799570999999999,-0.21504349999999994,0.03660411999999996,-0.12388294999999994,0.022412149999999964,-0.011930649999999932,-0.02241215000000002,0.011930650000000043,0.04863414999999999,0.13644115,-0.023295120000000058,0.20623385000000005,0.045137049999999956,0.27632555000000003,-0.029354590000000014,0.30565335000000005,0.016299510000000017,0.11385399000000002,0.04629681000000002,-0.046384780000000014,-0.02068346999999998,0.17790338,0.11706286999999999,-0.028277200000000002,0.026222000000000023,0.14837179999999994,-0.0034971000000000307,0.13988440000000002,-0.0008829700000000384,0.1943032,-0.006059469999999956,0.0994195,-0.06517466999999999,0.009003580000000011,-0.044824299999999984,0.023861299999999974,0.2081650565714527,0.14808191675445348
0.05193045000000002,-0.31040842,0.057449090000000036,-0.32113270000000005,0.048460310000000006,-0.33322107,0.04191049000000002,-0.33357347000000004,0.005866250000000017,-0.36171235,0.004937550000000013,-0.28035624000000003,-0.057826889999999964,-0.27302409,0.016785340000000037,-0.1613519,-0.08006213000000001,-0.09488976999999998,0.07055666,-0.20635865000000003,0.03481998000000003,-0.12280057,0.021736509999999987,-0.011586529999999984,-0.021736509999999987,0.011586529999999984,0.04922841,0.13694967999999996,-0.02294078999999999,0.20501882999999999,0.04651106999999999,0.27725299000000003,-0.029229709999999964,0.30625673,0.011847790000000025,0.11900434000000004,0.053771319999999956,-0.04500675000000004,-0.022235240000000045,0.17813432,0.11488211000000004,-0.027910800000000013,0.027491900000000014,0.14853620999999995,-0.0027173400000000125,0.14030331000000007,-0.001204280000000002,0.1934323,-0.006288919999999976,0.10123789999999999,-0.06276443999999998,0.007332150000000037,-0.04347301999999997,0.023173059999999968,0.2007973749213792,0.1458030493766509
0.052372949999999974,-0.30919112000000004,0.05809259999999994,-0.31980919,0.04905925999999994,-0.33199536,0.042134869999999935,-0.33342922,0.006299149999999976,-0.36152627000000004,0.0025079699999999705,-0.28429620000000005,-0.05742834000000002,-0.2728958,0.009637939999999956,-0.17355792000000003,-0.08021230000000007,-0.09518858000000008,0.06573162999999993,-0.21355270000000004,0.03467557999999993,-0.12242032000000003,0.020937959999999978,-0.012329320000000088,-0.020937960000000033,0.012329319999999977,0.05002149999999994,0.13772337999999995,-0.023252830000000058,0.20570573999999997,0.046163699999999974,0.27761152999999994,-0.02859582000000005,0.30700627999999996,0.0071299699999999855,0.11073828000000002,0.056093689999999974,-0.03999478000000001,-0.022783960000000048,0.17770721999999994,0.11488788,-0.02723173999999995,0.029083539999999963,0.15005270000000004,-0.003857799999999967,0.13988815,-0.0023148700000000244,0.19337642,-0.005342989999999992,0.10130054,-0.05993630999999999,0.011400400000000033,-0.04187592000000001,0.024658640000000065,0.2061487849362525,0.14577493375563988
0.05151552000000004,-0.31077666,0.05720548000000003,-0.32145387999999997,0.04806267000000003,-0.33367169999999996,0.04157607000000002,-0.33446792,0.005280120000000055,-0.36259139999999995,0.0035997800000000524,-0.28414991999999994,-0.05851973999999999,-0.27348023999999993,0.012999670000000019,-0.17178709999999997,-0.08039454999999995,-0.09672913999999999,0.059597360000000044,-0.20956429999999998,0.03440202000000003,-0.12445819999999996,0.021748650000000036,-0.012128899999999998,-0.02174864999999998,0.012128899999999998,0.05011059000000001,0.13707460000000005,-0.022943839999999938,0.20509280000000008,0.04747372000000005,0.27635463000000005,-0.029797979999999946,0.30575850000000004,0.009399889999999966,0.11236281999999997,0.046597690000000025,-0.03777720000000001,-0.021874809999999967,0.17675109999999994,0.11479656999999999,-0.027729059999999972,0.028361939999999974,0.14920350000000004,-0.002636869999999958,0.13928003,-0.0011951899999999571,0.19296390000000008,-0.0068541400000000086,0.10066569999999997,-0.06211952000000004,0.010669680000000015,-0.043497300000000017,0.024257799999999996,0.2010305002277617,0.14767848058488037
0.05199035999999996,-0.3094089499999999,0.05822453,-0.32050531999999987,0.04833000999999998,-0.33237414999999987,0.043123089999999975,-0.3339230499999999,0.005802389999999991,-0.3613218499999999,0.0025678599999999774,-0.28448964999999987,-0.05644283,-0.2723601499999999,0.005565609999999999,-0.17139074999999993,-0.07935819,-0.09640097999999986,0.05276898999999996,-0.2035238499999999,0.03327099,-0.12401479999999987,0.020895869999999983,-0.012425249999999943,-0.02089587000000004,0.012425250000000054,0.050807449999999976,0.13576978000000006,-0.022149110000000027,0.2044395200000001,0.04845898999999998,0.27624225000000013,-0.028761480000000006,0.3066091500000001,0.0029977500000000212,0.11309889999999995,0.04720337999999996,-0.03213309999999997,-0.022915359999999996,0.17595917000000005,0.11262918,-0.02761382000000001,0.029911579999999993,0.14819503,-0.0023484599999999967,0.14047247000000007,-0.0012532399999999888,0.19201427000000004,-0.0066123699999999785,0.10216963000000001,-0.05901068999999998,0.01212949999999996,-0.04179174000000002,0.024850499999999998,0.1937384079125623,0.14679896445909313
0.05209897499999999,-0.30870960500000005,0.058312874999999986,-0.31957663500000005,0.048756914999999956,-0.33163221500000006,0.043271165,-0.33257053500000006,0.0064433149999999495,-0.36067967500000003,0.00374700499999997,-0.28233115500000006,-0.05696168500000004,-0.27120979500000003,0.010883114999999999,-0.16618336500000008,-0.078999025,-0.09591973500000006,0.055335054999999966,-0.19555731500000006,0.032464574999999996,-0.12519553500000002,0.02127491499999995,-0.012488535000000023,-0.021274915000000005,0.012488534999999912,0.05115151499999998,0.13404439499999998,-0.02138655500000003,0.206002695,0.047556564999999995,0.275407125,-0.028665785,0.30716316499999996,0.007136110000000029,0.11614778999999997,0.04445193999999997,-0.029373949999999982,-0.02203733999999996,0.17529005999999997,0.1114636,-0.029275799999999963,0.02987660000000003,0.14653293,-0.0035949499999999857,0.14136273,-0.00011164000000002394,0.1935141600000001,-0.00727922999999997,0.10116046999999995,-0.06070869000000001,0.011121360000000025,-0.042549829999999955,0.024977069999999935,0.18621028797439743,0.14779998618817589
0.05273928499999997,-0.30969807,0.05842690499999997,-0.3205253,0.04938973499999999,-0.33240258,0.042685344999999986,-0.33316517,0.007088564999999991,-0.36075082,0.004261334999999977,-0.28237208,-0.056594115,-0.27088386000000003,0.020425484999999965,-0.1700488,-0.07913073500000001,-0.09743069999999998,0.082813845,-0.19814783000000002,0.03190072499999996,-0.1273341,0.020906164999999977,-0.012475970000000003,-0.020906165000000032,0.012475970000000003,0.05074273499999998,0.13535403999999995,-0.02134577500000001,0.20591223000000003,0.04692404499999997,0.27569305999999993,-0.028704335000000025,0.3063975,0.016164149999999988,0.11232328000000003,0.06238836000000003,-0.028099030000000025,-0.022536620000000007,0.17345316000000005,0.11103145999999997,-0.029903400000000024,0.029836570000000007,0.14783000999999996,-0.0038186900000000135,0.14033901999999998,-0.0004396099999999792,0.19343626000000003,-0.007358560000000014,0.10048526999999996,-0.06085544999999998,0.011488219999999993,-0.04181233000000001,0.024951940000000006,0.19572072051482442,0.14945040416431465
0.05218170500000002,-0.30971267500000005,0.05846990499999999,-0.320811795,0.048547905,-0.332674275,0.04364064500000003,-0.33281565500000004,0.006698405000000018,-0.36068431500000003,0.0037138050000000145,-0.27977387500000006,-0.05561786499999999,-0.272304515,0.012736145000000032,-0.15747767499999998,-0.07839959499999999,-0.09788657500000009,0.07803285500000001,-0.19157413499999998,0.03255745500000001,-0.12966287500000007,0.02073335500000001,-0.011797525000000086,-0.02073335500000001,0.011797524999999975,0.051328154999999986,0.13552302500000002,-0.022060725000000003,0.20559662499999998,0.047050125,0.27648102499999994,-0.028672574999999978,0.30618192499999997,0.009022340000000018,0.12229620000000008,0.06529670999999998,-0.034096459999999995,-0.02278173,0.17441793999999994,0.11095705,-0.03177629999999998,0.030594799999999978,0.1473205500000001,-0.004278029999999988,0.14095799999999992,-0.0013273699999999944,0.1937991,-0.006611849999999975,0.10058529999999999,-0.05933167,0.007469360000000036,-0.04146671000000002,0.023595050000000062,0.18868720731237204,0.15116532406149275
0.05221962500000005,-0.3117059,0.058974205,-0.32286214,0.048455415,-0.33511102,0.04460683500000001,-0.33463835,0.007028195000000015,-0.36334678,0.0034403450000000113,-0.28096434,-0.05395421499999997,-0.2745579,0.01168666500000004,-0.15877169999999996,-0.07679753499999997,-0.10036456000000005,0.08568056500000004,-0.18633496000000005,0.033796045,-0.13272594999999998,0.020006985000000033,-0.011244900000000002,-0.020006984999999977,0.011244900000000002,0.05153640500000001,0.13567185999999998,-0.02132463499999998,0.20006630000000003,0.04786932500000002,0.27430580000000004,-0.027570484999999978,0.3034097,0.00824632000000003,0.12219264000000002,0.0739939,-0.02756326000000009,-0.02284332,0.17419333999999997,0.11059357999999997,-0.032361389999999934,0.031529419999999975,0.14691675999999998,-0.0036670799999999892,0.13863394000000007,-0.0013176500000000035,0.18882140000000003,-0.006245849999999997,0.10334339999999997,-0.05739455999999998,0.006406439999999958,-0.04001397000000001,0.022489800000000004,0.18700146582532454,0.15369571134844132
0.050753570000000026,-0.3106201850000001,0.05773923000000003,-0.3210889150000001,0.04767969999999999,-0.33417470500000007,0.043507130000000005,-0.3323457350000001,0.00720508000000003,-0.3632338850000001,0.002863630000000006,-0.2793133650000001,-0.05518609000000002,-0.2746263550000001,0.011615070000000005,-0.1570037350000001,-0.07713471999999999,-0.0997647450000001,0.08027678999999999,-0.18409698500000005,0.03376526000000002,-0.13284311500000012,0.020191970000000004,-0.01084891500000007,-0.020191970000000004,0.010848914999999959,0.05118054999999999,0.13664015499999993,-0.021783569999999974,0.19976081499999987,0.04709721,0.27448197499999993,-0.02779560999999997,0.3037417149999999,0.00875144,0.12230963,0.06866171999999998,-0.027093249999999958,-0.02194862999999997,0.17486161,0.11089998000000001,-0.033078370000000024,0.030988579999999988,0.14748907,-0.004083339999999991,0.13784182,-0.0015915999999999708,0.1889118999999999,-0.006012039999999996,0.10398090000000004,-0.05804972000000003,0.0046870099999999915,-0.04038394000000001,0.02169783000000003,0.18337142458179598,0.1534887036716182
0.051423490000000016,-0.30933650500000004,0.057836370000000026,-0.31916773500000006,0.048902990000000035,-0.33248135500000003,0.04287975000000005,-0.3302051750000001,0.00849359000000005,-0.36167037500000004,0.004603090000000032,-0.27888548500000004,-0.056141539999999934,-0.27273676500000005,0.021587630000000024,-0.16302186500000004,-0.07702604999999996,-0.09962856500000006,0.08700677000000007,-0.18417537500000003,0.03408929000000005,-0.1330702050000001,0.020786090000000035,-0.011093555000000088,-0.02078608999999998,0.011093554999999977,0.05120159000000002,0.13575849499999992,-0.020692509999999942,0.19927889499999996,0.04726811000000003,0.27507275499999995,-0.02785438999999995,0.30450099499999994,0.016984539999999992,0.11586362,0.06541914000000004,-0.021153509999999986,-0.020884510000000023,0.1731082,0.11111534,-0.03344164000000005,0.030415499999999984,0.14685205,-0.003933479999999989,0.13931426000000002,9.358000000003752e-05,0.18818533999999998,-0.007161880000000009,0.10522209999999999,-0.060744629999999966,0.006148719999999996,-0.041572180000000014,0.022187110000000065,0.1853172816392869,0.1542546499379582
0.052555130000000005,-0.306154565,0.05965425000000002,-0.316059185,0.05001197000000002,-0.329432125,0.04563053,-0.326845725,0.010337470000000015,-0.358743025,0.0059492700000000065,-0.275896625,-0.054037290000000016,-0.270896095,0.020169629999999994,-0.15865056499999997,-0.07500532999999998,-0.09681122499999995,0.08783293999999997,-0.18726462499999996,0.037524,-0.13167517500000003,0.02069987000000001,-0.010977075000000003,-0.02069987000000001,0.010977075000000003,0.05239619000000001,0.13522280500000006,-0.02012919000000002,0.19996247499999997,0.04846919999999999,0.27559477499999996,-0.027817829999999988,0.307120575,0.014220359999999987,0.11724606000000004,0.06766330999999998,-0.028614059999999997,-0.020968039999999966,0.17408487000000006,0.11252932999999998,-0.03486395000000009,0.03169632,0.14619988000000006,-0.003926990000000019,0.1403719699999999,0.0005706799999999901,0.18898539999999997,-0.007688639999999969,0.10715810000000003,-0.05998656000000002,0.005000530000000003,-0.04139974000000002,0.021954150000000006,0.18863761388606298,0.15407687518845717
0.053081484999999984,-0.306201215,0.059388755000000015,-0.315869985,0.05088165499999997,-0.329154485,0.04402503499999999,-0.326439045,0.010959954999999966,-0.358043905,0.005587905000000004,-0.275612505,-0.054957745,-0.270796865,0.02204382499999996,-0.15681784499999996,-0.074244315,-0.09779858500000005,0.08704958499999998,-0.18699474500000002,0.037533784999999986,-0.13373614499999997,0.02097511499999999,-0.011066794999999963,-0.02097511499999999,0.011066794999999963,0.05262705499999998,0.13603705499999996,-0.020614414999999997,0.20281559500000002,0.04880916499999999,0.27623599499999996,-0.026490665000000024,0.306247355,0.016455919999999957,0.11879466000000005,0.06500576000000002,-0.030176900000000062,-0.019286570000000003,0.17299827999999995,0.11177809999999999,-0.035937559999999924,0.03165193999999999,0.14710384999999992,-0.0038178899999999905,0.14019894,0.0003606999999999916,0.19174880000000005,-0.005876250000000027,0.10343175999999998,-0.060545650000000006,0.00481564000000001,-0.04195022999999998,0.022133589999999925,0.18792679206803756,0.1561767678364922
0.053160255000000045,-0.30482845,0.05953723500000002,-0.31409840999999994,0.05133924500000003,-0.32748712999999996,0.04405421500000006,-0.32464973999999996,0.011992045000000062,-0.35663985,0.005232545000000033,-0.27563688,-0.05456256499999995,-0.27074585999999995,0.019235855000000024,-0.1559792299999999,-0.07354002499999995,-0.09791607999999996,0.08118787500000002,-0.18424147999999996,0.03745332500000004,-0.13475537999999998,0.020875275000000026,-0.011140419999999929,-0.02087527499999997,0.01114042000000004,0.052243625000000016,0.13602552,-0.020820804999999942,0.20398222,0.04869769500000004,0.27548982,-0.02609127499999997,0.30650602000000005,0.014003309999999991,0.11965765000000006,0.06195202,-0.028262250000000044,-0.01897746,0.17282978,0.11099334999999999,-0.03683930000000002,0.03136834999999999,0.14716593999999994,-0.003545929999999975,0.13946429999999999,5.447000000002866e-05,0.19284179999999995,-0.005270470000000027,0.10252380000000005,-0.059795109999999985,0.004891020000000024,-0.04175055,0.02228083999999997,0.18330735580408009,0.15712355022592892
0.05361318000000004,-0.303318875,0.061005960000000026,-0.313008635,0.05176596,-0.326568845,0.04662946000000001,-0.32376747499999997,0.013133790000000034,-0.35653667499999997,0.00511366000000002,-0.27433491499999996,-0.05280956999999997,-0.27084732499999997,0.013226260000000045,-0.14916667500000003,-0.07215373999999997,-0.09771407499999996,0.07735553,-0.17576870499999997,0.03972783000000002,-0.137149175,0.020463060000000033,-0.01101622499999999,-0.020463059999999977,0.01101622499999999,0.05357486,0.13640132500000002,-0.021310599999999957,0.20536422500000007,0.04917766000000001,0.274835975,-0.025655539999999977,0.306201425,0.008112600000000025,0.12516823999999993,0.06412926999999996,-0.026602029999999943,-0.019344169999999994,0.17313325000000002,0.11188156999999999,-0.039435100000000056,0.03311179999999997,0.14741755,-0.00439719999999999,0.13843465,-0.00084753999999998,0.19434800000000008,-0.004344940000000019,0.10083719999999996,-0.05792322999999999,0.003487589999999985,-0.04092612000000001,0.02203244999999998,0.17429897535227018,0.15992476042236892
0.05516354000000001,-0.30257175000000003,0.062251310000000004,-0.3121095400000001,0.05328193999999997,-0.32559607000000007,0.04735448999999997,-0.32326450000000007,0.014185769999999986,-0.35568390000000005,0.005483760000000004,-0.27487902000000003,-0.05202091000000003,-0.27083854000000007,0.00957988999999998,-0.14684510000000006,-0.07020337999999998,-0.09776137000000007,0.06836104999999998,-0.16368550000000004,0.041723489999999974,-0.1371601600000001,0.020616509999999977,-0.0111097,-0.020616510000000032,0.0111097,0.05473654,0.1362764999999999,-0.021427079999999987,0.20494009999999996,0.05032141000000001,0.2756479599999999,-0.024884090000000025,0.30645789999999995,0.004096129999999976,0.12803391999999997,0.05878116,-0.016840399999999978,-0.01818246999999995,0.17307717,0.11192686999999996,-0.03939879000000002,0.03412003000000002,0.1473861999999999,-0.004415129999999989,0.13937146,-0.0008105699999999549,0.19383039999999996,-0.003457010000000038,0.10151779999999999,-0.057504670000000035,0.0040404799999999574,-0.04123302000000001,0.0222194,0.1598715604648044,0.16084224253727508
0.05598475999999997,-0.30135879000000004,0.06324085999999995,-0.31082209,0.054527369999999964,-0.32481632000000005,0.047952199999999945,-0.32217839000000004,0.015839999999999965,-0.35585599,0.0037742799999999632,-0.27400565000000005,-0.05030596000000004,-0.27132851,0.006521099999999946,-0.14723139000000007,-0.06941748000000003,-0.09695408999999999,0.07249587999999996,-0.17672369,0.04232809999999998,-0.13968489000000006,0.019453049999999972,-0.010697159999999983,-0.019453050000000027,0.010697159999999983,0.05407913999999997,0.13976460999999996,-0.021711650000000027,0.20636495999999993,0.050143839999999995,0.27865997,-0.024757980000000013,0.30781421,0.002746819999999983,0.12677425999999997,0.06597478000000001,-0.029492299999999916,-0.019111519999999993,0.17437442000000003,0.11174558000000001,-0.04273080000000007,0.03462609,0.15046176999999994,-0.003935299999999975,0.13889536000000002,-0.0022585999999999995,0.19566779999999995,-0.003046329999999986,0.10144925000000005,-0.05408024,0.0026771400000000223,-0.0389061,0.021394319999999967,0.17429386242277667,0.1625782010526781
0.05753913999999999,-0.29983778000000005,0.06455875,-0.3093267800000001,0.05616588,-0.32321148000000005,0.048885979999999996,-0.32071598000000007,0.01772016999999998,-0.3541774800000001,0.0038800900000000027,-0.2717321800000001,-0.04811527999999998,-0.2708201600000001,0.004670679999999983,-0.1400569800000001,-0.06666332000000003,-0.09646608000000012,0.07321825999999998,-0.17258958000000002,0.04667937999999999,-0.14211612000000007,0.018886320000000012,-0.010406120000000074,-0.018886320000000012,0.010406119999999963,0.05481386999999999,0.13895521999999993,-0.020574709999999996,0.20564551999999992,0.05029812,0.27833027999999993,-0.023889539999999987,0.3087933199999999,0.0007905899999999799,0.1316752,0.06854758,-0.03253259999999991,-0.018548040000000043,0.17435407999999997,0.11334270000000002,-0.04565003999999995,0.035927549999999975,0.14936134,-0.004515749999999985,0.13937506,-0.001688389999999984,0.19523939999999995,-0.003314829999999991,0.10314780000000001,-0.051995369999999985,0.0009120200000000134,-0.037772640000000024,0.020812240000000037,0.17104220064573297,0.1660177542045055
0.05979352500000007,-0.29797062500000004,0.06603908500000005,-0.30696925500000005,0.058188405000000054,-0.32138568500000003,0.05001974500000006,-0.31867936500000005,0.019571395000000047,-0.352877225,0.009401085000000031,-0.27183348500000004,-0.050428874999999984,-0.27188441500000005,0.015099425000000055,-0.14163482500000002,-0.06388700499999994,-0.097622985,0.08225272500000003,-0.18167538500000002,0.04596105500000003,-0.1429474850000001,0.022350375000000033,-0.010474685000000039,-0.022350374999999978,0.010474684999999928,0.05133560500000006,0.13666015499999995,-0.016302174999999974,0.20454701499999994,0.05065300500000003,0.277451455,-0.024288074999999965,0.30955201499999996,0.005698340000000024,0.13019866000000002,0.06715329999999997,-0.04004056,-0.013458129999999957,0.17426143000000005,0.10984805999999997,-0.0453245000000001,0.02898523000000003,0.14713484,-0.0006826000000000332,0.14079130000000006,0.006048200000000004,0.19407233000000002,-0.00798589999999999,0.10500500000000001,-0.059829960000000015,-5.093000000000458e-05,-0.04470075000000001,0.020949369999999967,0.1813779788618577,0.1679428882571507
0.05972544000000002,-0.30079216,0.06613762000000001,-0.31016213,0.058218610000000004,-0.32339565,0.04965597000000005,-0.32250944,0.019452490000000044,-0.35414609999999996,0.005517700000000014,-0.27589654999999996,-0.046884469999999956,-0.27242282999999995,0.0048136200000000184,-0.14408654999999992,-0.06509562999999996,-0.09898809999999991,0.06884817000000004,-0.16791802999999994,0.04686619000000003,-0.14545199999999991,0.019224450000000004,-0.010770399999999958,-0.01922444999999995,0.010770400000000069,0.05404980000000004,0.1370262,-0.021049329999999977,0.20414280000000007,0.04947032000000001,0.2764542000000001,-0.023071549999999996,0.30805170000000004,-0.0007040799999999958,0.13181000000000004,0.06403455000000002,-0.023831480000000016,-0.018211160000000004,0.17343473000000004,0.11196181999999999,-0.0464639,0.03482535000000003,0.14779659999999994,-0.004579480000000025,0.1394280000000001,-0.0018248800000000287,0.1933724,-0.002022220000000019,0.10390889999999997,-0.05240216999999997,0.0034737200000000135,-0.03844889999999995,0.021540800000000027,0.16479651453005703,0.16962727067712194
0.06049665999999998,-0.30188002,0.06731588999999999,-0.31126607000000006,0.05903714999999998,-0.32452376000000005,0.051029049999999965,-0.32511018,0.02024813999999997,-0.35672460000000006,0.006047129999999956,-0.2820637200000001,-0.04689577,-0.27476172000000004,0.00719671999999999,-0.15987278000000005,-0.06460541000000003,-0.09919482000000002,0.07341378999999998,-0.19572104000000007,0.04870196999999998,-0.14949852000000008,0.019331989999999966,-0.011516320000000024,-0.01933199000000002,0.011516319999999913,0.054525189999999946,0.13529711,-0.02002601000000004,0.20360224999999998,0.04817541999999997,0.27397762999999997,-0.02196697000000003,0.30753867999999995,0.0011495900000000336,0.12219094000000003,0.06621706999999999,-0.03584826000000002,-0.017709640000000026,0.17556690000000003,0.11330738000000001,-0.05030370000000006,0.03519319999999998,0.14681343000000002,-0.006349769999999977,0.13868051999999997,-0.0006940200000000174,0.19208593000000007,-0.0019409599999999916,0.10393642999999997,-0.05294289999999996,0.007302000000000031,-0.03866397999999999,0.023032639999999938,0.19197973841402746,0.17479816478872767
0.061168445000000016,-0.3020957099999999,0.06739211500000003,-0.3114351299999999,0.059817375000000006,-0.3241516299999999,0.05050904500000003,-0.3251661099999999,0.021484745000000027,-0.3555352999999999,0.006441925000000015,-0.2811514799999999,-0.04579797499999999,-0.27412059999999994,0.006253515000000043,-0.15206407999999993,-0.06393471499999998,-0.09977390999999991,0.06964954500000003,-0.17561817999999996,0.047886755,-0.14953854999999994,0.01916167499999999,-0.011538179999999953,-0.01916167499999999,0.011538180000000064,0.05440262500000004,0.1341293200000001,-0.019923054999999967,0.20382752000000004,0.04728494500000002,0.27362958000000004,-0.021969825,0.3075325200000001,-0.0001884099999999722,0.12908739999999996,0.06339602999999999,-0.023554100000000022,-0.018136739999999985,0.17434669000000003,0.11182146999999998,-0.04976464000000003,0.03524095000000005,0.14566750000000006,-0.007117680000000015,0.13950025999999993,-0.0007613799999999782,0.19228933999999998,-0.002046770000000031,0.10370500000000005,-0.052239900000000006,0.007030879999999962,-0.03832334999999998,0.023076360000000018,0.17167198786388219,0.17447408092022665
0.06138516999999993,-0.30176626,0.06747806999999995,-0.31119632999999997,0.06002915999999997,-0.32419019,0.05008334999999997,-0.32430360999999996,0.02102515999999993,-0.35517158,0.0041870099999999355,-0.27895728999999997,-0.04499529000000002,-0.27280140999999997,0.004083639999999944,-0.15118487000000003,-0.06290292000000003,-0.09933466999999996,0.06984127999999995,-0.18110848999999996,0.048309749999999985,-0.14997402999999998,0.018170609999999976,-0.011268869999999986,-0.01817061000000003,0.011268869999999986,0.05362460999999996,0.13495937000000002,-0.01957129000000002,0.20330672000000005,0.048507249999999946,0.27496307,-0.02330171000000003,0.30823557,-0.00010336999999999152,0.12777241999999994,0.06575764,-0.02992361999999993,-0.017907630000000008,0.17346674,0.11121267000000001,-0.05063936000000002,0.035453999999999986,0.14622824,-0.005117360000000015,0.14000369999999995,-0.0014006799999999875,0.19203785000000007,-0.003730420000000012,0.10492884999999996,-0.04918229999999996,0.0061558800000000025,-0.03634122000000001,0.022537739999999973,0.17752564507696708,0.17441018051174534
0.061518395000000003,-0.30178728000000005,0.06765559500000001,-0.31120018000000005,0.06025808500000002,-0.32426128000000004,0.05034196499999999,-0.32434858,0.021490065000000003,-0.35543633,0.0048752250000000386,-0.27886963000000003,-0.04479804500000001,-0.27303931000000004,0.006048025000000012,-0.15220884,-0.06221092499999997,-0.09931637999999998,0.07237007500000003,-0.18557488,0.04886966500000001,-0.14977978000000003,0.018284625,-0.011119219999999985,-0.018284625,0.011119219999999985,0.05373966499999999,0.13528677,-0.019694624999999966,0.20304676999999993,0.048392355,0.27579995999999996,-0.022836925000000008,0.30859622,0.0011727999999999739,0.12666079000000002,0.06632205000000002,-0.033366039999999986,-0.017412879999999964,0.17372293000000005,0.11108058999999998,-0.05046340000000005,0.03545503999999999,0.14640598999999999,-0.005347309999999994,0.14051318999999995,-0.0014099999999999668,0.19192754999999995,-0.0031423000000000423,0.10554945000000004,-0.04967327000000005,0.00583032,-0.03656925,0.02223843999999997,0.1826472370657112,0.17435075814691517
0.06265025000000002,-0.30169144,0.06874216999999999,-0.3109583,0.0614189,-0.32401916,0.051085780000000025,-0.32356417,0.02271572999999999,-0.35450136,0.005137630000000004,-0.2793911,-0.044054349999999964,-0.2719573,0.005668329999999999,-0.15500009999999997,-0.06116476999999998,-0.0996975,0.07070316000000004,-0.17980134000000003,0.04934126999999999,-0.14968839999999994,0.01820949999999999,-0.011452699999999982,-0.01820949999999999,0.011452699999999982,0.05426375,0.13381949999999998,-0.018374069999999965,0.20242685000000005,0.04870538000000002,0.27510417,-0.022330870000000003,0.3087647,0.0005306999999999951,0.12439100000000003,0.06503483000000004,-0.024801240000000058,-0.017110420000000015,0.17225980000000002,0.11050603999999997,-0.04999089999999995,0.03605425000000001,0.14527219999999996,-0.005558369999999979,0.14128467,-0.00016456999999997501,0.19097415000000006,-0.003956800000000038,0.10633784999999996,-0.04919197999999997,0.00743379999999999,-0.03641899999999998,0.022905399999999965,0.17634298661995385,0.1747271033263096
0.06259656000000002,-0.30155669999999996,0.0684804,-0.31055207999999995,0.06175765999999999,-0.32373507999999995,0.05027226000000001,-0.32306127999999995,0.0233391,-0.35431875999999995,0.0038690900000000195,-0.27940331999999996,-0.04360014000000001,-0.27179377,0.004228390000000026,-0.15479381999999997,-0.06002117000000001,-0.09969341999999992,0.06763655000000002,-0.17788066999999996,0.05060560000000003,-0.15101458999999995,0.01760392999999999,-0.01148722000000002,-0.01760392999999999,0.01148722000000002,0.05322569999999999,0.13389208000000008,-0.017670149999999996,0.20262118000000007,0.04850393000000003,0.2739920800000001,-0.021367970000000014,0.30901418,0.00035930000000000684,0.12460949999999998,0.06340815999999999,-0.023086849999999992,-0.016421030000000003,0.17210035000000007,0.11062677000000004,-0.05132117000000003,0.03562177,0.1453793000000001,-0.0047217699999999585,0.1401,-6.622000000000572e-05,0.19113396000000005,-0.0036978200000000183,0.10639299999999996,-0.04746923000000003,0.007609549999999965,-0.03520785999999998,0.02297444000000004,0.17375282232806144,0.17623671080707615
0.06215765000000001,-0.301138575,0.0678165,-0.30974487500000003,0.06175713999999999,-0.323149715,0.04915969999999997,-0.321983525,0.024039299999999986,-0.353763475,0.002985049999999989,-0.279018525,-0.04340306999999999,-0.27160844500000003,0.00412454000000001,-0.155613675,-0.059958049999999985,-0.09901133500000003,0.06674593000000001,-0.18000907499999996,0.05132557999999998,-0.15116140499999997,0.01723819999999998,-0.01133522500000006,-0.01723819999999998,0.011335224999999949,0.05300739999999998,0.135415725,-0.016974199999999995,0.20265218499999993,0.04901289999999997,0.27646922499999993,-0.02165014999999998,0.309722925,0.0011394900000000208,0.12340485000000001,0.06262139,-0.024395399999999956,-0.016554979999999997,0.17259711,0.11128362999999997,-0.05215006999999994,0.0357692,0.14675095000000005,-0.003994500000000012,0.14105349999999994,0.00026399999999998647,0.19131695999999998,-0.004675949999999984,0.10707074000000005,-0.04638811999999998,0.007410079999999986,-0.03447639999999996,0.02267045000000001,0.175789314247412,0.176369347362985
0.06343064000000004,-0.30052007999999997,0.06912661000000003,-0.30960814999999997,0.062473760000000045,-0.32270097,0.05066146000000005,-0.32203906,0.02381694000000001,-0.35292492999999997,0.0041088600000000475,-0.27818395999999995,-0.042637169999999947,-0.27069111999999995,0.0029393100000000283,-0.15244705999999997,-0.05971970999999998,-0.09799463999999991,0.06440371,-0.17830400000000002,0.04968186000000002,-0.14918019999999999,0.01741630000000005,-0.011452399999999918,-0.017416299999999996,0.01145240000000003,0.05274129000000005,0.13514433000000003,-0.017110079999999972,0.20447310000000007,0.04842991000000002,0.27623395000000006,-0.021694299999999944,0.31031410000000004,-0.0011695500000000192,0.12573689999999998,0.061464399999999975,-0.02585694000000005,-0.017082540000000035,0.17269648000000004,0.10940157,-0.051185560000000074,0.03532499,0.14659672999999995,-0.004311380000000031,0.14108962000000003,0.0003062200000000237,0.19302070000000005,-0.004584219999999972,0.10584099999999996,-0.046746029999999994,0.007492840000000001,-0.03483260000000005,0.022904799999999947,0.17334149278539207,0.17408329976808692
0.06346952,-0.30083856999999997,0.06945302999999997,-0.31021002999999997,0.062281719999999985,-0.32327506999999994,0.05146869999999998,-0.32235834999999996,0.02357140000000002,-0.35322599,0.004729060000000007,-0.27733747,-0.04270254000000001,-0.27024117,0.001836239999999989,-0.15149201,-0.05983126999999999,-0.09760146999999997,0.062193779999999976,-0.17869327000000002,0.05052158000000001,-0.14935767,0.017687640000000004,-0.011318629999999996,-0.017687640000000004,0.011318629999999996,0.053452659999999985,0.13664983000000008,-0.017293490000000022,0.20489047999999999,0.04876634000000002,0.27689613,-0.021247479999999985,0.31030493000000003,-0.002892820000000018,0.12584545999999996,0.06035753999999999,-0.027201260000000005,-0.01712872999999998,0.1726397,0.11035285,-0.05175620000000003,0.03576501999999998,0.14796846000000008,-0.004686319999999966,0.14024629999999993,0.000394149999999982,0.19357185,-0.003953989999999963,0.10541445000000005,-0.04743160000000002,0.0070963,-0.03537528000000001,0.022637259999999992,0.1731908387092955,0.1745547795813635
0.06306423,-0.30038079,0.06922925000000002,-0.30943221,0.062301070000000014,-0.32285779,0.05120910000000001,-0.32168209,0.024136309999999994,-0.35355989,0.0037264000000000186,-0.27791122,-0.04250142000000001,-0.27101734,0.0006097600000000147,-0.15316564,-0.060041540000000004,-0.09748142999999998,0.06299889000000003,-0.18004699000000002,0.04957476999999999,-0.14724331999999996,0.01720473,-0.011324639999999997,-0.01720473,0.011324639999999997,0.05326470999999999,0.13606001,-0.01677377000000002,0.20451401000000002,0.04896160999999999,0.27700508,-0.02056988999999998,0.31074351,-0.003116640000000004,0.12474558000000002,0.062389130000000015,-0.026881350000000026,-0.017540119999999992,0.17353591000000002,0.10961631,-0.049761889999999975,0.03605997999999999,0.14738465,-0.004303100000000004,0.14094507,0.00043095999999998025,0.19318937000000003,-0.0037961199999999584,0.10622949999999998,-0.04622782000000003,0.006893880000000019,-0.03440946,0.022649279999999994,0.17482658973859813,0.17205609422165663
0.06221252499999996,-0.29831673000000003,0.06830999500000001,-0.30678032,0.062152125,-0.32069419,0.04995039499999998,-0.31904835,0.024779145000000002,-0.35219572,0.0023828750000000065,-0.27709245,-0.04262864500000002,-0.2705066,0.001792724999999995,-0.15966955000000005,-0.05995341500000001,-0.09673595000000001,0.065710785,-0.19912649,0.051022564999999964,-0.14538324999999996,0.016725125000000007,-0.01113385,-0.016725125000000007,0.01113385,0.05302870500000001,0.13772752,-0.016416755000000005,0.20489879,0.04945528499999996,0.27964184999999997,-0.02121424500000002,0.31256445,-0.0005901500000000115,0.11742289999999994,0.06391806,-0.03945693999999994,-0.01732476999999999,0.17377064999999997,0.11097597999999997,-0.04864729999999995,0.03630358,0.14886137,-0.0035734200000000493,0.14191432999999998,0.00030837000000000225,0.19376494,-0.004797490000000015,0.10766566,-0.04501152000000003,0.006585850000000004,-0.033450250000000015,0.0222677,0.1942699863072142,0.17055014539057445
0.06369152499999997,-0.29825255,0.06994230499999998,-0.30694401,0.06337092499999997,-0.32065625999999997,0.05139494499999997,-0.31956803,0.02525834499999996,-0.35194728,0.0019583449999999725,-0.27965968,-0.042053275,-0.26876558,-0.001764615000000025,-0.16909852000000003,-0.06005903500000004,-0.09637083999999996,0.06079847499999996,-0.19927795999999998,0.05081788499999995,-0.14401337999999997,0.01646902499999997,-0.012008580000000046,-0.016469025000000026,0.012008580000000046,0.05421112499999997,0.13645242000000002,-0.015490495000000049,0.20484338000000002,0.04954174499999997,0.27896012000000003,-0.021050075,0.31259892,-0.0037229599999999974,0.11056115999999999,0.06256308999999999,-0.030179439999999946,-0.018005760000000037,0.17239474000000005,0.11087691999999999,-0.04764254000000001,0.0377421,0.14846100000000007,-0.004669380000000001,0.14250770000000001,0.0009785299999999775,0.19283479999999997,-0.005559579999999953,0.10775553999999998,-0.044011619999999974,0.010894100000000018,-0.032938049999999996,0.024017160000000093,0.19244459156569424,0.16991286078337242
0.06399654499999996,-0.2972325,0.07068171499999998,-0.3058534,0.06340392499999997,-0.3195959,0.05307746499999999,-0.31845405,0.02554010499999998,-0.35102838000000003,0.004563234999999943,-0.278824,-0.042027935000000016,-0.26947656000000003,-0.00199080500000004,-0.1660127,-0.060805865000000014,-0.0946747,0.05801246499999996,-0.20232093,0.04953931499999997,-0.14166279999999998,0.017482464999999947,-0.011596799999999963,-0.017482465000000003,0.011596799999999963,0.05477552499999999,0.13979644000000002,-0.01584337500000005,0.20675314,0.04964463499999999,0.2819064,-0.021136035000000053,0.3134051,-0.006554039999999983,0.1128113,0.06000327,-0.03630823,-0.018777929999999998,0.17480186000000003,0.11034517999999999,-0.04698809999999998,0.037293060000000045,0.15139323999999998,-0.005130889999999999,0.14210995999999998,0.0016390899999999542,0.19515634000000004,-0.005292660000000005,0.10665195999999999,-0.04659116999999996,0.009347439999999985,-0.03496492999999995,0.023193599999999925,0.19498301121958528,0.16727350055082957
0.06369149499999999,-0.295465315,0.07026602499999995,-0.30387887500000005,0.063325415,-0.317877085,0.052575194999999963,-0.316666245,0.025647894999999976,-0.34997290500000006,0.004237424999999961,-0.276917365,-0.04229400500000002,-0.269798815,-6.873500000004196e-05,-0.16161544500000002,-0.06130330500000003,-0.09435084500000002,0.06259929499999994,-0.20500662500000005,0.04921756499999996,-0.14088834500000003,0.01738794499999996,-0.011335285000000028,-0.017387945000000016,0.011335284999999917,0.055169094999999946,0.138065055,-0.015115005000000015,0.20621970499999998,0.04916091499999997,0.28149739499999993,-0.021515405000000043,0.31402215499999997,-0.004306160000000003,0.11530192,0.06266802999999999,-0.04339118000000003,-0.019009300000000007,0.17544797,0.11052087,-0.04653750000000001,0.037781149999999986,0.14940034000000002,-0.006008179999999974,0.14343233999999994,0.002272940000000001,0.19488442000000006,-0.006400400000000028,0.10780245,-0.046531429999999985,0.007118550000000001,-0.034775889999999976,0.022670569999999945,0.19887849080837805,0.1661575381760845
0.06349376000000001,-0.2958302200000001,0.06974048999999999,-0.3038836700000001,0.06331570999999997,-0.3183633700000001,0.051469039999999966,-0.3158238500000001,0.02575143000000002,-0.3501230800000001,0.0036750600000000078,-0.2752596800000001,-0.04269086,-0.2705597500000001,0.0014656599999999798,-0.15816895000000009,-0.06232957,-0.09465811000000013,0.06602905999999997,-0.20399565000000008,0.04834149999999998,-0.1396528800000001,0.017250459999999967,-0.010821790000000053,-0.017250460000000023,0.010821789999999942,0.05386613000000001,0.1394040499999999,-0.014941839999999984,0.2060725499999999,0.04898878000000001,0.2818168099999999,-0.022369189999999983,0.3135458499999999,-0.002209400000000028,0.11709073000000003,0.06456339999999999,-0.0458267,-0.019638710000000004,0.17590163999999997,0.11067106999999998,-0.04499476999999996,0.036615670000000045,0.15022583999999994,-0.0048773500000000025,0.14241276000000003,0.002308620000000039,0.19525075999999997,-0.007427349999999999,0.1074733,-0.046365920000000005,0.004699930000000019,-0.03450091999999999,0.021643579999999996,0.19923727564203345,0.16414911369925367
0.06383776000000002,-0.2953006999999999,0.07030562000000001,-0.3036404399999999,0.06364309000000001,-0.3175687299999999,0.05270382000000001,-0.3159752599999999,0.026769450000000028,-0.3493386799999999,0.005711420000000023,-0.2750891299999999,-0.04200877999999997,-0.2703307099999999,0.0015001199999999937,-0.15454977999999986,-0.06188146,-0.09477592999999995,0.06227295999999999,-0.1985596799999999,0.04869648000000004,-0.1393948799999999,0.017780180000000034,-0.011016319999999968,-0.01778017999999998,0.01101632000000008,0.055209320000000006,0.1391000200000001,-0.014854409999999985,0.20858472000000006,0.049442719999999996,0.28200922000000006,-0.020702339999999986,0.3137736200000001,-0.004211300000000029,0.12053935000000005,0.060772839999999995,-0.044009900000000046,-0.01987268000000003,0.17555477999999997,0.11057794000000004,-0.044618949999999935,0.03742913999999997,0.15011634000000007,-0.005766600000000011,0.14290919999999996,0.002925769999999994,0.19756839999999998,-0.005847930000000001,0.10518890000000003,-0.04772019999999999,0.0047584199999999854,-0.03556036000000001,0.022032640000000048,0.19274885045628148,0.16444657311782326
0.06413105000000002,-0.29448174999999993,0.07051218000000004,-0.30264579999999996,0.06410074000000004,-0.31675889999999995,0.05271781000000003,-0.31489112999999996,0.026896960000000025,-0.34878816999999995,0.005569640000000042,-0.27390082999999993,-0.04226198999999997,-0.26985596999999995,0.002529320000000057,-0.15329548999999998,-0.06237914999999994,-0.09474929999999993,0.06091184000000005,-0.19870238999999995,0.04833028000000006,-0.13883014999999999,0.017759440000000015,-0.010963349999999927,-0.01775943999999996,0.010963350000000038,0.05456630000000007,0.1383896200000001,-0.01491224999999996,0.20873995,0.04985640000000002,0.28223485000000004,-0.021505819999999953,0.31436375000000005,-0.0030403199999999853,0.12060533999999995,0.05838251999999999,-0.04540689999999997,-0.020117159999999967,0.17510667000000002,0.11070943,-0.04408085000000006,0.03680686000000005,0.14935297000000003,-0.004709900000000045,0.14384522999999994,0.0028471899999999994,0.19777659999999997,-0.006593569999999993,0.10562380000000005,-0.047831630000000014,0.0040448599999999835,-0.035518879999999975,0.021926699999999966,0.19263456794117095,0.16372520799170912
0.06430659000000005,-0.29493276999999996,0.07064154,-0.30332989999999993,0.06404094000000005,-0.31717176999999996,0.05295396000000002,-0.31556682999999996,0.026791040000000044,-0.34873434,0.0060046600000000505,-0.27398579999999995,-0.04194092999999999,-0.26975755999999995,0.002323960000000014,-0.15162569999999997,-0.06236715999999998,-0.09482173999999999,0.06050047000000003,-0.19697372999999996,0.04963884000000002,-0.14069513999999994,0.017830490000000032,-0.011073099999999947,-0.017830489999999977,0.011073100000000058,0.054145810000000016,0.13817824,-0.01497592999999997,0.20946545000000005,0.05004162000000001,0.2813358,-0.021438419999999958,0.31469060000000004,-0.0036807000000000367,0.12236009999999997,0.058176510000000015,-0.045348029999999984,-0.02042622999999999,0.17493581999999996,0.112006,-0.04587339999999995,0.036315319999999984,0.14925133999999995,-0.0041041900000000076,0.14315756000000002,0.002854560000000006,0.19839235,-0.006462489999999987,0.10522514999999999,-0.04794559000000004,0.004228239999999994,-0.03566098000000001,0.022146200000000005,0.19073481965178068,0.1660894613253547
0.06463774500000002,-0.29514667000000006,0.07108208500000002,-0.30349168000000004,0.06462955500000006,-0.31754306000000004,0.053326065000000034,-0.31575304000000004,0.02738886500000004,-0.34949681000000005,0.005363935000000042,-0.27422401,-0.04176518499999998,-0.26988926,0.002444415000000033,-0.15385024000000003,-0.06325611499999995,-0.09477027999999998,0.06031289500000003,-0.20318141,0.046581815000000026,-0.1395714,0.01747694500000002,-0.011189190000000071,-0.017476944999999966,0.01118918999999996,0.05442591500000005,0.13732166,-0.014632084999999961,0.21018561999999996,0.05063813500000003,0.28090245999999996,-0.02145328499999999,0.31457325999999997,-0.0029195200000000088,0.12037376999999999,0.05786848,-0.04933116999999998,-0.021490929999999964,0.17511898000000004,0.10983792999999997,-0.04480112000000003,0.036948970000000025,0.14851085000000008,-0.0037877800000000184,0.14358079999999995,0.0028448600000000046,0.19899643,-0.006821200000000027,0.10438764,-0.047129120000000024,0.004334749999999998,-0.03495388999999999,0.02237838000000003,0.19671281390120696,0.16380561721102757
0.06483888999999998,-0.29635359499999997,0.07209482,-0.30486248499999996,0.06463474000000002,-0.319120635,0.05512559,-0.317193315,0.027506050000000004,-0.351360275,0.0050861899999999904,-0.276944385,-0.04110423000000002,-0.270551915,-0.002386070000000018,-0.161567915,-0.06329686000000001,-0.09553931500000001,0.05725359000000002,-0.20399625500000002,0.04632509000000001,-0.140119015,0.017277409999999993,-0.011337915000000032,-0.017277409999999993,0.011337915000000032,0.05533473999999999,0.13802858500000004,-0.015267909999999996,0.207881985,0.05098089,0.28085018500000003,-0.021550960000000008,0.314091785,-0.007472260000000008,0.11537647000000001,0.05963966000000004,-0.04242834000000001,-0.02219262999999999,0.17501259999999996,0.10962195000000002,-0.0445797,0.03805733,0.14936650000000007,-0.0043538499999999924,0.1428216,0.0020094999999999974,0.19654406999999996,-0.006283050000000012,0.10620980000000002,-0.04619042000000001,0.006392470000000039,-0.034554819999999986,0.022675830000000063,0.1967621176419587,0.16426953354555712
0.06486017,-0.2982982800000001,0.07216907,-0.30710220000000005,0.06438843,-0.3211104800000001,0.055214790000000014,-0.31977844000000005,0.02700131,-0.3532920400000001,0.004392480000000032,-0.27923953000000007,-0.041035319999999986,-0.2725218200000001,-0.005616069999999973,-0.16161658000000012,-0.06404376,-0.09714648000000004,0.056920510000000035,-0.20303753000000008,0.04556197000000001,-0.14265501000000003,0.017151240000000012,-0.011404880000000062,-0.017151240000000012,0.01140487999999995,0.055014129999999994,0.13717287999999994,-0.01666101999999997,0.20687365999999996,0.05087507000000002,0.27961181999999996,-0.021886689999999986,0.3118916199999999,-0.010008550000000005,0.11762294999999995,0.06253658000000001,-0.041420949999999956,-0.02300844000000002,0.17537534000000005,0.10960573000000001,-0.04550852999999999,0.03786288999999998,0.14857776,-0.004139059999999972,0.14243894,0.0004902200000000412,0.19546878,-0.005225670000000016,0.10501795999999997,-0.04542780000000002,0.006717709999999988,-0.034302480000000024,0.022809760000000012,0.19571578214941024,0.16633519295481697
0.06522756499999999,-0.29744895000000005,0.07286411500000001,-0.30605780000000005,0.06502395499999997,-0.3203861800000001,0.05570655499999999,-0.31925057000000007,0.027517524999999987,-0.35334472000000006,0.0030725249999999926,-0.28202260000000007,-0.041139095000000014,-0.27132828000000003,-0.010361494999999998,-0.17207585000000003,-0.063550985,-0.09659870000000004,0.047469314999999956,-0.20420790000000005,0.046791845,-0.14330180000000003,0.016828834999999986,-0.012142399999999998,-0.016828835000000042,0.012142399999999998,0.05523928499999997,0.13845915999999991,-0.01682049499999999,0.20842969999999994,0.05136138499999998,0.27905435999999995,-0.02085236500000004,0.31249059999999995,-0.013434019999999991,0.10994675000000004,0.057830809999999955,-0.03213205000000002,-0.02241188999999999,0.17472958,0.11034283,-0.0467031,0.038410449999999985,0.1506015599999999,-0.0038778999999999897,0.14059520000000003,8.340000000051084e-06,0.19628729999999994,-0.0040318700000000485,0.10406090000000001,-0.04421162000000001,0.010694320000000035,-0.03365767000000003,0.024284799999999995,0.1944942037822218,0.1679597875603039
0.06586645999999996,-0.29692770499999993,0.07399707999999999,-0.30577136499999996,0.06523045999999999,-0.32017515499999993,0.05767401999999999,-0.31879198499999994,0.027571860000000004,-0.35291446499999996,0.0047035599999999955,-0.28177228499999996,-0.04057034000000004,-0.27034250499999996,-0.009761740000000019,-0.17480538499999998,-0.06380936000000004,-0.0958120349999999,0.047410359999999985,-0.20237298499999995,0.046335039999999994,-0.14165478499999995,0.017176539999999962,-0.012031784999999906,-0.017176540000000018,0.012031785000000017,0.05592794000000001,0.13783865500000003,-0.01649862000000002,0.204989415,0.05221020999999998,0.27925901500000005,-0.02098127999999999,0.31356661500000005,-0.014465300000000014,0.10696689999999998,0.057172100000000003,-0.02756759999999997,-0.02323902,0.17453047000000005,0.11014440000000003,-0.04584275000000004,0.03875140000000005,0.14987043999999994,-0.00371773000000003,0.14142036000000002,0.0006779199999999985,0.19295763,-0.004482659999999972,0.10857720000000004,-0.045273900000000034,0.01142978,-0.03435307999999998,0.024063569999999923,0.1927274144724419,0.1662927616959358
0.06534442000000001,-0.29635627999999997,0.07358196,-0.30544460999999995,0.06460103,-0.31974158999999996,0.05781105000000003,-0.3182003,0.027125060000000034,-0.35230403,0.005654290000000006,-0.27939261,-0.04091783999999998,-0.26972693,-0.005822930000000004,-0.16875883000000003,-0.06491556999999998,-0.09500803000000002,0.05356273,-0.20013789999999998,0.045625570000000004,-0.13963342999999995,0.017423030000000006,-0.011906729999999976,-0.017423030000000006,0.011906729999999976,0.05504549000000003,0.13614199999999999,-0.016844570000000003,0.20576287000000004,0.05128303000000001,0.27893142000000004,-0.022094509999999956,0.31423007000000003,-0.01147722000000001,0.11063377999999996,0.05938566000000001,-0.03137906999999995,-0.023997729999999995,0.17471889999999995,0.11054113999999998,-0.044625399999999926,0.037622460000000024,0.14804872999999996,-0.003762460000000023,0.14278942000000006,0.0005784600000000029,0.19385614000000007,-0.005249939999999953,0.10846719999999999,-0.04657212999999999,0.00966568000000001,-0.03484606000000001,0.023813459999999953,0.191669119254143,0.16413270866827726
0.06441832999999997,-0.2986112350000001,0.07160140999999998,-0.3074287750000001,0.06364826999999995,-0.3219053750000001,0.05492142999999999,-0.3190156350000001,0.025664829999999972,-0.3534036750000001,0.006359859999999995,-0.2753085950000001,-0.042806520000000015,-0.2715491750000001,-0.004118730000000015,-0.15445192500000005,-0.06507357000000003,-0.09538017500000007,0.04964629999999998,-0.1951508950000001,0.04651706,-0.13986714500000008,0.018382149999999986,-0.010596675000000055,-0.01838215000000004,0.010596674999999944,0.05404762999999996,0.1398996549999999,-0.0188932,0.20592472499999992,0.050514389999999965,0.2821906649999999,-0.022599740000000035,0.3133113249999999,-0.01047859000000001,0.12085667000000005,0.05376502999999999,-0.040698970000000056,-0.02226705000000001,0.17616900000000002,0.11159063000000002,-0.044486970000000015,0.03566547999999997,0.15049632999999996,-0.003533239999999993,0.14229101,-0.0005110499999999574,0.19532804999999998,-0.003706540000000036,0.1073866,-0.04916638000000001,0.0037594200000000133,-0.03676430000000003,0.02119335,0.18718361892812874,0.16386356699283863
0.06417233,-0.29920451499999995,0.07143377999999995,-0.307938075,0.06351700999999998,-0.32237941499999995,0.054787929999999985,-0.31944549499999997,0.02578952999999995,-0.35379201499999996,0.006338659999999996,-0.27645936499999996,-0.04308018000000002,-0.271472275,-0.005766940000000054,-0.15814211499999997,-0.06458174000000005,-0.09475751499999996,0.04565565999999999,-0.19760674499999997,0.04869710999999999,-0.13951521499999997,0.018550809999999973,-0.010750144999999933,-0.01855081000000003,0.010750145000000044,0.054525729999999994,0.140021685,-0.01916566000000003,0.20505621500000004,0.050894619999999946,0.282223985,-0.021961990000000042,0.31325098500000004,-0.01210560000000005,0.11831724999999998,0.05142260000000004,-0.03946463,-0.02150156000000003,0.17671476000000003,0.11327885000000004,-0.04475770000000001,0.03597492000000002,0.15077182999999994,-0.0036311100000000485,0.1422023,-0.0006148500000000001,0.19430607,-0.0027963300000000135,0.10819477,-0.04941884000000002,0.004987089999999972,-0.03710162,0.021500289999999977,0.1888122396908699,0.16462673282385218
0.06534475000000001,-0.29654717,0.07238725000000001,-0.30508643,0.06484841999999996,-0.31975233000000003,0.05540477999999999,-0.31613965000000005,0.026730209999999976,-0.3511188,0.006905469999999969,-0.27228105,-0.042527110000000035,-0.26919955,-0.005223179999999994,-0.15100959000000003,-0.06306112000000003,-0.09258898999999998,0.042088210000000015,-0.18987977,0.04973521999999997,-0.13492945,0.018567889999999976,-0.010436250000000036,-0.01856789000000003,0.010436249999999925,0.05518236999999998,0.14022877999999994,-0.01791033000000003,0.20541025000000002,0.05201844,0.28416869,-0.02091607000000001,0.31528965,-0.012128649999999963,0.12127146,0.04731139000000001,-0.038870179999999976,-0.02053400999999999,0.17661056000000003,0.11279634,-0.042340460000000024,0.036614480000000005,0.15066502999999998,-0.0031639299999999815,0.14393991000000006,0.0006575600000000015,0.1949740000000001,-0.003005739999999979,0.10987939999999996,-0.049432580000000004,0.0030815000000000148,-0.03713578000000001,0.02087249999999996,0.18097840291839465,0.16061289354271058
0.06605449000000002,-0.29684150500000006,0.07316535000000002,-0.3053794550000001,0.06577635000000004,-0.32011178500000004,0.055830920000000006,-0.316278015,0.027721430000000047,-0.35148376500000006,0.005191260000000031,-0.2722868050000001,-0.04137534999999998,-0.268419775,-0.010180179999999983,-0.1509672350000001,-0.062346549999999945,-0.0917405750000001,0.03937405000000005,-0.183506995,0.049665450000000055,-0.13273673500000005,0.017588110000000046,-0.010612105000000094,-0.01758810999999999,0.010612104999999983,0.05537933000000006,0.13800212499999998,-0.017338189999999976,0.2029848649999999,0.05151117000000005,0.28148111499999995,-0.019789049999999975,0.31449076499999995,-0.015371440000000014,0.12131956999999999,0.04955423000000003,-0.03253975999999992,-0.020971199999999968,0.17667919999999993,0.112012,-0.04099615999999995,0.037791220000000014,0.14861423000000007,-0.0038681600000000094,0.14347898999999997,0.0002499200000000146,0.19237275999999992,-0.002450859999999999,0.11150590000000005,-0.04656661000000001,0.003867030000000049,-0.035176220000000036,0.021224210000000077,0.17426207323969167,0.15834118624672236
0.06634767999999996,-0.29715179999999997,0.07344507999999994,-0.30557165999999997,0.06637915999999994,-0.32024579999999997,0.05608912999999999,-0.31647332,0.028968999999999967,-0.35173998,0.005647029999999942,-0.2722833,-0.04058665000000006,-0.26882438,-0.009161860000000022,-0.14887269999999997,-0.06182042000000004,-0.09184610000000004,0.041539579999999965,-0.17913670000000004,0.04765751999999995,-0.13023949999999995,0.017417499999999975,-0.010641000000000012,-0.01741750000000003,0.010641000000000012,0.05607887999999994,0.1369612,-0.016849500000000017,0.20367555999999998,0.05167072999999994,0.2797362,-0.018741020000000053,0.3142591,-0.014808889999999963,0.12341060000000004,0.050701439999999987,-0.03026400000000007,-0.021233769999999985,0.17697827999999993,0.10947794,-0.03839339999999991,0.03866137999999997,0.14760220000000002,-0.00440815,0.14277499999999999,0.0005680000000000129,0.19303455999999997,-0.0018915200000000354,0.11058354000000004,-0.04623368,0.003458920000000032,-0.034835000000000005,0.021282000000000023,0.17021361773376537,0.15518399887955714
0.06583863499999998,-0.29695853000000005,0.07318392499999998,-0.30513477000000006,0.066225435,-0.32014595,0.05623254499999997,-0.31601768,0.029616115,-0.35231485,0.006575614999999979,-0.27190729,-0.040678535000000016,-0.26969599000000005,-0.006153114999999987,-0.14840240999999998,-0.062108155,-0.09170855,0.043455835,-0.18074215000000005,0.046582185,-0.12876515,0.017611684999999988,-0.010302750000000027,-0.017611684999999988,0.010302750000000027,0.05567154499999999,0.13799335000000001,-0.016866815000000035,0.20381684999999994,0.05158628500000001,0.28109405,-0.018575015000000028,0.31424704999999997,-0.012728729999999966,0.12350488000000004,0.049608949999999985,-0.03233974000000006,-0.021429619999999983,0.17798744000000005,0.10869034,-0.037056599999999995,0.03805986,0.14829610000000004,-0.0040852599999999795,0.14310069999999997,0.0007448699999999531,0.1935140999999999,-0.001708199999999993,0.11043020000000003,-0.047254149999999995,0.0022112999999999716,-0.035223369999999976,0.020605500000000054,0.1723876711414784,0.1531689712571933
0.06528780500000003,-0.29813738,0.07289283499999999,-0.30625753,0.06581474500000001,-0.32160278,0.05608750500000004,-0.31695561,0.029337155000000004,-0.35403498,0.005516365000000023,-0.27256155,-0.040739694999999965,-0.27042014999999997,-0.007207695000000014,-0.14980181000000004,-0.062602995,-0.09201855000000003,0.042882785000000034,-0.18015925,0.04536940500000003,-0.12783535000000001,0.017200455000000003,-0.010240550000000015,-0.017200455000000003,0.010240550000000015,0.05484797499999999,0.13817645,-0.017193334999999976,0.20337424999999998,0.05156575499999999,0.27925895,-0.019040334999999964,0.31354545,-0.012724060000000037,0.12275973999999995,0.05009048000000005,-0.030357439999999958,-0.02186330000000003,0.17840159999999994,0.10797240000000002,-0.03581679999999998,0.03764751999999999,0.14841700000000002,-0.0032822200000000024,0.1410825,7.120000000027105e-06,0.19313369999999996,-0.0018469999999999875,0.11017120000000002,-0.04625605999999999,0.0021414000000000155,-0.03440091000000001,0.02048110000000003,0.17184861560082146,0.15159136367626494
0.06571889000000003,-0.29868871500000005,0.07321039000000001,-0.30684015500000006,0.06610939000000005,-0.32222864500000004,0.05632652000000005,-0.31697065500000005,0.029160049999999993,-0.35408324500000005,0.005805490000000024,-0.271301875,-0.04066934999999999,-0.269747875,-0.005369779999999991,-0.14667937500000006,-0.061574729999999966,-0.09122100500000008,0.043239740000000026,-0.17694232500000007,0.04787352,-0.12802193500000003,0.017280550000000006,-0.010211375000000023,-0.017280550000000006,0.010211374999999911,0.054667800000000044,0.13837862499999998,-0.01645791999999996,0.20423702499999996,0.05253802000000002,0.27865752499999996,-0.019590649999999987,0.31383582499999996,-0.011175270000000015,0.12462249999999997,0.04860952000000002,-0.03026295000000001,-0.020905379999999973,0.17852686999999995,0.10944824999999997,-0.036800929999999954,0.03738725000000004,0.14859,-0.0021297800000000255,0.14027889999999998,0.0008226300000000464,0.19402565000000005,-0.003132730000000028,0.1095988,-0.04647484000000002,0.0015539999999999998,-0.03456110000000001,0.020422749999999934,0.1687397085257605,0.15281852253938652
0.06614774000000001,-0.2984470449999999,0.07409766000000001,-0.3068318449999999,0.06615948999999999,-0.3223436249999999,0.05765948999999998,-0.3166324649999999,0.02868276999999997,-0.3538828849999999,0.0056108899999999795,-0.2712224449999999,-0.04040721000000003,-0.2682949649999999,-0.00795171,-0.15024776499999992,-0.06168290999999998,-0.09028896499999994,0.04189469000000001,-0.1766344649999999,0.04803666000000001,-0.12656086499999986,0.01716753999999998,-0.010415494999999941,-0.01716753999999998,0.010415495000000052,0.05527021999999998,0.13807563500000009,-0.016245810000000027,0.20287108500000006,0.05283987000000001,0.27826533500000006,-0.020123930000000012,0.3143545350000001,-0.01356259999999998,0.12097468,0.04984640000000001,-0.026386699999999985,-0.021275699999999953,0.17800599999999994,0.10971956999999999,-0.03627189999999991,0.03810268,0.14849113000000003,-0.00243034999999997,0.14018969999999997,0.000921729999999954,0.19245559,-0.003878119999999985,0.11148345000000004,-0.046018100000000006,0.002927480000000038,-0.03433507999999996,0.020830989999999994,0.1680481417183284,0.15170402399570546
0.06719819499999996,-0.300803145,0.075148875,-0.30961735500000004,0.06683960499999997,-0.325130545,0.058775515,-0.318992575,0.028687304999999996,-0.356117505,0.006009824999999969,-0.270811695,-0.03939178500000001,-0.269535535,-0.008198585000000036,-0.14571517499999997,-0.06107442500000004,-0.090850875,0.042195975,-0.17502667500000002,0.04912272499999998,-0.12663202500000004,0.01696122499999997,-0.010134925000000017,-0.016961225000000024,0.010134925000000017,0.05423597499999999,0.13709392499999995,-0.01624956500000002,0.202360125,0.052801794999999985,0.27716506499999993,-0.02108707500000001,0.314035725,-0.014208410000000005,0.12509652000000004,0.05039456000000003,-0.029311500000000046,-0.02168264000000003,0.17868466,0.11019715000000002,-0.03578115000000004,0.03727475000000002,0.14722884999999997,-0.0014341800000000071,0.14007113999999998,0.0007116600000000028,0.19222519999999998,-0.004837509999999989,0.11167559999999999,-0.04540160999999998,0.0012761600000000262,-0.03392244999999999,0.020269850000000034,0.1668115158663364,0.1518956452960552
0.06656115500000004,-0.2996899900000001,0.07478459500000006,-0.30837325000000004,0.06643775500000004,-0.32428513000000003,0.05837522500000003,-0.31809623000000004,0.028448655000000045,-0.3561752,0.004082035000000039,-0.27141407000000006,-0.039530914999999944,-0.26977239000000003,-0.01200561499999997,-0.14741851000000006,-0.060961344999999945,-0.0903512700000001,0.040577635000000056,-0.17526222000000002,0.04964591500000004,-0.12723687000000006,0.016435995000000037,-0.010151369999999993,-0.01643599499999998,0.010151369999999993,0.05439369500000002,0.13788299999999998,-0.01664982499999995,0.20198452999999994,0.05258315500000005,0.2780014799999999,-0.021628874999999936,0.31420932999999995,-0.01608765000000001,0.12399556,0.052583250000000026,-0.027843709999999966,-0.02143043,0.17942111999999993,0.11060725999999999,-0.03688559999999996,0.03795769999999998,0.14803436999999997,-0.0018105399999999716,0.14011847999999993,-0.00021382999999997043,0.19183315999999995,-0.004979049999999985,0.11222480000000001,-0.043612949999999984,0.0016416800000000342,-0.03287199000000002,0.020302739999999986,0.16686644830406175,0.15245441062673692
0.06712021000000001,-0.29902050499999994,0.07567552999999999,-0.3079604749999999,0.06662135000000002,-0.3238462549999999,0.05970291999999999,-0.3180101249999999,0.028223920000000013,-0.3559239249999999,0.004511910000000008,-0.2721202949999999,-0.039053599999999966,-0.26990750499999994,-0.01342915,-0.14835953499999988,-0.060824199999999995,-0.09014397499999993,0.038280970000000025,-0.17475767499999995,0.05087406999999999,-0.12798440499999997,0.016539589999999993,-0.010175824999999916,-0.016539589999999993,0.010175825000000027,0.05425589000000003,0.1388968250000001,-0.01644532999999998,0.20205792500000008,0.05346177000000002,0.2790278250000001,-0.021881029999999968,0.3144981250000001,-0.01794106000000001,0.12376076000000003,0.051710120000000026,-0.02639814000000007,-0.02177060000000003,0.17976353,0.11169826999999999,-0.037840430000000036,0.037716300000000036,0.14907265000000003,-0.0007941200000000093,0.140131,9.426000000001267e-05,0.19188210000000006,-0.005435699999999988,0.11244019999999999,-0.043565509999999974,0.0022127899999999645,-0.033079179999999986,0.020351649999999943,0.16601166511340976,0.15372979772395623
0.06877804000000004,-0.29815563000000006,0.07735214000000001,-0.3078348000000001,0.06777206000000002,-0.32307383000000006,0.061655190000000026,-0.3191652000000001,0.028626829999999992,-0.3555165500000001,0.005926040000000021,-0.27287093000000007,-0.03745415999999996,-0.2693615000000001,-0.013792570000000004,-0.14844635000000006,-0.05955833999999999,-0.08993945000000003,0.038541760000000036,-0.1747218100000001,0.04983202000000003,-0.12509775000000012,0.016497520000000043,-0.010520350000000067,-0.016497519999999988,0.010520349999999956,0.056138100000000024,0.1354730999999999,-0.015704569999999973,0.20085498999999996,0.05328470000000002,0.2794124199999999,-0.020933939999999984,0.3150811499999999,-0.019718610000000025,0.12442458,0.05233433000000004,-0.026275460000000028,-0.02210418000000003,0.17942205000000006,0.10939036000000002,-0.03515830000000009,0.03964057999999998,0.14599344999999997,-0.002853400000000006,0.14393931999999998,0.0007929500000000145,0.19033464,-0.005229370000000011,0.11422615999999997,-0.04338019999999998,0.00350942999999998,-0.03299504000000003,0.021040700000000023,0.1656745846027966,0.15096978811742973
0.06794380000000005,-0.2986333200000001,0.07683873000000002,-0.3081641000000001,0.06707390000000002,-0.3238547700000001,0.06145061000000002,-0.3194182000000001,0.02824296000000004,-0.3568841300000001,0.005224530000000005,-0.2732755000000001,-0.037897689999999984,-0.2712732400000001,-0.014606729999999957,-0.14798851000000013,-0.06029654999999995,-0.09096933000000007,0.040271590000000024,-0.17760701000000012,0.049457710000000044,-0.1256274100000001,0.016424490000000014,-0.010230770000000056,-0.01642448999999996,0.010230769999999945,0.05551733000000003,0.13615762999999992,-0.01656381999999995,0.20100262999999985,0.05309713000000005,0.2785297299999999,-0.021731239999999985,0.3142518299999999,-0.01983125999999996,0.12528699,0.05487831999999998,-0.029618499999999992,-0.022398859999999965,0.18030391,0.10975425999999999,-0.034658080000000036,0.03909284000000002,0.14638839999999997,-0.0024201999999999835,0.1423721,-0.00013932999999999307,0.1907718599999999,-0.005167420000000034,0.11324920000000005,-0.04312221999999999,0.0020022600000000335,-0.03284897999999997,0.02046154,0.16906652505729106,0.1509897657119595
0.06631495999999998,-0.296762285,0.07550656,-0.305865545,0.06594684,-0.321647685,0.06067391999999999,-0.317164785,0.028710809999999976,-0.355186785,0.004883639999999967,-0.272449485,-0.03773994000000003,-0.271118925,-0.014334860000000005,-0.14629273500000006,-0.061068480000000036,-0.09105484500000005,0.04306928999999998,-0.17398153500000002,0.048547320000000005,-0.12505158500000002,0.016172589999999987,-0.010141984999999965,-0.016172589999999987,0.010141984999999965,0.05445723999999996,0.13548821499999997,-0.017136550000000028,0.20096488499999998,0.05243038999999999,0.27716667500000003,-0.022182289999999993,0.314278615,-0.01921849999999997,0.12615674999999993,0.05740414999999999,-0.027688799999999958,-0.02332854000000001,0.18006407999999996,0.10961580000000004,-0.03399673999999997,0.038284649999999976,0.14563019999999993,-0.002026849999999969,0.14167846000000006,-0.0009639600000000415,0.19082290000000002,-0.005045739999999965,0.11331373,-0.042623579999999994,0.0013305599999999806,-0.03234517999999997,0.02028396999999993,0.16603261912977377,0.14988651747156245
0.06589032500000003,-0.29621652000000004,0.07510670500000005,-0.30530197000000003,0.06543533500000004,-0.32119453000000003,0.06032295500000001,-0.31661201000000005,0.028161725000000026,-0.35472557000000005,0.004806055000000031,-0.27263397,-0.03805427499999997,-0.27063517000000004,-0.013587154999999962,-0.14964542000000003,-0.06169737499999994,-0.09054563000000004,0.04381422500000004,-0.17871257000000007,0.04834504500000003,-0.12546972,0.016240255000000037,-0.010077030000000042,-0.01624025499999998,0.010077029999999931,0.053624085000000044,0.13736222999999992,-0.01757329499999999,0.20097359999999997,0.05219017500000006,0.27929733,-0.023697794999999966,0.31483342999999997,-0.018393209999999993,0.12298854999999997,0.05740138,-0.02906715000000004,-0.023643099999999972,0.18008954,0.11004241999999997,-0.03492408999999996,0.03738383000000001,0.14743925999999996,-0.0014339099999999827,0.1419351000000001,-0.0013330400000000076,0.19089657000000004,-0.006124499999999977,0.11385983,-0.04286033,0.0019987999999999673,-0.03248051000000002,0.020154059999999974,0.17087501038084096,0.1501472024769442
0.06582191500000001,-0.29498128999999995,0.07546254499999999,-0.30413872999999997,0.06500324499999999,-0.32020290999999995,0.06127136500000002,-0.31508222999999996,0.027162514999999998,-0.35357612999999993,0.00591310500000003,-0.27153535999999995,-0.03909507499999998,-0.26986144999999995,-0.012491405000000011,-0.15178362999999995,-0.06238481499999998,-0.09103246999999992,0.042745405000000014,-0.18692870999999994,0.04775684499999999,-0.12526592999999997,0.01696768500000001,-0.010075429999999996,-0.01696768500000001,0.010075429999999996,0.053212965,0.13630030000000004,-0.017690535000000007,0.20078103000000003,0.05157503499999999,0.27794603000000007,-0.02361977500000001,0.31451837000000005,-0.01840451000000004,0.11975173,0.055236810000000025,-0.035145079999999995,-0.023289740000000003,0.17882898000000003,0.11014165999999997,-0.03423346000000005,0.03624527999999999,0.14637573000000004,-0.0016379300000000097,0.14164573000000003,-0.0007228499999999971,0.19070560000000003,-0.005929240000000002,0.11373734000000002,-0.04500818000000001,0.0016739100000000007,-0.03393537000000002,0.020150859999999993,0.1787220565435525,0.1500218267798739
0.066764355,-0.2940763800000001,0.075716375,-0.3031285900000001,0.065947115,-0.31856080000000003,0.06055485499999996,-0.31486153000000006,0.02773909499999999,-0.35162919000000004,0.005255844999999981,-0.27333068000000005,-0.038431645000000014,-0.26844730000000006,-0.012696984999999994,-0.15658415000000003,-0.06244380500000002,-0.09068965000000007,0.044561974999999976,-0.18433719000000004,0.045916395,-0.12275290000000005,0.01649436500000001,-0.010682350000000063,-0.01649436500000001,0.010682349999999952,0.05306159499999996,0.13500554999999992,-0.017131335000000025,0.20046504999999992,0.050814064999999964,0.27821129999999994,-0.023559985000000006,0.31559914999999994,-0.017952829999999975,0.11674653000000002,0.05725895999999997,-0.027753040000000007,-0.024012160000000005,0.17775765,0.10836020000000002,-0.03206324999999999,0.03656722999999995,0.14568789999999998,-0.0022475299999999976,0.14320575000000002,-0.0006369700000000145,0.18978269999999997,-0.00642864999999998,0.11513410000000002,-0.043687489999999995,0.004883379999999993,-0.03298873000000002,0.021364700000000014,0.17590848241781204,0.14730943250973477
0.06615822999999998,-0.29380919499999997,0.07544960999999994,-0.30287965499999997,0.06548600999999998,-0.31844471499999993,0.06120276999999996,-0.314835685,0.027975139999999954,-0.35237314499999994,0.006977049999999985,-0.27175886499999996,-0.03847415000000004,-0.27045556499999995,-0.008687950000000055,-0.148076565,-0.06186101000000005,-0.09231420499999998,0.04801078999999997,-0.18172336499999997,0.04608791999999995,-0.12467486499999991,0.01706852999999997,-0.010225734999999903,-0.017068530000000026,0.010225735000000014,0.05384110999999997,0.13352678500000004,-0.017246310000000042,0.20166853500000004,0.05056886999999999,0.27652263500000007,-0.023934460000000046,0.31445483500000004,-0.01566500000000004,0.12368229999999997,0.056698740000000025,-0.03364679999999998,-0.02338686000000001,0.17814135999999997,0.10794893,-0.03236065999999993,0.03677258,0.14375251999999994,-0.003272239999999982,0.14299585000000004,-0.00017778000000001626,0.19144280000000002,-0.006688150000000004,0.1127863,-0.045451200000000025,0.0013033000000000072,-0.03413706,0.020451469999999916,0.17426663636371859,0.14895270745093045
0.06657146500000005,-0.29509635,0.07577312500000005,-0.30428875,0.06585300500000002,-0.31989270000000003,0.06116101500000004,-0.31632463,0.028386095000000056,-0.35376544,0.006067345000000057,-0.27271596,-0.037777864999999966,-0.2717067,-0.00919558499999995,-0.14656837,-0.06174900499999997,-0.09237010000000001,0.053378705000000026,-0.18167866,0.046186965000000024,-0.1255988,0.016514265000000028,-0.010191399999999962,-0.016514264999999972,0.010191399999999962,0.05348748500000006,0.13309800000000005,-0.017148994999999945,0.20119469999999995,0.05022538500000007,0.27595996,-0.023927474999999976,0.3138647,-0.015262930000000008,0.12614758999999998,0.06257428999999998,-0.03511028999999999,-0.023971140000000002,0.1793366,0.10793596999999999,-0.0332287,0.03697322000000003,0.1432894,-0.00326209999999999,0.14286195999999995,-0.0006347299999999723,0.1910033,-0.006778480000000031,0.11267000000000005,-0.04384521000000002,0.0010092599999999563,-0.03302853,0.020382799999999923,0.17540486674782205,0.14956745187223353
0.06645656499999997,-0.29559425,0.075818585,-0.30463458000000004,0.06605548499999997,-0.32034842,0.061259695,-0.31682330000000003,0.029092894999999952,-0.35463542000000003,0.006000024999999964,-0.27380810000000005,-0.03805515500000001,-0.27182675,-0.010192355000000042,-0.15016374,-0.06226472500000002,-0.09175405000000003,0.05214307499999998,-0.18790633,0.04696441499999998,-0.12831626000000007,0.016543525000000003,-0.010373599999999983,-0.016543525000000003,0.010373599999999983,0.053070494999999995,0.13507970000000002,-0.018401075000000044,0.20311143999999992,0.049390565,0.27503374,-0.02350659500000002,0.3138909,-0.016192380000000006,0.12364436000000006,0.062335430000000025,-0.03774259000000002,-0.024209570000000014,0.18007269999999997,0.10922914,-0.03656221000000004,0.03652696999999999,0.1454533,-0.003679929999999998,0.13995404,-0.0018575500000000411,0.19273783999999994,-0.0051055199999999745,0.11077946000000005,-0.04405517999999997,0.0019813500000000484,-0.03308705000000001,0.020747199999999966,0.18106683346614147,0.1525389645627084
0.06664988,-0.297093985,0.07557392000000002,-0.306257745,0.06600690000000003,-0.321540265,0.061028780000000005,-0.31818856500000003,0.02903254999999999,-0.355087845,0.007581000000000004,-0.272363595,-0.03786122999999997,-0.27302798500000003,-0.007013290000000005,-0.13999836499999996,-0.06272085,-0.092686465,0.05703440000000004,-0.17578252500000002,0.04647825,-0.12863680499999997,0.017005949999999992,-0.009928135000000005,-0.017005949999999992,0.009928135000000005,0.052640169999999986,0.135320875,-0.01919854999999998,0.203805605,0.049063330000000016,0.27590439499999997,-0.024953310000000006,0.312991535,-0.01459429000000001,0.13236523000000006,0.06404769000000005,-0.035784160000000065,-0.024859620000000027,0.18034152000000003,0.1091991,-0.03595033999999997,0.035634219999999994,0.14524901,-0.00357683999999997,0.14058351999999996,-0.002192599999999989,0.19387747,-0.005754760000000025,0.10918592999999999,-0.04544222999999997,-0.0006643900000000147,-0.034011899999999984,0.01985627000000001,0.170616398659902,0.1524155052704402
0.06658911500000003,-0.29626759,0.07549467500000001,-0.30546219,0.06603321500000003,-0.32075596,0.06102189500000005,-0.31778459,0.028775125000000012,-0.35480294,0.0076729650000000316,-0.27224309,-0.038159344999999956,-0.27297869,-0.0054701549999999766,-0.14235629000000005,-0.062962625,-0.09312268999999995,0.05438049500000003,-0.18502359000000002,0.045627445000000044,-0.12763524000000004,0.017141465000000022,-0.009932460000000032,-0.017141464999999967,0.009932460000000032,0.05241972500000003,0.13493491000000002,-0.019199104999999994,0.20472930999999994,0.04928502500000004,0.27621551,-0.02609148499999997,0.31344211,-0.013143120000000008,0.12988679999999997,0.059850650000000005,-0.042667299999999964,-0.02480328000000004,0.17985600000000007,0.10859007000000004,-0.034512550000000086,0.035278260000000006,0.14486737000000005,-0.0031346999999999903,0.14128059999999998,-0.0020576400000000272,0.1947968499999999,-0.006892379999999976,0.10871280000000005,-0.04583230999999999,-0.0007356000000000029,-0.03428292999999999,0.019864920000000064,0.1790073997353679,0.15121113763833047
0.06510590500000002,-0.29602022999999994,0.07385427500000002,-0.30523896999999994,0.064428555,-0.32009622,0.05969785500000002,-0.31800766999999996,0.027500825000000007,-0.35406507,0.008221645,-0.27279164999999994,-0.038996115,-0.27319234,-0.0027197050000000167,-0.14205857,-0.06379732500000002,-0.09281806999999997,0.056565635,-0.18730523999999998,0.045561605000000005,-0.12898776999999995,0.01756597500000001,-0.009894669999999994,-0.01756597500000001,0.009894669999999994,0.051031045,0.1358201,-0.019941755000000005,0.20521043000000005,0.048372674999999976,0.27789498,-0.02736366499999998,0.31353653000000004,-0.010941350000000016,0.13073307999999995,0.05928534000000002,-0.04524666999999999,-0.024801210000000018,0.18037427,0.10935893000000002,-0.03616969999999997,0.033465069999999986,0.14571477,-0.002658370000000021,0.14207488000000001,-0.002375779999999994,0.19531576000000006,-0.007421909999999976,0.10832609999999998,-0.04721776,-0.00040069000000003685,-0.03513195000000002,0.01978933999999999,0.18164659046577367,0.15255629615656638
0.065529175,-0.29355767,0.074547855,-0.30259927999999997,0.06490364500000001,-0.31781294,0.060618074999999993,-0.31487244,0.028076345000000003,-0.35185515,0.009835625000000014,-0.27053024999999997,-0.039637685000000034,-0.27178897999999996,0.002020474999999966,-0.14313869999999995,-0.06369576500000002,-0.09353009999999995,0.06473952499999996,-0.18860453,0.04457053499999997,-0.12720809999999994,0.018192774999999994,-0.009793099999999999,-0.018192774999999994,0.009793099999999999,0.05246799499999999,0.13779754,-0.019103725000000016,0.20735324,0.04897570499999998,0.27974660000000007,-0.02520862500000004,0.3143673,-0.007815150000000048,0.12739155000000002,0.06271905,-0.04546583000000004,-0.02405807999999998,0.17825888,0.10826629999999998,-0.033677999999999986,0.034275219999999995,0.14759064,-0.003492290000000009,0.14194906000000007,-0.0009109500000000215,0.19756014,-0.006104900000000024,0.10701406000000002,-0.04947331000000005,-0.0012587299999999857,-0.03638554999999999,0.019586199999999998,0.18477047230065577,0.15069360266313922
0.06559285999999998,-0.2936210449999999,0.07458567999999999,-0.30259897499999994,0.06493761999999997,-0.3179472749999999,0.060506899999999975,-0.3147840249999999,0.028157469999999962,-0.3520101349999999,0.00901057999999999,-0.2700538149999999,-0.03928575000000001,-0.27138281499999994,-0.00020125000000004167,-0.13650807499999995,-0.06388363000000002,-0.09377140499999992,0.06515845999999997,-0.15785313499999987,0.04422854999999998,-0.12688351499999995,0.017734899999999998,-0.009784524999999933,-0.017734899999999998,0.009784525000000044,0.05250372999999997,0.13796662500000012,-0.019179,0.20585682500000013,0.04893329999999996,0.2786473250000001,-0.02531460000000002,0.3140178250000001,-0.009211830000000032,0.13354573999999997,0.06535971000000002,-0.021345059999999916,-0.024597880000000016,0.17761141000000003,0.10811218,-0.03311211000000003,0.03476882999999997,0.14775115000000005,-0.0035704300000000133,0.1406807,-0.0014441000000000037,0.1960723000000001,-0.006135600000000019,0.10816099999999995,-0.04829633,-0.0013290000000000246,-0.035469799999999996,0.019569049999999977,0.15547767463660395,0.15005872948064067
0.06462615500000002,-0.293885125,0.073506395,-0.302698125,0.06416514500000003,-0.318027675,0.059347664999999994,-0.314654625,0.027256594999999995,-0.351943995,0.009056294999999992,-0.270171575,-0.040559605,-0.272035955,0.0015207250000000005,-0.14219982500000006,-0.06395940499999997,-0.09405922499999997,0.06255266500000001,-0.189116265,0.043626045,-0.126582725,0.01827663500000004,-0.009763124999999984,-0.018276634999999986,0.009763124999999984,0.05170069500000002,0.13835561500000004,-0.020209724999999956,0.20894737500000005,0.049443395,0.279262075,-0.02561120499999997,0.314129475,-0.0075355699999999914,0.12797174999999994,0.06103194000000001,-0.04691643999999995,-0.02339979999999997,0.17797673000000003,0.10758544999999997,-0.03252350000000004,0.03342405999999998,0.14811874000000003,-0.0022573000000000176,0.14090645999999996,-0.0019330899999999707,0.19918425000000006,-0.005401480000000014,0.10518209999999995,-0.04961589999999999,-0.0018643799999999988,-0.03655327000000003,0.019526249999999967,0.18473742355143016,0.14974021705408636
0.06350545499999999,-0.29481227000000004,0.072207825,-0.30302182000000005,0.064007325,-0.31903610000000004,0.05751846500000002,-0.31462783000000005,0.02793045500000002,-0.35378382,0.007720995000000008,-0.26998514000000007,-0.04158632499999998,-0.27273921000000007,0.0034228450000000077,-0.14280687000000003,-0.06408025500000003,-0.09401537000000004,0.05871649499999998,-0.18808571000000007,0.043634724999999985,-0.12625561000000007,0.018002825,-0.009558830000000018,-0.018002825,0.009558829999999907,0.05141432499999998,0.13829102999999998,-0.019943904999999984,0.20826562999999998,0.04974339499999997,0.2795804999999999,-0.02553124499999998,0.31407012999999995,-0.004298150000000001,0.12717827000000004,0.05529364999999997,-0.04527884000000004,-0.02249393000000005,0.17872384000000002,0.10771498000000002,-0.03224024000000003,0.03341149999999998,0.14784986,-0.001670930000000015,0.14128946999999992,-0.001941079999999984,0.19870680000000007,-0.005587339999999996,0.10580449999999997,-0.04930731999999999,-0.0027540699999999974,-0.03600565,0.019117659999999925,0.18311048524703144,0.149146738759237
0.06297281499999996,-0.297775135,0.071873945,-0.306618465,0.06277769499999997,-0.32167546500000005,0.057967345,-0.318774665,0.027329445000000008,-0.35558040500000004,0.007891174999999973,-0.27318678500000004,-0.04050183500000004,-0.273941445,-0.0017551150000000293,-0.139518665,-0.06475007500000002,-0.09498236500000001,0.06240758499999999,-0.164491665,0.04407909499999996,-0.129127765,0.017733874999999955,-0.009949435000000006,-0.01773387500000001,0.009949435000000006,0.052218284999999975,0.13755287500000002,-0.02049045500000002,0.206364165,0.04809248499999996,0.277352285,-0.024486924999999993,0.312641635,-0.009646290000000002,0.13366812000000006,0.06416270000000002,-0.024973000000000023,-0.024248239999999976,0.17895908,0.10882916999999998,-0.03414539999999999,0.03448441000000002,0.14750231000000003,-0.004125800000000013,0.13979940999999996,-0.0027565800000000085,0.19641472999999998,-0.003996469999999974,0.10627746999999999,-0.048393010000000014,-0.0007546599999999626,-0.035467749999999965,0.019898870000000013,0.16086964045007685,0.15219497632990683
0.06354648000000002,-0.298013275,0.07130954,-0.307240815,0.06295901999999998,-0.321657835,0.055814450000000015,-0.320114995,0.025745099999999965,-0.355014975,0.005769309999999972,-0.273752595,-0.04104595999999999,-0.273706255,-0.0046823599999999965,-0.138548475,-0.06568518000000001,-0.09542250500000005,0.060857280000000014,-0.16650950499999995,0.04255527999999997,-0.12870544500000003,0.017376720000000012,-0.01015192499999995,-0.017376720000000012,0.01015192499999995,0.05168202999999999,0.13932567500000004,-0.021921269999999993,0.20870512500000005,0.04864067999999999,0.280896665,-0.026191889999999995,0.312725425,-0.010451669999999968,0.13520411999999998,0.06553964000000001,-0.027961029999999942,-0.024639220000000017,0.17828374999999996,0.10824045999999998,-0.03328293999999998,0.03430530999999998,0.1494776,-0.0030413499999999982,0.14157098999999995,-0.0045445499999999805,0.1985532000000001,-0.004270620000000003,0.10402029999999995,-0.046815269999999964,4.6339999999978065e-05,-0.034753440000000024,0.0203038499999999,0.16229064027654214,0.15123892960252294
0.06235202999999995,-0.298628445,0.07118772999999995,-0.308229315,0.06130879999999994,-0.322562445,0.05750242999999994,-0.320549005,0.024687829999999966,-0.355489605,0.007122009999999956,-0.273491985,-0.04115003000000006,-0.273197165,-0.005500610000000072,-0.13925125500000002,-0.06719213000000007,-0.09466143500000002,0.06173896999999995,-0.16492732499999996,0.04122352999999995,-0.127702015,0.017809929999999974,-0.01006088500000002,-0.01780993000000003,0.01006088500000002,0.05078494999999994,0.14075491500000004,-0.022880190000000022,0.20876727500000003,0.047700229999999955,0.28058926500000003,-0.027228710000000045,0.313136615,-0.012622620000000029,0.13424072999999997,0.06723958000000002,-0.02567606999999994,-0.026042100000000012,0.17853573,0.10841566000000002,-0.033040579999999986,0.032975019999999966,0.15081580000000006,-0.0030847199999999853,0.13983435,-0.005070259999999993,0.19870639,-0.004348520000000022,0.10436933999999998,-0.048272040000000016,0.00029481999999997344,-0.03561986,0.02012177000000004,0.16097631749296284,0.1498785041824931
0.06342611999999997,-0.30043333,0.07195033,-0.30991168999999996,0.06254304999999999,-0.32425188,0.057645369999999974,-0.32262763,0.025436299999999967,-0.35750737,0.007044769999999978,-0.27599250999999997,-0.04138349000000002,-0.27497303,-0.005364580000000008,-0.14352655000000003,-0.06677893000000001,-0.09584857999999996,0.059509889999999954,-0.17563160999999994,0.042985039999999974,-0.12968895000000003,0.01790664999999997,-0.010395550000000031,-0.017906650000000024,0.010395550000000031,0.05099924,0.13776565000000007,-0.022663900000000015,0.20837194999999997,0.04670200999999996,0.2775291,-0.027192870000000036,0.31137035,-0.012409349999999986,0.13246595999999994,0.06487446999999996,-0.03210505999999991,-0.02539543999999999,0.17912445000000005,0.10976396999999999,-0.033840370000000064,0.03309259000000003,0.1481612000000001,-0.004297230000000041,0.1397634499999999,-0.004757249999999991,0.19797639999999994,-0.004528970000000021,0.10299840000000005,-0.04842826,0.0010194799999999615,-0.03581329999999999,0.020791100000000062,0.17039303126249375,0.152746407654341
0.0636002,-0.30077216500000004,0.07147277999999996,-0.3098870550000001,0.06283027999999996,-0.32418033500000004,0.05620427,-0.32177087500000007,0.026055079999999953,-0.35621422500000005,0.006420559999999964,-0.27533570500000004,-0.04118102000000001,-0.27375933500000005,-0.006298350000000008,-0.1419019050000001,-0.06730847000000001,-0.095183605,0.05903065999999996,-0.16172890500000003,0.041586469999999987,-0.1284254050000001,0.017664499999999972,-0.010371235000000034,-0.017664500000000027,0.010371234999999923,0.051359339999999976,0.140108095,-0.02194052000000002,0.2084038949999999,0.04778776999999995,0.278860495,-0.02690678000000002,0.31189289499999995,-0.012718909999999972,0.13343379999999994,0.06532900999999997,-0.019826999999999928,-0.026127449999999997,0.17857573000000004,0.10889494,-0.0332418000000001,0.033694840000000004,0.15047933000000002,-0.003571570000000024,0.1387524,-0.0042760199999999915,0.19803265999999997,-0.00496626,0.10348900000000005,-0.04760157999999998,0.0015763699999999936,-0.035329,0.020742469999999957,0.15690858313353828,0.150914494735365
0.06498975499999998,-0.29976675,0.07174038499999996,-0.30864838,0.06411847499999995,-0.3223361,0.054867055,-0.32161078000000004,0.027049354999999997,-0.35399163,0.005630454999999979,-0.27820474,-0.04019770500000003,-0.27383066,-0.009359445000000022,-0.1470901,-0.06819364500000002,-0.09532693000000003,0.05607135499999999,-0.16168216000000002,0.04195715499999997,-0.12696574000000005,0.01717552499999997,-0.010819000000000023,-0.017175525000000025,0.010819000000000023,0.050594594999999964,0.14065023999999993,-0.02086767500000003,0.20786680000000002,0.04807545499999999,0.27905199999999997,-0.02581634500000002,0.3125551,-0.0149899,0.13111464,0.06543080000000001,-0.014592060000000018,-0.027995939999999997,0.17850372999999997,0.1101508,-0.03163881000000002,0.033419069999999995,0.15146923999999995,-0.0025191399999999753,0.13840176000000004,-0.003692150000000005,0.1970478,-0.004948669999999988,0.10468829999999996,-0.04582816000000001,0.004374080000000002,-0.034351049999999994,0.021638000000000046,0.15579659379002642,0.14993768179096947
0.06668135000000003,-0.30052485999999995,0.07283158,-0.3092851099999999,0.065824,-0.32262405999999993,0.05504458000000001,-0.3217935899999999,0.028173380000000026,-0.35316973999999995,0.005905330000000042,-0.27843993999999994,-0.039541159999999964,-0.27245753999999994,-0.008788049999999992,-0.15178864999999997,-0.06868078999999999,-0.09539440999999993,0.05568078000000004,-0.16732036999999989,0.04046298000000004,-0.1252707099999999,0.017050180000000026,-0.011061249999999911,-0.01705017999999997,0.011061250000000022,0.04972154000000001,0.13883894000000008,-0.021388949999999962,0.20625289000000002,0.04840305,0.2784837900000001,-0.02672869,0.31284189000000007,-0.014693380000000034,0.12665128999999997,0.06446883000000003,-0.015531719999999916,-0.029139630000000027,0.17706313,0.10914377000000003,-0.029876299999999967,0.03267135999999998,0.14990019,-0.0013184900000000055,0.13964485000000004,-0.004338769999999992,0.19519164,-0.005339740000000037,0.10658900000000004,-0.045446490000000006,0.005982399999999999,-0.034100359999999996,0.022122499999999934,0.16096346119394425,0.147966776306802
0.06789362999999998,-0.30310142999999995,0.07357224999999995,-0.31171612,0.06740772999999994,-0.32469637999999995,0.05501100999999997,-0.32360924999999996,0.030855069999999984,-0.35428662,0.006717089999999981,-0.27965749999999995,-0.03871435000000001,-0.27346788,-0.0071951700000000285,-0.1504588,-0.07023966000000004,-0.09741230000000001,0.05999544999999995,-0.15544239999999998,0.03964706999999995,-0.12624859999999993,0.01694216999999998,-0.011230699999999927,-0.016942170000000034,0.011230700000000038,0.05005833999999998,0.13589956000000003,-0.021132110000000037,0.20423885000000008,0.04778306999999998,0.27617970000000003,-0.026072080000000053,0.31078680000000003,-0.01391226000000001,0.12919869999999994,0.06719061999999998,-0.004983599999999977,-0.03152531000000003,0.17605558,0.10988672999999999,-0.028836299999999926,0.03311617,0.14713025999999996,-0.002275269999999996,0.14028014,-0.004189940000000003,0.19300815000000004,-0.004939970000000016,0.10654794999999995,-0.04543143999999999,0.006189619999999951,-0.03388434000000001,0.022461399999999965,0.15050116057907464,0.1486704409500005
0.06830367000000004,-0.30074173,0.07335472000000004,-0.30940823,0.06739727000000001,-0.32188855,0.054283230000000016,-0.32117881,0.03056744,-0.35040088,0.007088450000000024,-0.2774034,-0.03832325999999997,-0.27155961,-0.00890430999999997,-0.14814395999999996,-0.07066202999999999,-0.09629683,0.05919435000000001,-0.15396803000000003,0.04210773000000001,-0.1239325,0.017042550000000045,-0.010950130000000002,-0.01704254999999999,0.010950130000000002,0.049282550000000036,0.13926406999999996,-0.02060055999999999,0.20451960999999996,0.04694067000000002,0.28046757,-0.02656202999999996,0.31274627,-0.015992759999999995,0.12925944000000006,0.06809865999999998,-0.00582407000000007,-0.03233877000000002,0.17526278,0.11276976,-0.02763567,0.03223999999999999,0.15021419999999996,-0.0023418800000000184,0.14120350000000004,-0.0035580100000000003,0.19356947999999996,-0.005961469999999969,0.10822666000000003,-0.045411709999999994,0.005843790000000015,-0.034085100000000035,0.021900260000000005,0.14910028156797694,0.1472823122435118
0.06877364999999996,-0.30116416500000004,0.07344434999999994,-0.31011386500000004,0.06764124999999999,-0.32174866500000004,0.05433198999999994,-0.3217174950000001,0.03144890999999994,-0.34892358500000004,0.008865849999999953,-0.27774818500000004,-0.037538050000000045,-0.27045517500000005,-0.006320500000000062,-0.15011279500000008,-0.07250851000000003,-0.09646703500000009,0.06203784999999995,-0.15363936500000008,0.04210400999999997,-0.12210533500000009,0.01731444999999998,-0.011243235000000018,-0.017314450000000037,0.011243234999999907,0.04944482999999994,0.138210265,-0.020027420000000018,0.20419846499999994,0.047392749999999984,0.2806910949999999,-0.027466350000000028,0.31290186499999995,-0.015186350000000015,0.12763538999999996,0.06835835000000001,-0.0035265700000000066,-0.03497045999999998,0.17398813999999996,0.11461252,-0.025638300000000003,0.03213037999999996,0.14945350000000002,-0.002052079999999956,0.1424808299999999,-0.0027129699999999812,0.19295523000000003,-0.00743893000000001,0.1087034,-0.0464039,0.007293009999999989,-0.03462890000000002,0.022486469999999925,0.14925428083152897,0.14598765190870253
0.070340825,-0.30117737999999994,0.07483975500000001,-0.3100292499999999,0.06936656499999999,-0.3215951299999999,0.055280704999999986,-0.3209939299999999,0.03340542499999999,-0.3479710199999999,0.008649605000000005,-0.27665646999999993,-0.03578967500000002,-0.2693406299999999,-0.009779495000000027,-0.15267134999999987,-0.07382221500000002,-0.09704694999999997,0.058379844999999986,-0.15899690999999994,0.03935818499999999,-0.11890550999999994,0.016677424999999968,-0.011217449999999962,-0.016677425000000023,0.011217450000000073,0.049712374999999975,0.13947545000000006,-0.019169075000000035,0.20502985000000007,0.04871694500000001,0.2812623100000001,-0.027169655000000015,0.3135982500000001,-0.01842910000000003,0.12398512000000006,0.06815934000000001,-0.006325560000000063,-0.038032540000000004,0.17229367999999995,0.11318040000000001,-0.02185855999999997,0.03303495000000001,0.15069290000000002,-0.0009954299999999638,0.14178686000000007,-0.002491650000000012,0.1938124,-0.00800057999999998,0.10856840000000001,-0.044439280000000025,0.007315840000000018,-0.03335484999999999,0.022434900000000035,0.15355084054393187,0.14167559531279092
