0,1,2,3,4,5,6,7,8,9,10,11,12,13,14,15,16,17,18,19,20,21,22,23,24,25,26,27,28,29,30,31,32,33,34,35,36,37,38,39,40,41,42,43,44,45,46,47,48,49,50,51,52,53,54,55
0.12015766,-0.26671414000000004,0.12858862999999998,-0.27615047000000004,0.11449441999999999,-0.28560989000000003,0.12351314000000002,-0.29386817000000004,0.07964705999999999,-0.31822477000000005,0.10727009999999998,-0.24315993000000002,0.0005350599999999761,-0.28327645,0.12180820999999997,-0.13478637000000004,-0.07536491000000001,-0.20576757,0.16362963000000003,-0.03168526999999999,-0.011659819999999987,-0.09699873999999997,0.035417739999999975,0.005187469999999972,-0.035417739999999975,-0.005187469999999972,0.022094590000000025,0.17243502999999993,-0.06316732000000003,0.1891581,-0.0026178399999999824,0.28881313,-0.08897013999999998,0.28881313,0.014538109999999993,0.10837355999999998,0.041821420000000054,0.10310110000000006,-0.07589996999999998,0.07750888,0.06370509000000002,0.10876883000000004,-0.01332314999999995,0.16724755999999996,-0.024712430000000007,0.11637810000000004,-0.02774958000000005,0.19434556999999997,-0.02580281999999995,0.09965502999999998,-0.10673504,-0.04011651999999999,-0.07083547999999995,-0.010374939999999944,0.13340872419928057,0.09483537347287298
0.12021286499999995,-0.26548216999999996,0.12815831499999997,-0.27458482,0.11488212499999995,-0.28409816,0.12212432499999998,-0.29192567999999997,0.08010236499999995,-0.31640024,0.10670989499999994,-0.24152222,-0.00015580500000006436,-0.28212525,0.12170789499999995,-0.13247452000000004,-0.07624420500000006,-0.20474431999999998,0.16431705499999993,-0.03059495999999995,-0.013738555000000041,-0.09419451999999995,0.03539563499999998,0.005196580000000006,-0.035395635000000036,-0.005196580000000006,0.022064754999999936,0.17298882000000004,-0.06335140500000003,0.18991702,-0.003343535000000064,0.28939848,-0.08748062500000003,0.28939848,0.014998000000000011,0.10904769999999997,0.04260915999999998,0.10187956000000009,-0.0760884,0.07738093000000001,0.06250565000000002,0.11054980000000003,-0.013330880000000045,0.16779224000000004,-0.02540829,0.11640965999999997,-0.02795576999999999,0.1951136,-0.024129220000000007,0.09948146000000002,-0.10686570000000001,-0.040603029999999984,-0.07079127000000002,-0.010393160000000012,0.1337974845443216,0.09159510051509301
0.118886765,-0.26650289000000005,0.12682652500000002,-0.27565254000000006,0.11347278500000002,-0.28512651000000006,0.12108434500000004,-0.2926581200000001,0.07855674500000004,-0.31718427000000005,0.10604762500000003,-0.24019244000000006,-0.001576934999999946,-0.28173564000000006,0.12163694500000005,-0.1297354100000001,-0.078557675,-0.20432854,0.16506817500000004,-0.03013184000000002,-0.015079534999999977,-0.09529644000000004,0.03553220500000004,0.005283299999999991,-0.03553220499999998,-0.005283300000000102,0.022074515000000017,0.17353036,-0.06455655499999996,0.19046175999999992,-0.00474983499999998,0.28804045999999994,-0.08943921499999996,0.28804045999999994,0.015589320000000018,0.11045702999999996,0.04343122999999999,0.09960357000000009,-0.07698074000000005,0.07740710000000006,0.06347814000000002,0.10903209999999997,-0.013457690000000022,0.16824706,-0.026824349999999997,0.11451009999999995,-0.029024349999999977,0.19574506000000003,-0.02488266,0.09757870000000002,-0.10762455999999998,-0.0415432,-0.07106441000000002,-0.010566600000000093,0.13428998348745338,0.0923075136854443
0.11743257499999998,-0.265499015,0.12528444500000002,-0.274832295,0.11171213499999999,-0.28420697500000003,0.119657915,-0.291987555,0.07619915500000002,-0.316093075,0.10506502499999998,-0.239102855,-0.003031785000000009,-0.279706255,0.121898175,-0.12934749499999998,-0.07973422499999999,-0.20161703500000006,0.16465882499999995,-0.029707634999999954,-0.017746554999999997,-0.09220573499999996,0.03574872499999998,0.005185734999999969,-0.03574872499999998,-0.005185734999999969,0.02325914499999998,0.173390465,-0.06608102500000002,0.19025076500000004,-0.0036077449999999955,0.289388965,-0.09232442499999999,0.289388965,0.01683315000000002,0.10975536000000002,0.042760649999999956,0.09963986000000002,-0.07670243999999998,0.07808921999999996,0.061987669999999995,0.1094113000000001,-0.01248958,0.16820473000000002,-0.026866889999999977,0.1159985,-0.030332300000000034,0.1954365,-0.026243399999999972,0.09913819999999995,-0.10809680999999999,-0.04060340000000001,-0.07149744999999996,-0.010371469999999938,0.13354909641014756,0.08886258225321217
0.11706811499999997,-0.2665728650000001,0.12478253499999997,-0.2761900350000001,0.11084419499999998,-0.2851719450000001,0.11914560499999999,-0.2931867450000001,0.07477629499999999,-0.3162018650000001,0.10523015499999999,-0.2397929050000001,-0.0037724950000000423,-0.2800218350000001,0.12247058499999997,-0.1296225150000001,-0.080241585,-0.20207320500000003,0.166211695,-0.027989915000000143,-0.019213645000000057,-0.09137170500000014,0.036067274999999954,0.005225234999999939,-0.03606727500000001,-0.00522523500000005,0.023052904999999957,0.17352643499999987,-0.06610226500000005,0.18897603499999993,-0.0020743250000000435,0.2887657349999999,-0.09155046500000003,0.2887657349999999,0.017240429999999973,0.11017039,0.04374111000000003,0.10163259999999996,-0.07646908999999996,0.07794863000000007,0.06102793999999995,0.1107014999999999,-0.013014369999999997,0.16830119999999993,-0.02512723,0.11523930000000004,-0.03003499000000004,0.19420126999999998,-0.025448199999999976,0.09978969999999998,-0.10900265000000003,-0.040228929999999996,-0.07213454999999996,-0.01045046999999999,0.13431610568602304,0.08777960547665849
0.11684367000000001,-0.26979129500000004,0.12487844000000003,-0.279411595,0.11084569,-0.288576665,0.11968181,-0.296666535,0.07498047000000002,-0.320316855,0.1056743,-0.24293879500000004,-0.004569659999999975,-0.28216139500000004,0.12403262000000004,-0.13213986499999997,-0.08019127999999998,-0.20076579500000002,0.16797789999999996,-0.03014349500000002,-0.017036379999999962,-0.09313269499999999,0.03651779999999999,0.004932464999999997,-0.03651779999999999,-0.004932464999999997,0.02562355999999999,0.171167375,-0.06690612000000001,0.18755790500000002,-0.0013405400000000012,0.285352705,-0.09194927999999997,0.285352705,0.01835832000000004,0.11079893000000007,0.04394527999999992,0.10199636999999995,-0.07562162,0.08139560000000001,0.06315490000000001,0.10763310000000004,-0.01089424,0.16623491,-0.02696409999999999,0.11418532999999997,-0.030388320000000024,0.19249037000000002,-0.025043159999999953,0.09779479999999996,-0.11024395999999997,-0.039222599999999996,-0.07303559999999998,-0.009864929999999994,0.13605910797124754,0.09032611082776286
0.11657440499999999,-0.275579305,0.12471964499999999,-0.285362305,0.11065891500000002,-0.29423531499999994,0.119509225,-0.303688195,0.07496334500000001,-0.32666122499999994,0.10546630499999998,-0.251282815,-0.004936335000000014,-0.288218045,0.12370794499999999,-0.140368045,-0.07948979499999997,-0.205545745,0.169125545,-0.03322547499999995,-0.017939174999999974,-0.09629784499999994,0.03674960500000002,0.004388985000000067,-0.03674960500000002,-0.004388984999999956,0.02652758500000002,0.16695052500000007,-0.06842467499999999,0.18597710499999998,-0.0005557250000000069,0.27979755500000003,-0.09175419499999998,0.27979755500000003,0.018241640000000003,0.11091477,0.0454176,0.10714257000000005,-0.07455345999999996,0.08267229999999998,0.06155062,0.10924790000000006,-0.010222019999999998,0.16256154,-0.027083310000000027,0.11284702999999996,-0.03167506999999997,0.19036608999999993,-0.023329519999999992,0.09382045000000006,-0.11040264,-0.036935229999999986,-0.07349921000000004,-0.008777970000000024,0.13761626754121473,0.09381402253013404
0.11502114999999996,-0.27789634999999996,0.12352997999999998,-0.28747765,0.10916200999999998,-0.29677702,0.11898268000000001,-0.30523422,0.07365202999999998,-0.32936157,0.10499466999999996,-0.25119088,-0.006218840000000003,-0.28986014,0.12320597,-0.13798401999999999,-0.08010497,-0.20613236000000001,0.16868979999999995,-0.03456826000000002,-0.019090170000000017,-0.09819681999999996,0.03701452999999999,0.004562680000000041,-0.03701452999999999,-0.004562680000000041,0.02836240000000001,0.16564508,-0.06803261,0.18492757999999998,-0.0007500200000000179,0.27865558,-0.09145270999999999,0.27865558,0.01821130000000004,0.11320686000000002,0.04548382999999995,0.10341575999999997,-0.07388613,0.08372777999999997,0.06101479999999998,0.10793554000000005,-0.00865212999999998,0.16108239999999996,-0.029112420000000028,0.11301050000000001,-0.031018080000000003,0.18949026000000002,-0.0234201,0.09372800000000003,-0.11121350999999996,-0.03866925999999998,-0.07402905999999998,-0.009125360000000082,0.13736668881084851,0.09533433198459611
0.11391068499999996,-0.2780060200000001,0.12248544499999997,-0.28786424000000005,0.10768836499999995,-0.29694167000000005,0.11792318499999999,-0.30630592000000006,0.071319505,-0.32980960000000004,0.10384706499999996,-0.25314683000000004,-0.008107565000000039,-0.29044363000000006,0.12100983499999995,-0.1400568000000001,-0.08048810500000003,-0.2065654400000001,0.16682593499999998,-0.03548724000000003,-0.021143035000000032,-0.09821420000000003,0.037304804999999996,0.004205899999999985,-0.037304804999999996,-0.004205900000000096,0.028335265,0.1668057999999999,-0.06920428500000003,0.18714153999999994,-0.00020151500000004097,0.27796029999999994,-0.08962817500000003,0.27796029999999994,0.017162769999999994,0.11309002999999995,0.045816100000000026,0.10456956000000006,-0.07238054,0.08387818999999996,0.05934507,0.10835124000000007,-0.008969539999999998,0.1625998999999999,-0.02853678000000004,0.11115450000000004,-0.031899480000000036,0.19134744000000004,-0.02042389,0.09081876,-0.11195463,-0.03729680000000002,-0.07460960999999999,-0.00841180000000008,0.13546685380393425,0.09538743773905915
0.113998145,-0.28089234,0.122732075,-0.29156565,0.10678869499999999,-0.29999622,0.11875006500000002,-0.31022109999999997,0.069292515,-0.33204996,0.104654105,-0.25532868,-0.009090454999999997,-0.29141490999999997,0.121745465,-0.13998478000000003,-0.08096763499999998,-0.20504751,0.16791404499999996,-0.038255179999999944,-0.019926335000000017,-0.09988644000000002,0.037865075000000026,0.0038474499999999745,-0.03786507499999997,-0.0038474499999999745,0.030204865000000025,0.16547142000000004,-0.06710168499999997,0.18607125000000002,0.0021366449999999926,0.27510992,-0.08713505500000002,0.27510992,0.01709136,0.11534389999999994,0.04616857999999996,0.10172960000000009,-0.07187717999999998,0.08636739999999998,0.061041299999999965,0.10516106999999997,-0.007660210000000001,0.16162397000000006,-0.028068220000000033,0.10963849999999997,-0.029236609999999996,0.1899187,-0.02003337000000005,0.08903866999999999,-0.11374456,-0.03608623,-0.07573015,-0.007694899999999949,0.13669442582262736,0.09769997949338427
0.11166735499999997,-0.28339425,0.12077799499999997,-0.29425258,0.10420092499999994,-0.30281835,0.11767419499999998,-0.31242145,0.06688435499999995,-0.3346681,0.10419210499999998,-0.25572398,-0.010909445000000018,-0.29358205,0.12116225499999994,-0.13779521000000006,-0.08272651500000006,-0.20539892000000004,0.16792621499999993,-0.04119795000000004,-0.017813245000000033,-0.10035865,0.038267284999999984,0.004132389999999986,-0.03826728500000004,-0.004132389999999986,0.02982945499999995,0.16551797999999995,-0.06800026500000006,0.18466185000000002,0.00400945499999994,0.27187085,-0.08594444500000004,0.27187085,0.01697014999999996,0.11792876999999996,0.04676395999999999,0.09659726000000002,-0.07181707000000004,0.08818312999999994,0.06491327000000002,0.10504027000000005,-0.008437830000000035,0.16138558999999997,-0.02582000000000001,0.10635287000000004,-0.02973298000000002,0.18879424,-0.017944179999999976,0.08720899999999998,-0.11510155,-0.037858069999999966,-0.07653457000000002,-0.008264779999999972,0.1373545698302772,0.09837611938834141
0.11033141499999999,-0.28455040500000006,0.11886185499999996,-0.29509285500000004,0.10314887499999997,-0.30372342500000005,0.11453961499999998,-0.31366614500000006,0.06582334499999998,-0.33568782500000005,0.10148179499999999,-0.259633965,-0.012811125000000034,-0.29408398500000005,0.118197145,-0.14439938500000005,-0.08443318500000002,-0.202476325,0.16362951499999995,-0.046355465000000096,-0.017726065000000013,-0.10084209500000008,0.038014885,0.003422225000000001,-0.038014885,-0.003422225000000001,0.030374164999999953,0.166144815,-0.06734216500000001,0.18502637499999997,0.004713654999999983,0.27165087499999996,-0.08436838500000005,0.27165087499999996,0.016715350000000018,0.11523457999999998,0.045432369999999944,0.09804391999999995,-0.07162205999999999,0.09160766000000004,0.06670712000000001,0.10163422999999994,-0.007640720000000045,0.16272259,-0.02566050999999997,0.10550605999999996,-0.02932728000000001,0.18844859999999997,-0.017026220000000036,0.0866245,-0.11429292000000002,-0.034450020000000026,-0.07602977,-0.006844450000000002,0.13511792513124601,0.09951013660833409
0.10959657500000003,-0.28705685000000003,0.11789116500000002,-0.29824525,0.10165086499999998,-0.30633605,0.11338290499999998,-0.31649078,0.06291994500000003,-0.33702035,0.10107746499999998,-0.26018108,-0.015659515000000013,-0.29320432,0.11793836499999999,-0.14478455,-0.08770451499999998,-0.20167334999999997,0.16343484500000005,-0.044351150000000006,-0.018216854999999976,-0.09997434999999999,0.03862327500000001,0.0028237500000000137,-0.03862327500000001,-0.0028237500000000137,0.031308614999999984,0.16452060999999996,-0.06702763499999997,0.18519030999999997,0.005179965000000009,0.27107654999999997,-0.08260458500000001,0.27107654999999997,0.016860900000000012,0.11539653,0.04549648000000006,0.1004334,-0.07204499999999997,0.09153097000000004,0.06948766,0.10169899999999998,-0.007314660000000028,0.16169685999999994,-0.026128649999999976,0.10655594000000002,-0.028404359999999962,0.18801405999999998,-0.015576950000000034,0.08588624,-0.11673697999999999,-0.03302324000000001,-0.07724655000000002,-0.0056475000000000275,0.1334293790582678,0.09927064549793356
0.10638395999999994,-0.29218545999999995,0.11416635999999997,-0.30342737,0.09837117999999995,-0.31128084999999994,0.10897937999999996,-0.32288363999999997,0.05961904999999995,-0.34241311999999996,0.09766058,-0.26825081999999995,-0.01833157000000002,-0.29863718999999994,0.11484747999999995,-0.15315731999999993,-0.09072708000000002,-0.20277031999999995,0.15832217999999998,-0.05604081999999999,-0.019771290000000052,-0.10234821999999999,0.03853453999999995,0.0024958200000000375,-0.038534540000000006,-0.0024958199999999264,0.031201049999999952,0.16573728,-0.06792802000000003,0.18393458000000007,0.007935899999999996,0.26544648000000004,-0.08301662000000004,0.26544648000000004,0.01718689999999995,0.11509350000000002,0.04347470000000003,0.09711649999999994,-0.07239551,0.09586686999999999,0.07095578999999996,0.10042209999999996,-0.007333489999999998,0.16324145999999995,-0.023265149999999957,0.09970920000000005,-0.029393480000000027,0.1864304,-0.015088600000000008,0.08151189999999997,-0.11599215000000002,-0.030386369999999996,-0.07706907999999996,-0.004991639999999964,0.13332522986764062,0.1016000065763901
0.10498611000000002,-0.29102356500000004,0.11285927000000001,-0.302150725,0.09696481000000001,-0.31026522500000003,0.10770780000000002,-0.320098345,0.058096000000000037,-0.34024752500000005,0.09692470000000003,-0.26495308500000003,-0.020611400000000002,-0.294828095,0.1157184,-0.150645425,-0.09402929999999998,-0.19733952500000007,0.16006253000000004,-0.052685385000000085,-0.01977181,-0.099636265,0.03894791000000003,0.0022346249999999346,-0.038947909999999974,-0.0022346250000000456,0.03271347000000002,0.16728501499999993,-0.06748749999999998,0.18510591499999995,0.010234469999999996,0.26766877499999997,-0.08333690999999999,0.26766877499999997,0.01879369999999997,0.11430766000000003,0.04434413000000004,0.09796003999999991,-0.07341789999999998,0.09748856999999994,0.07425748999999998,0.09770326000000007,-0.006234440000000008,0.16505039,-0.022479000000000027,0.10038376000000004,-0.028539590000000004,0.18734054,-0.015849410000000008,0.08256286000000002,-0.11753610000000003,-0.02987500999999998,-0.07789582,-0.00446924999999998,0.13298480618531014,0.09927135682511644
0.10251128500000001,-0.2947093500000001,0.10972839500000003,-0.3057023300000001,0.09495240500000002,-0.3137381600000001,0.103470475,-0.3247736100000001,0.056712065000000034,-0.3446033300000001,0.09435444500000001,-0.27058470000000007,-0.023689385000000007,-0.2995694000000001,0.11325994500000003,-0.15323785000000012,-0.09869509499999998,-0.1979542500000001,0.15794694500000006,-0.05868971000000012,-0.02261805499999997,-0.09980350000000004,0.03893849500000002,0.0017559499999999506,-0.03893849500000002,-0.0017559500000000616,0.03330740500000001,0.16670518999999995,-0.067088755,0.18507854999999995,0.010749375000000005,0.2657022499999999,-0.07852691499999997,0.2657022499999999,0.01890550000000002,0.11734684999999995,0.04468700000000003,0.09454814,-0.07500570999999998,0.10161514999999999,0.07607704000000001,0.09815075000000006,-0.005631090000000005,0.16494924,-0.022558030000000007,0.09899705999999997,-0.028150259999999983,0.18683450000000001,-0.011438159999999975,0.08062369999999996,-0.11804383000000002,-0.02898470000000003,-0.07787699000000003,-0.0035119000000000122,0.1334791706006526,0.09939657349625337
0.09845533000000001,-0.29968944000000003,0.10568721999999997,-0.30975064,0.09116795,-0.31864380000000003,0.10011914,-0.32730811000000004,0.052895899999999996,-0.34925838000000003,0.09100883999999998,-0.27114525,-0.027202139999999986,-0.30311042000000005,0.10855029999999999,-0.15563908000000004,-0.10211905000000002,-0.19808542000000007,0.15639879999999995,-0.06267677999999999,-0.022992100000000015,-0.09415470999999997,0.03951899999999997,0.0020766199999999735,-0.039519000000000026,-0.0020766200000000845,0.03149244000000001,0.16792489,-0.06276303999999999,0.18988991999999993,0.010677629999999994,0.26286381999999997,-0.08422813000000001,0.26286381999999997,0.01754146000000001,0.11550616999999996,0.04784849999999996,0.09296230000000005,-0.07491691000000003,0.10502499999999998,0.07912695,0.10393071000000009,-0.00802655999999996,0.16584827000000002,-0.020814810000000017,0.09493892999999998,-0.023244039999999966,0.19196654000000002,-0.02146509000000002,0.07297390000000004,-0.11821097999999997,-0.03196517000000004,-0.079038,-0.004153240000000058,0.1336184510447565,0.09354952208139858
0.09529506999999998,-0.30863612,0.10286953999999998,-0.31912260000000003,0.08757532000000001,-0.32787134,0.09780407000000002,-0.3385327,0.04803929000000001,-0.3601158,0.08743012,-0.28273528000000003,-0.03187827999999998,-0.3113185,0.10556304,-0.16881979999999996,-0.10610728999999999,-0.20312713000000004,0.15267277,-0.07459466000000003,-0.02233027999999998,-0.10028000000000004,0.039743780000000006,0.0008038999999999685,-0.039743780000000006,-0.0008038999999999685,0.03314351999999998,0.16335774999999997,-0.062029080000000014,0.18937254999999997,0.012697879999999995,0.2533548,-0.08064838000000002,0.2533548,0.018132919999999997,0.11391548000000007,0.047109730000000016,0.09422513999999993,-0.07422901000000001,0.10819136999999995,0.08377701000000001,0.10284713000000001,-0.0066002600000000244,0.16255385,-0.020445639999999987,0.08999705000000002,-0.022285300000000008,0.19017644999999994,-0.018619300000000005,0.06398225000000002,-0.11930839999999998,-0.028583219999999965,-0.07948756000000001,-0.001607799999999937,0.1357862276981495,0.10098873428982073
0.09403715000000001,-0.31306742000000004,0.10125730000000005,-0.32292668,0.08762810000000004,-0.33234314000000004,0.09454125000000002,-0.34246934,0.048041320000000054,-0.36592880000000005,0.08290953000000001,-0.28824384000000003,-0.03558989999999995,-0.31343395,0.10324887000000005,-0.17553834000000001,-0.10936998999999997,-0.198901,0.14885150000000003,-0.08238860000000003,-0.020102299999999962,-0.09964154000000003,0.03937900000000005,-0.00046560000000006596,-0.039379,0.00046559999999995494,0.03532550000000001,0.16161899999999996,-0.06285229999999997,0.19202219999999992,0.01458360000000003,0.24960519999999997,-0.07811013,0.24960519999999997,0.02033934000000004,0.11270550000000001,0.04560262999999998,0.09314973999999998,-0.07378009000000002,0.11453295000000002,0.08926769000000001,0.09925945999999997,-0.004053500000000043,0.16208460000000002,-0.02074189999999998,0.08798620000000001,-0.023473299999999975,0.19155659999999997,-0.015257830000000028,0.05758300000000005,-0.11849942999999996,-0.025190109999999988,-0.07875800000000005,0.0009312000000000209,0.13673187699015174,0.10194621445580801
0.09256577499999996,-0.318609595,0.09931036500000001,-0.32944443500000004,0.08504888499999996,-0.33829793500000005,0.09208598499999998,-0.34810221500000005,0.04313928499999997,-0.369729395,0.08048808499999999,-0.28994436500000004,-0.039000155000000036,-0.31273591500000003,0.101035235,-0.176521865,-0.11082662500000001,-0.19612920500000008,0.147770285,-0.08506726500000006,-0.018573315000000035,-0.09999120500000003,0.039813875,-0.0012308349999999857,-0.039813875,0.0012308349999999857,0.03719770499999997,0.16440753499999994,-0.06430659500000002,0.19681328499999995,0.017484964999999963,0.24497753499999997,-0.07898577500000004,0.24497753499999997,0.020547150000000014,0.11342250000000004,0.04673505,0.09145459999999994,-0.07182646999999998,0.11660670999999995,0.09225330999999998,0.09613800000000006,-0.0026161700000000288,0.16563836999999992,-0.019712740000000006,0.08057000000000003,-0.024492720000000023,0.19558244999999996,-0.014679180000000014,0.04816425000000002,-0.11948824000000002,-0.022791549999999994,-0.07962775,0.0024616699999999714,0.13668625920418268,0.1034266057205553
0.09036652,-0.326985115,0.09574825999999997,-0.337849045,0.08296989999999999,-0.345952965,0.08642248999999996,-0.356170405,0.04042759999999995,-0.375725235,0.07619139999999996,-0.297610005,-0.04214524000000003,-0.31699629500000004,0.09982431999999997,-0.18183096500000007,-0.11345369000000002,-0.19698416500000004,0.14696499999999996,-0.09139921500000003,-0.018484849999999997,-0.10295356499999997,0.03954659999999999,-0.0023869650000000187,-0.03954660000000004,0.0023869650000000187,0.037802049999999976,0.16026493499999994,-0.06420155,0.19740847500000003,0.020422019999999985,0.23745123499999998,-0.07871194000000004,0.23745123499999998,0.02363292,0.11577903999999994,0.04714067999999999,0.09043175000000003,-0.07130845,0.12001213,0.09496884000000003,0.09403060000000008,-0.0017445500000000114,0.16265189999999996,-0.01738002999999999,0.07718630000000004,-0.024654949999999953,0.19502151,-0.01451039000000004,0.040042759999999955,-0.11833663999999999,-0.019386290000000028,-0.07909320000000003,0.004773930000000037,0.13950588987072374,0.10742543727508583
0.08809254000000005,-0.33154239,0.09283883000000004,-0.3424549,0.08063702000000006,-0.35033153,0.08246427,-0.36191577,0.03731705000000002,-0.38058197,0.07270975000000002,-0.30475701,-0.04496966999999996,-0.32162841000000003,0.09729297000000003,-0.18634777000000002,-0.11410178999999995,-0.19632757,0.14433510000000005,-0.09699617000000005,-0.017246059999999952,-0.10426427000000005,0.03947733000000003,-0.002979770000000048,-0.03947732999999998,0.002979770000000048,0.03785572000000004,0.16036132999999997,-0.06529088999999999,0.19790003,0.02302761000000003,0.23193343,-0.07677455999999999,0.23193343,0.024583220000000017,0.11840923999999997,0.047042130000000015,0.08935159999999998,-0.06913211999999999,0.12530084000000002,0.09685573,0.09206329999999996,-0.0016216099999999956,0.16334110000000002,-0.014828110000000005,0.07157210000000003,-0.025813560000000013,0.19492025999999996,-0.011483670000000001,0.03403339999999999,-0.11767941999999998,-0.016871400000000036,-0.07895466000000001,0.005959540000000096,0.14083407044580123,0.1095240315242939
0.08639642999999997,-0.3303199,0.09176774999999998,-0.34173017,0.07873391999999996,-0.34966033,0.08203216999999996,-0.36068835,0.03491496999999999,-0.37975844000000003,0.07034299,-0.3023724,-0.046794590000000025,-0.31804507,0.09451824999999997,-0.18136720000000006,-0.11568087000000002,-0.18760955,0.14204239999999996,-0.09406409999999998,-0.015226390000000034,-0.09850095999999997,0.039254949999999955,-0.00331720000000002,-0.03925495000000001,0.00331720000000002,0.039747949999999976,0.16415126000000002,-0.06464863000000004,0.20069015999999995,0.027020249999999968,0.2334385,-0.0754455,0.2334385,0.024175259999999976,0.12100519999999992,0.04752414999999999,0.08730310000000008,-0.06888628,0.13043551999999997,0.10045447999999998,0.08910859000000004,0.0004930000000000212,0.16746846000000004,-0.012727700000000008,0.06928723999999997,-0.02539368000000003,0.19737295999999993,-0.010796869999999958,0.03274834000000004,-0.11713758000000002,-0.01567267,-0.07850989999999997,0.00663440000000004,0.1371140391685421,0.10461505341708333
0.08408238499999998,-0.3310887,0.088820715,-0.34310309,0.076169035,-0.35003248000000003,0.07859955499999999,-0.36213789,0.03313158500000002,-0.37865075000000004,0.06815101499999998,-0.30380545000000003,-0.048022644999999975,-0.31602285,0.08921753500000001,-0.18234212000000005,-0.11798961499999999,-0.18186038999999998,0.133919165,-0.10222595000000001,-0.011887364999999983,-0.09496230000000006,0.039065615,-0.0044242500000000184,-0.039065615,0.0044242500000000184,0.042752614999999994,0.15996285,-0.06328941500000002,0.20061755000000003,0.029885455000000005,0.23390244999999998,-0.07421656500000001,0.23390244999999998,0.021066520000000033,0.12146332999999998,0.04470162999999999,0.08011617000000004,-0.06996697000000002,0.13416246000000004,0.10610225000000001,0.08689808999999993,0.003686999999999996,0.1643871,-0.012867159999999989,0.0739396,-0.024223800000000018,0.19619330000000001,-0.010927149999999997,0.03328489999999995,-0.11617365999999996,-0.01221739999999999,-0.07813123,0.008848500000000037,0.13624378323612604,0.10303564234751496
0.08147124499999997,-0.3295056050000001,0.08635686499999995,-0.34112518500000005,0.07364516499999996,-0.34809183500000007,0.07578266499999997,-0.3593201650000001,0.030839334999999968,-0.37592348500000006,0.06537178499999996,-0.30477666500000006,-0.05179160500000002,-0.3127592450000001,0.08649972499999997,-0.1861469750000001,-0.12065059500000003,-0.172703445,0.13315956499999998,-0.09829514500000003,-0.009388585000000005,-0.08899485500000004,0.03937933499999996,-0.005351545000000013,-0.039379335000000015,0.005351544999999902,0.04636023499999997,0.16250676499999994,-0.05915721500000004,0.20033663499999999,0.03428841499999996,0.23523849499999994,-0.06749113500000004,0.23523849499999994,0.02112794000000001,0.11862968999999995,0.04665984000000001,0.08785183000000008,-0.06885899000000001,0.14005580000000006,0.11126201000000002,0.08370858999999997,0.006980900000000012,0.16785830999999996,-0.012071820000000011,0.07273173,-0.019777880000000025,0.19498509000000008,-0.008333919999999995,0.03490185999999995,-0.11716338999999998,-0.007982580000000017,-0.07875866999999998,0.010703089999999915,0.13203501171966814,0.0989984256365852
0.07860041000000001,-0.33455654999999995,0.08348221,-0.34621684999999996,0.07082173999999997,-0.35343336999999997,0.07256668999999999,-0.36509108999999995,0.027386739999999965,-0.38212790999999996,0.06148954000000001,-0.31163605,-0.055221940000000025,-0.31760148,0.08205003999999999,-0.19192608999999994,-0.12297625000000001,-0.17305894999999993,0.12868070999999998,-0.10253330999999999,-0.009580430000000029,-0.08979461,0.03942863999999996,-0.006003589999999948,-0.039428640000000015,0.006003590000000059,0.0480449,0.16101661,-0.06010603000000003,0.19997575,0.03727275999999996,0.22927275000000003,-0.06728490000000004,0.22927275000000003,0.02056049999999998,0.11970996000000006,0.046630669999999985,0.08939277999999995,-0.06775430999999998,0.14454253000000006,0.11339581999999998,0.08326433999999994,0.008616260000000042,0.16702019999999995,-0.010772140000000041,0.06825614000000002,-0.020677390000000018,0.19397215999999995,-0.007178870000000004,0.029297000000000017,-0.11671148000000003,-0.005965429999999994,-0.07885727999999997,0.012007180000000006,0.13146831877894885,0.10034047420380326
0.07824658999999995,-0.3424734,0.08397549999999998,-0.35485087,0.06991734,-0.36247875,0.07350353999999998,-0.3729995,0.02491530999999997,-0.39079748,0.05996633999999995,-0.31682883,-0.05771413000000003,-0.3209676,0.07758218,-0.20080717000000003,-0.12384196000000003,-0.17654146000000004,0.12414139999999996,-0.11326413000000002,-0.008393410000000046,-0.09714213000000005,0.03968095999999999,-0.006711829999999974,-0.03968096000000004,0.006711829999999974,0.052133039999999964,0.15708347,-0.05834906000000001,0.19629666999999995,0.04129489999999997,0.22194247,-0.05940673000000002,0.22194247,0.01761584000000005,0.11602165999999997,0.04655921999999996,0.08754304000000002,-0.06612783,0.14442613999999998,0.11544854999999998,0.07939932999999999,0.012452079999999977,0.16379529999999998,-0.010838139999999996,0.064859,-0.018668099999999965,0.18958483999999998,-0.0010576700000000105,0.025645800000000052,-0.11768046999999998,-0.004138770000000014,-0.07936192000000003,0.013423659999999948,0.13596675534954714,0.10846453702793418
0.07645947500000005,-0.34884117000000003,0.08161944500000001,-0.36192067000000006,0.06803562500000004,-0.36928181000000004,0.06991607500000002,-0.37956983000000005,0.02182835500000002,-0.39657111000000006,0.05575442500000005,-0.31942181000000003,-0.060424144999999985,-0.32233096000000006,0.07107317500000004,-0.20158293000000005,-0.12599365499999995,-0.17824893000000008,0.11740892500000005,-0.11984676999999999,-0.014011074999999984,-0.10190667000000009,0.03925329500000002,-0.0073119300000000775,-0.039253294999999966,0.0073119299999999665,0.05548152500000003,0.15377573999999994,-0.059148674999999984,0.1953281,0.043802805000000056,0.21713636999999997,-0.056427674999999955,0.21713636999999997,0.015318749999999992,0.11783887999999998,0.04633575000000001,0.08173616000000006,-0.06556950999999997,0.14408202999999997,0.11198257999999997,0.07634226,0.01622823000000001,0.16108767000000002,-0.011678719999999976,0.06336063000000003,-0.019895380000000018,0.18801617000000004,0.002721000000000029,0.021808269999999963,-0.11617857000000004,-0.002909150000000027,-0.07850658999999999,0.014623860000000044,0.13701238161028545,0.1120976014751806
0.07462544500000001,-0.347381295,0.080240865,-0.361176255,0.065718905,-0.368415445,0.06952766500000002,-0.379006145,0.01846023499999999,-0.395791265,0.05497469500000002,-0.317127895,-0.06258918499999999,-0.318943685,0.07077662500000004,-0.198359465,-0.127339405,-0.17337372500000003,0.11334696500000002,-0.11829033499999997,-0.014814235000000009,-0.09708059499999999,0.039697335,-0.007738444999999983,-0.039697335,0.007738444999999983,0.058066965000000026,0.15238466500000003,-0.059128584999999984,0.19601216499999996,0.04605014500000004,0.217613905,-0.05702393499999997,0.217613905,0.01580193000000002,0.11876842999999998,0.042570339999999984,0.08006913000000004,-0.06475022,0.14556995999999994,0.11252516999999998,0.07629313000000004,0.018369630000000026,0.16012311,-0.012016819999999984,0.06522923999999997,-0.019431249999999983,0.18827371999999998,0.0021046500000000135,0.021601740000000036,-0.11756388000000001,-0.0018157899999999838,-0.07939467,0.015476889999999965,0.13283820377327074,0.10773207420323622
0.07338283499999998,-0.3514876599999999,0.07782893499999999,-0.36521129999999996,0.06358965500000002,-0.37208979999999997,0.06681477499999999,-0.38282977999999995,0.013344705000000012,-0.39832665999999994,0.054012685000000005,-0.31924848999999994,-0.06818305499999999,-0.32070376999999994,0.07362207500000001,-0.1978551999999999,-0.129583495,-0.16976727999999996,0.110451095,-0.12294812999999993,-0.016044965000000022,-0.09566132999999999,0.042060735000000016,-0.008359869999999936,-0.042060735000000016,0.008359870000000047,0.05891307499999998,0.14487177000000007,-0.058190555000000005,0.1938527000000001,0.052150485000000024,0.21329967000000005,-0.06513919499999998,0.21329967000000005,0.019609390000000004,0.12139329000000004,0.03682901999999999,0.07490706999999996,-0.06140044,0.15093648999999998,0.11353852999999997,0.07410594999999998,0.016852339999999966,0.15323164,-0.006762589999999957,0.06842789999999999,-0.01612981999999999,0.18549283000000005,-0.006948639999999978,0.019446969999999952,-0.12219574,-0.0014552800000000032,-0.08412147000000003,0.016719739999999983,0.1334455344728972,0.10722513855497183
0.07034206500000001,-0.34916247,0.07488745500000005,-0.36290971,0.060823295000000055,-0.36919038,0.06418251500000005,-0.38188822,0.01189451500000005,-0.3961318,0.050945165000000014,-0.32128833,-0.06886678499999996,-0.3187003,0.06911114500000004,-0.20075604999999996,-0.13134613499999997,-0.16372582999999996,0.10665077500000003,-0.12421004000000002,-0.012679214999999966,-0.09156344000000005,0.04108524500000005,-0.009440699999999969,-0.04108524499999999,0.009440699999999969,0.05813789500000005,0.14635564999999995,-0.05703669499999997,0.19874950000000002,0.052037955000000025,0.2157618,-0.06332871499999995,0.2157618,0.018165980000000026,0.12053228000000005,0.03753962999999999,0.07654600999999994,-0.06247935000000002,0.15497447000000003,0.11866692000000001,0.07216238999999991,0.017052650000000003,0.15579634999999992,-0.006099940000000026,0.06940615000000006,-0.015951449999999978,0.18930880000000005,-0.0062920199999999815,0.01701229999999998,-0.11981194999999997,0.002588030000000019,-0.08217049000000004,0.018881399999999937,0.132177305647439,0.10492253731920757
0.06736697000000003,-0.34759138,0.07162108,-0.36129846,0.05789117999999999,-0.36749318,0.06041945999999998,-0.37911128,0.008676620000000024,-0.39316626,0.045896119999999985,-0.31718384,-0.07063037,-0.31388821,0.06186945999999999,-0.19472838000000003,-0.13260624999999998,-0.15476257999999998,0.10179542000000003,-0.12739608000000002,-0.011378579999999971,-0.08644388000000003,0.03990284999999999,-0.009686219999999968,-0.03990284999999999,0.009686219999999968,0.056997500000000034,0.14454455,-0.05638868999999999,0.19624229000000004,0.051350160000000034,0.21882422,-0.062309100000000006,0.21882422,0.015973340000000003,0.12245545999999996,0.03992596000000004,0.06733230000000001,-0.06197587999999998,0.15912563000000002,0.12122767000000001,0.06831869999999995,0.017094650000000045,0.15423076999999996,-0.005647340000000001,0.07427967000000002,-0.01648584,0.18655607000000007,-0.005920410000000015,0.022581929999999972,-0.11652648999999998,0.003295629999999994,-0.07980569999999998,0.019372439999999935,0.13298985435898678,0.10027277848470591
0.06567666,-0.34845463499999996,0.07037747,-0.36290619499999993,0.05568438999999997,-0.3682680549999999,0.059942989999999974,-0.3814912549999999,0.006357849999999998,-0.39364983499999995,0.04455138999999997,-0.31988731499999995,-0.07171703000000001,-0.3130935549999999,0.05717367000000001,-0.19837609499999997,-0.13332341,-0.15217483499999995,0.09790002999999997,-0.13412389499999988,-0.010125309999999998,-0.08483348499999999,0.039912369999999975,-0.010602864999999961,-0.03991237000000003,0.010602865000000072,0.05694893000000001,0.1457903650000001,-0.058079469999999994,0.20156206500000007,0.05029939,0.21804996500000007,-0.06310940000000001,0.21804996500000007,0.012622280000000041,0.12151121999999998,0.04072635999999996,0.06425220000000009,-0.06160637999999999,0.16091871999999996,0.1231981,0.06734134999999997,0.017036560000000034,0.15639323000000005,-0.006649540000000009,0.07225959999999998,-0.018167099999999964,0.1909592,-0.005029930000000016,0.0164879,-0.11626841999999998,0.0067937600000000375,-0.07982474,0.021205730000000034,0.13645517053060496,0.09997682653878404
0.063500165,-0.353400365,0.06837189499999996,-0.367304845,0.053935294999999994,-0.373060805,0.05805665499999996,-0.38544468499999995,0.005398915000000004,-0.398778535,0.044752214999999984,-0.32441122499999997,-0.07455427500000003,-0.31883458499999995,0.057457955000000005,-0.203012965,-0.13396966500000002,-0.157395265,0.09468301499999998,-0.14227636499999996,-0.009328785000000006,-0.08924936500000002,0.041170865,-0.010376735000000026,-0.041170865,0.010376735000000026,0.058834854999999964,0.14644433499999998,-0.05994255500000001,0.20097133499999997,0.05079695499999998,0.21203263500000002,-0.06159253500000003,0.21203263500000002,0.012705740000000021,0.12139825999999998,0.037225059999999977,0.06073660000000003,-0.059415389999999985,0.16143931999999994,0.12464088000000001,0.06814589999999998,0.017663989999999963,0.15682107,-0.008037899999999987,0.06558830000000004,-0.018771690000000008,0.19059459999999995,-0.001649980000000023,0.011061300000000052,-0.11930649000000002,0.005576640000000022,-0.08234173,0.02075347000000005,0.1423413593856662,0.10459100276762055
0.06499063000000005,-0.35487758500000005,0.06913286000000002,-0.36899297500000006,0.055910459999999995,-0.3746879250000001,0.05681398000000004,-0.3867493550000001,0.007047590000000048,-0.3995294550000001,0.04473295000000005,-0.32695558500000005,-0.07566256999999998,-0.31719317500000005,0.05922041,-0.20693542500000006,-0.12817791999999997,-0.15413822500000007,0.09648999000000003,-0.14563399500000007,-0.004686059999999992,-0.09450506500000011,0.04268169000000005,-0.011204725000000026,-0.042681689999999994,0.011204724999999915,0.06090026000000004,0.14753067499999994,-0.05414970999999999,0.20322233499999998,0.052575110000000036,0.20995897499999994,-0.060207049999999984,0.20995897499999994,0.014487459999999952,0.12002015999999999,0.037269580000000024,0.06130142999999999,-0.05251534999999999,0.16305494999999998,0.12349185999999998,0.05963315999999996,0.01821856999999999,0.15873539999999997,-0.008325150000000003,0.06242829999999999,-0.011468019999999995,0.19201761000000006,-0.006057339999999994,0.0067366399999999604,-0.12039552000000003,0.00976241,-0.08536338000000004,0.022409449999999942,0.14479834868403338,0.11233088444831638
0.06521366500000003,-0.35360542000000006,0.06906117500000003,-0.36752918000000007,0.056191484999999985,-0.37302044000000006,0.055990855000000006,-0.3853241500000001,0.006005454999999993,-0.3976637700000001,0.042863655,-0.3270345600000001,-0.077311455,-0.3146173000000001,0.05766184499999999,-0.20682207000000008,-0.125098405,-0.1497889000000001,0.095676225,-0.14789300000000005,0.00025404499999998054,-0.09247324000000012,0.042687635,-0.012313300000000083,-0.042687635,0.012313299999999971,0.062547605,0.1421929999999999,-0.05298499499999998,0.20472254999999995,0.05232100500000003,0.21153899999999992,-0.05703660499999999,0.21153899999999992,0.014798189999999989,0.12021249,0.038014380000000014,0.05892907000000003,-0.047786949999999995,0.16482839999999999,0.12535244999999998,0.05731565999999999,0.019859970000000005,0.15450629999999999,-0.010226599999999975,0.06934600000000002,-0.010297359999999978,0.19240924999999998,-0.004051610000000011,0.006816449999999974,-0.12017511,0.012417259999999986,-0.08537527,0.024626600000000054,0.1455666367073104,0.11324401461619955
0.06209494500000001,-0.36033710500000005,0.066244845,-0.37379619500000005,0.05333071499999997,-0.37999889500000006,0.053133965000000005,-0.39265754500000005,0.003750584999999973,-0.40644961500000004,0.04002892499999999,-0.3355023750000001,-0.079284405,-0.32306967500000006,0.05501758499999998,-0.21820487500000008,-0.12334409500000001,-0.15651133500000003,0.09355520499999997,-0.16144332500000003,0.004088645000000002,-0.10119357500000004,0.04212391500000001,-0.011969475000000007,-0.04212391500000001,0.011969474999999896,0.06039842499999998,0.14423528499999994,-0.04999616500000001,0.20137175499999993,0.049081564999999994,0.20306852499999994,-0.04768993500000002,0.20306852499999994,0.014988659999999987,0.1172975,0.038537619999999995,0.05676155000000005,-0.04405969000000001,0.16655834000000003,0.12743274000000002,0.055317759999999994,0.018274509999999966,0.15620475999999994,-0.011316859999999984,0.05883324000000001,-0.007872249999999997,0.18940228000000003,0.0023062299999999925,0.001696770000000014,-0.11931333,0.012432700000000019,-0.08424783000000002,0.023938949999999903,0.15807469571340824,0.12223533280952806
0.06335996500000002,-0.36012891,0.067029895,-0.37320223,0.05485986500000001,-0.3798247,0.05243951499999999,-0.39068794,0.004376835000000023,-0.40517446,0.038030865000000025,-0.33415711,-0.079703465,-0.31883845,0.05434149500000002,-0.22283768000000004,-0.119867695,-0.15251824000000003,0.095481125,-0.16693994,0.012139294999999994,-0.10491534999999996,0.041628335000000016,-0.01281878000000003,-0.04162833499999999,0.01281878000000003,0.062328264999999994,0.13946799,-0.04794863499999999,0.19915271999999995,0.04691788499999999,0.20299402,-0.04710656499999999,0.20299402,0.016310629999999993,0.11131942999999994,0.04113962999999998,0.05589774000000003,-0.040164229999999995,0.16632020999999997,0.13200699,0.047602890000000064,0.020699929999999978,0.15228677000000002,-0.015410380000000001,0.06352603000000001,-0.006320300000000001,0.18633393999999992,0.0008420700000000003,0.0038413000000000475,-0.11773433000000003,0.015318659999999984,-0.08325667,0.02563756000000006,0.1632588587199166,0.12943061230896574
0.058603110000000014,-0.36852155499999995,0.06256540999999999,-0.381389785,0.04962861000000002,-0.388073845,0.04837701,-0.39851398499999996,-0.0005983900000000042,-0.41320214499999997,0.035889910000000025,-0.341970585,-0.08241316999999998,-0.328353115,0.05141561,-0.23143814499999993,-0.12353459,-0.16125028499999994,0.09037913000000003,-0.17865248499999997,0.012531559999999997,-0.11604108499999999,0.04105596,-0.011844615000000003,-0.04105596,0.011844615000000003,0.05912611000000001,0.150218615,-0.055161039999999995,0.19482441500000003,0.04508634,0.19482441500000003,-0.04309723999999998,0.19482441500000003,0.015525699999999976,0.11053244000000007,0.03896352000000003,0.052785659999999957,-0.04112142000000002,0.16710283000000004,0.13606615,0.04520919999999995,0.018070150000000007,0.16206323,-0.014039770000000007,0.04460580000000003,-0.014105079999999992,0.18297980000000003,0.012063800000000013,0.0,-0.11830308,0.01361747000000002,-0.08211192,0.023689230000000006,0.17394723508232543,0.138659202955449
0.05978357000000001,-0.36436403000000006,0.06367199000000001,-0.37637883000000005,0.05191374999999998,-0.3843021300000001,0.048387840000000015,-0.39364487000000004,0.0017628499999999825,-0.41101781000000004,0.03423546999999999,-0.3390898500000001,-0.08272861000000001,-0.3241444600000001,0.050763049999999976,-0.22915273000000003,-0.11362470000000002,-0.15308973000000003,0.08982117,-0.1809715300000001,0.02255581000000001,-0.11587023000000007,0.04154650999999998,-0.011896170000000095,-0.041546510000000036,0.011896169999999984,0.060215130000000006,0.15247826999999992,-0.04661124,0.19896026999999994,0.04270781000000001,0.19896026999999994,-0.040689310000000034,0.19896026999999994,0.016527579999999986,0.10993712000000005,0.03905812000000003,0.048181199999999924,-0.030896090000000015,0.17105473000000004,0.13618051000000003,0.03721949999999996,0.018668620000000025,0.16437444,-0.017507319999999993,0.04648200000000002,-0.005064729999999962,0.18706409999999996,0.005921929999999964,0.0,-0.11696408,0.014945390000000003,-0.08309302000000002,0.02379234000000008,0.17583207943161341,0.14294530561841623
0.05976866000000003,-0.36458778000000003,0.06364700000000001,-0.37624168,0.05245493000000001,-0.3845138,0.04778288000000003,-0.39361704000000003,0.0027147299999999985,-0.4118968,0.032748500000000014,-0.34017915,-0.08197207999999997,-0.32440758000000003,0.051981,-0.23102018000000002,-0.10928558,-0.15259153000000003,0.09392530000000004,-0.18551788000000002,0.02857960000000004,-0.11988915,0.04075690000000004,-0.012122819999999979,-0.040756899999999985,0.012122819999999979,0.05921177,0.14891432000000004,-0.04544009999999998,0.19850742,0.0392788,0.19850742,-0.040066469999999965,0.19850742,0.019232499999999986,0.10915896999999997,0.041944300000000045,0.045502299999999996,-0.02731350000000002,0.17181605,0.13786518000000003,0.03270238000000003,0.018454869999999957,0.16103714000000002,-0.019932969999999994,0.049593099999999946,-0.0046831999999999985,0.1863846,0.005373630000000018,0.0,-0.11472057999999999,0.015771569999999957,-0.08151380000000003,0.024245639999999957,0.1813635178059899,0.14911307942474697
0.061723530000000026,-0.365544045,0.06510980999999999,-0.376988915,0.05460893,-0.385143045,0.04800531000000002,-0.39423164499999996,0.004811129999999997,-0.41188648499999997,0.03239056000000001,-0.342028975,-0.07936082,-0.323251725,0.052311529999999995,-0.230978845,-0.10033691,-0.148438815,0.09716817,-0.19018134499999995,0.03448903000000003,-0.12942320500000004,0.04001503000000001,-0.01277041499999998,-0.04001502999999998,0.01277041499999998,0.06048577999999999,0.14184645500000004,-0.043542,0.196902095,0.03619792999999999,0.197812855,-0.039382219999999996,0.197812855,0.019920969999999982,0.11105013000000002,0.04485664,0.04079750000000004,-0.020976090000000003,0.17481291,0.13482594000000003,0.01901560999999996,0.020470749999999982,0.15461687000000002,-0.02428785,0.05596639999999997,-0.003526970000000018,0.18413168000000002,0.004159780000000002,0.0009107600000000105,-0.11175138000000001,0.018777250000000023,-0.08003005999999999,0.02554082999999996,0.18638969793238166,0.1605299988325796
0.06298150500000005,-0.36466392500000006,0.06619267500000003,-0.37602090500000007,0.055805875000000005,-0.38421290500000005,0.04850795500000005,-0.3924546850000001,0.005826335000000016,-0.40993687500000003,0.03213803500000001,-0.34119036500000005,-0.07785247499999998,-0.32136455500000005,0.050483655000000016,-0.232845505,-0.09600540499999996,-0.14755764500000002,0.095937455,-0.19387240500000003,0.03981809500000005,-0.13074216500000002,0.039769635000000025,-0.012878445000000016,-0.03976963499999997,0.012878444999999905,0.06035988500000006,0.14271274499999997,-0.043202364999999965,0.1977676949999999,0.036288275000000036,0.19946369499999994,-0.040725964999999975,0.19946369499999994,0.018345620000000007,0.10834486000000004,0.04545379999999999,0.03897309999999998,-0.018152929999999984,0.17380691000000004,0.1358235,0.016815479999999994,0.020590250000000032,0.15559119,-0.02407161000000002,0.05675094999999997,-0.003432729999999995,0.18488925,0.0024763999999999897,0.0016960000000000308,-0.10999050999999999,0.01982581,-0.07953927,0.02575688999999992,0.18950893794234086,0.16419831419148304
0.06282160499999995,-0.36195230000000006,0.06556240499999999,-0.37284382000000005,0.056326284999999976,-0.38134185000000004,0.04683554499999998,-0.38914963,0.007219224999999996,-0.40720105000000006,0.029756514999999983,-0.33944165000000004,-0.07616707500000003,-0.31899612000000005,0.048406065,-0.23167565,-0.09318937500000002,-0.14405465000000006,0.09381498499999996,-0.1935514100000001,0.04536438499999995,-0.1314198900000001,0.038606644999999995,-0.012746450000000076,-0.03860664500000005,0.012746449999999965,0.05860674499999996,0.1465008499999999,-0.042804585000000034,0.19935554999999994,0.035268454999999976,0.20251244999999995,-0.04407503500000001,0.20251244999999995,0.018649550000000015,0.10776600000000003,0.045408919999999964,0.03812423999999992,-0.01702229999999999,0.17494147,0.13855375999999997,0.012634759999999967,0.020000099999999965,0.15924729999999998,-0.023338289999999984,0.05601160000000005,-0.004197939999999983,0.18660909999999997,-0.0012704499999999785,0.003156900000000018,-0.10592359000000001,0.02044552999999999,-0.07721329000000005,0.02549290000000004,0.18904601124106588,0.16683844721243518
0.06384111999999997,-0.35988003500000004,0.0664711,-0.37043263500000007,0.05765838000000001,-0.37940195500000007,0.04698216999999999,-0.38681783500000005,0.008391719999999991,-0.40574806500000005,0.02775394999999997,-0.33835973500000005,-0.07480713,-0.31669243500000005,0.04375657999999999,-0.23415827500000008,-0.08906122999999999,-0.14231407500000004,0.09332012,-0.19379317500000004,0.050581880000000023,-0.13373903500000006,0.03754207999999998,-0.012892305000000048,-0.03754207999999998,0.012892304999999937,0.057559850000000023,0.14873910499999998,-0.04200630999999999,0.200524665,0.031078459999999974,0.20435476499999994,-0.043533900000000014,0.20435476499999994,0.016002630000000018,0.10420145999999997,0.04956354000000002,0.04036510000000004,-0.014254099999999992,0.17437836,0.13964311000000001,0.008575039999999978,0.020017770000000046,0.16163141000000003,-0.02648139000000005,0.055615659999999956,-0.0044642300000000135,0.18763236000000005,-0.001527590000000023,0.0038300999999999474,-0.10256107999999997,0.0216673,-0.07508415999999996,0.025784609999999986,0.1893048190432523,0.17107478539012463
0.06479127000000001,-0.35595491000000007,0.06675667000000002,-0.36607763000000004,0.05923503000000002,-0.3755196700000001,0.045771930000000016,-0.38194379000000006,0.009645999999999988,-0.40191811000000005,0.026475079999999984,-0.33298751000000004,-0.07427713,-0.31222337000000006,0.044868430000000015,-0.23004237000000005,-0.08502479999999998,-0.13995697000000007,0.09379566,-0.19510407000000007,0.05634043,-0.13493412000000005,0.03676362999999999,-0.012615270000000067,-0.03676362999999999,0.012615269999999956,0.056269380000000035,0.1486799299999999,-0.04122451999999999,0.19964737,0.026835270000000022,0.20814442999999994,-0.04239184999999998,0.20814442999999994,0.01839335000000003,0.10294513999999999,0.04892722999999999,0.03493829999999998,-0.010747669999999987,0.1722664,0.14136522999999998,0.005022850000000023,0.019505750000000044,0.16129519999999997,-0.029434110000000013,0.05946450000000003,-0.004460889999999995,0.18703210000000003,-0.0011673299999999942,0.008497059999999945,-0.10075220999999998,0.020764139999999986,-0.07352725999999998,0.025230540000000024,0.1911931342160615,0.17446830221520382
0.06408335499999995,-0.35442128999999994,0.06692420499999996,-0.36389020999999994,0.05978976499999994,-0.37460723999999995,0.04611646499999994,-0.38047566999999993,0.011812374999999986,-0.40388074999999996,0.023649354999999983,-0.33379488999999996,-0.07263044500000004,-0.31407000999999996,0.03862907499999996,-0.23315010999999997,-0.08135532500000003,-0.14143518,0.08834573499999998,-0.19808324999999993,0.056197604999999984,-0.1374955499999999,0.03535946499999998,-0.01207765999999999,-0.035359465000000034,0.01207765999999999,0.053617024999999985,0.1532703900000001,-0.043301595000000026,0.20193569,0.02329560499999994,0.20982489000000004,-0.041984535000000045,0.20982489000000004,0.014979719999999974,0.10064477999999999,0.049716660000000024,0.03506686000000003,-0.00872487999999999,0.17263482999999996,0.13755293000000002,0.003939630000000083,0.018257560000000006,0.16534805000000008,-0.030321420000000043,0.05655449999999995,-0.007942129999999992,0.18985803,0.001317059999999981,0.00788920000000004,-0.09627980000000003,0.01972488,-0.07071893000000001,0.02415531999999998,0.19340533684405137,0.17537058538047073
0.06569485999999997,-0.356088595,0.06848797000000001,-0.365419495,0.06144862000000001,-0.376493615,0.04707159999999999,-0.381642115,0.012698549999999975,-0.405710445,0.02290987,-0.334306285,-0.07133331000000001,-0.31519912499999997,0.03581666,-0.23315466500000004,-0.07721982,-0.14357506499999995,0.08671101999999997,-0.19786856499999994,0.05892824000000002,-0.14101256500000003,0.034872879999999995,-0.01175873500000002,-0.034872879999999995,0.01175873500000002,0.05164192000000001,0.157649535,-0.0438684,0.20508673499999996,0.020357100000000017,0.209725335,-0.042638640000000005,0.209725335,0.012906790000000001,0.10115161999999994,0.05089435999999997,0.0352861000000001,-0.005886509999999984,0.17162406000000002,0.13614806000000002,0.002562499999999912,0.016769040000000013,0.16940827000000003,-0.03128481999999999,0.052075800000000005,-0.008995520000000007,0.19332799999999994,0.0012297599999999964,0.004638600000000048,-0.09424318000000001,0.019107160000000012,-0.06974575999999999,0.02351747000000004,0.19319436218815617,0.17926996462582465
0.06748516999999998,-0.354066875,0.07031093999999999,-0.363379145,0.06337774000000002,-0.374519075,0.04861848000000002,-0.379461315,0.015540759999999987,-0.403613505,0.0226113,-0.332838595,-0.06695964000000001,-0.316012075,0.031242639999999988,-0.22634567500000002,-0.07197131000000001,-0.14340597499999996,0.08508774000000002,-0.197800305,0.06453534,-0.13924184500000003,0.03374691000000002,-0.011256425000000014,-0.03374691000000002,0.011256425000000014,0.04994914,0.158045855,-0.04236882000000003,0.20510158499999998,0.02201295999999997,0.211164625,-0.042568260000000024,0.211164625,0.008631339999999987,0.10649291999999999,0.053845100000000035,0.028545370000000014,-0.005011669999999996,0.17260610000000004,0.13650665,0.004164129999999933,0.016202229999999984,0.16930228000000003,-0.027936180000000033,0.05311876999999998,-0.00862191000000001,0.19384515999999996,-0.00019943999999999518,0.0060630400000000195,-0.08957094000000002,0.01682652000000001,-0.06749382000000004,0.02251285000000003,0.19347997309939677,0.17974740592858474
0.07088040000000001,-0.35531559,0.07335447,-0.36487990000000003,0.06647864999999997,-0.37574425000000006,0.050830260000000016,-0.37981399000000005,0.01784081999999998,-0.40298744000000003,0.024484620000000012,-0.33222248000000004,-0.06403784000000001,-0.31453925000000005,0.03389219999999998,-0.22638002000000002,-0.06750052000000001,-0.14376472000000007,0.08627311999999998,-0.19571822000000005,0.06618631999999997,-0.13997452,0.033605899999999966,-0.011096080000000064,-0.03360590000000002,0.011096079999999953,0.04959229999999998,0.1590398799999999,-0.04102359999999999,0.20485405,0.023621479999999972,0.21163657999999996,-0.04356831,0.21163657999999996,0.009407579999999971,0.10584246000000003,0.05238092,0.03066179999999996,-0.0034626799999999958,0.17077452999999998,0.13368683999999997,0.003790200000000077,0.01598640000000001,0.17013595999999997,-0.025970820000000006,0.05259670000000005,-0.0074176999999999715,0.19375797000000006,-0.0025447100000000056,0.006782529999999953,-0.08852246000000003,0.017683229999999994,-0.06721179999999999,0.022192160000000016,0.19198742313158954,0.18105472475715287
0.07175388999999999,-0.3481233,0.07466408999999996,-0.35665383,0.06856560999999994,-0.36876302,0.05233372999999997,-0.37193149999999997,0.021752529999999992,-0.39852364,0.026168049999999943,-0.3257354,-0.06292074000000003,-0.31181683,0.03603482999999996,-0.21876130000000005,-0.06526850000000003,-0.139158,0.08755925999999997,-0.19139360000000005,0.06699902999999996,-0.13466619999999996,0.033354669999999975,-0.01017060000000003,-0.03335467000000003,0.01017060000000003,0.052148589999999995,0.15834460000000006,-0.03723297000000003,0.20031929999999998,0.020372189999999957,0.2185802,-0.03693771000000001,0.2185802,0.00986678000000002,0.10697409999999996,0.05152443000000001,0.027367699999999995,-0.0023477600000000043,0.17265882999999999,0.13226753,0.004491800000000046,0.01879392000000002,0.1685152000000001,-0.03177640000000004,0.060235599999999945,-0.003878300000000001,0.19014869999999995,0.0002952600000000194,0.018260900000000024,-0.08908878999999997,0.013918570000000019,-0.06670934,0.02034120000000006,0.18915579109841738,0.17620602639504132
0.07115599499999997,-0.345767185,0.07422822499999998,-0.35435532499999994,0.06708437499999997,-0.36612240499999993,0.05335409499999999,-0.36851702499999994,0.020128294999999963,-0.394811975,0.027950344999999988,-0.31941906499999995,-0.06059909500000002,-0.31185637499999996,0.03452839499999999,-0.209240985,-0.06826284500000002,-0.1397944849999999,0.08689981499999999,-0.18985988499999995,0.06597409499999995,-0.13380142499999992,0.03224682499999998,-0.008714124999999906,-0.032246825000000034,0.008714125000000017,0.04839497499999995,0.16197487500000007,-0.04748280500000002,0.200031375,0.01700943499999996,0.22187547500000004,-0.04035872500000004,0.22187547500000004,0.006578050000000002,0.11017807999999996,0.05237142,0.01938110000000004,-0.007663749999999997,0.17206189000000005,0.13423693999999997,0.0059930599999999945,0.016148149999999972,0.17068899999999998,-0.03138553999999999,0.05990059999999997,-0.015235979999999982,0.19131725,0.007124079999999977,0.021844100000000033,-0.08854944000000001,0.007562689999999983,-0.06449365000000001,0.017428249999999923,0.18921082337413395,0.17308388462664245
0.07209942000000003,-0.35103643000000007,0.07573766000000004,-0.35981155000000004,0.06801766000000004,-0.37154031000000004,0.05566883,-0.37350008000000007,0.02239698000000001,-0.39992833000000005,0.02981060000000002,-0.32291865000000003,-0.057251619999999975,-0.31740650000000004,0.034765780000000024,-0.21397305,-0.06514973999999998,-0.1492760500000001,0.09045774000000001,-0.19546079000000005,0.06693652,-0.14037609000000006,0.03193456,-0.007955950000000045,-0.03193456,0.007955949999999934,0.045460340000000043,0.16789204999999996,-0.04893944,0.20392944999999996,0.016717940000000042,0.21639984999999995,-0.04164546999999996,0.21639984999999995,0.0049551800000000035,0.10894560000000003,0.055691959999999985,0.018512259999999947,-0.007898120000000008,0.16813044999999993,0.13208625999999998,0.00889996000000004,0.013525780000000043,0.175848,-0.0287424,0.04850779999999999,-0.01700488,0.19597350000000002,0.0072939700000000385,0.012470399999999993,-0.08706222,0.0055121499999999934,-0.06386912,0.01591189999999998,0.1964256287268492,0.17826352557640052
0.07790501499999997,-0.35132255999999995,0.08120118499999995,-0.35941251999999996,0.07604633499999996,-0.3730171199999999,0.05794928499999996,-0.3729233699999999,0.03187499499999996,-0.4034751199999999,0.030477984999999985,-0.32454787999999996,-0.05504409500000004,-0.3198724399999999,0.03946826499999995,-0.21659185999999997,-0.058891845000000026,-0.15416004999999988,0.09823070499999997,-0.1966894199999999,0.07115884499999997,-0.13973851999999998,0.03235580499999996,-0.007726279999999974,-0.032355805000000015,0.007726280000000085,0.04716242499999995,0.16378898000000008,-0.038210765000000035,0.19925018000000005,0.018228864999999983,0.21656278000000007,-0.03732897500000004,0.21656278000000007,0.008990279999999962,0.10795601999999999,0.05876244000000003,0.019902440000000077,-0.003847749999999983,0.16571239000000004,0.13005069,0.014421529999999905,0.014806619999999993,0.17151526000000006,-0.02893355999999997,0.05277379999999998,-0.00585496000000002,0.19152389999999997,0.0008817899999999934,0.01731260000000001,-0.08552208000000003,0.004675440000000031,-0.06471160999999997,0.01545256000000006,0.20011639295337494,0.1801697810501598
0.07939523500000001,-0.34621475,0.08255247500000001,-0.35385189000000006,0.07814787499999998,-0.36799045,0.05840877499999997,-0.36794630000000006,0.034540175000000006,-0.39945889000000007,0.030213535000000014,-0.32294670000000003,-0.05259672500000001,-0.31678248000000003,0.043026075,-0.21630245000000003,-0.054719165000000014,-0.15045255000000002,0.100496945,-0.19241435000000007,0.074153845,-0.13713765,0.031317945000000014,-0.008010850000000014,-0.031317945000000014,0.008010849999999903,0.047199274999999985,0.16473675,-0.03359922500000001,0.20208819999999994,0.01740857499999998,0.22092314999999996,-0.03634882500000003,0.22092314999999996,0.012812539999999983,0.10664425,0.05747087000000001,0.023888099999999968,-0.002122440000000003,0.16632993000000001,0.12887301,0.013314900000000018,0.01588132999999997,0.1727476,-0.029790700000000003,0.05618639999999997,-0.0022812799999999966,0.19407735000000004,-0.0027496000000000187,0.018834950000000017,-0.08281026000000002,0.006164219999999998,-0.06263589000000003,0.016021699999999917,0.19695274776770702,0.1794223663260912
0.08015542999999997,-0.346933665,0.08340620999999998,-0.35444525499999996,0.07938002999999999,-0.369007115,0.05902761000000001,-0.36929634499999997,0.036027669999999956,-0.401777785,0.03104524999999997,-0.32492095499999996,-0.051209930000000015,-0.319380705,0.04949861999999999,-0.21828264499999994,-0.05131182000000001,-0.15384648499999998,0.10140264999999998,-0.19629268499999997,0.07661888,-0.139038035,0.031163949999999996,-0.007518884999999975,-0.031163949999999996,0.007518884999999975,0.04619150999999999,0.16606201500000006,-0.03379905,0.20189421500000004,0.018662349999999994,0.21929251500000002,-0.037734270000000014,0.21929251500000002,0.018453370000000024,0.10663831000000001,0.05190402999999999,0.021989959999999975,-0.00010188999999999337,0.16553422,0.1279307,0.014808449999999973,0.015027559999999995,0.17358090000000004,-0.027529159999999997,0.05323049999999996,-0.0026351000000000013,0.19437533000000007,-0.003935220000000017,0.017398299999999978,-0.08225517999999998,0.005540249999999969,-0.06232789999999999,0.01503776999999995,0.20141753286178934,0.1819232509678059
0.07951188999999997,-0.35057887,0.08370103000000001,-0.35832592,0.07818444000000002,-0.37309452,0.06054725999999999,-0.37350207,0.03486229000000002,-0.40636983,0.031823060000000014,-0.32875635,-0.051234139999999984,-0.32407009,0.04559015999999999,-0.22392955000000003,-0.05078969999999999,-0.15934174999999995,0.09730119999999998,-0.20407494999999998,0.07644657999999999,-0.14307641000000004,0.031301159999999995,-0.006847849999999989,-0.031301159999999995,0.006847849999999989,0.04113053,0.17057855,-0.03403159,0.20133091000000003,0.013659660000000018,0.21617765,-0.03222047,0.21617765,0.013767099999999977,0.10482679999999994,0.051711039999999986,0.019854600000000056,0.0004444399999999904,0.16472834000000003,0.12723627999999998,0.016265339999999906,0.009829370000000004,0.17742639999999998,-0.02747086999999998,0.045599100000000004,-0.002730430000000006,0.19448306000000004,0.0018111199999999994,0.01484673999999997,-0.0830572,0.004686259999999998,-0.06260231999999999,0.013695699999999977,0.20797724455913824,0.18462626901840162
0.08333200999999996,-0.34523639999999994,0.08690866999999997,-0.3525988199999999,0.08227124999999996,-0.36766350999999997,0.06264235999999995,-0.36729476999999994,0.03900247999999995,-0.40063909999999997,0.03441356999999995,-0.3229556499999999,-0.048743760000000025,-0.32056454999999995,0.04916590999999998,-0.21826974999999993,-0.05003569000000002,-0.1585989499999999,0.10087975999999998,-0.19967205,0.07815354999999996,-0.13828501999999998,0.031183389999999978,-0.0065459499999999116,-0.031183390000000033,0.006545950000000023,0.04279413999999998,0.17275485000000002,-0.029728270000000057,0.2046128100000001,0.01278290999999998,0.22221025000000005,-0.03085134000000006,0.22221025000000005,0.01475234000000003,0.1046859,0.051713850000000006,0.01859769999999994,-0.0012919299999999967,0.16196560000000004,0.12818923999999998,0.020313929999999925,0.011610750000000003,0.17930079999999993,-0.03001123,0.04945540000000004,0.0014551199999999764,0.19806686000000007,-0.0011230700000000038,0.017597439999999964,-0.08315732999999997,0.0023910999999999794,-0.06236678000000001,0.013091899999999934,0.20531749680041136,0.181467838251588
0.07844075500000003,-0.3437444349999999,0.08179303500000001,-0.3502851349999999,0.07651215500000003,-0.3640317349999999,0.05965873500000002,-0.3650833349999999,0.03382900500000002,-0.3958263049999999,0.03415055500000003,-0.3210943349999999,-0.048571525000000004,-0.3191396349999999,0.049421395000000035,-0.22023278499999988,-0.05139464499999996,-0.15649413499999987,0.09595280500000003,-0.1969913849999999,0.07202515500000001,-0.1332164349999999,0.029665794999999995,-0.006091294999999941,-0.029665794999999995,0.006091295000000052,0.03624993500000001,0.17507396500000005,-0.03318026499999999,0.2051979650000001,0.0042199750000000424,0.2266162650000001,-0.02966854499999999,0.2266162650000001,0.015270840000000008,0.10086155000000002,0.046531409999999995,0.023241399999999968,-0.0028231199999999568,0.16264550000000005,0.12341979999999997,0.023277699999999957,0.006584140000000016,0.18116526,-0.03202995999999997,0.05154230000000004,-0.0035144699999999918,0.19910667000000004,0.003511719999999996,0.0214183,-0.08272208000000003,0.001954699999999976,-0.05933158999999999,0.012182589999999993,0.20208120164119223,0.17247519517210405
0.07872219999999996,-0.34417463,0.08275867999999997,-0.35112128,0.07740150000000001,-0.36470424999999995,0.061230830000000014,-0.36426982999999996,0.03640283999999999,-0.39581596999999996,0.03487397999999997,-0.32127117999999993,-0.04686315000000002,-0.31832561,0.054006149999999975,-0.2225843999999999,-0.047695350000000025,-0.15853569,0.09907094999999999,-0.20332492999999996,0.07635883999999998,-0.13184182999999994,0.029527230000000015,-0.006524470000000004,-0.029527230000000015,0.006524470000000004,0.03648804,0.18004007,-0.030779670000000037,0.21249422000000007,0.009175099999999992,0.22765407000000004,-0.025646400000000014,0.22765407000000004,0.019132170000000004,0.09868678000000003,0.045064800000000016,0.019259469999999945,-0.0008322000000000052,0.15978991999999997,0.12405419000000001,0.02669386000000007,0.006960809999999984,0.18656454,-0.027312940000000008,0.047614000000000045,-0.0012524400000000213,0.20596975000000006,0.005133270000000023,0.015159849999999975,-0.08173712999999999,0.002945569999999953,-0.05905446000000003,0.013048940000000009,0.208726495796892,0.17423286944699867
0.07960582,-0.33919836,0.08304249999999996,-0.34592009,0.07858886999999998,-0.35928972,0.060554,-0.3580739,0.03904742,-0.38889798999999997,0.035692539999999995,-0.31575528999999997,-0.04359972000000001,-0.31422216999999997,0.05801584999999998,-0.21919776000000002,-0.044792200000000004,-0.15802642,0.10526508000000001,-0.20161671999999997,0.07790604000000001,-0.12557728,0.028361140000000007,-0.0060074199999999855,-0.028361140000000007,0.0060074199999999855,0.034946050000000006,0.18089487999999998,-0.024022160000000015,0.21124547999999999,0.011852980000000013,0.23408728,-0.01743068000000003,0.23408728,0.022323309999999985,0.09655752999999995,0.04724923000000003,0.017581040000000048,-0.0011924799999999958,0.15619574999999997,0.12269824000000001,0.03244913999999999,0.006584909999999999,0.18690229999999997,-0.023093069999999993,0.05319240000000003,0.004338979999999992,0.20523806,0.006591479999999983,0.022841800000000023,-0.07929226,0.001533119999999999,-0.056722280000000014,0.012014839999999971,0.2101837630123069,0.16913676956605977
0.07961868999999999,-0.33599818000000004,0.08282151000000004,-0.34207353000000007,0.07935634000000003,-0.35607267000000004,0.05927991000000005,-0.35387194000000005,0.04012799,-0.38615406,0.03505730000000001,-0.31170476,-0.04450815999999996,-0.30929738000000007,0.06180393000000001,-0.2177308,-0.04365017999999998,-0.15204070000000003,0.10751173000000003,-0.19722337,0.07917782000000001,-0.12128040000000007,0.02753764000000003,-0.006069500000000061,-0.027537639999999974,0.00606949999999995,0.03199508000000001,0.18092449999999993,-0.018712139999999988,0.21061664999999996,0.0016467600000000249,0.23828249999999995,-0.010598439999999987,0.23828249999999995,0.026746629999999993,0.09397396000000002,0.04570780000000002,0.020507429999999993,0.0008579799999999804,0.15725668000000004,0.12282799999999999,0.030760299999999963,0.004457439999999979,0.186994,-0.030348319999999984,0.05735800000000002,0.008825499999999986,0.20454715,0.008113700000000001,0.027665849999999992,-0.07956545999999998,0.002407379999999959,-0.055075280000000004,0.012139000000000011,0.207209210913282,0.1661510951905572
0.08041569000000004,-0.33379575000000006,0.08341489000000002,-0.33978256000000007,0.08002595000000007,-0.3534678300000001,0.059381350000000055,-0.3523975000000001,0.040478240000000054,-0.38364776000000006,0.03421031000000002,-0.31308069000000005,-0.043359329999999974,-0.3079417300000001,0.060137790000000024,-0.2237116600000001,-0.04339907999999998,-0.15190106000000003,0.10924302000000002,-0.2001582300000001,0.08024473000000004,-0.11984713000000002,0.02677639000000004,-0.006622070000000035,-0.026776389999999983,0.006622069999999924,0.028683790000000042,0.18158370999999995,-0.016875759999999962,0.21289006999999993,-0.0030883699999999514,0.24031746999999992,-0.011403579999999969,0.24031746999999992,0.025927480000000003,0.08936902999999996,0.04910523,0.023553429999999986,-3.975000000000506e-05,0.15604067000000005,0.12364381000000002,0.03205393000000001,0.0019074000000000035,0.18820578,-0.031772159999999994,0.05873375999999997,0.009900630000000021,0.206268,0.005472179999999993,0.02742739999999999,-0.07756964,0.00513895999999997,-0.05355278000000002,0.01324413999999996,0.21037345434037663,0.16567431507235633
0.08126003000000004,-0.33247087999999997,0.08414271000000001,-0.33766426,0.08225097000000003,-0.35217662,0.05898421000000004,-0.35114474,0.044416230000000056,-0.38436176,0.030259990000000014,-0.31411662,-0.039505069999999975,-0.30829368,0.05760025000000002,-0.22830141999999998,-0.03997120999999998,-0.15060196999999997,0.11039471000000001,-0.20375032000000004,0.08247343000000001,-0.11723486999999999,0.02362167000000004,-0.006769880000000006,-0.023621669999999984,0.006769880000000006,0.025722050000000052,0.18005223999999997,-0.009585629999999956,0.21200088000000006,-0.007251209999999952,0.24164118,-0.006717449999999958,0.24164118,0.027340260000000005,0.08581520000000004,0.05279445999999999,0.024551099999999937,-0.0004661400000000038,0.15769171000000004,0.12244464,0.03336709999999998,0.002100380000000013,0.18682211999999998,-0.032973260000000004,0.061588940000000036,0.014036040000000027,0.20523100000000005,0.002868179999999998,0.029640299999999953,-0.06976505999999999,0.005822939999999999,-0.04724334000000002,0.013539760000000012,0.2152460318180923,0.16319726795069978
0.08337715499999998,-0.33071780999999995,0.085993235,-0.3359679299999999,0.08413562499999999,-0.3501694899999999,0.06014107499999999,-0.34986454999999994,0.046042005,-0.38198682999999994,0.029317835000000014,-0.3144273799999999,-0.03572889499999998,-0.30782884999999993,0.05405802500000001,-0.22987827999999988,-0.035943524999999976,-0.15150032999999996,0.11142171500000003,-0.2028964299999999,0.08417204500000003,-0.11520758999999992,0.022057625000000025,-0.006710269999999907,-0.02205762499999997,0.006710270000000018,0.023457875000000017,0.18301977000000003,-0.004771374999999967,0.21328527000000008,-0.006761004999999987,0.24355217000000007,-0.0021573249999999877,0.24355217000000007,0.024740189999999995,0.08454910000000004,0.05736369000000002,0.026981849999999974,-0.00021462999999999344,0.15632851999999997,0.12011557,0.036292740000000046,0.0014002499999999918,0.18973003999999993,-0.030218880000000004,0.06053240000000004,0.017286250000000003,0.20657500000000006,0.002614049999999979,0.030266899999999985,-0.06504673,0.006598529999999991,-0.044115249999999995,0.013420539999999925,0.21558049530760826,0.1617056194919907
0.08344108,-0.32788030500000004,0.08579302000000005,-0.33337513500000004,0.08419609,-0.3472519050000001,0.05958374000000005,-0.34918223500000006,0.04593214000000001,-0.3802164350000001,0.02498958000000001,-0.31591482500000007,-0.031873859999999976,-0.3075615850000001,0.048398140000000034,-0.23092452500000005,-0.03197175999999996,-0.15071706500000004,0.10920900000000006,-0.20414996500000004,0.08565174000000003,-0.11194346500000008,0.019598360000000037,-0.007108735000000088,-0.01959835999999998,0.007108734999999977,0.023216070000000033,0.17973579499999992,-0.0008310099999999654,0.2119882849999999,-0.002827109999999966,0.24683733499999994,-0.003617019999999971,0.24683733499999994,0.023408560000000023,0.08499030000000002,0.06081086000000002,0.026774560000000003,-9.789999999998411e-05,0.15684452000000004,0.11762349999999999,0.038773599999999964,0.003617709999999996,0.18684453,-0.02604318,0.06710154000000002,0.018767350000000016,0.2048795499999999,-0.0027860100000000054,0.03484905000000005,-0.05686343999999999,0.008353239999999984,-0.03919672000000002,0.014217470000000065,0.2164608812721654,0.15890566344485654
0.08610563000000004,-0.32905749500000003,0.08821888,-0.33467108500000003,0.08717637,-0.34846145500000003,0.060802330000000016,-0.350394635,0.04889405000000002,-0.381022195,0.024644300000000008,-0.317942115,-0.028878199999999965,-0.30712125500000004,0.049790780000000034,-0.23711673499999997,-0.02615071999999996,-0.15213863500000002,0.11047765000000004,-0.20805373500000002,0.09188972000000001,-0.11341718499999998,0.01834195000000005,-0.007515464999999999,-0.018341949999999996,0.007515464999999999,0.02142550000000004,0.182720805,0.002956520000000018,0.21617646499999998,-0.001710849999999986,0.246200765,0.0024125700000000028,0.246200765,0.025146480000000027,0.08082538000000006,0.060686870000000004,0.02906299999999995,0.0027274800000000043,0.15498262000000002,0.11804043999999997,0.038721450000000046,0.0030835499999999905,0.19023626999999999,-0.023136350000000028,0.06347996,0.021298470000000014,0.20866099999999999,-0.0005439500000000153,0.030024300000000004,-0.05352249999999997,0.010820859999999988,-0.03668390000000005,0.015030929999999998,0.22069115285639093,0.1636329028863431
0.08682319999999999,-0.3265352,0.08882283999999996,-0.33203993000000004,0.0882464,-0.34561992,0.06109047000000001,-0.34846017,0.050834869999999976,-0.37859694000000005,0.023570900000000006,-0.31901345000000003,-0.025722049999999996,-0.30683560000000004,0.0482071,-0.23832646000000002,-0.021606230000000004,-0.15153230000000006,0.11042722999999999,-0.20895264000000002,0.0923371,-0.11295143000000007,0.01736494999999999,-0.007736599999999982,-0.01736494999999999,0.007736599999999982,0.024132669999999967,0.18402775999999998,0.0054519000000000095,0.21877729999999995,0.004434699999999958,0.24681969999999998,0.002567739999999985,0.24681969999999998,0.024636199999999997,0.08068699000000001,0.062220129999999985,0.029373819999999995,0.004115819999999992,0.15530329999999998,0.11394333000000001,0.03858086999999999,0.006767719999999977,0.19176435999999997,-0.01969797000000001,0.06279193999999999,0.02281685,0.21104069999999997,-0.0028841600000000245,0.028042400000000023,-0.04929295,0.01217784999999999,-0.03472989999999998,0.015473199999999965,0.22169457077718438,0.163095494602038
0.08950658,-0.3240963,0.09176137000000001,-0.33027666,0.09099484000000002,-0.34265917,0.06430979000000003,-0.34704565,0.054319700000000026,-0.37526005,0.022673390000000015,-0.3192108,-0.01816142999999998,-0.30337112,0.04677224000000002,-0.23656895,-0.01678512999999998,-0.14370519999999998,0.10964674000000002,-0.20565065000000005,0.10059384000000005,-0.11362846999999998,0.01390134000000004,-0.008639199999999958,-0.013901339999999984,0.008639199999999958,0.02093651000000002,0.18827510000000003,0.0011920200000000158,0.22553749999999995,0.0016340200000000138,0.2492219,-0.002592609999999995,0.2492219,0.024098850000000005,0.08264185000000002,0.0628745,0.030918299999999954,0.001376299999999997,0.15966592000000002,0.11737897000000003,0.030076729999999996,0.0070351699999999795,0.1969143,-0.019302490000000005,0.06094679999999997,0.01509336,0.2168983,-0.003784630000000011,0.02368440000000005,-0.040834819999999994,0.015839680000000023,-0.027802680000000024,0.017278399999999916,0.21904495669214238,0.16750680395273887
0.09306331000000001,-0.320022615,0.09542529,-0.324789265,0.09531641000000002,-0.339483335,0.06728635999999999,-0.341260815,0.058633009999999985,-0.373904715,0.024212290000000025,-0.313987535,-0.01680176,-0.30217601499999996,0.04696012999999999,-0.23221901499999997,-0.009318490000000013,-0.14204378500000003,0.11215021000000003,-0.205617975,0.10442419000000003,-0.11079841499999998,0.014649350000000005,-0.0072562849999999735,-0.014649350000000005,0.0072562849999999735,0.022553309999999993,0.19077353500000005,0.012004610000000027,0.22222928500000005,0.0005926600000000226,0.251290785,0.0015524800000000227,0.251290785,0.022747839999999964,0.08176852000000001,0.06519008000000004,0.026601039999999965,0.007483269999999986,0.16013222999999993,0.11374268000000004,0.03124537000000005,0.007903959999999988,0.19802982000000002,-0.02196064999999997,0.06051724999999997,0.026653960000000032,0.21497300000000008,-0.010452130000000004,0.029061499999999962,-0.041014050000000024,0.01181152000000002,-0.02929870000000001,0.014512569999999947,0.22102890706963133,0.1676765341967134
0.096604615,-0.3166887500000001,0.09905514500000001,-0.3211055300000001,0.09962242500000001,-0.3362777500000001,0.07061424500000002,-0.33787220000000007,0.065146535,-0.3715884000000001,0.026985195000000017,-0.31269825000000007,-0.009943234999999995,-0.3026778500000001,0.05119723500000001,-0.2271662000000001,-0.0034295349999999836,-0.13962110000000005,0.115690825,-0.2005984500000001,0.10687872500000001,-0.10777065000000008,0.013175065000000041,-0.006365950000000065,-0.013175064999999986,0.006365949999999954,0.01826271500000004,0.19537974999999996,0.014289825000000034,0.22358004999999992,0.0007328149999999978,0.2530344499999999,0.002935465000000026,0.2530344499999999,0.02421203999999999,0.08553204999999997,0.06449358999999999,0.02656775,0.006513700000000011,0.16305675000000003,0.11030825999999999,0.031850449999999975,0.005087649999999999,0.20174570000000003,-0.017529900000000043,0.05765469999999995,0.02746489000000002,0.21721409999999997,-0.011354360000000008,0.02945439999999999,-0.03692843000000001,0.010020399999999985,-0.026350130000000027,0.012731900000000018,0.21962637615875652,0.16565046318354834
0.09796942000000003,-0.3197108000000001,0.10025742000000004,-0.32349180000000005,0.10235614000000004,-0.33959802000000006,0.07003142000000001,-0.34094794000000006,0.06879694000000003,-0.3769349000000001,0.021625560000000044,-0.31820418000000006,-0.007023329999999994,-0.30844377000000006,0.043429050000000025,-0.23170500000000005,-0.0006677799999999512,-0.14431900000000009,0.11454666000000002,-0.2011976000000001,0.11136932000000005,-0.1126701000000001,0.010608680000000037,-0.0064430000000000875,-0.010608679999999981,0.0064429999999999765,0.01521615000000004,0.19575346999999998,0.013601850000000026,0.22440863999999994,0.0015162200000000126,0.24870229999999993,0.001911860000000043,0.24870229999999993,0.02180348999999998,0.08649918000000001,0.07111761,0.030507399999999962,0.006355550000000043,0.16412476999999998,0.1120371,0.03164889999999998,0.004607470000000002,0.20219647000000007,-0.013699930000000027,0.05294882999999995,0.024210530000000008,0.21796563999999996,-0.011689989999999983,0.024293659999999995,-0.028648890000000038,0.009760409999999997,-0.02121736000000002,0.012886000000000064,0.22075429306729324,0.17048918756217366
0.10341662500000004,-0.31792922,0.10556478500000005,-0.32236371,0.10746018500000004,-0.33766131000000005,0.07534104500000005,-0.34047365,0.07341006500000002,-0.37427927000000005,0.026325465000000048,-0.31796728,-0.0001473149999999812,-0.30402331000000005,0.05004772500000004,-0.2284149000000001,0.011172355000000023,-0.13497595000000007,0.11901678500000001,-0.19619245000000007,0.12067565500000005,-0.10996845,0.010260015000000011,-0.00671345000000001,-0.010260014999999956,0.00671345000000001,0.013096385000000044,0.19714491999999995,0.01038908500000002,0.22538678999999995,0.000910045000000026,0.25169454999999996,-0.0036018749999999766,0.25169454999999996,0.023722259999999995,0.08955237999999993,0.06896905999999997,0.032222450000000014,0.011319670000000004,0.16904735999999998,0.10950330000000003,0.02500750000000007,0.0028363700000000325,0.20385836999999996,-0.012186340000000018,0.054549630000000016,0.020649099999999976,0.21867333999999994,-0.013990959999999997,0.026307760000000013,-0.02647278000000003,0.013943969999999972,-0.020520029999999967,0.01342690000000002,0.21847271331182969,0.17538191316654891
0.10348123000000004,-0.3182341,0.10526659000000005,-0.32281409,0.10798119,-0.33785145,0.07484019000000003,-0.34138481,0.07513762000000002,-0.37487545,0.026275490000000012,-0.31734211,0.002920690000000059,-0.30593745,0.05434102000000002,-0.22065164999999998,0.013875870000000012,-0.13595904999999997,0.12379491000000004,-0.19145305,0.12293622000000004,-0.10978964999999996,0.009131130000000043,-0.006118850000000009,-0.009131129999999987,0.006118850000000009,0.009593250000000053,0.20004900000000003,0.010399250000000027,0.22798575,0.0024432200000000237,0.25112625,-0.004706889999999964,0.25112625,0.028065530000000005,0.09669046000000003,0.06945389000000002,0.029198599999999963,0.010955179999999953,0.16997840000000003,0.10906035000000003,0.02616940000000001,0.0004621200000000103,0.20616785000000004,-0.007150030000000029,0.05107724999999996,0.019530380000000014,0.22186689999999998,-0.01510613999999999,0.02314050000000001,-0.023354799999999953,0.011404660000000011,-0.01826226000000003,0.012237700000000018,0.21793702790835795,0.17571728801763503
0.10238653499999995,-0.3176149200000001,0.10329546499999998,-0.32220735000000006,0.10744818499999997,-0.33688668000000005,0.07119279499999998,-0.3414426200000001,0.07529878499999998,-0.37397215000000006,0.024223024999999954,-0.31840540000000006,0.002332534999999969,-0.30601442000000006,0.05159154499999996,-0.2166922200000001,0.015995964999999945,-0.13423035000000005,0.12247982499999999,-0.18847621000000003,0.12331619499999996,-0.1103021500000001,0.008816964999999954,-0.006404950000000076,-0.00881696500000001,0.006404949999999965,0.009518084999999954,0.19863014999999995,0.007106564999999954,0.22797827999999998,0.005153084999999946,0.25017844999999994,0.0002455049999999792,0.25017844999999994,0.027368520000000007,0.10171317999999996,0.07088828000000003,0.02821601000000007,0.013663429999999976,0.17178407,0.10732023000000002,0.023928199999999955,0.0007011199999999995,0.20503510000000003,-0.004365000000000008,0.05154829999999999,0.015923529999999964,0.22157333,-0.006861059999999974,0.022200169999999964,-0.021890489999999985,0.012390979999999996,-0.017633929999999964,0.01280990000000004,0.21463734405123258,0.17629441046725108
0.10606244000000004,-0.31278633999999994,0.10628404000000002,-0.3181239699999999,0.11116779000000004,-0.33178278999999994,0.07338844,-0.33839034999999995,0.07930568000000005,-0.3683651399999999,0.027210800000000035,-0.3161108199999999,0.006697090000000017,-0.30072786999999995,0.05665448000000001,-0.21178286999999996,0.02167129000000001,-0.12800886999999994,0.12653084000000003,-0.17935126999999995,0.12766834000000005,-0.10576846999999989,0.008624440000000011,-0.006923469999999932,-0.008624439999999955,0.006923470000000043,0.013074220000000025,0.19318167000000008,0.006387169999999998,0.2235261300000001,0.014486440000000045,0.25381753000000007,0.0031881599999999954,0.25381753000000007,0.029443679999999972,0.10432794999999995,0.06987636000000003,0.032431600000000005,0.014974199999999993,0.172719,0.10599705000000004,0.02224040000000005,0.004449780000000014,0.20010514000000001,0.0014122200000000196,0.060635859999999986,0.015011609999999953,0.21660266000000006,-0.003199010000000002,0.03029139999999997,-0.02051371000000002,0.01538294999999995,-0.017248879999999966,0.013846939999999974,0.20888577111378365,0.1768479437853095
0.105382205,-0.319297445,0.10447087500000002,-0.32502455500000005,0.11097180500000003,-0.337930965,0.06973633499999998,-0.346523615,0.080468975,-0.374671385,0.02167076499999998,-0.322605915,0.012200115000000011,-0.30510605500000004,0.057434445,-0.21386491500000004,0.02761897499999999,-0.12382046499999999,0.125465155,-0.17901921500000006,0.13198495500000001,-0.116042015,0.004325004999999993,-0.006615115000000005,-0.004325004999999993,0.006615115000000005,0.01364863500000002,0.193550985,0.009216755000000021,0.22314028499999994,0.01477074500000003,0.24863888499999998,-0.0013493549999999965,0.24863888499999998,0.03576368000000002,0.10874099999999998,0.06803071,0.03484569999999998,0.015418859999999979,0.18128559000000005,0.10436598000000002,0.007778449999999992,0.009323630000000027,0.2001661,0.0011221100000000095,0.05508789999999997,0.013541760000000014,0.21652516999999993,-0.010566110000000017,0.025498600000000038,-0.00947064999999997,0.017499859999999978,-0.008650009999999986,0.01323023000000001,0.21070858938076664,0.18337169011338283
0.10454063000000002,-0.32696405,0.10372729000000003,-0.33208814,0.11090101000000002,-0.34555012,0.06865305999999999,-0.35167965,0.08220957000000001,-0.38128202,0.025074140000000023,-0.3278445,0.009297390000000016,-0.31094167,0.06011379,-0.22038731999999994,0.03023735999999999,-0.12947777000000005,0.12419824000000002,-0.18516226999999996,0.13247417,-0.12368831999999996,0.006902860000000011,-0.006353880000000034,-0.006902860000000011,0.006353880000000034,0.016387629999999986,0.18794832000000006,0.00266282000000001,0.21720207999999996,0.015098890000000031,0.24090168,0.0011732899999999935,0.24090168,0.03503964999999998,0.10745718000000004,0.06408445000000002,0.03522504999999998,0.020939969999999974,0.18146389999999996,0.10223681000000001,0.005789450000000085,0.009484769999999976,0.1943022000000001,-0.001288739999999955,0.05295335999999995,0.00956568000000002,0.21084819999999993,-0.0014895300000000167,0.023699600000000043,-0.015776750000000006,0.01690282999999998,-0.013805720000000021,0.012707760000000068,0.21384725040022487,0.19062248102587717
0.10685689999999998,-0.33285757500000007,0.10570453000000002,-0.33835559500000006,0.11324711999999998,-0.35118847500000006,0.06936432999999997,-0.35600995500000004,0.08420623999999999,-0.38485905500000006,0.022860839999999993,-0.33218863500000007,0.012034019999999979,-0.31433343500000005,0.05957018000000003,-0.22026503500000005,0.037296969999999985,-0.13498749500000007,0.12105017000000001,-0.19311753500000006,0.13820978,-0.12988808500000004,0.005313620000000019,-0.007167435000000055,-0.005313620000000019,0.007167434999999944,0.011023600000000022,0.18808456499999993,0.010765269999999993,0.22124046499999994,0.018062369999999994,0.23420146499999994,0.012172499999999975,0.23420146499999994,0.036709340000000035,0.11192360000000001,0.061479989999999984,0.02714749999999999,0.025262950000000006,0.17934593999999998,0.10091281000000002,0.005099410000000026,0.005709980000000003,0.19525199999999998,0.007038769999999972,0.046116900000000016,0.016078890000000012,0.21407303,0.0014072299999999816,0.012961,-0.010826820000000015,0.017855200000000016,-0.010627240000000038,0.01433487,0.21902600004545694,0.1984519637343768
0.10822336999999999,-0.33982485,0.10613111000000003,-0.34570467,0.11495632,-0.35774248000000003,0.06798001999999997,-0.36529749,0.08576994999999998,-0.39117318,0.01965646999999998,-0.34151643,0.015609770000000023,-0.31490159,0.05257099999999998,-0.23743234999999996,0.04446664,-0.13410778999999995,0.11416829,-0.19266857999999998,0.14131892000000001,-0.13840218999999998,0.004057909999999998,-0.00819234999999996,-0.004057909999999998,0.00819234999999996,0.019585100000000022,0.18559585,0.005126709999999979,0.22072347999999997,0.020903569999999982,0.22581825,-0.0017158700000000082,0.22581825,0.03291453,0.10408408000000002,0.06159729000000003,0.04476376999999998,0.02885686999999998,0.18079380000000006,0.09685228000000001,-0.0042944000000000315,0.015527190000000024,0.19378819999999997,0.0013184699999999605,0.04022239999999999,0.009184619999999977,0.21253113,-0.006842579999999987,0.005094770000000026,-0.004046699999999959,0.026614839999999973,-0.008115819999999996,0.01638469999999992,0.21483895181916454,0.20645673120211044
0.11210882999999999,-0.3432128299999999,0.10863218000000002,-0.3502699999999999,0.11873447999999998,-0.3606637299999999,0.06869852999999998,-0.3703663299999999,0.08963580999999998,-0.39208132999999995,0.01658141000000002,-0.3428905599999999,0.024704910000000024,-0.3126619299999999,0.052073749999999974,-0.23388328999999997,0.05279726000000001,-0.13208248999999994,0.11359575999999999,-0.1861439599999999,0.14541448,-0.13837488999999992,0.00022471000000001684,-0.00894132999999997,-0.00022471000000001684,0.00894133000000008,0.019601350000000017,0.18394947000000006,0.010779240000000023,0.22308287000000004,0.02768516999999998,0.22357807000000007,-0.004932429999999988,0.22357807000000007,0.035492339999999956,0.10900726999999993,0.061522010000000016,0.04773933000000008,0.028092349999999988,0.18057943999999998,0.09261722,-0.006292399999999976,0.01937664,0.19289080000000003,0.008083819999999964,0.039628600000000014,0.01100395000000004,0.21414153999999996,-0.01571167000000001,0.000495200000000029,0.008123500000000006,0.03022862999999998,-0.0004494200000000337,0.01788266000000005,0.2103657934575376,0.20715415115064556
0.11504523500000002,-0.3431147300000001,0.11173919500000001,-0.3508288200000001,0.122237875,-0.36142900000000006,0.07114632500000001,-0.3712168900000001,0.09367642500000001,-0.39477390000000007,0.01394293499999999,-0.3413938900000001,0.03059453499999998,-0.3175127800000001,0.049513574999999976,-0.21036398000000012,0.06303362499999998,-0.13211855000000006,0.11717240499999998,-0.18615979000000005,0.148872895,-0.14017975000000005,-0.002856895000000026,-0.008547150000000059,0.002856895000000026,0.008547149999999948,0.009606225000000024,0.18911974999999992,0.012148035000000001,0.22262644999999992,0.027454805000000027,0.22262644999999992,0.007865355000000018,0.22262644999999992,0.03557063999999999,0.13102990999999997,0.06765883,0.02420419000000007,0.032439090000000004,0.18539423000000005,0.08583927000000002,-0.00806119999999999,0.01246312000000005,0.19766689999999998,0.017848580000000003,0.0335067,0.009291139999999976,0.21407929999999997,-0.004282679999999983,0.0,0.01665159999999999,0.023881109999999983,0.005713790000000052,0.017094300000000007,0.21436716806978534,0.2084235184416816
0.11622420000000006,-0.34931362,0.11113847000000004,-0.35815322,0.12304027000000001,-0.36731942,0.06727803000000004,-0.37886476999999996,0.09398305000000001,-0.39828957,0.007655500000000037,-0.34688798,0.03482342000000005,-0.31927236999999997,0.039403570000000054,-0.21027061999999996,0.06697240000000004,-0.13272965000000003,0.11718117,-0.18712291999999997,0.14962817,-0.14385291999999994,-0.0060164299999999615,-0.009491020000000017,0.006016430000000017,0.009491020000000017,0.0071083300000000516,0.18731772000000002,0.01155090000000003,0.21835428,0.028749970000000014,0.21835428,0.007242170000000048,0.21835428,0.03174807000000002,0.13661736000000002,0.07777759999999995,0.023147699999999993,0.032148979999999994,0.18654271999999994,0.08265576999999996,-0.011123269999999907,0.013124760000000013,0.19680874000000004,0.021641639999999962,0.03103655999999999,0.0055344700000000135,0.20886326,-0.004308729999999983,0.0,0.027167920000000012,0.027615610000000013,0.012032859999999979,0.018982040000000033,0.21617294128398673,0.21009211265668967
0.12039884000000001,-0.35341648499999995,0.11466502,-0.362845765,0.12738624000000004,-0.37098251499999996,0.06889194000000004,-0.38356427499999995,0.09890524,-0.40001170499999994,0.008059490000000002,-0.354832465,0.04046647000000003,-0.31502492499999996,0.04365389000000003,-0.2301367649999999,0.07747831,-0.12729920499999992,0.1162204,-0.18812401499999998,0.15441989,-0.1469771649999999,-0.007837609999999995,-0.01155783499999996,0.007837609999999995,0.011557835000000072,0.005932500000000007,0.18698043500000006,0.015561140000000029,0.21630893500000004,0.028563339999999993,0.21630893500000004,0.010325000000000029,0.21630893500000004,0.035594400000000026,0.12469570000000008,0.07256650999999997,0.04201274999999993,0.03701183999999996,0.18772572000000004,0.07694158000000001,-0.019677959999999994,0.013770110000000002,0.19853827000000002,0.022630839999999985,0.02932849999999998,0.007723530000000034,0.20475109999999996,-0.00523614,0.0,0.03240698000000003,0.03980754000000003,0.01567521999999999,0.023115670000000033,0.21579157945794017,0.2159159814256425
0.11578307999999998,-0.35666302,0.11018366999999996,-0.36520482,0.12361169999999999,-0.37508518,0.06405393999999998,-0.38784528,0.09548109999999999,-0.40738702,0.00037855999999997225,-0.35708997,0.03975624999999999,-0.32024515,0.031133369999999938,-0.22642898999999994,0.07894603999999994,-0.12335775000000004,0.11332163999999995,-0.18814569999999997,0.15353337999999994,-0.15251585,-0.009904130000000011,-0.010399550000000035,0.009904129999999955,0.010399550000000035,0.008010459999999942,0.18393404999999996,0.00747797999999994,0.21151405,0.026863139999999952,0.21151405,0.0030054299999999756,0.21151405,0.030754809999999966,0.13066098000000004,0.08218827000000001,0.03828328999999997,0.03918978999999995,0.19688739999999993,0.07458734,-0.029158099999999965,0.017914589999999952,0.1943336,0.01885268000000001,0.02758000000000005,-0.002426150000000016,0.20111449999999997,-0.004472549999999964,0.0,0.03937769000000002,0.03684482,0.019808259999999966,0.02079910000000007,0.21628288011748725,0.21718837218581133
0.11943060999999999,-0.35945681499999993,0.11332412000000003,-0.3689876649999999,0.12677292,-0.3775548349999999,0.06611002999999999,-0.3909246349999999,0.09795187,-0.40820873499999993,0.0006131699999999962,-0.36164895499999994,0.04250292,-0.32338933499999994,0.029010250000000015,-0.2204146749999999,0.08486481000000001,-0.12607463499999993,0.11338193000000002,-0.1924392949999999,0.15938586999999999,-0.1579351349999999,-0.010080919999999993,-0.011712034999999954,0.010080919999999993,0.011712035000000065,0.005300650000000018,0.18339586500000005,0.008924680000000018,0.20874746500000008,0.034016920000000006,0.20874746500000008,0.008256570000000019,0.20874746500000008,0.02839708000000002,0.14123428000000005,0.08437168,0.027975379999999994,0.04236189000000001,0.1973147,0.07452105999999997,-0.03186049999999996,0.015381570000000011,0.1951079,0.028716269999999988,0.02535160000000003,-0.001156239999999975,0.19703543,-0.0006681099999999995,0.0,0.04188975,0.038259619999999994,0.020161839999999986,0.02342407000000002,0.2188730632974969,0.22599143873941638
0.119532945,-0.35861437999999995,0.11312967499999999,-0.36765771999999997,0.127050455,-0.37658048,0.06592670499999997,-0.39162527999999996,0.09908430499999998,-0.40854682999999997,0.002031174999999996,-0.36328219999999994,0.045033274999999984,-0.32351606,0.03556448499999998,-0.22965466,0.087679905,-0.12519446,0.11679524499999999,-0.19167466,0.16220444499999997,-0.15811436,-0.010412875000000044,-0.011186809999999991,0.010412874999999988,0.011186809999999991,0.012345255,0.17547984000000005,0.01132428499999999,0.20843354000000003,0.03396990499999997,0.20843354000000003,0.0018888749999999566,0.20843354000000003,0.03353330999999998,0.13362753999999993,0.08123076000000001,0.037980000000000014,0.04264663000000002,0.1983216,0.07452453999999997,-0.0329199,0.022758130000000043,0.18666665000000005,0.021624649999999968,0.032953699999999975,0.0009114100000000014,0.19724673000000004,-0.009435410000000033,0.0,0.04300209999999999,0.03976613999999995,0.020825750000000032,0.022373619999999983,0.2208116160702532,0.2273841834570597
0.12376797,-0.36402287000000005,0.11713278999999999,-0.3746245,0.13098672,-0.38216038,0.06902071999999998,-0.39776363000000003,0.10279553999999996,-0.4125072,-0.0003778300000000234,-0.36812831,0.05021956999999999,-0.32623304000000003,0.02961948999999997,-0.2234079,0.09221238999999998,-0.1257666500000001,0.11722868999999997,-0.19879770000000008,0.16579258999999996,-0.16653957000000008,-0.012763350000000007,-0.012641000000000013,0.012763350000000007,0.012641000000000013,0.00686568999999998,0.17591075999999994,0.01580008999999999,0.20217589999999996,0.03810715999999997,0.20217589999999996,0.007485419999999965,0.20217589999999996,0.029997319999999994,0.14472041000000002,0.0876092,0.024610199999999915,0.041992819999999986,0.20046638999999994,0.07358019999999998,-0.04077291999999999,0.019629039999999986,0.18855175999999996,0.031241469999999993,0.02626514000000002,0.0030367399999999822,0.18953489999999995,-0.008314670000000024,0.0,0.050597400000000015,0.041895269999999984,0.025526700000000013,0.025282000000000027,0.22705119999297874,0.23563451563916207
0.12726311500000004,-0.36756824,0.120126715,-0.3794355,0.13439979500000004,-0.38557543,0.070528445,-0.4039637,0.106620155,-0.41529645,-0.005371154999999961,-0.37338473,0.05798968500000001,-0.32612227,0.017282955000000044,-0.22760603999999995,0.09859194500000001,-0.12450384000000003,0.11865764500000003,-0.20288300000000004,0.16942411500000004,-0.17197549999999995,-0.017123785000000002,-0.013906799999999997,0.017123785000000002,0.013906799999999997,0.006509034999999996,0.17192883999999997,0.020780385000000012,0.1981429,0.037785614999999995,0.1981429,0.013813465000000025,0.1981429,0.022654110000000005,0.14577869000000004,0.10137468999999999,0.02472303999999992,0.04060226,0.20161842999999996,0.07083217000000003,-0.047471659999999916,0.02363282,0.18583563999999997,0.03127658,0.02621406000000004,0.00365660000000001,0.1842361,-0.006966919999999988,0.0,0.06336083999999997,0.047262460000000006,0.034247570000000005,0.027813599999999994,0.23269851933195648,0.24030734481367583
0.12947905999999998,-0.37520080000000006,0.12101487,-0.38814112000000006,0.13619789999999998,-0.3931251700000001,0.06904663,-0.41208124000000007,0.10735292000000002,-0.4203194600000001,-0.008935350000000009,-0.37567024000000004,0.06114945999999999,-0.32592734000000007,0.010810199999999992,-0.22919314000000002,0.10216216,-0.12586634000000008,0.12023158,-0.20649764000000004,0.17040719999999998,-0.17743374000000012,-0.019628599999999996,-0.01453340000000003,0.019628599999999996,0.014533399999999919,0.006915899999999975,0.16877949999999997,0.023876979999999992,0.19273805999999993,0.034778279999999995,0.19273805999999993,0.018193340000000002,0.19273805999999993,0.01974555,0.14647710000000003,0.10942138000000001,0.02269549999999998,0.04101270000000001,0.200061,0.06824503999999998,-0.05156740000000004,0.02654449999999997,0.1833129,0.02786238000000002,0.023958559999999962,0.004248379999999996,0.17820466000000001,-0.00568363999999999,0.0,0.07008481,0.04974289999999998,0.03925719999999999,0.029066799999999948,0.23751029322623052,0.24410155480401924
0.13109288000000002,-0.37498113,0.12284652000000001,-0.38791063,0.13740793,-0.39309129,0.07106089999999998,-0.41075775,0.10921758999999998,-0.41912942999999997,-0.00697260999999999,-0.37670713,0.06320951000000002,-0.32691345,0.008300059999999998,-0.22482398000000003,0.10565725999999998,-0.12106432999999994,0.12288976000000001,-0.19721413,0.17146572999999998,-0.17545223,-0.018793879999999985,-0.014403969999999933,0.018793879999999985,0.014403970000000044,0.011268319999999998,0.16992614000000006,0.022503109999999993,0.19387427000000002,0.03951711000000002,0.19387427000000002,0.013536759999999981,0.19387427000000002,0.015272669999999988,0.15188314999999997,0.11458970000000002,0.027609850000000047,0.04244774999999995,0.20584912000000005,0.06580847000000001,-0.054387900000000045,0.030062199999999983,0.18433011,0.028248790000000024,0.023948129999999956,0.003709230000000008,0.17947029999999997,-0.008966350000000012,0.0,0.07018212000000001,0.04979368000000001,0.03758775999999997,0.028807939999999976,0.23128728551927624,0.24362690832677433
0.13328513999999997,-0.37303014999999995,0.12460175000000001,-0.38660568999999995,0.13928193,-0.39116516999999995,0.07250511999999998,-0.41015187,0.11083619,-0.41688767,-0.006836590000000031,-0.37410562999999997,0.06626913000000001,-0.32435136999999997,0.003270689999999965,-0.21818083,0.10728059000000001,-0.11865633999999992,0.12351179000000001,-0.18988925,0.17314606999999999,-0.17367378999999994,-0.019328650000000003,-0.014486549999999987,0.019328650000000003,0.014486549999999987,0.016043189999999985,0.17178691000000001,0.02028232999999996,0.19544691000000003,0.04233938999999998,0.19544691000000003,0.009394989999999992,0.19544691000000003,0.010107279999999996,0.15592479999999997,0.12024110000000005,0.028291579999999983,0.04101146,0.20569503000000006,0.06586547999999998,-0.05501745000000002,0.03537183999999999,0.18627346,0.026296199999999992,0.023660000000000014,0.0009536799999999568,0.18096036000000004,-0.010887339999999968,0.0,0.07310572000000004,0.049754259999999995,0.038657300000000006,0.028973099999999974,0.22620676043541144,0.24303109316375954
0.133340055,-0.38014568500000007,0.12429933500000001,-0.3940304250000001,0.13942210499999996,-0.398514185,0.07133599499999999,-0.41731903500000006,0.11104756500000001,-0.4239090850000001,-0.008692575000000036,-0.378505385,0.06731804499999999,-0.330122265,0.0035366649999999944,-0.21985614500000006,0.10831533500000001,-0.12468934500000006,0.12875478499999998,-0.19467668500000002,0.173941895,-0.18202228500000006,-0.020629934999999988,-0.014259515,0.020629934999999988,0.014259515,0.013160995000000009,0.16935041499999992,0.022444984999999973,0.18920421499999995,0.041842064999999984,0.18920421499999995,0.013696834999999963,0.18920421499999995,0.01222924000000003,0.15864923999999997,0.12521812,0.025179460000000042,0.04099729000000002,0.20543291999999996,0.06562656,-0.05733294,0.03379093,0.18360992999999992,0.028681069999999975,0.019853800000000033,0.0018150499999999847,0.17494469999999995,-0.00874815000000001,0.0,0.07601062000000003,0.04838312,0.041259869999999976,0.02851903,0.2342352445732437,0.24906043862942512
0.13455820000000002,-0.37873992,0.12564840000000005,-0.39258026,0.14099162000000004,-0.3973921,0.07277756000000002,-0.41691090000000003,0.11283724,-0.42437055,-0.008996819999999961,-0.37885454,0.06944277000000004,-0.33082973,0.004151570000000049,-0.21733760000000002,0.10996460000000002,-0.12143749999999998,0.12838386000000002,-0.19845725999999997,0.17561760000000004,-0.18154945,-0.02154429999999996,-0.014248299999999992,0.021544300000000016,0.014248299999999992,0.012131470000000033,0.16942225,0.024137750000000013,0.1896194,0.04406004000000002,0.1896194,0.014911700000000028,0.1896194,0.01314839000000001,0.16151694,0.12423228999999997,0.01888034000000005,0.04052182999999998,0.20939223,0.06565300000000002,-0.060111950000000025,0.033675769999999994,0.18367055,0.03192856999999999,0.020197149999999997,0.002593449999999997,0.1753711,-0.009226049999999986,0.0,0.07843959,0.04802481000000003,0.04308859999999998,0.028496599999999983,0.2375108294484005,0.24914923374947895
0.13488285,-0.38141438,0.12540372,-0.3964092,0.14093305,-0.3996479,0.07207034000000001,-0.42132284999999997,0.11329358,-0.42500477999999997,-0.01044575999999997,-0.38040432,0.07263784000000001,-0.327719,0.0008288800000000318,-0.22278832999999998,0.11167108000000003,-0.12156509999999998,0.13075162,-0.2002239,0.17492224,-0.1845154,-0.023520719999999995,-0.015172399999999975,0.023520719999999995,0.015172399999999975,0.012334080000000025,0.16402704,0.02693158000000001,0.1865021,0.040191719999999986,0.1865021,0.018315179999999986,0.1865021,0.011274640000000002,0.15761599000000004,0.12992273999999998,0.02256442999999997,0.039033240000000025,0.2061539,0.06325115999999997,-0.06295030000000001,0.03585480000000002,0.17919944,0.02785763999999996,0.02247505999999999,0.0034108600000000155,0.17132970000000003,-0.008616400000000024,0.0,0.08308359999999998,0.052685320000000035,0.04704143999999999,0.03034479999999995,0.2409232503128862,0.2505945684310623
0.13654566,-0.3832542199999999,0.12684480000000004,-0.3981551499999999,0.14242362000000003,-0.4017102299999999,0.07265832000000005,-0.42298121999999994,0.11402622000000001,-0.4269384299999999,-0.010470839999999981,-0.38205244999999993,0.07345692000000004,-0.3302099499999999,0.0008922800000000231,-0.2223124099999999,0.11114812000000002,-0.12244994999999992,0.13052744000000005,-0.20381784999999997,0.17754904000000005,-0.1860006099999999,-0.02420159999999999,-0.01506144999999992,0.024201600000000045,0.015061450000000032,0.007068900000000045,0.16184209000000005,0.030273170000000016,0.18442295000000009,0.038656860000000015,0.18442295000000009,0.023756540000000048,0.18442295000000009,0.011363120000000004,0.15974004000000003,0.12963516000000003,0.018494559999999938,0.03769119999999998,0.20776,0.06640092000000003,-0.06355065999999998,0.031270500000000034,0.17690353999999997,0.03158795999999997,0.022580860000000036,0.006071569999999971,0.16936150000000005,-0.006516629999999968,0.0,0.08392776000000002,0.051842500000000014,0.048403200000000035,0.030122899999999952,0.24406977354904402,0.25286634676444625
0.132407595,-0.37780899999999995,0.12219848500000002,-0.39215455,0.138662265,-0.39624073,0.068570095,-0.41663655,0.11096876500000002,-0.42189781,-0.011582134999999993,-0.37408902,0.06940196500000001,-0.32646584999999995,-0.0054746350000000055,-0.21297709999999992,0.10862366499999998,-0.11992161000000001,0.125313595,-0.19858325,0.17665766500000002,-0.18108742,-0.021795465000000014,-0.014239349999999984,0.021795465000000014,0.014239349999999984,0.021528145,0.16298761000000006,0.019251165000000015,0.18877025000000003,0.046285434999999986,0.18877025000000003,0.006200305000000017,0.18877025000000003,0.006107499999999988,0.16111192000000008,0.13078823,0.01439384999999993,0.03922169999999997,0.20654423999999993,0.06803400000000004,-0.06116580999999999,0.04332361000000001,0.17722696000000004,0.024757289999999987,0.025782639999999968,-0.0025442999999999993,0.17453090000000004,-0.013050859999999997,0.0,0.0809841,0.04762317000000005,0.04359093000000003,0.028478699999999968,0.2358468761745502,0.24926862632002628
0.134045435,-0.3805997199999999,0.12408533500000002,-0.3952139799999999,0.139675695,-0.3993812199999999,0.070687575,-0.4190485699999999,0.11113666500000002,-0.4242276499999999,-0.011352364999999975,-0.3747994499999999,0.07133738500000003,-0.32779513999999993,-0.007066964999999981,-0.21208296999999987,0.11033533500000003,-0.1204102199999999,0.126777935,-0.19580821999999998,0.178233135,-0.18281875999999997,-0.022496385000000008,-0.014029079999999916,0.022496385000000008,0.014029080000000027,0.020176735,0.1648101300000001,0.022449184999999983,0.18818558000000007,0.047086405,0.18818558000000007,0.009505315000000014,0.18818558000000007,0.004285399999999995,0.16271648000000005,0.1338449,0.016274749999999893,0.03899795,0.20738492000000003,0.06789779999999995,-0.06240854000000007,0.04267312000000001,0.17883921000000003,0.026909669999999997,0.023375449999999964,-4.7200000000025e-05,0.17415650000000005,-0.012943869999999968,0.0,0.08268975,0.047004309999999994,0.044992770000000015,0.028058159999999943,0.23521581228863428,0.25100399879927826
0.13292978500000002,-0.3818986999999999,0.123777315,-0.3964125699999999,0.13873384500000002,-0.4005683899999999,0.07140479500000002,-0.4192982699999999,0.11080752500000002,-0.4250199199999999,-0.010527055000000007,-0.3761778099999999,0.06898294500000002,-0.3269317399999999,-0.005560035000000019,-0.21531716999999995,0.11138503500000002,-0.11955716999999988,0.126184925,-0.19262470999999992,0.179419685,-0.18594586999999985,-0.02117840500000001,-0.01468446999999995,0.02117840500000001,0.01468447000000006,0.024242205000000017,0.15935343000000013,0.022341594999999992,0.1872955300000001,0.04718418499999999,0.1872955300000001,0.009048685,0.1872955300000001,0.004967019999999989,0.16086063999999994,0.13174496000000002,0.022692460000000025,0.04240209,0.20737457000000004,0.06803464999999997,-0.06638869999999997,0.04542061000000003,0.17403790000000008,0.022941979999999973,0.02794209999999997,0.0011631899999999806,0.17261106000000004,-0.013292909999999991,0.0,0.07951000000000003,0.049246069999999975,0.04235681000000002,0.02936894000000001,0.23103826531539423,0.25552462899797734
0.13232268000000003,-0.38587645000000004,0.12187700000000001,-0.40072738,0.13829286000000002,-0.40400748000000003,0.06765683000000006,-0.42240686000000005,0.10983098000000002,-0.42604516000000003,-0.010775579999999951,-0.37875841000000005,0.06661986000000003,-0.32542448000000007,0.005772780000000033,-0.2246987800000001,0.11210298000000002,-0.12006218000000002,0.13161070000000002,-0.21045182000000007,0.17986654000000002,-0.18974904000000004,-0.020529079999999977,-0.015711820000000043,0.020529080000000033,0.015711819999999932,0.024821000000000037,0.15313966999999995,0.02349381000000006,0.18472661999999995,0.05380381000000006,0.18472661999999995,0.010435880000000064,0.18472661999999995,0.016548359999999984,0.15405962999999995,0.12583792,0.01424696000000003,0.04548311999999999,0.20536230000000005,0.06776356,-0.06968686000000002,0.045350080000000015,0.16885149,0.028982810000000025,0.03158695,0.0029647300000000265,0.16901480000000002,-0.013057929999999995,0.0,0.07739543999999998,0.053333929999999974,0.04105816000000001,0.031423639999999975,0.24712381564399738,0.26000498293531066
0.131150865,-0.38520843,0.121129335,-0.40001173,0.13722508499999997,-0.40347145,0.06746058499999996,-0.42408173,0.10879325499999998,-0.42821411,-0.013002455000000024,-0.38188183000000003,0.06728034499999996,-0.32820241,0.004180044999999966,-0.22844923000000006,0.111372945,-0.12227283,0.128975715,-0.21433163,0.181198535,-0.19043717999999998,-0.022264065,-0.01569007,0.022264065,0.01569007,0.01767418500000001,0.15756543999999995,0.027370585000000003,0.18278887,0.04587596499999996,0.18278887,0.015424784999999996,0.18278887,0.01718249999999999,0.15343259999999997,0.12479567000000003,0.014117600000000063,0.04409260000000004,0.20592958,0.06982558999999999,-0.06816434999999998,0.03993825000000001,0.17325550999999995,0.028201779999999954,0.025223430000000047,0.005106520000000003,0.1670988,-0.011945800000000006,0.0,0.08028279999999999,0.05367942000000003,0.04452813,0.03138014,0.2496636545708686,0.26028562954328344
0.13267849500000006,-0.3866463499999999,0.12347557500000006,-0.4015644099999999,0.13866465500000003,-0.4049948699999999,0.07052724500000007,-0.4269085499999999,0.11021512500000002,-0.43132220999999993,-0.011630424999999944,-0.3875122499999999,0.06810262500000003,-0.33246682999999994,0.005903505000000031,-0.2315575499999999,0.11479362500000007,-0.12456734999999997,0.12858818500000002,-0.21292389999999994,0.18450434500000007,-0.19435818999999988,-0.02220590499999997,-0.01623394999999994,0.022205905000000026,0.016233950000000053,0.018748685000000043,0.15844515000000003,0.034010485000000035,0.1792668500000001,0.04647715500000005,0.1792668500000001,0.02499936500000005,0.1792668500000001,0.017533929999999975,0.1559547,0.12268467999999999,0.018633649999999946,0.04669100000000004,0.20789947999999997,0.06971072,-0.06979083999999991,0.04095459000000001,0.17467909999999998,0.027728470000000005,0.020821700000000054,0.011804580000000009,0.16303290000000004,-0.009011119999999984,0.0,0.07973304999999997,0.055045419999999956,0.044411809999999996,0.032467899999999994,0.24784227647826873,0.2658755969550669
0.12927791500000002,-0.38976532499999994,0.12029591499999998,-0.40332647499999996,0.13584626500000002,-0.40838533499999996,0.06727783500000001,-0.42761191499999995,0.106797335,-0.43514695499999995,-0.013491595000000023,-0.388131735,0.06406268500000001,-0.337480725,0.005483395000000002,-0.23425617499999996,0.11350238499999998,-0.13144607499999994,0.125820035,-0.214096175,0.18176943499999998,-0.20142191499999995,-0.020082735000000018,-0.014667924999999915,0.020082735000000018,0.014667925000000026,0.023398554999999988,0.149883325,0.015255995000000022,0.17688542500000004,0.052649975000000016,0.17688542500000004,0.0019405849999999947,0.17688542500000004,0.018974990000000025,0.15387556000000002,0.12033664,0.020159999999999956,0.049439699999999975,0.20603465000000004,0.06826705,-0.06997584000000001,0.043481290000000006,0.16455124999999993,0.029251420000000028,0.02700210000000003,-0.004826739999999996,0.16221750000000001,-0.013315410000000028,0.0,0.07755428000000003,0.050651009999999996,0.040165470000000036,0.02933584999999994,0.2471016899815447,0.26988406382762875
0.13266052500000003,-0.39050437,0.12372000500000002,-0.40558583,0.13746827500000003,-0.40966600999999997,0.07101385500000001,-0.42884754999999997,0.10640277500000006,-0.43435215,-0.015147854999999988,-0.38413444999999996,0.06850057500000006,-0.33424594999999996,-0.003270964999999959,-0.22419424999999993,0.11391965500000006,-0.12838404999999997,0.12243215500000004,-0.21396559999999998,0.18365414500000005,-0.20064554999999995,-0.02332885499999998,-0.015077049999999925,0.023328855000000037,0.015077050000000036,0.01601733500000002,0.16220480000000004,0.03434152500000004,0.17918765000000003,0.045312175000000066,0.17918765000000003,0.019358975000000056,0.17918765000000003,0.011876890000000029,0.15994020000000003,0.12570312,0.01022864999999995,0.04541908,0.2058619,0.06973448999999998,-0.07226149999999998,0.03934619,0.17728184999999996,0.029294840000000044,0.016982849999999994,0.011012670000000002,0.1641106,-0.014982549999999983,0.0,0.08364843000000005,0.0498885,0.04665771000000002,0.03015409999999996,0.24658249604812307,0.2687758150659097
0.131390385,-0.3916385449999999,0.12158732499999997,-0.4065058449999999,0.13627930499999996,-0.4104092049999999,0.06817444499999997,-0.4284208949999999,0.10421942499999998,-0.4334888249999999,-0.013227835000000021,-0.3835486749999999,0.06356944499999995,-0.3332003849999999,0.006619765,-0.2248368249999999,0.111384345,-0.12783242499999992,0.12435122499999995,-0.21416472499999994,0.18274756499999995,-0.19747582499999994,-0.02033202500000003,-0.015189924999999938,0.020332024999999976,0.015189925000000049,0.020145844999999996,0.15995827500000015,0.027276644999999988,0.1810716750000001,0.05445917499999997,0.1810716750000001,0.009677484999999986,0.1810716750000001,0.01984760000000002,0.15871185,0.11773145999999995,0.010672099999999962,0.04781490000000005,0.20536795999999996,0.07136321999999995,-0.06964340000000002,0.04047787000000003,0.1751482000000001,0.034313329999999975,0.02111339999999995,0.0069446200000000124,0.16588175000000005,-0.017599160000000003,0.0,0.07679727999999997,0.05034829000000002,0.04066405000000001,0.030379849999999986,0.24601669428232406,0.26759209415928953
0.1288476,-0.39089331000000005,0.12069388999999997,-0.40428397000000005,0.13480358999999997,-0.40982571000000007,0.06916519999999998,-0.42619559000000007,0.10394387999999999,-0.43508395000000005,-0.011938959999999998,-0.38366195000000003,0.060410679999999994,-0.33563265000000003,0.005699719999999964,-0.23380959,0.10775193,-0.13368290000000005,0.12154673999999999,-0.21152455000000003,0.18065380999999997,-0.19747665000000003,-0.01816026000000004,-0.01397685000000004,0.018160259999999984,0.01397684999999993,0.024546459999999992,0.15093334999999997,0.012896760000000007,0.18110954999999995,0.051417679999999966,0.18110954999999995,-0.007119089999999995,0.18110954999999995,0.017638679999999962,0.14985236000000002,0.11584702000000002,0.022285039999999978,0.04734125,0.20194974999999998,0.07290187999999997,-0.06379374999999998,0.04270672000000003,0.1649102,0.026871219999999973,0.030176199999999986,-0.0052634999999999765,0.16713270000000002,-0.02001585,0.0,0.07234963999999999,0.0480293,0.03632052000000002,0.02795369999999997,0.241956896211474,0.266677213975721
0.127665105,-0.38687088999999997,0.11944053500000001,-0.39939051999999997,0.13388559499999997,-0.40618539,0.066949015,-0.42350594999999996,0.10194546500000001,-0.43500438999999996,-0.01663893500000002,-0.38171958999999994,0.060522414999999996,-0.33721798999999997,0.004668365000000008,-0.22809024999999994,0.10704720499999998,-0.13343424999999998,0.122026095,-0.21309807999999997,0.180623965,-0.20002734999999994,-0.021493235,-0.013148049999999967,0.021493235,0.013148050000000078,0.007004385000000002,0.15885815000000003,0.019303324999999982,0.18347135000000003,0.02761876499999999,0.18347135000000003,0.00012702500000000283,0.18347135000000003,0.02130730000000003,0.15362934,0.11735773,0.014992169999999971,0.04652478999999998,0.20378374,0.07357676000000002,-0.06659309999999996,0.02849762,0.1720062,0.020614379999999988,0.024613200000000002,-0.002189910000000017,0.17032329999999996,-0.01917629999999998,0.0,0.07716135000000002,0.044501599999999975,0.04298647,0.026296100000000044,0.2461256032611191,0.2660194361235526
0.12734405999999998,-0.38759989999999994,0.11844198,-0.39936409999999994,0.1340804,-0.40681937999999995,0.06404052999999998,-0.4233985599999999,0.10208318999999999,-0.43622893999999995,-0.018240109999999976,-0.38205483999999995,0.06041612000000002,-0.3400007299999999,0.011713960000000023,-0.22657424999999998,0.10665296000000002,-0.1364723499999999,0.12343715999999999,-0.2118441499999999,0.17800294,-0.19972249999999991,-0.023537379999999997,-0.01256769999999996,0.023537379999999997,0.01256770000000007,-0.007622609999999974,0.15842836000000005,0.027316459999999987,0.18375110000000006,0.01334529000000001,0.18375110000000006,0.012005160000000015,0.18375110000000006,0.02995407,0.15548058999999997,0.11172319999999997,0.01473010000000008,0.04623684,0.20352838,0.07134997999999998,-0.06325015,0.015914770000000023,0.17099606,0.020967899999999984,0.02532274000000001,0.0037790799999999902,0.17118339999999999,-0.015311299999999972,0.0,0.07865623,0.04205411000000003,0.04707475999999999,0.02513540000000003,0.24761385044624235,0.2625390223226894
0.12418678999999999,-0.38453234999999997,0.11503744999999999,-0.39560958,0.13230684999999998,-0.40403845,0.06008447,-0.4194335,0.10177865999999997,-0.43501957,-0.018561450000000035,-0.38004195,0.05605363999999996,-0.33950663,0.01832151999999998,-0.22601603000000003,0.10498884999999997,-0.13484063000000002,0.12570229,-0.20672402999999995,0.17302889,-0.19529529999999995,-0.021987709999999994,-0.012122469999999996,0.021987709999999994,0.012122469999999996,-0.003426370000000012,0.16465227000000004,0.021426769999999984,0.18665407,0.024698889999999973,0.18665407,0.01425858999999996,0.18665407,0.036882970000000015,0.15402591999999998,0.10738077000000001,0.019292000000000087,0.04893521000000001,0.20466599999999996,0.06804004000000002,-0.06045466999999993,0.018561339999999982,0.17677474000000004,0.028125259999999985,0.02200179999999996,-0.0005609400000000098,0.1745316,-0.007168180000000024,0.0,0.07461509,0.04053532000000004,0.04397541999999999,0.024244939999999993,0.2442992084605138,0.25658442931628817
0.12141756499999995,-0.38088201499999996,0.11289705499999997,-0.39211248499999996,0.12903273499999995,-0.40038015499999996,0.060005404999999956,-0.41582863499999995,0.09798803499999997,-0.4314288049999999,-0.016781615000000027,-0.37768881499999996,0.05144975499999993,-0.33794048499999996,0.016635284999999944,-0.2250713849999999,0.10191009499999998,-0.135575185,0.11875666499999998,-0.20329074499999988,0.16908038499999994,-0.19064048499999997,-0.01837338500000002,-0.012086614999999967,0.018373384999999964,0.012086615000000078,0.012149034999999975,0.165452115,0.015790084999999954,0.18883551500000006,0.03963893499999993,0.18883551500000006,0.004110584999999944,0.18883551500000006,0.03341689999999997,0.15261743000000005,0.10212138000000004,0.021780640000000018,0.05046034000000005,0.20236529999999997,0.06717028999999997,-0.055065299999999984,0.030522419999999995,0.17753872999999998,0.027489899999999956,0.023383400000000054,-0.0025833000000000106,0.1767489,-0.01167950000000001,0.0,0.06823136999999996,0.03974833,0.036746769999999984,0.024173230000000046,0.23529485744924256,0.2526081489647751
0.12592172000000001,-0.380468365,0.11787198999999998,-0.392173075,0.13225843999999998,-0.399714645,0.06674136999999997,-0.417437425,0.10313648999999997,-0.431112025,-0.01115780999999999,-0.379584395,0.06069134999999998,-0.339452525,0.01601716999999997,-0.22015946500000005,0.10821428999999999,-0.13360042500000002,0.13104609,-0.19987302500000004,0.17260282999999998,-0.19066058500000005,-0.020505490000000015,-0.013295124999999963,0.020505490000000015,0.013295124999999963,0.0035845299999999747,0.17474937499999998,0.030269829999999998,0.190342075,0.02464259000000002,0.190342075,0.016558909999999982,0.190342075,0.02717497999999996,0.15942492999999996,0.11502892000000003,0.020286440000000017,0.047522940000000014,0.20585209999999998,0.06438854,-0.057060160000000026,0.02409001999999999,0.18804449999999995,0.021058060000000045,0.015592700000000015,0.009764339999999982,0.17704695000000004,-0.013710920000000015,0.0,0.07184915999999997,0.040131870000000014,0.04101098000000003,0.026590249999999926,0.240373031284515,0.25442392276804415
0.12390211500000003,-0.37828005,0.116119115,-0.38998753999999997,0.130519275,-0.39699195,0.06576717500000001,-0.41556194999999996,0.10225141500000001,-0.42819587,-0.011729115000000012,-0.37767249999999997,0.06099471500000003,-0.33387572,0.018041465000000034,-0.22981624,0.10738975500000003,-0.13449119999999992,0.12252095499999999,-0.20288629999999996,0.17108063500000004,-0.18710945,-0.021746514999999966,-0.01366439999999991,0.021746515000000022,0.013664400000000021,-0.002897264999999982,0.17398790000000008,0.033380275000000015,0.19319620000000004,0.015117765000000005,0.19319620000000004,0.019792415000000008,0.19319620000000004,0.029770580000000046,0.14785625999999996,0.10447948999999995,0.02692994000000004,0.04639504,0.19938452000000007,0.06369088,-0.05261825000000009,0.018849249999999984,0.1876523,0.018015029999999987,0.019208299999999956,0.011633759999999993,0.17953180000000002,-0.013587860000000007,0.0,0.07272383000000004,0.04379677999999998,0.04349302999999999,0.02732879999999993,0.23794543563559042,0.25022153832153804
0.126330575,-0.3762604399999999,0.11900838500000005,-0.3873176399999999,0.133418115,-0.39481631999999994,0.06816961500000002,-0.41211636999999995,0.10597241500000004,-0.42587576999999993,-0.008881904999999968,-0.3751696699999999,0.06183948500000003,-0.3316512199999999,0.02658321500000005,-0.23498756999999992,0.10436918500000003,-0.13654381999999998,0.12494971500000002,-0.20255826999999993,0.17263966500000005,-0.18393806999999995,-0.023377084999999964,-0.013222529999999955,0.02337708500000002,0.013222530000000066,-0.016281824999999972,0.17485263000000006,0.04979967500000004,0.19597583000000007,-0.0018585349999999945,0.19597583000000007,0.043604995000000035,0.19597583000000007,0.03546512000000002,0.14018209999999998,0.09836649999999997,0.032429299999999994,0.042529700000000004,0.19510739999999993,0.06827048000000002,-0.04739424999999997,0.007095259999999992,0.18807516000000002,0.014423289999999978,0.02112320000000001,0.026422590000000024,0.1827533,-0.006194680000000008,0.0,0.07072139,0.043518449999999986,0.046754169999999984,0.02644506000000002,0.24051790378179247,0.24728853588594926
0.12368498,-0.37556548,0.11634965999999997,-0.38743178,0.13049622,-0.39411757999999997,0.06631402999999997,-0.41318223,0.10346695,-0.4254386,-0.011890520000000016,-0.37421177,0.06203211999999997,-0.33338348,0.01474745999999999,-0.22505483000000004,0.10353849999999998,-0.13951102999999998,0.12449260000000001,-0.19946792999999996,0.17119878,-0.18910653,-0.023158120000000004,-0.012936069999999966,0.023158120000000004,0.012936069999999966,-0.008931169999999988,0.17571961000000003,0.038453879999999996,0.19651507000000001,0.007056159999999978,0.19651507000000001,0.03163341999999997,0.19651507000000001,0.026637980000000006,0.14915693999999996,0.10974514000000002,0.02558690000000008,0.04150638000000001,0.19387245000000003,0.06766028000000002,-0.049595500000000015,0.014226950000000016,0.18865568,0.015987329999999966,0.020795459999999988,0.015295759999999992,0.18357900000000005,-0.006820460000000028,0.0,0.07392263999999998,0.04082828999999999,0.04631624000000001,0.025872139999999932,0.23789676313808475,0.25047404901106135
0.12078516,-0.37350128000000005,0.11301005999999997,-0.38497122000000006,0.12736759999999997,-0.39191855000000003,0.06295498,-0.40980879000000003,0.09855162,-0.4224529000000001,-0.012520750000000025,-0.37089022000000005,0.05582761999999997,-0.33238486000000006,0.014152720000000008,-0.22433928000000003,0.09650466999999996,-0.14261312000000004,0.11796058999999998,-0.1994973200000001,0.16759436,-0.18260832000000005,-0.02017070000000004,-0.012371620000000028,0.020170699999999986,0.012371619999999917,-0.003311780000000042,0.1775009299999999,0.027453850000000002,0.19950117999999994,0.018279180000000006,0.19950117999999994,0.01717124999999997,0.19950117999999994,0.026673470000000032,0.14655094000000002,0.10380786999999997,0.02484195999999994,0.04067704999999999,0.18977174000000002,0.07108969000000004,-0.03999520000000001,0.01685892,0.18987254999999992,0.021590960000000048,0.022000250000000054,0.007283150000000016,0.18712956000000003,-0.01028260000000003,0.0,0.06834836999999999,0.03850535999999999,0.04034140000000003,0.024743239999999944,0.23258607197670744,0.24443999781173126
0.121920845,-0.37449061000000006,0.11439449499999998,-0.38532647000000003,0.12893554499999998,-0.39313175000000006,0.06365406499999998,-0.40908785000000003,0.10011709499999999,-0.42406627,-0.012298465000000036,-0.36981087,0.056132934999999995,-0.33591183,0.018597494999999964,-0.21716040000000003,0.09839799499999996,-0.14454925000000007,0.124079255,-0.19795190000000007,0.16859299499999997,-0.18206715000000007,-0.020977944999999998,-0.01152075000000008,0.020977944999999998,0.011520749999999969,-0.011779165000000036,0.17794228,0.030897044999999956,0.19957274999999997,0.011954274999999959,0.19957274999999997,0.026888964999999987,0.19957274999999997,0.03089596,0.15265046999999998,0.10548176000000004,0.01920849999999996,0.042265059999999965,0.19136257999999995,0.07019500000000001,-0.03751789999999999,0.009198779999999962,0.1894630300000001,0.023733439999999995,0.021630469999999957,0.009919099999999959,0.188052,-0.0040080799999999694,0.0,0.06843140000000003,0.03389903999999999,0.041955889999999996,0.023041500000000048,0.23621635202111327,0.24344707435685586
0.11774767000000003,-0.36514252,0.11129791000000006,-0.37587717000000004,0.12496633000000001,-0.38370576000000006,0.06256304000000001,-0.40092668000000004,0.09741003000000004,-0.41647473000000007,-0.014203569999999943,-0.36433908000000004,0.053404790000000035,-0.32929388000000004,0.009875250000000058,-0.21538580000000007,0.09433968000000004,-0.13945550000000007,0.11931647000000001,-0.19347507000000008,0.16464145000000002,-0.1775563400000001,-0.020674389999999987,-0.011698399999999998,0.020674390000000042,0.011698399999999998,-0.008970889999999954,0.1789444699999999,0.02686793000000004,0.20509999999999995,0.007442910000000025,0.20509999999999995,0.024881670000000022,0.20509999999999995,0.02407882,0.14895327999999997,0.10944121999999995,0.02191072999999999,0.04093489,0.18983837999999997,0.07030176999999999,-0.038100840000000025,0.011703500000000033,0.1906428699999999,0.01641379999999998,0.026155530000000038,0.006193539999999997,0.19340159999999995,-0.0019862600000000175,0.0,0.06760835999999998,0.0350452,0.04134878000000003,0.023396799999999995,0.2294345192856309,0.23778955186784642
0.11695638000000003,-0.36820480999999994,0.11049275000000003,-0.37881539,0.12394515,-0.38671892999999996,0.06091605,-0.40408095999999993,0.09665815,-0.41963068,-0.014858990000000016,-0.36987882999999994,0.053028909999999985,-0.33526141,0.014021850000000002,-0.21678202999999996,0.09560075000000001,-0.14209282999999995,0.12158195,-0.19691652999999998,0.16476938000000002,-0.18020537999999997,-0.021957189999999988,-0.01168902999999999,0.021957190000000015,0.01168902999999999,-0.017746779999999962,0.17970107000000002,0.04005055000000002,0.20316067000000004,0.0012989300000000314,0.20316067000000004,0.04571539000000002,0.20316067000000004,0.02888084000000002,0.15309679999999998,0.10756009999999999,0.01986549999999998,0.04257184000000003,0.19316858000000003,0.06916863000000001,-0.03811255000000002,0.0042104100000000255,0.1913901,0.019045709999999993,0.023459600000000025,0.018093360000000003,0.19147164000000005,0.005664840000000004,0.0,0.0678879,0.034617419999999954,0.04391438,0.02337805999999998,0.23433461431933097,0.23920448616579956
0.11434971,-0.36519428000000004,0.10809781000000002,-0.37518764000000004,0.12160788,-0.38390724000000004,0.058846609999999966,-0.39986683000000006,0.09450165999999999,-0.41750512000000006,-0.01539324000000003,-0.36713858000000005,0.05030355999999997,-0.33525873000000006,0.017059309999999994,-0.21376638000000003,0.09445702,-0.14138905000000002,0.11774967999999997,-0.19863928000000008,0.16146946,-0.17711538000000004,-0.02124102,-0.011035120000000065,0.02124102,0.011035119999999954,-0.01886880000000002,0.18467237999999997,0.039787519999999965,0.20514871999999995,0.003669599999999995,0.20514871999999995,0.04629232,0.20514871999999995,0.032452550000000024,0.15337220000000001,0.10069036999999997,0.015127099999999949,0.04415346000000003,0.19386968000000004,0.06701244,-0.03572633000000003,0.0023722199999999805,0.19570750000000003,0.022538400000000014,0.020476339999999982,0.018546499999999966,0.1941136,0.006504800000000033,0.0,0.0656968,0.03187984999999999,0.04248204,0.02207024000000002,0.23348176703073753,0.23465853071022924
0.11397415499999997,-0.36001282,0.10787573499999997,-0.36973267000000004,0.12096053499999998,-0.3784109,0.05962315499999998,-0.39342617,0.09352344499999998,-0.41094546000000004,-0.01210630500000004,-0.36169978,0.04875931499999997,-0.32950680000000004,0.01962963499999998,-0.21414054999999999,0.09208253499999997,-0.13849487000000005,0.11547005499999996,-0.19756134000000003,0.158484735,-0.17150635999999997,-0.019134975000000026,-0.010752399999999995,0.019134975,0.010752399999999995,-0.016281245000000028,0.184377,0.03316736499999995,0.21071479999999998,0.0042246950000000005,0.21071479999999998,0.03461979499999995,0.21071479999999998,0.03173594000000002,0.14755923000000004,0.09584041999999998,0.016579209999999955,0.043323219999999996,0.19101193,0.06640220000000002,-0.03301148999999992,0.0028537299999999988,0.1951294,0.020505940000000028,0.026337799999999967,0.01403238999999995,0.19996239999999998,0.0014524300000000046,0.0,0.06086562000000001,0.03219297999999998,0.038269950000000025,0.02150479999999999,0.23025224030446373,0.22942670116792244
0.11135156499999999,-0.35808704999999996,0.10458905499999999,-0.36707304999999996,0.11948920499999999,-0.37587816999999996,0.055297954999999954,-0.39153298,0.09301330499999999,-0.40963016999999996,-0.014041145000000033,-0.36113827,0.04509706499999999,-0.32639672,0.01815850499999999,-0.22154045,0.09266723499999996,-0.13776025000000003,0.11236568499999999,-0.19659245000000003,0.153120985,-0.16818981,-0.01836426500000002,-0.01104605000000003,0.01836426499999999,0.01104605000000003,-0.008141295000000048,0.18071331000000002,0.027754524999999974,0.21236385000000002,0.0009674549999999504,0.21236385000000002,0.03261162499999998,0.21236385000000002,0.032199650000000024,0.13959781999999998,0.09420718,0.02494799999999997,0.04757016999999997,0.18863646999999995,0.06045375000000003,-0.030429559999999967,0.01022296999999997,0.19175936000000005,0.009108749999999999,0.031650540000000005,0.009390259999999984,0.2013178,0.004857100000000003,0.0,0.059138210000000024,0.03474155000000001,0.03672853000000001,0.02209210000000006,0.2269752990524795,0.22424287523820688
0.11055142999999995,-0.35159777000000003,0.10364161,-0.35962944,0.11858746999999997,-0.36944523,0.05453488999999995,-0.38473954000000005,0.09090718999999997,-0.40404349,-0.012097490000000016,-0.35645237,0.04213897,-0.32331269,0.01931421,-0.22404637000000005,0.0895744,-0.13592846999999997,0.10874212999999999,-0.18854751000000003,0.15098633,-0.16286586999999997,-0.015830170000000032,-0.00986143000000006,0.015830169999999977,0.009861429999999949,0.004074099999999969,0.17750663,0.02216088999999999,0.21888682999999998,0.009698279999999948,0.21888682999999998,0.02061769999999996,0.21888682999999998,0.031411700000000015,0.13240599999999997,0.08942792,0.03549886000000002,0.04743543,0.18738422000000005,0.06141193,-0.0269374,0.01990427,0.18736806000000006,0.005624179999999979,0.04138019999999998,0.006330720000000012,0.20902540000000003,-0.0015431900000000276,0.0,0.054236460000000014,0.033139680000000005,0.03166034000000001,0.01972286000000001,0.21782326118451262,0.21932147124993387
0.11051168499999997,-0.34954006500000007,0.10391741499999996,-0.35742186500000006,0.11876240499999996,-0.3672203650000001,0.05514407499999996,-0.38203770500000006,0.09137120499999996,-0.4014131250000001,-0.011960105000000026,-0.3546738650000001,0.04189512499999998,-0.3200764150000001,0.021260524999999975,-0.22920162500000008,0.08721894499999999,-0.13661176500000005,0.10863789499999998,-0.18654396500000003,0.15185564499999998,-0.16023596500000004,-0.016241315000000034,-0.010134865000000048,0.01624131499999998,0.010134864999999937,0.002639884999999953,0.17586087499999992,0.027186274999999982,0.2185940649999999,0.008912644999999997,0.2211404349999999,0.025075144999999965,0.2211404349999999,0.03322063,0.12547224,0.08737737000000001,0.04265766000000004,0.045323820000000015,0.18346465000000006,0.06463669999999999,-0.023624199999999984,0.018881199999999987,0.18599573999999996,0.006272760000000044,0.045279559999999996,0.010944960000000004,0.20845919999999996,-0.0021111300000000166,0.00254637000000002,0.053855230000000004,0.034597449999999974,0.03248263000000001,0.020269729999999986,0.21613650236143384,0.21775551937031995
0.11170980999999996,-0.35021791499999994,0.10608329,-0.35691556499999993,0.12004120999999995,-0.36819986499999996,0.05901390999999995,-0.383070565,0.09374020999999999,-0.40557864499999996,-0.009103990000000034,-0.3543979649999999,0.04507750999999999,-0.32557906499999995,0.025597469999999956,-0.2240806649999999,0.08971236999999999,-0.14154826499999995,0.11318392999999999,-0.18944052499999997,0.15601641,-0.16827786499999997,-0.017479010000000017,-0.00976606499999999,0.01747900999999996,0.009766065000000101,-0.003678730000000019,0.17641013500000002,0.03961192999999996,0.21704837500000007,-0.003053380000000022,0.21899273500000005,0.037609389999999965,0.21899273500000005,0.03470145999999999,0.13031730000000002,0.08758646000000003,0.03464013999999993,0.04463486,0.1840308,0.06630404000000001,-0.02672960000000002,0.013800279999999998,0.18617620000000001,0.0006253499999999967,0.042582600000000026,0.02213292,0.20728230999999997,-0.002002539999999997,0.0019443599999999783,0.05418150000000002,0.02881889999999998,0.03495801999999998,0.019532130000000092,0.2221614626026197,0.2255931120593112
0.112745865,-0.34513043499999996,0.10746168500000003,-0.35200023499999994,0.121280695,-0.36319225499999996,0.05933076500000001,-0.37985953499999997,0.09520678500000002,-0.40259577499999993,-0.015006934999999999,-0.35150083499999996,0.049486205000000005,-0.32400673499999993,0.01824720499999999,-0.212774295,0.094956965,-0.13837583499999995,0.11378480499999999,-0.184907575,0.157456965,-0.16727807499999992,-0.02294776499999998,-0.009988565000000005,0.02294776500000001,0.009988565000000005,-0.013600444999999989,0.17428196500000004,0.05879476500000003,0.21843406500000007,-0.015144074999999979,0.22136936500000004,0.069572825,0.22136936500000004,0.03325413999999999,0.13872653999999995,0.0955376,0.02786672000000001,0.04547076,0.1856309,0.0625,-0.028902239999999968,0.009347319999999992,0.18427053000000004,-0.0015436299999999903,0.0470874,0.03584700000000002,0.20844550000000006,0.010778059999999978,0.002935299999999974,0.06449314,0.02749410000000002,0.04589552999999999,0.01997713000000001,0.22201904368361058,0.22252232818647563
0.11363782,-0.3453998300000001,0.10835830999999996,-0.3528938700000001,0.12143295999999998,-0.3640716300000001,0.06024978999999997,-0.3786146500000001,0.09546705999999999,-0.4018642300000001,-0.015008570000000027,-0.34940323000000006,0.05046723999999997,-0.3247473700000001,0.01950753999999999,-0.2056077300000001,0.09502373999999997,-0.13758183000000013,0.11812997999999997,-0.18383663000000006,0.15776453999999995,-0.16377909000000013,-0.023514490000000027,-0.009721170000000057,0.02351449,0.009721169999999946,-0.01800337000000002,0.1853047699999999,0.06702039999999998,0.22424636999999992,-0.010583000000000037,0.22424636999999992,0.07973743999999999,0.22424636999999992,0.034516110000000017,0.14379549999999997,0.09862243999999998,0.021771100000000043,0.0445565,0.18716553999999996,0.06274079999999999,-0.02619726,0.005511120000000008,0.19502593999999995,0.007420369999999982,0.03894160000000002,0.04350590999999998,0.21452519999999997,0.012717040000000013,0.0,0.06547581,0.024655859999999974,0.047028980000000026,0.019442340000000002,0.22445344571334275,0.21937505816539427
0.11156740000000001,-0.34470981,0.1060249,-0.35221391,0.11927560000000001,-0.36296069000000003,0.057386500000000035,-0.37714115000000004,0.09260504,-0.39941319000000003,-0.015499889999999988,-0.34787401,0.04536537999999998,-0.32036149,0.02049100000000001,-0.20996484999999998,0.08984129999999999,-0.13641375,0.11629619999999999,-0.18618955000000004,0.15406983,-0.16449075000000002,-0.02236089999999999,-0.010331650000000026,0.02236089999999999,0.010331650000000026,-0.01809967999999998,0.18406418000000002,0.0674565,0.22604164999999998,-0.015015570000000006,0.22604164999999998,0.08242659999999999,0.22604164999999998,0.03599089,0.13790916000000003,0.09580519999999998,0.023775299999999944,0.04447592,0.18394774000000003,0.06422853,-0.02807700000000002,0.00426122000000001,0.19439583000000005,0.0030841099999999733,0.04197746999999996,0.04509560000000001,0.21570999999999996,0.014970099999999986,0.0,0.06086526999999997,0.027512519999999985,0.04472179999999998,0.02066330000000005,0.22394595859898878,0.2188837905910461
0.10416743999999997,-0.3375899849999999,0.0993223,-0.34535357499999997,0.11180089000000001,-0.35551044499999995,0.052748040000000024,-0.36884250499999993,0.08356949999999999,-0.389668975,-0.012499769999999993,-0.34160852499999994,0.032555079999999986,-0.30797934499999996,0.028194409999999975,-0.2258017349999999,0.07247606999999998,-0.1351562449999999,0.10544197000000002,-0.17956060499999993,0.14272124,-0.15218300499999993,-0.017241040000000013,-0.011251654999999916,0.017241040000000013,0.011251655000000027,-0.009905780000000003,0.1653715950000001,0.057186280000000006,0.21438565500000006,-0.013266319999999998,0.23244729500000005,0.06793424,0.23244729500000005,0.04069417999999997,0.11580679000000005,0.07724756000000005,0.046241129999999964,0.03992098999999999,0.17282310000000006,0.07024517000000002,-0.01702676000000003,0.00733526000000001,0.17662325,-0.003360539999999995,0.06707569999999996,0.03994523999999999,0.20313400000000004,0.01074796,0.01806163999999999,0.04505484999999998,0.03362917999999998,0.034482080000000026,0.022503309999999943,0.20827631548681336,0.20604894729494636
0.10176277500000003,-0.33597515,0.09731458500000001,-0.34357748,0.10923221500000002,-0.35457853,0.051189065000000034,-0.36659467,0.07980238500000003,-0.38961491,-0.014718044999999985,-0.33726895,0.02795228500000002,-0.30914998,0.023487285000000024,-0.21556125000000004,0.065919285,-0.13734245,0.10315775500000002,-0.17836388999999997,0.139975285,-0.15291378,-0.016682714999999987,-0.010782749999999952,0.016682715000000015,0.010782749999999952,-0.010597014999999987,0.16687575,0.057197685,0.21771035000000005,-0.014489424999999972,0.23279485,0.07039013500000002,0.23279485,0.03820533000000001,0.12170769999999997,0.07967047,0.03719736000000007,0.03796699999999997,0.17180752999999999,0.07405600000000001,-0.015571329999999994,0.0060856999999999994,0.17765849999999994,-0.003892409999999985,0.06591910000000001,0.040514969999999983,0.2069276000000001,0.013192450000000022,0.015084499999999945,0.042670330000000006,0.02811897000000002,0.03336543,0.021565499999999904,0.20602227242101886,0.20493318850602452
0.10128993,-0.33766023000000006,0.09697920000000002,-0.34524343,0.10863118000000002,-0.3565245,0.05115232,-0.36705223000000003,0.07970158000000002,-0.39073745000000004,-0.014247369999999981,-0.33585268000000007,0.027219679999999996,-0.31115822000000004,0.022238549999999996,-0.20936008000000006,0.061658679999999993,-0.13798598000000006,0.10293061,-0.17751758000000006,0.13854768000000003,-0.1527672200000001,-0.01645537999999999,-0.010333520000000096,0.01645537999999999,0.010333519999999985,-0.010268329999999992,0.16288848999999994,0.06033236,0.21311351999999995,-0.013559619999999994,0.23334111999999996,0.07308885000000001,0.23334111999999996,0.03648591999999998,0.1264926,0.08069206000000001,0.031842499999999996,0.034439,0.17317223999999998,0.07688900000000004,-0.014781240000000029,0.0061870499999999995,0.17322201000000004,-0.0032912900000000023,0.07045263000000002,0.04387698000000001,0.20277999999999996,0.01275649000000001,0.020227600000000012,0.04146704999999998,0.02469446000000003,0.03291075999999998,0.02066704000000008,0.205434964225576,0.20373605745630213
0.09950819500000002,-0.33711294999999997,0.09489625499999998,-0.34488311999999993,0.10704290500000002,-0.35592964999999993,0.04886522500000001,-0.36778444999999993,0.07856207500000001,-0.39095873,-0.018945125000000007,-0.33618461999999993,0.027607235000000008,-0.3126070799999999,0.015277415000000016,-0.20919944999999995,0.05517275500000002,-0.14167624999999995,0.10300685500000001,-0.17912465,0.137113775,-0.1506293999999999,-0.018380105000000008,-0.01066011,0.01838010499999998,0.01066011,-0.010104525000000003,0.16165972000000006,0.06348355499999997,0.21516915000000003,-0.011699855000000009,0.23370385000000005,0.07183730500000002,0.23370385000000005,0.034222540000000023,0.12698516999999998,0.08772943999999999,0.030074799999999957,0.02756552000000001,0.17093082999999998,0.08194101999999998,-0.008953149999999965,0.008275580000000005,0.17231983000000006,-0.001595330000000006,0.07204412999999998,0.04510344999999999,0.20450904000000003,0.008353750000000049,0.018534700000000015,0.046552360000000015,0.023577540000000008,0.03676020999999999,0.02132022,0.20764174747736353,0.20027978037662458
0.09933604000000004,-0.33823870500000003,0.09462336000000002,-0.346320365,0.10663266000000002,-0.35695287500000006,0.04853560000000004,-0.369779905,0.07850832999999999,-0.39188957500000005,-0.020551629999999987,-0.338224805,0.028329379999999987,-0.31490925500000005,0.008688520000000005,-0.21174094500000007,0.05217486000000002,-0.14599034500000008,0.10460494000000001,-0.18087104500000006,0.13629974000000003,-0.15180640499999998,-0.018878289999999992,-0.010698945000000015,0.018878289999999992,0.010698945000000015,-0.006015499999999979,0.16627509499999993,0.06460363999999999,0.21856829499999997,-0.00841866999999999,0.23293849499999997,0.07186166000000002,0.23293849499999997,0.029240149999999993,0.12648385999999995,0.09591642,0.030869900000000006,0.02384548000000003,0.16891890999999998,0.08412488000000001,-0.005816059999999901,0.012862790000000013,0.17697403999999994,-0.00240317000000001,0.06666340000000004,0.04572535,0.20786934999999995,0.007258020000000032,0.0143702,0.048881009999999975,0.023315549999999963,0.037756579999999984,0.02139789000000003,0.21025377929930988,0.20048886677001546
0.09818496999999998,-0.3479747,0.0934062,-0.3556791100000001,0.10587050999999997,-0.36765380000000003,0.04666676999999997,-0.37833612000000005,0.07768376999999999,-0.40365191000000006,-0.023660840000000016,-0.34377490000000005,0.028030429999999995,-0.32706861000000004,0.012137799999999976,-0.21099498000000005,0.05137135999999998,-0.15630308000000004,0.10626437999999999,-0.18919308,0.13478579999999996,-0.1629768800000001,-0.019861370000000017,-0.009063820000000056,0.01986136999999999,0.009063819999999945,-0.010351530000000025,0.17089445999999997,0.06617952999999999,0.21692718999999994,-0.0035968500000000403,0.22323311999999995,0.07063512999999999,0.22323311999999995,0.03579863999999999,0.13277992,0.09412658000000002,0.02180190000000004,0.023340929999999982,0.17076553,0.08341443999999998,-0.006673800000000063,0.009509839999999992,0.17995828000000003,0.006754679999999985,0.05233865999999998,0.04631816,0.20786337,0.004455600000000004,0.006305930000000015,0.05169127000000001,0.016706290000000013,0.039722740000000006,0.01812764,0.21989600978919577,0.2068952079370494
0.099086285,-0.348565,0.09426162499999996,-0.35454943,0.10735555499999999,-0.36692437,0.047090474999999965,-0.37746983,0.08050263499999999,-0.40408867000000004,-0.02313330500000002,-0.34592783000000005,0.02726003499999996,-0.33010932000000004,0.012810834999999965,-0.20894714999999997,0.05482379500000001,-0.15535118000000003,0.10541889499999996,-0.19164165,0.136680425,-0.16171665000000002,-0.019457585000000027,-0.008598850000000047,0.019457585,0.008598849999999936,-0.016866745000000016,0.17584024999999992,0.070465275,0.21892069000000003,-0.008936605000000014,0.22583094999999997,0.08086860499999998,0.22583094999999997,0.035944139999999986,0.13698068000000008,0.09260805999999999,0.017305499999999974,0.027563760000000048,0.17475814,0.08185662999999999,-0.006365469999999984,0.002590840000000011,0.18443909999999997,0.007930140000000002,0.049990700000000055,0.051007689999999994,0.2103218400000001,0.010403329999999988,0.006910259999999946,0.05039333999999998,0.015818510000000008,0.03891517000000003,0.017197699999999982,0.2215824945455538,0.20675725805377565
0.09824957500000003,-0.347332325,0.09361545500000001,-0.353432365,0.10648615500000003,-0.365848045,0.046812995000000024,-0.375076365,0.07977107500000002,-0.402025475,-0.022108624999999993,-0.341647025,0.02520815500000001,-0.327148225,0.011423834999999993,-0.204888925,0.05330870500000001,-0.15404172500000002,0.105065715,-0.18876462500000002,0.13548312500000004,-0.160714185,-0.018276174999999978,-0.00827552499999995,0.018276175000000006,0.00827552499999995,-0.01516203499999999,0.17762907500000003,0.06597047500000003,0.219262175,-0.009644104999999986,0.228477975,0.079338715,0.228477975,0.033532459999999986,0.1367581,0.09364188000000001,0.01612429999999998,0.028100550000000002,0.1731065,0.08217442000000003,-0.006672459999999991,0.0031141399999999875,0.18590459999999998,0.005517930000000004,0.050848899999999975,0.04769430000000002,0.21098665000000005,0.013368239999999976,0.009215799999999996,0.04731678,0.014498799999999978,0.03655234999999998,0.0165510499999999,0.2186081815659746,0.20565746087654246
0.09760134999999998,-0.34504861000000003,0.09318064999999998,-0.35118872,0.10551915,-0.36369208000000003,0.04688477999999996,-0.37316239,0.07785898999999996,-0.40024359000000004,-0.02344052000000002,-0.34042855000000005,0.024650579999999978,-0.32505015000000004,0.010964399999999985,-0.20597068000000007,0.05267867999999998,-0.15295855000000003,0.10529754999999996,-0.18857310000000005,0.13656785,-0.16149501,-0.01845178,-0.00850384999999998,0.018451779999999973,0.00850384999999998,-0.015522140000000018,0.17729452,0.06541899000000001,0.21917014999999995,-0.010048640000000025,0.22964324999999997,0.07407965,0.22964324999999997,0.034404920000000005,0.13445786999999998,0.09433314999999998,0.017397580000000024,0.0280281,0.1720916,0.08388917000000001,-0.008536459999999968,0.0029296399999999834,0.18579837,0.005473499999999992,0.052348729999999954,0.04696721000000004,0.21066629999999997,0.008660659999999987,0.010473100000000013,0.0480911,0.015378400000000014,0.036903559999999974,0.01700769999999996,0.21849217713916308,0.20700487528931413
0.09461765999999999,-0.34908732000000003,0.09038517000000001,-0.35486057,0.10321057,-0.36767393000000004,0.044300110000000004,-0.37638118000000004,0.07690566999999998,-0.4044797,-0.024652249999999987,-0.3439175,0.02222147000000002,-0.32747924,0.012383990000000011,-0.21433466,0.05155473999999999,-0.15591644999999998,0.10335963999999997,-0.19332170000000004,0.13543480000000002,-0.1644624,-0.01815620000000001,-0.008543300000000031,0.01815620000000001,0.008543300000000031,-0.016226920000000006,0.18081190000000003,0.06382536999999999,0.22177022999999996,-0.011389380000000005,0.2268439,0.07343354000000002,0.2268439,0.03703624,0.12958283999999998,0.09097564999999996,0.02101295999999997,0.029333269999999967,0.17156279000000002,0.08388006000000003,-0.008545950000000024,0.0019292800000000054,0.18935520000000006,0.004837540000000001,0.04603199999999996,0.04566916999999998,0.21322692999999993,0.009608170000000027,0.00507367000000003,0.04687372000000001,0.016438259999999982,0.03631240000000002,0.017086600000000063,0.22115414641707623,0.20901014867812046
0.09423676500000003,-0.3489049149999999,0.09053782499999999,-0.35509035499999997,0.10233096500000002,-0.3678746849999999,0.045730465000000026,-0.3755709649999999,0.07570121500000002,-0.403965455,-0.02155120499999999,-0.33970681499999994,0.02031538499999999,-0.32700530499999997,0.012905165000000024,-0.2055844349999999,0.049653964999999994,-0.1567372749999999,0.10503942499999999,-0.1884031949999999,0.134498545,-0.164371135,-0.016409315000000008,-0.007887964999999997,0.016409315000000008,0.007887965000000108,-0.014582774999999992,0.1834623150000001,0.060928765000000024,0.22379969500000008,-0.01102777499999999,0.22744106500000005,0.07455832500000001,0.22744106500000005,0.034456370000000014,0.13412238000000004,0.09213425999999997,0.017181239999999987,0.029338580000000003,0.17026803000000007,0.08484458,-0.007633860000000103,0.0018265400000000154,0.1913502800000001,0.0035550000000000026,0.043978749999999955,0.044519450000000016,0.21591172999999997,0.013629559999999985,0.003641369999999977,0.04186658999999998,0.012701509999999971,0.032818630000000015,0.015775930000000105,0.21756733373726045,0.2088498594081474
0.09625129000000004,-0.34798482999999997,0.09217177000000004,-0.35440329,0.10418131000000003,-0.36656438999999996,0.04680393000000005,-0.37564664999999997,0.07702408000000005,-0.40226977999999997,-0.022019509999999964,-0.3406997,0.02236218000000001,-0.32547376,0.008832850000000003,-0.20967239000000004,0.049794530000000004,-0.15668442999999999,0.10273195000000002,-0.19001983,0.13610107000000005,-0.15985443,-0.016943809999999976,-0.008459870000000036,0.016943810000000004,0.008459870000000036,-0.01149750999999996,0.1803686,0.06138987000000001,0.22172647,-0.00770986999999998,0.22895217,0.07328523000000003,0.22895217,0.030852359999999968,0.13102730999999995,0.09389910000000001,0.01965256000000004,0.027432349999999994,0.16878933000000002,0.08630654000000004,-0.003170000000000006,0.005446300000000015,0.18882847000000003,0.003787639999999981,0.04858357000000002,0.04444606000000001,0.21326659999999997,0.011895360000000021,0.0072257000000000016,0.044381689999999974,0.015225939999999993,0.03388761999999998,0.016919740000000072,0.21745414828597587,0.20622355877832585
0.09648051499999999,-0.34802861499999993,0.09265771499999997,-0.35477878499999993,0.10392285499999998,-0.3665632849999999,0.047892345,-0.37580008499999995,0.076091095,-0.40148450499999994,-0.021179665000000014,-0.34056980499999995,0.022118195000000007,-0.3221342849999999,0.011541715000000008,-0.21467421499999995,0.049857384999999976,-0.1547700849999999,0.10281236500000002,-0.19057903499999995,0.135840715,-0.16190038499999992,-0.016773885000000016,-0.009049514999999952,0.01677388499999999,0.009049515000000063,-0.010979015000000009,0.18001801500000003,0.064029795,0.22190061500000002,-0.009679035000000002,0.22944851500000008,0.07261199499999998,0.22944851500000008,0.03272138000000002,0.12589559,0.09127065000000001,0.024095179999999994,0.02773918999999997,0.16736420000000002,0.08598333000000002,-0.007130300000000034,0.0057948700000000075,0.18906752999999998,0.0012999800000000061,0.049430500000000044,0.04725591000000001,0.21285109999999996,0.008582199999999984,0.007547900000000052,0.04329786000000002,0.01843552000000004,0.033547770000000005,0.018099030000000016,0.21737947883940864,0.20832853457042053
0.095703395,-0.3480724649999999,0.09184980499999998,-0.3543036349999999,0.10343220500000003,-0.3664246349999999,0.047145185000000006,-0.3749148349999999,0.07637131500000002,-0.4014733349999999,-0.01865413499999999,-0.3410002849999999,0.020351935000000015,-0.3237416149999999,0.018381204999999984,-0.21403389499999992,0.05033677499999997,-0.15456463499999995,0.10238328500000002,-0.19209998499999992,0.13673083500000002,-0.16145699499999988,-0.015470204999999987,-0.008707104999999937,0.015470204999999987,0.008707105000000048,-0.011454555000000005,0.17834276500000013,0.065605035,0.21971776500000006,-0.01008477499999999,0.2298035650000001,0.07578527500000001,0.2298035650000001,0.03703533999999997,0.12696638999999998,0.08400208000000003,0.02193391,0.029984839999999957,0.16917697999999998,0.08639406000000005,-0.006892359999999931,0.004015649999999982,0.18704987000000006,0.0013697800000000149,0.05146079999999997,0.05013483000000002,0.21101066000000002,0.010180240000000007,0.010085800000000034,0.039006070000000004,0.017258669999999976,0.030940409999999974,0.017414209999999986,0.21799631542728995,0.2089496621600688
0.09446579500000002,-0.34726741999999994,0.09073754499999998,-0.35331584999999993,0.10241946499999999,-0.36566144999999994,0.046333285,-0.37389012999999993,0.075960725,-0.40108480999999996,-0.01822431499999999,-0.34073110999999995,0.018930345000000015,-0.3233185499999999,0.01853537500000002,-0.21240534999999994,0.050653404999999985,-0.15143474999999995,0.10059649500000001,-0.19287054999999997,0.137212875,-0.16271399999999991,-0.01474842500000001,-0.008735649999999984,0.01474842500000001,0.008735650000000095,-0.010321335000000015,0.17848629000000005,0.06425904500000001,0.21980085000000005,-0.010365335000000003,0.22937775000000005,0.07567358499999999,0.22937775000000005,0.03675969000000001,0.12832576,0.08206111999999999,0.019534799999999963,0.03172305999999997,0.17188379999999998,0.08655947000000003,-0.011279249999999963,0.004427089999999995,0.18722194000000003,-4.399999999998849e-05,0.05089146,0.049510620000000005,0.21106519999999995,0.011414539999999973,0.0095769,0.037154660000000006,0.01741256000000002,0.02949685000000002,0.01747130000000008,0.2172788806299784,0.2106953345447521
0.09358902,-0.34905133,0.09018297,-0.35548291,0.10119961000000002,-0.36773045,0.04648779,-0.37621355,0.07399830999999998,-0.40320175,-0.019278779999999995,-0.34156845,0.018261270000000024,-0.32434261,0.014899500000000038,-0.21397029999999995,0.04854602999999999,-0.15383409999999997,0.09900797000000003,-0.19394714999999996,0.13576467,-0.16159362,-0.014638769999999995,-0.008745310000000006,0.014638769999999995,0.008745310000000006,-0.010044429999999993,0.17904575,0.060201599999999994,0.22056489999999995,-0.008142369999999982,0.22798425,0.07138257,0.22798425,0.03417828000000003,0.12759815000000008,0.08410846999999999,0.02002314999999999,0.030284759999999966,0.17050851,0.08721864000000001,-0.00775952000000002,0.004594340000000002,0.18779106,0.001902060000000011,0.048938499999999996,0.04556283,0.21181958999999995,0.011180970000000012,0.007419350000000047,0.03754005000000002,0.017225840000000048,0.02927753999999999,0.017490620000000012,0.2172908259729646,0.2090139582046015
0.09382031000000002,-0.3420397600000001,0.09026551999999999,-0.3482112600000001,0.10179274999999999,-0.36050817000000007,0.04617874999999999,-0.36915949000000003,0.07497918999999997,-0.3963686800000001,-0.019470669999999995,-0.33612299000000007,0.018597130000000017,-0.31768236000000005,0.014539350000000006,-0.20729483000000004,0.051812479999999994,-0.14424743000000007,0.09846139999999998,-0.18697667000000007,0.13726244999999998,-0.1546255900000001,-0.014825350000000015,-0.008930030000000033,0.014825350000000015,0.008930029999999922,-0.008175100000000018,0.18072606999999996,0.060526880000000005,0.2219160699999999,-0.009716350000000012,0.23502486999999994,0.07325422999999998,0.23502486999999994,0.03401002,0.12882816000000002,0.08392204999999997,0.020318159999999974,0.03321534999999998,0.17343493,0.08544996999999999,-0.010378160000000025,0.0066502499999999964,0.1896561,-0.001541249999999994,0.05429879999999998,0.04570152999999999,0.21298604,0.01272734999999997,0.013108800000000032,0.03806780000000001,0.018440630000000013,0.02965070000000003,0.017860059999999955,0.21103197326673537,0.20430683857863005
0.09198096,-0.344074935,0.08874203999999997,-0.349676155,0.10015172,-0.362672535,0.045161039999999986,-0.370933855,0.07347233999999997,-0.399654535,-0.020119300000000007,-0.340455205,0.017301169999999977,-0.321647835,0.017563190000000006,-0.21471063499999998,0.05141817999999998,-0.14711003499999997,0.09759854000000001,-0.189086235,0.13537296,-0.15526953499999996,-0.01454416,-0.00888133499999999,0.014544159999999973,0.00888133499999999,-0.00997344,0.17552076500000002,0.05930500999999999,0.216583015,-0.00851585000000002,0.232809665,0.06949149999999998,0.232809665,0.03768249000000001,0.12574457,0.08003535,0.02562439999999999,0.03411701,0.17453780000000002,0.08395478,-0.008159499999999986,0.00457072,0.1844021,0.0014575899999999808,0.057288899999999976,0.04476085000000002,0.20770168,0.010186489999999992,0.01622665000000001,0.03742046999999998,0.01880736999999999,0.029088319999999973,0.01776266999999998,0.21224936077006218,0.20382616866142797
0.09134672499999999,-0.34643527999999996,0.08804342499999998,-0.35221233999999996,0.09939042500000003,-0.36493318999999996,0.04469152499999998,-0.37356392,0.07272450500000002,-0.40154957999999996,-0.02019774499999999,-0.3421354,0.01700110499999999,-0.32326513999999995,0.018513105000000002,-0.21850422000000003,0.04699088500000001,-0.15097927999999994,0.09723879500000002,-0.19094705999999995,0.133512755,-0.15558132000000002,-0.014680785000000002,-0.008817019999999953,0.014680785000000002,0.008817020000000064,-0.012082824999999991,0.17905738000000004,0.060173375,0.21957922000000007,-0.007232994999999992,0.23095858000000002,0.06849898499999998,0.23095858000000002,0.03871084999999999,0.12363117999999995,0.07872569000000001,0.02755716000000008,0.02998978000000002,0.17228586,0.08652187,-0.004602040000000085,0.0025979600000000103,0.1878744,0.004849829999999999,0.05190119999999998,0.04549259,0.2107622,0.008325609999999983,0.01137935999999995,0.03719884999999998,0.018870260000000028,0.029361570000000003,0.017634040000000017,0.21376937071942276,0.20284933149713985
0.09107854999999998,-0.3476788999999999,0.08799842000000002,-0.3536310999999999,0.09903556000000002,-0.3662546499999999,0.04501633999999999,-0.37503407999999994,0.07222336000000001,-0.4030268999999999,-0.018946059999999987,-0.34342171999999993,0.01564112000000001,-0.3237483399999999,0.02062761000000002,-0.2200401999999999,0.04816459000000001,-0.1512813999999999,0.09786495,-0.1912976999999999,0.13318481999999998,-0.15836046999999986,-0.013704770000000005,-0.009007499999999946,0.013704770000000033,0.009007500000000057,-0.009984209999999993,0.18063550000000006,0.05903681999999999,0.22192430000000007,-0.00767255,0.2294438000000001,0.06908184,0.2294438000000001,0.039573670000000005,0.12338152000000002,0.07723733999999999,0.028742500000000004,0.03252347,0.17246694,0.08502022999999997,-0.007079069999999965,0.0037205600000000116,0.189643,0.002311659999999993,0.04880830000000003,0.04533204999999996,0.21291680000000002,0.010045020000000016,0.007519500000000012,0.034587179999999995,0.019673380000000018,0.027409540000000038,0.018015000000000003,0.21372299697720504,0.205639295198956
0.09084587000000002,-0.34509288500000007,0.08782067000000002,-0.35081902500000006,0.09859280000000001,-0.3638819850000001,0.04515271000000001,-0.37086790500000005,0.07098679,-0.39995276500000004,-0.015857110000000008,-0.33805766500000006,0.01201995000000003,-0.3207089550000001,0.02411522000000002,-0.213766585,0.04690130000000001,-0.14818018500000008,0.09694117,-0.1885594450000001,0.13135664,-0.15524104500000002,-0.01123093,-0.008494345000000014,0.01123093,0.008494344999999903,-0.0072843300000000055,0.175863475,0.05418794000000002,0.21587191499999991,-0.007604849999999996,0.23247471499999994,0.06707538999999998,0.23247471499999994,0.03997233000000003,0.12429108000000005,0.07282594999999997,0.025207139999999906,0.03488134999999998,0.17252877,0.08445533999999999,-0.007060859999999947,0.0039465999999999946,0.18435782,-0.0003205199999999908,0.05661123999999995,0.04295701000000002,0.20737757,0.012887449999999967,0.01660280000000003,0.027877060000000037,0.01734870999999999,0.02246186,0.016988689999999917,0.21005866670151943,0.20307502096874488
0.09131204500000001,-0.34453369999999994,0.08800929499999999,-0.35037158999999996,0.09914630499999999,-0.36315917,0.04481502500000001,-0.37106213,0.07155442499999998,-0.39937029999999996,-0.018532085000000004,-0.33794849,0.014191265000000008,-0.32000200999999995,0.020729264999999997,-0.21442302999999996,0.046122365,-0.14894719999999995,0.09757802500000001,-0.18754472999999994,0.13249242499999997,-0.15428893,-0.013152295000000008,-0.00868563,0.01315229499999998,0.00868563,-0.009056455000000019,0.17741983000000006,0.05809428499999997,0.21754077000000005,-0.00839841500000002,0.23307447000000003,0.06852012499999999,0.23307447000000003,0.03926135,0.12352546000000003,0.07684876000000002,0.02687830000000002,0.03193109999999999,0.17105481,0.08637005999999997,-0.0053417300000000445,0.0040958399999999895,0.18610546000000006,0.0006580399999999986,0.05565463999999998,0.04494198999999999,0.20885514000000005,0.01042584000000002,0.015533699999999984,0.03272335000000001,0.017946480000000042,0.02630458999999999,0.01737126,0.21036107391842337,0.20199696491682864
0.09131864500000003,-0.34594733,0.088428805,-0.35189587,0.09858186500000005,-0.36497191,0.04583586500000003,-0.37185532,0.07025720500000004,-0.40087975000000003,-0.017547234999999967,-0.33756599000000004,0.013638035000000048,-0.32237745,0.020744575000000043,-0.20892164999999996,0.047352925000000046,-0.15031249000000002,0.09831110500000001,-0.18624609999999997,0.13141025500000003,-0.15772039000000004,-0.012402074999999985,-0.008178710000000033,0.012402075000000012,0.008178710000000033,-0.009479894999999988,0.18076225,0.057099535000000035,0.22042454999999994,-0.008865254999999989,0.23153585,0.067593285,0.23153585,0.03829181000000001,0.12864434000000008,0.07756652999999997,0.02267554999999999,0.03371489,0.17206496,0.08405732999999999,-0.007407900000000023,0.0029221799999999964,0.18894096000000005,0.0006146399999999996,0.050773599999999974,0.04469746000000002,0.2122458399999999,0.010493749999999968,0.011111300000000046,0.031185270000000015,0.015188540000000028,0.024804149999999997,0.016357420000000067,0.20967928750147086,0.20417016992627113
0.09164018500000001,-0.34400189,0.08900667500000001,-0.34952393,0.09884677499999997,-0.36332348,0.04702241500000001,-0.36907049999999997,0.07011698499999999,-0.3998267,-0.016553714999999997,-0.33432271999999996,0.01235650499999999,-0.32488235,0.020379675000000014,-0.20344107999999994,0.04026333499999998,-0.15538244999999995,0.10114757500000002,-0.18361848000000003,0.129447715,-0.15707274999999998,-0.011560335000000005,-0.007082950000000032,0.011560335000000005,0.007082950000000032,-0.009394025,0.18082189999999998,0.056279194999999976,0.21774885,-0.005771644999999992,0.23163915000000002,0.06352998499999998,0.23163915000000002,0.03693339000000001,0.13088164000000002,0.0807679,0.019822599999999913,0.027906829999999994,0.16949990000000004,0.08918438000000001,-0.0016903000000000334,0.0021663100000000046,0.18790485,0.0036223800000000084,0.050817250000000036,0.04471885999999997,0.21066589999999996,0.007250790000000007,0.013890300000000022,0.028910219999999986,0.009440369999999976,0.02312067000000001,0.014165900000000065,0.20944657153782442,0.2021002924435153
0.08941736,-0.34657579,0.08709395999999997,-0.35197957999999996,0.09671175999999998,-0.36595299,0.04570827999999999,-0.37146341,0.06824751000000001,-0.40277950999999995,-0.016607060000000007,-0.3366748,0.009852059999999996,-0.32696185,0.02196275999999997,-0.20670707999999993,0.03833038999999999,-0.15727625,0.10003618999999997,-0.18449320999999996,0.12654940999999997,-0.15839094999999992,-0.010739340000000014,-0.007147149999999991,0.010739339999999986,0.007147149999999991,-0.009918180000000026,0.17985574999999998,0.05363895999999996,0.21762975000000007,-0.0068806000000000145,0.22921685000000003,0.061425609999999964,0.22921685000000003,0.03856981999999998,0.12996772000000006,0.07807343,0.02221386999999997,0.028478329999999996,0.1696856,0.08821901999999998,-0.001114699999999913,0.0008211599999999875,0.18700289999999997,0.003037580000000012,0.04936110000000005,0.04289961999999997,0.21048260000000008,0.007786650000000006,0.011587099999999961,0.026459120000000003,0.009712949999999998,0.02147868,0.014294299999999982,0.2091000790155386,0.20202681719270554
0.089436675,-0.34434874499999996,0.086680265,-0.3496745849999999,0.096982655,-0.36361394499999994,0.04479005500000002,-0.36941632499999993,0.06868439499999998,-0.40056842499999995,-0.016489005,-0.33535310499999993,0.00932172500000003,-0.32570436499999994,0.020433394999999993,-0.20526064499999996,0.036648025,-0.15521374499999996,0.097734925,-0.18498658499999998,0.126129595,-0.15418398499999997,-0.010169504999999995,-0.007072684999999912,0.010169504999999995,0.007072685000000023,-0.008385664999999987,0.18240925500000005,0.049347155000000004,0.21956879500000004,-0.004047334999999985,0.23119795500000007,0.05723152500000003,0.23119795500000007,0.036922399999999994,0.13009245999999997,0.07730153000000001,0.020274059999999983,0.02732629999999997,0.17049061999999998,0.08948157000000001,0.0010297599999999907,0.0017838400000000088,0.18948193999999996,0.004338330000000001,0.04878870000000002,0.03917765000000001,0.21249611000000002,0.00788437000000003,0.011629160000000027,0.02581073000000003,0.009648739999999989,0.02033900999999999,0.014145369999999935,0.20807864337032506,0.19862138880870056
0.08979900000000002,-0.343392435,0.08715011,-0.348603305,0.09750966999999999,-0.362706955,0.04546471000000002,-0.368334915,0.06927781,-0.399948125,-0.014646309999999996,-0.335126725,0.008451980000000026,-0.324579975,0.023285580000000028,-0.20658522499999998,0.03797514000000002,-0.15298607500000005,0.09739180000000003,-0.18579307499999997,0.12837174,-0.153833675,-0.009110409999999985,-0.007198275000000032,0.009110410000000013,0.007198275000000032,-0.006088359999999987,0.18262842499999998,0.047935019999999995,0.21963322500000004,-0.0027181199999999905,0.231778025,0.056833310000000026,0.231778025,0.037931890000000024,0.12854150000000003,0.07410622,0.02079215000000001,0.029523159999999993,0.17159389999999997,0.0903966,-0.0008475999999999484,0.0030220499999999983,0.18982670000000001,0.0033702399999999966,0.049149600000000015,0.03882460999999998,0.21243495,0.008898290000000031,0.012144799999999956,0.02309829000000002,0.010546749999999994,0.01822082,0.014396550000000063,0.2079394703319312,0.2003860118725142
0.09089919499999999,-0.34178530000000007,0.08828342499999997,-0.34689422000000003,0.09857377499999997,-0.3606632000000001,0.04680999499999999,-0.36663330000000005,0.070530955,-0.39728620000000003,-0.011091245,-0.33634995000000006,0.008154064999999988,-0.32091464000000003,0.031860834999999976,-0.21914090000000008,0.037921344999999995,-0.15254815,0.09806821500000001,-0.18521936000000006,0.129489215,-0.1511439,-0.008124865000000009,-0.007868800000000009,0.008124864999999981,0.007868799999999898,-0.005229125000000001,0.1828869999999999,0.051521965,0.21956405999999995,-0.003559165000000003,0.23315719999999995,0.05830175500000001,0.23315719999999995,0.042952079999999976,0.11720904999999998,0.06620738000000004,0.03392154000000003,0.029767280000000007,0.16836649000000004,0.09156787,0.0014042499999999958,0.0028957400000000078,0.19075579999999992,0.0016699599999999981,0.05027020000000004,0.04339710000000002,0.21169526000000005,0.006779790000000008,0.013593140000000004,0.019245309999999988,0.015435310000000035,0.01624972999999999,0.015737599999999907,0.20671282343434821,0.20003585731616336
0.09141670499999999,-0.3410597450000001,0.08849220499999999,-0.3460126250000001,0.09898542499999996,-0.35965180500000005,0.04641085499999997,-0.3653180450000001,0.07100399499999999,-0.39552594500000005,-0.009485525000000022,-0.3352115750000001,0.007470835000000009,-0.32001558500000005,0.03370585500000001,-0.21548594500000007,0.03885125499999997,-0.15062934500000003,0.097923025,-0.18377214500000005,0.129937635,-0.15028714500000007,-0.007657955000000022,-0.007943215000000059,0.007657954999999994,0.007943214999999948,-0.005714175000000016,0.18046390499999998,0.055410654999999975,0.21847535499999993,-0.007520075000000015,0.23408305499999993,0.06552191499999999,0.23408305499999993,0.04319138000000003,0.11972563000000003,0.06421716999999999,0.031713800000000014,0.031380419999999964,0.16938624000000002,0.09108638000000002,0.0003421999999999592,0.001943780000000006,0.18840712000000004,-0.0018058999999999992,0.05361914999999995,0.04775269999999998,0.21053213999999998,0.01011126000000001,0.015607700000000002,0.01695636000000003,0.015195990000000048,0.015315910000000016,0.015886430000000007,0.20509304220939653,0.19997291558266586
0.09022226500000002,-0.34118056500000005,0.08686114500000003,-0.346864905,0.09750430500000001,-0.359312145,0.04501234500000001,-0.36718895500000004,0.06935296499999999,-0.394372435,-0.012808454999999996,-0.334986985,0.009676765000000032,-0.316782565,0.029318045000000015,-0.22101100500000004,0.033004564999999986,-0.15252536500000002,0.096523095,-0.18429016500000006,0.12716610500000003,-0.14669990500000007,-0.009687434999999994,-0.008475365000000012,0.009687435000000022,0.008475365000000012,-0.009095085000000003,0.17782899499999993,0.05334066500000001,0.21632299499999996,-0.0073848349999999785,0.23566639499999997,0.05594338500000001,0.23566639499999997,0.04212650000000001,0.11397597999999998,0.06720504999999999,0.03672083999999998,0.023327799999999954,0.1642572,0.09416154000000004,0.005825459999999949,0.0005923499999999915,0.18630435999999995,0.0017102500000000243,0.05783740000000004,0.04365322999999999,0.20784762999999995,0.002602720000000003,0.01934340000000001,0.022485220000000028,0.01820442,0.019374870000000016,0.016950730000000025,0.20540574622420113,0.19462939738010246
0.09025740500000001,-0.34028180999999996,0.08705160499999998,-0.34598082999999996,0.097398755,-0.35853108999999994,0.045520875000000016,-0.36578092999999995,0.06910925499999998,-0.39329459999999994,-0.01135319500000001,-0.33282097999999993,0.008883264999999974,-0.3156655099999999,0.029776954999999994,-0.21718042999999998,0.03380438499999999,-0.15091597999999995,0.09662420500000002,-0.1826827299999999,0.126740305,-0.14631282999999995,-0.008829745,-0.00825416999999995,0.008829745,0.00825417000000006,-0.008030595000000001,0.17867082,0.05143993499999999,0.2167230200000001,-0.008080484999999998,0.23675847000000005,0.05616790500000002,0.23675847000000005,0.041130150000000004,0.11564054999999995,0.06684725000000002,0.034497700000000076,0.02492112000000002,0.16474952999999998,0.09293592,0.00460315,0.0007991499999999985,0.18692498999999996,-4.988999999999688e-05,0.058087650000000046,0.04261018999999999,0.20846885000000004,0.004727970000000026,0.020035449999999955,0.020236459999999984,0.017155470000000006,0.01765949,0.01650834000000001,0.20382801111298732,0.1944064238869529
0.09127772000000003,-0.33846690000000007,0.08790165000000003,-0.34406830000000005,0.09828737000000001,-0.3565621200000001,0.0460864,-0.36359350000000007,0.07009560000000001,-0.39073350000000007,-0.010774789999999979,-0.3318289300000001,0.01057890000000003,-0.3141639600000001,0.03129905000000002,-0.21618796000000007,0.03600328999999999,-0.14855450000000003,0.09723278999999999,-0.1809381000000001,0.12927261000000004,-0.14413596000000006,-0.009276599999999996,-0.008290300000000084,0.009276599999999996,0.008290299999999973,-0.008627639999999992,0.17874429999999997,0.05553862000000001,0.2164043699999999,-0.007372770000000001,0.23882399999999993,0.058504819999999985,0.23882399999999993,0.04207384,0.11564097000000001,0.06593373999999996,0.035249859999999966,0.025424389999999963,0.16560946000000004,0.09326932000000004,0.004418539999999971,0.000648960000000004,0.18703460000000005,0.0012548699999999913,0.06007969999999996,0.046262020000000015,0.20811406999999993,0.0029661999999999744,0.022419630000000024,0.02135369000000001,0.017664970000000002,0.018553199999999992,0.016580600000000056,0.20285835699574248,0.19399177083966143
0.09026508500000002,-0.33974917999999993,0.08673525500000001,-0.34567833,0.09692693499999999,-0.35772850999999994,0.044762615000000006,-0.36518945999999997,0.06777990500000003,-0.39120464999999993,-0.010282814999999973,-0.33296762999999996,0.00765934500000004,-0.31213342999999993,0.032950405000000016,-0.22135602999999993,0.03588444499999999,-0.14791062999999993,0.09596008500000003,-0.18193488999999996,0.12808141500000003,-0.14404796999999991,-0.008075484999999993,-0.0088952699999999,0.008075484999999993,0.00889527000000001,-0.007523514999999981,0.1818631300000001,0.05249688499999999,0.22080807000000002,-0.009492904999999996,0.23819447000000005,0.05791358499999999,0.23819447000000005,0.04323321999999999,0.11161160000000003,0.06300968000000001,0.039421139999999966,0.028225099999999947,0.1642228,0.09219697000000004,0.0038626600000000177,0.0005519700000000127,0.1907584,-0.0019693900000000153,0.05633133999999995,0.0444214,0.2119128,0.0054166999999999965,0.017386400000000024,0.017942160000000013,0.020834200000000025,0.016150969999999987,0.01779053999999991,0.2019061908782624,0.1944043669696298
0.08940904499999996,-0.338584945,0.08597937499999997,-0.34423374500000004,0.09622462499999995,-0.356654275,0.04415477499999998,-0.36339693500000003,0.06756161499999996,-0.390337545,-0.011573715000000012,-0.330760315,0.007847674999999998,-0.312336855,0.030632174999999984,-0.21658387499999998,0.034880625,-0.147431725,0.09500693499999996,-0.18053864500000005,0.126580525,-0.14262247500000003,-0.008764915000000012,-0.008498675000000011,0.008764914999999984,0.008498675000000011,-0.007947645000000031,0.17538375500000003,0.05493395499999998,0.21370472499999993,-0.00946343500000002,0.23902232499999998,0.060605935,0.23902232499999998,0.042205889999999996,0.11417644000000005,0.06437475999999998,0.03604522999999993,0.02703295,0.16490513,0.0916999,0.004809249999999987,0.0008172699999999811,0.18388243000000004,-0.001515789999999989,0.06363856999999995,0.046169039999999995,0.20520604999999992,0.005671980000000021,0.02531760000000005,0.01942139000000001,0.018423460000000003,0.017529829999999996,0.016997350000000022,0.20091378282741928,0.19161972742125122
0.09082874000000002,-0.334889555,0.08787486,-0.340390295,0.09756233999999997,-0.35300958499999996,0.04688730000000002,-0.359690515,0.06863947999999997,-0.38727319499999996,-0.008317889999999994,-0.328870235,0.00771160999999998,-0.310380155,0.03468705999999999,-0.21758705499999997,0.03600865999999997,-0.14650741499999997,0.09720723999999997,-0.17861721499999994,0.12670448,-0.14159505500000003,-0.007431060000000017,-0.008358685000000032,0.007431059999999989,0.008358685000000032,-0.005181259999999993,0.17705684499999996,0.05366808000000001,0.21450804499999998,-0.008028179999999996,0.24209144500000002,0.05914479,0.24209144500000002,0.043004949999999986,0.11128318000000004,0.06252017999999998,0.03896984000000003,0.02829704999999999,0.16387274000000002,0.09069582000000004,0.004912359999999949,0.002249800000000024,0.18541553,-0.0028469200000000028,0.06503460000000005,0.04623702000000002,0.20614935999999995,0.005476709999999996,0.027583400000000036,0.016029499999999974,0.01849008000000002,0.014862120000000006,0.016717370000000065,0.19984279037446126,0.19160446982908313
0.08975709999999998,-0.33287123,0.08700512999999999,-0.33792780000000006,0.09696416999999996,-0.35131310000000004,0.045864760000000004,-0.3571402,0.06836268000000001,-0.3867628,-0.010671170000000008,-0.32613010000000003,0.006906179999999984,-0.31076260000000006,0.030243629999999966,-0.20845200000000008,0.03623489999999996,-0.14328864000000008,0.09533809999999998,-0.1765350400000001,0.12756392,-0.14001646,-0.008121840000000019,-0.007948800000000089,0.008121839999999991,0.007948799999999978,-0.007218740000000029,0.17777239999999994,0.05407782999999999,0.21536979999999994,-0.011074850000000025,0.24310889999999996,0.062261750000000005,0.24310889999999996,0.04091479999999997,0.11767809999999995,0.06509447000000002,0.031916959999999994,0.029328719999999975,0.16747395999999998,0.09132902000000004,0.003272180000000069,0.00090309999999999,0.18572120000000003,-0.003856109999999996,0.06533650000000002,0.04595599,0.20742099999999997,0.008183920000000011,0.027739100000000017,0.01757734999999999,0.015367499999999978,0.01624368000000001,0.015897600000000067,0.19780111097297,0.190158167433308
0.09148988499999999,-0.332435,0.08881822500000003,-0.33790098,0.09809645500000003,-0.35105418,0.04779445500000001,-0.35766243,0.06818053500000004,-0.38662803,-0.010896504999999973,-0.32536431,0.008373255000000024,-0.3099149,0.027020725000000023,-0.20562102999999998,0.03781195500000001,-0.14247768000000005,0.09446015500000005,-0.17738746000000005,0.12772845500000002,-0.14284997,-0.008745994999999979,-0.008141269999999978,0.008745995000000006,0.008141269999999978,-0.006760184999999974,0.17854457,0.056637795000000046,0.21702036999999996,-0.01336371499999997,0.24104227,0.064115315,0.24104227,0.037917229999999996,0.11974328000000001,0.06743943000000002,0.02823356999999993,0.029438699999999984,0.16743721999999994,0.08991650000000001,-0.00037228999999994183,0.0019858100000000045,0.18668584,-0.006603529999999996,0.06249769999999999,0.04789180000000004,0.20887909999999998,0.00747751999999996,0.02402190000000004,0.019269759999999997,0.015449409999999997,0.017491989999999985,0.016282539999999956,0.19823163780622566,0.19223730216685106
0.09167044999999999,-0.332446935,0.08834798000000002,-0.33743708499999997,0.09916819000000002,-0.350577655,0.045855090000000015,-0.358054905,0.0706882,-0.386744145,-0.01319729,-0.329370025,0.010734629999999995,-0.310333255,0.029375919999999972,-0.21362963499999998,0.040236949999999966,-0.14138318500000002,0.09481777,-0.17876753499999998,0.12879876999999998,-0.14040592500000004,-0.010448590000000008,-0.00871625499999995,0.010448590000000008,0.00871625499999995,-0.008583499999999994,0.17634931499999995,0.05925683000000001,0.21591601500000002,-0.012645400000000001,0.241285415,0.06422368999999997,0.241285415,0.04257320999999997,0.11574039000000003,0.06544185000000002,0.03486210000000001,0.02950231999999997,0.16895006999999995,0.08856182000000001,0.0009772599999999798,0.0018650900000000137,0.1850655699999999,-0.004061900000000007,0.06493610000000005,0.04880824,0.20719976000000007,0.004966859999999962,0.025369399999999986,0.023931919999999995,0.019036770000000036,0.020897180000000015,0.0174325099999999,0.1999961109054074,0.19037906837145935
0.09152342,-0.33046122000000006,0.08860052999999998,-0.33565920000000005,0.09852228999999998,-0.3487896200000001,0.04741788999999999,-0.35561766000000006,0.06986966999999997,-0.3844699000000001,-0.01081507000000001,-0.3249174000000001,0.010333869999999995,-0.31035806000000005,0.02717349999999999,-0.20459084000000005,0.037832420000000005,-0.14264220000000005,0.09469447,-0.1777073,0.12916501,-0.13916837000000004,-0.009087490000000004,-0.007834000000000008,0.009087490000000004,0.007833999999999897,-0.007141990000000015,0.17782992999999991,0.05522284999999996,0.21550185999999993,-0.010279010000000005,0.24313319999999994,0.05978186999999999,0.24313319999999994,0.03798857,0.12032656000000003,0.06752097000000001,0.02688354000000004,0.02749855000000001,0.16771586,0.09133258999999999,0.003473830000000011,0.001945499999999989,0.18566392999999992,-0.0031370199999999904,0.06530327000000002,0.04613535999999996,0.20766786000000004,0.004559020000000025,0.027631340000000004,0.021148940000000005,0.014559340000000032,0.018174980000000007,0.015667999999999904,0.1990669065272568,0.1898112420141844
0.09243816999999999,-0.332692385,0.08953455999999999,-0.3379286249999999,0.09967575000000001,-0.35107069499999993,0.04818801,-0.35866012499999994,0.07120744000000001,-0.38772604499999996,-0.011816720000000003,-0.32784344499999996,0.011518629999999974,-0.31463682499999995,0.027231579999999977,-0.20548444499999996,0.03675310999999998,-0.1474399449999999,0.09833252999999997,-0.179017345,0.12980761000000002,-0.142203505,-0.009977349999999996,-0.007778284999999996,0.009977349999999996,0.007778284999999996,-0.006168869999999993,0.176072715,0.059327850000000015,0.21471309500000002,-0.007014490000000012,0.24137455500000005,0.06336043000000002,0.24137455500000005,0.03904829999999998,0.122359,0.07110095,0.026467099999999966,0.025234480000000004,0.16719688000000005,0.09305450000000004,0.005236439999999898,0.003808480000000003,0.183851,-0.0008456200000000191,0.06530184000000006,0.04935050000000002,0.20693481000000002,0.004032580000000008,0.026661460000000026,0.023335349999999977,0.013206620000000002,0.019954699999999992,0.015556569999999992,0.20261748635124757,0.1919735100040412
0.09118777000000003,-0.334250045,0.08795990000000001,-0.339515335,0.09904537,-0.352200905,0.046073539999999996,-0.360489645,0.07205850999999999,-0.388562955,-0.013420059999999984,-0.330584275,0.012059310000000018,-0.313477175,0.028043400000000024,-0.21360461500000005,0.03666342000000003,-0.146981515,0.09809327000000004,-0.17946647500000001,0.12828304000000004,-0.14200547500000005,-0.010914129999999994,-0.008414724999999956,0.010914129999999994,0.008414724999999956,-0.00635494999999997,0.17597652500000005,0.059986540000000005,0.21540536499999996,-0.007332209999999978,0.241565425,0.06376291000000003,0.241565425,0.04146346000000001,0.11697965999999993,0.07004987000000001,0.03413814000000004,0.024604110000000012,0.16649566,0.09161962000000001,0.004976039999999959,0.004559180000000024,0.18439125,-0.0009772600000000076,0.06558889999999995,0.04907241000000001,0.20699064,0.003776370000000029,0.02616006000000004,0.02547937,0.017107099999999986,0.021828259999999988,0.016829449999999913,0.20283321826767559,0.19079228915925325
0.08983355999999998,-0.33626636499999996,0.08686259000000002,-0.34164896499999997,0.09675282000000002,-0.35496382499999996,0.04546475,-0.36119362499999996,0.06729539000000001,-0.390730885,-0.011522040000000011,-0.32808905499999996,0.006528939999999983,-0.31510838499999994,0.028783689999999973,-0.20491805499999993,0.03651350999999997,-0.1477776249999999,0.09616795,-0.17895516499999997,0.12588498999999997,-0.145264355,-0.007893190000000022,-0.007696425000000007,0.007893189999999994,0.007696425000000007,-0.005505030000000022,0.17560757500000002,0.05113985999999998,0.21453167500000003,-0.00813873000000001,0.23925307500000004,0.05986621999999997,0.23925307500000004,0.040305729999999984,0.12317100000000003,0.06738426000000003,0.02596288999999996,0.029984569999999988,0.16733076000000002,0.08937148,0.002513269999999901,0.0023881600000000003,0.18330400000000002,-0.002633699999999989,0.06364550000000002,0.04324666999999999,0.20683525000000003,0.008726359999999989,0.024721400000000004,0.018050979999999994,0.012980670000000027,0.015786380000000017,0.015392850000000013,0.20039530155292362,0.19318143048815123
0.089926055,-0.335521675,0.08623830500000002,-0.340787805,0.09739836499999999,-0.35393941500000003,0.04331733500000001,-0.36087909500000004,0.06850974500000001,-0.389901375,-0.016130695,-0.327603875,0.009294385000000016,-0.313743235,0.025449685,-0.20474697500000005,0.03791727500000003,-0.147399175,0.09692277500000002,-0.17745474500000002,0.12642440500000002,-0.14452651500000002,-0.010877424999999996,-0.00802222500000005,0.010877424999999996,0.008022224999999938,-0.008265744999999991,0.17249162500000004,0.056341165000000026,0.212841775,-0.010447104999999984,0.24011322499999999,0.064032965,0.24011322499999999,0.04158038,0.12285689999999994,0.07147309000000002,0.02729223000000003,0.028622890000000012,0.16634406000000002,0.08850712999999999,0.0028726599999999713,0.002611680000000005,0.1805138500000001,-0.0021813599999999933,0.06762159999999995,0.04546374000000003,0.20481955000000007,0.007691799999999971,0.027271449999999975,0.025425080000000017,0.01386063999999998,0.021754849999999992,0.016044449999999988,0.2008189780712729,0.19136933574297632
0.09042100999999997,-0.33513519,0.08658525,-0.34031191000000005,0.09785775000000002,-0.35358852,0.04330748000000001,-0.36031794,0.06870978,-0.38953233000000004,-0.017051150000000015,-0.32672607000000004,0.009818049999999967,-0.31417147,0.024410509999999996,-0.20253467000000003,0.03653614999999999,-0.14795307000000002,0.09732236999999999,-0.17721352,0.12604748,-0.14459587000000007,-0.011609350000000018,-0.007824869999999984,0.011609350000000018,0.007824869999999984,-0.009521760000000018,0.17256222999999993,0.05999165000000001,0.21238643000000001,-0.010331790000000007,0.24039962999999998,0.06698559999999998,0.24039962999999998,0.04146166000000001,0.12419140000000001,0.07291186,0.025321150000000014,0.026718100000000022,0.1662184,0.08951133,0.003357199999999949,0.0020875900000000003,0.1803870999999999,-0.0008100299999999894,0.06783740000000005,0.04838229999999999,0.20456156000000003,0.006993949999999971,0.02801319999999996,0.026869199999999982,0.012554600000000027,0.023218700000000037,0.015649739999999968,0.2013917435521648,0.1905994952250517
0.08874606000000002,-0.33684873,0.08498979000000001,-0.34194813,0.09619059000000002,-0.35536507,0.041799240000000015,-0.36183286,0.06702744,-0.39149529,-0.01776216,-0.32769877000000003,0.007495589999999996,-0.31677369,0.02281116999999999,-0.20196939000000003,0.033618110000000034,-0.15135926,0.09590293999999999,-0.17834903000000002,0.12362691000000003,-0.14643783,-0.011084339999999998,-0.0075663299999999545,0.011084340000000026,0.0075663299999999545,-0.010758199999999996,0.17353743,0.058060520000000004,0.21341177,-0.01183091,0.23830467,0.06710394000000003,0.23830467,0.04057332999999999,0.12572938,0.07309177,0.023620360000000007,0.026122520000000038,0.16541443,0.0900088,0.004921430000000004,0.00032614000000000254,0.18110375999999995,-0.0010727100000000045,0.06476724,0.04697617999999998,0.20584544000000005,0.009043420000000024,0.024892899999999996,0.025257749999999995,0.010925080000000031,0.022168680000000024,0.015132659999999909,0.2015266947604918,0.1907435748839538
0.0886111,-0.3361631499999999,0.08615750999999999,-0.34121384999999993,0.0956263,-0.3553356099999999,0.04513074,-0.3604772299999999,0.06636930000000002,-0.3921773899999999,-0.013678829999999975,-0.3266978099999999,0.0057020700000000035,-0.3196442499999999,0.02410100000000004,-0.1950114799999999,0.03292883000000002,-0.15115714999999996,0.09635169000000005,-0.17752347999999996,0.12353865000000003,-0.14959619999999996,-0.008730419999999989,-0.006799049999999918,0.008730420000000017,0.006799050000000029,-0.009929899999999992,0.1757133500000001,0.05476413000000002,0.21447395000000002,-0.010137359999999984,0.23662175000000008,0.06585619000000004,0.23662175000000008,0.037779830000000014,0.13168633000000002,0.07225069,0.017487999999999948,0.027226760000000017,0.16848709999999995,0.09060982000000001,0.0015609500000000054,-0.0011994800000000028,0.18251240000000002,-0.00020745999999999265,0.060908399999999974,0.046033710000000005,0.2076749,0.011092060000000015,0.02214780000000005,0.01938089999999998,0.007053560000000014,0.017460840000000005,0.013598099999999946,0.20047214480041117,0.19401134992132651
0.08920982,-0.3350613,0.08717465000000002,-0.34016715000000003,0.09591527999999999,-0.35442997000000004,0.046503740000000016,-0.35950585,0.06613108000000001,-0.39145617,-0.014307579999999986,-0.32713462,0.0067235500000000226,-0.31933532000000003,0.022756180000000015,-0.19575406000000006,0.033960020000000035,-0.15002955000000007,0.09747092000000002,-0.17730659999999998,0.12260108000000003,-0.1503063,-0.00925028,-0.00696399999999997,0.00925028,0.00696399999999997,-0.011320789999999997,0.17680626,0.05606126,0.21606380000000003,-0.010734629999999995,0.2361158,0.06529578000000003,0.2361158,0.03706376,0.13138055999999992,0.07471474,0.018447460000000082,0.027236470000000013,0.16930576999999997,0.08864106,-0.00027674999999993677,-0.0020705099999999976,0.18377025999999996,0.0005861600000000022,0.059309539999999994,0.04681098,0.20909980000000006,0.009234520000000024,0.02005199999999996,0.02103113000000001,0.0077992999999999535,0.01850056,0.01392799999999994,0.20101247698638014,0.19386168038766713
0.088501775,-0.33569667,0.086787905,-0.34060216,0.09524419499999998,-0.35512355,0.04671213499999999,-0.35984728,0.065686195,-0.39248881,-0.012607215000000005,-0.32793595999999997,0.005212604999999981,-0.32063400999999997,0.02561817500000002,-0.19739830999999997,0.03267705500000001,-0.15091971000000004,0.09627890500000003,-0.17854934999999994,0.121914835,-0.14843505999999995,-0.008243735000000002,-0.006841239999999971,0.008243734999999974,0.006841239999999971,-0.01131090500000001,0.17701679000000003,0.055978744999999996,0.21640455999999997,-0.011667015000000003,0.23555839,0.06554874500000002,0.23555839,0.038225390000000026,0.13053765,0.07066073,0.018848960000000026,0.02746445000000003,0.16971429999999993,0.08923777999999999,0.002484650000000088,-0.003067170000000008,0.18385803,-0.0003561099999999928,0.05854159999999997,0.04773501000000002,0.20956332,0.009570000000000023,0.01915383000000004,0.017819819999999986,0.0073019500000000015,0.016487469999999976,0.013682479999999941,0.20101904713817967,0.1924366085673409
0.08862202000000002,-0.33787580000000006,0.08682520000000005,-0.34296230000000005,0.09525164000000003,-0.35741200000000006,0.04652994000000005,-0.3617974500000001,0.06547313000000005,-0.39432620000000007,-0.012828329999999971,-0.32788705000000007,0.005202250000000019,-0.3215219000000001,0.02439410000000003,-0.19480934000000005,0.03377946000000004,-0.1515569000000001,0.09649112000000004,-0.17856000000000005,0.12183582000000004,-0.15010570000000012,-0.008360439999999969,-0.006710300000000058,0.008360440000000025,0.006710299999999947,-0.011355139999999986,0.1780023999999999,0.05596708,0.21738729999999995,-0.012607029999999991,0.23389759999999993,0.06793602000000004,0.23389759999999993,0.03722243,0.13307771000000002,0.07209702000000001,0.01624934,0.02857721000000002,0.16996499999999998,0.08805636,0.0014511999999999858,-0.002994700000000017,0.18471269999999995,-0.0012518900000000055,0.055895200000000034,0.04760663999999998,0.210677,0.011968940000000039,0.016510299999999978,0.01803057999999999,0.006365149999999986,0.016720879999999994,0.013420600000000005,0.20131112493978964,0.19356631866661209
0.08981687,-0.33537247000000003,0.08755907000000002,-0.34077195000000005,0.09622280999999999,-0.35468129000000004,0.047088889999999994,-0.35953889000000006,0.06602945999999998,-0.39077262,-0.01233555,-0.32334107000000006,0.006261510000000026,-0.31785599000000003,0.023675769999999985,-0.19091434000000007,0.031909010000000015,-0.1515346700000001,0.09734714,-0.17583457000000002,0.12230995,-0.14760187000000002,-0.008608160000000004,-0.0066071699999999955,0.008608160000000031,0.0066071699999999955,-0.009351150000000003,0.17745962999999998,0.05694528999999998,0.21650212999999996,-0.012142390000000003,0.23684512999999996,0.06641254000000002,0.23684512999999996,0.036011319999999986,0.13242673,0.07367137000000001,0.015079770000000048,0.02564749999999999,0.16632131999999994,0.09040093999999999,0.00393280000000007,-0.0007429899999999989,0.18406679999999997,-0.0027912400000000004,0.05938549999999998,0.04833712999999995,0.20989495999999996,0.009467250000000038,0.020343,0.018597060000000026,0.005485080000000031,0.017216320000000035,0.013214339999999991,0.1996608086451871,0.19159468955825915
0.08868676999999997,-0.33323467,0.0858447,-0.33828805,0.09562885999999998,-0.35205203,0.044171309999999964,-0.35756081,0.06573215999999998,-0.38827385000000003,-0.01476243000000002,-0.32371461,0.0050471199999999605,-0.31432253000000004,0.023944109999999963,-0.19797810999999998,0.03157093999999999,-0.14879759999999997,0.09716761999999995,-0.17708698,0.12332436999999996,-0.14522591000000007,-0.009363390000000027,-0.007252849999999977,0.009363389999999971,0.007252849999999977,-0.011155790000000027,0.17606529999999998,0.0574615,0.21496548999999998,-0.01569622000000001,0.24032094999999998,0.06806973999999999,0.24032094999999998,0.038706539999999984,0.12573650000000003,0.07322350999999999,0.02089112999999998,0.02652382000000003,0.16552493000000007,0.09175342999999997,0.0035716899999999052,-0.0017923999999999995,0.18331814999999996,-0.004540429999999984,0.06425565,0.04809811000000003,0.20771264,0.010608239999999991,0.025355459999999996,0.01980954999999998,0.00939207999999997,0.01872678,0.014505699999999955,0.20048064196943555,0.19035986240197278
0.08990794500000004,-0.33505322,0.08656835500000004,-0.34042374,0.09717680500000003,-0.35359337999999996,0.044111585000000064,-0.36081578,0.06810945500000004,-0.39003013,-0.018164954999999955,-0.32631538,0.00996765500000002,-0.31680826,0.017629355000000013,-0.19956417999999998,0.03128764500000003,-0.15300408,0.09839603500000005,-0.17795687999999998,0.12402510500000002,-0.14496778,-0.012090324999999957,-0.0073553800000000225,0.012090325000000013,0.0073553800000000225,-0.011425614999999972,0.17670785,0.059468485000000015,0.21590741999999996,-0.010786664999999973,0.23996072000000002,0.06709033500000006,0.23996072000000002,0.03579430999999997,0.1267512,0.08076668000000004,0.021607299999999996,0.02131999000000001,0.16380418000000002,0.09273746,0.008036299999999996,0.000664709999999985,0.18406323000000002,0.0006389499999999992,0.06325287000000002,0.04737816,0.20855203999999994,0.007621850000000041,0.024053300000000055,0.028132609999999975,0.00950711999999998,0.02418064999999997,0.014710760000000045,0.20325380082128744,0.1890284106848333
0.09091069000000002,-0.33519878500000005,0.08765039000000002,-0.3409126350000001,0.09794125999999997,-0.3539106150000001,0.045348449999999985,-0.3605410150000001,0.06908701,-0.38945754500000007,-0.016396149999999998,-0.32417121500000007,0.010796230000000018,-0.3147324150000001,0.018709849999999972,-0.19502296500000005,0.03516028999999998,-0.1497339150000001,0.10147317,-0.1741705750000001,0.12599663,-0.14707431500000012,-0.011769760000000018,-0.0073362850000000535,0.011769760000000018,0.0073362849999999424,-0.00860727,0.17611658499999994,0.060511009999999976,0.2149045249999999,-0.012204560000000003,0.24064508499999993,0.07026592999999998,0.24064508499999993,0.03510599999999997,0.12914825000000002,0.08276332000000003,0.020852389999999943,0.024364059999999965,0.1649985,0.09083634000000002,0.002659599999999984,0.003162490000000018,0.18345287,-0.003597290000000003,0.06452849999999999,0.04874124999999996,0.20756823999999996,0.00975492,0.025740560000000023,0.027192380000000016,0.00943879999999997,0.023539520000000036,0.014672569999999996,0.2016374010812206,0.19206876691007552
0.09371545,-0.33553972499999996,0.09117957000000002,-0.34101862499999996,0.10051098,-0.35433909499999994,0.04988975000000004,-0.36141228499999994,0.07090516999999999,-0.39086168499999996,-0.010962849999999996,-0.32949724499999994,0.011640600000000029,-0.31613269499999996,0.02850295,-0.20934152499999992,0.040011130000000034,-0.15173332499999992,0.09933205000000003,-0.18048102499999996,0.12932648,-0.1471332849999999,-0.009914869999999992,-0.00788682499999993,0.009914869999999992,0.007886825000000042,-0.007186419999999971,0.1748623250000001,0.06031035000000004,0.2148154750000001,-0.009845559999999975,0.23872697500000006,0.06798775000000004,0.23872697500000006,0.039465799999999995,0.12015572000000002,0.07082910000000003,0.028860499999999956,0.028370530000000005,0.16439937000000004,0.08931534999999996,0.0046000400000000274,0.002728450000000021,0.18274915000000003,-0.0026591400000000043,0.06386464999999997,0.05039548000000005,0.20692865000000005,0.007677400000000001,0.023911499999999974,0.022603450000000025,0.013364549999999975,0.019829739999999985,0.015773649999999972,0.2042636712759428,0.19567924546871132
0.09338506500000002,-0.3344693250000001,0.090915885,-0.3399189150000001,0.10000588499999999,-0.3533561550000001,0.04982503499999999,-0.3600317250000001,0.07012420499999997,-0.38975549500000006,-0.010725934999999992,-0.32741167500000007,0.011043304999999976,-0.31562605500000007,0.027699644999999967,-0.20489667500000008,0.03938608499999999,-0.15080642500000008,0.098944895,-0.17924714500000005,0.12914171500000002,-0.14601587500000013,-0.009665165000000003,-0.0075960750000000354,0.009665165000000003,0.007596074999999924,-0.007798725000000006,0.17611229499999992,0.06009283499999998,0.2154850949999999,-0.010350085000000009,0.2397168249999999,0.068776335,0.2397168249999999,0.03842557999999996,0.12251499999999999,0.07124525000000004,0.02564953000000003,0.028342780000000012,0.16481963,0.08975563000000003,0.004790549999999949,0.001866439999999997,0.18370836999999995,-0.0025513600000000025,0.06360452999999999,0.05042766999999998,0.20788901999999998,0.00868350000000001,0.024231730000000007,0.021769239999999968,0.011785619999999997,0.019330330000000007,0.01519214999999996,0.20312615529603398,0.19460543975620265
0.09238483999999997,-0.3323069250000001,0.09025791,-0.3374365350000001,0.0992113,-0.35145635500000005,0.05005586000000001,-0.35724225500000006,0.07004328999999998,-0.38870141500000005,-0.010825520000000005,-0.32348898500000006,0.011043129999999957,-0.3173261050000001,0.027287840000000008,-0.19611752500000001,0.036372919999999975,-0.15324551500000005,0.09989956,-0.17733415500000005,0.12821844,-0.14645785500000008,-0.009717940000000008,-0.006571115000000072,0.00971793999999998,0.006571114999999961,-0.008620860000000008,0.17755299499999988,0.060412909999999986,0.21550834499999993,-0.009407290000000013,0.24006354499999993,0.06621243999999998,0.24006354499999993,0.03811336000000001,0.12737146000000005,0.07261171999999999,0.018783369999999966,0.02532979000000002,0.16408059000000003,0.09184552000000001,0.006787659999999973,0.0010970800000000003,0.18412410999999995,-0.0007864300000000046,0.06251055000000005,0.050694970000000006,0.20893722999999997,0.005799529999999997,0.0245552,0.02186864999999996,0.006162879999999982,0.01943587999999999,0.013142230000000032,0.20291873283729028,0.19354646511758078
0.09116527499999999,-0.33459624999999993,0.088704915,-0.33990531999999996,0.09797769499999998,-0.3535679299999999,0.04768679499999995,-0.3601162699999999,0.06873202499999997,-0.3905407899999999,-0.013050495000000023,-0.32698388999999994,0.01014359499999995,-0.31820532999999995,0.024662994999999965,-0.1987882499999999,0.03563356499999998,-0.15212658999999995,0.09942129499999997,-0.17770692999999993,0.12539762499999996,-0.14862918999999997,-0.01028439500000003,-0.007063659999999916,0.010284395000000002,0.007063660000000027,-0.011070075000000013,0.17681911000000006,0.059227224999999994,0.21580264000000005,-0.011406865000000016,0.24003181000000007,0.06787289499999999,0.24003181000000007,0.03771348999999999,0.12819564000000006,0.0747583,0.02108131999999996,0.02548997000000003,0.16607874,0.08976405999999998,0.003497399999999984,-0.0007856799999999831,0.18388276999999997,-0.0003367900000000035,0.06321270000000001,0.04894282999999999,0.20873898000000002,0.008645669999999994,0.024229170000000022,0.023194089999999973,0.00877855999999999,0.02056879000000003,0.014127319999999943,0.20286563044209585,0.19362675244437527
0.09105529000000001,-0.337075145,0.08856548000000003,-0.34260937500000005,0.09794377000000004,-0.35592851500000006,0.04752008000000002,-0.363231695,0.06894998000000002,-0.39295771500000004,-0.013259669999999973,-0.329443965,0.01087351000000003,-0.320154445,0.02348031000000006,-0.19969974499999998,0.03727947000000004,-0.15342229500000004,0.09759618000000003,-0.18151217500000005,0.12671520000000003,-0.14936679500000005,-0.010528879999999963,-0.007190705000000075,0.010528880000000018,0.007190704999999964,-0.012026069999999972,0.177760715,0.05776473000000004,0.21798995499999996,-0.011518199999999978,0.24001085499999997,0.06863073000000003,0.24001085499999997,0.03673998000000003,0.12974422000000002,0.07411586999999997,0.01818756999999993,0.026405960000000006,0.16673214999999997,0.08943572999999999,0.00405549999999999,-0.0014971900000000093,0.1849514200000001,0.0005078699999999936,0.062250139999999954,0.047235850000000024,0.21079925,0.010865999999999987,0.02202090000000001,0.024133180000000004,0.009289519999999996,0.02105775999999998,0.014381410000000039,0.20513167357325512,0.19496028252285746
0.09022328000000002,-0.336644065,0.08772796,-0.341612195,0.09723904,-0.35554055500000004,0.04675677,-0.361304175,0.06848623999999998,-0.392504905,-0.01181871000000001,-0.328050505,0.00847851999999999,-0.32226640500000003,0.027140639999999994,-0.19812066500000003,0.033343069999999975,-0.15756642500000007,0.09897576999999996,-0.17975879500000003,0.12413634000000001,-0.15105722500000007,-0.009265980000000007,-0.0064277750000000244,0.009265980000000007,0.0064277750000000244,-0.012907020000000019,0.17907583500000002,0.057312209999999975,0.217377775,-0.011837470000000017,0.23822217499999998,0.06676904,0.23822217499999998,0.038959350000000004,0.12992983999999996,0.07183512999999997,0.018361870000000002,0.024864549999999985,0.16469997999999997,0.09079327000000004,0.006509199999999993,-0.003641040000000012,0.18550361000000004,0.0010695500000000024,0.059146339999999964,0.04804622999999997,0.21094999999999997,0.009456830000000027,0.020844399999999985,0.02029723,0.005784099999999959,0.018531960000000014,0.012855550000000049,0.20435243805079228,0.19492748608528668
0.091345285,-0.33510088499999996,0.08872875499999999,-0.34004341499999996,0.09784236500000004,-0.354191865,0.04790488500000001,-0.359406085,0.06783643500000003,-0.39090293499999995,-0.010241094999999978,-0.32471224499999995,0.008220405000000042,-0.321359505,0.02918112500000003,-0.19406863499999993,0.03218692500000003,-0.15837408499999994,0.09862250500000003,-0.17802723499999995,0.123488545,-0.14868878499999993,-0.008678044999999968,-0.005992985000000006,0.008678045000000023,0.005992985000000006,-0.012771534999999973,0.182080715,0.058636515,0.21957681500000004,-0.012623594999999987,0.23720351500000003,0.06524868500000003,0.23720351500000003,0.03942222000000001,0.13064361000000002,0.06944138,0.016041399999999983,0.02396651999999999,0.16298542000000005,0.09130161999999997,0.009685300000000008,-0.004093490000000005,0.1880737,0.0001479399999999853,0.05512280000000003,0.04995846999999998,0.21358383000000003,0.006612170000000028,0.017626699999999995,0.01846150000000002,0.003352739999999965,0.01735608999999999,0.011985970000000012,0.2027540164913262,0.19263411141483452
0.09133827500000002,-0.33294166000000003,0.088717875,-0.33777506,0.098139225,-0.35181720000000005,0.04737752500000003,-0.35727672000000005,0.06825661500000002,-0.38836048,-0.011845884999999973,-0.32521908000000005,0.008789155000000048,-0.3163039,0.027996425000000047,-0.20134490000000005,0.03645277500000005,-0.15263610000000005,0.09568548500000001,-0.17905290000000007,0.124379605,-0.14634570000000002,-0.009432494999999985,-0.007063900000000012,0.00943249500000004,0.007063900000000012,-0.01239925499999997,0.17749199999999998,0.05845862500000004,0.21728249999999993,-0.014183174999999965,0.23789499999999997,0.06670013500000005,0.23789499999999997,0.03984231000000002,0.12387418,0.06768905999999997,0.02229199999999998,0.02766362,0.16366779999999997,0.08792682999999996,0.006290400000000029,-0.002966759999999985,0.1845559,-0.0017839199999999944,0.060402999999999984,0.04902613,0.21021859999999992,0.008241510000000007,0.020612500000000034,0.02063504000000002,0.008915180000000023,0.018864990000000026,0.014127800000000024,0.20156886128636145,0.19169596623171836
0.09151583000000002,-0.334063025,0.08870569,-0.339330095,0.09802559,-0.352910295,0.04718527,-0.35910912500000003,0.06777353000000003,-0.388949205,-0.013599399999999984,-0.326420265,0.010629380000000022,-0.316028825,0.024190130000000032,-0.202080225,0.03792420000000002,-0.15177802500000004,0.09519723000000002,-0.17912478499999995,0.12502798000000004,-0.14630952500000005,-0.010386079999999964,-0.007245075000000045,0.01038608000000002,0.007245075000000045,-0.013251739999999984,0.17935590499999998,0.056763830000000015,0.21824797500000004,-0.012821049999999973,0.236631975,0.06328505000000001,0.236631975,0.037789530000000016,0.12434003999999999,0.07100709999999999,0.02295544000000005,0.027294819999999997,0.16425079999999997,0.08710378000000002,0.005468499999999987,-0.00286566000000002,0.18660098000000003,0.00043069000000001134,0.05727607000000001,0.046377749999999995,0.2110029,0.006521219999999994,0.018383999999999956,0.024228780000000005,0.010391439999999974,0.020772159999999984,0.01449015000000009,0.20171878955674943,0.1916292786000355
0.0900163,-0.33025893,0.08744338000000001,-0.33559098,0.09632674000000002,-0.34914073,0.04709151,-0.35479938,0.06606468000000004,-0.38515484,-0.010377239999999982,-0.31867253,0.006875510000000029,-0.31448508,0.02606016,-0.18957647999999994,0.03104705000000002,-0.15481597999999996,0.09877888000000001,-0.17245898000000004,0.12199882000000001,-0.14659044,-0.008424819999999972,-0.006161720000000037,0.00842482,0.006161720000000037,-0.013703049999999994,0.18132322,0.05400631,0.21935062000000005,-0.01721703999999999,0.24191222,0.06450096,0.24191222,0.03643739999999998,0.12909605000000007,0.07271872000000001,0.017117499999999897,0.02417153999999999,0.1596691,0.09095176999999999,0.008225539999999976,-0.005278230000000023,0.18748494000000004,-0.0035139899999999946,0.060589000000000004,0.04558149,0.21318890000000001,0.010494649999999994,0.02256159999999996,0.01725275000000001,0.004187450000000037,0.01684963999999997,0.012323440000000074,0.19785704934926526,0.1903477760854211
0.08961930499999998,-0.331312885,0.087323125,-0.33614176500000004,0.09635123499999998,-0.350194485,0.04683488499999999,-0.355487525,0.06699439499999998,-0.38702058500000003,-0.008648335000000007,-0.321922125,0.0055018350000000105,-0.31630510500000003,0.029209824999999967,-0.19379702500000007,0.03376916499999999,-0.15310523500000006,0.09673070499999997,-0.176340685,0.122790065,-0.147227385,-0.007577535000000024,-0.006335584999999977,0.007577534999999969,0.006335584999999977,-0.014447635000000014,0.18123061499999993,0.05460283499999996,0.21985231500000002,-0.021495315000000015,0.24320551499999998,0.07024872499999996,0.24320551499999998,0.037858159999999974,0.12812509999999994,0.06752088,0.01745634000000007,0.02826732999999998,0.16319986999999997,0.08902090000000001,0.005877850000000073,-0.00687009999999999,0.1875661999999999,-0.007047680000000001,0.061974900000000055,0.04702529999999999,0.21351673000000004,0.015645889999999996,0.023353199999999963,0.014150170000000017,0.005617019999999973,0.015155069999999993,0.012671169999999954,0.19945411241162114,0.1919778967074642
0.09030854000000005,-0.33242558000000005,0.08808594000000003,-0.33732235000000005,0.09721329000000001,-0.35112895000000005,0.047911990000000015,-0.35675587000000003,0.06844791000000006,-0.38769935000000005,-0.008460859999999959,-0.32384558,0.007175050000000016,-0.31649693,0.027821010000000035,-0.1968156000000001,0.03452586000000002,-0.15149580000000007,0.09735428000000002,-0.17769335000000008,0.12480321000000005,-0.14527040000000002,-0.007566009999999956,-0.006618349999999995,0.007566010000000012,0.006618349999999995,-0.010728099999999963,0.17858881999999998,0.05263155000000003,0.21692104999999995,-0.015221389999999974,0.24387634999999996,0.06541721,0.24387634999999996,0.036281869999999994,0.12702997999999993,0.06953326999999998,0.019122250000000007,0.027350810000000003,0.16500112999999994,0.09027735000000003,0.0062254000000000476,-0.0031620900000000063,0.18520716999999998,-0.004493290000000011,0.06528752999999998,0.045065540000000015,0.21030269999999995,0.012785659999999976,0.026955300000000015,0.015635909999999975,0.007348650000000012,0.015132019999999968,0.01323669999999999,0.2006861302598765,0.19187171089142485
0.08999420999999996,-0.33345144000000004,0.08726808999999996,-0.33918060000000005,0.09563602999999998,-0.35221910000000006,0.04786048999999998,-0.35821288000000007,0.06506848999999998,-0.38708555000000006,-0.006910360000000032,-0.32088246000000004,0.006992569999999976,-0.3170355,0.02807443999999998,-0.1908856000000001,0.03115578999999996,-0.1565875,0.09679116999999998,-0.17601180000000005,0.12315629,-0.14169797000000006,-0.006193540000000025,-0.005888000000000004,0.006193539999999997,0.005888000000000004,-0.009327690000000027,0.1787476,0.04531968999999997,0.21550199999999997,-0.010888970000000026,0.24281719999999996,0.05021977,0.24281719999999996,0.03498480000000001,0.12999685999999994,0.06871673,0.014873800000000048,0.024163219999999985,0.16044800000000004,0.09200050000000004,0.014889529999999929,-0.003134150000000002,0.1846356,-0.0015612799999999982,0.06406959999999995,0.03912614999999997,0.20961399999999997,0.004900080000000029,0.027315199999999984,0.013902930000000008,0.0038469600000000104,0.012387080000000023,0.011776000000000009,0.1988666835350359,0.18831331187253708
0.09104900499999996,-0.328676125,0.088477735,-0.334353365,0.09671341499999997,-0.347302125,0.04919519499999997,-0.353037305,0.06606807499999995,-0.381669625,-0.007195035000000016,-0.317481025,0.008690884999999982,-0.311286845,0.027540854999999975,-0.191113725,0.033255184999999965,-0.15137116500000003,0.09677007499999996,-0.172389625,0.12429653499999999,-0.13945182499999997,-0.0067811350000000215,-0.0062541750000000285,0.006781134999999994,0.0062541750000000285,-0.008499265000000034,0.17431577499999995,0.04614096499999998,0.210864175,-0.009120535000000013,0.245643575,0.04887933499999997,0.245643575,0.03473588999999999,0.12636729999999996,0.06922921999999998,0.01872410000000002,0.024564299999999983,0.15991567999999995,0.09104135000000002,0.011919340000000056,-0.0017181300000000121,0.18056994999999998,-0.0006212699999999793,0.07132780000000005,0.039359829999999985,0.20460999999999996,0.00273836999999999,0.034779400000000016,0.015885919999999998,0.006194179999999994,0.013562270000000015,0.012508350000000057,0.1957647589306272,0.18719003091286673
0.09278467499999998,-0.32991654500000006,0.089902435,-0.33559152500000006,0.098430195,-0.34845136500000007,0.04992095499999999,-0.35408932500000007,0.067455985,-0.382118765,-0.007013585000000017,-0.31923976500000006,0.010088835000000018,-0.31053731500000004,0.030862155000000002,-0.19829690500000008,0.03311891499999997,-0.15188446500000008,0.09824518500000001,-0.1739966650000001,0.12458563499999997,-0.13778841500000005,-0.007456605000000005,-0.006761365000000019,0.007456605000000005,0.006761364999999908,-0.008621925000000003,0.174130495,0.051052105000000014,0.21143463499999993,-0.006215954999999995,0.24295943499999995,0.05198339499999999,0.24295943499999995,0.03787574000000002,0.12094285999999999,0.06738303000000001,0.024300239999999973,0.023030079999999953,0.15865284999999996,0.09146672,0.014096050000000027,-0.0011653199999999975,0.18089186000000002,0.0024059700000000073,0.06882893999999995,0.04359550000000001,0.20467327000000002,0.0009312899999999735,0.03152480000000002,0.017102420000000035,0.008702450000000028,0.01491321000000001,0.013522729999999927,0.19783961679930068,0.18604797383145372
0.09241961999999998,-0.3282343400000001,0.08947978000000001,-0.3338168500000001,0.09818786000000002,-0.3464356300000001,0.049360210000000015,-0.3525478700000001,0.06731124999999999,-0.3799739700000001,-0.006740620000000003,-0.3199762400000001,0.009139979999999992,-0.3075996000000001,0.03374018000000001,-0.20639410000000014,0.03213301000000002,-0.1510659700000001,0.09885334000000001,-0.1732832700000001,0.12293677999999997,-0.13833127000000012,-0.007168580000000008,-0.007234970000000063,0.00716857999999998,0.007234969999999952,-0.008946520000000013,0.17715242999999992,0.05050631999999999,0.21386179999999988,-0.00768582000000001,0.2452848299999999,0.050412259999999987,0.2452848299999999,0.04048080000000001,0.11358213999999994,0.06511316,0.033110830000000036,0.022993030000000025,0.15653362999999998,0.09080376999999995,0.012734699999999988,-0.0017779400000000056,0.18438739999999998,0.0012607000000000035,0.06813239999999998,0.043337740000000013,0.20662682999999993,-9.406000000000692e-05,0.03142303000000002,0.015880599999999995,0.012376639999999994,0.014337159999999988,0.014469940000000014,0.19700935372051862,0.1859887264297963
0.09182500500000002,-0.3303297700000001,0.08877660500000001,-0.3363391400000001,0.097370505,-0.3486248700000001,0.04877182499999999,-0.35480272000000007,0.06694758500000003,-0.38165577000000006,-0.007199624999999987,-0.3187548700000001,0.009749924999999993,-0.3102647300000001,0.030205664999999993,-0.19527997000000008,0.03127703500000001,-0.15207217000000006,0.10083377500000001,-0.17160507000000003,0.12468373500000002,-0.13981553000000002,-0.007571754999999986,-0.006704970000000032,0.007571755000000013,0.006704969999999921,-0.010278354999999989,0.17820355999999993,0.05097183500000002,0.21527432999999996,-0.009145034999999996,0.24560812999999992,0.052221925,0.24560812999999992,0.03740528999999998,0.1234749,0.07062811000000002,0.023674900000000054,0.021527110000000016,0.15819256000000004,0.09340670000000001,0.01225664000000004,-0.0027066000000000034,0.18490852999999996,0.0011333199999999932,0.06740457,0.04340008000000001,0.20856936000000004,0.0012500899999999815,0.030333799999999966,0.01694954999999998,0.00849013999999998,0.015143509999999999,0.013409939999999954,0.19734184025338086,0.18757258003175833
0.09385843999999999,-0.333732845,0.09055941,-0.339861315,0.09981124000000002,-0.351951665,0.04971165999999999,-0.358980715,0.07015914000000001,-0.38539949500000004,-0.008446709999999996,-0.32266673500000004,0.01375554000000001,-0.31369647500000003,0.029460409999999992,-0.19636077500000004,0.03540764000000002,-0.153741715,0.10480509999999998,-0.17316491499999997,0.12783666,-0.14282301500000005,-0.009455009999999986,-0.006893284999999971,0.009455009999999986,0.006893284999999971,-0.010498449999999993,0.17647368499999994,0.054776119999999984,0.21474188500000002,-0.0073867499999999975,0.24455618499999998,0.056786400000000015,0.24455618499999998,0.03790711999999999,0.12630596,0.07534468999999999,0.023195860000000068,0.021652100000000007,0.15995476000000003,0.09242901999999997,0.010918699999999948,-0.0010434400000000066,0.1833669699999999,0.003111699999999995,0.06808250000000005,0.04532111,0.20784860000000005,0.002010280000000031,0.02981429999999996,0.022202250000000007,0.008970260000000008,0.018910019999999972,0.013786569999999942,0.20174644403326913,0.19086431186162725
0.09397103000000001,-0.33468964500000004,0.09061475000000002,-0.340887075,0.09987856,-0.352764425,0.04970099,-0.359594615,0.07045097,-0.385549755,-0.007232059999999985,-0.322694745,0.013438859999999997,-0.313436595,0.03127247999999999,-0.196768975,0.03554900999999999,-0.154054075,0.10553921,-0.17271957500000001,0.12796731,-0.14264537499999996,-0.009085209999999982,-0.006940575000000004,0.00908521000000001,0.006940575000000004,-0.01055413999999999,0.17816452500000002,0.055921690000000024,0.216707675,-0.008760959999999984,0.244694325,0.05942017999999999,0.244694325,0.038504539999999976,0.12592577,0.07426673,0.0240494,0.022110149999999995,0.15938251999999997,0.09241830000000001,0.01140870000000005,-0.0014689300000000072,0.18510510000000002,0.0017931800000000053,0.06652979999999997,0.046836480000000014,0.20976709999999998,0.0034984899999999652,0.027986650000000002,0.02067091999999998,0.00925815000000002,0.018170419999999993,0.013881150000000009,0.20154759859977592,0.19107304921891127
0.09346645000000003,-0.33431088,0.09054379000000001,-0.34047573999999997,0.09923132000000001,-0.3528173,0.05024068000000004,-0.35866951999999996,0.06988085000000005,-0.38591134,-0.008173119999999978,-0.32056127999999995,0.013713589999999998,-0.31491473,0.02763825000000003,-0.18932264999999993,0.03500192000000002,-0.15418922999999995,0.10510475000000002,-0.17028787999999995,0.12713243000000002,-0.14418887999999996,-0.009387269999999975,-0.006248480000000001,0.009387270000000003,0.006248480000000001,-0.010931409999999975,0.18153232000000008,0.05647411000000002,0.21813941999999997,-0.00852627999999997,0.24265212000000003,0.05875435000000001,0.24265212000000003,0.03581137000000001,0.13123863000000002,0.0774665,0.01903476999999998,0.021288330000000022,0.16072550000000002,0.09213051,0.010000349999999991,-0.0015441399999999994,0.18778080000000008,0.0024051300000000053,0.061119799999999946,0.04708684000000002,0.21189093999999997,0.002280239999999989,0.024512700000000054,0.021886709999999976,0.005646549999999972,0.01877453999999998,0.012496960000000001,0.20004336378905546,0.19103748843406415
0.092798575,-0.33414393500000006,0.09028099499999998,-0.3404743050000001,0.09834210499999996,-0.3528721350000001,0.05090059499999999,-0.35848997500000007,0.06880615499999998,-0.38600310500000007,-0.006363585000000033,-0.3198523750000001,0.011428284999999982,-0.31534367500000005,0.028119464999999955,-0.18852061500000006,0.030003714999999986,-0.15566683500000011,0.10315203499999998,-0.16992037500000012,0.12353436499999998,-0.14368111500000003,-0.007960665000000033,-0.006099225000000041,0.007960664999999978,0.00609922499999993,-0.010434935000000034,0.17996082499999988,0.05371241499999996,0.2171249249999999,-0.00796492500000004,0.24111902499999993,0.056473004999999965,0.24111902499999993,0.03448304999999999,0.13133176000000002,0.07503257000000002,0.018600239999999935,0.018575430000000004,0.15967683999999993,0.09353064999999999,0.011985720000000089,-0.0024742700000000006,0.18606004999999992,0.0024700099999999947,0.06115820000000005,0.04575174999999998,0.21102569999999998,0.002760590000000007,0.023994100000000018,0.017791870000000015,0.004508700000000032,0.01592133000000001,0.012198449999999972,0.1979479762175217,0.18918623201016924
0.09278910499999998,-0.33327089500000007,0.09031286499999996,-0.33964156500000003,0.09820010499999998,-0.3522087850000001,0.05088200500000001,-0.35783236500000004,0.06841402499999999,-0.38563072500000006,-0.009100425000000023,-0.31903838500000004,0.013218454999999962,-0.31584522500000006,0.022562884999999977,-0.1856888750000001,0.030395174999999997,-0.15630382500000006,0.102898235,-0.16902772500000007,0.12295520500000001,-0.1450812250000001,-0.009352685000000027,-0.005906625000000054,0.009352684999999972,0.005906624999999943,-0.01077810500000001,0.180275835,0.05474030499999999,0.21675113499999998,-0.006341095000000019,0.24025557499999994,0.05501450499999999,0.24025557499999994,0.03166331,0.13334950999999995,0.08033535000000003,0.016661150000000013,0.017176720000000034,0.1595414,0.09256003000000002,0.011222599999999971,-0.0014254199999999828,0.18618246000000005,0.004437009999999991,0.05997973999999995,0.04538762000000002,0.21084451000000004,0.0002742000000000022,0.02350443999999996,0.022318879999999985,0.0031931599999999727,0.01870537,0.011813249999999997,0.1980120256602018,0.18895201347954174
0.09339265499999999,-0.3330291899999999,0.09074389500000002,-0.3394045699999999,0.09870045500000002,-0.35190577999999995,0.05078300499999999,-0.3576746699999999,0.068452175,-0.3850503999999999,-0.010720935000000015,-0.3198285799999999,0.014537055000000021,-0.3154281199999999,0.019731934999999978,-0.1868803899999999,0.031923405000000016,-0.1549486499999999,0.100985355,-0.1698562899999999,0.12469465499999999,-0.14306374999999993,-0.01019995500000001,-0.006036249999999965,0.010199954999999983,0.006036250000000076,-0.012404765000000012,0.18270655000000002,0.054928535,0.2183311200000001,-0.004777914999999994,0.24105795000000008,0.054573235,0.24105795000000008,0.030452869999999993,0.13294819000000002,0.08125342000000002,0.017024099999999986,0.017386349999999995,0.16047947,0.09277124999999997,0.011884899999999976,-0.0022048100000000015,0.1887428,0.007626850000000018,0.05835140000000005,0.04472858000000002,0.21229487000000002,-0.00035530000000000284,0.022726829999999976,0.025257990000000036,0.004400459999999995,0.020399909999999993,0.012072500000000042,0.19798782453827227,0.18798895267565593
0.09319385499999999,-0.3333194,0.09052463500000002,-0.33922005,0.09910913500000001,-0.3520751,0.050303655,-0.35799963,0.069679975,-0.38632572,-0.009579005000000002,-0.32151505,0.013609134999999994,-0.31688842,0.02276107500000002,-0.19039185000000003,0.034158014999999986,-0.15573630000000005,0.09981843499999998,-0.17372814999999997,0.127011755,-0.14157829,-0.009607255000000009,-0.006102150000000028,0.009607254999999981,0.006102150000000028,-0.010709615000000006,0.18183605000000003,0.055487275,0.21829935,-0.006926395000000002,0.24236795,0.05826568500000001,0.24236795,0.03234008000000002,0.1311232,0.07705735999999996,0.01666370000000006,0.02054887999999999,0.16115211999999995,0.09285374000000002,0.014158010000000054,-0.0011023599999999967,0.18793820000000006,0.003783220000000004,0.06053189999999997,0.04588002000000002,0.21219719999999997,0.002778410000000009,0.024068599999999996,0.023188139999999996,0.0046266300000000204,0.01921450999999999,0.012204300000000057,0.20018106181149126,0.18866194364217603
0.09060878500000003,-0.33282213000000005,0.08809491500000005,-0.33820974000000004,0.09702918500000002,-0.35156154000000006,0.04851245500000001,-0.35655453000000004,0.06844108500000001,-0.38630538000000003,-0.005989054999999965,-0.3206876000000001,0.008133185000000043,-0.31537070000000006,0.028988835000000046,-0.19390390000000002,0.03273164500000003,-0.15305920000000006,0.097061585,-0.1738033000000001,0.12437783500000005,-0.13938060000000008,-0.006438514999999978,-0.005946100000000065,0.0064385150000000335,0.005946099999999954,-0.0067870849999999705,0.1793705,0.04841171500000002,0.21401669999999995,-0.009304904999999974,0.24393639999999994,0.05592592500000004,0.24393639999999994,0.03497789000000001,0.12678370000000005,0.06807274999999996,0.020100599999999913,0.02459845999999999,0.1623115,0.09164619000000002,0.013678599999999985,-0.0003485699999999925,0.18531660000000005,-0.002517820000000004,0.06456589999999995,0.04197319999999999,0.2080706,0.007514210000000021,0.029919699999999994,0.014122240000000008,0.005316900000000013,0.012877030000000012,0.01189220000000002,0.19720119241994966,0.18716178278417955
0.09122229500000001,-0.3335672050000001,0.08858380500000002,-0.3390237650000001,0.09782227500000001,-0.3521832850000001,0.048615375000000016,-0.3577663250000001,0.06949154500000004,-0.3870238050000001,-0.0070940749999999775,-0.3226525750000001,0.009519025000000014,-0.3156299250000001,0.02731720500000001,-0.1956697650000001,0.03424350500000001,-0.15187270500000005,0.09742672500000005,-0.17455714500000008,0.12568340500000003,-0.1402373050000001,-0.00713277499999998,-0.006328465000000061,0.007132775000000036,0.00632846499999995,-0.005777674999999982,0.17927969499999985,0.048948955000000016,0.21479046499999987,-0.007460584999999964,0.2434608949999999,0.055671475000000026,0.2434608949999999,0.03441127999999999,0.12698281,0.07010952000000004,0.021112620000000026,0.024724479999999993,0.16375722000000004,0.09143990000000002,0.011635399999999962,0.001355099999999998,0.1856081599999999,-0.001682909999999982,0.06418120000000005,0.04181617999999998,0.20846199999999993,0.00672252000000001,0.028670430000000025,0.016613099999999992,0.007022650000000019,0.014265550000000016,0.01265693000000001,0.19807467736889645,0.18850935469914964
0.091455375,-0.332351235,0.08842219500000004,-0.338417085,0.09750167500000001,-0.350992145,0.04814289500000002,-0.357474985,0.06802267500000003,-0.385246705,-0.00965197499999998,-0.320192335,0.010285034999999998,-0.313505205,0.023417104999999994,-0.191410505,0.03022419500000001,-0.152216605,0.09922765500000003,-0.169839905,0.12224994500000003,-0.14104175500000005,-0.008373124999999981,-0.006462454999999978,0.008373125000000037,0.006462454999999978,-0.006287914999999977,0.18131699499999998,0.050695775,0.21752494499999997,-0.006444604999999992,0.243476095,0.053249775,0.243476095,0.03306907999999997,0.12878182999999999,0.07581055000000003,0.021570599999999995,0.01993916000000001,0.1612886,0.09202575000000002,0.011174849999999958,0.002085210000000004,0.18777944999999996,-0.00015669000000001487,0.06215910000000002,0.04232264999999996,0.21106249,0.0025540000000000007,0.025951150000000034,0.019937009999999977,0.006687129999999986,0.016746250000000018,0.012924909999999956,0.19562750068717566,0.1863475841030318
0.09136152999999997,-0.33294410499999993,0.08861432999999996,-0.3389719849999999,0.09701782999999997,-0.35185236499999994,0.04887927999999997,-0.35731260499999995,0.06680812999999997,-0.3857621049999999,-0.007780900000000007,-0.3185290249999999,0.008941270000000001,-0.31397358499999994,0.02593023,-0.18785338499999993,0.029449000000000003,-0.15236258499999988,0.09776229999999997,-0.17056165499999998,0.12150720999999998,-0.1404523849999999,-0.007558270000000006,-0.006000614999999931,0.007558269999999978,0.0060006150000000424,-0.008861890000000011,0.18040701500000011,0.051525129999999975,0.21575501500000005,-0.008749210000000007,0.24219121500000007,0.056234530000000005,0.24219121500000007,0.033711130000000006,0.13067563999999998,0.07183206999999997,0.01729172999999995,0.020507730000000002,0.16161100000000006,0.09205820999999997,0.011910199999999982,-0.0013036200000000053,0.18640763000000005,0.00011268000000000389,0.061784199999999956,0.043966859999999997,0.2097544,0.00470940000000003,0.02643620000000002,0.01672217000000001,0.004555439999999966,0.015116539999999984,0.012001229999999974,0.1953785002271399,0.18556088525366435
0.09253025499999995,-0.33432524999999996,0.08947488499999995,-0.34013158,0.09850239499999996,-0.35294598,0.048555374999999956,-0.35897399999999996,0.068255395,-0.3869704,-0.010344745000000016,-0.32305704999999996,0.010543634999999996,-0.31533261999999995,0.022998484999999957,-0.19692334,0.029383714999999977,-0.15431279999999992,0.09630463499999997,-0.17370489999999994,0.12028116499999997,-0.14115199999999994,-0.00892293500000002,-0.006623299999999999,0.008922934999999965,0.006623299999999999,-0.009630535000000023,0.17888674000000004,0.05370131499999997,0.2151573,-0.006162885000000035,0.24088350000000003,0.057298064999999954,0.24088350000000003,0.033343229999999974,0.12613370999999995,0.07330615000000001,0.023218440000000062,0.01884007999999998,0.16101982000000004,0.09089744999999999,0.013160799999999973,-0.0007076000000000027,0.18551004000000004,0.003467649999999989,0.061996759999999984,0.044778380000000007,0.208534,0.003596749999999982,0.025726200000000032,0.020888380000000012,0.007724430000000004,0.017845869999999986,0.013246599999999997,0.19745658395370078,0.18503565785767587
0.09348879000000004,-0.33257157499999995,0.09067156000000004,-0.33867317499999994,0.09920325000000002,-0.35134643499999996,0.050307110000000044,-0.35677799499999996,0.06872367000000001,-0.38470452499999996,-0.008464619999999978,-0.31840737499999994,0.01106531999999999,-0.31208517499999994,0.02328385999999999,-0.1893639749999999,0.03132092000000003,-0.150986175,0.09784983000000003,-0.169651475,0.12106295,-0.13900897499999998,-0.008445039999999987,-0.006428125000000007,0.008445040000000015,0.006428125000000007,-0.00782353999999999,0.17830052500000004,0.05288689000000002,0.21494096500000004,-0.007572069999999986,0.24311882500000004,0.05784809000000002,0.24311882500000004,0.03174847999999997,0.12904340000000003,0.07456597000000004,0.01971249999999991,0.02025560000000004,0.16109899999999994,0.08974202999999997,0.011977200000000021,0.0006214999999999971,0.18472865000000005,0.00025147000000000364,0.0648183,0.044441850000000005,0.20851284000000003,0.004961199999999999,0.02817786,0.019529939999999968,0.0063222,0.016890080000000002,0.012856250000000014,0.1947831136765695,0.18394222927098086
0.09309029999999996,-0.33134704000000004,0.09036041,-0.3375343600000001,0.09877587999999998,-0.34993734000000004,0.050465559999999965,-0.35620132000000004,0.06863680999999999,-0.38358347000000004,-0.007175070000000033,-0.31793682000000006,0.01053225999999996,-0.3116054200000001,0.02356815999999995,-0.18807892000000004,0.029682339999999974,-0.15072055000000006,0.09869647999999998,-0.16780778000000007,0.12239097999999998,-0.13919162000000007,-0.007985600000000037,-0.006373180000000089,0.007985599999999982,0.006373179999999978,-0.009493620000000036,0.1795520799999999,0.05144441999999999,0.2157218299999999,-0.01074209000000001,0.24479297999999994,0.057909779999999966,0.24479297999999994,0.030743229999999983,0.12985790000000003,0.07512832000000003,0.020271139999999965,0.019150080000000014,0.16088487,0.09270864000000001,0.011528929999999993,-0.0015080199999999988,0.18592525999999998,-0.0012484699999999738,0.06524090000000005,0.04345882000000001,0.20934864999999991,0.006465359999999976,0.029071150000000046,0.017707329999999993,0.006331399999999987,0.01597120000000002,0.012746360000000068,0.19349986116348095,0.18514238297047064
0.09297221500000002,-0.33259769000000006,0.09036265500000001,-0.33867081000000004,0.09872429500000002,-0.35119275000000005,0.050658815000000024,-0.3571800500000001,0.06887684500000002,-0.38488285000000005,-0.006192995000000007,-0.31915105000000005,0.010060235000000028,-0.3129931900000001,0.024814115000000025,-0.1905503500000001,0.030088055000000002,-0.15238695000000002,0.09857821500000002,-0.17057425000000004,0.12279051499999999,-0.13975835000000003,-0.007406694999999991,-0.006331150000000063,0.007406695000000019,0.006331149999999952,-0.008120404999999997,0.18037124999999998,0.05139661499999998,0.2165045499999999,-0.010858934999999986,0.24369204999999994,0.05783181500000001,0.24369204999999994,0.031007110000000032,0.12860069999999996,0.0737641,0.019976100000000052,0.020027819999999974,0.16060624000000007,0.09270245999999999,0.01262859999999999,-0.0007137100000000063,0.18670240000000005,-0.002738529999999989,0.06332079999999995,0.04398991999999996,0.21017339999999995,0.00643520000000003,0.02718750000000003,0.016253230000000035,0.0061578599999999595,0.01481339000000001,0.012662300000000015,0.19547019477485075,0.18616005997002255
0.09194881999999999,-0.3319761,0.08987436999999998,-0.33775967,0.09756078999999995,-0.35106673,0.05156308999999998,-0.35477303,0.06817741,-0.38470234,-0.002193590000000023,-0.31407775,0.0076880599999999966,-0.31498479,0.03130651999999995,-0.17931156999999998,0.026145559999999957,-0.15468437000000002,0.10176183,-0.16493846999999995,0.11904861,-0.14048267000000003,-0.005467540000000021,-0.004913229999999991,0.005467539999999993,0.004913229999999991,-0.007885430000000027,0.17909443000000003,0.05146113999999996,0.21300063000000002,-0.01016619000000002,0.24379043,0.05830464999999996,0.24379043,0.03350010999999997,0.13476618,0.07045531000000005,0.014373100000000028,0.01845749999999996,0.16030042,0.09290305000000004,0.014201699999999984,-0.002417890000000006,0.18400766000000002,-0.002280759999999993,0.06469599999999998,0.04599359999999997,0.20808740000000003,0.006843509999999997,0.03078979999999998,0.00988165000000002,-0.0009070400000000256,0.010935080000000014,0.009826459999999981,0.192629736094027,0.18450102221710024
0.09069446000000003,-0.330769,0.08866326000000002,-0.33650926,0.09640818000000001,-0.349568,0.05018140999999998,-0.3545252,0.06675293999999998,-0.38365289999999996,-0.0058413099999999885,-0.3161868,0.00762955999999998,-0.31275854,0.025172379999999994,-0.18744072999999994,0.02529018999999999,-0.15265974999999998,0.09642166000000002,-0.16988083999999992,0.11887720000000002,-0.13602665999999997,-0.006708739999999991,-0.00581799999999999,0.006708739999999991,0.00581799999999999,-0.010106299999999985,0.17643220000000004,0.05060456000000002,0.21208956,-0.012297249999999982,0.24410560000000003,0.05677276000000003,0.24410560000000003,0.031013689999999983,0.12874607000000005,0.07124928000000003,0.017559890000000022,0.01766063000000001,0.16009879,0.09358701000000003,0.016633090000000017,-0.003397559999999994,0.18225020000000003,-0.002190949999999997,0.0676734,0.04389582000000003,0.20627156000000002,0.0061682000000000126,0.03201604000000002,0.013470869999999968,0.0034282600000000163,0.013417479999999982,0.01163599999999998,0.19378466108808914,0.18083603343716428
0.08999859999999998,-0.331540555,0.08810702000000004,-0.33720323500000005,0.09569626000000003,-0.350383535,0.049839860000000014,-0.355179105,0.06592143,-0.38463288500000004,-0.0049475999999999964,-0.317514295,0.006022760000000016,-0.31386497500000005,0.02734466000000002,-0.18894253500000002,0.025671090000000008,-0.15323889499999999,0.09648593999999999,-0.16964443500000004,0.11955368,-0.13677489500000006,-0.0058106800000000125,-0.005798104999999998,0.0058106800000000125,0.005798104999999998,-0.01039722999999998,0.17901623499999997,0.04928154000000001,0.214455905,-0.012016940000000004,0.24248236499999998,0.05763224,0.24248236499999998,0.03229226000000002,0.12857175999999998,0.06914127999999997,0.019298099999999985,0.01964832999999999,0.16062608000000006,0.09388258999999999,0.016463999999999923,-0.004586549999999967,0.18481433999999997,-0.0016197100000000242,0.06346613000000001,0.04347086,0.2086578,0.008350699999999989,0.028026459999999975,0.010970360000000012,0.003649319999999956,0.011621360000000025,0.011596209999999996,0.19315853156900245,0.18238566384998578
0.09071207499999995,-0.33171306000000006,0.08877719499999998,-0.33738951000000006,0.09616223499999998,-0.3504835800000001,0.05050996499999999,-0.35536055000000005,0.06574929499999999,-0.3845139900000001,-0.0034857350000000453,-0.31766031000000006,0.0054859649999999816,-0.3138988300000001,0.028125434999999976,-0.19088353000000002,0.02585605499999999,-0.1546983300000001,0.09520773499999996,-0.17166413000000003,0.11929468499999996,-0.13509553000000007,-0.005080265000000028,-0.00578873000000002,0.005080264999999973,0.005788729999999909,-0.010177205000000022,0.17680112999999997,0.04803899499999997,0.21227262999999996,-0.013726565000000024,0.24222926999999994,0.05738273499999996,0.24222926999999994,0.03161117000000002,0.12677678000000003,0.06708229999999998,0.019219399999999998,0.020370090000000007,0.15920049999999997,0.09343862999999997,0.01960280000000003,-0.005096939999999994,0.18258986,-0.0035493600000000014,0.06542813999999997,0.04295873,0.20648390000000005,0.00934373999999999,0.02995663999999998,0.008971700000000027,0.0037614799999999837,0.010160530000000001,0.011577459999999928,0.19383583587448427,0.18136512468411337
0.09162978,-0.32999068,0.08888457,-0.33580150999999997,0.09694374,-0.34830408999999996,0.04954014000000001,-0.35375795,0.06600918,-0.38107915,-0.0023917999999999995,-0.31769804999999995,0.004541710000000032,-0.3095791,0.02699604,-0.19308609,0.02772933999999999,-0.14819264999999993,0.09235261,-0.17017844999999998,0.12004216000000001,-0.13186405,-0.0033267000000000158,-0.0064589999999999925,0.0033267000000000158,0.0064589999999999925,-0.002042429999999984,0.18483945000000002,0.04145331000000002,0.21927495000000008,-0.00613509000000001,0.24574715000000003,0.050076640000000006,0.24574715000000003,0.02938784,0.12461195999999997,0.06535657,0.022907640000000007,0.02318762999999996,0.16138645000000007,0.09231282000000002,0.016328599999999915,0.0012842700000000318,0.19129845,-0.004092660000000026,0.06090770000000001,0.038126610000000005,0.2128159500000001,0.008623329999999985,0.026472199999999946,0.006933510000000032,0.008118949999999958,0.0066534000000000315,0.012917999999999985,0.18962749977357873,0.1809855374451619
0.09039962000000001,-0.330686355,0.08787134000000002,-0.336255555,0.09596017000000001,-0.349181755,0.048821820000000016,-0.35342931499999997,0.06555282000000001,-0.381905285,-0.002466350000000006,-0.317080355,0.003380519999999998,-0.310434755,0.027384120000000012,-0.19205635499999996,0.027035120000000024,-0.14892845499999996,0.09232834000000001,-0.169674855,0.11941405999999999,-0.13253805499999993,-0.002928350000000024,-0.006142705000000026,0.002928350000000024,0.006142705000000026,-0.0029960600000000226,0.182475485,0.039112690000000006,0.216455045,-0.006652559999999974,0.245207045,0.04826471999999998,0.245207045,0.029850470000000018,0.12502400000000002,0.06494422,0.022381499999999943,0.023654600000000026,0.16150630000000005,0.09237893999999996,0.016390400000000027,-6.77099999999986e-05,0.18861819000000002,-0.0036564999999999515,0.06273156000000002,0.03618433999999998,0.21031234,0.009152029999999978,0.028752,0.005846870000000004,0.006645599999999974,0.005856700000000048,0.012285410000000052,0.1892527438992064,0.18111121949890813
0.090544385,-0.32807929,0.08828291500000002,-0.33389089,0.09556658500000004,-0.34671567000000003,0.05014941500000003,-0.35101307000000004,0.06403595500000003,-0.37940473,0.00014398500000001313,-0.31325195,0.0010482850000000377,-0.30832408,0.027669525000000028,-0.18541275000000002,0.023903934999999987,-0.14657494999999998,0.09245515500000001,-0.16600245000000002,0.11750385499999999,-0.12867395000000004,-0.0011155849999999745,-0.005883650000000018,0.00111558500000003,0.005883650000000018,-0.0009358549999999854,0.18204014999999996,0.03551504500000002,0.21586255,-0.007342414999999991,0.24811424999999998,0.04555303500000002,0.24811424999999998,0.027525540000000015,0.1278392,0.06478562999999998,0.01941029999999999,0.02285564999999995,0.16174913000000002,0.09359992,0.017900999999999945,0.00017972999999998907,0.18792379999999997,-0.006406560000000006,0.06607410000000002,0.03439945999999999,0.20997889999999997,0.010037989999999997,0.032251699999999994,0.0009043000000000245,0.004927870000000001,0.0022311700000000045,0.011767300000000036,0.18545488264693274,0.17791002532559236
0.08941462499999997,-0.32896472,0.08731378499999998,-0.33450272,0.094620015,-0.34734875,0.049069425,-0.35286029999999996,0.063401125,-0.38102843999999997,-0.002933655000000035,-0.31816016999999996,0.0019787149999999643,-0.30909349999999997,0.029374144999999963,-0.19839038999999992,0.023175834999999978,-0.14873691999999994,0.09215368499999999,-0.16890516,0.11758318499999998,-0.12853135999999998,-0.0034012850000000316,-0.006686179999999986,0.003401284999999976,0.006686179999999986,-0.0065225150000000065,0.18020353,0.045267014999999966,0.21546032999999998,-0.011844025000000036,0.24602208000000003,0.052810814999999955,0.24602208000000003,0.0323078,0.11976978000000005,0.06277954000000002,0.029485229999999918,0.021197120000000014,0.16035658000000003,0.09440735,0.020205559999999956,-0.003121229999999975,0.18688971,-0.005321510000000029,0.06581855000000003,0.04186572999999999,0.20877415,0.007543799999999989,0.030561750000000054,0.004912369999999999,0.009066669999999999,0.006802570000000008,0.013372359999999972,0.18827041659257385,0.17697821733552857
0.090734535,-0.3283424000000001,0.089133095,-0.3342155400000001,0.09529821499999996,-0.3474298600000001,0.051770855000000005,-0.35114823000000006,0.06299169500000001,-0.3803455400000001,-0.0006438650000000212,-0.3127189700000001,0.0020122949999999973,-0.30728820000000007,0.028431034999999993,-0.18770446000000007,0.02476929499999997,-0.1454019700000001,0.09153030499999998,-0.1670674000000001,0.11789673499999997,-0.12671860000000013,-0.002488535000000014,-0.006030100000000038,0.002488535000000014,0.006030099999999927,-0.0058395450000000015,0.1815920299999999,0.043412375,0.21582769999999996,-0.013545795,0.24586979999999992,0.051635015000000006,0.24586979999999992,0.029074900000000015,0.12501451000000002,0.06309926999999999,0.020637059999999985,0.02275699999999997,0.16188622999999996,0.09312744,0.018683369999999977,-0.0033510099999999876,0.18762212999999994,-0.007706249999999998,0.06427777000000001,0.04092383999999999,0.20979760000000003,0.008222640000000003,0.03004209999999996,0.0026561600000000185,0.005430770000000029,0.004977070000000028,0.012060199999999965,0.18647400426396066,0.17590130749636287
0.08993894500000005,-0.33047660000000006,0.08822156500000006,-0.33595329000000007,0.09495533500000003,-0.3493086000000001,0.05053101500000001,-0.35418113000000007,0.06317391500000002,-0.38329762000000006,-0.0016856849999999923,-0.3209948800000001,0.0013213850000000082,-0.30991753000000005,0.030787915000000055,-0.20495035000000006,0.02254021500000003,-0.14667245000000007,0.09177483500000005,-0.16958930000000005,0.11622611500000002,-0.1267308800000001,-0.002179484999999981,-0.006856950000000084,0.0021794850000000365,0.006856949999999973,-0.004220784999999949,0.18667230999999995,0.04064001500000003,0.22020730999999993,-0.008258884999999994,0.24382284999999992,0.04332224500000004,0.24382284999999992,0.03247360000000005,0.11604453000000003,0.06098692,0.035361050000000005,0.021218830000000022,0.16324508,0.09368589999999999,0.019941569999999964,-0.002041299999999968,0.19352926000000004,-0.004038100000000044,0.05715053999999997,0.03846052999999999,0.21335035999999996,0.0026822300000000077,0.02361553999999999,0.0030070700000000006,0.011077350000000041,0.0043589700000000176,0.013713900000000057,0.18790750911867493,0.17564834795256634
0.092661575,-0.32955682999999997,0.091041555,-0.33576025,0.09722818499999997,-0.34851220999999993,0.05391215499999996,-0.35471817999999994,0.06537615499999999,-0.38247824999999996,-0.00198103500000002,-0.32010874999999994,0.006573994999999999,-0.31160607999999995,0.022044734999999982,-0.19522014999999993,0.023902974999999993,-0.14720984999999998,0.09177923499999996,-0.16710605,0.11803403499999998,-0.12664314999999993,-0.003307064999999998,-0.006594449999999918,0.003307064999999998,0.0065944500000000295,-0.001237435000000009,0.1825697500000001,0.03876965499999996,0.21680212,-0.0009141950000000065,0.24446195000000004,0.03823008499999997,0.24446195000000004,0.024025770000000002,0.12488860000000002,0.06973449999999998,0.02811409999999992,0.017328979999999994,0.16439622999999998,0.09413105999999999,0.02056670000000005,0.002069629999999989,0.1891642,0.0003232400000000024,0.06189219999999995,0.03546258999999996,0.21020766999999996,-0.0005395699999999892,0.027659830000000052,0.008555030000000019,0.00850266999999999,0.006614129999999996,0.013188899999999948,0.18656199554638672,0.1758252988029336
0.09355375999999999,-0.326117195,0.09226351999999999,-0.332255905,0.09803035999999998,-0.34501734500000003,0.05577030999999999,-0.35122552500000004,0.06588706,-0.379159395,0.000256360000000011,-0.316521055,0.006727580000000011,-0.307138895,0.026102760000000003,-0.193032325,0.025585059999999993,-0.142800225,0.09387201,-0.16202209499999998,0.11957589000000002,-0.12374462500000005,-0.003002159999999976,-0.006760274999999982,0.003002159999999976,0.006760274999999982,-0.0023637699999999873,0.180174135,0.040341530000000014,0.21530297499999995,-0.007187300000000008,0.24828567499999998,0.03928261999999999,0.24828567499999998,0.02584639999999999,0.12348872999999999,0.06776925,0.031010230000000027,0.018857479999999982,0.16433867000000002,0.09399083000000003,0.01905559999999995,0.0006383899999999887,0.18693441,-0.00482353000000002,0.06811153999999997,0.03733937000000004,0.20854269999999997,-0.001058910000000024,0.03298270000000003,0.00647122,0.009382159999999973,0.006004319999999952,0.013520549999999965,0.18300502059479487,0.17498846662029735
0.092342005,-0.32715595000000003,0.090778005,-0.33298287000000004,0.09721459500000001,-0.34607515,0.053409205000000015,-0.3519293,0.065123335,-0.38061920000000005,-0.002201225000000029,-0.31697542,0.005267725000000001,-0.30814192,0.024350714999999967,-0.19451229999999997,0.024939904999999984,-0.14450170000000007,0.091277675,-0.1647518,0.11768089500000001,-0.12379936000000002,-0.0036541050000000186,-0.006695239999999991,0.0036541050000000186,0.006695239999999991,-0.003281405000000015,0.18154475000000003,0.042311074999999976,0.21638163999999993,-0.00727947499999998,0.24677159999999998,0.046064594999999986,0.24677159999999998,0.026551939999999996,0.12246312000000004,0.06692696000000004,0.029760499999999968,0.019672179999999984,0.16364021999999995,0.09274099000000002,0.02070234000000004,0.0003727000000000036,0.18823999000000002,-0.003998069999999965,0.06522684999999995,0.03865696999999996,0.20968639999999994,0.00375352000000001,0.03038996000000005,0.00746895000000003,0.008833499999999994,0.007308210000000037,0.013390479999999982,0.18437439901733105,0.17329440114113354
0.09240090000000001,-0.32541408000000005,0.09108904000000001,-0.33113228000000006,0.09763820000000001,-0.34408098000000004,0.054027139999999974,-0.34988682000000004,0.06633564999999997,-0.37817495000000007,-0.0010629000000000333,-0.31771308000000004,0.005678440000000007,-0.30289148000000005,0.03129149999999997,-0.2071815800000001,0.024490000000000012,-0.14105334000000003,0.09356897999999997,-0.16299348000000002,0.11837106999999997,-0.12082698000000003,-0.003813000000000011,-0.007564920000000086,0.003813000000000011,0.007564919999999975,-0.005662239999999985,0.18011591999999998,0.04321940000000002,0.21531301999999997,-0.00870114999999999,0.24888131999999996,0.04379862000000001,0.24888131999999996,0.032354400000000005,0.11053149999999995,0.062277479999999996,0.04418810000000006,0.018811560000000005,0.16183814000000002,0.09388106999999996,0.02022636,-0.0018492399999999742,0.18768084000000007,-0.0030389100000000058,0.06876539999999998,0.03940640000000001,0.2077481,0.0005792199999999914,0.033568299999999995,0.00674134000000004,0.01482159999999999,0.007626000000000022,0.015129840000000061,0.18341561354583197,0.17206984450430263
0.09357310499999999,-0.3298953999999999,0.09264178500000003,-0.3354089499999999,0.09870662499999999,-0.3491254099999999,0.05592362500000003,-0.3541329799999999,0.06756467500000002,-0.38435124999999987,0.0006503250000000071,-0.3205659499999999,0.006377444999999982,-0.31187336999999987,0.032082425000000026,-0.20049949999999994,0.024544325000000033,-0.1473688099999999,0.09513992500000001,-0.1662736199999999,0.11934484500000003,-0.12694854999999994,-0.0036537749999999702,-0.006541449999999949,0.0036537750000000258,0.00654145000000006,-0.007973214999999978,0.1799232500000001,0.04726182499999998,0.21453375000000008,-0.011079204999999981,0.2429720500000001,0.04904399500000001,0.2429720500000001,0.03143210000000002,0.12006644999999994,0.06305749999999999,0.03422588000000004,0.018166880000000052,0.16450455999999997,0.09480052,0.020420259999999968,-0.004319440000000008,0.18646470000000004,-0.003105990000000003,0.06304880000000002,0.043608049999999954,0.20799230000000002,0.0017821700000000273,0.028438300000000027,0.0057271199999999745,0.008692580000000005,0.007307549999999996,0.013082900000000008,0.18781523179071202,0.17664655042696106
0.09617967499999996,-0.32435542000000006,0.095443055,-0.32969996,0.101233075,-0.34343564000000004,0.05904747499999996,-0.34842130000000004,0.06979833499999999,-0.37857014000000005,0.004273954999999996,-0.31653082000000005,0.007712455000000007,-0.3055223,0.03570453499999998,-0.19947093999999999,0.028133754999999983,-0.14008410000000004,0.09612749500000001,-0.16036415000000004,0.12245102499999999,-0.12158100000000005,-0.002928984999999995,-0.0068694000000000255,0.002928984999999995,0.0068693999999999145,-0.006201445000000028,0.17698366,0.04766785499999998,0.21159755999999996,-0.01322820500000002,0.24804329999999997,0.04966200500000001,0.24804329999999997,0.031430579999999986,0.11705988000000006,0.060422960000000026,0.03910678999999995,0.020421299999999976,0.16543819999999998,0.09431727000000001,0.018503099999999995,-0.0032724600000000326,0.18385306,-0.007026759999999993,0.07105963999999998,0.044738869999999986,0.20472816000000005,0.001994150000000028,0.036445740000000004,0.003438500000000011,0.011008520000000022,0.00585796999999999,0.01373879999999994,0.18268230485614337,0.17545661374231977
0.09344989999999997,-0.33365425,0.09244306999999996,-0.33937424,0.09836220000000001,-0.35287514,0.055708959999999974,-0.35833758,0.06657959999999996,-0.3879044,0.0016013599999999961,-0.32514173,0.004413179999999961,-0.31655037,0.027729100000000007,-0.19897445999999996,0.021292470000000008,-0.14842909999999998,0.09176423,-0.16982580000000003,0.11810448000000001,-0.12994309999999998,-0.0017570399999999875,-0.006596950000000046,0.0017570399999999875,0.006596950000000046,-0.008191360000000036,0.18198179999999997,0.03690559999999998,0.21766684000000003,-0.006974100000000039,0.2383537,0.04042222000000001,0.2383537,0.02612774000000001,0.12616727000000005,0.06403513,0.029148659999999937,0.016879290000000047,0.16812127000000004,0.09681201,0.018486000000000002,-0.006434320000000049,0.18857875000000002,0.0012172599999999978,0.05637190000000003,0.035148559999999995,0.21106988999999998,0.003516620000000026,0.020686859999999974,0.002811819999999965,0.008591359999999992,0.003514079999999975,0.013193900000000092,0.18812199609491548,0.17938760282850125
0.09533341999999995,-0.33152232,0.09389196999999999,-0.33724940999999997,0.10039701999999995,-0.35040661999999995,0.056577169999999954,-0.35597008999999996,0.06891756999999998,-0.38447401999999997,0.0029882699999999596,-0.32380865,0.006518269999999937,-0.31271181,0.031323219999999985,-0.19996435,0.021832219999999958,-0.14398064999999993,0.09412451999999999,-0.16524054999999993,0.11930169999999996,-0.12652629999999998,-0.002031380000000027,-0.0068883499999999875,0.0020313799999999715,0.0068883499999999875,-0.008478140000000023,0.18322195000000008,0.03779571999999998,0.21814695000000006,-0.0040548200000000145,0.24172055000000003,0.03904471999999998,0.24172055000000003,0.028334950000000025,0.12384429999999996,0.0628013,0.03472380000000008,0.01531395000000002,0.16873116000000005,0.09746948,0.017454349999999952,-0.006446759999999996,0.19011030000000007,0.004423320000000008,0.058498599999999956,0.035764340000000006,0.21125860000000007,0.0012490000000000001,0.023573599999999972,0.0035299999999999776,0.011096839999999997,0.004062759999999999,0.013776699999999975,0.18526029350524625,0.17762825447412606
0.09495224999999996,-0.3320585800000001,0.09267034999999996,-0.3368085300000001,0.10101084999999999,-0.3501623300000001,0.053625409999999984,-0.3574096500000001,0.06999954999999997,-0.3853272200000001,-0.00016289000000002662,-0.3262046500000001,0.007758149999999964,-0.3117773200000001,0.02801604999999996,-0.20576939000000005,0.02331064999999999,-0.1427856500000001,0.09265304999999996,-0.16454020000000014,0.11930227999999998,-0.12948095000000004,-0.00403595000000001,-0.007626050000000051,0.004035949999999955,0.00762604999999994,-0.00983305000000001,0.1719084099999999,0.037048749999999964,0.21215044999999988,-0.013466030000000018,0.24085154999999991,0.03603614999999999,0.24085154999999991,0.028178939999999986,0.12043526000000004,0.064637,0.041229189999999916,0.015552500000000025,0.16899166999999998,0.09599163,0.013304700000000058,-0.0057970999999999995,0.17953445999999995,-0.003632980000000008,0.06894314000000001,0.03301280000000001,0.20452439999999994,-0.0010125999999999746,0.028701100000000035,0.00792103999999999,0.014427330000000016,0.008071899999999965,0.01525209999999999,0.18431172830621095,0.17912190340845785
0.09579105500000001,-0.328757025,0.09331114499999998,-0.333354505,0.10186921500000001,-0.34659380500000003,0.05401413500000002,-0.353466245,0.07069324500000002,-0.380874125,0.0010145149999999936,-0.323576545,0.008384455000000013,-0.305663675,0.03241287500000001,-0.20877812500000004,0.02528887499999999,-0.13650792499999997,0.09269423500000001,-0.161036925,0.12007057500000001,-0.12549227500000004,-0.003853125000000013,-0.007994174999999992,0.003853125000000013,0.007994174999999992,-0.00959686500000001,0.17311501500000004,0.037215845000000025,0.21217477500000004,-0.014887344999999996,0.244156775,0.03221787500000001,0.244156775,0.031398360000000014,0.11479841999999996,0.060281360000000006,0.04774120000000004,0.016904419999999976,0.16915575000000005,0.09478170000000002,0.011015649999999932,-0.005743739999999997,0.18110919000000003,-0.005290479999999986,0.07104175999999995,0.03336272000000001,0.20418060000000005,-0.004997970000000018,0.031981999999999955,0.007369940000000019,0.01791286999999997,0.007706250000000026,0.015988349999999985,0.18095158482459364,0.17698906186006244
0.097027425,-0.32849204,0.09496842499999997,-0.33392268,0.10297002499999997,-0.34712,0.056208425000000006,-0.35312288000000003,0.07169006499999997,-0.38157772,0.0005814550000000085,-0.32066878,0.01109669499999999,-0.3075621,0.03097129500000001,-0.1971634,0.026580724999999972,-0.13490923,0.092693105,-0.15710773,0.12064302499999996,-0.12524917000000002,-0.0053701750000000326,-0.0072016999999999776,0.005370174999999977,0.0072016999999999776,-0.010570475000000024,0.17519129999999994,0.036039304999999966,0.21259899999999998,-0.014767305000000008,0.2429652,0.03301105500000001,0.2429652,0.03038984,0.12350538,0.06172180999999999,0.04005566999999999,0.015484029999999982,0.17265287,0.09406229999999999,0.00966005999999997,-0.005200299999999991,0.18239299999999992,-0.004196829999999985,0.06777390000000005,0.03066912999999999,0.2053973,-0.0030282499999999546,0.03036620000000001,0.010515239999999981,0.013106679999999982,0.01074035000000001,0.014403399999999955,0.17913186404076553,0.17558776412631774
0.09853123500000005,-0.3280253000000001,0.09635443500000002,-0.3324247800000001,0.10510215500000003,-0.34640219000000005,0.05697178500000005,-0.35470952000000006,0.074038135,-0.38384785000000005,0.0007827550000000238,-0.32838519000000005,0.011847435000000017,-0.3090679500000001,0.03554013500000003,-0.21220015000000003,0.03003193500000001,-0.13413245000000007,0.094638885,-0.1623530500000001,0.12390819500000005,-0.12809481000000011,-0.005073334999999957,-0.008266150000000083,0.005073335000000012,0.008266149999999972,-0.008754704999999974,0.17423537999999994,0.041667165000000006,0.21361700999999989,-0.01244096499999997,0.24008754999999993,0.03290051500000002,0.24008754999999993,0.034757380000000004,0.11618504000000002,0.05909874999999998,0.04984709999999992,0.018184499999999992,0.17493550000000002,0.09387626000000004,0.006037639999999955,-0.003681370000000017,0.18250153000000002,-0.0036862599999999968,0.06585216999999999,0.036593829999999994,0.2053508599999999,-0.008766649999999987,0.026470540000000042,0.011064679999999993,0.019317239999999958,0.010146669999999969,0.016532300000000055,0.18353555396417992,0.180875745646953
0.09880747499999998,-0.3292222,0.09630620499999998,-0.33392095,0.10518685500000002,-0.34785699,0.05673003500000001,-0.35539555,0.074543535,-0.38462325,0.004216975000000012,-0.32595691,0.010775354999999986,-0.31142303,0.037651674999999996,-0.20098185000000002,0.030617775000000014,-0.13569759999999997,0.09650415499999998,-0.16008215000000003,0.122730475,-0.12901635,-0.003317744999999983,-0.007402250000000055,0.003317744999999983,0.007402250000000055,-0.006963875000000008,0.17496539,0.037692695,0.21370014999999998,-0.012890524999999986,0.23872525,0.03476253499999998,0.23872525,0.033434699999999984,0.12497505999999997,0.058852479999999985,0.04089969999999998,0.019842420000000027,0.17572543000000002,0.09211269999999999,0.006681249999999972,-0.003646130000000025,0.18236764000000005,-0.005926649999999978,0.06375986,0.034374950000000015,0.20629789999999992,-0.002930160000000015,0.025025100000000022,0.006558379999999975,0.014533879999999999,0.006635489999999966,0.01480450000000011,0.18241590825259726,0.18129929539855613
0.10077637,-0.3314475749999999,0.09759205999999998,-0.3365336949999999,0.10803892999999998,-0.3493836949999999,0.05595760999999999,-0.35644329499999994,0.07874082999999998,-0.38393026499999994,0.0008791099999999608,-0.3280254349999999,0.016131609999999963,-0.30949363499999993,0.037286039999999965,-0.2044321549999999,0.03855240999999998,-0.13207959499999988,0.09718205999999996,-0.15881599499999988,0.12705534999999996,-0.12818019499999989,-0.006830539999999996,-0.008069844999999964,0.006830539999999996,0.008069845000000075,-0.009630890000000003,0.17335256500000007,0.041401240000000006,0.2138668050000001,-0.013543689999999997,0.2384524050000001,0.04073538999999998,0.2384524050000001,0.036406930000000004,0.12359328000000003,0.059896019999999994,0.04561616000000002,0.02242080000000002,0.17741404000000005,0.08850293999999997,0.0038993999999999973,-0.002800350000000007,0.18142241000000003,-0.003912799999999994,0.06509984000000002,0.03457070000000001,0.20579696000000003,-0.0006658500000000234,0.024585599999999985,0.015252500000000002,0.018531799999999987,0.013661079999999992,0.01613969000000004,0.18314754352320006,0.18170877342477904
0.09974871499999999,-0.33278225,0.09666794499999998,-0.33801021000000003,0.10665620499999995,-0.35042917,0.05641674499999999,-0.35820295,0.07802726499999996,-0.38446709,0.005541784999999966,-0.33150935000000004,0.01379548499999994,-0.31057962,0.03916297499999999,-0.21382184999999998,0.03564389499999998,-0.13249051,0.09574519499999995,-0.16208075,0.12510429499999998,-0.12692335,-0.0032519250000000444,-0.007948950000000066,0.003251924999999989,0.007948949999999955,-6.98150000000286e-05,0.17594820999999994,0.03142781499999997,0.21262521,-0.0030084950000000554,0.23740804999999998,0.029094644999999975,0.23740804999999998,0.03362119000000002,0.11768750000000006,0.05658221999999996,0.051741099999999984,0.02184841000000004,0.17808911,0.0894604,0.005567160000000015,0.0031821100000000158,0.18389716,-0.002938680000000027,0.06145984000000004,0.02817588999999998,0.20467626000000005,-0.0023331699999999955,0.024782839999999973,0.008253699999999975,0.020929730000000035,0.006503850000000033,0.01589790000000002,0.18318581151261246,0.18176506094931139
0.10425309500000002,-0.33958823,0.101072685,-0.34488041,0.11144531499999999,-0.3576347,0.05972053500000002,-0.36633475,0.083727255,-0.39239535000000003,0.007375665000000031,-0.33818043000000003,0.019273835000000017,-0.31673337,0.042921735000000016,-0.21673430000000005,0.03877265499999999,-0.14180115000000004,0.09919677500000001,-0.16934594999999997,0.13058669500000003,-0.13433095000000006,-0.0054575649999999976,-0.009485150000000053,0.0054575649999999976,0.009485149999999942,-0.006754834999999959,0.15899975,0.04804299500000003,0.21134664999999997,-0.013092364999999995,0.22922515,0.04486853500000004,0.22922515,0.035546069999999985,0.12144612999999999,0.05627504,0.04738835000000008,0.019498819999999972,0.17493221999999997,0.09181404000000004,0.007470199999999982,-0.0012972699999999615,0.16848490000000005,-0.006337530000000036,0.0702254,0.042585430000000035,0.20186150000000003,-0.00317445999999999,0.01787850000000002,0.011898169999999986,0.021447060000000018,0.010915129999999995,0.018970299999999995,0.19107068392999377,0.19063150262684
0.10633037499999998,-0.33947804500000006,0.10268617499999999,-0.345136345,0.11327369500000001,-0.35788157500000006,0.060526205,-0.36714707500000004,0.08476088500000001,-0.393130505,0.006212455000000006,-0.33700823500000004,0.022077224999999978,-0.31852297500000004,0.039170625000000014,-0.20842787500000004,0.04073642500000002,-0.14091044500000005,0.099641545,-0.17079117500000007,0.129735685,-0.1347176750000001,-0.006568805000000011,-0.008787274999999983,0.006568805000000011,0.008787274999999983,-0.008674275000000009,0.16104376499999995,0.04626918499999999,0.21002632499999996,-0.011661315000000005,0.22618812499999996,0.04440682499999998,0.22618812499999996,0.03295817000000001,0.12858036,0.060470919999999984,0.03763669999999997,0.018659200000000042,0.17761253,0.08899925999999997,0.006192769999999959,-0.002105469999999998,0.16983103999999993,-0.0029870399999999964,0.06514436000000001,0.03970037999999998,0.20123904999999997,-0.0018623600000000073,0.016161800000000004,0.015864769999999973,0.018485260000000003,0.013137610000000022,0.017574549999999967,0.19371603460305636,0.18911306407394735
0.105926725,-0.3401802749999999,0.103482395,-0.3467844949999999,0.11256808500000004,-0.3586341349999999,0.06295803500000002,-0.3680426149999999,0.08350130500000003,-0.39404997499999994,0.0029396150000000065,-0.3380369749999999,0.02289733500000002,-0.32094889499999996,0.03085568500000002,-0.20282312499999988,0.04214552500000002,-0.14005490499999995,0.098369035,-0.16940912499999994,0.12778326500000003,-0.12948197499999992,-0.007518085000000008,-0.007918574999999928,0.007518085000000008,0.007918575000000039,-0.012503435000000007,0.17843428500000003,0.036803425,0.21858392500000012,-0.0041636849999999725,0.22628072500000007,0.043064985,0.22628072500000007,0.027916070000000015,0.13521385000000002,0.06751334999999997,0.033413999999999944,0.01924819,0.18089399,0.08563774000000002,0.010572930000000036,-0.0049853499999999995,0.18635285999999995,0.008339750000000035,0.047846440000000046,0.029285339999999993,0.21066535000000008,0.006261559999999999,0.007696799999999948,0.019957720000000012,0.01708807999999995,0.015036170000000015,0.015837149999999967,0.19310950241041197,0.18259962941017951
0.10972416000000002,-0.34717898,0.10595600999999999,-0.35447255,0.11631554,-0.36551089000000003,0.06375593000000002,-0.37475185,0.08654982,-0.39841095,0.005592939999999991,-0.34320015000000004,0.024755689999999997,-0.32234885,0.03647324000000002,-0.21288539000000006,0.046518859999999995,-0.1431076,0.10297434999999999,-0.17408610999999996,0.13158398999999998,-0.13221245000000004,-0.005713730000000028,-0.008369750000000065,0.0057137299999999724,0.008369749999999954,-0.0027377299999999938,0.17489414999999997,0.026869739999999975,0.21549790000000002,0.011367230000000006,0.22035085,0.028245089999999973,0.22035085,0.030880300000000027,0.13031475999999997,0.06650110999999997,0.0387992800000001,0.02176317,0.17924125000000002,0.08506512999999999,0.010895149999999965,0.002976000000000034,0.18326390000000004,0.01410496,0.04545670000000002,0.021156010000000003,0.20712815000000007,0.0013753499999999974,0.004852949999999967,0.019162750000000006,0.020851300000000017,0.01142746,0.016739500000000018,0.19817923883630184,0.18869731664575307
0.11075380999999995,-0.343019025,0.10688799999999993,-0.348948565,0.11774611999999995,-0.361290925,0.06482096999999998,-0.369619245,0.08849272999999996,-0.395553465,0.011913099999999954,-0.336590555,0.02342310999999997,-0.320138955,0.04748139999999995,-0.20162138500000004,0.04774596999999997,-0.13494562499999996,0.11017933999999996,-0.16533645499999994,0.13400636999999993,-0.13263522500000002,-0.003783530000000035,-0.006966974999999986,0.0037835299999999794,0.006966974999999986,-0.0007718300000000289,0.173348575,0.02892604999999998,0.20900697499999998,-0.0016432000000000668,0.222434075,0.027903509999999965,0.222434075,0.0355683,0.13496916999999997,0.06269794000000001,0.036284930000000104,0.02432286,0.18519333000000004,0.08626039999999996,0.0023103999999999347,0.003011700000000006,0.18031555,-0.000871370000000038,0.049085500000000004,0.02514252,0.20204,-0.0010225400000000162,0.013427100000000025,0.011510010000000015,0.01645160000000001,0.007567060000000014,0.013933949999999973,0.19511132190138858,0.19091035148075547
0.10927636999999996,-0.3439256699999999,0.10665657,-0.3496107599999999,0.11654002999999996,-0.36296443999999994,0.06613777999999998,-0.37081436999999995,0.08708836999999997,-0.3995942699999999,0.008657999999999999,-0.33657733999999995,0.023129419999999956,-0.3226508699999999,0.04122672999999999,-0.19577844999999994,0.04746724999999996,-0.13278057,0.10795541999999997,-0.16738929999999996,0.1357775,-0.1349261599999999,-0.004855800000000021,-0.006715599999999933,0.004855799999999966,0.006715600000000044,-0.00329978000000003,0.17808555000000004,0.02838586999999998,0.21428804,-0.005990750000000045,0.22058050000000007,0.024387259999999966,0.22058050000000007,0.03256872999999999,0.14079889,0.06672868999999998,0.028389149999999974,0.024337830000000005,0.18987029999999994,0.08831025000000003,-0.0021455899999999195,0.0015560199999999913,0.18480114999999997,-0.0026909700000000147,0.04249495000000003,0.023530070000000014,0.20757243999999997,-0.0039986100000000135,0.006292460000000055,0.014471419999999957,0.013926470000000024,0.009711599999999987,0.013431199999999976,0.19632220768313097,0.19288048036747418
0.11026528000000002,-0.34623939000000004,0.10711151000000002,-0.35184079,0.11776909000000002,-0.36476779000000004,0.06585696000000002,-0.37386825,0.08839556000000004,-0.40119979,0.008680840000000023,-0.34428599000000004,0.02407520000000002,-0.32404652,0.04318109000000003,-0.21148754999999997,0.05000191000000004,-0.13410184999999997,0.11009884000000003,-0.17143304999999998,0.13833242,-0.13878045000000006,-0.0038892600000000055,-0.00758795000000001,0.0038892600000000055,0.00758795000000001,0.0024925700000000273,0.17915804999999996,0.020650940000000007,0.21611254999999996,0.0035974400000000073,0.21793764999999998,0.009013199999999999,0.21793764999999998,0.03450025000000001,0.13279844000000007,0.06691775,0.04005449999999999,0.02592671000000002,0.18994467000000004,0.08833050999999997,-0.004678600000000088,0.006381830000000033,0.18674599999999997,0.00110486999999998,0.038779600000000025,0.01676168,0.20852459999999995,-0.011637740000000008,0.001825100000000024,0.015394359999999996,0.020239470000000037,0.007778520000000011,0.01517590000000002,0.19959585099801047,0.198742727638889
0.11403176000000004,-0.34440231999999993,0.10933689000000002,-0.3499572999999999,0.12124956000000003,-0.3617214399999999,0.06497931000000001,-0.3727286799999999,0.09060436000000005,-0.3959329199999999,0.010544890000000029,-0.3490869199999999,0.027119720000000014,-0.3170232799999999,0.056444850000000046,-0.23297417999999992,0.055313530000000055,-0.1304530799999999,0.11099914000000005,-0.1738131799999999,0.14205882000000003,-0.13410977999999996,-0.005319389999999979,-0.009335479999999952,0.005319390000000035,0.009335480000000063,-0.009291009999999933,0.17993828000000012,0.02854845000000006,0.2183435800000001,-0.006514069999999983,0.2204777200000001,0.015337790000000018,0.2204777200000001,0.04589996000000002,0.11611273999999999,0.054554290000000005,0.05916100000000002,0.02819381000000004,0.18657020000000002,0.08674528999999997,-0.0036567000000000682,-0.0039716199999999535,0.18927376000000007,0.00277693999999995,0.04053943999999998,0.023229060000000024,0.20900810000000003,-0.01321066000000004,0.0021341400000000066,0.016574829999999985,0.032063640000000004,0.010638780000000014,0.018670960000000014,0.20145201468004953,0.19817722960318246
0.11910284000000004,-0.3467578949999999,0.11494367999999999,-0.35461611499999995,0.12582171000000003,-0.36509758499999995,0.07112446,-0.37744808499999993,0.09521240000000003,-0.39924588499999997,0.010251640000000006,-0.34985605499999994,0.033488300000000026,-0.31934303499999994,0.045841310000000024,-0.21728947499999995,0.06189051000000001,-0.129410955,0.11170576000000004,-0.17626361499999998,0.14588502000000003,-0.1334289649999999,-0.006710499999999953,-0.010234144999999972,0.006710500000000008,0.010234145000000083,-0.006744040000000007,0.18294448500000005,0.027036360000000037,0.21649208500000006,0.0033174800000000393,0.21649208500000006,0.02094370000000001,0.21649208500000006,0.03558967000000002,0.13256658,0.06586445000000002,0.04102585999999997,0.028402209999999983,0.18993207999999995,0.08399451000000002,-0.004018009999999905,-3.354000000005408e-05,0.19317863000000002,0.010061520000000046,0.03354760000000001,0.02032586000000003,0.20625793999999997,-0.0060926600000000275,0.0,0.02323666000000002,0.030513020000000002,0.01342099999999996,0.020468290000000056,0.20393184042926818,0.20002158931500993
0.11953197500000001,-0.34589520000000007,0.115470935,-0.3535466000000001,0.12668152500000002,-0.3637668000000001,0.07190237500000002,-0.3777904000000001,0.09703548499999998,-0.3988190000000001,0.012258245000000001,-0.3544791000000001,0.035270305,-0.3184659600000001,0.055990684999999984,-0.23200450000000006,0.064794505,-0.13040404000000005,0.114255775,-0.17630040000000013,0.146148485,-0.12977650000000007,-0.006851565000000004,-0.01102330000000007,0.006851565000000004,0.011023299999999958,-0.007060695000000006,0.17937239999999988,0.02917002499999999,0.2169669999999999,0.006523565000000009,0.2169669999999999,0.022025705000000007,0.2169669999999999,0.043732439999999984,0.12247460000000004,0.05826509000000002,0.05570409999999992,0.0295242,0.18806192000000005,0.08135397999999999,0.000627539999999982,-0.00020913000000000181,0.19039569999999995,0.013584260000000015,0.037594600000000034,0.022318459999999984,0.20594369999999995,-0.007144319999999982,0.0,0.02301206,0.03601314,0.013703130000000008,0.022046600000000027,0.20489877399898132,0.19806114106892955
0.12304059,-0.34701515499999996,0.11855846000000003,-0.35512264499999996,0.13054654000000004,-0.364946505,0.07351796,-0.380079085,0.10124411999999999,-0.40025644499999996,0.009032360000000017,-0.353901405,0.041752100000000014,-0.31856648499999995,0.04904626000000001,-0.22800754499999998,0.07006329,-0.13111941500000002,0.11637604000000001,-0.17833565499999993,0.14938726000000002,-0.12873892499999995,-0.010749010000000003,-0.011151985000000031,0.010749010000000003,0.011151985000000031,-0.010719919999999994,0.18201991500000003,0.03613478000000003,0.21518261500000002,0.0013691200000000014,0.21518261500000002,0.03272246000000001,0.21518261500000002,0.04001389999999999,0.12589386000000002,0.06732978,0.04967189000000005,0.028311189999999986,0.18744706999999994,0.07932397000000002,0.0023804900000000684,2.9090000000009386e-05,0.19317190000000006,0.012089039999999995,0.03316269999999999,0.02538577000000003,0.20403063,-0.0034123200000000242,0.0,0.03271974,0.03533492000000005,0.021498020000000007,0.022303970000000062,0.21002656463450373,0.19695184960718343
0.12348694999999998,-0.34692853,0.11881221999999997,-0.35490375,0.13077351999999998,-0.36485919,0.0740826,-0.37810117,0.10141064,-0.39820301,0.012041049999999998,-0.35332983,0.04114247999999998,-0.31620055,0.05299926999999999,-0.22986295,0.06942451999999999,-0.12677139000000004,0.11505104999999999,-0.17565933,0.14818482,-0.12855799,-0.008254360000000016,-0.011151759999999955,0.008254360000000016,0.011151759999999955,-0.006149400000000027,0.17951240999999996,0.02652857999999997,0.21611521,0.010079249999999984,0.21611521,0.012960269999999996,0.21611521,0.04095821999999999,0.12346688,0.06205178,0.05420362000000001,0.02828204000000001,0.18942915999999999,0.0787603,-0.0017865999999999715,0.002104959999999989,0.1906641699999999,0.01622865000000001,0.036602800000000046,0.018274219999999952,0.20496345000000005,-0.013568309999999972,0.0,0.029101429999999984,0.03712927999999999,0.016508720000000032,0.02230351999999991,0.20558931081788523,0.19773555037188958
0.12426247000000001,-0.34594617,0.12006129999999998,-0.3536337,0.13164829,-0.3641169,0.07522489999999998,-0.3779747,0.10235955000000002,-0.39939276,0.012049220000000027,-0.35387862,0.04117777,-0.31822348,0.05059345999999998,-0.2267401,0.07216267999999998,-0.12643400000000005,0.11606527999999999,-0.1733308,0.15033992000000002,-0.12635410000000002,-0.009195379999999975,-0.011155200000000032,0.009195379999999975,0.011155200000000032,-0.009559729999999989,0.17770704000000004,0.03449832000000003,0.2144663,-0.0009502000000000121,0.2144663,0.03069069000000002,0.2144663,0.03854423999999995,0.12713851999999998,0.06547182000000001,0.05340929999999999,0.030984909999999977,0.19178947999999996,0.07817724000000004,7.990000000002162e-05,-0.0003643500000000133,0.18886224000000007,0.008609529999999976,0.03675925999999996,0.02530294000000005,0.20331109999999997,-0.0038076300000000063,0.0,0.029128549999999975,0.035655139999999974,0.01839075999999995,0.022310400000000064,0.20491744234934123,0.19705478618470962
0.12457573999999999,-0.34719513999999996,0.12058655000000001,-0.35484995999999996,0.13245049999999997,-0.36530695999999996,0.07564770999999998,-0.3811892499999999,0.10404357999999997,-0.40253557999999995,0.009718599999999966,-0.35904899999999995,0.04403331999999999,-0.32006011999999995,0.04969466,-0.2352751999999999,0.07347011999999997,-0.12764209999999998,0.11677072,-0.17588983999999996,0.15124022999999998,-0.12835929999999995,-0.011555399999999993,-0.011814799999999903,0.011555399999999993,0.011814800000000014,-0.014790000000000025,0.17439910000000003,0.037781239999999994,0.21099920000000005,-0.008056730000000012,0.21099920000000005,0.03287967999999997,0.21099920000000005,0.039976060000000035,0.12377380000000004,0.06707605999999999,0.05938535999999994,0.029436799999999985,0.19241801999999997,0.07777011,-0.0007171999999999734,-0.003234600000000032,0.18621389999999993,0.006733270000000013,0.036600100000000024,0.02622584,0.19918440000000004,-0.004901560000000027,0.0,0.03431472000000002,0.038988880000000004,0.023110799999999987,0.023629599999999917,0.2082983721137926,0.19789044960012317
0.12523425000000005,-0.34531249499999994,0.12097395000000005,-0.3525908949999999,0.13301030000000003,-0.36327287499999994,0.07601488000000006,-0.37822649499999994,0.10455963000000007,-0.3997399549999999,0.012577980000000044,-0.3595809949999999,0.04385906000000006,-0.3186845749999999,0.055546200000000046,-0.23795459499999994,0.07699020000000006,-0.12396705499999994,0.11656720000000004,-0.17611384499999994,0.15515400000000007,-0.1306591949999999,-0.009637599999999968,-0.011972244999999937,0.009637600000000024,0.011972245000000048,-0.011368659999999975,0.1737714050000001,0.03407310000000002,0.21263420500000008,-0.001723379999999941,0.21263420500000008,0.022620650000000075,0.21263420500000008,0.04296822,0.12162639999999997,0.06102099999999999,0.06184075,0.03313114,0.19471751999999998,0.0781638,-0.006692139999999958,-0.0017310600000000065,0.18574365000000004,0.009645280000000034,0.038862799999999975,0.0244355,0.20066196000000003,-0.011452449999999947,0.0,0.03128108000000002,0.04089641999999999,0.019275199999999992,0.023944489999999985,0.2070509994991572,0.2037615035904319
0.12800003,-0.35058743,0.12287692,-0.35710149999999996,0.13601760000000002,-0.36768127,0.07590613000000002,-0.38372785,0.10659873999999997,-0.4037168,0.01035630999999998,-0.36374697,0.04900422999999998,-0.32148299999999996,0.05716903000000001,-0.24838629999999995,0.08044637999999998,-0.13003683,0.11877517999999998,-0.1770636,0.15706157999999998,-0.13354829999999995,-0.013039120000000015,-0.011605140000000014,0.013039120000000015,0.011605140000000014,-0.01695835000000001,0.16867880000000002,0.04186558000000001,0.20725280000000001,-0.011272119999999997,0.20725280000000001,0.02511454000000002,0.20725280000000001,0.04681272000000003,0.11536067000000005,0.06160614999999997,0.07132269999999996,0.03144215,0.19144616999999997,0.0766152,-0.003511469999999961,-0.003919229999999996,0.18028394000000003,0.005686230000000014,0.038574,0.028826459999999998,0.19564766,-0.016751039999999995,0.0,0.03864792,0.04226397000000004,0.02607824000000003,0.023210280000000028,0.21154553096215856,0.20447980371734803
0.12790541,-0.3516787699999999,0.12274508,-0.35826069999999993,0.13651411000000002,-0.36849779999999993,0.07571326,-0.38533547999999995,0.10829903000000002,-0.40492737999999995,0.010864180000000001,-0.36478907999999993,0.04908723000000004,-0.32103652999999993,0.05514073000000003,-0.24939835,0.08415763000000004,-0.1296436499999999,0.11782231000000004,-0.17685304999999996,0.16063641,-0.1341494499999999,-0.012845769999999979,-0.012181549999999985,0.012845770000000034,0.012181550000000096,-0.012210709999999958,0.1633524500000001,0.041640270000000035,0.20484995000000006,-0.013158749999999997,0.20484995000000006,0.030165450000000038,0.20484995000000006,0.044276550000000026,0.11539072999999994,0.06268158000000001,0.07254530000000003,0.0350704,0.19139288000000004,0.07647877999999997,-0.004505800000000004,0.0006350600000000206,0.17553400000000008,-0.0009480400000000389,0.041497499999999965,0.0287945,0.19266839999999996,-0.011474819999999997,0.0,0.038223050000000036,0.04375255,0.025691540000000013,0.024363100000000082,0.21021619833670382,0.2079779671806838
0.125807715,-0.3522506749999999,0.12098915499999996,-0.3583086849999999,0.13458639499999997,-0.3693105349999999,0.07455463499999998,-0.3855545049999999,0.105877145,-0.4069727349999999,0.01165296499999996,-0.3674604349999999,0.04405519499999999,-0.3226450349999999,0.05895276499999996,-0.25585313499999995,0.080956415,-0.12965823499999996,0.11614502499999996,-0.18102913499999995,0.15784104499999996,-0.13896733499999991,-0.010442455000000017,-0.012204264999999936,0.010442454999999962,0.012204265000000047,-0.010180725000000002,0.16258376500000005,0.035251635,0.2011673650000001,-0.012102355000000009,0.2011673650000001,0.02165545499999999,0.2011673650000001,0.0472998,0.11160729999999996,0.057192259999999995,0.074824,0.03690122000000001,0.19298679999999996,0.07688462999999995,-0.009309099999999959,0.00026173000000001556,0.17478802999999998,-0.0019216300000000075,0.03858360000000005,0.024809180000000042,0.18896310000000005,-0.013596180000000013,0.0,0.03240223000000003,0.044815400000000005,0.02088490999999998,0.024408529999999984,0.2110123854736193,0.21113786249876665
0.12664343499999997,-0.35785610000000007,0.120782065,-0.36485679000000004,0.13517542499999996,-0.3748059000000001,0.07335244499999999,-0.39217702000000004,0.10659782499999998,-0.41081825000000005,0.010217924999999961,-0.37148195000000006,0.047047385,-0.3256344500000001,0.05617730500000001,-0.25560035000000003,0.08244986500000001,-0.1315258800000001,0.117187665,-0.18118215000000004,0.158496815,-0.14006035000000006,-0.011047465000000034,-0.012527850000000007,0.011047464999999979,0.012527849999999896,-0.004231254999999989,0.15641794999999992,0.032451854999999974,0.19720344999999995,0.0011096150000000082,0.19720344999999995,0.015628325,0.19720344999999995,0.04595938000000005,0.11588160000000003,0.061010359999999986,0.07441819999999999,0.035402480000000014,0.19410856999999998,0.07604695,-0.00853446999999996,0.006816210000000045,0.16894579999999992,0.0053408699999999976,0.04078550000000003,0.021404389999999995,0.18467560000000005,-0.016823529999999975,0.0,0.036829460000000036,0.045847499999999985,0.022094930000000013,0.025055699999999903,0.21186911401760977,0.2121897019053057
0.12629613,-0.36188583500000004,0.12023359,-0.36964940500000004,0.13415044000000004,-0.379178455,0.07299083,-0.394519255,0.10495076000000003,-0.412088035,0.012260350000000031,-0.36973758500000004,0.044128570000000034,-0.325779235,0.05273471000000002,-0.25010987500000004,0.07730627000000001,-0.13273623499999998,0.11442456000000001,-0.18019749500000004,0.15459496,-0.141099435,-0.008163360000000008,-0.012379365000000031,0.008163360000000008,0.012379365000000031,0.004472110000000029,0.15445570499999994,0.02376461000000002,0.19480816499999998,0.014278890000000044,0.19480816499999998,0.006289089999999997,0.19480816499999998,0.04047435999999999,0.11962771,0.06168984999999999,0.06991238,0.03317769999999998,0.19304300000000002,0.07728869,-0.008363200000000015,0.012635470000000038,0.16683506999999997,0.009806780000000015,0.040352460000000034,0.015601250000000011,0.18242879999999995,-0.017475520000000022,0.0,0.03186822,0.043958350000000035,0.016326720000000017,0.024758730000000062,0.20782377844371733,0.21212721543451235
0.12766347500000003,-0.36233698999999997,0.12128309500000001,-0.36971741999999996,0.13566242500000003,-0.37983818999999996,0.072533175,-0.3928778499999999,0.106054345,-0.41164038999999997,0.013188705000000023,-0.36584128999999993,0.04280946499999999,-0.32246368999999997,0.05435220500000004,-0.24733024999999997,0.07789550500000003,-0.12841832999999991,0.11463539500000003,-0.18143778999999993,0.15392052500000003,-0.13830368999999998,-0.008577475000000001,-0.012168049999999986,0.008577475000000001,0.012168050000000097,-0.002622414999999989,0.15560181000000006,0.028543454999999995,0.19404441000000006,-0.003434875000000004,0.19404441000000006,0.01683242500000004,0.19404441000000006,0.04116350000000002,0.11851103999999996,0.060283189999999987,0.06589246000000004,0.03508604000000004,0.19404536000000006,0.07602502,-0.009885360000000065,0.005955060000000012,0.16776986000000005,-0.0008124600000000148,0.03844259999999999,0.019965979999999994,0.18187635999999996,-0.011711029999999956,0.0,0.029620759999999968,0.04337759999999996,0.017154950000000002,0.024336100000000083,0.2093648877278721,0.20920407912354416
0.12445274499999998,-0.36025037,0.11877113499999997,-0.36896007,0.13210386499999993,-0.37730382,0.07220834499999995,-0.3922989,0.10231274499999998,-0.4085737,0.010029494999999944,-0.36649532,0.04041308499999996,-0.32216824,0.045181574999999974,-0.24031619999999998,0.07309675499999996,-0.12469220000000003,0.11100167499999997,-0.17561749999999998,0.14817595499999997,-0.13389810000000002,-0.007060765000000024,-0.01203770000000004,0.007060764999999969,0.01203770000000004,0.009404184999999954,0.15921377000000003,0.014114144999999967,0.195585,0.02385118499999994,0.195585,0.002142514999999956,0.195585,0.03515208000000003,0.12617912000000003,0.06582009999999999,0.0646987,0.03268367,0.19747603999999996,0.07507920000000001,-0.009205899999999989,0.016464949999999978,0.17125147000000007,0.014446999999999988,0.03637122999999998,0.007053379999999998,0.18354729999999997,-0.011971630000000011,0.0,0.030383590000000016,0.04432708000000002,0.014121529999999993,0.02407540000000008,0.20173519947394797,0.20300432155591203
0.12520842999999998,-0.3622036200000001,0.11941099999999999,-0.3706851800000001,0.13260018,-0.3793904800000001,0.07255548,-0.3945852800000001,0.10121427999999999,-0.4113956300000001,0.010165800000000003,-0.3702402400000001,0.03910239999999998,-0.3246425300000001,0.052216170000000006,-0.2465190800000001,0.07328299999999999,-0.1267168500000001,0.11287389999999997,-0.1777817800000001,0.14894562,-0.13597702000000012,-0.006694599999999995,-0.012396880000000055,0.006694599999999995,0.012396879999999944,0.009384930000000014,0.15749261999999986,0.0184647,0.1927052199999999,0.02542734000000002,0.1927052199999999,0.0019229299999999894,0.1927052199999999,0.042050370000000004,0.12372116,0.060657729999999965,0.0687373,0.034180600000000005,0.19792568,0.07566262000000001,-0.009260170000000012,0.01607953000000001,0.16988949999999992,0.016042410000000007,0.03521260000000004,0.011770100000000006,0.18030833999999996,-0.01654177000000001,0.0,0.02893659999999998,0.045597710000000014,0.01338919999999999,0.024793759999999998,0.20408035510616893,0.20554845387949386
0.12775203499999999,-0.35985620999999995,0.12153033499999999,-0.36819274999999996,0.135650985,-0.37699549,0.07320862499999997,-0.39336382,0.10492821499999999,-0.41028388,0.009155295000000008,-0.37062805,0.04230331500000001,-0.32453910999999996,0.04708339499999997,-0.24054911,0.07872020499999999,-0.12102384999999993,0.11373903499999999,-0.17686174999999993,0.150617135,-0.13532581,-0.008150435000000011,-0.012697449999999999,0.008150435000000011,0.012697449999999999,0.011170614999999995,0.15835405000000002,0.02155593499999997,0.19403265000000003,0.02301900499999998,0.19403265000000003,0.01023771499999998,0.19403265000000003,0.037928099999999965,0.13007893999999998,0.06665564000000002,0.06368736000000008,0.03641688999999998,0.20351526000000003,0.07189693000000003,-0.014301960000000058,0.019321050000000006,0.17105150000000002,0.011848389999999986,0.035678600000000005,0.013405499999999959,0.18133520000000003,-0.01131821999999999,0.0,0.03314802,0.04608894000000002,0.016300870000000023,0.025394899999999998,0.2044675042430236,0.20544499533918464
0.12664054999999996,-0.3646304550000001,0.12044669999999996,-0.3730696050000001,0.13470752999999996,-0.38221815500000006,0.07096804999999995,-0.3992815350000001,0.10283747999999998,-0.4167814250000001,0.003006479999999978,-0.3755964050000001,0.04030559999999994,-0.3277956050000001,0.036339209999999955,-0.24497973500000003,0.07595477999999994,-0.12233200500000008,0.10989625999999997,-0.18412110500000012,0.14822031999999996,-0.14092093500000014,-0.010032520000000045,-0.013337255000000048,0.01003251999999999,0.013337254999999937,0.006831899999999946,0.15676479499999996,0.021663739999999987,0.18905979499999992,0.016859849999999954,0.18905979499999992,0.01707084999999997,0.18905979499999992,0.03333272999999998,0.13061667000000005,0.07355705000000001,0.060858629999999914,0.03564918,0.20546360000000002,0.07226554000000002,-0.01858893000000006,0.01686441999999999,0.17010205,0.010027950000000008,0.03229499999999996,0.011631219999999998,0.17572253999999998,-0.004592890000000016,0.0,0.03729911999999996,0.04780079999999998,0.020065040000000034,0.026674509999999985,0.20868645306562408,0.2071025283547164
0.126412825,-0.366168695,0.12018442499999998,-0.374680255,0.134980675,-0.383548175,0.070389005,-0.401782395,0.10536095499999998,-0.418663595,0.003974825000000015,-0.382198575,0.04220539499999998,-0.330913875,0.042812324999999984,-0.25358554499999997,0.080387225,-0.12374169499999998,0.11362558500000003,-0.18613309499999997,0.150011925,-0.14518585500000003,-0.010431554999999981,-0.014009744999999962,0.010431554999999981,0.014009744999999962,0.007627625000000027,0.15049615500000002,0.026746725000000027,0.185200005,0.019944665000000028,0.185200005,0.024003655000000013,0.184902805,0.03883749999999997,0.12861303000000002,0.07081326000000004,0.06745245,0.03818183000000003,0.20717218000000004,0.06962469999999998,-0.021444160000000045,0.018059180000000008,0.16450589999999998,0.012317040000000001,0.03470384999999998,0.016315170000000045,0.17119026000000004,-0.002743070000000014,-0.00029719999999999747,0.038230569999999964,0.05128469999999996,0.020863109999999963,0.028019489999999925,0.2121712082262862,0.21172132332076735
0.12707708,-0.3664391500000001,0.1212144,-0.37471925000000006,0.13564078000000002,-0.3843921700000001,0.07172260000000003,-0.40040627000000006,0.10660249999999999,-0.4191589300000001,0.00397763000000001,-0.37871703000000007,0.042952040000000025,-0.3323948300000001,0.03785749999999999,-0.24249121000000007,0.07925866000000004,-0.12122979000000011,0.1147418,-0.18418935000000003,0.1505437,-0.14501550000000007,-0.010578399999999988,-0.01315955000000002,0.010578400000000043,0.013159549999999909,0.0102545,0.15380158999999993,0.02990056000000002,0.18520304999999992,0.023281639999999992,0.18520304999999992,0.027807400000000038,0.18520304999999992,0.03387986999999998,0.13622582,0.07688430000000002,0.05830186000000004,0.03630662000000001,0.21116503999999997,0.07128503999999997,-0.02378570999999996,0.020832899999999988,0.16696113999999995,0.013027139999999993,0.03140145999999999,0.019322159999999977,0.17204350000000002,-0.002093159999999983,0.0,0.038974410000000015,0.04632219999999998,0.02115680000000003,0.02631909999999993,0.21202911360490095,0.21120992317263998
0.12467708999999999,-0.36844177,0.11902615999999999,-0.37608267,0.13348290000000002,-0.38649489000000004,0.06987068000000002,-0.40018527,0.10399155999999998,-0.42066962,0.007554620000000012,-0.3819886,0.03637456,-0.33193107,0.05525829999999998,-0.25955509,0.07799997999999997,-0.12347872000000004,0.11457726000000001,-0.19016509000000004,0.14733573,-0.14809032,-0.007017759999999984,-0.013462920000000045,0.007017759999999984,0.013462920000000045,0.009197110000000008,0.15173753,0.024676160000000003,0.18192418,0.026232919999999993,0.18192418,0.020820110000000003,0.17755807999999995,0.04770367999999997,0.12243351000000002,0.05931896000000003,0.06938999999999995,0.04162541999999997,0.20845234999999995,0.06933575000000003,-0.024611599999999956,0.016214869999999992,0.16520045000000005,0.017035809999999985,0.03018664999999998,0.01765840000000002,0.16846125999999995,-0.0038560499999999998,-0.004366100000000039,0.02881993999999999,0.05005753000000002,0.014035519999999968,0.02692584000000009,0.21449709968087982,0.21398266766123494
0.128344,-0.3656731100000001,0.12249714,-0.37328510000000004,0.13700726000000002,-0.38369928000000003,0.07301395999999999,-0.39828079000000005,0.10700756,-0.41853423000000006,0.008506400000000025,-0.38098569000000004,0.04014580000000001,-0.33215161000000004,0.055503159999999996,-0.25552251000000004,0.07915705,-0.1225065500000001,0.11611744000000002,-0.18781895000000004,0.1500221,-0.14364385000000002,-0.00788899999999998,-0.013372750000000044,0.007889000000000035,0.013372749999999933,0.011727719999999997,0.15147524999999995,0.030646920000000022,0.18372104999999994,0.03100088000000001,0.18372104999999994,0.022810720000000007,0.18145261999999995,0.04699675999999997,0.12546318,0.06061428000000002,0.06770356,0.03901125,0.20964505999999994,0.07086504999999998,-0.021137299999999914,0.019616719999999976,0.164848,0.01927316000000001,0.03224579999999999,0.022757919999999987,0.1703483,-0.007836200000000015,-0.002268429999999988,0.031639399999999984,0.04883408,0.015778000000000014,0.026745499999999978,0.21403054421253428,0.21179242382854485
0.12820950499999995,-0.36875906999999997,0.12163231499999994,-0.37659875,0.13652617499999997,-0.38646577,0.07123455499999998,-0.40166074999999996,0.10535022499999996,-0.42025578999999996,0.007423494999999947,-0.38382623,0.039639414999999956,-0.33221159,0.05810087499999994,-0.26032517,0.07986352499999994,-0.12402002000000001,0.11562592499999996,-0.18809542999999995,0.14984655499999994,-0.14565107,-0.007967625000000034,-0.013904469999999947,0.007967624999999978,0.013904470000000058,0.010092594999999926,0.14728030000000003,0.029107514999999973,0.18021383000000002,0.029639694999999966,0.18021383000000002,0.017250004999999957,0.17360273000000004,0.050677379999999994,0.12350106,0.05752505000000002,0.07222974000000004,0.04022410999999998,0.20819157,0.06998303,-0.021631049999999985,0.01806021999999996,0.16118476999999998,0.01954710000000004,0.03293352999999999,0.021139889999999995,0.16630935999999996,-0.011857510000000016,-0.006611099999999981,0.03221592000000001,0.05161463999999999,0.015935250000000012,0.027808940000000004,0.2135833704840433,0.21351253153535626
0.130204005,-0.37280303,0.12387480500000003,-0.38131045,0.138618705,-0.39069685,0.073491105,-0.40786201,0.107663285,-0.42548035,0.0050792250000000205,-0.38901265,0.043097155,-0.33572365,0.05087943500000003,-0.26107108999999995,0.081024985,-0.12412025000000004,0.11832240500000002,-0.19230329999999995,0.15218795499999999,-0.14831485,-0.009914024999999993,-0.014719449999999967,0.009914024999999993,0.014719449999999967,0.012379065000000022,0.14097464999999998,0.03193470500000001,0.17624825,0.032740455,0.17624825,0.021742745000000008,0.16813155000000002,0.04580021000000001,0.12794156000000007,0.06744296999999999,0.06876779,0.037927829999999996,0.21160339999999994,0.07116296999999999,-0.024194599999999955,0.022293090000000015,0.15569409999999995,0.02036138999999998,0.035273600000000016,0.022020680000000015,0.16152880000000003,-0.01019196,-0.008116699999999977,0.03801792999999998,0.05328900000000003,0.019828049999999986,0.029438899999999935,0.219044757435478,0.2163840431596907
0.13080661,-0.36969185,0.12495298999999999,-0.37811336,0.13973967999999998,-0.38749168,0.07532410999999994,-0.40511445,0.11026759999999997,-0.4230525,0.007938399999999957,-0.38923023,0.04389361999999997,-0.3343924,0.05357189999999995,-0.2624773,0.08243984999999998,-0.12221199999999999,0.11760736999999999,-0.18571433999999998,0.15279178999999998,-0.14608995000000002,-0.00891905000000004,-0.014873899999999995,0.008919049999999984,0.014873899999999995,0.014899299999999949,0.13892309999999997,0.02890448999999995,0.178045,0.03635068999999996,0.178045,0.02049179999999995,0.16887770000000002,0.045633499999999994,0.12675292999999999,0.06403547000000004,0.07676296000000005,0.038546230000000015,0.2121804,0.07035194,-0.023877950000000037,0.023818349999999988,0.15379699999999996,0.021451390000000015,0.03912190000000004,0.019985439999999965,0.1631711,-0.00841269,-0.00916729999999999,0.03595522000000001,0.05483783000000003,0.017838100000000023,0.02974779999999999,0.21259207628086707,0.21589054245596334
0.131721855,-0.3720792550000001,0.12632104500000002,-0.3811015550000001,0.140713455,-0.3900415350000001,0.077041515,-0.40863423500000007,0.11197349499999998,-0.4258375350000001,0.004610514999999982,-0.3908910150000001,0.04741335499999999,-0.33628228500000007,0.04180315499999998,-0.25957676500000004,0.08164304500000003,-0.12412743500000012,0.118881615,-0.1812687850000001,0.15387391500000003,-0.1474227050000001,-0.011208414999999972,-0.01520523500000004,0.011208415000000027,0.015205234999999928,0.01589811499999999,0.13406941499999991,0.03067721499999998,0.1750746649999999,0.035703034999999994,0.1750746649999999,0.021830175000000007,0.16419536499999987,0.03719264,0.13131425000000008,0.07707846000000002,0.07830797999999994,0.034229690000000035,0.21215484999999995,0.07223087,-0.02329526999999998,0.027106529999999962,0.14927464999999995,0.019804920000000004,0.04100524999999999,0.019468799999999953,0.15986942999999998,-0.008847039999999973,-0.010879300000000036,0.04280284000000001,0.05460873000000005,0.02241683,0.030410469999999967,0.21095146016087069,0.2163360620860369
0.13062950499999998,-0.3676826150000001,0.12632058499999999,-0.3758541150000001,0.140180735,-0.38570824500000006,0.07912328499999999,-0.4034132350000001,0.11296176499999999,-0.4231797750000001,0.010687585,-0.3896011150000001,0.04528945499999998,-0.3364925350000001,0.052651135000000016,-0.26181771500000006,0.08186542499999999,-0.12262661500000005,0.11918273499999998,-0.18691251500000006,0.154258085,-0.14279946500000007,-0.008363485000000004,-0.01464638500000004,0.008363485000000004,0.014646384999999928,0.016376465000000007,0.13977818499999994,0.02820083499999998,0.1775654849999999,0.037559805,0.1775654849999999,0.02134236500000003,0.1689052849999999,0.041963550000000016,0.12778340000000005,0.06653159999999997,0.0749052,0.03657597000000001,0.21386592000000004,0.07239266,-0.02017285000000002,0.02473995000000001,0.15442456999999998,0.021183339999999995,0.03778729999999997,0.019837349999999976,0.16291909999999998,-0.00685846999999995,-0.008660200000000007,0.03460186999999998,0.053108580000000016,0.016726970000000008,0.029292769999999968,0.21434471717648024,0.214649551575079
0.13010877000000004,-0.36761807999999996,0.12592301,-0.37619860999999993,0.13867459000000004,-0.38566674999999995,0.07906591000000002,-0.40245582999999996,0.10937631000000003,-0.42111072999999993,0.01155299000000004,-0.38665546999999995,0.04173753000000002,-0.3320561899999999,0.051649060000000024,-0.26247643,0.08030695000000004,-0.1211064999999999,0.11813745000000003,-0.18277757999999988,0.15256116000000003,-0.13892702999999995,-0.00665346,-0.014947169999999899,0.00665346,0.01494717000000001,0.018619810000000014,0.13951857,0.024661990000000023,0.17842657000000006,0.03793081000000004,0.17842657000000006,0.02009523000000002,0.16936273000000002,0.040096069999999984,0.12417903999999996,0.06648839000000001,0.0796988500000001,0.03856942000000002,0.21094969000000002,0.07225420999999999,-0.017820530000000057,0.025273270000000014,0.1544657399999999,0.019311000000000023,0.038908000000000054,0.018008530000000023,0.16347940000000005,-0.004566760000000003,-0.009063840000000045,0.030184539999999982,0.05459928000000003,0.01330692,0.029894339999999908,0.20914066495876932,0.21205264993611847
0.131971175,-0.36496000000000006,0.12798788500000002,-0.37348505000000004,0.140697925,-0.38290235000000006,0.081827455,-0.40023948000000004,0.112244485,-0.41893065,0.015331174999999975,-0.38598422000000004,0.04272874500000001,-0.33212547000000003,0.054966385000000006,-0.26026178,0.07948392500000001,-0.12020720000000007,0.11969985500000002,-0.18352335000000009,0.152763425,-0.13750455000000006,-0.005532925000000022,-0.015067649999999988,0.005532925000000022,0.015067649999999988,0.024701625000000005,0.12593124999999994,0.02681186499999999,0.17948834999999996,0.043293974999999985,0.17948834999999996,0.02167707499999999,0.16928051999999993,0.03963521000000003,0.12572244000000005,0.06473347000000002,0.07673842999999991,0.03675518,0.21191826999999996,0.0732795,-0.01729734999999999,0.030234550000000027,0.14099889999999993,0.01859234999999998,0.053557100000000024,0.02127893999999997,0.16442069999999998,-0.00513479,-0.010207830000000029,0.027397570000000038,0.05385875000000001,0.011065850000000044,0.030135299999999976,0.20990610293418924,0.21202616900536125
0.13107675000000002,-0.36692354999999993,0.12632233000000004,-0.37521962,0.13994512000000003,-0.38461983999999994,0.07851348000000002,-0.40188855999999995,0.11171779000000004,-0.42024159999999994,0.013768850000000055,-0.38712952999999994,0.04194677000000002,-0.33439016999999993,0.05487037,-0.2599235,0.07857132000000006,-0.12434669999999992,0.12024760000000001,-0.18188105,0.15231782000000005,-0.14122659999999998,-0.006300509999999981,-0.014693099999999903,0.006300510000000037,0.014693100000000014,0.018607920000000056,0.13456540000000006,0.02890769000000004,0.17705210000000005,0.03457579000000005,0.17705210000000005,0.02601085000000003,0.1676234000000001,0.04110151999999995,0.12720602999999997,0.06537723000000001,0.07804244999999999,0.03662455000000003,0.21004347,0.07374649999999999,-0.01687990000000006,0.024908430000000037,0.14925849999999996,0.015967869999999995,0.04248669999999999,0.022607180000000004,0.16235900000000003,-0.0028968400000000116,-0.009428699999999957,0.028177919999999967,0.05273936000000001,0.012601020000000018,0.029386199999999918,0.20968126947768756,0.2136164967125107
0.13127573999999997,-0.3673272000000001,0.12555546,-0.37586933000000006,0.14059304,-0.38441088000000007,0.07660075999999999,-0.4035934400000001,0.11249368999999998,-0.41979420000000006,0.012372879999999975,-0.38800632000000007,0.04401033999999998,-0.3318737400000001,0.05816128999999998,-0.2649705600000001,0.07890429999999998,-0.12454180000000004,0.11710700000000002,-0.18278800000000006,0.15199146000000002,-0.13775930000000003,-0.007956740000000018,-0.015204900000000077,0.007956740000000018,0.015204899999999966,0.013742839999999978,0.1301020999999999,0.028808339999999988,0.17765769999999992,0.03307068000000002,0.17765769999999992,0.025361299999999976,0.16740219999999995,0.04578841,0.12303576,0.05894571000000004,0.08218256000000002,0.03489396,0.20733194000000005,0.07308716000000004,-0.013217499999999993,0.021699579999999996,0.14530699999999996,0.01932784000000004,0.04755560000000003,0.02085159999999997,0.16245279999999995,-0.0034470400000000123,-0.010255499999999973,0.031637460000000006,0.05613257999999999,0.015913480000000035,0.030409800000000042,0.20910531908203006,0.21010484774778138
0.13360952999999998,-0.36302,0.12799334999999995,-0.37119420000000003,0.14232959999999995,-0.38003268,0.07951107999999996,-0.39814550000000004,0.11293059999999994,-0.41481697,0.01631545999999995,-0.38235485,0.043309059999999955,-0.32787510000000003,0.06317486999999994,-0.26123700000000005,0.07907372999999995,-0.12251365000000003,0.12088069999999995,-0.1790484,0.15473169999999997,-0.13581490000000007,-0.006441650000000021,-0.014934400000000014,0.0064416499999999655,0.014934400000000014,0.018488599999999966,0.1263415,0.03338664999999996,0.18215179999999997,0.031707019999999975,0.18215179999999997,0.02584069999999994,0.17310899999999996,0.04685940999999999,0.12111784999999997,0.057705830000000014,0.08218860000000006,0.03576467,0.20536145,0.07565797000000002,-0.013301250000000042,0.024930249999999987,0.1412759,0.013218420000000008,0.05581029999999998,0.026944999999999997,0.16721739999999996,-0.0075459500000000235,-0.009042800000000017,0.026993600000000006,0.05447974999999999,0.012883299999999986,0.02986880000000003,0.20771226686337638,0.21145990253353594
0.13409848000000002,-0.35523767500000003,0.12930874000000003,-0.362827235,0.14297823000000004,-0.372125075,0.08238150000000005,-0.39070492500000004,0.11365644000000003,-0.40862637500000004,0.018472000000000044,-0.37824719500000004,0.043233800000000044,-0.323327275,0.06221528000000004,-0.2584079450000001,0.08008007000000006,-0.11484207499999999,0.11994140000000003,-0.179449015,0.15299253000000007,-0.127148975,-0.0053195199999999665,-0.015138874999999996,0.005319520000000022,0.015138874999999996,0.02373413000000002,0.12068442499999998,0.030479530000000032,0.18156942499999995,0.03292970000000006,0.18943042499999996,0.022336230000000068,0.179511325,0.043743279999999995,0.11983924999999995,0.05772611999999999,0.0789589300000001,0.036846270000000014,0.20848520000000004,0.07291246000000001,-0.01230690000000001,0.029053649999999986,0.13582329999999998,0.009195570000000042,0.06874599999999997,0.02516001000000001,0.16643054999999995,-0.008143299999999964,-0.0020580999999999516,0.0247618,0.05491992000000001,0.010639039999999989,0.030277749999999992,0.20661103597355587,0.2050686473844371
0.13426428499999998,-0.35798120999999994,0.128845335,-0.36660307,0.143240735,-0.37439790999999994,0.08092536500000003,-0.39634469999999994,0.11477703500000003,-0.41064526999999995,0.013670585000000013,-0.38282472999999995,0.048000335000000005,-0.32382989999999995,0.053853235,-0.2631599699999999,0.080060735,-0.11796552999999999,0.12026735500000002,-0.17942101999999993,0.15388446500000003,-0.12894246999999992,-0.008734534999999988,-0.016080929999999993,0.008734534999999988,0.016080930000000104,0.02116315499999999,0.12000363000000003,0.03241567499999998,0.1833471000000001,0.032302284999999986,0.18653523000000005,0.02303378500000003,0.17605983000000003,0.040182649999999986,0.11966476000000004,0.06641412000000002,0.08373894999999998,0.03206039999999999,0.20586436999999996,0.07382373000000003,-0.010976939999999935,0.029897689999999977,0.13608456000000002,0.011139129999999997,0.06653160000000002,0.02368113999999999,0.16726617,-0.009381889999999948,-0.007287270000000068,0.03432974999999999,0.05899483,0.017469069999999975,0.0321618600000001,0.2081381094965076,0.2051835488692135
0.13179987999999998,-0.35629949999999994,0.12759261999999993,-0.36388633,0.14094407999999997,-0.37356010999999995,0.08121195999999997,-0.39155248,0.11208437999999998,-0.41081905999999996,0.017045529999999975,-0.37842027999999994,0.040912179999999965,-0.32668829999999993,0.06017455999999993,-0.2593271199999999,0.07430490999999995,-0.12264337999999997,0.11890354999999997,-0.17725987999999993,0.15006035999999995,-0.1279324799999999,-0.005246340000000016,-0.014388079999999914,0.0052463399999999605,0.014388080000000025,0.01952209999999993,0.13384508000000006,0.029335649999999935,0.18543642000000005,0.03222664999999997,0.18543642000000005,0.02396520999999996,0.17733282000000006,0.04312902999999996,0.11909316000000003,0.058728990000000036,0.08206723999999999,0.03339272999999998,0.20404491999999996,0.07575545,-0.0052890999999999355,0.024768439999999947,0.14823315999999997,0.012704550000000037,0.051591339999999986,0.024089309999999975,0.17104834000000002,-0.005370439999999976,-0.008103599999999989,0.02386664999999999,0.05173198000000001,0.010492679999999976,0.02877615999999994,0.20479359956368778,0.2030424640002036
0.133641365,-0.3540699,0.129433605,-0.36201915999999995,0.142660065,-0.37102218,0.08320632500000003,-0.39079822,0.11389833500000002,-0.40853615,0.015269765000000046,-0.37766880999999997,0.045516045000000005,-0.32551909999999995,0.053243995000000044,-0.25781283999999993,0.076105125,-0.12344758,0.12017509500000001,-0.17732167999999993,0.152577935,-0.12685937999999997,-0.007183104999999967,-0.014735779999999976,0.007183105000000023,0.014735780000000087,0.022472985,0.13132332000000002,0.03238618500000001,0.18690892000000003,0.035790895000000045,0.18690892000000003,0.023904145000000043,0.18069232000000002,0.03797423,0.11985597000000003,0.06693109999999997,0.08049116,0.03058907999999999,0.20207151999999995,0.07647281,-0.003411799999999965,0.02965608999999997,0.1460591,0.013317910000000044,0.05558560000000001,0.02520307999999999,0.17217313999999995,-0.008482039999999968,-0.0062166000000000166,0.03024627999999996,0.052149710000000016,0.01436620999999999,0.029471560000000063,0.2065291407672292,0.20295035335311568
0.13466360499999996,-0.35878001,0.13040118499999998,-0.36720643000000003,0.14238878499999996,-0.37605481,0.08445646499999998,-0.39460461,0.11174755499999994,-0.41142265,0.01767149499999998,-0.37878535,0.04422074499999995,-0.32746668,0.05711978499999998,-0.25779147,0.07192918499999995,-0.12552799000000003,0.12088217499999998,-0.17790313000000002,0.15110732499999996,-0.12986123000000005,-0.0060115250000000175,-0.014587470000000047,0.006011524999999962,0.014587470000000047,0.02100172499999997,0.12781396999999994,0.03578200499999995,0.18401097,0.03547039499999999,0.18401097,0.021002374999999962,0.17293007000000005,0.03944829,0.12099388,0.06376239,0.07988834,0.02770844,0.20193868999999998,0.07917814000000001,-0.004333240000000016,0.02701324999999999,0.14240144,0.014468670000000017,0.05619700000000005,0.029770479999999988,0.16942349999999995,-0.014779629999999988,-0.011080899999999949,0.02654924999999997,0.05131867000000001,0.01202304999999998,0.029174940000000094,0.20681879967963646,0.2047393907125105
0.13145403500000002,-0.348069705,0.12694426500000006,-0.356055135,0.13886372500000005,-0.365113375,0.08196722500000003,-0.381169525,0.10789387500000003,-0.398165525,0.02591320500000005,-0.36566650500000003,0.035355905000000076,-0.314803445,0.06589572500000007,-0.25187710500000005,0.06560383500000005,-0.11657700500000001,0.11701898500000008,-0.16750123500000003,0.14686207500000004,-0.11375600500000005,0.0004658250000000308,-0.01395085500000004,-0.0004658249999999753,0.01395085500000004,0.025543705000000028,0.138956395,0.01718370500000005,0.19480239499999996,0.03704972500000003,0.196505995,0.007929505000000059,0.196505995,0.03998252000000002,0.11378939999999999,0.051123260000000004,0.08437587000000002,0.03024792999999998,0.19822644,0.08125823999999998,0.0028209999999999624,0.025077879999999997,0.15290725000000005,0.011506020000000006,0.05754959999999998,0.017649530000000024,0.18085153999999992,-0.00925419999999999,0.0017036000000000273,0.009442700000000026,0.050863060000000015,-0.0009316500000000061,0.02790171000000008,0.1927754089715024,0.1949732089531011
0.13023689500000002,-0.35401696,0.12570702500000003,-0.36173713,0.137871925,-0.37129986,0.08018705500000001,-0.38565016,0.10759529499999998,-0.40387389,0.02160757499999999,-0.36683011,0.035977064999999975,-0.32163556,0.055985604999999994,-0.24727719999999997,0.060757545000000024,-0.12464715999999998,0.11643262500000001,-0.16980355999999996,0.14490068500000003,-0.11935815999999999,-0.0014755450000000225,-0.012988090000000008,0.0014755450000000225,0.012988090000000008,0.02083442499999999,0.13949637999999998,0.020018325000000003,0.19130784,0.03342632499999998,0.19130784,0.010127755000000016,0.19130784,0.034378030000000004,0.11955291000000001,0.06044702000000002,0.07747364000000001,0.02478048000000005,0.1969884,0.08414314,0.005288999999999988,0.022309970000000012,0.15248446999999998,0.01259189999999999,0.05181146000000003,0.01854277999999998,0.17831975,-0.009890569999999987,0.0,0.014369489999999985,0.04519455,0.002951090000000045,0.025976180000000015,0.19619742145112357,0.19515711791549417
0.12804567499999997,-0.35349529500000004,0.12319016499999996,-0.36128879500000005,0.135186105,-0.37078765500000005,0.07791753499999998,-0.38457053500000005,0.10447349499999997,-0.40258586500000004,0.020983215,-0.362037955,0.033546204999999996,-0.32228189500000004,0.05223935499999999,-0.23626889500000003,0.053484334999999994,-0.12633369500000002,0.11364433499999999,-0.16811972500000005,0.14197633499999995,-0.11536675500000004,-0.0011317650000000068,-0.012135445000000078,0.0011317649999999513,0.012135444999999967,0.020128435,0.143695205,0.023064994999999977,0.19124710499999997,0.03307103499999997,0.19124710499999997,0.01247536499999996,0.19124710499999997,0.03125613999999999,0.12576906,0.06140498,0.06814916999999998,0.01993813,0.19594820000000002,0.08849199999999996,0.01096693999999998,0.021260200000000007,0.15583065000000007,0.01294259999999997,0.04755189999999998,0.021933230000000026,0.17911166,-0.010589630000000017,0.0,0.012562989999999996,0.03975605999999998,0.002263529999999958,0.024270890000000045,0.19366116992915328,0.18998422014295002
0.12490396000000004,-0.35081102999999997,0.12047803000000007,-0.35808872999999997,0.13233411000000006,-0.36850216999999996,0.07610604000000004,-0.37987457999999996,0.10289094000000004,-0.40024777999999994,0.022072640000000032,-0.355226,0.029510320000000034,-0.32161995,0.048416960000000064,-0.2255524,0.04669383000000005,-0.12627549999999998,0.11110816000000007,-0.1637592,0.13864686000000004,-0.11283979999999993,0.0004411900000000357,-0.010951700000000009,-0.0004411899999999802,0.010951700000000009,0.02011296000000007,0.14797460000000007,0.019518820000000048,0.19352040000000004,0.030197410000000036,0.19352040000000004,0.013720480000000035,0.19352040000000004,0.026344320000000032,0.1296736,0.0626912,0.06179319999999999,0.017183510000000013,0.19534445,0.09195302999999999,0.01343570000000005,0.019671770000000033,0.15892630000000008,0.010084449999999967,0.04554579999999997,0.019960010000000028,0.18256870000000003,-0.005798340000000013,0.0,0.007437680000000002,0.03360605,-0.0008823800000000159,0.021903400000000017,0.18867249482961448,0.18619833813719308
0.12110577999999994,-0.35250265499999994,0.11812409999999995,-0.359878785,0.12778539999999994,-0.370740655,0.07659635999999997,-0.38153388499999996,0.09777436999999994,-0.40357948499999996,0.024423049999999946,-0.35370651499999994,0.023822979999999938,-0.32574218499999996,0.04625129999999994,-0.219962545,0.03978429999999994,-0.13297463499999995,0.10782454999999996,-0.16222118499999993,0.13335321999999994,-0.11506568499999992,0.002863899999999975,-0.009909384999999937,-0.0028639000000000303,0.009909385000000048,0.016346769999999955,0.15266894500000006,0.014314459999999973,0.19126861500000003,0.021109059999999957,0.19126861500000003,0.013863549999999947,0.19126861500000003,0.021828249999999993,0.13374396999999993,0.061573250000000024,0.057741360000000075,0.01596132,0.19276755,0.09356892,0.017908950000000035,0.01348286999999998,0.16257833,0.004762290000000002,0.038599669999999975,0.017178360000000004,0.18135922999999998,-0.00045091000000002657,0.0,-0.0006000700000000081,0.02796432999999998,-0.005727800000000005,0.019818769999999986,0.18497465358167992,0.18486176430673618
0.12136523999999999,-0.34673478499999993,0.11921329999999997,-0.354065555,0.12756729999999994,-0.36522375499999993,0.07997809999999994,-0.37562828499999995,0.09792242999999995,-0.39875858499999994,0.029976979999999986,-0.346278575,0.022601919999999942,-0.32586219499999997,0.04633481999999994,-0.207867335,0.03121064999999995,-0.13583093499999999,0.11035577999999996,-0.153480705,0.12857074999999996,-0.10475673499999993,0.005110069999999967,-0.008387934999999902,-0.005110070000000022,0.008387935000000013,0.017198219999999986,0.15946609500000009,0.011675099999999938,0.19661546500000004,0.018896149999999945,0.19661546500000004,0.010137929999999962,0.19661546500000004,0.016357839999999957,0.13841124,0.06402096000000002,0.05438662999999999,0.008608730000000009,0.19003125999999998,0.0973601,0.031074200000000052,0.01208815000000002,0.16785403,0.0016979299999999586,0.03714936999999996,0.01678516999999996,0.18822753000000003,-0.0015371699999999766,0.0,-0.007375060000000044,0.020416380000000012,-0.010220139999999989,0.016775869999999915,0.17924444588236765,0.17513502786501986
0.12067182500000001,-0.34375588,0.118926855,-0.35063,0.12708288499999998,-0.36220683,0.08106708499999998,-0.37171993,0.09898659499999996,-0.39596198,0.03442296499999997,-0.34226673,0.022055294999999975,-0.32488522999999997,0.051029765000000005,-0.20572283000000002,0.028525085000000006,-0.13746163,0.110653695,-0.15046890000000002,0.12642869499999998,-0.10219683000000002,0.006665974999999991,-0.0076551299999999545,-0.006665974999999991,0.0076551299999999545,0.020198194999999974,0.15993277000000006,0.012610964999999974,0.19927423,0.017738544999999994,0.19954567,0.009384864999999964,0.19954567,0.016606800000000033,0.1365439,0.05962392999999999,0.05525393000000001,0.006469790000000031,0.18742359999999997,0.09790360999999997,0.035264799999999985,0.013532219999999984,0.1675879,-0.00245964999999998,0.03961289999999995,0.019276939999999965,0.19161910000000004,-0.0032261000000000095,0.00027144000000001167,-0.012367669999999997,0.01738150000000005,-0.013331949999999981,0.015310259999999909,0.1766613110231307,0.17257359096411734
0.12213823499999998,-0.341595185,0.12080876499999998,-0.348674635,0.12773750500000003,-0.36029631500000003,0.084170415,-0.36962431500000004,0.09816243499999999,-0.393972115,0.037232295000000026,-0.338564075,0.021412735000000016,-0.323503215,0.051746265000000014,-0.20088091500000005,0.02319939500000001,-0.13732285499999997,0.11202837500000001,-0.14815176500000005,0.12462265500000003,-0.10206601500000001,0.007891435000000002,-0.0071498850000000225,-0.007891435000000002,0.0071498850000000225,0.019136235,0.16678808499999997,0.010613095000000017,0.201214185,0.014767305000000008,0.201214185,0.0006409749999999881,0.201214185,0.014513969999999987,0.13768315999999997,0.06028211,0.05272915,0.0017866599999999955,0.18618036000000004,0.10142326000000002,0.035256839999999956,0.0112448,0.17393797,-0.004368929999999993,0.034426100000000015,0.01850453000000002,0.19406429999999997,-0.009972120000000029,0.0,-0.01581956000000001,0.01506086000000001,-0.015782870000000004,0.014299770000000045,0.1752884264179983,0.17172098550071893
0.1226758,-0.33745575,0.12165588,-0.34480784,0.12759169999999997,-0.35643189999999997,0.08630505,-0.36454391999999997,0.09837874999999996,-0.38888659999999997,0.04303701999999998,-0.33116487,0.020381629999999984,-0.32195517999999995,0.051968389999999975,-0.18855042,0.01855144999999997,-0.13800612,0.11182611999999997,-0.14404951999999993,0.12253674999999997,-0.09743581999999995,0.01041204999999995,-0.006001979999999962,-0.010412050000000006,0.006001980000000073,0.02196412999999997,0.17158314000000008,0.008487879999999948,0.20566788000000003,0.016862509999999997,0.20566788000000003,0.0009415699999999472,0.20566788000000003,0.008931369999999994,0.14261445,0.05985773,0.044500900000000065,-0.0018301800000000146,0.18394905999999994,0.1039853,0.04057030000000006,0.01155208000000002,0.17758512000000004,-0.005101619999999973,0.03408473999999995,0.018899929999999954,0.19966589999999995,-0.0075463100000000005,0.0,-0.022655389999999997,0.009209690000000048,-0.020824099999999957,0.012003960000000036,0.1712948828599865,0.168448098505979
0.12072051,-0.33345769499999994,0.11972821,-0.34082890499999996,0.12551958000000002,-0.35252530499999996,0.08538083000000002,-0.360021995,0.09678051000000004,-0.38479964499999997,0.04551128000000004,-0.325164725,0.018016190000000043,-0.32022584499999995,0.05661360000000004,-0.18085546499999994,0.012980910000000012,-0.1404243249999999,0.11458400000000002,-0.137372025,0.11452544000000003,-0.09393812499999998,0.012209000000000025,-0.0053845750000000026,-0.01220899999999997,0.0053845750000000026,0.027110610000000035,0.17098527500000005,0.006227110000000036,0.20616477500000008,0.02304236000000004,0.21006487500000004,-0.003136239999999957,0.21006487500000004,0.011102319999999999,0.14430926000000005,0.05797039999999998,0.04348343999999993,-0.005035280000000031,0.17980152000000005,0.10154453000000002,0.04648619999999992,0.01490161000000001,0.17636985000000005,-0.0040682499999999955,0.03907959999999999,0.018436110000000006,0.20078020000000008,-0.009363349999999993,0.003900099999999962,-0.02749509,0.004938880000000034,-0.024417999999999995,0.010769150000000005,0.16703690485189943,0.16101744320850334
0.12020688999999996,-0.3333378,0.11919648999999999,-0.34034355000000005,0.12512648999999998,-0.35247515,0.08510278999999998,-0.35897453,0.09673662999999999,-0.38461529000000005,0.046212249999999955,-0.32414229000000006,0.017635489999999976,-0.32138468000000003,0.056831019999999954,-0.18066835000000003,0.01070125999999999,-0.14281862,0.11761354999999996,-0.13629585,0.11294712999999995,-0.09287655000000006,0.012836789999999987,-0.0048605500000000745,-0.012836790000000042,0.0048605499999999635,0.027533759999999963,0.17312748999999994,0.0024076899999999624,0.20599610999999995,0.025632939999999993,0.21125174999999996,-0.00856591000000001,0.21125174999999996,0.01061877,0.14347394000000002,0.06078253,0.04437250000000004,-0.006934229999999986,0.17856606000000003,0.10224586999999996,0.04994206999999995,0.014696969999999976,0.17798804000000001,-0.0019008199999999698,0.03812426000000002,0.015244480000000005,0.20113556,-0.010973599999999972,0.005255640000000006,-0.02857675999999998,0.0027576100000000214,-0.02567358000000003,0.009721100000000038,0.1680874996012124,0.15929260888998084
0.11451614500000001,-0.33633878500000003,0.11515415500000004,-0.343193825,0.11885739500000003,-0.355279205,0.085897905,-0.360651285,0.093474995,-0.387933375,0.04772367500000002,-0.323911575,0.017624925000000013,-0.327584355,0.05828220500000003,-0.179485255,0.005944555000000018,-0.14998485500000003,0.11419073500000004,-0.13591548500000006,0.10488165500000002,-0.09825545499999999,0.012808375000000038,-0.003314104999999956,-0.012808374999999983,0.003314104999999956,0.023978775000000008,0.16667694499999997,-0.005923554999999969,0.20110741499999996,0.023303514999999997,0.209771245,-0.017792574999999977,0.209771245,0.01055853000000001,0.14442632,0.05590853000000001,0.04356976999999995,-0.011680369999999995,0.17759949999999997,0.0989371,0.051729400000000036,0.01117039999999997,0.16999104999999992,-0.0006752600000000109,0.04309430000000003,0.006884820000000014,0.19779331,-0.011869020000000008,0.008663830000000039,-0.030098750000000007,-0.0036727799999999866,-0.02561675000000002,0.006628209999999912,0.16691767101500676,0.15545841463232055
0.11345746499999998,-0.33347653499999996,0.113605395,-0.340143315,0.117722045,-0.352305045,0.08426316499999997,-0.359064715,0.09214866499999996,-0.38636683499999996,0.047432404999999955,-0.32247356499999996,0.016979204999999997,-0.329028685,0.05765150499999999,-0.17459466499999998,0.0018828049999999874,-0.152800225,0.11404670499999997,-0.13041596499999997,0.100618965,-0.09826256499999997,0.013095095000000001,-0.002503535000000001,-0.013095095000000001,0.002503535000000001,0.022043215000000005,0.169480835,-0.011660804999999996,0.20128173500000002,0.020159865,0.21226213500000002,-0.028070735000000013,0.21226213500000002,0.010219100000000036,0.14787889999999998,0.05639519999999998,0.044178700000000015,-0.01509640000000001,0.17622845999999998,0.09873616000000002,0.05453766000000004,0.008948120000000004,0.17198437,-0.0018833500000000059,0.04278130000000002,0.0014342900000000047,0.19877820000000002,-0.016409930000000017,0.010980400000000001,-0.030453199999999958,-0.006555120000000025,-0.026190190000000002,0.005007070000000002,0.16295035228589408,0.15193648130351575
0.11568204999999998,-0.329216595,0.11573208000000001,-0.335420135,0.12038291000000001,-0.348012435,0.08621531999999998,-0.354987975,0.09565783,-0.383205195,0.049986750000000024,-0.321044085,0.01963862999999999,-0.328960115,0.06451295000000001,-0.17278523499999998,0.0028958499999999776,-0.15271523499999995,0.11896155000000003,-0.12419373499999997,0.10375631000000002,-0.09794903499999996,0.012979149999999995,-0.0018570650000000466,-0.012979149999999995,0.0018570650000000466,0.01982925000000002,0.17178096499999995,-0.010269949999999972,0.20032856499999996,0.019897700000000018,0.216092265,-0.031170330000000024,0.216092265,0.014526199999999989,0.14825885,0.054448600000000014,0.04859150000000001,-0.016742780000000013,0.17624488000000005,0.10086046000000004,0.05476619999999999,0.006850100000000026,0.17363803,6.844999999999768e-05,0.04431130000000005,0.0027092000000000227,0.1984714999999999,-0.02090038000000005,0.015763700000000047,-0.030348120000000034,-0.007916030000000018,-0.02595829999999999,0.003714130000000093,0.16185959945721135,0.15358523763246779
0.12103744,-0.32059299999999996,0.12035050999999997,-0.32783476999999994,0.12575211999999997,-0.34003271999999996,0.08925738999999999,-0.34888015999999994,0.09863538,-0.3747506,0.054280439999999985,-0.31570352999999995,0.019826589999999977,-0.32046173999999994,0.06845608999999997,-0.16647126,0.00037459000000000797,-0.15004309999999998,0.12550743999999997,-0.1121605,0.10657658999999997,-0.09177954999999993,0.015523819999999966,-0.003275299999999981,-0.015523820000000021,0.003275299999999981,0.030415599999999987,0.17380790000000002,-0.007209660000000007,0.20506990000000003,0.0319489,0.22342680000000004,-0.036246029999999985,0.22342680000000004,0.014175649999999984,0.14923226999999994,0.05705135,0.054310760000000013,-0.01945199999999997,0.17041863999999995,0.10620199999999996,0.05826355000000005,0.014891780000000021,0.1770832,0.0015333000000000152,0.04961890000000002,0.008314160000000015,0.20179460000000005,-0.029036369999999978,0.01835690000000001,-0.03445385000000001,-0.004758209999999985,-0.031047639999999987,0.006550599999999962,0.1547655757826798,0.15473827784582128
0.11877252500000002,-0.3245946350000001,0.119265395,-0.3313625850000001,0.12293065499999994,-0.34312928500000006,0.090330825,-0.35021544500000007,0.09621470500000001,-0.37755246500000006,0.05411265500000001,-0.3172541850000001,0.01747660499999998,-0.3243826450000001,0.068480755,-0.16944188500000013,-0.0021892849999999853,-0.15231062500000003,0.12010942499999999,-0.11570038500000013,0.10104500499999997,-0.09420358500000003,0.015285804999999986,-0.0021643150000000277,-0.015285804999999986,0.0021643149999999167,0.018870054999999997,0.17642601499999988,-0.014180444999999986,0.20537481499999988,0.020246354999999994,0.22227351499999992,-0.032722745,0.22227351499999992,0.014368099999999995,0.14781229999999995,0.05162866999999999,0.0537415,-0.019665889999999964,0.17207202000000005,0.10323428999999995,0.05810704,0.003584250000000011,0.1785903299999999,0.001376299999999997,0.04584750000000004,0.0011053599999999997,0.20321049999999996,-0.01854230000000001,0.016898700000000044,-0.03663605000000003,-0.007128460000000003,-0.03057160999999997,0.0043286299999999445,0.15452647184527746,0.15106167450967198
0.12294253,-0.314265705,0.12376568999999998,-0.320795785,0.1276757,-0.334609425,0.09486906,-0.341470545,0.09965413000000001,-0.371595265,0.057014869999999995,-0.308122665,0.018818179999999962,-0.317779985,0.06824672999999998,-0.161780425,-0.0015243699999999971,-0.15111698500000004,0.12554433000000004,-0.09700548500000006,0.10724083000000001,-0.08857088499999999,0.016617610000000005,-0.002156614999999973,-0.016617610000000005,0.002156614999999973,0.031502050000000004,0.17767211500000002,-0.007886720000000014,0.20316101499999994,0.03071512999999998,0.22969251499999999,-0.03578349000000003,0.22969251499999999,0.011231859999999982,0.14634224,0.05729760000000006,0.06477493999999995,-0.02034254999999996,0.16666299999999995,0.1087652,0.06254610000000005,0.014884439999999999,0.17982873,-0.0007869200000000243,0.05202039999999997,0.008730889999999991,0.20100439999999997,-0.027896770000000015,0.02653150000000004,-0.03819669000000003,-0.00965731999999997,-0.03323522000000001,0.004313229999999946,0.14443454735704794,0.1535330336295209
0.123450055,-0.3115353,0.12401905499999999,-0.3183823,0.12804535500000003,-0.33171028,0.09461649500000002,-0.34068286,0.099741955,-0.36943108,0.055016695000000004,-0.3092581,0.020344954999999998,-0.31726184,0.06250065500000002,-0.16314867,-0.001211144999999969,-0.15244380000000002,0.123549935,-0.09202200000000005,0.10863025500000001,-0.08700620000000003,0.015480994999999997,-0.0025319000000000313,-0.015480994999999997,0.0025319000000000313,0.027706385,0.179489,-0.009563984999999997,0.2060383,0.028549935000000026,0.2321879,-0.03595388499999996,0.2321879,0.007483960000000012,0.14610942999999998,0.061049279999999984,0.07112666999999995,-0.021556099999999967,0.16481804,0.10984139999999998,0.06543759999999998,0.012225390000000003,0.18202090000000004,0.0008435500000000262,0.05269889999999999,0.00591701,0.20350639999999998,-0.026389899999999966,0.026149599999999995,-0.034671740000000006,-0.008003740000000037,-0.030961989999999995,0.005063800000000063,0.14031170225869832,0.15303814468351512
0.12387646499999994,-0.30867406999999997,0.12521721499999994,-0.31553548,0.128196415,-0.32933956,0.09767319499999999,-0.3375452,0.09984861499999997,-0.36772272,0.058626914999999946,-0.30535291999999997,0.019989564999999987,-0.3163072,0.06640036499999996,-0.15890077000000002,-0.0024958050000000176,-0.15177174999999998,0.125665715,-0.09287557000000002,0.10740121499999994,-0.08747629999999995,0.016879184999999963,-0.0019040999999999642,-0.01687918500000002,0.0019040999999999642,0.029127374999999955,0.18116,-0.011149885000000026,0.20661744999999998,0.02886701499999994,0.23463610000000001,-0.039792255000000054,0.23463610000000001,0.007773450000000015,0.14645214999999995,0.05926535000000005,0.0660252,-0.022485370000000005,0.16453545000000003,0.10989701999999996,0.06429545000000003,0.012248189999999992,0.18306409999999995,-0.000260360000000015,0.053476100000000026,0.005729299999999993,0.20471335000000002,-0.028642370000000028,0.028018650000000034,-0.03863734999999996,-0.010954280000000038,-0.03375836999999998,0.0038081999999999283,0.1418108510072548,0.1530832248429591
0.11877040000000005,-0.3124123999999999,0.12127255000000003,-0.31878866999999994,0.12309690000000006,-0.33155803999999994,0.09595473000000004,-0.3379571999999999,0.09712170000000003,-0.3685774699999999,0.05705355000000001,-0.3062473499999999,0.017090400000000006,-0.3188561999999999,0.060566920000000024,-0.1579569999999999,-0.002150519999999989,-0.15387529999999994,0.11483270000000001,-0.09253219999999995,0.10494615000000002,-0.09056465999999996,0.017277880000000023,-0.0014297999999999256,-0.017277879999999968,0.0014298000000000366,0.026466530000000044,0.17857650000000003,-0.021034499999999956,0.2094884600000001,0.02169166,0.23363430000000007,-0.041140449999999995,0.23363430000000007,0.0035133700000000156,0.14829035000000002,0.054265779999999986,0.06542479999999995,-0.019240919999999995,0.16498089999999999,0.10709667,0.06331063999999997,0.00918865000000002,0.18000629999999995,-0.004774870000000042,0.055057800000000046,-0.0037566199999999883,0.20805866000000006,-0.02010595000000004,0.024145839999999974,-0.03996315,-0.012608850000000005,-0.03455575999999999,0.002859599999999962,0.13347880053024302,0.15297612290855228
0.120654115,-0.31067109499999995,0.12317311499999994,-0.31677875499999997,0.12536291499999996,-0.32969285499999995,0.09763471499999998,-0.33645603499999993,0.09952761499999996,-0.36744427499999993,0.05710653499999996,-0.30679725499999994,0.01937671499999999,-0.31865427499999993,0.06143907500000001,-0.16172605499999992,-0.0007983650000000231,-0.15548385499999995,0.11548281499999996,-0.093509705,0.10392047499999996,-0.08984825499999993,0.016681685,-0.0015096949999999776,-0.016681685,0.0015096950000000886,0.026961754999999976,0.18198774500000003,-0.020656335000000026,0.213744445,0.024686284999999974,0.23508104500000004,-0.04304028500000001,0.23508104500000004,0.004332540000000051,0.1450712,0.05404373999999995,0.06821634999999993,-0.020175080000000012,0.16317041999999998,0.10471883999999998,0.06563560000000002,0.010280069999999975,0.18349744,-0.0022754700000000017,0.05309330000000001,-0.003974650000000024,0.21223474999999992,-0.022383949999999986,0.02133660000000004,-0.03772981999999997,-0.011857019999999996,-0.03336337,0.003019390000000066,0.13500246341929098,0.15129823536600845
0.12103671999999999,-0.31116534,0.12350883000000001,-0.31700898,0.12562107,-0.33047501,0.09776951,-0.3357459,0.09922457000000001,-0.36794008,0.05950282000000001,-0.30470463999999997,0.01736377,-0.32009751,0.06275772000000002,-0.15941412,-0.003002899999999975,-0.15956914999999994,0.11433233000000004,-0.09425417999999997,0.10035467000000003,-0.09035097999999997,0.01821201,-0.0006744800000000328,-0.01821201,0.0006744800000000328,0.025895130000000044,0.18531872000000005,-0.02497727999999999,0.21475412000000005,0.022546540000000004,0.23506492,-0.044229130000000005,0.23506492,0.003254900000000005,0.14529051999999998,0.05157461000000002,0.06515994000000003,-0.020366669999999976,0.16052836000000004,0.10335757000000001,0.06921816999999997,0.007683120000000043,0.18599320000000008,-0.00334859000000004,0.04974619999999996,-0.00676526999999999,0.21407964000000002,-0.019251850000000015,0.020310799999999962,-0.04213905000000001,-0.015392870000000003,-0.03642402,0.0013489600000000657,0.13415020003336706,0.14947806519497772
0.12161490999999996,-0.311166715,0.12410207000000001,-0.316957715,0.12610000999999998,-0.330418445,0.09843947000000003,-0.335589945,0.09955324000000004,-0.36768424499999997,0.05982535,-0.30443567499999996,0.01848386000000002,-0.32019934499999997,0.06491898000000002,-0.16083005500000003,-0.003370060000000008,-0.16201241499999997,0.11764551000000006,-0.09443715499999994,0.09794356000000004,-0.09316847500000003,0.01785143,-0.00045594500000001315,-0.01785143,0.00045594500000001315,0.023916010000000043,0.18542418500000002,-0.024773290000000003,0.214015285,0.022494090000000022,0.23503848500000002,-0.045992389999999994,0.23503848500000002,0.005093630000000016,0.14360561999999993,0.05272653000000005,0.06639290000000009,-0.021853920000000027,0.15818693,0.10131362000000005,0.06884393999999994,0.006064580000000042,0.18588013000000003,-0.001421920000000021,0.0496143,-0.006921860000000002,0.21355934,-0.02121909999999999,0.02102320000000002,-0.04134148999999998,-0.015763670000000007,-0.03570286,0.0009118900000000263,0.13708145839649685,0.14890940779358608
0.12653316000000003,-0.30492523,0.12875760999999997,-0.31075040000000004,0.13089079999999997,-0.32420885,0.10200710000000002,-0.32975926,0.10356413000000003,-0.36153462000000003,0.06238128000000004,-0.29966175,0.02244718000000001,-0.3155848,0.06620336000000004,-0.15702539999999998,9.886000000003392e-05,-0.15885454,0.12136915999999998,-0.08995720000000007,0.09985646000000004,-0.08799266000000006,0.016738100000000034,-0.00015540000000002774,-0.016738099999999978,0.00015540000000002774,0.017749000000000015,0.1902724,-0.021919179999999983,0.21637149999999994,0.015719010000000033,0.24137419999999998,-0.03766630999999998,0.24137419999999998,0.0038220800000000055,0.14263635000000002,0.05516579999999993,0.06706819999999991,-0.022348319999999977,0.15673026,0.0997576,0.07086187999999993,0.0010108999999999813,0.19042780000000004,-0.0020299899999999815,0.051101799999999975,-0.005181080000000005,0.2162160999999999,-0.015747129999999998,0.025002700000000044,-0.03993410000000003,-0.015923049999999994,-0.03347620000000001,0.0003108000000000555,0.13788408900218907,0.14616556332925076
0.12425782999999996,-0.30826875,0.12675723,-0.31381984999999996,0.12861905999999995,-0.32772918999999995,0.1005623,-0.33215134999999996,0.10146534000000001,-0.3651643299999999,0.06205406000000002,-0.30077268999999995,0.019119790000000025,-0.31921758999999994,0.06538143000000002,-0.16007772999999992,-0.004717629999999973,-0.1650868299999999,0.11789281999999995,-0.10040472999999994,0.09264528,-0.09145163,0.017722760000000004,3.912999999999833e-05,-0.017722760000000004,-3.912999999999833e-05,0.02021324000000002,0.18739221000000006,-0.021668770000000004,0.21452323000000006,0.0160053,0.23804197000000005,-0.03695115999999998,0.23804197000000005,0.003327369999999996,0.14069496000000004,0.052511389999999936,0.059672999999999976,-0.023837419999999998,0.15413076000000003,0.09736290999999997,0.0736351999999999,0.002490480000000017,0.18735308000000006,-0.004207940000000021,0.05064975999999999,-0.00394601,0.21456236000000006,-0.015282389999999979,0.023518739999999982,-0.04293427,-0.018444899999999986,-0.03544552000000001,-7.825999999999667e-05,0.14185559535000083,0.14330858107486658
0.12498440000000005,-0.30340641499999993,0.12788547,-0.308940915,0.12965043999999998,-0.32291909499999993,0.10203109999999999,-0.32828193499999997,0.10272036000000001,-0.36159690499999997,0.06107788000000003,-0.29886386499999995,0.02104134000000002,-0.31591412499999993,0.06333084,-0.15769749499999997,-0.0029779600000000017,-0.16037571499999992,0.11475474000000002,-0.0975035649999999,0.09388353999999999,-0.08944833499999993,0.01658134,-0.00019186499999990225,-0.01658134,0.00019186500000001327,0.017583860000000007,0.1896382350000001,-0.020444530000000016,0.21771729500000003,0.015073790000000031,0.24226403500000004,-0.03471099,0.24226403500000004,0.0022529599999999705,0.14116636999999999,0.05142390000000002,0.06019393000000006,-0.02401930000000002,0.15553841000000002,0.09686149999999999,0.07092737999999998,0.0010025200000000067,0.1898301,-0.0025100699999999754,0.052625799999999945,-0.0038631900000000163,0.21752543000000002,-0.01426645999999998,0.02454674000000001,-0.04003654000000001,-0.017050259999999984,-0.03316268,0.00038372999999991553,0.13823018275488896,0.14225981572269236
0.1266760600000001,-0.30205054000000003,0.12959162000000002,-0.30768317000000006,0.13124706000000008,-0.32147658000000007,0.10396231000000006,-0.32750184000000004,0.10453794000000005,-0.36025915000000003,0.061978140000000015,-0.29759056000000006,0.02431268000000003,-0.31559480000000006,0.06457436000000005,-0.1557212,-0.0030167699999999464,-0.16130080000000002,0.11833636000000003,-0.09574926000000006,0.09491894000000006,-0.08872325000000003,0.015353590000000028,5.159999999992948e-05,-0.015353589999999973,-5.16000000000405e-05,0.014018360000000063,0.18872159999999993,-0.016978559999999976,0.21574249999999995,0.01409796000000002,0.24406229999999995,-0.03218319999999997,0.24406229999999995,0.002596220000000038,0.14186936000000006,0.053761999999999976,0.059971939999999946,-0.027329449999999977,0.15429400000000004,0.09793571000000001,0.07257754999999999,-0.001335229999999965,0.18867,7.959999999995748e-05,0.05534070000000002,-0.0016249700000000034,0.2157941,-0.015204639999999991,0.028319800000000006,-0.037665459999999984,-0.018004240000000005,-0.03070718,-0.00010319999999996998,0.14065296190842372,0.14150156319392165
0.12397225999999995,-0.29939497000000004,0.12702338999999996,-0.30469225000000005,0.12796195999999993,-0.31908223,0.10238941999999995,-0.32243440000000007,0.10035540999999998,-0.35652199,0.06385773,-0.29007390000000005,0.01869179999999998,-0.31183559000000005,0.06556137999999995,-0.14932505000000007,-0.008650670000000027,-0.15992865,0.11626249,-0.09104265,0.08975627999999997,-0.08560690000000004,0.018111109999999986,0.0006206899999999793,-0.01811111000000004,-0.0006206900000000903,0.02020185999999996,0.18481355,-0.019799540000000004,0.21031414999999998,0.01638985999999998,0.24724104999999996,-0.03650776,0.24724104999999996,0.0017036499999999455,0.14074884999999998,0.05070111000000005,0.05828240000000007,-0.027342470000000008,0.15190694000000005,0.09840694999999999,0.07432174999999996,0.0020907499999999746,0.18419286,-0.003811999999999982,0.06242749999999997,-0.001688429999999963,0.21093484000000007,-0.016708219999999996,0.036926899999999985,-0.04516593000000002,-0.02176169,-0.03622222000000003,-0.0012413800000000696,0.13429765930893955,0.1373245415633207
0.12358790499999994,-0.30269449000000004,0.12637985500000004,-0.30813275000000007,0.12732380499999996,-0.32224272000000004,0.101320205,-0.3254625500000001,0.09981870500000001,-0.35876133000000004,0.06435182499999997,-0.29209940000000006,0.018792804999999968,-0.31474512000000004,0.066909355,-0.15107545,-0.00988718500000002,-0.16544222000000008,0.11742405499999997,-0.09186245000000004,0.08699905499999999,-0.09189420000000004,0.01788887499999997,0.0010804499999998995,-0.017888875000000026,-0.0010804500000000106,0.013840854999999985,0.18966151999999992,-0.019870814999999986,0.21274295,0.01081937500000002,0.24391264999999995,-0.03524424500000001,0.24391264999999995,0.00255753000000003,0.14102395000000006,0.05051469999999997,0.05921299999999996,-0.02867998999999999,0.14930289999999996,0.09688624000000001,0.07354802000000005,-0.0040480199999999855,0.18858107000000002,-0.0030214799999999653,0.054251130000000036,-0.00198193999999996,0.2138234,-0.015373430000000021,0.031169699999999967,-0.045559020000000006,-0.02264571999999998,-0.03577775,-0.00216089999999991,0.13618235832163572,0.13873937814747264
0.124970955,-0.30496968,0.12781760499999995,-0.31032003,0.128852175,-0.32485868,0.10257453499999997,-0.32729844,0.10171718499999999,-0.3616624,0.06690887499999998,-0.29226492000000004,0.019149434999999992,-0.31780938000000003,0.06967086499999997,-0.14790670000000006,-0.007490174999999988,-0.16835319999999998,0.12182290500000004,-0.08842773000000004,0.089961185,-0.09447707000000005,0.01855002499999997,0.0016511999999999638,-0.018550025000000026,-0.0016511999999999638,0.015452244999999976,0.19269053999999997,-0.01892175500000004,0.21407010000000004,0.009424724999999967,0.24119089999999999,-0.030706815,0.24119089999999999,0.002761989999999992,0.14435821999999998,0.052152040000000066,0.05947897000000002,-0.02663960999999998,0.14945618000000005,0.09745135999999999,0.07387612999999993,-0.0030977799999999944,0.19103934,-0.006027520000000008,0.04850036000000002,-0.00037173000000001455,0.2157213,-0.011785059999999958,0.027120799999999945,-0.047759439999999986,-0.02554445999999999,-0.037100049999999996,-0.0033023999999999276,0.13703832082099998,0.14279819619631412
0.12338289000000002,-0.29771816,0.12652048999999999,-0.30329033,0.12683794999999998,-0.3172858,0.10231064000000001,-0.32090408000000004,0.09905798999999998,-0.35408466,0.06656326000000001,-0.28656345,0.017224589999999984,-0.30997598000000004,0.06752624000000002,-0.14651347999999997,-0.010679910000000015,-0.16186222000000006,0.11442518999999995,-0.09517008000000005,0.08376088999999998,-0.08823718000000003,0.01878578999999997,0.0011551800000000334,-0.018785790000000024,-0.0011551800000000334,0.01742868999999997,0.18502352,-0.016978250000000028,0.20723181999999996,0.008560369999999984,0.24880871999999998,-0.026636309999999996,0.24880871999999998,0.0009629800000000022,0.14004997000000002,0.04689894999999994,0.05134339999999993,-0.0279045,0.14811375999999998,0.09444079999999999,0.07362504000000003,-0.0013571,0.18386833999999996,-0.008868319999999985,0.06378519999999999,0.0018075399999999964,0.208387,-0.009658059999999968,0.04157690000000003,-0.04933867000000003,-0.023412530000000042,-0.03757157999999999,-0.002310360000000067,0.13574037920393334,0.13453288186544732
0.12076260999999994,-0.292662995,0.12397275999999996,-0.297658655,0.12427395999999996,-0.31250441500000004,0.10063543999999996,-0.314587925,0.09657611999999999,-0.349687295,0.06502660999999998,-0.280945535,0.014396519999999968,-0.306882095,0.06494148999999999,-0.14074894500000001,-0.015029520000000018,-0.15695029500000002,0.11216376,-0.09275989500000004,0.08179252999999997,-0.08176055500000001,0.019962880000000016,0.0013366649999999591,-0.019962880000000016,-0.0013366649999999591,0.025937319999999986,0.18087870500000003,-0.019282440000000012,0.203984905,0.016836340000000005,0.254213005,-0.03793907000000002,0.254213005,-8.511999999999409e-05,0.14019659,0.04722227000000001,0.04798904999999998,-0.029426039999999987,0.1499318,0.09682204999999999,0.07518974,0.00597443999999997,0.17954204000000007,-0.00910097999999998,0.07333429999999996,0.0006804400000000044,0.20532156999999995,-0.018656630000000007,0.0502281,-0.050630090000000016,-0.025936559999999997,-0.03992576000000003,-0.0026733299999999183,0.13173900286782195,0.1297002912371449
0.12001652999999995,-0.288049745,0.12336982999999996,-0.293151945,0.12350378000000001,-0.30776911500000004,0.10091367000000001,-0.31072482500000004,0.09636662000000001,-0.345505565,0.06604656999999997,-0.276720375,0.014764789999999972,-0.30376320500000004,0.06794483000000001,-0.13466404500000007,-0.015735869999999985,-0.155041345,0.11663046999999999,-0.08182674499999998,0.08141573000000002,-0.07842014500000005,0.019998550000000004,0.0014511950000000162,-0.019998550000000004,-0.0014511950000000162,0.028815959999999974,0.17652899499999997,-0.017222269999999984,0.19962125499999994,0.019103429999999977,0.258667055,-0.036795140000000004,0.258667055,0.0018982600000000405,0.14205632999999995,0.048685639999999974,0.05283730000000009,-0.030500659999999957,0.14872186000000004,0.0971516,0.07662119999999994,0.00881740999999997,0.17507779999999995,-0.009712529999999997,0.08213806000000001,0.00277628000000002,0.20107244999999996,-0.01957287000000002,0.05904580000000004,-0.05128178,-0.027042830000000018,-0.03999710000000001,-0.0029023900000000324,0.12756544694206967,0.12731486736442413
0.12125430499999995,-0.29039273500000007,0.12444983500000001,-0.29537048500000007,0.12466787499999993,-0.31013058500000007,0.10153707499999998,-0.3123016150000001,0.097246155,-0.3472704650000001,0.06770832499999996,-0.2782733850000001,0.01444917499999998,-0.3060347450000001,0.068101295,-0.1392174450000001,-0.01571594500000001,-0.15922178500000006,0.113952475,-0.09348288500000013,0.081416775,-0.08000488500000014,0.020829125000000004,0.001705584999999954,-0.020829125000000004,-0.001705585000000065,0.028505934999999982,0.17724071499999994,-0.01921190500000003,0.19944875499999992,0.017780825,0.2566062149999999,-0.03742300500000001,0.2566062149999999,0.000392970000000048,0.13905594,0.04585117999999999,0.04573455999999998,-0.03016511999999999,0.14681296000000005,0.09713272,0.07921689999999992,0.007676809999999978,0.17553512999999998,-0.010725109999999982,0.07936549999999998,0.0016172199999999748,0.20115434,-0.01821109999999998,0.05715745999999999,-0.05325914999999998,-0.027761360000000013,-0.04165825000000001,-0.003411170000000019,0.13316457162535167,0.12878278008841093
0.12061733499999994,-0.2888549349999999,0.12384624499999997,-0.29384470499999993,0.12388641499999997,-0.3086220049999999,0.10126964499999996,-0.31105500499999994,0.09614098499999996,-0.3460677749999999,0.06839550499999997,-0.27575407499999993,0.013644854999999956,-0.3042538549999999,0.07178772499999997,-0.13347267499999993,-0.016758715000000035,-0.15707867499999995,0.11987633499999995,-0.0774983749999999,0.08153761500000001,-0.07961517499999993,0.020982885000000007,0.0019149250000000118,-0.020982885000000007,-0.0019149249999999007,0.02667782499999999,0.17810242500000006,-0.019939354999999992,0.19904487500000012,0.015464184999999964,0.25784712500000007,-0.03779389500000002,0.25784712500000007,0.0033922200000000013,0.1422814,0.048088609999999976,0.05597430000000003,-0.03040356999999999,0.14717517999999996,0.09829633000000004,0.07746350000000002,0.005694939999999982,0.17618750000000005,-0.011213640000000025,0.0797447,0.0010435300000000147,0.20095980000000002,-0.01785454000000003,0.058802249999999945,-0.05475065000000001,-0.028499779999999975,-0.04196577000000001,-0.0038298499999999125,0.12683212002403993,0.12863818161927082
0.11990696999999995,-0.28980197,0.12278056999999998,-0.29501350000000004,0.12306374999999992,-0.30931173000000006,0.09982854999999996,-0.31262995000000005,0.09530085999999993,-0.34641725000000007,0.06708327999999997,-0.27775555,0.01334757999999997,-0.30486609000000003,0.07060808999999996,-0.13605505000000007,-0.017335820000000057,-0.15957675000000004,0.11936820999999997,-0.07797580000000004,0.08008337999999993,-0.08146678000000007,0.02083048999999998,0.0012431499999999707,-0.020830490000000035,-0.0012431500000000817,0.029943859999999933,0.17685394999999993,-0.017950320000000075,0.20174700999999995,0.018935069999999943,0.25698394999999996,-0.03767479000000007,0.25698394999999996,0.0035248099999999893,0.14170049999999995,0.04876012000000002,0.05807925000000003,-0.030683400000000027,0.14528934,0.09741919999999998,0.07810996999999997,0.009113369999999954,0.17561079999999996,-0.01100878999999999,0.08013000000000003,0.0028801699999999597,0.20299016000000003,-0.019724469999999994,0.05523694000000001,-0.0537357,-0.027110540000000016,-0.041660980000000014,-0.0024863000000000524,0.1264330823079976,0.12891640690289888
0.11802984999999999,-0.29238296500000005,0.12098944999999994,-0.29733435500000005,0.12139077999999992,-0.312066865,0.09768831,-0.31444521500000006,0.09399949999999996,-0.34921325500000006,0.06565280999999995,-0.281012185,0.01065360999999998,-0.308180555,0.06618247999999999,-0.14163861500000008,-0.01982299000000004,-0.16124511500000005,0.11174489999999992,-0.09410051500000005,0.07797677999999997,-0.08486406499999999,0.021383549999999973,0.001489714999999947,-0.02138355000000003,-0.001489715000000058,0.027768809999999977,0.178989685,-0.02024613000000003,0.200661985,0.01802121999999995,0.25417508499999997,-0.03574387000000001,0.25417508499999997,0.0005296700000000376,0.13937356999999995,0.04556241999999994,0.04753810000000003,-0.03047660000000002,0.14693543999999997,0.09779977000000001,0.07638105000000006,0.006385260000000004,0.17749997000000006,-0.009747590000000028,0.07518539999999996,0.00113742,0.20215170000000005,-0.015497739999999982,0.05351309999999998,-0.05499919999999997,-0.027168369999999997,-0.0427671,-0.002979430000000005,0.13153959725221676,0.12970642781154443
0.11918494000000002,-0.28967348500000006,0.12213558000000002,-0.29493106500000005,0.12212688000000005,-0.30923513500000005,0.09928334,-0.31266288500000006,0.09445930000000002,-0.3463488350000001,0.06719764,-0.28000793500000004,0.012479310000000021,-0.3069844850000001,0.06719004,-0.14166722500000006,-0.018077819999999967,-0.16116548500000005,0.11159777999999998,-0.09660788500000006,0.07886032000000004,-0.08142284500000008,0.021600010000000003,0.0016582849999999816,-0.021600010000000003,-0.0016582850000000926,0.02951956,0.18392581499999994,-0.01990786,0.20431831499999997,0.021692460000000025,0.25640811499999994,-0.037694689999999975,0.25640811499999994,-7.5999999999964984e-06,0.13834070999999998,0.04440773999999997,0.04505934,-0.030557129999999988,0.14581900000000003,0.09693814,0.07974263999999998,0.007919549999999997,0.18226752999999996,-0.007827099999999976,0.0724823,0.0016921500000000034,0.20597660000000007,-0.017786829999999976,0.052089799999999964,-0.05471832999999998,-0.026976550000000044,-0.043200020000000006,-0.003316570000000074,0.13325103666179036,0.12827573011174992
0.11785389999999996,-0.29498810000000003,0.12070459999999994,-0.30009505000000003,0.12171114999999999,-0.31457505,0.09718849999999996,-0.31739967,0.09571729999999995,-0.35167885000000004,0.06584055999999999,-0.28539707000000003,0.011958799999999992,-0.31131747000000004,0.06602652999999997,-0.14765537000000006,-0.01813815000000002,-0.16450301,0.11240050000000001,-0.09690076999999997,0.08089932,-0.08669331999999996,0.021529699999999985,0.0015827699999999556,-0.02152970000000004,-0.0015827700000000666,0.029252699999999965,0.18686077,-0.023367700000000047,0.20608083,0.024530969999999985,0.25143823,-0.03828482000000005,0.25143823,0.00018596999999997976,0.13774169999999997,0.04637397000000004,0.050754600000000094,-0.03009695000000001,0.14681446000000004,0.09903747000000002,0.07780969000000004,0.00772299999999998,0.18527800000000005,-0.0047217299999999796,0.06457745999999998,-0.0018380000000000063,0.20766360000000006,-0.014917120000000006,0.04535739999999999,-0.05388176,-0.02592040000000001,-0.043059400000000025,-0.0031655400000000222,0.13400190276101154,0.13317473431346838
0.11770645000000002,-0.29149248499999997,0.12071964000000002,-0.29656146499999997,0.12134053999999994,-0.310967135,0.09768986999999996,-0.313804885,0.09477266999999995,-0.348009125,0.06545850999999997,-0.282086095,0.011568629999999969,-0.307636425,0.06597428999999999,-0.14642376499999998,-0.019013710000000017,-0.162394865,0.11210515999999993,-0.09653546499999999,0.07849311999999997,-0.08342586500000004,0.021555809999999953,0.0013337350000000026,-0.02155581000000001,-0.0013337350000000026,0.03088742,0.18341913499999996,-0.02277657000000005,0.20485333500000003,0.02406006999999999,0.255187135,-0.04115033000000001,0.255187135,0.0005157800000000212,0.13566233,0.046130869999999935,0.0498883,-0.030582339999999986,0.14524156,0.09750682999999999,0.07896899999999996,0.009331610000000046,0.18208539999999995,-0.00682735000000001,0.07176800000000005,-0.001220760000000043,0.20618707000000003,-0.01837375999999996,0.050333799999999984,-0.05388988,-0.02555033000000001,-0.04311161999999996,-0.002667470000000005,0.1333325357670156,0.12941756527644074
0.11769173,-0.2902325700000001,0.12099017000000001,-0.29497602000000006,0.12136743000000005,-0.30988897000000004,0.09808159,-0.31165823000000004,0.09503907,-0.34694557000000004,0.06666145000000001,-0.28076285000000006,0.010682970000000014,-0.30670464000000003,0.06618753,-0.14782457000000004,-0.020158259999999983,-0.16150847000000002,0.10926517000000002,-0.09863747,0.07573342999999999,-0.0832455700000001,0.022025910000000037,0.0016517299999999624,-0.022025909999999982,-0.0016517300000000734,0.02946419,0.18602272999999991,-0.02236857999999997,0.20446432999999997,0.021126990000000012,0.25730922999999994,-0.03790006000000001,0.25730922999999994,-0.00047392000000001655,0.13293828000000002,0.04307764000000003,0.04918710000000004,-0.030841229999999997,0.14519617,0.09589168999999997,0.07826289999999991,0.007438279999999964,0.18437099999999995,-0.008337199999999989,0.07128650000000003,-0.00034266999999998937,0.20611606000000005,-0.015531480000000042,0.05284489999999997,-0.05597848,-0.025941789999999965,-0.04405182000000002,-0.003303460000000036,0.13292333174423365,0.12733594654763122
0.11847063000000002,-0.295167835,0.12145119000000004,-0.300533815,0.12181933,-0.314843665,0.09807812999999999,-0.317213815,0.09507175000000001,-0.350976715,0.06630733,-0.284589015,0.01147773000000002,-0.310244385,0.06478017000000003,-0.150121155,-0.021529089999999973,-0.16670381499999998,0.10961889000000002,-0.100675615,0.07603951000000003,-0.08804921499999996,0.02181797000000002,0.0014932850000000109,-0.02181797000000002,-0.0014932850000000109,0.028298099999999993,0.18838338499999996,-0.023489429999999978,0.20792238500000004,0.023832830000000027,0.252886885,-0.03971974,0.252886885,-0.0015271599999999719,0.13446786,0.04483872,0.04944554000000001,-0.03300681999999999,0.14354057000000003,0.0975686,0.07865460000000002,0.006480129999999973,0.18689009999999995,-0.004465269999999966,0.06450350000000005,-0.001671459999999958,0.20941567000000005,-0.016230310000000026,0.04496449999999996,-0.05482959999999998,-0.02565537000000001,-0.04363594000000004,-0.0029865700000000217,0.1347126040133454,0.1306446149296453
0.11884828000000003,-0.29285492500000004,0.12136088,-0.298293385,0.12208777999999998,-0.31230748500000005,0.09737091000000003,-0.314704305,0.09490962000000003,-0.34754492500000006,0.06574488,-0.28199169500000004,0.01164765000000001,-0.306369755,0.06482564000000002,-0.14849562500000002,-0.02234801999999997,-0.163322725,0.10915167999999997,-0.09617542500000009,0.07623398000000003,-0.08564562500000006,0.02153684,0.001262974999999944,-0.02153684,-0.001262975000000055,0.028495119999999985,0.1874510749999999,-0.02276872000000002,0.20677137499999998,0.024336579999999997,0.25570147499999996,-0.041352259999999974,0.25570147499999996,-0.0009192399999999878,0.13349607000000002,0.044326039999999955,0.05232019999999993,-0.03399566999999998,0.14304703000000002,0.098582,0.07767709999999994,0.006958279999999983,0.18618809999999997,-0.004158539999999988,0.06825040000000004,-0.0012318800000000185,0.20803435000000003,-0.018583539999999954,0.048930099999999976,-0.054097229999999996,-0.02437805999999998,-0.04307368,-0.002525949999999999,0.13103664366422701,0.129149389717857
0.1188399,-0.29719846499999997,0.12152825,-0.30271588499999996,0.12177679999999991,-0.31697167499999995,0.09779150999999997,-0.318131285,0.09418899999999997,-0.35157664499999997,0.06700150999999993,-0.282397425,0.01105530999999993,-0.309818465,0.06504232999999998,-0.14446372499999993,-0.021869020000000072,-0.16726775500000002,0.11208418999999992,-0.08643748499999993,0.07778427999999993,-0.087323225,0.022235499999999964,0.001993675000000028,-0.02223550000000002,-0.001993675000000028,0.026262449999999937,0.19255934500000005,-0.025696770000000035,0.20970640500000004,0.02068916999999998,0.251976175,-0.044403450000000066,0.251976175,-0.0019591799999999493,0.13793370000000005,0.047041859999999935,0.05802624000000001,-0.03292433,0.14255070999999997,0.0996533,0.07994453000000001,0.004026949999999974,0.19056567000000002,-0.005573279999999958,0.059416829999999976,-0.0034612700000000163,0.21170008000000007,-0.01870668000000003,0.042269769999999984,-0.0559462,-0.027421040000000008,-0.04447099999999998,-0.003987350000000056,0.12606687571944378,0.13147276712099312
0.11928667500000001,-0.2967036350000001,0.12176997500000009,-0.30247693500000006,0.121923275,-0.31643896500000007,0.09782947500000005,-0.31741293500000006,0.09395001500000005,-0.35004987500000007,0.06825093500000001,-0.28055309500000003,0.01118267500000003,-0.30759263500000006,0.06772237500000006,-0.14108713500000003,-0.01969212499999995,-0.16517343500000004,0.11463580500000004,-0.0783695350000001,0.07848824500000001,-0.08644339500000009,0.02261642500000005,0.0020042949999999893,-0.022616424999999996,-0.0020042950000001003,0.027613955000000023,0.1901780649999999,-0.025143634999999942,0.20687070499999993,0.02154181500000002,0.25286886499999994,-0.04283242499999995,0.25286886499999994,-0.0005285599999999557,0.13946596,0.04691342999999998,0.06271759999999993,-0.03087479999999998,0.14241920000000002,0.09818036999999996,0.07873003999999995,0.004997529999999972,0.1881737699999999,-0.006072140000000004,0.06269080000000005,-0.0025272099999999464,0.20887500000000003,-0.01768879000000001,0.04599816000000001,-0.05706825999999998,-0.02703954000000003,-0.04523285000000005,-0.00400859000000009,0.1221782257378675,0.1317274303424268
0.12045305000000006,-0.2987161499999999,0.12273805999999998,-0.3049370599999999,0.12257929000000001,-0.3183540999999999,0.09855666000000002,-0.3193414999999999,0.09422331,-0.3504884499999999,0.06871181000000004,-0.2816558699999999,0.012433970000000016,-0.3083292499999999,0.06638455000000004,-0.14352149999999997,-0.020295359999999985,-0.16905829999999988,0.11386364000000004,-0.08047769999999987,0.07704841000000001,-0.08864419999999995,0.022492890000000043,0.0019626000000000365,-0.022492889999999988,-0.0019625999999999255,0.02694141,0.1877156000000001,-0.024720809999999982,0.2043652600000001,0.02241863999999999,0.2511825000000001,-0.043897609999999976,0.2511825000000001,-0.0023272599999999977,0.13813436999999995,0.04747909,0.0630438000000001,-0.03272933,0.13927095,0.09734377,0.08041409999999993,0.004448519999999956,0.18575300000000006,-0.004522770000000009,0.06346689999999999,-0.0022279199999999943,0.20632786000000003,-0.019176799999999994,0.04681723999999998,-0.05627784000000002,-0.02667337999999997,-0.04498578000000003,-0.003925199999999962,0.12306509261221268,0.13199306869775398
0.11832074000000004,-0.300072685,0.12068714000000003,-0.305984715,0.12065047000000007,-0.319718375,0.09639374,-0.320467755,0.09229657000000002,-0.35236556500000005,0.06782601000000005,-0.283405715,0.009551680000000007,-0.30940661500000005,0.06680194,-0.14576227500000005,-0.022829059999999957,-0.16841571500000008,0.11205524,-0.08221531500000001,0.07365138000000004,-0.09132726499999999,0.022886760000000006,0.001999984999999982,-0.02288675999999995,-0.001999984999999982,0.023709740000000035,0.18944388499999998,-0.026806830000000004,0.204697385,0.017988660000000045,0.24954228499999997,-0.043191429999999975,0.24954228499999997,-0.0010240700000000436,0.13764343999999995,0.045253299999999996,0.06354696000000004,-0.03238073999999996,0.14099089999999997,0.09648044,0.07708845000000009,0.0008229800000000287,0.1874439,-0.0057210799999999895,0.060098399999999996,-0.003920070000000053,0.20669737,-0.01638459999999997,0.044844899999999965,-0.05827433000000004,-0.02600090000000005,-0.045773519999999956,-0.003999969999999964,0.12265086456931479,0.13152556947931457
0.11966285499999996,-0.29858465000000006,0.12226165499999997,-0.30443293000000005,0.12192715499999995,-0.31826473000000005,0.09832429499999995,-0.31901080000000004,0.09327870499999996,-0.35118435000000003,0.06941842499999995,-0.28191935000000007,0.010185054999999943,-0.30841449000000004,0.06761950499999997,-0.14523995,-0.02197426500000005,-0.16790891000000008,0.11107335499999993,-0.08436485000000005,0.07491427499999997,-0.0892141500000001,0.023113724999999974,0.002154449999999919,-0.02311372500000003,-0.00215445000000003,0.02421909499999997,0.18853014999999995,-0.025289385000000053,0.20276014999999992,0.01731619499999998,0.25129424999999994,-0.04078829500000003,0.25129424999999994,-0.0017989199999999816,0.13667940000000006,0.04345384999999996,0.06087509999999996,-0.03215931999999999,0.14050557999999996,0.09688854000000002,0.07869475999999997,0.0011053699999999944,0.18637570000000003,-0.00690289999999999,0.06276409999999999,-0.0021756600000000237,0.20491459999999995,-0.015498909999999977,0.048534100000000024,-0.05923337000000001,-0.026495139999999973,-0.04622745,-0.004308899999999949,0.12337943824733069,0.13110636959389127
0.12021350000000003,-0.29426224000000006,0.12282169999999998,-0.29987086,0.12287920000000002,-0.31389380000000006,0.09895435000000002,-0.31538225000000003,0.09476899999999999,-0.34807322000000007,0.06886688000000002,-0.28002975,0.011708349999999978,-0.30735204000000005,0.0657005,-0.14533744000000004,-0.022381450000000025,-0.16866420000000004,0.10838299999999995,-0.09012910000000007,0.0741058,-0.08597030000000006,0.022460599999999997,0.002208099999999935,-0.022460599999999997,-0.002208100000000046,0.02482342999999998,0.18858719999999995,-0.024876979999999993,0.20397339999999997,0.018847229999999993,0.25501759999999996,-0.04123979999999999,0.25501759999999996,-0.003166380000000024,0.13469230999999998,0.04268249999999996,0.05520833999999997,-0.0340898,0.13868784,0.09648725000000002,0.08269389999999999,0.0023628299999999824,0.18637910000000002,-0.005976199999999987,0.0664304,-0.0024163799999999958,0.20618150000000002,-0.01636282,0.051044199999999984,-0.05715853000000004,-0.027322290000000027,-0.044921199999999994,-0.004416199999999981,0.12613016025360466,0.12783260835092117
0.11972724999999995,-0.29501358,0.12197234999999995,-0.30026663,0.12300999000000001,-0.31461809999999996,0.09720958999999996,-0.31556156999999996,0.09591874999999994,-0.34902877,0.06867677999999999,-0.28027361999999995,0.01126547,-0.30876274,0.06630985,-0.14322614999999994,-0.022457150000000037,-0.16939074999999992,0.11077798999999999,-0.08229054000000002,0.07319159999999997,-0.08700869999999994,0.022363109999999964,0.002475000000000005,-0.02236311000000002,-0.002475000000000005,0.02480349999999998,0.18591780000000002,-0.024936280000000033,0.2000054,0.017120199999999974,0.25423830000000003,-0.03833498000000002,0.25423830000000003,-0.0023669299999999893,0.13704747,0.04446813999999999,0.06093560999999992,-0.033722620000000036,0.13937199000000006,0.09564875,0.08238204999999998,0.0024403900000000145,0.18344280000000002,-0.007683300000000004,0.0683205,-0.0025731700000000135,0.2024804,-0.013398699999999986,0.05423290000000003,-0.05741130999999999,-0.028489120000000034,-0.04472621999999998,-0.00495000000000001,0.12248423480965218,0.12757997115093767
0.11886410000000003,-0.30202867,0.12131150000000002,-0.30738689,0.12210620000000005,-0.32193215000000003,0.09695620000000005,-0.32182655,0.0954798,-0.35582225,0.07009547999999999,-0.28424163,0.010255340000000002,-0.31453241,0.06948996000000002,-0.14411385,-0.024499769999999976,-0.17534665000000005,0.1151896,-0.07345345000000003,0.07212513999999998,-0.09350824999999996,0.02322160000000001,0.0028455499999999745,-0.02322160000000001,-0.0028455499999999745,0.02450705000000003,0.18803694999999998,-0.02696093999999999,0.20092105000000005,0.019828500000000027,0.24733295,-0.040068769999999976,0.24733295,-0.0006055199999999705,0.14012778000000004,0.045699639999999986,0.07066039999999996,-0.03475510999999998,0.13918575999999994,0.09662490999999995,0.08183840000000009,0.0012854500000000213,0.1851914,-0.0046785500000000035,0.059296000000000015,-0.00373933999999998,0.20376660000000002,-0.013107829999999987,0.04641189999999995,-0.059840139999999986,-0.03029077999999996,-0.04644320000000002,-0.005691099999999949,0.1194974912916585,0.13157023219527125
0.11877028499999998,-0.30339462500000003,0.12126488499999999,-0.309182505,0.12165828499999998,-0.323246725,0.09721054500000004,-0.324469875,0.09438848500000008,-0.357424625,0.06953270500000003,-0.286703025,0.009930745000000019,-0.316037775,0.06819803500000005,-0.145483115,-0.02650658499999997,-0.177306505,0.113206225,-0.07603887500000006,0.07062132500000001,-0.09642947499999999,0.023299055000000013,0.002508025000000025,-0.023299054999999957,-0.002508025000000025,0.02392895500000003,0.186275925,-0.028397485,0.201645925,0.01872118500000003,0.24554922499999998,-0.044773814999999995,0.24554922499999998,-0.0013346699999999823,0.14121991,0.04500818999999995,0.06944423999999993,-0.03643732999999999,0.13873127000000002,0.09712790999999998,0.08087703000000002,0.0006299000000000166,0.18376789999999998,-0.0052077700000000005,0.05927329999999997,-0.005098430000000043,0.20415395000000003,-0.016376329999999995,0.04390329999999998,-0.05960196000000001,-0.02933475000000002,-0.04659810999999997,-0.00501605000000005,0.11938557164506484,0.13282423178564554
0.11819372999999994,-0.30504556499999996,0.12128778999999995,-0.310548615,0.12125309000000001,-0.32518686499999994,0.09798778999999996,-0.32507674499999994,0.09437278999999993,-0.35967116499999996,0.07188046999999997,-0.285925165,0.008038109999999987,-0.31724596499999996,0.07090071999999997,-0.14396446499999993,-0.026796089999999995,-0.177830025,0.11585039000000003,-0.07407176500000001,0.07005245999999998,-0.096127615,0.024458809999999997,0.002953335000000057,-0.024458809999999997,-0.002953334999999946,0.023770939999999963,0.189864935,-0.02959044999999999,0.20396788500000007,0.014873549999999958,0.24461503500000004,-0.04135569,0.24461503500000004,-0.0009797500000000015,0.14196070000000005,0.04494967000000005,0.06989269999999992,-0.03483419999999998,0.13941593999999996,0.09684854999999998,0.08170241,-0.0006878700000000348,0.18691159999999996,-0.008897390000000005,0.054750100000000024,-0.005131639999999993,0.20692122000000002,-0.01176524000000001,0.040647149999999965,-0.06384235999999999,-0.03132079999999998,-0.048917619999999995,-0.005906670000000003,0.11952107314154443,0.13271709238274965
0.11821842000000005,-0.30354791,0.12137366999999999,-0.30911292999999995,0.12145107,-0.32357909999999995,0.09809567000000008,-0.32407982999999996,0.09501336999999999,-0.35836067,0.07060534000000002,-0.28595152999999995,0.008947910000000059,-0.31616282999999995,0.06758830000000005,-0.14709132999999996,-0.027338229999999963,-0.17809662999999998,0.11301427000000008,-0.08327209000000002,0.06828591000000006,-0.09526692999999997,0.023759010000000025,0.0026512699999999834,-0.02375900999999997,-0.0026512699999999834,0.02298534000000002,0.19006647,-0.029828249999999945,0.20616413,0.012124330000000016,0.24583257000000003,-0.04301946999999995,0.24583257000000003,-0.003017039999999971,0.1388602,0.04542597000000004,0.06381923999999994,-0.03628614000000002,0.13806619999999997,0.09562414000000002,0.0828297,-0.0007736700000000041,0.1874152,-0.010861010000000004,0.05576610000000004,-0.006069239999999976,0.20881539999999998,-0.013191220000000003,0.03966844000000003,-0.06165742999999996,-0.030211299999999996,-0.047518019999999994,-0.005302539999999967,0.12389239375908923,0.1305753720080552
0.12010604000000003,-0.30794378,0.12339073,-0.31422831,0.12231743000000006,-0.32824618,0.10071265000000007,-0.32838724,0.09413075000000004,-0.36158558,0.07446613000000002,-0.28630663,0.00811076000000005,-0.31777668000000003,0.07274502000000005,-0.14326388,-0.028550209999999965,-0.18040572,0.12034979000000001,-0.07113002000000002,0.06971254000000005,-0.09951507999999998,0.025341190000000013,0.002801819999999955,-0.025341189999999958,-0.002801819999999955,0.024663590000000013,0.19103641999999998,-0.030110309999999973,0.20653904999999995,0.016110190000000024,0.24219342,-0.04266065999999996,0.24219342,-0.0017211099999999702,0.14304275,0.04760476999999996,0.07213386,-0.036660970000000015,0.13737096000000004,0.09826275000000001,0.08089064000000001,-0.0006776000000000004,0.18823460000000003,-0.008553399999999989,0.05115700000000001,-0.004769120000000016,0.2093408699999999,-0.012550349999999988,0.035654370000000046,-0.06635536999999997,-0.03147005000000003,-0.05068237999999997,-0.00560363999999991,0.12038501169059874,0.13560481645848907
0.12017769000000006,-0.30590665000000006,0.12348008999999999,-0.31244360000000004,0.12169268999999999,-0.32621088000000004,0.10143291999999998,-0.32571600000000006,0.09255748999999996,-0.35820530000000006,0.07535799000000004,-0.28203162000000004,0.007671990000000017,-0.31414506000000003,0.07378984,-0.14066830000000008,-0.03159957999999996,-0.17907375000000003,0.11980003,-0.06799840000000001,0.06678742000000004,-0.09532940000000001,0.02589625000000001,0.0030182999999999183,-0.02589625000000001,-0.0030183000000000293,0.02568427000000001,0.18554759999999992,-0.03110252999999996,0.19977409999999995,0.018258870000000038,0.24535989999999996,-0.048359209999999986,0.24535989999999996,-0.001568150000000046,0.14136331999999996,0.046010190000000006,0.07266990000000006,-0.03927156999999998,0.13507131,0.098387,0.08374435000000002,-0.0002119800000000005,0.1825293,-0.007425399999999971,0.05981230000000004,-0.005206279999999952,0.20279239999999998,-0.017256680000000024,0.04558580000000001,-0.06768600000000002,-0.03211343999999999,-0.05179250000000002,-0.0060365999999999476,0.1177339864999839,0.1308113216349369
