0,1,2,3,4,5,6,7,8,9,10,11,12,13,14,15,16,17,18,19,20,21,22,23,24,25,26,27,28,29,30,31,32,33,34,35,36,37,38,39,40,41,42,43,44,45,46,47,48,49,50,51,52,53,54,55
0.03633075500000005,-0.343209855,0.03715169500000004,-0.35562759499999996,0.026531175000000018,-0.36247435499999997,0.016510035000000034,-0.350474325,-0.022594004999999973,-0.361558655,-0.00374770499999999,-0.28014835499999996,-0.053383144999999965,-0.261721525,0.02784815500000004,-0.161684555,0.0024953150000000535,-0.127012315,0.06459724500000003,-0.204565585,0.037767735000000024,-0.224003195,0.022368675000000005,-0.010511394999999979,-0.02236867499999995,0.010511394999999979,0.059678375000000006,0.15171700499999996,-0.020033624999999944,0.21537739499999997,0.056714275000000036,0.28755884500000006,-0.030377774999999996,0.309089245,0.03159586000000003,0.11846379999999995,0.036749089999999984,-0.04288102999999999,0.05587846000000002,0.13470921000000002,0.03527241999999997,-0.09699088,0.0373097,0.16222839999999994,-0.0029640999999999695,0.1358418400000001,0.002335050000000005,0.204866,-0.010344150000000052,0.09371185000000004,-0.049635439999999975,0.01842682999999995,-0.044737349999999954,0.021022789999999958,0.19859577231351377,0.24210221132933954
0.03961677500000005,-0.3468941,0.039336545,-0.35907377,0.028851775000000024,-0.36556055,0.018486895000000003,-0.35352371,-0.018005274999999987,-0.36415453000000003,0.001668705000000048,-0.28124365,-0.052398644999999966,-0.26452859,0.04489747500000002,-0.16279325,0.0014849749999999995,-0.12737070000000006,0.10180507500000002,-0.18896995000000005,0.037616205000000014,-0.22601995000000003,0.022890195000000002,-0.011258450000000031,-0.022890194999999947,0.011258450000000031,0.05981937500000001,0.14889805,-0.014485124999999988,0.21222715000000003,0.056546695000000036,0.28388669,-0.02758290499999999,0.30667265,0.04322876999999997,0.11845040000000001,0.0569076,-0.026176700000000053,0.053883619999999965,0.13715788999999995,0.036131230000000014,-0.09864924999999997,0.036929180000000006,0.16015650000000003,-0.0032726799999999723,0.13498864,0.008405069999999959,0.2009687,-0.013097780000000003,0.09444549999999996,-0.054067350000000014,0.016715060000000004,-0.04578038999999995,0.022516900000000062,0.1944451992661799,0.2448715245746635
0.04019837500000001,-0.34851828000000007,0.039937924999999985,-0.36098282000000004,0.02917334499999996,-0.3674159000000001,0.019027164999999957,-0.35573175000000007,-0.018343495000000043,-0.36592477000000007,0.001888764999999959,-0.2830482200000001,-0.052487055000000005,-0.26564550000000003,0.043011244999999976,-0.16339448,0.001662594999999989,-0.12764719000000002,0.092489765,-0.19173832000000002,0.03834356499999997,-0.22599339000000007,0.023096695,-0.01139888,-0.023096695,0.01139888,0.05927684499999997,0.14845714999999993,-0.01452921500000004,0.21284428,0.05657234499999997,0.28244247999999994,-0.027616355000000037,0.30608287999999995,0.04112248000000002,0.11965374000000006,0.049478520000000026,-0.02834384000000001,0.054149649999999994,0.13799831,0.03668096999999998,-0.09834620000000005,0.036180149999999967,0.15985602999999993,-0.0027044999999999986,0.13398533,0.00856747999999996,0.2014454,-0.013087139999999997,0.09323859999999995,-0.054375819999999964,0.017402720000000038,-0.04619339,0.02279776,0.1932296866000111,0.24521418271507162
0.040134265,-0.34803579500000004,0.040074324999999966,-0.36042950500000004,0.030145725000000012,-0.36694597500000004,0.018375525000000004,-0.35445670500000004,-0.019343335000000017,-0.364198675,-0.0005680150000000328,-0.28172953500000003,-0.051400375,-0.263140095,0.03102768499999997,-0.158876935,0.002840924999999994,-0.125517675,0.063815905,-0.197024625,0.039006025,-0.218642675,0.02275295500000002,-0.010558524999999985,-0.02275295500000002,0.010558524999999985,0.059417054999999996,0.15089716499999994,-0.01905469500000001,0.21577052499999994,0.05744432500000002,0.28391852500000003,-0.029877374999999984,0.308549125,0.031595700000000004,0.12285260000000003,0.032788220000000035,-0.03814769000000001,0.05424129999999999,0.13762242000000002,0.036165100000000006,-0.09312500000000001,0.03666409999999998,0.16145568999999993,-0.001972729999999978,0.1330213600000001,0.0036982600000000088,0.20521199999999995,-0.010822679999999973,0.09277860000000004,-0.050832359999999965,0.018589440000000013,-0.04550591000000004,0.02111704999999997,0.1909339475104218,0.2373759922403283
0.040320980000000006,-0.3487846849999999,0.04004316000000002,-0.36142482499999995,0.030044120000000007,-0.36780279499999996,0.018189259999999985,-0.355463895,-0.020057429999999987,-0.36462752499999995,-0.0009156900000000245,-0.281537385,-0.05131880999999999,-0.26283994499999996,0.029136160000000022,-0.15671437499999996,0.002849500000000005,-0.12375527499999994,0.05879274000000001,-0.19563054499999993,0.038707570000000024,-0.21542192499999996,0.02268083999999998,-0.010554374999999894,-0.02268083999999998,0.010554375000000005,0.05890236999999998,0.15075391500000002,-0.0195206,0.21575927500000003,0.057166260000000024,0.2837531750000001,-0.031124819999999997,0.30835187500000005,0.030051850000000047,0.12482301000000001,0.029656579999999988,-0.03891616999999997,0.05416831,0.13908467000000002,0.03585807000000002,-0.09166665000000002,0.03622153,0.1613082899999999,-0.0017361099999999574,0.13299926000000006,0.003160239999999981,0.20520490000000002,-0.011604219999999998,0.09259260000000002,-0.05040311999999997,0.01869744000000001,-0.04536167999999996,0.0211087499999999,0.18856632261217515,0.2341662337827939
0.04069636500000001,-0.3491332,0.040249455000000045,-0.36151855999999993,0.030773985000000004,-0.36791335999999997,0.018051165000000036,-0.35538064999999996,-0.01888826499999996,-0.36467004,-0.0010733649999999928,-0.28145702999999994,-0.051055764999999975,-0.26269259999999994,0.028262655000000025,-0.15628599999999992,0.002437155000000024,-0.12277797000000001,0.05789326500000003,-0.19369172999999995,0.03784433500000001,-0.21274059999999995,0.022579834999999993,-0.010536099999999937,-0.022579834999999993,0.010536100000000048,0.059144235000000045,0.15080545,-0.020447684999999993,0.21577160000000006,0.057049495000000006,0.28448585000000004,-0.031645965,0.30878720000000004,0.029336020000000018,0.12517103000000002,0.02963061,-0.037405730000000026,0.05349292,0.13991462999999993,0.03540717999999998,-0.08996262999999993,0.03656440000000005,0.16134154999999994,-0.0020947400000000393,0.13368040000000003,0.0021321499999999993,0.20523550000000002,-0.011198280000000005,0.09301559999999998,-0.04998239999999998,0.01876443,-0.045159669999999985,0.021072199999999985,0.18652888017425562,0.23130837659513953
0.04182659,-0.35108232999999994,0.040904980000000035,-0.3634745499999999,0.03171547000000002,-0.3694594199999999,0.01812588000000004,-0.3569171499999999,-0.017968099999999987,-0.3650056099999999,-0.0008530499999999663,-0.2822173499999999,-0.0498537,-0.2634012699999999,0.02654137000000001,-0.15623810999999987,0.0023735300000000126,-0.12376740999999991,0.05588527000000004,-0.1940529099999999,0.03735373000000003,-0.2124713099999999,0.022345170000000025,-0.010446149999999932,-0.02234516999999997,0.010446150000000043,0.05867551000000004,0.15086672000000012,-0.020050719999999966,0.21481189000000012,0.05771278000000002,0.2834033100000001,-0.03129666999999997,0.3074343500000001,0.027394419999999975,0.12597924000000005,0.029343900000000034,-0.03781480000000004,0.05222723000000001,0.13963386,0.03498020000000002,-0.0887039,0.036330340000000017,0.16131287000000005,-0.0009627300000000227,0.13253658999999995,0.0022944500000000034,0.20436574000000007,-0.011245950000000005,0.09262245999999996,-0.049000650000000034,0.018816080000000013,-0.044690339999999995,0.020892299999999975,0.18664506590239022,0.23077294606184146
0.04243749499999999,-0.35092855,0.041463945,-0.36307847,0.03249237499999996,-0.36923917,0.01847169500000001,-0.35608811,-0.017042875000000013,-0.36457637,-0.00022222500000002032,-0.28147217,-0.04981502500000001,-0.2628569,0.02735807499999998,-0.15747717000000006,0.002372834999999962,-0.12341106999999996,0.05769545500000001,-0.19706967000000003,0.03782013499999998,-0.21219683,0.022515355000000015,-0.010340629999999962,-0.022515355000000015,0.010340629999999962,0.05880078499999997,0.15159862999999996,-0.020564495000000016,0.21466092999999997,0.057361174999999986,0.28398506999999995,-0.031010654999999998,0.30805653,0.027580300000000002,0.12399499999999997,0.030337380000000025,-0.039592499999999975,0.052187859999999975,0.13944583000000005,0.035447300000000015,-0.08878576000000005,0.03628542999999995,0.16193925999999992,-0.00143960999999998,0.13238644,0.0019508599999999987,0.2043203,-0.010446159999999982,0.09339560000000002,-0.04959279999999999,0.018615270000000017,-0.04503071000000003,0.020681259999999924,0.19001414109305556,0.23057166447070568
0.042569400000000035,-0.350705575,0.04132706000000003,-0.36249377499999996,0.03296501000000002,-0.368925045,0.017683300000000013,-0.354855995,-0.016438479999999978,-0.36389739499999996,-0.001083059999999969,-0.280230445,-0.04996447999999998,-0.262321005,0.02473629000000005,-0.157170135,0.001750110000000027,-0.12306457500000001,0.05103246000000006,-0.203524455,0.03770912000000004,-0.213243405,0.022313000000000027,-0.010213475000000027,-0.022312999999999972,0.010213475000000027,0.05728036000000003,0.15201312499999997,-0.02111985999999999,0.21539682500000001,0.05659420000000004,0.284446125,-0.031075029999999948,0.308631525,0.02581935000000002,0.12306031,0.026296170000000008,-0.046354320000000004,0.051714590000000005,0.13925643,0.03595901000000001,-0.09017882999999999,0.03496736,0.1622266,-0.0006861599999999912,0.13243300000000002,0.0011931399999999814,0.20518335,-0.009955169999999958,0.0932347,-0.04888142000000001,0.01790944,-0.044626,0.020426950000000055,0.19543270548005007,0.2313776828231902
0.043828005,-0.35162522000000007,0.04202741500000001,-0.36350065000000004,0.03401496500000001,-0.36930577000000003,0.01776066500000001,-0.3558993200000001,-0.015739804999999996,-0.3632235100000001,-0.0006419149999999929,-0.28109737000000007,-0.04911238499999998,-0.26157413000000007,0.024098235000000023,-0.15786882000000002,0.0020414850000000095,-0.12336840000000004,0.049333455000000026,-0.19842903000000006,0.03694223499999999,-0.21057055000000008,0.02225661499999998,-0.010570650000000015,-0.02225661499999998,0.010570649999999904,0.057423475,0.1510711199999999,-0.021186715000000023,0.2161444899999999,0.05639303499999998,0.2832572499999999,-0.03137496499999998,0.30813614999999994,0.024740150000000016,0.12322855000000005,0.025235220000000003,-0.04056021000000004,0.05115386999999999,0.13820573000000003,0.03490074999999998,-0.08720215000000003,0.03516686000000002,0.1616417699999999,-0.0010304400000000213,0.13218613,0.001069899999999957,0.20557384,-0.010188249999999954,0.09199166000000003,-0.04847046999999999,0.019523239999999997,-0.04451322999999996,0.02114129999999992,0.1897997002121184,0.2289277924996493
0.045077190000000045,-0.3514314500000001,0.043055730000000014,-0.3631272000000001,0.03554790000000002,-0.36889359000000005,0.018384750000000005,-0.35574233000000005,-0.013846529999999968,-0.3630136500000001,0.0002762500000000334,-0.28200141000000006,-0.048326690000000005,-0.26240680000000005,0.024613150000000028,-0.15917435000000002,0.0020641800000000265,-0.12332375000000007,0.04666775000000001,-0.20376798000000007,0.03737045,-0.20885429000000005,0.022391050000000023,-0.01070011000000004,-0.022391049999999968,0.01070010999999993,0.05770771000000002,0.14866124999999997,-0.020969650000000006,0.21607559999999992,0.05668355000000003,0.28178918,-0.03192134999999996,0.30760484999999993,0.024336899999999995,0.12282706000000004,0.02205459999999998,-0.04459363000000005,0.05039087000000003,0.13908304999999999,0.03530626999999997,-0.08553053999999999,0.03531666,0.15936136,-0.0010241599999999962,0.13312793,0.0014213999999999616,0.20537549,-0.010951699999999953,0.09152925,-0.04860294000000004,0.019594610000000012,-0.04478209999999999,0.02140021999999997,0.19458818203895864,0.227542460744385
0.045951399999999976,-0.348775235,0.04356578,-0.36077499500000004,0.036168880000000014,-0.366039865,0.018780830000000026,-0.35428246500000005,-0.013427279999999986,-0.360238755,0.001319799999999982,-0.280909415,-0.047462700000000024,-0.26101305500000005,0.024203220000000025,-0.15674775500000004,0.002595100000000017,-0.12317819500000005,0.04308770000000001,-0.19763934500000002,0.03787518000000001,-0.20596524500000002,0.022516140000000018,-0.010754645000000007,-0.022516140000000018,0.010754645000000007,0.057894710000000016,0.14747050500000003,-0.020967239999999998,0.215717905,0.056210399999999994,0.28143453499999993,-0.032234490000000005,0.308106605,0.022883420000000043,0.12416165999999995,0.01888447999999998,-0.04089158999999998,0.05005780000000004,0.13783486,0.03528007999999999,-0.08278704999999997,0.03537857,0.15822515000000004,-0.0016843100000000222,0.1339640299999999,0.0015489000000000197,0.20496325999999998,-0.011267250000000006,0.09238869999999999,-0.048782500000000006,0.019896359999999946,-0.045032280000000036,0.021509290000000014,0.18801351061805002,0.22497693715791073
0.04666477499999999,-0.347147165,0.04386001500000003,-0.35892300499999996,0.037272324999999995,-0.364202355,0.01806327499999999,-0.352436335,-0.012292524999999999,-0.358351205,0.0010540749999999877,-0.280989465,-0.04772092499999997,-0.259625405,0.024272075000000004,-0.15867886499999995,0.002386054999999998,-0.12156453499999997,0.04040550500000001,-0.202347045,0.036734425000000015,-0.20609070499999999,0.022607655000000004,-0.011174055000000016,-0.022607655000000004,0.011174055000000016,0.05782460500000003,0.14783869500000002,-0.021704404999999982,0.21891639500000004,0.057066775000000014,0.281304625,-0.03170425499999996,0.308642595,0.023218000000000016,0.12231060000000005,0.016133430000000004,-0.043668180000000056,0.05010697999999997,0.13806087,0.03434837000000002,-0.08452617000000001,0.035216950000000025,0.15901275000000004,-0.0007578300000000149,0.13346592999999995,0.0009032500000000221,0.20774234000000003,-0.009999849999999977,0.08972619999999998,-0.04877499999999996,0.021364060000000018,-0.04521531000000001,0.022348110000000032,0.19199967596369166,0.22522313024328564
0.047588230000000065,-0.34584287,0.04483265000000003,-0.35726503000000004,0.03849451000000004,-0.36268336,0.018996780000000046,-0.35018906,-0.010123639999999934,-0.35663110000000003,0.0019349800000000306,-0.27923223,-0.04606720999999997,-0.2589928,0.026517910000000033,-0.15891193999999997,0.003850580000000048,-0.12185940000000006,0.050147980000000036,-0.20549480000000003,0.038929340000000034,-0.20591230000000005,0.02232447000000004,-0.010857899999999976,-0.022324469999999985,0.010857899999999976,0.058220710000000064,0.14832424999999994,-0.021801529999999958,0.21784009999999998,0.057361010000000046,0.28313725999999995,-0.03198348999999995,0.3091712,0.024582930000000003,0.12032029000000005,0.023630070000000003,-0.04658286000000006,0.04991779000000002,0.13713339999999996,0.03507875999999999,-0.08405289999999999,0.035896240000000024,0.1591821499999999,-0.0008597000000000188,0.13481301,0.0005229400000000273,0.2069822,-0.01018195999999999,0.0913311,-0.04800219,0.020239430000000003,-0.044648940000000026,0.021715799999999952,0.1966155399512717,0.22525840461025226
0.04757081499999999,-0.34288325,0.04551919500000001,-0.35448122,0.03856288499999999,-0.35969906999999995,0.020875715000000017,-0.34817794999999996,-0.009344234999999979,-0.35446464999999994,0.0034607850000000218,-0.27909418999999996,-0.045130685000000004,-0.25711750999999994,0.028700785000000006,-0.16259249999999992,0.004091375000000008,-0.11888374999999995,0.051697115000000016,-0.20186426999999996,0.039327345000000014,-0.19255858999999997,0.022370384999999993,-0.011139349999999992,-0.022370384999999993,0.011139349999999992,0.05840526500000004,0.14627281000000003,-0.02075464499999996,0.2172715500000001,0.057918835,0.28211489,-0.031490185000000004,0.31048885000000004,0.025239999999999985,0.11650169000000005,0.02299633000000001,-0.03927177000000004,0.04922206000000001,0.13823375999999998,0.035235970000000005,-0.07367484000000002,0.03603488000000005,0.15741216000000002,-0.00048643000000003767,0.13584207999999998,0.0016157400000000322,0.2061322000000001,-0.010735540000000043,0.09321729999999995,-0.048591470000000025,0.021976680000000026,-0.044740769999999985,0.022278699999999985,0.19296645356511916,0.2128366994843617
0.047865035,-0.34275700000000003,0.04613360500000002,-0.35445212000000004,0.03892442500000004,-0.35971411000000003,0.021836215000000048,-0.34847500000000003,-0.008948734999999985,-0.35499282000000004,0.004287335000000003,-0.2802207500000001,-0.04507738499999997,-0.25749775,0.030806865000000017,-0.16503475,0.00545722500000001,-0.11730095000000007,0.053164425000000015,-0.21190805000000007,0.04090592500000001,-0.19241485000000003,0.022654295000000046,-0.011364650000000087,-0.02265429499999999,0.011364649999999976,0.058318495000000026,0.14566574999999993,-0.021136434999999953,0.21895494999999998,0.058097714999999994,0.28260659,-0.03129500499999999,0.31019244999999995,0.026519530000000013,0.11518600000000007,0.02235756,-0.04687330000000006,0.05053460999999998,0.14019679999999995,0.0354487,-0.07511389999999996,0.03566419999999998,0.15703040000000001,-0.0002207800000000315,0.13694084000000006,0.0015178600000000375,0.2075903,-0.010158570000000033,0.09123749999999997,-0.04936471999999997,0.02272300000000005,-0.04530859000000004,0.022729300000000063,0.20285098795957807,0.21346190804613924
0.047819250000000035,-0.34050283,0.046485350000000036,-0.35254307,0.038940920000000045,-0.35802477,0.022963349999999993,-0.34743771,-0.00850890999999998,-0.35494504,0.004525450000000042,-0.27755973,-0.044082719999999964,-0.25896281,0.028320210000000012,-0.15325599999999995,0.006340349999999995,-0.11573456999999998,0.048947110000000016,-0.21383944,0.04217388,-0.19649111999999996,0.022512000000000032,-0.01061970000000001,-0.022511999999999976,0.01061970000000001,0.05783163000000002,0.14672702999999998,-0.022056649999999955,0.21912553,0.05818172000000005,0.28365303,-0.03166316999999996,0.30984473,0.02379475999999997,0.12430373000000006,0.020626900000000004,-0.060583440000000044,0.05042306999999996,0.14322824,0.03583353,-0.08075654999999998,0.03531962999999999,0.15734673,0.0003500900000000251,0.136926,0.000455350000000021,0.20850583,-0.009606520000000007,0.0907192,-0.048608170000000006,0.018596920000000017,-0.04502400000000001,0.02123940000000002,0.20493188567516693,0.21697731409630544
0.046740129999999935,-0.3372211500000001,0.04576786999999993,-0.3491479800000001,0.03843499999999994,-0.35500891000000007,0.022499869999999977,-0.3450771900000001,-0.008030780000000015,-0.35377816000000006,0.004401489999999952,-0.27764253000000005,-0.044832430000000034,-0.25848103000000006,0.030532869999999934,-0.15311456,0.006178369999999933,-0.11581953000000011,0.050577629999999985,-0.20074139000000008,0.04414601999999995,-0.19396959000000008,0.022577689999999984,-0.010751670000000102,-0.02257769000000004,0.010751669999999991,0.057272839999999936,0.14625036999999996,-0.02314158000000005,0.2192154999999999,0.05702684999999996,0.28348027,-0.03208090000000002,0.30937956999999994,0.026131379999999982,0.12452797000000004,0.02004476000000005,-0.047626830000000064,0.05101079999999997,0.14266149999999994,0.03796765000000002,-0.07815005999999997,0.03469514999999995,0.15700204000000006,-0.00024598999999997373,0.13722990000000002,-0.0005638900000000113,0.2084638299999999,-0.008939319999999973,0.09016407000000004,-0.04923391999999999,0.019161499999999998,-0.04515538000000002,0.021503340000000093,0.19204189737055294,0.2153203375720736
0.04696422,-0.3290367999999999,0.04695513000000001,-0.3395211699999999,0.04070123000000003,-0.3478739899999999,0.02306124000000004,-0.3376238099999999,-0.004174659999999997,-0.3519969599999999,0.0019707000000000474,-0.2766384499999999,-0.044618999999999964,-0.2552955799999999,0.03742766000000003,-0.16661152999999995,0.004640540000000026,-0.11137412999999996,0.06257924000000004,-0.1940115699999999,0.04202556000000002,-0.19097242999999992,0.020837720000000004,-0.010384169999999915,-0.020837720000000004,0.010384170000000026,0.056265200000000015,0.15264323000000013,-0.022023269999999984,0.21580417000000007,0.05786090000000005,0.2926821700000001,-0.02759775999999997,0.3136604700000001,0.03545695999999998,0.11002691999999997,0.025151580000000007,-0.02740003999999996,0.04925953999999999,0.14392144999999995,0.03738501999999999,-0.07959829999999996,0.03542748000000001,0.16302740000000004,0.0015957000000000332,0.14003893999999995,-0.0011855499999999797,0.20542000000000005,-0.0055744899999999875,0.09785630000000001,-0.04658970000000001,0.021342870000000014,-0.04167544000000001,0.02076833999999994,0.18831191285383514,0.2109413955010215
0.04866914499999997,-0.3329368299999999,0.04715235499999998,-0.34448414999999993,0.04112015499999999,-0.3511867799999999,0.022213445,-0.3415108599999999,-0.0059508250000000484,-0.35215362999999994,0.002077264999999995,-0.27590873999999993,-0.044277535000000035,-0.25674637999999994,0.029894404999999957,-0.14669597999999995,0.007207284999999952,-0.11254147999999986,0.053031004999999964,-0.17905337999999993,0.04097826499999996,-0.1943857799999999,0.02145667499999998,-0.010781579999999957,-0.021456675000000036,0.010781580000000068,0.057894064999999995,0.14607489000000007,-0.022840395000000013,0.21734339000000014,0.05659515499999995,0.2838435200000001,-0.030673525000000035,0.3085768200000001,0.027817139999999962,0.12921275999999998,0.023136600000000007,-0.03235739999999998,0.05148481999999999,0.14420490000000008,0.033770980000000006,-0.08184430000000004,0.036437390000000014,0.15685647000000003,-0.001298910000000042,0.13776863000000006,-0.0013837199999999772,0.20656181000000007,-0.007833130000000021,0.09123342999999995,-0.04635480000000003,0.01916235999999999,-0.04291335000000002,0.021563160000000026,0.17120846062677186,0.21445691255395147
0.047144384999999955,-0.3303115099999999,0.04694370499999995,-0.3417235799999999,0.04031140499999997,-0.3493392799999999,0.023583384999999957,-0.3398283999999999,-0.005333115000000055,-0.3532891299999999,0.001846684999999959,-0.2759242799999999,-0.044479915000000037,-0.2578649799999999,0.029978914999999995,-0.14664847999999997,0.006227624999999959,-0.11254232999999991,0.052330324999999955,-0.17204904999999993,0.04021654499999999,-0.19181567999999993,0.021207884999999982,-0.010625779999999918,-0.021207885000000037,0.010625780000000029,0.05743471499999997,0.14535412000000003,-0.023301085000000055,0.2169132800000001,0.055897634999999946,0.2827396200000001,-0.030626915000000032,0.3077660200000001,0.028132230000000036,0.12927579999999994,0.02235140999999996,-0.025400569999999956,0.050707539999999995,0.14532265,0.033988920000000034,-0.07927335000000002,0.03622682999999999,0.15597989999999995,-0.001537080000000024,0.13738550000000005,-0.0020932000000000173,0.20628750000000007,-0.007325829999999978,0.09085273999999999,-0.046326599999999996,0.0180593,-0.04241577000000002,0.021251559999999947,0.1643961020494297,0.21155496999067758
0.049945335000000035,-0.3292157600000001,0.04953048500000001,-0.34101733000000006,0.04231811499999999,-0.3485700400000001,0.026058835000000002,-0.33956488000000007,-0.004768775000000003,-0.35271134000000004,0.003035915,-0.27341824000000003,-0.04299198500000001,-0.2578682500000001,0.03047598500000004,-0.13379070000000004,0.006733665,-0.11204870000000011,0.06673194500000001,-0.15098887000000005,0.040592565000000025,-0.19819903000000005,0.020965915,-0.01030400000000009,-0.020965915,0.01030399999999998,0.05862688500000002,0.14646669999999995,-0.022575244999999966,0.2154218,0.055933785000000014,0.28224487,-0.029355094999999998,0.30650979999999994,0.02744007000000004,0.13962754,0.036255959999999976,-0.017198170000000013,0.04972565000000001,0.14581954999999996,0.033858900000000025,-0.08615032999999994,0.037660970000000016,0.15677070000000004,-0.002693100000000004,0.13577817000000003,-0.0016093299999999644,0.20511780000000002,-0.006779850000000032,0.09108799999999995,-0.04602790000000001,0.015549989999999958,-0.04193183,0.02060800000000007,0.1479417525544354,0.21740045993302617
0.04966221999999998,-0.32538082999999995,0.049483469999999974,-0.33666758999999996,0.04307503999999995,-0.34520166999999996,0.025625629999999955,-0.3358022499999999,-0.0030816300000000574,-0.35135554999999996,0.0020593599999999546,-0.27300004999999994,-0.04357616000000003,-0.25789298999999993,0.028985219999999978,-0.14017101999999992,0.006024879999999955,-0.11106397999999995,0.05373076999999998,-0.17516990999999993,0.04045633999999998,-0.19762354999999993,0.020938469999999987,-0.010165349999999962,-0.020938470000000042,0.010165350000000073,0.05791739999999995,0.1456312500000001,-0.022805670000000056,0.21590421000000004,0.055105939999999964,0.28325745,-0.029661800000000016,0.30684105000000006,0.026925860000000024,0.13282903000000001,0.024745550000000005,-0.034998890000000005,0.049601039999999985,0.14682900999999998,0.034431460000000025,-0.08655956999999997,0.036978929999999965,0.15579660000000006,-0.002811459999999988,0.13762619999999992,-0.0018672000000000133,0.20573885999999997,-0.00685612999999996,0.09093684000000002,-0.045635519999999985,0.015107060000000005,-0.04187694000000003,0.020330700000000035,0.16823150644300724,0.21666921714481294
0.04994150999999997,-0.323444175,0.050323779999999985,-0.335108435,0.04318582999999998,-0.343598135,0.027180789999999955,-0.33529849500000003,-0.0031506500000000326,-0.350758135,0.00250729999999999,-0.274096895,-0.04341965000000003,-0.257469585,0.026875700000000002,-0.143388375,0.005855200000000005,-0.11054743499999997,0.045643619999999996,-0.18345393499999996,0.039973429999999976,-0.199466215,0.021132170000000006,-0.01061366500000005,-0.021132170000000006,0.01061366500000005,0.058033100000000004,0.14345820499999995,-0.022663980000000028,0.21707220500000002,0.05460798,0.281026965,-0.02966053000000002,0.306069865,0.024368400000000012,0.13070852,0.018767919999999993,-0.040065559999999945,0.04927485000000004,0.14692215000000003,0.03411822999999997,-0.08891878000000003,0.03690093,0.15407187,-0.0034251200000000037,0.13756876000000007,-0.0015318100000000223,0.20645853999999997,-0.00699654999999999,0.08899765999999998,-0.04592695000000002,0.016627310000000006,-0.04226434000000001,0.0212273300000001,0.17456967123408168,0.21878631203111043
0.052689299999999994,-0.32064856,0.05334939,-0.33178324000000003,0.04577622999999997,-0.34093062,0.030728319999999976,-0.33271725,0.0017215700000000056,-0.35043747000000003,0.00562714999999997,-0.27408845000000004,-0.04255791000000003,-0.2586968,0.03262368999999998,-0.14814645999999998,0.0052949299999999755,-0.10968670000000003,0.059172049999999976,-0.18326176000000005,0.04129434999999998,-0.19875557,0.0214182,-0.011421699999999979,-0.0214182,0.011421699999999979,0.05970953000000001,0.14274763000000001,-0.016636629999999986,0.21518205999999995,0.05572412999999998,0.28043174000000004,-0.02503662000000001,0.3055635,0.026996540000000013,0.12594199000000006,0.026548359999999993,-0.03511530000000007,0.04785284000000001,0.14901009999999998,0.035999420000000004,-0.08906886999999997,0.03829133000000001,0.15416933,-0.003985400000000028,0.13768411000000003,0.004781570000000013,0.20376035999999997,-0.008399990000000024,0.09038144000000004,-0.04818506,0.015391650000000034,-0.0428364,0.022843399999999958,0.17593851031148958,0.21933387506756769
0.05349953000000002,-0.31895057999999993,0.05444129000000003,-0.33011749999999995,0.046744600000000025,-0.3396253699999999,0.03222780000000003,-0.3314029699999999,0.002847299999999997,-0.3502876299999999,0.0065934200000000165,-0.27234289999999994,-0.04207440000000001,-0.25921122999999996,0.03569944000000003,-0.14617965999999993,0.004703740000000012,-0.10811069999999989,0.06958276000000002,-0.1867097499999999,0.04179288000000003,-0.19251642999999996,0.021399900000000027,-0.010927199999999915,-0.02139989999999997,0.010927200000000026,0.05934956000000002,0.14367516000000002,-0.016999039999999965,0.21460170000000012,0.054939459999999996,0.2827991000000001,-0.02506579999999997,0.30585970000000007,0.02910602000000001,0.12616324,0.033883319999999995,-0.04053008999999996,0.046778140000000024,0.15110053000000007,0.03708914000000002,-0.08440573000000007,0.037949659999999996,0.15460235999999994,-0.004410100000000028,0.13912394000000006,0.004400860000000006,0.2036745000000001,-0.008066760000000006,0.09125799999999995,-0.04866782000000003,0.013131669999999984,-0.0427998,0.02185439999999994,0.1822665435078037,0.21303201175341066
0.05541215000000005,-0.31929903000000004,0.05642630000000004,-0.33101721,0.04793228000000005,-0.33991755,0.03492482000000002,-0.33240791000000003,0.0033844300000000493,-0.34992950000000006,0.00911869000000004,-0.27102063000000004,-0.04064662999999996,-0.25855912000000003,0.039552610000000044,-0.14055088999999998,0.004368530000000037,-0.10780265,0.08411361,-0.16247065000000005,0.04397545000000003,-0.18182715000000005,0.021493350000000022,-0.010884349999999987,-0.021493349999999967,0.010884349999999987,0.059743250000000026,0.14186378,-0.01551034999999995,0.21200551,0.05548508000000002,0.2822981499999999,-0.024173869999999986,0.30624134999999997,0.030433920000000003,0.13046974000000006,0.04456099999999996,-0.021919760000000066,0.04501516,0.15075647000000003,0.03960691999999999,-0.07402450000000005,0.0382499,0.15274812999999998,-0.0042581700000000056,0.14043436999999992,0.005983000000000016,0.20112116000000002,-0.008663520000000036,0.09423583999999996,-0.04976532,0.012461510000000009,-0.04298669999999999,0.021768699999999974,0.16401129019112562,0.2035285876865705
0.057687189999999944,-0.32113822000000003,0.05875589999999997,-0.3329535,0.04976284999999997,-0.34122254,0.03728117999999997,-0.33369180000000004,0.004795219999999989,-0.3505261,0.011212149999999976,-0.27299906,-0.040998910000000055,-0.26076786,0.036904719999999946,-0.13634420000000003,0.005196349999999961,-0.10941312999999997,0.08597331999999996,-0.16011904,0.04684840999999995,-0.18913380000000002,0.022474249999999973,-0.011235400000000006,-0.02247425000000003,0.011235400000000006,0.06097876999999996,0.14016039999999996,-0.01176852000000006,0.21117580000000002,0.051831749999999954,0.28324622999999993,-0.01983702000000004,0.3051271,0.02569256999999997,0.13665486,0.04906860000000002,-0.023774839999999964,0.046195260000000016,0.15135473000000005,0.04165205999999999,-0.07972067000000005,0.03850451999999999,0.15139579999999997,-0.009147020000000006,0.14308582999999997,0.010705729999999969,0.19994040000000002,-0.008068499999999978,0.09395129999999996,-0.05221106000000003,0.012231199999999998,-0.0449485,0.022470800000000013,0.16185941477255653,0.21202228066435758
-0.015079627500000001,-0.18136907500000005,-0.015079627500000001,-0.19049981500000007,-0.014886112090000002,-0.1901126150000001,-0.0077482685000000015,-0.18368668500000007,0.006308772499999997,-0.18408964500000008,0.010676677499999999,-0.13793898500000007,0.004308979499999997,-0.1465539150000001,-0.015079627500000001,-0.08164967500000009,-0.015079627500000001,-0.09599991500000005,-0.015079627500000001,-0.09382921500000008,-0.015079627500000001,-0.07498631500000008,0.0029977054999999996,0.003085684999999949,-0.0029977055000000013,-0.00308568500000006,-0.009697670800000002,0.03708658499999995,-0.015079627500000001,0.034760384999999894,-0.015079627500000001,0.14441351499999988,-0.007137727500000001,0.13849548499999997,-0.025756305,0.05628930999999998,0.0,-0.012179539999999989,-0.019388607,0.05055400000000004,0.0,0.021013599999999966,-0.012695376300000002,0.0340009,-0.0053819567,0.10732692999999993,-0.012081922,0.037846069999999954,0.0079419,0.10373510000000008,-0.0063676980000000015,-0.00861493000000002,-0.005995411000000001,-0.006171370000000009,0.0985864484115484,0.0729086650104841
0.055574489999999976,-0.31953907,0.05639788999999995,-0.33080417,0.04867599,-0.3402369,0.03417208999999999,-0.33185121,0.004784069999999974,-0.35056043000000003,0.00764395999999995,-0.27055502,-0.04043157000000003,-0.25983319,0.03625128999999999,-0.14233428000000004,0.003622130000000001,-0.10761969999999998,0.07792338999999998,-0.18292111,0.04793070999999999,-0.18482935,0.020992829999999962,-0.010446610000000023,-0.020992830000000018,0.010446610000000023,0.05951995999999998,0.14304328,-0.012967660000000047,0.21074625000000002,0.05464185999999999,0.28312395,-0.02350707000000002,0.30651635,0.028607330000000042,0.12822073999999994,0.04167209999999999,-0.04058682999999996,0.04405370000000003,0.15221349,0.044308579999999986,-0.07720965000000002,0.03852713000000002,0.15348989000000002,-0.004878099999999996,0.14008067000000002,0.00802516999999997,0.20029964,-0.010539409999999971,0.09577009999999997,-0.04807552999999998,0.010721829999999988,-0.04198565999999998,0.020893220000000046,0.18162748088371317,0.20708248337330032
0.05579329500000002,-0.3223472,0.05644966499999998,-0.33374571999999997,0.04856849499999999,-0.3425828,0.03433881500000002,-0.33408414999999997,0.004537475000000013,-0.35125282,0.00979418500000001,-0.27170926,-0.041292785,-0.25933826,0.040143235,-0.14389240000000003,0.001686555000000034,-0.10769045,0.08370305500000003,-0.1642304,0.04901887500000002,-0.16907850000000002,0.021849885000000013,-0.010732300000000028,-0.021849885000000013,0.010732300000000028,0.05962721500000001,0.14117044,-0.013242185000000017,0.20936054000000004,0.05427147500000001,0.28169935999999995,-0.023825384999999977,0.3055622,0.03034904999999999,0.12781685999999998,0.04355982000000003,-0.020337999999999967,0.04297934000000003,0.15164781,0.04733231999999998,-0.06138805000000003,0.03777733,0.15190274000000004,-0.005355739999999998,0.14052891999999995,0.008607699999999996,0.19862824,-0.01058319999999996,0.09620165999999997,-0.05108697000000001,0.012371000000000021,-0.04369977000000003,0.021464600000000056,0.16549163526492477,0.19327261818627495
0.05583616999999996,-0.32299877000000005,0.056430939999999985,-0.33405409,0.04914628999999998,-0.34356157000000004,0.03329061999999999,-0.33512142,0.004580739999999972,-0.35336504,0.006558950000000008,-0.27726129000000005,-0.04231292000000003,-0.25930902,0.03951277999999997,-0.16202468000000003,0.0017570899999999612,-0.10555411999999997,0.08206855999999996,-0.19028646000000005,0.05056378,-0.17599226,0.021128449999999965,-0.011849520000000058,-0.02112845000000002,0.011849519999999947,0.058358419999999966,0.14188477999999993,-0.012489179999999989,0.21260172,0.05387177999999998,0.28082608,-0.02556014000000001,0.30528658,0.03295382999999996,0.11523661000000002,0.04255577999999999,-0.028261780000000014,0.04407000999999999,0.15375490000000003,0.04880669000000004,-0.07043814000000004,0.03722997,0.1537343,-0.004486639999999986,0.13894130000000005,0.008639270000000032,0.20075220000000005,-0.01307096000000002,0.09268485999999998,-0.04887187000000004,0.017952270000000048,-0.042256899999999986,0.023699040000000005,0.18855619470962948,0.2010579771009877
0.056530910000000045,-0.32239261999999996,0.057051180000000035,-0.3325046099999999,0.05076788000000004,-0.34268278999999996,0.03247569000000006,-0.33387062999999995,0.0057255200000000395,-0.3530919899999999,0.0029314000000000284,-0.28132584999999993,-0.04302949999999994,-0.2577483099999999,0.02663405000000002,-0.18055889999999997,0.002990560000000031,-0.10452214999999998,0.046583220000000036,-0.21629254999999992,0.05246628000000003,-0.17553130999999988,0.02068456000000002,-0.012844849999999908,-0.020684559999999963,0.012844850000000019,0.059445680000000056,0.14168445000000007,-0.011061799999999955,0.21439235,0.054638180000000036,0.2813640500000001,-0.024268999999999985,0.30716165000000006,0.023702649999999992,0.10076694999999997,0.019949170000000016,-0.03573364999999995,0.046020059999999974,0.15322615999999994,0.04947572,-0.0710091599999999,0.03876112000000004,0.15452929999999998,-0.00480750000000002,0.13967960000000001,0.009622760000000008,0.2015475,-0.01320720000000003,0.09276930000000005,-0.04596089999999997,0.023577540000000008,-0.04136911999999998,0.025689699999999926,0.2050895102756004,0.20208073398780788
0.05502892000000004,-0.3230726499999999,0.055861720000000004,-0.3335473499999999,0.05018396000000003,-0.3431300199999999,0.031528480000000025,-0.33498064999999994,0.0050141300000000055,-0.35308044999999993,0.0015489200000000092,-0.28101916999999993,-0.04091829999999996,-0.2575393299999999,0.025463020000000003,-0.17347599999999996,0.0038952999999999904,-0.10346259999999996,0.048985,-0.1980872999999999,0.05105204000000002,-0.16879637999999986,0.01949820000000002,-0.011439549999999965,-0.019498199999999966,0.011439550000000076,0.05757714000000003,0.14516190000000007,-0.01730334,0.21422815000000006,0.05507603999999999,0.28572145000000004,-0.027886199999999972,0.3087319500000001,0.023914099999999994,0.10754316999999997,0.023521979999999998,-0.024611299999999947,0.044813599999999953,0.15407672999999994,0.04715674000000003,-0.0653337799999999,0.038078940000000006,0.15660145000000003,-0.002501100000000034,0.14055954999999998,0.002194859999999965,0.20278859999999999,-0.010582859999999972,0.09450380000000003,-0.04246721999999997,0.02347984000000003,-0.03899639999999999,0.02287910000000004,0.18896257289289453,0.1935518711535036
0.05710730999999997,-0.3259362599999999,0.057411290000000004,-0.3361785199999999,0.05144788,-0.34638825999999995,0.03272423999999996,-0.33707581999999997,0.007099880000000003,-0.3566881499999999,0.004259719999999967,-0.28088373999999994,-0.04230218000000002,-0.26152971999999997,0.029193659999999955,-0.16717815999999996,0.0025329099999999993,-0.10658481999999991,0.054911759999999976,-0.18826937999999993,0.05407778999999996,-0.17355661999999994,0.020740559999999963,-0.012000319999999953,-0.02074056000000002,0.012000320000000064,0.06021576000000001,0.14506894000000004,-0.010532580000000014,0.21398663000000007,0.05597626,0.28271098000000006,-0.023220200000000024,0.30623328000000005,0.024933939999999988,0.11370557999999997,0.02571810000000002,-0.021091219999999966,0.04483509000000002,0.15494490000000005,0.05154487999999996,-0.06697180000000003,0.039475200000000044,0.15706926,-0.004239500000000007,0.13764204000000002,0.010207980000000005,0.20198631,-0.01268762000000001,0.09224664999999999,-0.04656189999999999,0.019354019999999972,-0.04148111999999998,0.024000640000000018,0.17955069596836318,0.2000728954128622
0.05821796000000001,-0.331432,0.05997406999999999,-0.34320999999999996,0.05400695999999999,-0.35185634,0.036137719999999984,-0.34178833999999997,0.011685119999999993,-0.359556,0.004393990000000014,-0.28118093,-0.032613879999999984,-0.26310475,0.029361950000000026,-0.16133096999999996,0.005363920000000022,-0.11121636999999995,0.053217159999999986,-0.18395231999999995,0.05560989999999999,-0.17189113999999994,0.017510420000000027,-0.009863869999999997,-0.017510420000000027,0.009863869999999997,0.060901539999999976,0.14220202999999998,-0.010145340000000003,0.20687463000000006,0.05973677999999999,0.28727628000000005,-0.017280940000000022,0.30211933,0.02496796000000001,0.11984996000000003,0.02385520999999996,-0.022621349999999985,0.037977800000000006,0.15188838000000005,0.05024597999999997,-0.06067476999999999,0.04339111999999995,0.15206589999999998,-0.001164759999999987,0.14507425000000007,0.007365080000000024,0.19701076000000006,-0.00713560000000002,0.09524469999999996,-0.03700787,0.018076179999999997,-0.03502084000000005,0.019727739999999994,0.17771257610205893,0.19591188033654947
0.05835578500000005,-0.332967355,0.058980325000000056,-0.344179045,0.05468688500000002,-0.352693095,0.03348452500000004,-0.341937025,0.01271159500000002,-0.35915045500000004,0.005010525000000043,-0.282481855,-0.03404323499999995,-0.261998575,0.038039265000000044,-0.16494608500000008,0.00540236500000002,-0.10838557500000001,0.06462488500000002,-0.18339092499999998,0.056406365000000014,-0.16829232500000002,0.01807553500000003,-0.01040537500000005,-0.018075534999999976,0.010405374999999939,0.060524085000000005,0.14134647499999997,-0.011571534999999966,0.20854827499999995,0.060522465000000025,0.28654587499999995,-0.018200534999999962,0.302557875,0.03302874,0.11753576999999993,0.026585619999999976,-0.018444839999999907,0.03944559999999997,0.153613,0.051003999999999994,-0.05990675000000001,0.042448549999999974,0.15175185000000002,-1.6199999999799708e-06,0.14519939999999998,0.00650400000000001,0.1981429,-0.006628999999999996,0.09400960000000003,-0.03905375999999999,0.020483279999999993,-0.03615107000000001,0.02081074999999999,0.1791391707422611,0.19359860901592238
0.057966854999999984,-0.33544265000000006,0.05812665500000003,-0.34634283000000005,0.054472505000000004,-0.35475379000000007,0.03205722500000002,-0.34278551000000007,0.013167645000000006,-0.3597183500000001,0.005167485000000027,-0.28225037000000003,-0.034501194999999985,-0.26212265000000007,0.03779640500000003,-0.16484410000000005,0.004230485000000006,-0.10877699000000007,0.060900745000000034,-0.18301745000000003,0.056787385000000024,-0.16889065000000003,0.01830601500000001,-0.01026452,-0.01830601500000001,0.01026452,0.060190085000000004,0.1421922499999999,-0.011533795000000013,0.20827425,0.06041762500000003,0.2870362999999999,-0.018367234999999982,0.30258434999999995,0.032628920000000006,0.11740626999999998,0.02310434,-0.018173349999999977,0.03873167999999999,0.15334566,0.05255690000000002,-0.06011365999999996,0.041884069999999995,0.1524567699999999,0.00022754000000002605,0.14484405,0.0067722199999999955,0.19800973,-0.006833439999999968,0.09431009999999995,-0.03966868000000001,0.02012771999999996,-0.03661203000000002,0.02052904,0.17792663051763166,0.1942565151064152
0.05731299000000001,-0.33696813000000003,0.05715659000000001,-0.34750050000000005,0.054163989999999995,-0.35619415000000004,0.03043638999999998,-0.34348134,0.013189390000000023,-0.36105565,0.0044505899999999765,-0.28307010000000005,-0.03571363999999999,-0.26298780000000005,0.04243638999999999,-0.1674757,0.003388789999999975,-0.1083748,0.07394448999999997,-0.19034384000000004,0.05785319,-0.17078930000000003,0.018211389999999994,-0.01036349999999997,-0.018211389999999994,0.01036349999999997,0.05991374999999999,0.14184109999999994,-0.011471659999999995,0.2078312,0.05995303000000002,0.28562405,-0.017745379999999977,0.3025979,0.037985800000000014,0.11559440000000004,0.03150809999999998,-0.022868140000000037,0.039102429999999966,0.15461300000000006,0.054464400000000024,-0.06241450000000004,0.041702359999999994,0.1522045999999999,3.92800000000304e-05,0.14378295000000008,0.006739729999999999,0.19746770000000002,-0.006273719999999983,0.09476669999999998,-0.04016422999999997,0.020082299999999997,-0.03642277999999999,0.02072699999999994,0.1884120516902399,0.19647431709619556
0.05767826499999995,-0.33907319999999996,0.05710090499999998,-0.34901072999999994,0.05493880499999998,-0.35811077999999996,0.02964840499999999,-0.34422780999999997,0.014135134999999965,-0.36255048999999995,0.0064335049999999505,-0.28505476999999996,-0.037348255,-0.26286520999999996,0.055822025,-0.17812238999999996,0.002755165000000004,-0.10803310999999993,0.09014656499999996,-0.19538270999999996,0.060286464999999956,-0.16685315,0.018914984999999995,-0.010735949999999939,-0.018914984999999995,0.01073595000000005,0.059817364999999956,0.14218935,-0.009314635000000016,0.2078020100000001,0.06030870499999996,0.28579685,-0.016928365,0.30339665000000005,0.04938852000000005,0.10693238,0.03432453999999996,-0.017260319999999996,0.04010342,0.15483210000000003,0.05753129999999995,-0.05882004000000007,0.04090237999999996,0.15292529999999993,0.0004913400000000068,0.1436075,0.00960034999999998,0.19706606000000004,-0.007613729999999985,0.09559463999999995,-0.04378175999999995,0.022189559999999997,-0.03782996999999999,0.021471899999999988,0.19790998956039083,0.1944498858855734
0.05530702000000004,-0.34056005500000003,0.05510851,-0.35013541500000006,0.05321091,-0.36017567500000003,0.02767854000000003,-0.34573576500000003,0.01272666,-0.366329465,0.003309720000000016,-0.28778753500000004,-0.03956118999999997,-0.26482681500000005,0.05074198000000002,-0.18372251500000003,0.0010329800000000167,-0.10868061500000004,0.07601341,-0.19774161500000004,0.05948516000000004,-0.17054301500000002,0.018601020000000024,-0.01089351500000002,-0.018601019999999968,0.01089351499999991,0.05925196000000005,0.14184288499999997,-0.010310390000000003,0.207106385,0.05934733000000003,0.2843444249999999,-0.018125659999999988,0.30287968499999995,0.047432260000000004,0.10406502000000001,0.025271429999999984,-0.014019100000000007,0.040594169999999985,0.1561462,0.05845218000000002,-0.061862399999999984,0.040650940000000024,0.1527364,9.536999999998352e-05,0.14250153999999993,0.008290629999999966,0.1962128700000001,-0.007815269999999985,0.09577329999999995,-0.042870909999999984,0.02296071999999999,-0.03720203999999999,0.02178702999999993,0.19546967795318562,0.19752636767133971
0.05478428499999999,-0.3416524550000001,0.05443389500000001,-0.3508131450000001,0.053236375,-0.3611469550000001,0.026634254999999996,-0.34614361500000007,0.013807224999999979,-0.3673709650000001,0.003787655000000001,-0.2896725550000001,-0.040261495000000036,-0.2648463850000001,0.05794618499999998,-0.19426616500000005,-0.0005273450000000124,-0.10807666500000013,0.086452735,-0.2109704850000001,0.05954105500000001,-0.16934475500000012,0.018623995000000004,-0.011194615000000074,-0.018623995000000004,0.011194614999999963,0.059219014999999986,0.14175722499999988,-0.009116645000000034,0.20675733499999993,0.059833694999999965,0.28297785499999994,-0.017538245000000008,0.3027255849999999,0.05415852999999998,0.09540639000000006,0.02850655000000002,-0.01670432000000005,0.039734150000000024,0.15676971999999995,0.06006840000000002,-0.06126809,0.04059501999999998,0.15295183999999995,0.0006146799999999786,0.14122063000000007,0.00950734999999997,0.19556271999999997,-0.008421599999999974,0.09596824999999998,-0.04404915000000004,0.024826170000000036,-0.03724799000000001,0.022389230000000038,0.21097662478162008,0.1967339298684887
0.05077324500000002,-0.34348315500000004,0.048266215,-0.35113272500000003,0.048755765000000006,-0.361677495,0.01839316499999999,-0.346880425,0.00832854500000002,-0.367461225,0.000634464999999973,-0.292779805,-0.04955290499999998,-0.268095525,0.051865145,-0.19305882500000004,-0.004849714999999977,-0.110065525,0.08033551500000002,-0.198836825,0.05583782500000001,-0.17111799500000002,0.02091188500000002,-0.01155647500000001,-0.02091188500000002,0.01155647500000001,0.057373485,0.14629837499999998,-0.012589885000000023,0.207325875,0.05654521499999998,0.285994875,-0.024713554999999998,0.303616075,0.05123068000000003,0.09972097999999996,0.028470370000000023,-0.00577799999999995,0.044703190000000004,0.15803,0.060687539999999984,-0.061052470000000025,0.03646159999999998,0.15785485,-0.0008282700000000198,0.1396965,0.008321999999999996,0.19576939999999998,-0.012123669999999975,0.09629019999999999,-0.05018736999999995,0.024684280000000003,-0.04182377000000004,0.02311295000000002,0.19648179889877687,0.19814257486684939
0.05320317499999999,-0.3440299,0.051620675000000005,-0.35365969999999997,0.05134372500000001,-0.36251635,0.023344494999999965,-0.35013439999999996,0.012300894999999978,-0.36868195,0.0020214450000000106,-0.29232392999999995,-0.04277859500000003,-0.26577012,0.05200095499999996,-0.19248529999999997,-0.004451674999999988,-0.10834860000000002,0.078284725,-0.19779236,0.061361355000000006,-0.175149,0.01894227500000001,-0.011341900000000016,-0.01894227500000001,0.011341900000000016,0.06262782499999997,0.14440560000000002,-0.00848691500000004,0.19964250000000006,0.061540975,0.29091816000000004,-0.015586305000000023,0.3036189,0.04997950999999995,0.09983862999999998,0.02628377000000004,-0.00530706000000003,0.03832692000000004,0.15742151999999998,0.06581303,-0.06680039999999998,0.04368554999999996,0.15574750000000004,-0.0010868499999999726,0.14651256000000001,0.010455359999999969,0.18830060000000004,-0.007099389999999983,0.10397639999999997,-0.04480004000000004,0.026553809999999956,-0.03788455000000002,0.02268380000000003,0.1956662985958852,0.20304563224552974
0.05203260999999998,-0.34517745,0.0504887,-0.3548971,0.05028968,-0.36401213,0.022338140000000006,-0.3516265,0.01126104,-0.37081707,0.001059460000000012,-0.29252556,-0.04443822000000003,-0.26678214,0.05129441000000001,-0.19267809999999996,-0.007606039999999981,-0.10796260000000002,0.07964719999999997,-0.20455015,0.06073407999999997,-0.17533186,0.01898561999999998,-0.011464299999999983,-0.01898561999999998,0.011464299999999983,0.06278877999999999,0.14385150000000002,-0.009415160000000034,0.20048520000000003,0.06078568000000001,0.288447,-0.01569469000000001,0.3031235,0.05023495,0.09984746000000005,0.02835278999999996,-0.011872050000000023,0.03683218000000005,0.15881953999999998,0.06834011999999995,-0.06736925999999999,0.04380316000000001,0.1553158,-0.00200309999999998,0.1445955,0.009570459999999947,0.18902090000000005,-0.006279529999999978,0.10263829999999996,-0.04549768000000004,0.025743420000000017,-0.03797123999999996,0.022928599999999966,0.2023906439495633,0.20309612492323822
0.04716836499999999,-0.345576645,0.04469012499999997,-0.353956305,0.04491718499999997,-0.363700385,0.015336744999999985,-0.349770845,0.0048500449999999695,-0.368800635,-0.0022165050000000353,-0.292315465,-0.05252071500000005,-0.266625285,0.043398084999999975,-0.18999460499999998,-0.01079798500000001,-0.10591450499999999,0.07188148499999997,-0.20652336500000001,0.059020324999999985,-0.17484086499999996,0.020815384999999964,-0.012050065000000054,-0.02081538500000002,0.012050064999999943,0.057071404999999964,0.149257235,-0.013689175000000053,0.20981123499999998,0.05595798499999999,0.287989735,-0.023927465000000037,0.305238935,0.04561459000000001,0.10232086000000001,0.028483399999999992,-0.01652876000000003,0.04172273000000004,0.16071078,0.06981831,-0.06892635999999996,0.03625602,0.16130730000000004,-0.001113419999999976,0.13873250000000004,0.007126209999999966,0.19776117000000004,-0.010238289999999983,0.0954277,-0.050304210000000016,0.025690180000000007,-0.041630769999999984,0.024100129999999997,0.20106618557604355,0.20322883729301058
0.046228364999999993,-0.34611660000000005,0.043502244999999995,-0.35482070000000004,0.043888764999999996,-0.36435568,0.014160315000000034,-0.35090720000000003,0.00394834500000002,-0.36952415000000005,-0.002301294999999981,-0.29148236000000005,-0.05360045499999999,-0.26741675000000004,0.04345141499999999,-0.18411756,-0.013966254999999983,-0.10629684000000006,0.072781245,-0.20361003000000005,0.058364105,-0.17614980000000002,0.021077705000000002,-0.011938800000000027,-0.021077705000000002,0.011938799999999916,0.05678097500000001,0.14958929999999993,-0.015476555000000003,0.21136707,0.05521766500000003,0.2890737,-0.025692924999999978,0.30531149999999996,0.045752709999999974,0.10736480000000004,0.02932983,-0.01949247000000004,0.03963420000000001,0.16111990999999998,0.07233035999999998,-0.06985295999999996,0.03570327000000001,0.16152809999999995,-0.0015633099999999844,0.13948440000000006,0.005601149999999999,0.19942827000000007,-0.010216369999999975,0.09394442999999997,-0.05129916000000001,0.024065610000000015,-0.042155410000000004,0.023877599999999943,0.1985223323917098,0.20417718439148894
0.04336846500000002,-0.34768161999999997,0.040504865,-0.35666062,0.041104244999999984,-0.36597612,0.011258665000000001,-0.35319834,0.001574534999999988,-0.37147634,-0.0046258750000000015,-0.2922297,-0.055706334999999996,-0.26829569,0.040354804999999994,-0.18118895999999995,-0.017158404999999988,-0.10557552000000003,0.06991799500000001,-0.20148038000000001,0.058376445,-0.17825057,0.020908815000000025,-0.012085420000000013,-0.02090881499999997,0.012085420000000013,0.05610766500000003,0.14891127999999998,-0.017053794999999983,0.21106018000000004,0.053995895000000016,0.28837898000000006,-0.02687413500000002,0.30479358,0.044980679999999995,0.11104074000000003,0.029563190000000017,-0.02029142000000006,0.03854793000000001,0.16272016999999994,0.07553484999999999,-0.07267504999999996,0.035198850000000004,0.1609967,-0.002111770000000013,0.13946770000000008,0.003855019999999987,0.19897476000000003,-0.009820340000000038,0.09373339999999997,-0.051080459999999994,0.023934010000000006,-0.041817629999999995,0.024170840000000027,0.1956332042309638,0.2061890917157057
0.043134035000000015,-0.34775254,0.039710175000000014,-0.35694046,0.04071795500000003,-0.36588374,0.010122505000000004,-0.35370323,0.0007562950000000179,-0.37099901,-0.006216554999999957,-0.29064926,-0.05564602499999999,-0.26686618,0.03825157500000004,-0.17948216000000006,-0.02040737499999995,-0.10497701000000004,0.07045584500000002,-0.20145953,0.06046771500000003,-0.17873989999999995,0.020130455000000047,-0.012180210000000025,-0.02013045499999999,0.012180210000000025,0.054551605,0.14725644000000004,-0.016969595000000004,0.20907354,0.052507545000000044,0.28805429000000005,-0.02965902499999995,0.30540824,0.044468129999999995,0.11116709999999996,0.03220426999999998,-0.02197736999999994,0.03523865000000004,0.16188916999999997,0.08087508999999998,-0.07376288999999991,0.034421149999999956,0.15943665000000007,-0.0020440599999999587,0.14079785,0.0031608599999999876,0.19689332999999998,-0.012689429999999946,0.0963347,-0.04942947000000003,0.023783080000000012,-0.04026091000000004,0.02436042000000005,0.19585531868783773,0.2072355022908985
0.04188416999999994,-0.35006668,0.03888855999999996,-0.3595535,0.03926611999999996,-0.36847262000000003,0.010051059999999945,-0.35635264000000005,-0.0008823100000000528,-0.37372162000000003,-0.0063166200000000505,-0.2921984,-0.05725958000000003,-0.2678512,0.03853077999999999,-0.18070536000000004,-0.02254348000000006,-0.1048232,0.07058761999999996,-0.20106875000000002,0.06044978999999995,-0.17984710000000004,0.020537959999999966,-0.012347200000000003,-0.020537960000000022,0.012347200000000003,0.054824419999999985,0.14765746999999996,-0.017518240000000018,0.20921659999999997,0.05272249999999995,0.28748779999999996,-0.030044450000000056,0.30455679999999996,0.04484740000000004,0.11149303999999999,0.032056839999999975,-0.02036338999999998,0.03471609999999997,0.163028,0.08299327000000001,-0.07502390000000003,0.03428646000000002,0.16000466999999996,-0.002101920000000035,0.13983033,0.0030197200000000035,0.19686939999999997,-0.012526210000000038,0.09534019999999999,-0.05094295999999998,0.024347200000000013,-0.04107591999999999,0.024694400000000005,0.19524546576173826,0.20856093738414322
0.04072378500000001,-0.35031601,0.03780640499999999,-0.35925684999999996,0.03848895499999999,-0.368541,0.008913594999999996,-0.35576203,-0.0012146949999999879,-0.37399335,-0.007140294999999963,-0.29311591,-0.058471365,-0.26698448999999996,0.039966155,-0.18708988999999998,-0.02448446500000001,-0.10195374999999995,0.073437735,-0.20287778,0.05878062500000003,-0.17665624999999996,0.020414694999999983,-0.01249095,-0.020414694999999983,0.01249095,0.054191555,0.14965019000000002,-0.017034745000000018,0.20848611000000006,0.053019125,0.28880845,-0.029818944999999986,0.30611745,0.047106449999999966,0.10602602,0.03347158,-0.015787890000000027,0.03398689999999999,0.16503074,0.08326509000000004,-0.0747025,0.03377686000000002,0.16214114000000002,-0.001172430000000002,0.13915825999999998,0.003379949999999965,0.19599516000000006,-0.012784199999999968,0.09763133999999996,-0.051331070000000034,0.026131420000000016,-0.040829389999999965,0.0249819,0.19763245636355,0.20505746018553528
0.044750139999999994,-0.35472975,0.04242820000000003,-0.36505833000000004,0.042192359999999984,-0.37311677000000004,0.015469270000000035,-0.36135243000000006,0.003263550000000004,-0.37823979,-0.002191439999999989,-0.29314975000000004,-0.05165617,-0.26895500000000006,0.047386220000000034,-0.18923073,-0.024896099999999977,-0.10710419000000004,0.07975680000000002,-0.21248240000000002,0.06309624000000003,-0.18455513,0.01957920000000002,-0.011753569999999991,-0.019579199999999963,0.011753569999999991,0.06161483000000001,0.14252836999999996,-0.012476199999999993,0.19677767000000002,0.05810940000000003,0.28343957,-0.02170211999999999,0.30261616999999996,0.04957766000000002,0.10391902000000003,0.03237057999999998,-0.023251670000000002,0.026760070000000025,0.16185081,0.08799234,-0.07745093999999997,0.04203562999999999,0.15428193999999995,-0.003505429999999976,0.14091120000000001,0.0071029999999999704,0.18502410000000002,-0.009225919999999999,0.10583849999999995,-0.04946473000000001,0.024194749999999987,-0.03915839999999998,0.023507139999999982,0.20955525938264805,0.21300782632308043
0.043703309999999995,-0.3543075249999999,0.04210163999999994,-0.36501936499999993,0.04110387999999998,-0.3733986449999999,0.016279949999999987,-0.3622027249999999,0.0020627799999999863,-0.3800352249999999,-0.0030400000000000427,-0.2935189749999999,-0.05193464000000003,-0.2690940949999999,0.046881459999999986,-0.19169445499999993,-0.026457320000000006,-0.10681446499999991,0.08211602999999995,-0.21258808499999993,0.06395457999999998,-0.18368895499999993,0.019141419999999965,-0.011891974999999944,-0.01914142000000002,0.011891975000000055,0.06170932999999995,0.1439459150000001,-0.01206354000000004,0.19805937500000004,0.05820624999999996,0.2844381750000001,-0.02245372000000001,0.3032684750000001,0.04992146000000003,0.10182451999999997,0.035234569999999965,-0.020893629999999996,0.025477320000000026,0.16227963,0.09041189999999999,-0.07687449000000002,0.04256790999999999,0.15583789000000003,-0.0035030799999999918,0.14049226000000004,0.007077879999999981,0.18616739999999998,-0.010390179999999971,0.10520910000000006,-0.04889463999999999,0.024424879999999982,-0.038282839999999985,0.023783949999999998,0.21034431314819088,0.21250140092635833
0.03780762999999998,-0.35247684,0.035697449999999964,-0.36182529,0.03594143999999999,-0.37181592,0.008248709999999992,-0.35905476000000003,-0.003505840000000038,-0.37953839,-0.010385790000000006,-0.29239753,-0.060445289999999985,-0.26805583,0.03818548999999999,-0.19016255999999998,-0.02901281,-0.10267026000000001,0.07922330999999999,-0.20818786,0.06079854000000001,-0.17751590000000006,0.019491270000000005,-0.01238081000000002,-0.019491270000000005,0.01238081000000002,0.05631891,0.15133801000000002,-0.01701073000000003,0.20770613999999998,0.05495215999999997,0.28874727999999994,-0.030202969999999996,0.30580714,0.048571279999999994,0.10223497000000004,0.04103782,-0.018025300000000022,0.031432479999999985,0.16538556999999998,0.08981135000000001,-0.07484564000000005,0.036827639999999995,0.16371882000000004,-0.0013667500000000277,0.13740926999999992,0.0024805399999999755,0.19532532999999996,-0.013192239999999966,0.098101,-0.05005949999999998,0.02434170000000002,-0.03898254000000001,0.02476162000000004,0.20471521055423333,0.20617277720072608
0.041476789999999986,-0.35476003000000006,0.04081341999999999,-0.36539755000000007,0.03921851999999998,-0.3746153200000001,0.01619031999999998,-0.36290210000000006,0.0005240199999999584,-0.38318092000000004,-0.005318510000000054,-0.29359586000000004,-0.05378441000000006,-0.27098856000000004,0.042980189999999974,-0.1922847700000001,-0.029841330000000055,-0.10599954000000011,0.08530351999999997,-0.21547747000000006,0.06737121999999995,-0.18384976000000008,0.018794089999999986,-0.011701400000000084,-0.01879409000000004,0.011701399999999973,0.06208192999999995,0.1464591999999999,-0.012930410000000059,0.19815205999999996,0.058741059999999956,0.2854300999999999,-0.02288014000000005,0.30251549999999994,0.04829870000000003,0.10131108999999994,0.04232332999999999,-0.023192699999999955,0.023943080000000005,0.16498901999999993,0.09721255000000001,-0.07785021999999997,0.043287839999999966,0.15816059999999998,-0.003340869999999996,0.1389709,0.005863679999999982,0.18645066,-0.00994972999999999,0.10436343999999997,-0.048465900000000006,0.022607299999999997,-0.03758818000000003,0.023402800000000057,0.21435529147555418,0.2136930434636133
0.04094607000000006,-0.3555445649999999,0.04037143000000004,-0.36606258499999994,0.03875181000000005,-0.3753972049999999,0.015772850000000005,-0.3633216649999999,0.00016725000000000767,-0.3838332649999999,-0.005481469999999988,-0.2946611349999999,-0.05481646999999995,-0.2708310149999999,0.043159400000000014,-0.19495768499999988,-0.03111743999999994,-0.10534088499999994,0.08686486000000004,-0.21167791499999994,0.06724587000000004,-0.18207578499999988,0.01898447000000003,-0.011963544999999964,-0.018984469999999976,0.011963545000000075,0.061926130000000024,0.14643621500000004,-0.01350726999999996,0.19791686500000005,0.05817823000000005,0.28476611500000004,-0.022723369999999965,0.3019291150000001,0.04864087,0.09970345000000003,0.04370546000000003,-0.016720230000000058,0.02369903000000001,0.16549012999999996,0.09836330999999998,-0.07673489999999994,0.04294165999999999,0.15839976,-0.0037478999999999707,0.1383299,0.005477200000000015,0.18595331999999998,-0.009216100000000005,0.10401225000000003,-0.04933499999999996,0.02383012000000001,-0.03796894000000001,0.02392709000000004,0.2109350064144143,0.2123368388277561
0.039016330000000043,-0.356192155,0.03868463000000005,-0.366754815,0.036938460000000006,-0.376286225,0.014727560000000028,-0.36407497499999997,-0.0012431999999999999,-0.385317755,-0.00631332999999995,-0.294176505,-0.05560221999999998,-0.272090205,0.04422370000000003,-0.191797875,-0.03205839999999999,-0.10546882499999999,0.08964944000000002,-0.209374275,0.06751960000000001,-0.18098847500000004,0.01886472,-0.011651524999999996,-0.01886472,0.011651524999999996,0.061114550000000045,0.14639782499999998,-0.014000239999999997,0.197361825,0.05841407000000004,0.284785125,-0.024006959999999966,0.301772225,0.05053702999999998,0.10237862999999997,0.04542573999999999,-0.017576399999999992,0.023543819999999993,0.16662137999999999,0.099578,-0.07551965000000005,0.042249830000000044,0.15804934999999998,-0.002700480000000005,0.1383873,0.004864480000000004,0.1857103,-0.010006719999999969,0.10441040000000001,-0.04928889000000003,0.022086300000000003,-0.03772944,0.023303049999999992,0.21001133886778806,0.21112181398866015
0.03796714499999998,-0.3554273,0.037695114999999946,-0.36613196000000003,0.035843634999999985,-0.3755313,0.013847584999999996,-0.36376882000000005,-0.0024893850000000106,-0.38470495000000005,-0.007859115000000028,-0.29449976,-0.05645576500000005,-0.27049387,0.04191067499999995,-0.19544077000000004,-0.03298241500000004,-0.10457086999999998,0.08819181499999995,-0.20404357,0.06926396499999998,-0.17662160000000005,0.018573344999999963,-0.012048999999999976,-0.01857334500000002,0.012048999999999976,0.061814014999999944,0.14619459999999995,-0.013474735000000015,0.1967046,0.058190414999999995,0.28531337,-0.024130785000000043,0.3023355,0.04976978999999998,0.09905898999999996,0.04628114,-0.008602799999999966,0.023473350000000004,0.16592300000000004,0.10224638000000003,-0.07205073000000006,0.04324066999999998,0.15824359999999993,-0.003623599999999949,0.13911877000000006,0.005098610000000003,0.18465560000000003,-0.010656050000000028,0.10563089999999997,-0.04859665000000002,0.024005889999999974,-0.03714668999999998,0.024097999999999953,0.20422694796384194,0.20811532459767618
0.036742595000000045,-0.35430081999999996,0.03684380500000001,-0.36513484999999996,0.034431345,-0.3747714999999999,0.013897005000000018,-0.36360861999999994,-0.00429421499999999,-0.38514139999999997,-0.007663154999999977,-0.29433726999999993,-0.05771815499999999,-0.2704828899999999,0.04381522500000001,-0.1962290499999999,-0.034651335000000005,-0.10386129999999993,0.09072771500000004,-0.20100520999999993,0.070319715,-0.17254539999999996,0.018862784999999993,-0.01206094999999996,-0.018862784999999993,0.01206095000000007,0.061783964999999996,0.14699225000000005,-0.01380945499999997,0.1967825500000001,0.05824080500000001,0.2863712100000001,-0.025358355,0.30242995000000006,0.05147837999999999,0.09810822000000002,0.04691249000000003,-0.004776160000000029,0.023066819999999988,0.16662158999999999,0.10497105000000001,-0.06868410000000003,0.04292118,0.1590532,-0.0035431599999999897,0.13937896000000005,0.0050533300000000225,0.18472160000000004,-0.011548900000000029,0.10564739999999995,-0.050055000000000016,0.02385438000000001,-0.037725569999999986,0.02412190000000003,0.2021497008428469,0.20501956678954453
0.037157280000000015,-0.35302160000000005,0.03733122999999999,-0.36376034000000007,0.034792290000000003,-0.37372546000000006,0.014196829999999994,-0.36223127000000005,-0.0047557699999999925,-0.3844938500000001,-0.008166210000000007,-0.29372363000000007,-0.05845819999999996,-0.27013712000000006,0.04531149000000001,-0.19696750000000007,-0.03492226999999998,-0.10333950000000003,0.09439743,-0.20474716000000004,0.07332457000000003,-0.17183900000000008,0.01886521000000002,-0.012184100000000031,-0.018865209999999966,0.01218409999999992,0.06130342999999999,0.1469218,-0.013013319999999995,0.19744849999999992,0.05884143000000003,0.28729136,-0.025175229999999993,0.30257559999999994,0.05347770000000002,0.09675613,0.049085939999999995,-0.007779659999999966,0.023535929999999983,0.16679762000000004,0.10824684000000001,-0.06849950000000005,0.04243821999999997,0.15910590000000002,-0.0024619999999999642,0.14036956,0.005851889999999971,0.1852644,-0.012161909999999998,0.10512710000000003,-0.05029198999999995,0.023586510000000005,-0.03773041999999999,0.02436819999999995,0.20684692005125915,0.2058238491284681
0.03627843000000003,-0.35470123,0.036375110000000044,-0.36519137999999995,0.034188930000000006,-0.37523988999999996,0.013394060000000041,-0.36278284999999993,-0.005139169999999971,-0.3855509,-0.008008539999999953,-0.29266024999999996,-0.05898364999999994,-0.27079164999999994,0.05026838000000006,-0.1966557,-0.03437666999999994,-0.10449124999999992,0.09980205000000003,-0.21242932999999997,0.07375043000000003,-0.16972854999999998,0.018903700000000023,-0.012025949999999952,-0.018903699999999968,0.012025950000000063,0.06047705000000003,0.14443921000000004,-0.011824669999999982,0.19723225,0.05856193000000004,0.2837785500000001,-0.025095849999999975,0.30179255000000005,0.05827692000000001,0.09600454999999997,0.049533669999999974,-0.015773629999999983,0.02460698,0.16630040000000001,0.10812709999999998,-0.06523730000000005,0.04157335000000001,0.15646516,-0.0019151199999999924,0.13933934000000003,0.007079029999999986,0.18520629999999993,-0.013271179999999994,0.10456030000000005,-0.05097510999999999,0.021868600000000016,-0.03780739999999999,0.024051900000000015,0.21611584335292708,0.20400854412574715
0.036598935000000055,-0.35353303,0.036955105000000044,-0.36408348,0.034393335000000025,-0.37438983,0.01405053500000003,-0.36189093,-0.005571104999999965,-0.38517923,-0.008897524999999962,-0.29259397,-0.05920944499999997,-0.2703212,0.047834895000000044,-0.19832143000000002,-0.03310761499999998,-0.10431758999999996,0.09874533500000005,-0.21302958,0.07889383500000002,-0.16905568999999998,0.018804715000000027,-0.01219762999999996,-0.018804714999999972,0.01219762999999996,0.06115213500000005,0.14363391999999997,-0.01188380499999997,0.19673403,0.05866383500000005,0.28551121,-0.02535138499999995,0.30238767,0.056732420000000006,0.09427253999999996,0.05091044,-0.014708149999999975,0.026101829999999993,0.16600361000000002,0.11200145,-0.06473810000000002,0.042347420000000024,0.15583154999999993,-0.002488299999999999,0.14187729000000004,0.006920910000000002,0.18453640000000004,-0.013467579999999979,0.10565364,-0.05031192000000001,0.022272769999999997,-0.03760943,0.02439525999999992,0.21615729195839525,0.20590719434523136
0.03625109999999998,-0.35391126999999994,0.03658912999999997,-0.36441464999999995,0.03395923000000001,-0.3748111499999999,0.013586629999999988,-0.36212812999999994,-0.00623921999999999,-0.38552264999999997,-0.00917699999999999,-0.29327676999999996,-0.05991457,-0.27072687999999995,0.048673319999999964,-0.19902924999999994,-0.03199537000000002,-0.10333411999999997,0.10282488000000001,-0.21597508999999993,0.08249102999999997,-0.16741160999999993,0.019016370000000005,-0.012362349999999966,-0.019016370000000005,0.012362350000000077,0.06132979999999999,0.14197631,-0.012380200000000008,0.1961006500000001,0.05865966,0.28469200000000006,-0.025430750000000002,0.30247785000000005,0.057850319999999955,0.09424752000000003,0.05415156000000004,-0.01694583999999999,0.027919199999999977,0.16739275999999997,0.11448639999999999,-0.06407748999999996,0.042313429999999985,0.15433865999999996,-0.0026701399999999875,0.14271569000000006,0.006636169999999997,0.18373830000000002,-0.013050549999999994,0.10637719999999995,-0.05073757000000001,0.022549890000000017,-0.03803274000000001,0.024724700000000044,0.2201863171015122,0.2064520015617228
0.035859850000000026,-0.3526248250000001,0.03632679,-0.36336005500000007,0.033435190000000004,-0.37370188500000007,0.013575140000000041,-0.36155526500000007,-0.007168289999999966,-0.38473270500000006,-0.00977488999999998,-0.29286242500000004,-0.05973398999999996,-0.2695059550000001,0.04614514000000003,-0.20033998500000005,-0.030233979999999994,-0.10251962500000011,0.09737235,-0.21670536500000004,0.08270425000000003,-0.16272952500000004,0.018884540000000005,-0.012432025000000069,-0.018884540000000005,0.012432024999999958,0.06147507000000002,0.1424324749999999,-0.012950479999999986,0.19702277499999998,0.05809447000000001,0.2846600749999999,-0.025853109999999957,0.30279587499999994,0.05592003000000001,0.09252243999999998,0.05122720999999997,-0.016365379999999985,0.029500009999999965,0.16698632999999996,0.11293823000000003,-0.06020989999999993,0.042590530000000015,0.15486449999999996,-0.0033806000000000114,0.1422276,0.005934060000000019,0.18459075000000003,-0.01290262999999997,0.10577309999999995,-0.04995909999999998,0.023356469999999963,-0.03776908000000001,0.024864050000000026,0.2188331185020944,0.2024891376150005
0.036727469999999984,-0.352549645,0.03721173999999999,-0.36349402500000005,0.03416146999999997,-0.37381560500000005,0.014444269999999981,-0.361452125,-0.00700820000000002,-0.38455272500000004,-0.00911799000000002,-0.291926595,-0.05963457,-0.26853299500000005,0.046535820000000006,-0.19986439500000003,-0.028870200000000013,-0.100899725,0.09779104,-0.21631166500000004,0.08546503999999999,-0.15761885500000006,0.01912482999999998,-0.012431175000000017,-0.019124830000000037,0.012431175000000017,0.06255110999999997,0.14329337499999995,-0.012803080000000022,0.19770457499999994,0.05887374000000001,0.286351275,-0.025003470000000028,0.30378147499999997,0.055653810000000026,0.09206219999999998,0.05125521999999999,-0.016447270000000014,0.030764369999999985,0.16763327000000006,0.11433524,-0.05671913000000006,0.043426279999999984,0.15572454999999996,-0.0036773699999999576,0.14305790000000007,0.006321750000000015,0.18527339999999992,-0.012200390000000005,0.10607690000000003,-0.05051657999999998,0.02339359999999996,-0.03824966000000002,0.024862350000000033,0.2185306083787903,0.1996398096813805
0.035624235000000004,-0.35227643,0.03641440499999998,-0.36312188,0.03313948499999997,-0.37367992,0.014025585000000007,-0.36050262,-0.007976764999999997,-0.38443165,-0.009310615000000022,-0.29042648,-0.060827165000000016,-0.26873635,0.04557429499999999,-0.19673010000000002,-0.028166565000000032,-0.10051730000000003,0.09723215499999999,-0.21616782,0.089831255,-0.15393745000000003,0.019491834999999957,-0.012247200000000014,-0.019491835000000013,0.012247200000000014,0.061751434999999966,0.14398239999999995,-0.013778045000000017,0.1992275,0.05772723499999999,0.28791864,-0.024632225000000008,0.3041317,0.05488491000000001,0.09369637999999997,0.05165786,-0.01943771999999999,0.032660599999999984,0.16821904999999998,0.11799782000000003,-0.05342015,0.04225960000000001,0.15622959999999997,-0.004024199999999978,0.14393624000000005,0.005713789999999996,0.1869803,-0.010854179999999991,0.1049042,-0.051516549999999994,0.021690129999999974,-0.03898366999999997,0.024494400000000027,0.21823651531053825,0.19891926981258154
0.03450991499999995,-0.3507416099999999,0.035549534999999965,-0.3613043899999999,0.03221667499999997,-0.3722851099999999,0.013485414999999945,-0.3585926699999999,-0.008503665000000049,-0.3836288299999999,-0.01044346500000004,-0.2890278799999999,-0.060841385000000026,-0.26929334999999993,0.04501617499999999,-0.19686386999999989,-0.027433805000000033,-0.1003130499999999,0.10514084499999998,-0.2252205799999999,0.09182331499999996,-0.14938964999999993,0.019129114999999974,-0.011923649999999952,-0.01912911500000003,0.011923650000000063,0.06181217499999997,0.1441334900000001,-0.014042245000000009,0.19914655000000014,0.05722958499999997,0.28714205000000015,-0.02520354500000005,0.3042767500000001,0.05545964000000003,0.09216401000000002,0.06012466999999999,-0.028356710000000007,0.03340757999999999,0.16898030000000003,0.11925712,-0.049076600000000026,0.042683059999999995,0.15605714000000004,-0.0045825899999999975,0.14300856000000006,0.005086870000000021,0.18722290000000008,-0.01116130000000004,0.10513019999999995,-0.050397919999999985,0.019734529999999972,-0.038258230000000004,0.023847300000000016,0.22998608228546738,0.19578667595062463
0.035871105000000014,-0.34799778,0.036914605000000045,-0.35855475,0.03356306500000006,-0.3695785,0.01473657500000003,-0.35625553,-0.007713514999999949,-0.38135582,-0.010165354999999932,-0.2877056,-0.05993285499999995,-0.2686196,0.04301794500000006,-0.19586754,-0.026873034999999934,-0.09776684999999996,0.09624661500000004,-0.23575646,0.09074344500000003,-0.14092556,0.019158975000000023,-0.011839840000000046,-0.019158974999999967,0.011839840000000046,0.06265444500000006,0.1440133,-0.012841834999999968,0.20094504999999996,0.059035675000000065,0.2904913,-0.02529835499999994,0.3067725,0.05318329999999999,0.09183806,0.05322866999999998,-0.039888919999999994,0.03305982000000002,0.17085275000000005,0.11761647999999997,-0.043158710000000045,0.043495470000000036,0.15585314000000006,-0.0036187699999999934,0.146478,0.006317139999999999,0.1891052099999999,-0.012456519999999971,0.10582745000000005,-0.04976750000000002,0.019085999999999992,-0.03831794999999999,0.023679680000000092,0.2368146046024062,0.18819088543023654
0.03537277999999999,-0.3459658149999999,0.03653700000000004,-0.3567255649999999,0.03305385999999999,-0.3680223349999999,0.014477300000000026,-0.3548162949999999,-0.008205879999999999,-0.38047866499999994,-0.010619059999999958,-0.2863237349999999,-0.05989534999999996,-0.2672923949999999,0.04362450000000001,-0.19587798499999992,-0.02516235,-0.09683356499999995,0.09580336,-0.23276589499999994,0.09609897,-0.1387302949999999,0.018926520000000002,-0.011732864999999926,-0.018926520000000002,0.011732865000000037,0.06193645000000003,0.14498993500000013,-0.012842399999999976,0.2006171350000001,0.05851476,0.29223137500000007,-0.025475460000000005,0.3074003350000001,0.05424355999999997,0.09044574999999999,0.052178859999999994,-0.036887910000000024,0.03473299999999996,0.17045882999999995,0.12126132,-0.04189672999999994,0.04300993000000003,0.15672280000000005,-0.0034216900000000328,0.14724143999999995,0.006084120000000026,0.18888427000000008,-0.01263306000000003,0.10678319999999997,-0.04927629,0.019031340000000008,-0.037853040000000004,0.023465729999999962,0.2340206163554111,0.18939383798562634
0.034990774999999974,-0.34484616999999995,0.03600083499999995,-0.35551683999999995,0.03307552499999994,-0.36708196,0.013679254999999946,-0.35445586999999995,-0.008159145000000034,-0.38098128,-0.010993885000000037,-0.28655679999999994,-0.060299145000000054,-0.26948469999999997,0.046460754999999965,-0.19617534999999997,-0.024590645000000022,-0.09715569999999996,0.09936385499999995,-0.2431022,0.09530879499999995,-0.13302539999999996,0.01886029499999997,-0.01129839999999993,-0.018860295000000027,0.011298400000000042,0.06180138499999993,0.1436805,-0.011974465000000045,0.19871420000000006,0.05865712499999998,0.29231640000000003,-0.02420094500000003,0.30624260000000003,0.05745464,0.09038144999999997,0.05290309999999998,-0.04692685000000002,0.03570850000000003,0.172329,0.11989943999999997,-0.035869700000000004,0.04294108999999996,0.15497889999999992,-0.0031442599999999543,0.14863590000000004,0.006885829999999982,0.18741580000000002,-0.012226479999999984,0.10752839999999997,-0.04930526000000002,0.01707209999999998,-0.03772059,0.022596799999999972,0.24538505428634733,0.184021575794438
0.034585489999999997,-0.341185655,0.03561580999999997,-0.352166725,0.03323948999999998,-0.363371245,0.01361534999999997,-0.352753575,-0.006619829999999993,-0.378860555,-0.011787649999999983,-0.286104405,-0.05791045,-0.268142995,0.04722331000000002,-0.19831028499999998,-0.022635149999999993,-0.09740032499999995,0.10216969999999997,-0.24337270500000002,0.09747819000000002,-0.13015639499999998,0.017658649999999998,-0.011497375000000032,-0.017658649999999998,0.011497375000000032,0.06199441,0.14118257499999998,-0.010823780000000005,0.19780837500000004,0.059869899999999976,0.29031873500000005,-0.023359679999999994,0.306033675,0.05901096,0.08779412000000003,0.054946389999999956,-0.04506242000000005,0.03527530000000001,0.17074267000000004,0.12011334000000001,-0.032756070000000026,0.04433576,0.15267995,-0.002124510000000024,0.14913616000000007,0.006834869999999993,0.186311,-0.012535899999999989,0.10822529999999997,-0.04612280000000002,0.01796141000000001,-0.035317299999999996,0.022994750000000064,0.24679604177277922,0.18254391931915592
0.03390788,-0.34152949999999993,0.034783359999999985,-0.3522700999999999,0.03296431,-0.3634892599999999,0.012719179999999997,-0.35296781999999993,-0.006126589999999987,-0.37931977999999994,-0.012543360000000003,-0.2865520999999999,-0.05764958999999997,-0.2693041799999999,0.04869076,-0.2007978499999999,-0.022821040000000015,-0.09832684999999997,0.10917231,-0.24818731999999993,0.09818001999999998,-0.12815843999999987,0.017243359999999985,-0.011242499999999933,-0.017243359999999985,0.011242500000000044,0.062135810000000014,0.14007456000000007,-0.01056224,0.19476070000000012,0.06090055999999999,0.29044230000000004,-0.023222189999999976,0.3046074000000001,0.06123412,0.08575425000000003,0.060481549999999995,-0.047389470000000045,0.03482854999999996,0.17097732999999993,0.12100106,-0.029831589999999908,0.04489245000000003,0.15131706,-0.001235250000000021,0.15036773999999997,0.006681119999999985,0.18351820000000008,-0.012659949999999975,0.10984669999999996,-0.04510622999999997,0.017247920000000028,-0.03448671999999997,0.022484999999999977,0.2541530632767091,0.18098391841129965
0.03426392,-0.33782686500000003,0.03532095000000002,-0.34889035500000004,0.033414849999999996,-0.360396215,0.013280699999999979,-0.35049499500000003,-0.0053749499999999895,-0.37737639500000003,-0.013019009999999998,-0.285236215,-0.05613056999999999,-0.266990175,0.04667254999999998,-0.199961885,-0.020309609999999978,-0.09651164499999998,0.10738803000000002,-0.24022029500000003,0.09945124999999999,-0.12656717500000003,0.016651320000000025,-0.011455285000000037,-0.01665131999999997,0.011455285000000037,0.06388481000000001,0.13865408499999998,-0.011099890000000001,0.19430868499999998,0.062380570000000024,0.29056648499999993,-0.023062990000000005,0.306241585,0.05969155999999998,0.08527433000000001,0.060715480000000044,-0.04025841000000002,0.03582096000000001,0.17047853000000002,0.11976085999999997,-0.030055530000000052,0.04723348999999999,0.15010937000000002,-0.00150423999999999,0.15191239999999995,0.005551429999999968,0.18285339999999994,-0.011963100000000004,0.1119329,-0.04311155999999999,0.01824604000000002,-0.033302639999999994,0.022910570000000074,0.2461027841003108,0.18036076686756605
0.032675410000000016,-0.33532761499999997,0.033925360000000016,-0.34624368499999997,0.032008309999999984,-0.357751285,0.012292150000000002,-0.34877951499999993,-0.005960389999999982,-0.37584197499999994,-0.013765220000000022,-0.28559081499999994,-0.05644861000000001,-0.26764211499999996,0.04547688,-0.20028895499999994,-0.020540119999999995,-0.0970611549999999,0.10943309000000001,-0.24043989499999996,0.10060775,-0.12661337499999992,0.016537550000000012,-0.01133751499999991,-0.016537550000000012,0.01133751500000002,0.06300732999999997,0.140091835,-0.012094090000000002,0.19483458500000006,0.06152299,0.29093313500000006,-0.023152390000000023,0.30586558500000005,0.05924210000000002,0.08530186000000001,0.06395621000000001,-0.040150940000000024,0.035908490000000015,0.17058096000000006,0.12114786999999999,-0.029552220000000018,0.04646977999999996,0.1514293499999999,-0.001484339999999973,0.15084130000000007,0.00444346000000001,0.18349707000000004,-0.011058300000000021,0.11103099999999999,-0.04268338999999999,0.017948699999999984,-0.033075100000000024,0.02267502999999993,0.2472195014022074,0.18097919594219133
0.03393301500000001,-0.33258877499999995,0.03464731500000001,-0.34294949499999994,0.03363871500000004,-0.35404263499999994,0.012153265000000024,-0.34585901499999994,-0.003843664999999996,-0.37200671499999993,-0.013539754999999987,-0.28572431499999995,-0.05562230499999998,-0.2665802649999999,0.046666315000000014,-0.20221488499999996,-0.020544644999999973,-0.09730855499999991,0.11360335500000002,-0.24184428499999994,0.09886998500000005,-0.12609456499999994,0.01637661500000004,-0.011632814999999908,-0.016376614999999983,0.011632815000000019,0.06291258500000002,0.13926798500000004,-0.011655234999999986,0.19572808500000005,0.06133049500000004,0.2903035450000001,-0.02242681499999999,0.30615158500000006,0.06020607,0.08350943,0.06693704,-0.03962939999999998,0.03507766000000001,0.16927171000000002,0.11941463000000002,-0.02878601000000003,0.04653596999999998,0.15090079999999995,-0.0015820899999999805,0.15103556000000007,0.004721379999999997,0.18409527000000003,-0.010771580000000003,0.11042350000000001,-0.042082549999999996,0.019144050000000024,-0.03275323000000002,0.023265629999999926,0.24990070006022094,0.17958454836990959
0.033895805,-0.327500445,0.035175155000000013,-0.338122195,0.033684714999999976,-0.34939260499999997,0.013301145000000014,-0.342884075,-0.004013125000000006,-0.369655375,-0.014483795000000022,-0.285370625,-0.054830655000000006,-0.265977335,0.04313485499999997,-0.199484355,-0.018477065000000015,-0.09703800500000004,0.10809205500000002,-0.236166155,0.100811975,-0.126446575,0.015974655000000004,-0.011926624999999969,-0.015974655000000004,0.011926624999999969,0.06376494500000002,0.136850225,-0.011612524999999985,0.19665249500000004,0.06226577499999997,0.29066112499999996,-0.022741895000000012,0.306984625,0.057618649999999993,0.08588626999999999,0.06495720000000005,-0.03668179999999999,0.03635358999999999,0.16893932999999994,0.11928904000000001,-0.029408569999999967,0.04779029000000001,0.14877684999999996,-0.0014991700000000496,0.15381089999999997,0.00436213000000002,0.18472587000000007,-0.011129370000000027,0.11033212999999997,-0.040346859999999984,0.019393290000000007,-0.03194931000000001,0.023853249999999937,0.24242314699174441,0.1810697639723344
0.03381632499999998,-0.3256873999999999,0.03545810500000002,-0.3360153999999999,0.03418539500000001,-0.34764140999999993,0.013888734999999985,-0.3415342599999999,-0.002296935,-0.36940983999999993,-0.014576034999999987,-0.2866749799999999,-0.053720135,-0.2674505999999999,0.042921615000000024,-0.20068764999999994,-0.01656713500000001,-0.09792809999999996,0.10790946499999998,-0.23595461999999995,0.10303626500000002,-0.12849566999999995,0.015670615,-0.011935999999999947,-0.015670615,0.011936000000000058,0.06446291500000001,0.13617650000000003,-0.010702504999999973,0.19667306000000007,0.063514305,0.2884884000000001,-0.021856205000000017,0.30583080000000007,0.05749765000000001,0.08598732999999997,0.06498784999999996,-0.03526697000000001,0.03715299999999999,0.16952249999999996,0.11960340000000003,-0.03056756999999999,0.04879230000000001,0.14811249999999998,-0.0009486100000000164,0.15231190000000006,0.0049681100000000256,0.18473706,-0.011153700000000044,0.10915774,-0.039144100000000015,0.019224379999999985,-0.03134123,0.023872000000000004,0.24226503576873593,0.18388142184115094
0.034826860000000015,-0.32378987000000004,0.03613596000000002,-0.33395228000000005,0.03551006000000001,-0.34545742000000007,0.014084340000000029,-0.33954877000000006,-0.0004036099999999987,-0.36719579,-0.014313819999999977,-0.28535545000000007,-0.05231974,-0.26584482000000004,0.043969480000000005,-0.20045842000000003,-0.015203269999999991,-0.09707885999999999,0.10963333000000003,-0.23535410000000007,0.10283911000000001,-0.12813432000000002,0.015292909999999993,-0.011984050000000024,-0.015292909999999993,0.011984049999999913,0.06597412000000002,0.13664188,-0.009034219999999982,0.19737761999999992,0.06458864000000003,0.28905092999999993,-0.020682040000000013,0.30684577999999996,0.05828329999999998,0.08489703000000004,0.06566385000000002,-0.03489568000000004,0.03711647000000001,0.16876596000000005,0.11804238,-0.031055460000000035,0.05068121000000003,0.14862593000000002,-0.0013854799999999945,0.15240904999999993,0.006258690000000011,0.18539357,-0.011647820000000031,0.10946816000000004,-0.038005920000000026,0.01951063000000003,-0.030585819999999986,0.023968099999999937,0.2424753473711893,0.18327119730262387
0.03540319499999994,-0.32245485,0.037089554999999996,-0.33267155000000004,0.03598114499999999,-0.34416935000000004,0.015675544999999957,-0.33835653000000004,0.00015749499999995198,-0.36611487000000004,-0.013182205000000002,-0.28446965,-0.051368205000000056,-0.26530305000000004,0.044738854999999966,-0.19980283000000004,-0.013869645000000042,-0.09802350999999998,0.111448465,-0.23480775000000004,0.10267585499999998,-0.13031375,0.015369354999999973,-0.012010850000000017,-0.015369355000000029,0.012010850000000017,0.06759799499999997,0.13439864999999995,-0.007498405000000041,0.19627684999999995,0.06478232499999997,0.2880201499999999,-0.01995626500000003,0.30749614999999997,0.05792105999999997,0.08466681999999998,0.06670961000000003,-0.035004919999999995,0.037498560000000014,0.16727954000000006,0.11654550000000002,-0.032290240000000026,0.05222863999999999,0.14640949999999997,-0.0028156699999999923,0.15362149999999997,0.007870949999999988,0.18426599999999993,-0.012457859999999987,0.11121930000000002,-0.03818600000000005,0.019166599999999978,-0.030738710000000002,0.024021700000000035,0.24263069473585183,0.18490798622315943
0.03560135999999997,-0.32367851500000006,0.03716434999999996,-0.33384979500000006,0.03629281000000001,-0.3454010150000001,0.015343059999999964,-0.33948499500000007,0.00047732999999999803,-0.36731819500000007,-0.013624860000000016,-0.2855615450000001,-0.05159501999999999,-0.26608837500000004,0.044362349999999995,-0.20176909500000006,-0.01390345000000004,-0.09947637500000006,0.11331702999999999,-0.23737354500000007,0.10332870999999999,-0.13236021500000006,0.015288670000000004,-0.012221415000000069,-0.015288670000000004,0.012221414999999958,0.06739867999999999,0.13356455499999997,-0.00838576000000002,0.19720618499999998,0.06335299,0.28607458499999994,-0.020614220000000016,0.30632098499999993,0.05798721000000001,0.08379245000000002,0.06895467999999999,-0.03560445000000001,0.03769156999999995,0.16661199999999998,0.11723216000000003,-0.03288384,0.052110009999999984,0.14578597000000004,-0.004045689999999991,0.15251002999999996,0.006902909999999984,0.18498477000000002,-0.012228459999999997,0.10911479999999996,-0.037970159999999975,0.01947317000000004,-0.03057734000000001,0.024442830000000026,0.2455667750487156,0.18701318288163887
0.03580330500000001,-0.32416374000000003,0.036903425000000045,-0.33406124000000004,0.03659297500000003,-0.34552700000000003,0.014189165000000004,-0.33925284,0.000772845000000022,-0.36675624,-0.014460044999999977,-0.28582267,-0.051593375,-0.26592774,0.04319782500000002,-0.20029099,-0.012674274999999957,-0.09890447000000002,0.114160855,-0.23462308000000004,0.103809875,-0.13415902000000002,0.015107225000000002,-0.012347679999999972,-0.015107225000000002,0.012347679999999972,0.067180295,0.13436415000000002,-0.008243675000000006,0.19870968,0.061971425000000024,0.28808588,-0.020980524999999972,0.30743148,0.05765787,0.08553168,0.07096302999999998,-0.03433209000000004,0.03891910000000004,0.16702327,0.11648414999999995,-0.035254549999999996,0.05207307,0.14671183,-0.005208869999999977,0.15372173,0.006863549999999996,0.18636200000000003,-0.012736849999999966,0.10872179999999998,-0.03713333000000002,0.019894929999999977,-0.030214450000000004,0.024695359999999944,0.2433474369319244,0.1886941700670691
0.03662371000000003,-0.32376891500000005,0.037171149999999986,-0.33368140500000004,0.03738417999999999,-0.34470689500000007,0.013981010000000016,-0.33878740500000004,0.001645439999999998,-0.36519059500000006,-0.014265509999999981,-0.28468570500000007,-0.04997035999999999,-0.26496437500000003,0.04472729000000003,-0.19826504500000003,-0.01151722999999999,-0.09870424500000008,0.11587718000000002,-0.23354154500000007,0.10389931000000002,-0.13329224500000003,0.014675710000000008,-0.012183605000000042,-0.014675710000000008,0.01218360499999993,0.06645431000000002,0.1350949549999999,-0.007653689999999991,0.19922115499999993,0.06253343,0.289270755,-0.02279823999999997,0.30868005499999995,0.05899280000000001,0.08642066000000004,0.07114989,-0.035276500000000044,0.03845313,0.16626012999999995,0.11541654000000001,-0.03458799999999995,0.05177860000000001,0.14727855999999995,-0.0039208800000000155,0.15417580000000008,0.007022020000000018,0.18703755,-0.015144549999999979,0.10945890000000003,-0.03570485000000001,0.019721330000000037,-0.029351420000000017,0.024367209999999973,0.24339489545018095,0.18767860373847334
0.03689585500000003,-0.32525465,0.03732521500000002,-0.33511175,0.03759573500000002,-0.34618411,0.013825255000000036,-0.33906755,0.001581145000000006,-0.36553488,-0.01460770499999997,-0.28315122,-0.049984205000000004,-0.264114,0.043426825,-0.19684091999999997,-0.011377405000000007,-0.09929314999999994,0.11336499500000002,-0.23186806999999998,0.103037995,-0.13445998000000003,0.014580444999999997,-0.011937549999999963,-0.014580444999999997,0.011937549999999963,0.06623022500000003,0.13594295,-0.007828584999999999,0.19855694999999995,0.062177134999999994,0.29089375000000006,-0.023163784999999992,0.30914425,0.05803452999999997,0.0863103,0.06993817000000002,-0.03502715000000001,0.0386068,0.16482085000000007,0.1144154,-0.03516683000000009,0.051649780000000034,0.14788049999999997,-0.004053090000000037,0.15495080000000006,0.006751859999999998,0.1866194,-0.015335199999999993,0.11058730000000006,-0.03537650000000003,0.019037219999999966,-0.029160889999999995,0.023875099999999927,0.24109711932367195,0.1877933284707806
0.03748913500000001,-0.32418357500000006,0.037680555000000004,-0.3342079950000001,0.03827671500000002,-0.34512032500000006,0.014064324999999989,-0.33821397500000006,0.0028650050000000316,-0.36427907500000006,-0.014169225000000008,-0.2813547050000001,-0.04816492499999997,-0.26229293500000006,0.045050635000000006,-0.19613305500000006,-0.010162304999999983,-0.09811894500000007,0.11715920499999999,-0.2303881450000001,0.10356067499999999,-0.13253233500000006,0.014000275000000006,-0.011813775000000026,-0.014000275000000006,0.011813774999999915,0.066747805,0.13808732499999987,-0.006664704999999993,0.1996098249999999,0.062367475000000006,0.2926321249999999,-0.022990774999999963,0.3105393249999999,0.05921986000000001,0.08522165000000004,0.07210856999999998,-0.034255090000000044,0.03800261999999999,0.16417399,0.11372297999999997,-0.03441338999999999,0.05274752999999999,0.1499010999999999,-0.004380329999999988,0.15454480000000004,0.0073355700000000135,0.18779605,-0.01632606999999997,0.11092950000000001,-0.03399569999999996,0.019061770000000033,-0.028000550000000013,0.02362754999999994,0.2416950973016247,0.18616223149993286
0.04051665999999998,-0.32473822,0.04052545999999996,-0.33488841,0.041091339999999976,-0.34528492,0.016332139999999995,-0.33841597,0.004932859999999983,-0.36318202,-0.013579470000000038,-0.28158732000000003,-0.04579956000000002,-0.26070409,0.04289815999999996,-0.19517655,-0.006286690000000039,-0.09712644999999998,0.11555235999999997,-0.22633772000000002,0.10770620999999997,-0.13357739000000002,0.013663639999999977,-0.01234964999999999,-0.013663640000000032,0.01234964999999999,0.06868846,0.13836214999999996,-0.004522180000000042,0.20267075,0.06440652999999996,0.29643955,-0.021327470000000015,0.31223835,0.05647763,0.08641077000000003,0.0726542,-0.031161170000000016,0.03951286999999998,0.16357764000000002,0.11399290000000001,-0.03645094000000004,0.05502482000000003,0.15071179999999995,-0.004281930000000045,0.15807740000000003,0.00914145999999999,0.19032110000000002,-0.016805289999999973,0.10956759999999999,-0.03222008999999998,0.02088323000000003,-0.02732728000000001,0.02469929999999998,0.2370067622781327,0.1898034285575055
0.039739840000000026,-0.32436762999999996,0.03963494000000001,-0.33470532999999997,0.040355410000000036,-0.3449660299999999,0.015574420000000033,-0.33841152999999996,0.004727719999999991,-0.36283842999999993,-0.014453979999999977,-0.28073214999999996,-0.0444156,-0.26005216999999997,0.04298782000000001,-0.19383002999999993,-0.004969779999999979,-0.09668283,0.11734196000000002,-0.22522668999999995,0.10786912000000004,-0.13217842999999996,0.012879279999999993,-0.012238929999999981,-0.012879279999999993,0.012238930000000092,0.06785232000000002,0.13922927000000007,-0.004204719999999995,0.20376237000000008,0.06467316000000001,0.29491367,-0.022846489999999997,0.31331397000000005,0.05744179999999999,0.08690212000000003,0.07435414000000001,-0.03139666000000002,0.03944582000000002,0.16336933999999997,0.11283890000000002,-0.03549559999999996,0.05497304000000003,0.15146820000000005,-0.003179160000000014,0.15568439999999995,0.008674559999999998,0.19152344,-0.018641770000000002,0.10955159999999997,-0.029961620000000022,0.020679979999999987,-0.025758559999999986,0.024477860000000073,0.23722613140756646,0.18824598261830086
0.04041667500000001,-0.32334683000000003,0.04035262500000003,-0.33375502,0.04099674500000006,-0.34361396000000005,0.016634925000000023,-0.33739820000000004,0.006134765000000042,-0.36096043000000005,-0.014048114999999972,-0.27913184,-0.042124374999999936,-0.25837887000000004,0.04020230500000005,-0.19122592000000005,-0.004150434999999952,-0.09499570000000002,0.11492140500000003,-0.22110073000000002,0.10770000500000004,-0.129023,0.01226158500000002,-0.012189600000000023,-0.012261584999999964,0.012189599999999912,0.06920312500000003,0.13947032999999998,-0.0016693349999999385,0.20332739999999994,0.06449608500000004,0.29661375,-0.02216268499999996,0.31592719999999996,0.05425042000000002,0.08790591999999997,0.07471909999999998,-0.029874809999999974,0.037973939999999984,0.16338317000000002,0.11185044,-0.03402729999999998,0.05694154000000001,0.15165993,-0.004707039999999996,0.15714342000000003,0.010592250000000025,0.19113780000000002,-0.02049335000000002,0.11259980000000003,-0.028076259999999964,0.02075296999999998,-0.024523169999999983,0.024379199999999934,0.23277220383952485,0.1852883738233138
0.042181214999999994,-0.322696605,0.04193841500000001,-0.333146975,0.04272785499999998,-0.342864015,0.01782819499999999,-0.336260275,0.00789314499999999,-0.359362775,-0.013969304999999987,-0.27728689500000003,-0.03974053500000002,-0.256201935,0.03930857500000001,-0.18875267500000004,-0.0020702149999999864,-0.092806575,0.113324855,-0.217158715,0.108420815,-0.12587017499999997,0.011548785000000006,-0.012179574999999998,-0.011548785000000006,0.012179574999999998,0.06936848499999998,0.14019628500000003,0.0002160350000000033,0.20422728499999998,0.06489208499999999,0.29903242500000005,-0.023185524999999985,0.317441125,0.05327788,0.08853422,0.07401627999999999,-0.028406039999999966,0.037670320000000035,0.16339536,0.11049102999999999,-0.03306359999999997,0.057819699999999974,0.15237586000000003,-0.0044763999999999915,0.15883614000000001,0.01176482000000001,0.19204770999999998,-0.023401559999999988,0.11321384000000001,-0.025771230000000034,0.02108496000000004,-0.02309757000000001,0.024359149999999996,0.22885544839436203,0.1828946100879479
0.044982805000000015,-0.321047395,0.04389334500000003,-0.331288195,0.04582373500000003,-0.341038195,0.018510585000000024,-0.334566955,0.010946614999999993,-0.357520345,-0.013113115000000009,-0.275774695,-0.037598515,-0.25553396500000003,0.04197108500000002,-0.18827241500000003,-0.0006059150000000124,-0.09363369499999996,0.11569742500000002,-0.217763365,0.10903443500000004,-0.12488999499999998,0.011150015000000013,-0.012024935000000014,-0.011150015000000013,0.012024935000000014,0.07092548500000001,0.13817536499999994,0.0017413050000000263,0.20254915500000004,0.06702433499999999,0.29744430499999996,-0.02323659499999997,0.317863405,0.05508420000000003,0.08750227999999999,0.07372634,-0.02949094999999996,0.03699259999999999,0.16190027000000007,0.10964035000000005,-0.031256300000000015,0.05977547,0.15020029999999995,-0.00390115000000002,0.15926894000000003,0.01289132000000004,0.19052422000000002,-0.024977899999999997,0.11531424999999995,-0.02448539999999999,0.020240729999999985,-0.022300030000000026,0.02404987000000003,0.23077795067244397,0.1821812286672461
0.046745780000000015,-0.317467605,0.04568443,-0.327405815,0.04769865000000001,-0.33773577499999996,0.01974908000000003,-0.330968055,0.012259070000000039,-0.355050365,-0.014857320000000007,-0.27350743499999997,-0.03590335,-0.255167435,0.03487984999999999,-0.182456615,-0.0006282499999999969,-0.09217563499999992,0.11152158000000001,-0.21017087499999998,0.10902585000000004,-0.12098089499999998,0.010199049999999987,-0.011612865000000028,-0.010199049999999987,0.011612865000000028,0.07044051000000001,0.139431325,0.0012585900000000039,0.20204386500000004,0.06924975,0.29983966500000003,-0.023839679999999974,0.320933365,0.04973717,0.09105081999999998,0.07664173000000002,-0.02771425999999999,0.035275100000000004,0.16299180000000008,0.10965410000000003,-0.028805260000000055,0.060241460000000024,0.15104419000000002,-0.001190760000000013,0.16040834000000004,0.011457639999999991,0.19043100000000002,-0.025098269999999978,0.11888949999999998,-0.021046029999999993,0.018339999999999967,-0.020398099999999975,0.023225730000000055,0.22291598960317086,0.17831343743797776
0.04693752000000001,-0.31769333000000005,0.045211950000000056,-0.32688140000000004,0.048563780000000056,-0.33763309,0.018112030000000057,-0.33028145000000003,0.014266250000000036,-0.35521998000000005,-0.016473179999999976,-0.2734554,-0.03434857999999996,-0.25807230000000003,0.03287852000000002,-0.17770556999999998,-0.00029484999999995765,-0.09300278000000006,0.10989252000000005,-0.20848228000000002,0.10876581000000002,-0.11982648000000007,0.009332150000000039,-0.010745569999999982,-0.009332149999999984,0.010745569999999982,0.06784841000000003,0.14248536999999994,0.00014380000000002724,0.20203196999999995,0.07021072000000006,0.30355239999999994,-0.026211109999999982,0.32182647,0.0493517,0.09574983000000004,0.07701400000000003,-0.03077671000000004,0.034053730000000004,0.16506951999999997,0.10906065999999998,-0.026823700000000006,0.05851625999999999,0.15323093999999993,0.002362310000000034,0.16106703,0.00947595000000001,0.19128639999999997,-0.02635491000000001,0.11979450000000003,-0.017875399999999986,0.015383099999999983,-0.018664300000000023,0.021491139999999964,0.2218382169423497,0.17605734405972423
0.04803289500000002,-0.31919447,0.045615035000000026,-0.32852387,0.050066425000000025,-0.33906706999999997,0.017365795000000017,-0.33266181,0.016767695000000027,-0.35692829,-0.017433745,-0.27582260999999997,-0.03178916500000001,-0.26019344,0.032530575000000006,-0.17753213,0.00023127500000003076,-0.09425872000000002,0.11448259500000002,-0.20748856999999998,0.10951899500000001,-0.12324506999999996,0.008113874999999993,-0.010730270000000042,-0.008113874999999993,0.010730270000000042,0.06556592500000002,0.14297968000000005,-0.0016033249999999888,0.20242106999999998,0.07270513500000003,0.30026473,-0.026081695000000016,0.32004893,0.049964320000000007,0.09829047999999996,0.08195202000000001,-0.029956439999999973,0.03202044000000004,0.16593471999999998,0.10928771999999998,-0.02898634999999994,0.05745205000000003,0.1537099500000001,0.007139210000000007,0.15728504999999993,0.006510550000000004,0.19169079999999994,-0.024478370000000027,0.11762786000000003,-0.014355420000000008,0.01562916999999997,-0.016227749999999985,0.021460540000000083,0.22366969668090575,0.17828876530099283
0.04873222999999999,-0.32207526,0.046072109999999944,-0.3312729,0.05080805999999993,-0.3416896,0.01758090999999995,-0.33458303,0.017922059999999962,-0.3585605,-0.01653551000000003,-0.2761225,-0.03009422000000006,-0.26285393999999995,0.03407899999999997,-0.17373366999999995,0.0015362899999999402,-0.09772229999999993,0.11809954999999994,-0.20728803999999995,0.10854826999999995,-0.12594236999999997,0.007903469999999968,-0.010113199999999933,-0.007903470000000024,0.010113200000000044,0.06175647999999995,0.14290206000000005,-0.0040140000000000176,0.20232130000000004,0.07166034999999998,0.2976445,-0.028632090000000054,0.3192728,0.05061451,0.10238883000000004,0.08402054999999997,-0.03355437,0.03163051,0.16513164000000002,0.10701198,-0.02822007000000004,0.05385300999999998,0.15301526,0.009903870000000037,0.15474243999999993,0.003889470000000006,0.1922081,-0.024618090000000037,0.11695149999999999,-0.01355871000000003,0.01326856000000004,-0.01580693999999999,0.020226399999999978,0.22587849294785017,0.17908692268575194
0.05076525999999998,-0.32251584,0.048321649999999994,-0.33157196,0.05269071999999997,-0.34204977,0.019695439999999953,-0.33456757,0.019751259999999993,-0.35847148,-0.015717230000000026,-0.27699402,-0.02766903000000004,-0.26461023,0.029783949999999948,-0.17277973000000002,0.0031181399999999915,-0.10105264000000003,0.11084281999999995,-0.20232147,0.10752368999999995,-0.1274088,0.0076360799999999895,-0.009532800000000008,-0.007636080000000045,0.009532800000000008,0.05847861999999998,0.14388860000000003,-0.005858780000000008,0.20054919999999998,0.07090274999999996,0.29928387,-0.030482780000000043,0.3188839,0.045501179999999974,0.10421428999999999,0.08105887,-0.029541739999999983,0.03078717000000003,0.16355758999999997,0.10440554999999996,-0.026356159999999962,0.05084253999999999,0.15342140000000004,0.012424129999999978,0.15539526999999997,0.0017773000000000372,0.19101639999999998,-0.024624000000000035,0.11833470000000001,-0.011951800000000012,0.012383790000000006,-0.015272160000000035,0.019065600000000016,0.21867579304028253,0.17892672924136543
0.052528085,-0.3229405699999999,0.05035400499999998,-0.33173204999999995,0.054460134999999965,-0.34261221999999997,0.021825134999999996,-0.33480994,0.021157084999999964,-0.3595503199999999,-0.015720425000000038,-0.2774950199999999,-0.025517285,-0.26737979999999995,0.026272454999999972,-0.17053211999999995,0.004560654999999969,-0.10476211999999996,0.106365455,-0.19720167999999993,0.108209995,-0.12851977999999997,0.0071458249999999945,-0.008799379999999912,-0.0071458249999999945,0.008799380000000023,0.05601391499999997,0.14383298,-0.007280045000000013,0.19786988000000005,0.070780905,0.29830628000000003,-0.03367884500000001,0.31795298000000005,0.04199288000000001,0.10696289999999997,0.08009300000000003,-0.02666955999999998,0.03007793999999997,0.16261768,0.10364934000000003,-0.023757660000000014,0.048868089999999975,0.1526323599999999,0.014766990000000035,0.15447330000000004,-0.00013422000000001821,0.18907050000000003,-0.0263988,0.1200831,-0.009796859999999963,0.01011521999999998,-0.014291649999999989,0.017598759999999936,0.21293182388414117,0.17934189948525134
0.05410465999999997,-0.32063421499999994,0.052186659999999996,-0.329461845,0.05597785999999999,-0.340124675,0.023929160000000005,-0.33313781499999995,0.022565399999999958,-0.35744473499999996,-0.01486904,-0.27694514499999995,-0.02315584000000004,-0.26691365499999997,0.02491730999999997,-0.1688495849999999,0.007525459999999984,-0.10665678499999998,0.10501075999999998,-0.19044772499999996,0.11026787999999998,-0.127535685,0.006786440000000005,-0.008582085000000017,-0.006786440000000005,0.008582085000000017,0.05292315999999997,0.144089115,-0.009462169999999992,0.198466445,0.0685269,0.298521115,-0.03624242,0.31860461500000004,0.03978634999999997,0.10809556000000003,0.08009345000000001,-0.021598140000000043,0.030681300000000022,0.16025687,0.10274242,-0.020878900000000034,0.046136719999999964,0.1526712,0.015603740000000033,0.154432,-0.0026757299999999873,0.18988435999999997,-0.026780250000000005,0.12013817000000004,-0.008286800000000039,0.010031489999999976,-0.01357288000000001,0.017164170000000034,0.20669573786624623,0.179526491472527
0.053787699999999994,-0.32023975500000007,0.05152824,-0.328941605,0.05617827000000003,-0.33946037500000004,0.022819750000000028,-0.33202690500000004,0.02451428,-0.35601690500000005,-0.01508989999999999,-0.275230585,-0.02080719999999997,-0.26568690500000003,0.022188719999999995,-0.1644219050000001,0.01056575000000004,-0.10526695500000005,0.09892726000000002,-0.18578523500000005,0.11217397000000001,-0.12568150500000008,0.0060271000000000075,-0.008372035000000055,-0.0060271000000000075,0.008372034999999944,0.04971766,0.14772909499999998,-0.011396379999999984,0.20346539499999994,0.06673988000000003,0.2997998249999999,-0.03757455999999998,0.32058009499999995,0.037278619999999985,0.11080867999999994,0.07673854000000002,-0.021363329999999958,0.03137295000000001,0.16041994999999998,0.10160821999999997,-0.02041455000000003,0.04369055999999999,0.15610113000000003,0.017022220000000032,0.15207072999999993,-0.005369279999999976,0.19509336,-0.026178179999999995,0.11711470000000002,-0.005717299999999981,0.009543679999999999,-0.012054200000000015,0.01674407,0.20026453321111454,0.1787228148157826
0.05616510500000005,-0.31983099499999995,0.05333721500000005,-0.3284584549999999,0.05846926500000005,-0.33912719499999994,0.023359005000000044,-0.33227351499999996,0.025783685,-0.356147295,-0.01467495499999999,-0.27643975499999995,-0.019769364999999983,-0.26768809499999996,0.02387982500000002,-0.16424682499999999,0.01358542500000004,-0.10954382499999993,0.10351556500000003,-0.18286397499999996,0.115262955,-0.127610695,0.005996164999999998,-0.008098334999999901,-0.005996164999999998,0.008098335000000012,0.04733330500000005,0.1484824050000001,-0.014279514999999965,0.20389750500000003,0.06619912500000003,0.30021590500000006,-0.03903445499999997,0.32016280500000005,0.03855478000000001,0.11219292999999997,0.07963574000000001,-0.01861714999999997,0.03335479000000002,0.15814427000000003,0.10167752999999996,-0.018066870000000068,0.04133714000000005,0.15658074,0.018865819999999978,0.15173349999999997,-0.008283349999999967,0.19579917000000002,-0.024754940000000003,0.11626530000000002,-0.005094409999999994,0.008751659999999994,-0.011992329999999995,0.016196669999999913,0.20013261178770847,0.1819909750694119
0.056363339999999984,-0.317589605,0.05324065,-0.325727105,0.05930017999999998,-0.336192335,0.023045119999999975,-0.33014178499999997,0.02898078999999998,-0.353601805,-0.012600600000000017,-0.277046325,-0.017450840000000023,-0.268318055,0.02508305999999999,-0.16306245499999994,0.01783192,-0.11032160499999999,0.10128001999999997,-0.18000080499999999,0.11790772,-0.129429205,0.0062038600000000055,-0.007870854999999954,-0.0062038600000000055,0.007870854999999954,0.04616996000000001,0.14767499500000003,-0.01637864,0.204047565,0.06335631999999997,0.298876045,-0.041438430000000026,0.322137895,0.03768366000000001,0.11398387000000004,0.07619695999999998,-0.016938350000000046,0.035282760000000024,0.15799645,0.10007579999999999,-0.019107600000000002,0.039966100000000004,0.15554584999999999,0.017186359999999956,0.15120104999999995,-0.010174779999999994,0.19617671000000003,-0.025059790000000026,0.11809033000000002,-0.004850240000000006,0.008728269999999982,-0.012407720000000011,0.01574170999999991,0.1966423044193393,0.18508103837535597
0.05992031000000003,-0.31747875499999995,0.05661634000000004,-0.32584441499999994,0.06257409000000003,-0.33609501499999994,0.025935860000000033,-0.33066277499999996,0.03132436000000005,-0.35331977499999995,-0.01030605999999995,-0.27792359499999997,-0.014423369999999991,-0.26873711499999997,0.026716950000000017,-0.1628648749999999,0.024032690000000023,-0.11199904499999991,0.10147342000000004,-0.17772091499999998,0.12119961000000001,-0.12978647499999996,0.006347270000000016,-0.007692224999999997,-0.0063472699999999604,0.007692224999999997,0.04576319000000001,0.14951492500000008,-0.018089859999999958,0.20587002500000007,0.06393013000000003,0.29897986500000007,-0.043408749999999996,0.32192342500000004,0.03702300999999997,0.11505872000000006,0.07475647000000002,-0.01485604000000007,0.038456060000000014,0.15673807000000006,0.09716691999999999,-0.01778743000000005,0.03941591999999999,0.15720715000000007,0.01816694000000002,0.14946494,-0.011742589999999997,0.19817780000000007,-0.02531889000000004,0.11605339999999997,-0.004117310000000041,0.009186479999999997,-0.012694539999999976,0.015384449999999994,0.19483002806789973,0.1875329292455711
0.06478183000000004,-0.31254502999999995,0.061666480000000023,-0.32100923,0.06696098000000006,-0.33128032999999996,0.03116264000000002,-0.32631914999999995,0.03505246000000006,-0.34862650999999995,-0.007137669999999985,-0.27447406999999996,-0.008595899999999934,-0.26550082999999997,0.028455060000000032,-0.15870158999999995,0.03356503000000005,-0.10925482999999991,0.10765209000000003,-0.17147438999999998,0.12911849000000003,-0.12825113,0.005760560000000026,-0.00709466999999997,-0.00576055999999997,0.007094670000000081,0.04504426000000006,0.15874584000000003,-0.017381169999999946,0.21126271000000008,0.06267516000000006,0.30665297,-0.04559843999999996,0.32741357000000004,0.03559273000000002,0.11577248000000001,0.07919703,-0.012772800000000029,0.042160929999999985,0.15624600000000005,0.09555345999999998,-0.018996300000000077,0.03928370000000003,0.16584051,0.017630900000000005,0.14790713,-0.011620609999999976,0.20416804,-0.028217270000000017,0.11615085999999997,-0.0014582299999999493,0.008973239999999993,-0.011521119999999996,0.01418934000000005,0.19339745663534283,0.19107810891502594
0.06740143499999995,-0.3096724999999999,0.06458216499999997,-0.3184699599999999,0.07009079499999998,-0.3286218499999999,0.03445329499999994,-0.3250247699999999,0.038722394999999965,-0.3475081799999999,-0.007138105000000061,-0.2722594299999999,-0.0031153050000000126,-0.2639131399999999,0.02719944499999999,-0.15443299999999993,0.04174333499999994,-0.1100163999999999,0.10055133499999996,-0.16712309999999986,0.13700410499999993,-0.12788779999999988,0.003882914999999987,-0.00699609999999995,-0.0038829150000000423,0.006996100000000061,0.042723684999999956,0.15560750000000012,-0.015944875000000025,0.21105640000000014,0.06114002499999999,0.30775220000000014,-0.04587367500000006,0.3287424000000001,0.03433755000000005,0.11782642999999998,0.07335188999999998,-0.012690099999999926,0.04485863999999995,0.15389673999999998,0.09526077,-0.017871399999999982,0.03884076999999997,0.16260360000000007,0.01841634000000003,0.15214470000000002,-0.012061959999999983,0.20406030000000008,-0.029928800000000033,0.11768599999999996,0.0040228000000000486,0.008346290000000034,-0.007765830000000029,0.01399220000000001,0.18704395086261508,0.19504568409398446
0.06917185999999997,-0.3077367499999999,0.06681219999999999,-0.31603082999999993,0.07234035,-0.32680483999999993,0.03724767000000001,-0.3227883199999999,0.04209615,-0.3470364499999999,-0.002637820000000013,-0.2722314599999999,-0.0009432300000000171,-0.2665500999999999,0.036086039999999986,-0.15355799999999986,0.04895006000000002,-0.11376892999999988,0.10719410000000001,-0.16995289999999996,0.14495084999999996,-0.1323669999999999,0.004784630000000012,-0.006252799999999947,-0.004784630000000012,0.006252800000000058,0.0394969,0.15596900000000014,-0.018368300000000004,0.21097240000000006,0.05829424999999999,0.3075428600000001,-0.047530130000000004,0.3275798000000001,0.03872386,0.11867346000000006,0.07110806000000003,-0.0163949000000001,0.049893290000000035,0.15278117000000002,0.09600078999999995,-0.018598070000000022,0.03471226999999999,0.16222180000000008,0.01879734999999999,0.15157385999999995,-0.013583669999999992,0.2047196,-0.02916183,0.11660740000000003,0.0016945899999999958,0.005681360000000024,-0.009569260000000024,0.012505600000000006,0.19309433519834523,0.20404941294419443
0.07552953499999998,-0.312294735,0.073838815,-0.323405455,0.07689152500000002,-0.332078235,0.04537699500000003,-0.331236835,0.044827094999999983,-0.350455985,0.004390594999999997,-0.278233985,0.008804695000000029,-0.266782335,0.05049009500000001,-0.167509385,0.05972145499999998,-0.118898705,0.115130695,-0.180451405,0.15209809500000004,-0.13560838500000005,0.003878965000000012,-0.0063373349999999995,-0.003878965000000012,0.0063373349999999995,0.038983955000000015,0.147589435,-0.018030035,0.20262502500000001,0.059712455,0.29620536499999994,-0.044252705,0.319893765,0.046099500000000015,0.1107246,0.06464059999999999,-0.012942019999999999,0.05091675999999995,0.14788363,0.09237664000000007,-0.01670968000000006,0.03510499,0.15392677,0.020728499999999983,0.14861592999999995,-0.014151069999999988,0.19628769000000001,-0.026222670000000003,0.11726873999999998,0.004414100000000032,0.011451650000000035,-0.007757930000000024,0.012674669999999999,0.20662201431589472,0.21089672987640665
0.08033352500000002,-0.301989925,0.07744078500000001,-0.312207665,0.08292695500000002,-0.320491705,0.047949605000000006,-0.322096975,0.05389561500000001,-0.341181225,0.007963264999999997,-0.273486675,0.016291685,-0.266615955,0.050066615000000037,-0.15723002500000005,0.065012715,-0.11878492500000004,0.11700072500000003,-0.16788142500000003,0.15658345500000004,-0.12729422499999998,0.002692815000000015,-0.0045770750000000415,-0.0026928149999999595,0.0045770750000000415,0.037210045000000025,0.15457747499999996,-0.017033615000000002,0.199146975,0.05974248500000001,0.311383815,-0.04060901499999997,0.330005675,0.04210335000000004,0.11625664999999996,0.06693410999999999,-0.010651399999999978,0.04872103,0.14783102999999997,0.09157074000000004,-0.008509299999999942,0.03451723000000001,0.15915455,0.022532439999999987,0.15680634000000004,-0.014340800000000042,0.19456989999999996,-0.02357539999999997,0.1308587,0.008328420000000003,0.006870719999999997,-0.005385629999999975,0.009154150000000083,0.19933541837187538,0.20678242175969141
0.08369626000000002,-0.3003274799999999,0.08046307000000003,-0.3093128499999999,0.08648169000000006,-0.31860607999999996,0.04952164000000003,-0.32012854999999996,0.05736251000000003,-0.34024959999999993,0.008622690000000044,-0.2756510099999999,0.016930830000000063,-0.26827388999999996,0.048532920000000035,-0.15311514999999998,0.07177593000000004,-0.11942401999999996,0.11434771000000005,-0.16412434999999992,0.16501859000000008,-0.13006838999999992,0.003073590000000015,-0.00627314999999995,-0.0030735899999999594,0.006273150000000061,0.03423025000000002,0.15462151000000002,-0.016076549999999967,0.21475785000000003,0.056120190000000014,0.31122725000000007,-0.046387109999999954,0.33218005000000006,0.03991022999999999,0.12253585999999994,0.06581479000000001,-0.011009199999999941,0.05484509999999998,0.14884987,0.09324266000000003,-0.010644369999999959,0.031156660000000003,0.16089465999999997,0.021889939999999997,0.15660574000000005,-0.013002960000000008,0.20848469999999997,-0.030310559999999986,0.11742220000000003,0.00830814000000002,0.007377119999999959,-0.006147179999999974,0.01254630000000001,0.19312931192135077,0.21643473960231988
0.08804764000000004,-0.30197179999999996,0.08561757000000003,-0.31049131999999996,0.08972787000000004,-0.32103839999999995,0.05621485000000004,-0.32101669999999993,0.061245170000000015,-0.34351893999999994,0.015324310000000008,-0.27845456999999996,0.02200977000000004,-0.27220169999999994,0.05943520000000002,-0.16312309999999997,0.08322707000000001,-0.12645226999999992,0.13201507,-0.17058529999999994,0.17182037000000006,-0.13463353999999994,0.004247890000000032,-0.007767899999999939,-0.004247889999999976,0.00776790000000005,0.03933327000000003,0.15550363000000011,-0.014487199999999978,0.21660257000000005,0.05422024000000003,0.30564064,-0.05068309999999998,0.32754630000000007,0.044110890000000014,0.11533146999999999,0.07257986999999999,-0.007462199999999974,0.061217299999999975,0.14574943,0.08859330000000004,-0.008181270000000018,0.03508538,0.16327153000000005,0.01488697,0.1501370099999999,-0.010239310000000001,0.20883467,-0.0361959,0.11094373000000002,0.006685460000000032,0.0062528700000000215,-0.008495780000000008,0.015535799999999989,0.20696366354486576,0.22644690833283904
0.09316438500000002,-0.297637105,0.090885665,-0.306755365,0.09369328500000002,-0.31638464499999996,0.06223896499999998,-0.315796105,0.06462538499999998,-0.335962325,0.02202293500000002,-0.272230305,0.028174374999999974,-0.265780905,0.066568815,-0.15788960500000004,0.09206193499999998,-0.12374150500000003,0.135598575,-0.16288706499999994,0.178716865,-0.125971905,0.0046448450000000086,-0.007582454999999988,-0.0046448450000000086,0.007582454999999988,0.03937741500000003,0.15700754500000003,-0.013006004999999987,0.21760649499999996,0.05649316500000001,0.30881529500000005,-0.050065305000000004,0.332089395,0.04454587999999998,0.11434069999999996,0.06902976,-0.004997459999999898,0.06388756000000001,0.14203939999999998,0.08665493000000002,-0.0022303999999999657,0.03473257000000002,0.16459000000000001,0.017115749999999985,0.15180775000000002,-0.008361159999999979,0.21002403999999997,-0.03705930000000002,0.11448290000000005,0.0061514399999999525,0.006449399999999994,-0.009289690000000017,0.015164909999999976,0.2031462559048652,0.22684418389972819
0.09899043499999999,-0.29081055999999994,0.095483335,-0.3005439899999999,0.10038608500000001,-0.30877638999999996,0.06509980500000001,-0.31253301999999994,0.07058489499999998,-0.3299735199999999,0.025720774999999974,-0.2702122599999999,0.03435349500000001,-0.2630073399999999,0.08019051500000002,-0.15367573999999995,0.10622537500000001,-0.12172883999999995,0.150071505,-0.1574793499999999,0.196819435,-0.12583404999999992,0.003565134999999997,-0.005513249999999914,-0.003565134999999997,0.005513250000000025,0.03556573499999999,0.1592849100000001,-0.014774385000000001,0.21639204,0.05787256499999999,0.3123550100000001,-0.045442015,0.33632791000000006,0.054469740000000044,0.11653651999999998,0.06988098999999998,-0.0038036099999999573,0.07187188,0.14127849999999997,0.09059405999999998,-0.00410520999999997,0.03200059999999999,0.16479816000000003,0.02230683,0.1530701,-0.011209250000000004,0.21087878999999998,-0.03066763,0.11993587000000006,0.008632720000000038,0.0072049200000000035,-0.007130269999999994,0.011026499999999939,0.211087214202535,0.2395956784071342
0.10695727500000002,-0.29346922,0.10192634500000003,-0.30416402,0.107743755,-0.31119511,0.06938432500000002,-0.31492144,0.077171775,-0.32904476,0.029989254999999992,-0.26928969999999997,0.042514814999999984,-0.26071424,0.09227077500000003,-0.15661725999999998,0.11636613499999998,-0.12573773,0.16752747499999998,-0.15500775999999994,0.205237475,-0.12960260999999995,0.0022993250000000187,-0.0055645100000000225,-0.002299324999999963,0.0055645100000000225,0.03512565500000003,0.15916878,-0.012717924999999963,0.21619524,0.06176720499999999,0.31048769,-0.045305625000000016,0.33506274,0.062281520000000035,0.11267243999999998,0.07525669999999995,0.0016095000000000415,0.07385132,0.13497651,0.08887134000000002,-0.0038648799999999595,0.032826330000000015,0.16473329000000003,0.02664154999999996,0.15131890999999997,-0.0104186,0.21063073,-0.03258770000000005,0.11886750000000001,0.012525559999999991,0.00857545999999998,-0.004598649999999982,0.011129020000000045,0.22278605549491862,0.24767251297496534
0.11201354499999999,-0.29086650000000003,0.10695806499999999,-0.30328354,0.112687975,-0.3081296,0.07409030499999997,-0.31729028000000004,0.08344083499999999,-0.326034,0.031876004999999985,-0.27440024,0.05112305499999997,-0.25770044000000003,0.09362056499999999,-0.17353589000000003,0.125068935,-0.13087890000000002,0.17492760499999999,-0.16478055999999996,0.21602913500000004,-0.12829630000000003,7.727499999998777e-05,-0.007700700000000005,-7.727499999998777e-05,0.007700700000000005,0.03812430499999997,0.14808535,-0.010542494999999985,0.21820366000000002,0.06497946500000001,0.30006069999999996,-0.04438079500000003,0.3324064,0.061744560000000004,0.10086434999999999,0.08130704,0.008755330000000061,0.07394588000000002,0.12682154,0.09096020000000005,0.0025825999999999905,0.03804702999999998,0.15578605,0.026855160000000045,0.15197534999999995,-0.010465219999999997,0.21050296000000002,-0.03383830000000004,0.11420273999999997,0.019247049999999988,0.016699799999999987,-0.00015454999999997554,0.01540140000000001,0.2350462089009914,0.2553373542043704
0.11583342500000005,-0.28532898999999995,0.11125980500000004,-0.29786229999999997,0.11631347500000006,-0.30260089999999995,0.07960197500000005,-0.31277514999999995,0.08731474500000003,-0.32152127999999996,0.036753915000000026,-0.27080928,0.055855575000000046,-0.25488374999999996,0.09981667500000002,-0.17355642999999998,0.12981277500000005,-0.12994927999999994,0.18153087499999998,-0.16547267999999993,0.21944500500000008,-0.12543647999999996,5.597500000004141e-05,-0.007203320000000013,-5.59749999999859e-05,0.007203320000000013,0.03862607500000004,0.14792172000000003,-0.009451694999999982,0.21489658,0.06380664500000005,0.3014099800000001,-0.045573424999999945,0.33325382000000003,0.06306276,0.09725285,0.08171419999999996,0.008083750000000056,0.0739572,0.12493447000000002,0.08963223000000003,0.0045127999999999835,0.038570099999999996,0.15512504000000005,0.025180570000000013,0.15348826000000004,-0.009395719999999996,0.20769326,-0.03612172999999996,0.11835724000000003,0.01910166000000002,0.01592553000000002,-0.0001119500000000273,0.014406640000000026,0.2407952027030845,0.2564644161769824
0.11646194999999998,-0.28426734000000003,0.11198617999999999,-0.29603402000000006,0.11704255999999996,-0.30189867000000004,0.0802175,-0.3089943600000001,0.08778144999999998,-0.32058650000000005,0.036185999999999996,-0.26731382000000004,0.05655850999999995,-0.2555040800000001,0.09688697999999996,-0.16486604000000005,0.13187452,-0.12973303000000003,0.17642258,-0.15755090000000005,0.21984727999999998,-0.12935293000000003,-1.7150000000021315e-05,-0.005760200000000104,1.7149999999965804e-05,0.005760199999999993,0.03284434999999997,0.15487589999999996,-0.013296380000000052,0.2113562,0.06109954999999995,0.30849059999999995,-0.047074450000000045,0.33355139999999994,0.06070097999999996,0.10244777999999999,0.07953560000000004,0.007315139999999998,0.07531601000000004,0.12577105000000005,0.08797275999999998,0.00038009999999999433,0.03286149999999999,0.16063610000000006,0.02825519999999998,0.1536147,-0.013313530000000018,0.205596,-0.03377806999999999,0.12219519999999995,0.020372509999999955,0.011809739999999957,3.429999999998712e-05,0.011520400000000097,0.2327474917780273,0.258032641257291
0.12440953500000002,-0.27708355,0.11940705499999998,-0.2893804,0.12518043499999998,-0.29420185,0.08626665500000003,-0.30413367999999996,0.09729112499999998,-0.31298095,0.04556031500000002,-0.26637402,0.06212781500000003,-0.2532736,0.10845492499999998,-0.15809419999999996,0.13852838500000003,-0.1264339,0.19761220500000004,-0.14580380000000004,0.22884365499999998,-0.12483195000000002,0.0014564850000000074,-0.006412199999999979,-0.0014564850000000074,0.006412199999999979,0.03719018499999999,0.15355584,-0.015236844999999999,0.2186473,0.061907394999999976,0.30338064,-0.046439905000000004,0.3347719,0.06289460999999996,0.10827982000000003,0.08915728000000006,0.012290399999999924,0.07640057,0.1268397,0.09031526999999995,0.0016019499999999631,0.03573369999999998,0.15996803999999998,0.02471720999999999,0.14982479999999998,-0.013780359999999992,0.2122351,-0.031203060000000005,0.11612460000000002,0.016567500000000013,0.013100420000000002,-0.0029129700000000147,0.012824399999999958,0.24063890923804993,0.26507203057516665
0.12865708999999997,-0.27388280500000006,0.12404828000000001,-0.28599956500000007,0.12987834999999998,-0.29081072500000005,0.09093291999999997,-0.30054024500000004,0.10286502999999997,-0.30953666500000004,0.04919370000000001,-0.26570492500000004,0.06566338999999999,-0.25108462500000006,0.10913204999999998,-0.16086048500000005,0.14252839999999994,-0.126421695,0.19661389999999995,-0.13968282500000007,0.23435531999999998,-0.12003632500000005,0.0017719999999999958,-0.00660187500000009,-0.0017719999999999958,0.006601874999999979,0.03844775,0.15376317499999992,-0.015325470000000008,0.21904477499999997,0.06213862999999997,0.30375727499999994,-0.04592387000000003,0.33526247499999995,0.059938349999999974,0.10484443999999998,0.08748184999999997,0.021177659999999987,0.07686500999999996,0.12466293000000006,0.09182692000000003,0.006385369999999946,0.03667575000000001,0.16036505,0.02369087999999997,0.14999410000000002,-0.013553470000000012,0.2124429,-0.030598400000000026,0.11621769999999998,0.01646968999999998,0.014620299999999975,-0.0035439999999999916,0.01320375000000007,0.23595318444240687,0.2679428016380033
0.13390983999999995,-0.27105304,0.12880809999999998,-0.28380242,0.13477783999999993,-0.28779965,0.09454806999999998,-0.29927477,0.10732483999999998,-0.30570355,0.05095613999999998,-0.26632905,0.07148463999999999,-0.2474424,0.10612057999999996,-0.16320311999999998,0.14847014000000003,-0.12303235999999995,0.19077723999999996,-0.13624230000000004,0.23923998000000002,-0.11369993999999994,0.0008034599999999781,-0.007366899999999954,-0.0008034600000000336,0.007366899999999954,0.03861871,0.15402033999999998,-0.015740790000000005,0.22156385,0.06385620999999997,0.30376706,-0.04657573000000004,0.3371847,0.05516443999999998,0.10312593000000003,0.08465666,0.02696081999999994,0.07698550000000004,0.12441004000000006,0.09076983999999999,0.009332420000000008,0.03781525000000002,0.16138723999999993,0.02523749999999997,0.14974672,-0.014937329999999971,0.21419695000000005,-0.030834940000000033,0.11562085,0.020528500000000005,0.018886650000000005,-0.0016069200000000117,0.014733799999999908,0.22956242247512637,0.2688457417081758
0.13722193000000005,-0.26599526999999995,0.13192782000000003,-0.27889966999999993,0.13860851000000007,-0.28264644999999994,0.09730366000000007,-0.29623988999999995,0.11252391000000006,-0.30196264999999994,0.05195768000000006,-0.26579954999999994,0.07680268000000007,-0.24579984999999993,0.10251784000000003,-0.1620321899999999,0.15161068,-0.12148534999999994,0.18522388,-0.12587484999999998,0.24327838000000002,-0.10565104999999997,-0.0004942399999999791,-0.007449249999999963,0.0004942400000000347,0.007449250000000074,0.039839380000000035,0.15237615000000004,-0.01426183999999997,0.2189002000000001,0.06411612000000005,0.30336035000000006,-0.04628306999999998,0.33792525000000007,0.050560159999999965,0.10376736000000003,0.08270603999999998,0.03615733999999993,0.07480799999999993,0.1243145,0.09166770000000002,0.015834299999999968,0.040333620000000014,0.1598254,0.02427674000000002,0.1509842,-0.014756080000000005,0.21145095000000003,-0.03202123000000001,0.11902504999999997,0.024845000000000006,0.01999970000000001,0.0009884800000000138,0.014898500000000037,0.22026312181501106,0.26783542800688187
0.14184072000000003,-0.26538525500000004,0.13665638000000002,-0.27868655500000006,0.14276304000000006,-0.2819631550000001,0.10256403000000003,-0.2963832250000001,0.11625308000000006,-0.3011101750000001,0.05765741000000002,-0.26556565500000007,0.08073938000000003,-0.24526845500000005,0.10963743000000004,-0.15966149500000004,0.15696428000000007,-0.11798831500000007,0.1956934800000001,-0.12104859500000009,0.24541298,-0.09986815500000013,0.00020538000000003276,-0.0073204950000000935,-0.00020537999999997725,0.007320494999999982,0.04063148000000005,0.15355530499999992,-0.01568493999999998,0.21954834499999998,0.06377896000000005,0.30240181499999996,-0.047301749999999976,0.33635774499999993,0.051980020000000016,0.10590416000000002,0.08605605000000005,0.03861289999999995,0.07622490000000004,0.12728013999999999,0.08844869999999994,0.01812015999999994,0.04042610000000002,0.1608758,0.023147479999999998,0.14884651000000004,-0.015479560000000003,0.21222785,-0.031616809999999995,0.11680939999999995,0.023081970000000007,0.020297200000000015,-0.00041076000000001,0.014640990000000076,0.2261629456193477,0.2679884054542512
0.14392189000000005,-0.26165881,0.13869232000000004,-0.2756581,0.14539299,-0.27846318,0.10319419000000002,-0.29072058,0.11933914000000001,-0.29479631,0.05813593,-0.25886125,0.08107385,-0.23660255000000002,0.10918999000000001,-0.15552305,0.15594629,-0.10999875000000003,0.19745059000000004,-0.11299619000000005,0.24794865000000005,-0.09349805,3.561000000001924e-05,-0.005710949999999992,-3.561000000001924e-05,0.005710949999999992,0.03452401999999999,0.16095391000000003,-0.02308980999999999,0.22041670000000002,0.06214696000000003,0.31339805,-0.04710536999999998,0.34033645,0.05105406000000001,0.10333819999999999,0.08826060000000002,0.042526859999999944,0.07487243999999998,0.1266038,0.09200236000000006,0.016500700000000035,0.03448840999999997,0.16666486000000003,0.02762294000000004,0.15244413999999995,-0.02305419999999997,0.21470575000000003,-0.02401555999999999,0.11991974999999999,0.02293792,0.022258699999999965,-7.122000000003847e-05,0.011421899999999985,0.22468377122137242,0.267092903104421
0.14560107500000008,-0.25670023000000003,0.141822075,-0.27057452000000004,0.14706464500000005,-0.27405948,0.10879095500000002,-0.28747008,0.12120573500000004,-0.29349614,0.060201875000000016,-0.25768868,0.08475897500000001,-0.23681008000000003,0.11175941500000003,-0.15452507999999998,0.16065217500000006,-0.10760888000000002,0.20415327500000002,-0.11148078000000006,0.253456675,-0.08775915000000001,-0.0005186949999999579,-0.00523962,0.0005186950000000135,0.00523962,0.03442277500000002,0.16051872,-0.022502494999999956,0.21744255999999995,0.06356347500000004,0.31321071999999994,-0.04777957499999996,0.33827827999999993,0.05155754000000001,0.10316360000000002,0.09239386,0.043044299999999924,0.07589320000000005,0.12920120000000002,0.09280449999999996,0.01984973000000001,0.034941469999999974,0.16575834,0.02914070000000002,0.15269199999999994,-0.02302118999999997,0.21220293999999995,-0.025277080000000007,0.12083571999999998,0.0245571,0.02087859999999997,0.0010373899999999714,0.01047924,0.23060312092820104,0.26949284396434964
0.15108769000000005,-0.24843132,0.14623641000000004,-0.26218020000000003,0.15309202000000005,-0.26480935000000005,0.11120085000000002,-0.28077628000000004,0.1281039,-0.28418435000000003,0.06034683000000002,-0.25494775000000003,0.09143137000000001,-0.23084511000000002,0.09764522000000003,-0.15339795,0.16343347999999996,-0.10294055000000002,0.17704831999999998,-0.11221425000000007,0.25605795000000003,-0.07816575000000003,-0.002249549999999989,-0.005950750000000005,0.002249549999999989,0.005950750000000005,0.035552110000000026,0.15909825,-0.019882869999999997,0.21912807999999995,0.06273655,0.3105709099999999,-0.04605437000000001,0.3412149,0.037298390000000015,0.10154980000000002,0.07940309999999995,0.041183699999999934,0.07200210999999995,0.12790456,0.09262447000000007,0.024774799999999986,0.037801660000000015,0.165049,0.027184439999999976,0.15147265999999993,-0.022132419999999986,0.21317732999999994,-0.026171500000000014,0.12208682000000004,0.031084539999999994,0.02410264000000001,0.004499099999999978,0.01190150000000001,0.20842182615740346,0.26738416086748673
0.15263732500000005,-0.2438453,0.1480938850000001,-0.25794627000000003,0.15472066500000003,-0.26031102,0.11376285500000005,-0.27868955,0.13029298500000003,-0.28153648000000003,0.060731175000000026,-0.25459926,0.09504598500000006,-0.22925104000000002,0.09241619500000003,-0.15186191999999998,0.16592818500000006,-0.09859942,0.1685668250000001,-0.10895571999999998,0.255676565,-0.07350345000000003,-0.0031256049999999758,-0.005758180000000057,0.0031256050000000313,0.005758179999999946,0.03558674500000003,0.16301153000000002,-0.021640714999999977,0.21993342999999999,0.06317800500000004,0.31305308,-0.04684772499999995,0.33994608000000004,0.03168502000000001,0.10273734000000001,0.07615063000000005,0.042906200000000005,0.0708822,0.13065162000000002,0.08974837999999996,0.025095969999999967,0.038712350000000006,0.16876971000000007,0.027591260000000006,0.15004154999999997,-0.02476632000000001,0.21417525000000004,-0.025207009999999974,0.12001265000000005,0.03431481000000003,0.025348219999999977,0.006251210000000007,0.011516360000000003,0.2003198012712585,0.2646967951962745
0.15206400499999995,-0.24118603500000002,0.147393365,-0.254897975,0.15491990499999997,-0.25756167500000005,0.112766005,-0.276467935,0.13146476500000004,-0.28002799500000003,0.05910159500000001,-0.253538625,0.09542013500000002,-0.228350445,0.09092346499999998,-0.15204707500000003,0.16182760500000004,-0.097991575,0.17066376500000002,-0.10467962500000005,0.25230632499999994,-0.067552375,-0.004067405000000024,-0.005636175000000021,0.004067404999999968,0.005636175000000021,0.033054215,0.16409902499999995,-0.023468274999999983,0.21985682499999992,0.060865504999999986,0.313746725,-0.04922502499999998,0.33931095499999997,0.031821869999999974,0.10149154999999999,0.07974030000000004,0.04736744999999998,0.06640747000000002,0.13035887000000002,0.0904787199999999,0.0304392,0.03712162000000002,0.16973519999999997,0.02781128999999999,0.14964770000000005,-0.02753567999999995,0.2142206499999999,-0.025756749999999995,0.11945413000000005,0.03631854000000001,0.025188180000000004,0.008134809999999992,0.011272350000000042,0.20084966207955499,0.25880325587957526
0.15652924999999995,-0.23661443000000004,0.15201118999999996,-0.25066178000000006,0.15854838999999998,-0.25299367000000006,0.11776713,-0.2713221800000001,0.13347558999999998,-0.27372345000000003,0.06243763000000002,-0.24733802000000005,0.09908999000000002,-0.22143038000000004,0.08843120999999998,-0.14499855000000006,0.16727174,-0.08890640000000005,0.15477708999999995,-0.09960325000000003,0.25640479000000005,-0.05459421000000009,-0.0038096899999999767,-0.005507650000000086,0.0038096899999999767,0.005507649999999975,0.03369755000000002,0.1657907999999999,-0.02126117999999999,0.22007104999999993,0.06355599,0.31599055,-0.04828131000000002,0.34235635,0.02599357999999996,0.10233946999999999,0.06634587999999997,0.04539530000000003,0.06818174999999999,0.13252397999999999,0.08913305000000005,0.034312189999999965,0.03750724,0.17129845,0.029858439999999986,0.15019975000000008,-0.025070869999999967,0.21456339999999996,-0.02702013000000003,0.12228530000000004,0.036652359999999995,0.02590764000000001,0.007619379999999953,0.011015300000000061,0.18440105403746576,0.2596469104754949
0.15845232499999995,-0.23367592999999998,0.154713325,-0.24747062999999997,0.16001891499999998,-0.24995996999999998,0.12214710499999998,-0.26752702999999994,0.134198245,-0.27058722999999996,0.066867185,-0.24270199999999997,0.099645645,-0.21902752999999997,0.09559368499999998,-0.13804872999999995,0.16722258499999998,-0.08669708999999992,0.165241415,-0.09173173000000001,0.256337485,-0.04912412999999993,-0.0027409849999999736,-0.005279769999999906,0.0027409849999999736,0.005279770000000017,0.033427715000000024,0.16320277000000005,-0.02015151500000001,0.21901477000000003,0.06134855500000003,0.3135294700000001,-0.04986635499999997,0.34279767000000005,0.028726499999999988,0.10465327000000002,0.06964773000000002,0.04631699999999994,0.06757693999999997,0.13233044000000005,0.0891149,0.03757295999999999,0.0361687,0.16848253999999996,0.027920840000000002,0.15032670000000004,-0.022892499999999982,0.213735,-0.029714839999999965,0.12378290000000003,0.03277846000000001,0.023674470000000003,0.005481969999999947,0.010559539999999923,0.1889233392082662,0.2593664765297551
0.1624087999999999,-0.2350989,0.1577807,-0.24938311999999996,0.16376619999999997,-0.25078329,0.12359939999999997,-0.26901706999999997,0.13699225999999998,-0.26921355999999996,0.06811962999999999,-0.24296533999999997,0.10238251999999998,-0.21697881999999996,0.09090629999999994,-0.13887693999999995,0.16841297,-0.08526193999999998,0.15081212999999993,-0.09642169,0.256367,-0.04475417999999998,-0.0028907200000000133,-0.005463389999999957,0.0028907199999999578,0.005463390000000068,0.031717519999999944,0.16467092000000005,-0.021906780000000015,0.22034516000000004,0.06247363999999994,0.3142235,-0.05067794000000003,0.34094556,0.022786669999999953,0.10408840000000003,0.05990582999999999,0.042455249999999944,0.06603045000000002,0.13171687999999998,0.08795403000000002,0.040507760000000004,0.03460823999999996,0.17013431,0.030756119999999998,0.14955257999999994,-0.024797499999999972,0.21488176999999997,-0.028771160000000018,0.12060039999999994,0.03426288999999999,0.025986520000000013,0.005781439999999971,0.010926780000000025,0.17860005161536904,0.2584028422044605
0.16469280499999994,-0.23171425000000007,0.15984718499999995,-0.24625185000000005,0.16606740499999995,-0.24717420000000007,0.125490445,-0.26687977,0.13954114500000003,-0.26586953,0.070416845,-0.24208552000000005,0.10407916499999997,-0.21506470000000005,0.09352160500000001,-0.1377999000000001,0.16694504499999996,-0.08433920000000006,0.15409304499999998,-0.09241770000000005,0.25567654500000003,-0.04072570000000009,-0.00279371500000003,-0.005831100000000089,0.0027937149999999744,0.005831099999999978,0.03219944499999999,0.1629522,-0.021029375000000017,0.22162934999999995,0.06222019499999998,0.31326314999999993,-0.05101945500000005,0.3423902,0.023104760000000002,0.10428561999999997,0.060571439999999976,0.04538220000000004,0.06286587999999999,0.1307255,0.08873150000000007,0.04361349999999997,0.03499316000000002,0.16878330000000008,0.030020749999999985,0.15031094999999994,-0.02382308999999999,0.21579824999999997,-0.02999008000000003,0.12076085000000003,0.03366231999999997,0.02702082,0.005587430000000004,0.011662200000000067,0.17919457235881225,0.2571327698583923
0.16403153999999998,-0.22428314500000002,0.15950209000000004,-0.23878411500000002,0.16575718000000006,-0.23963610500000004,0.12602954000000005,-0.26033685500000003,0.14101910000000006,-0.25925995500000004,0.07074702000000005,-0.23777995500000004,0.10611558000000004,-0.21003207500000004,0.09410214000000006,-0.13428263500000004,0.16543094000000003,-0.07824167500000001,0.15933474000000003,-0.085304975,0.25475304,-0.03330947500000003,-0.003705619999999965,-0.005888475000000004,0.0037056200000000206,0.005888475000000004,0.03122917000000003,0.16207502499999993,-0.01933735999999997,0.21983667499999993,0.06051722000000004,0.31353672499999996,-0.050937979999999994,0.343256625,0.023355120000000007,0.10349732,0.06523259999999997,0.048977660000000034,0.059315359999999984,0.13179040000000003,0.08932209999999996,0.04493219999999998,0.03493478999999999,0.16796349999999993,0.02928805000000001,0.15146170000000003,-0.02304297999999999,0.21394819999999992,-0.031600620000000024,0.12341995000000006,0.03536855999999999,0.027747880000000003,0.007411239999999986,0.011776950000000008,0.18135363095670182,0.254089130764893
0.16391216499999994,-0.22508281000000008,0.15939478500000004,-0.23968881000000009,0.165325815,-0.24034569000000006,0.126211415,-0.26018459000000005,0.14052751500000005,-0.25864348000000004,0.07221989499999998,-0.23569221000000007,0.10534535499999997,-0.20895159000000008,0.09475271499999999,-0.13106275,0.16359331499999996,-0.07753647000000008,0.16336601500000003,-0.08095211000000002,0.25365931499999994,-0.03051361000000008,-0.0029677850000000006,-0.005552050000000031,0.0029677850000000006,0.0055520499999999195,0.03088603499999998,0.16331628999999992,-0.02135948500000001,0.2187852899999999,0.058965455,0.3154532899999999,-0.05260618500000003,0.34374105999999993,0.02253282000000001,0.10462946000000006,0.06861330000000004,0.050110639999999984,0.05824795999999999,0.13141512,0.09006599999999998,0.04702286,0.03385381999999998,0.16886833999999995,0.02807942000000002,0.15213699999999997,-0.024327270000000012,0.21323324,-0.031246700000000016,0.12495577000000002,0.033125459999999995,0.026740619999999993,0.005935570000000001,0.01110409999999995,0.18262557890515668,0.253272531169443
0.16620517,-0.22415470999999998,0.16191906999999994,-0.23852275,0.16755103000000005,-0.23967330999999997,0.12883157,-0.25844129,0.14217557000000003,-0.25817823,0.07437453999999999,-0.23350905,0.10599179999999997,-0.2085227,0.09902354000000002,-0.12731055000000002,0.16475806999999998,-0.07678421999999996,0.16889036999999996,-0.07499559999999994,0.25323326999999995,-0.02753715000000001,-0.002468389999999987,-0.005363549999999995,0.002468389999999987,0.005363549999999995,0.03238657,0.16303382,-0.02041735,0.21928044999999996,0.05889945000000002,0.31506739000000006,-0.05289440000000001,0.34338590999999996,0.024649000000000032,0.10619849999999997,0.06986682999999994,0.05231495000000008,0.05876627000000001,0.13173848000000005,0.08847519999999998,0.04924706999999995,0.03485495999999999,0.16839737,0.026512880000000016,0.15203357000000006,-0.022885739999999988,0.21391689999999997,-0.03247705000000001,0.12410546,0.03161725999999998,0.02498634999999999,0.004936779999999974,0.01072709999999999,0.18496606990456405,0.25291397964901896
0.16559689,-0.22059205000000004,0.16170353000000004,-0.23481455000000007,0.16692054,-0.23597172000000005,0.12930969000000003,-0.25424874000000003,0.14222384,-0.25396720000000006,0.07424077000000001,-0.22990263000000005,0.10647455,-0.20473036000000006,0.09446135,-0.12674543000000005,0.16192289000000004,-0.07391060000000005,0.16293079,-0.07181500000000007,0.24946489000000005,-0.022226300000000032,-0.00277763999999997,-0.005066500000000085,0.0027776400000000256,0.005066499999999974,0.031229090000000015,0.16460809999999992,-0.019920910000000014,0.21667959999999997,0.058003589999999994,0.31604389999999993,-0.05245906,0.34210034999999994,0.020220579999999988,0.1031572,0.06846943999999999,0.054930429999999975,0.05544834000000004,0.13081976,0.08754200000000001,0.051684300000000016,0.034006729999999985,0.1696746,0.02677449999999998,0.1514358,-0.02269855000000004,0.2116131,-0.03253814999999999,0.12542074999999997,0.03223377999999999,0.025172269999999997,0.005555279999999996,0.010133000000000059,0.17864670728931695,0.24819245807317053
0.16766218,-0.220737835,0.16360413000000007,-0.235194105,0.16846952999999998,-0.23595863499999997,0.13097293,-0.25319523499999996,0.14320467000000003,-0.251753105,0.07647280000000001,-0.227415135,0.10703991000000002,-0.20192368499999996,0.09254469000000004,-0.12569993499999998,0.16062830000000006,-0.07253893499999997,0.15659539,-0.07188483499999998,0.24819433000000002,-0.020361434999999983,-0.00209935,-0.004990564999999947,0.00209935,0.004990565000000058,0.03151343000000001,0.165875805,-0.019480339999999985,0.216830505,0.05769268999999999,0.31741146500000006,-0.05316036999999996,0.34425186500000005,0.016071890000000033,0.1017152,0.06405069999999996,0.053815100000000005,0.05358839000000004,0.12938475,0.08756602999999996,0.05217749999999999,0.03361278000000001,0.17086636999999993,0.026179259999999982,0.15153566000000007,-0.021579689999999985,0.21183993999999995,-0.03368002999999997,0.12742136000000004,0.03056711000000001,0.025491450000000027,0.0041987,0.009981130000000005,0.17221749000174316,0.24739737889719124
0.17259649999999999,-0.21835726,0.16745634000000004,-0.23267102,0.17434767999999995,-0.23336050000000003,0.13246114000000003,-0.25104082,0.14997244000000004,-0.24948087000000002,0.07926741999999998,-0.22729999,0.11167383999999997,-0.20106026,0.10224721999999997,-0.12072596000000002,0.16878341000000002,-0.06863441999999997,0.16593354,-0.06732126999999999,0.25246573999999994,-0.017833520000000047,-0.002577739999999995,-0.005408019999999958,0.002577739999999995,0.005408019999999958,0.03396368999999999,0.16344740999999996,-0.01768945999999999,0.21931668000000004,0.060447839999999975,0.31565473,-0.05006172000000003,0.34420258000000004,0.022979799999999995,0.10657402999999999,0.06368632000000002,0.05340469000000003,0.057109570000000054,0.13242584000000002,0.08368232999999992,0.05080089999999993,0.036541429999999986,0.16885542999999992,0.026484149999999984,0.15220732000000003,-0.020267199999999985,0.21390866000000008,-0.03237226000000004,0.1248859,0.03240641999999999,0.026239730000000017,0.00515547999999999,0.010816039999999916,0.17952521274963273,0.25096649522510284
0.17323077500000006,-0.21674786000000007,0.16763434499999996,-0.23128770000000004,0.17545337500000002,-0.23143265000000002,0.13186577499999996,-0.25057266000000006,0.15210810500000005,-0.24768684000000002,0.07852977500000002,-0.22812772000000003,0.11370644499999999,-0.19971008000000007,0.09730419500000004,-0.12279830000000003,0.16913907500000003,-0.06667750000000006,0.156769775,-0.07264930000000003,0.252939315,-0.017602870000000048,-0.003358274999999966,-0.005604800000000076,0.0033582750000000217,0.005604799999999965,0.03423303500000002,0.16484869999999996,-0.01770406499999999,0.21963329999999992,0.06059572499999999,0.3180347,-0.04977109499999999,0.34430867,0.018774420000000014,0.10532942,0.05946557999999996,0.050149,0.05543263000000004,0.13303258,0.08380023999999997,0.04907463000000001,0.03759130999999999,0.17045350000000004,0.026362689999999966,0.15318600000000004,-0.021062340000000013,0.21402849999999995,-0.032067029999999996,0.12467537000000006,0.035176669999999965,0.028417639999999966,0.006716549999999988,0.011209600000000042,0.1735971122370775,0.25065771776330864
0.17189438499999998,-0.21885758000000005,0.166341215,-0.23306563000000008,0.174308385,-0.23348075000000007,0.13064941499999994,-0.2516341800000001,0.15178878500000004,-0.24943030000000005,0.080012535,-0.22969013000000005,0.11166298499999999,-0.20247456000000008,0.10045008499999997,-0.12251585000000009,0.167268125,-0.06852130000000012,0.15875698500000002,-0.07209265000000009,0.252261135,-0.0199083000000001,-0.002102164999999989,-0.005253000000000063,0.002102164999999989,0.005252999999999952,0.03391221499999997,0.16393482999999998,-0.01937361500000001,0.21719959999999994,0.059339644999999996,0.3179217999999999,-0.05099461500000002,0.3422547599999999,0.02043754999999997,0.10717427999999996,0.05830690000000005,0.0504232,0.05560514,0.13395325999999996,0.08499301000000004,0.04861300000000002,0.03601437999999996,0.16918783000000004,0.02542743000000003,0.15398696999999995,-0.02147578,0.21194659999999999,-0.03162100000000001,0.12505515999999994,0.03165045,0.027215569999999967,0.004204329999999978,0.010506000000000015,0.17419301062569933,0.25142116316879715
0.17165710499999998,-0.21799344999999998,0.16667600500000002,-0.23191136999999995,0.17447785500000002,-0.23283729999999997,0.13188370500000002,-0.25082266999999997,0.15278070499999996,-0.25016297,0.08053548499999996,-0.22981104999999996,0.11192910499999997,-0.20399236999999998,0.10199166499999995,-0.12195384999999992,0.16662060499999998,-0.06994042,0.16594617499999997,-0.06837591999999992,0.252919655,-0.021161089999999994,-0.002122325000000036,-0.005076819999999982,0.0021223249999999805,0.005076819999999982,0.034402445000000004,0.16369368000000006,-0.019336355000000027,0.21696501,0.05963670499999996,0.31668615,-0.050797865,0.34169678000000003,0.02145617999999999,0.10785720000000004,0.06395451000000002,0.053577929999999996,0.054691500000000004,0.13405194999999998,0.08629905000000004,0.04877933000000001,0.03652477000000004,0.16877050000000005,0.025234259999999953,0.15299246999999994,-0.021458680000000008,0.21188819000000003,-0.03146150999999997,0.12473177000000002,0.03139362000000001,0.025818679999999983,0.0042446500000000165,0.010153639999999964,0.17959342068422215,0.2521660735632314
0.17248709,-0.21744087,0.16717193999999996,-0.23166409999999998,0.17526464000000003,-0.23223509999999997,0.13189889000000005,-0.25066137,0.15376399000000002,-0.24909174,0.08201824000000002,-0.22989198,0.11222219,-0.20300424,0.10657115,-0.120618,0.16597529000000005,-0.0678202,0.16992859,-0.06446359999999995,0.25246344000000004,-0.020094959999999995,-0.001891709999999991,-0.005277499999999935,0.001891709999999991,0.005277500000000046,0.03395225000000002,0.16270669999999998,-0.018248409999999993,0.21661123999999998,0.06067506,0.31561295,-0.04938250999999999,0.34032570000000006,0.024552909999999983,0.10927397999999999,0.06335743999999999,0.05615440000000005,0.053753100000000054,0.13518404,0.08648814999999999,0.04772524,0.03584396000000001,0.16798419999999992,0.026722809999999986,0.15290625000000002,-0.020140119999999984,0.21133373999999994,-0.031134099999999998,0.12371446000000008,0.03020394999999998,0.026887739999999993,0.003783419999999982,0.010554999999999981,0.18172839603457683,0.2518530396910955
0.17251996999999997,-0.21303579499999992,0.16739439,-0.22739467499999994,0.17546282000000002,-0.22792461499999994,0.13262174999999998,-0.24702831499999994,0.15479652,-0.24537864499999995,0.08149435,-0.22726309499999992,0.11444611999999998,-0.19939660499999995,0.10291474,-0.11945437499999989,0.16773762000000003,-0.06296487499999992,0.16185972000000004,-0.06657267499999997,0.25244438,-0.01771661499999988,-0.0027853999999999934,-0.0052808249999999335,0.0027853999999999934,0.0052808250000000445,0.03437250000000003,0.16557092500000004,-0.01672524999999997,0.21814072500000004,0.06119072000000003,0.3177972750000001,-0.048303019999999974,0.341858125,0.02142039000000001,0.10780872000000002,0.058944980000000036,0.05288169999999992,0.05329150000000005,0.13643173000000003,0.08470675999999999,0.04524826000000004,0.03715790000000002,0.17085174999999997,0.026818220000000004,0.15222635000000007,-0.019510649999999963,0.2128599,-0.031577770000000005,0.12371739999999998,0.03295176999999999,0.027866489999999966,0.005570799999999987,0.010561649999999978,0.17568354053876792,0.2507159519081185
0.17321029,-0.21133843999999996,0.16831028999999997,-0.22565744,0.17643239,-0.22637465999999995,0.13388906,-0.24650073999999994,0.15615099,-0.24538302999999995,0.08094606999999998,-0.22803003,0.11627591999999998,-0.20009112999999995,0.10059212000000001,-0.12006342999999997,0.16942568999999996,-0.06245446999999993,0.15956468999999995,-0.06690949999999996,0.25409779,-0.01506525999999997,-0.0035176100000000043,-0.00539909999999999,0.0035176100000000043,0.00539909999999999,0.03610806,0.16638360000000008,-0.014923889999999995,0.22008024999999998,0.06257996999999998,0.3184718000000001,-0.047332509999999994,0.3441348000000001,0.019646050000000026,0.10796660000000002,0.058972569999999946,0.053153930000000016,0.053149769999999985,0.13763666000000002,0.08467210000000003,0.04738920999999996,0.03962567,0.17178270000000007,0.026471909999999987,0.1520882,-0.0184415,0.21468115,-0.03240862,0.1240545500000001,0.035329849999999996,0.027938900000000044,0.007035220000000009,0.01079819999999998,0.17429677530422064,0.2514144320420807
0.17323318,-0.21163136999999999,0.16811222000000003,-0.22603154999999997,0.17650027999999995,-0.22659324999999997,0.13339208000000002,-0.24722276999999998,0.15626048000000003,-0.24583307999999998,0.08079293999999998,-0.22850464999999998,0.11650870000000002,-0.20088344999999996,0.10421365999999999,-0.11885555000000003,0.17035818000000003,-0.06357751999999994,0.16858697999999994,-0.06281649,0.25505102,-0.014542749999999938,-0.0037765499999999896,-0.0054781499999999594,0.0037765499999999896,0.0054781500000000705,0.036555119999999997,0.16565914999999998,-0.014225920000000003,0.22039655000000002,0.06340342999999998,0.31737875000000004,-0.04606562000000003,0.34276865,0.023420720000000006,0.10964909999999994,0.06437331999999996,0.05603906000000003,0.053849480000000005,0.13730593000000002,0.08469283999999999,0.049034770000000005,0.040331669999999986,0.17113729999999994,0.026848309999999986,0.15171960000000007,-0.018002469999999993,0.21491839999999995,-0.031839700000000026,0.12237209999999998,0.03571576000000004,0.027621200000000012,0.007553099999999979,0.01095630000000003,0.18165041070148033,0.25207081487270777
0.17511091000000006,-0.21509231999999995,0.1697475,-0.22955737999999998,0.17797314999999997,-0.23008909999999994,0.13426074999999998,-0.24952401999999996,0.15657395000000002,-0.24776809999999994,0.08112079,-0.22964969999999996,0.11704595000000001,-0.20150479999999998,0.10382402000000002,-0.12180225999999994,0.17272125,-0.06462449999999997,0.16377365000000005,-0.06834314999999991,0.25647559999999997,-0.01566682999999991,-0.0036284500000000053,-0.005540199999999995,0.0036284500000000053,0.005540199999999995,0.03698530999999999,0.1648012000000001,-0.013228849999999959,0.2195895,0.06574580000000002,0.31590624,-0.045151289999999955,0.34177540000000006,0.02270323000000002,0.10784744000000002,0.05994963000000003,0.05345911000000003,0.05567529999999998,0.1368803,0.08375434999999998,0.048957670000000064,0.04061376,0.1703414000000001,0.028760490000000027,0.1511050399999999,-0.016857299999999964,0.2140493,-0.031922439999999996,0.12218590000000007,0.03592516000000001,0.028144899999999973,0.0072569000000000106,0.01108039999999999,0.17879506037112017,0.25373493922702756
0.17389436000000003,-0.2127623500000001,0.16881721000000005,-0.22710278000000006,0.17690201000000005,-0.22774905000000006,0.13405520999999998,-0.24883353000000008,0.15586217000000002,-0.24739745000000007,0.08057384000000001,-0.23169525000000007,0.11654911000000001,-0.20303532000000007,0.10356836000000003,-0.12522555000000002,0.17183764,-0.06657201000000013,0.16486396000000003,-0.06976288000000008,0.25613600999999997,-0.01640600000000003,-0.003707069999999979,-0.005820990000000026,0.003707069999999979,0.005820989999999915,0.037786829999999993,0.16324019999999995,-0.012540390000000012,0.22042034999999993,0.06606257999999998,0.31416488,-0.04438002000000002,0.3433767,0.02299452000000002,0.10646970000000006,0.061295600000000006,0.055462669999999936,0.05528853,0.13646330999999995,0.08429836999999996,0.050166010000000094,0.04149389999999997,0.16906118999999997,0.02827574999999999,0.15092468000000003,-0.01624745999999999,0.21459936000000002,-0.03183963000000001,0.12295635000000005,0.035975270000000004,0.02865993,0.007414139999999958,0.01164197999999994,0.18029075808824202,0.25340562115703685
0.17753299999999994,-0.21327595000000005,0.17178729999999998,-0.22798065000000006,0.1802996,-0.22833695000000004,0.13585777999999998,-0.24978641000000007,0.15846932999999996,-0.24751755000000003,0.08211869999999999,-0.23104485000000002,0.11919279999999999,-0.20320521000000002,0.10791344999999997,-0.12165855000000003,0.17567690000000002,-0.0666916500000001,0.17309249999999998,-0.06629551,0.26108654,-0.014530910000000063,-0.004128400000000032,-0.005854150000000002,0.0041283999999999765,0.005854150000000002,0.03998006999999998,0.16437177999999997,-0.008793400000000007,0.22257284999999993,0.06836934,0.31558155,-0.04136978000000002,0.34555399,0.025794749999999977,0.10938629999999999,0.06517905000000002,0.05536304000000003,0.05648410000000004,0.13651355999999992,0.08540963999999995,0.05216074000000004,0.04410847000000001,0.17022592999999997,0.028389270000000022,0.15120977000000002,-0.012921799999999983,0.21671869999999993,-0.032576380000000016,0.12298114000000004,0.0370741,0.02783964,0.008256800000000009,0.011708300000000005,0.1872442399526875,0.2577654677870238
0.17555837000000007,-0.21580445999999998,0.16945282000000006,-0.23033499999999996,0.17831539000000007,-0.23072532999999995,0.13300537,-0.25081823,0.15659808000000008,-0.24843790999999998,0.08097182000000003,-0.23105078999999995,0.11774115000000002,-0.20300563,0.10861658000000002,-0.12302727000000002,0.17620538000000008,-0.06664523,0.17117326,-0.06972908999999994,0.26115142,-0.015226430000000013,-0.004056559999999987,-0.0058364300000000036,0.004056560000000042,0.0058364300000000036,0.039051520000000006,0.16277271000000004,-0.00850892999999997,0.22030757,0.06763352000000006,0.3141098,-0.04089579999999998,0.34530800000000006,0.02764475999999999,0.10802351999999993,0.06255667999999998,0.053298180000000084,0.05846423000000006,0.1363604,0.08494603999999994,0.05141879999999999,0.04310807999999999,0.16860914000000005,0.028582000000000052,0.15133708999999995,-0.012565490000000012,0.21447114,-0.03238687000000001,0.12500043000000005,0.03676932999999999,0.028045159999999958,0.00811312000000003,0.011672860000000007,0.18651477640955952,0.25795621936638624
0.17336162000000005,-0.21499070999999992,0.16795922000000002,-0.22923787999999995,0.17606762000000004,-0.23011617999999995,0.13296892,-0.25119614999999995,0.15371142,-0.25049152999999996,0.08003680000000002,-0.23189764999999996,0.11476222000000003,-0.20684700999999994,0.11132676000000002,-0.11917317999999999,0.17284198,-0.07015247999999996,0.18074788000000003,-0.06406002999999993,0.25914022,-0.017495979999999967,-0.0035809199999999874,-0.0056319199999999014,0.0035809199999999874,0.0056319200000000125,0.03897966000000003,0.15986792000000005,-0.008997009999999972,0.21945192000000002,0.06658800000000004,0.31117262,-0.04236587999999997,0.34104122000000003,0.031289960000000006,0.11272446999999997,0.06942112,0.055113150000000055,0.05807975999999998,0.13669452999999998,0.08629823999999997,0.052656499999999995,0.042560580000000015,0.16549983999999995,0.02760834000000001,0.15130469999999996,-0.01257792999999996,0.21382,-0.033368869999999995,0.12158930000000001,0.03472542000000001,0.025050640000000013,0.007161839999999975,0.011263839999999914,0.19336739784051526,0.2566036936111793
0.17102687499999997,-0.21344992999999995,0.165741415,-0.22789892999999994,0.17397752500000002,-0.22821146999999997,0.131260545,-0.25098595999999995,0.15309377500000004,-0.24891662999999997,0.07805570500000003,-0.23452806999999998,0.11536923500000001,-0.20616791999999995,0.10284104500000002,-0.1262796599999999,0.17338797499999997,-0.06960475999999993,0.16603723500000006,-0.07393914999999995,0.260486335,-0.01805794999999999,-0.0041395750000000064,-0.006051899999999999,0.0041395750000000064,0.006051899999999999,0.03949275499999999,0.16006546,-0.009407624999999975,0.2195184,0.067466195,0.3110615,-0.04180034499999996,0.3409916700000001,0.02478533999999999,0.10824841000000007,0.06319619000000004,0.05234050999999995,0.05801873999999996,0.13656316000000002,0.08709836000000004,0.05154680999999994,0.04363233,0.16611736,0.027973440000000016,0.15099604,-0.013547199999999981,0.2134665,-0.032392719999999986,0.12147327000000008,0.037313529999999984,0.02836015000000003,0.008279150000000013,0.012103799999999998,0.18321797230167847,0.2574780499955678
0.16844819499999997,-0.21616391999999995,0.163212095,-0.23043557999999997,0.17157729499999996,-0.23096017999999996,0.128802755,-0.25332913999999995,0.150850335,-0.25179503999999997,0.07554586499999999,-0.23613820999999996,0.11346204500000001,-0.20814486,0.10055054499999999,-0.12939698,0.17185899500000001,-0.07227008000000001,0.164655695,-0.07743915000000001,0.259768235,-0.019973079999999976,-0.004420234999999995,-0.005951119999999976,0.004420234999999995,0.005951119999999976,0.03910331499999997,0.16147032000000006,-0.009531204999999987,0.21961759000000003,0.06774033499999998,0.31127666,-0.040606205000000006,0.34013198,0.02500468,0.10674122999999996,0.06410515,0.05195782999999998,0.05839695,0.13587477999999997,0.08790924,0.05229700000000004,0.043523549999999966,0.16742144000000003,0.028637020000000013,0.14980633999999993,-0.013951439999999982,0.21366647000000005,-0.03107500000000002,0.12051438999999997,0.03791618000000002,0.027993349999999972,0.00884046999999999,0.011902239999999953,0.18356799431994075,0.25666060322854384
0.16879232999999993,-0.21725704499999998,0.16373883,-0.231260825,0.17194783000000002,-0.23246981499999997,0.12937735,-0.253030115,0.15088623,-0.25338431499999997,0.07664448999999995,-0.23466839499999997,0.11269478,-0.20956807499999996,0.10787032999999996,-0.123973275,0.17380023,-0.07219987500000002,0.17424282999999996,-0.07217543500000001,0.26048677,-0.020540475000000002,-0.003911570000000031,-0.005546874999999951,0.003911569999999975,0.005546875000000062,0.03941900999999998,0.16195302499999997,-0.00834762,0.220379785,0.06916330999999998,0.311812725,-0.03923637000000002,0.339448525,0.031225840000000005,0.11069511999999998,0.0663725,0.051797839999999984,0.061105450000000006,0.13736819999999994,0.08668653999999998,0.05165940000000002,0.04333058000000001,0.16749989999999992,0.0297443,0.14985970000000004,-0.012259189999999975,0.21483290999999993,-0.03088875000000002,0.11906874,0.03605029000000004,0.02510032000000001,0.007823140000000006,0.011093750000000013,0.19020608625129115,0.2578980090754144
0.17007323000000002,-0.21608988999999995,0.16511958,-0.23002722999999997,0.17336027999999998,-0.23139136,0.13064246000000002,-0.25227187999999995,0.15206568000000004,-0.25288003,0.07629948000000003,-0.23522020999999999,0.11383783000000003,-0.20870889999999997,0.10822629,-0.12475342999999994,0.17550463,-0.06879382999999994,0.17526593000000007,-0.071137,0.26398793000000004,-0.017246829999999935,-0.004383670000000006,-0.005854169999999992,0.004383670000000006,0.005854169999999992,0.040398710000000004,0.16355847,-0.0060766999999999904,0.22254337000000002,0.07164493,0.31414937,-0.037899269999999985,0.3418432,0.03192680999999997,0.11046678000000004,0.06703964000000007,0.05361642999999994,0.061666799999999966,0.13991507000000003,0.08848330000000004,0.05154700000000001,0.04478238000000001,0.16941264,0.03124621999999999,0.15059089999999997,-0.010460369999999997,0.21668920000000003,-0.031822569999999994,0.11929983,0.03753835,0.02651131000000001,0.008767340000000012,0.011708339999999984,0.19114347143695212,0.26063005968450303
0.17063768,-0.22073523499999997,0.16578558,-0.234478705,0.17413528,-0.23617496500000001,0.13109474,-0.25627263499999997,0.15253187999999995,-0.257847335,0.07646675000000003,-0.238573755,0.11304583000000001,-0.213205095,0.10914807999999998,-0.128106285,0.17553534000000004,-0.07461953499999996,0.17362423000000005,-0.07554387500000004,0.26374958000000004,-0.022860875000000003,-0.0039418500000000245,-0.0057867649999999715,0.0039418500000000245,0.0057867649999999715,0.04189952000000002,0.160551365,-0.005667719999999987,0.22088316500000005,0.07394655,0.31074870499999996,-0.03662314,0.338364365,0.03268132999999995,0.11046747000000001,0.06447615000000007,0.05256240999999995,0.062489510000000026,0.13858556000000005,0.08821424,0.051758659999999956,0.04584137000000005,0.16633812999999997,0.032047029999999976,0.15019733999999996,-0.009609570000000012,0.21509640000000008,-0.03095542000000001,0.11748119999999995,0.036579079999999986,0.025368659999999987,0.007883700000000049,0.011573529999999943,0.19077674691145807,0.2613823709535945
0.17100006,-0.22224214000000003,0.16499286000000002,-0.23672935,0.17427961999999997,-0.23727613000000003,0.12867178999999995,-0.25848017,0.15315501999999992,-0.25692441,0.07525101999999995,-0.23995723000000002,0.11429497,-0.21150013,0.10833205999999995,-0.13188343000000002,0.17401161999999992,-0.07499266999999998,0.17608101999999992,-0.07465416999999996,0.26436941999999997,-0.022651069999999995,-0.004863880000000043,-0.006338530000000064,0.004863879999999987,0.006338529999999953,0.042701149999999966,0.16208683000000002,-0.0029994600000000093,0.22266913,0.07592711999999996,0.31181998,-0.03540228000000001,0.33940459,0.033081040000000006,0.1080738,0.06774895999999997,0.05722926000000006,0.05971664999999993,0.13650746000000002,0.09035780000000004,0.05234159999999999,0.04756503000000001,0.16842536000000008,0.033225969999999994,0.14973314999999998,-0.007863339999999996,0.21633060000000004,-0.03240282,0.11673546000000001,0.03904395000000005,0.028457100000000013,0.00972776000000003,0.012677060000000018,0.19341169433263228,0.26111974685735967
0.1695624,-0.22726741500000003,0.16390079999999996,-0.241134915,0.17261859999999996,-0.24270469500000003,0.12802841999999998,-0.261011035,0.15010879999999993,-0.262203275,0.07600679999999999,-0.23914617500000002,0.10937269999999999,-0.216454015,0.11760870000000001,-0.127333975,0.16957654999999994,-0.082626855,0.19849105999999994,-0.06437334500000003,0.2610135,-0.027753145000000035,-0.0033468000000000386,-0.005613955000000059,0.003346799999999983,0.005613954999999948,0.04282140000000001,0.16067513499999997,-0.003914360000000006,0.22136868499999995,0.07546346999999998,0.308699285,-0.03611538000000003,0.338030485,0.041601900000000025,0.11181220000000003,0.08088235999999993,0.06296062999999996,0.06020384999999995,0.13382716,0.09143695000000007,0.054873709999999964,0.04616820000000005,0.16628909000000003,0.03264206999999997,0.14802415000000002,-0.007261159999999989,0.21575473,-0.032201020000000025,0.11666180000000004,0.033365900000000004,0.022692160000000017,0.006693600000000022,0.011227910000000008,0.2102170013166197,0.25981818960823355
0.16576856499999992,-0.22054610500000005,0.160720635,-0.23425287500000003,0.16927520499999993,-0.23601712500000005,0.12683896499999997,-0.255890975,0.14853856499999996,-0.25796917500000005,0.07605038499999994,-0.23663102500000005,0.10854716499999995,-0.214652785,0.117284585,-0.12166732499999999,0.17032270500000002,-0.07785088500000004,0.19158636499999993,-0.06471302499999998,0.26307576499999996,-0.02596862500000008,-0.0029820350000000495,-0.005594125000000005,0.002982034999999994,0.005594125000000005,0.04443936499999995,0.161547275,-0.0036072550000000314,0.22456120499999999,0.07649346499999998,0.31086107499999993,-0.035799455000000036,0.340610675,0.041234200000000054,0.11496370000000006,0.07430177999999993,0.05695430000000001,0.06177554000000007,0.13680189999999998,0.09275305999999994,0.05188225999999996,0.0474214,0.1671414,0.03205410000000003,0.14931379999999994,-0.006589290000000025,0.21896707999999998,-0.032192200000000004,0.11604946999999999,0.03249678,0.021978240000000038,0.0059640700000000435,0.01118825000000001,0.20335168210705803,0.26200182360601115
0.16521675000000002,-0.22732522500000002,0.15927049999999998,-0.24076078499999998,0.16926519000000007,-0.24246602499999997,0.12296769000000002,-0.261228815,0.1488463,-0.262694915,0.07253549000000004,-0.24281698499999999,0.10668665,-0.21856092500000002,0.10995755000000002,-0.13121388499999997,0.16578424999999997,-0.08342148500000002,0.18247555000000004,-0.073960535,0.26139714999999997,-0.032383735000000025,-0.003408449999999952,-0.006194785000000036,0.0034084500000000073,0.006194785000000036,0.043482520000000024,0.15730948499999997,-0.003332999999999975,0.22222201500000005,0.07650969000000002,0.30560521500000004,-0.035039600000000004,0.337498615,0.03742205999999998,0.11160310000000001,0.07251800000000003,0.05725334999999998,0.05909759999999997,0.13513944,0.0956129,0.05103774999999999,0.046890969999999976,0.16350427,0.033027169999999995,0.14829573000000007,-0.006741449999999982,0.21602723000000001,-0.03170660000000003,0.11527659999999995,0.03415115999999996,0.024256059999999968,0.006816899999999959,0.012389570000000072,0.1978511014097786,0.26085718608671754
0.16500492500000002,-0.2275958549999999,0.15921665499999998,-0.24070108499999993,0.168672895,-0.2427745349999999,0.12302784500000002,-0.2598705849999999,0.147166745,-0.2620974649999999,0.07306932500000002,-0.2409784849999999,0.10458119500000002,-0.21797706499999991,0.10864932500000002,-0.12943068499999988,0.16504549500000004,-0.08334063499999989,0.173423995,-0.07428764499999985,0.260344195,-0.03368798499999992,-0.0023822350000000103,-0.005926114999999954,0.0023822350000000103,0.005926115000000065,0.04426139500000004,0.15921111500000007,-0.0018264049999999754,0.22313421500000008,0.07699011500000003,0.30843961500000006,-0.034456655,0.3386448150000001,0.03558,0.11154780000000003,0.06477466999999998,0.05514304000000003,0.060464300000000026,0.13463643000000003,0.09529869999999996,0.049652649999999965,0.04664363000000005,0.16513723000000002,0.03272871999999999,0.1492285,-0.004208639999999986,0.21720810000000002,-0.03263025000000003,0.11551060000000002,0.03151187,0.023001419999999995,0.004764470000000021,0.01185223000000002,0.18862960873297116,0.26098591863518533
0.16587164,-0.23242453000000007,0.15980158,-0.24467147000000006,0.16917672000000006,-0.24754462000000005,0.12348308000000002,-0.26354397000000007,0.14692201000000005,-0.26663321000000006,0.07192354000000001,-0.24269000000000007,0.10758515000000002,-0.22129843000000005,0.10807734000000002,-0.13259912000000007,0.16800924000000006,-0.09020495000000006,0.17286678,-0.07715661000000007,0.25946881,-0.038266780000000056,-0.003812419999999983,-0.0074923500000000365,0.0038124200000000386,0.0074923499999999255,0.04757806000000003,0.15576707999999995,0.008996510000000013,0.22408704999999995,0.07443686,0.29588567999999993,-0.03497043999999999,0.33483814999999995,0.036153800000000014,0.11009088,0.06478943999999998,0.05544251,0.06042409000000004,0.13109347999999998,0.09145956999999993,0.051938170000000006,0.051390480000000016,0.16325942999999998,0.02685879999999996,0.14011859999999998,0.0051840899999999746,0.21659470000000003,-0.043966950000000005,0.11075109999999999,0.03566161000000001,0.021391570000000026,0.007624840000000022,0.014984699999999962,0.1899174790112474,0.25971924789316053
0.16407085999999993,-0.23447237999999998,0.15751592999999997,-0.24684324000000002,0.16665069999999993,-0.2497256,0.12047920999999995,-0.2634265,0.14289967999999997,-0.26655035,0.07090715999999997,-0.23893199999999998,0.10397497999999994,-0.22057100000000002,0.11411491999999995,-0.12467466999999999,0.16672431,-0.09109097,0.18587255999999996,-0.06692527999999998,0.25859146,-0.039102780000000004,-0.0031470800000000243,-0.007115320000000036,0.003147079999999969,0.007115320000000036,0.048300189999999965,0.15781438000000003,0.010784259999999934,0.22540298000000003,0.07826457999999997,0.29974608,-0.03241728000000005,0.33554728,0.043207759999999984,0.11425732999999999,0.07175764000000001,0.05774939000000001,0.06274933000000005,0.12948003000000002,0.09186715000000001,0.05198818999999999,0.05144726999999999,0.16492970000000007,0.029964390000000007,0.1419317,0.007637179999999966,0.21828766,-0.04320153999999998,0.11014429999999997,0.03306781999999997,0.01836099999999996,0.006294159999999993,0.014230640000000072,0.19825653991969897,0.2595918797674427
0.16130695000000006,-0.23608314999999996,0.15511975,-0.24830771999999995,0.16415875000000002,-0.25122194999999997,0.11841791000000002,-0.26599831999999995,0.14094985000000004,-0.26922132,0.06748690000000002,-0.24401568999999995,0.10217575000000001,-0.22384357,0.10267748000000004,-0.12919641999999998,0.16570465,-0.09243632000000002,0.16535255000000004,-0.07795291999999998,0.25774205000000006,-0.04350401999999998,-0.0033219499999999624,-0.007672279999999976,0.003321950000000018,0.007672279999999976,0.048815420000000054,0.15530202000000004,0.010345450000000034,0.22625607999999997,0.07804645000000004,0.29667792000000004,-0.031119419999999953,0.33394948,0.03519058000000003,0.11481926999999997,0.06267507,0.0512435,0.0635289,0.13140724999999998,0.09203740000000005,0.04893230000000004,0.052137370000000016,0.16297430000000002,0.02923102999999999,0.1413759,0.007023500000000016,0.2185838,-0.04146486999999999,0.10769340000000005,0.03468884999999999,0.02017211999999996,0.00664389999999998,0.015344559999999952,0.18273055384653,0.2595160899938576
0.15602249499999993,-0.2405116799999999,0.151057995,-0.2515290899999999,0.15925975499999995,-0.25587820999999994,0.115511645,-0.26513344999999994,0.13659549499999996,-0.2722827699999999,0.06365116499999995,-0.24404599999999993,0.09648801499999998,-0.2267731999999999,0.086564945,-0.13097890999999995,0.15323205499999998,-0.09361990999999992,0.134317325,-0.08808534999999995,0.243130895,-0.044518499999999905,-0.0022161450000000027,-0.006180949999999963,0.0022161450000000027,0.006180950000000074,0.04041329499999996,0.15715135000000013,0.0040389449999999605,0.21646215000000013,0.07732845499999996,0.3016390000000001,-0.034469945,0.3333662500000001,0.02291378000000005,0.11306708999999998,0.04775237999999998,0.04289356,0.056744039999999996,0.13315328999999998,0.08989884000000004,0.04910141000000001,0.04262943999999996,0.1633323000000001,0.03691516,0.14448764999999997,0.0018227999999999578,0.21028120000000006,-0.03850888999999996,0.11690409999999996,0.03283685000000003,0.017272800000000033,0.004432290000000005,0.012361900000000037,0.1592159513666922,0.24619169563140222
0.15227287,-0.24419238999999998,0.14826589,-0.25523642,0.15586560000000005,-0.25990545,0.1143901,-0.26956451,0.13416033,-0.27832112,0.06302304999999997,-0.24813181,0.09250851999999998,-0.23264855,0.09071746999999997,-0.13134858000000005,0.14843129,-0.09765805000000005,0.14201807,-0.08713274999999998,0.23753183,-0.05038569000000004,-0.001440470000000027,-0.006061109999999981,0.0014404699999999715,0.006061109999999981,0.04234450000000001,0.15363015000000002,0.0054156699999999836,0.21422264999999996,0.07930943000000001,0.29940184999999997,-0.03065520999999999,0.32866445,0.027694419999999997,0.11678322999999996,0.05130060000000003,0.04421583000000007,0.05592277000000001,0.13499049999999996,0.08910054,0.04727236000000001,0.043784970000000034,0.15969126,0.03696493000000001,0.14577169999999995,0.003975200000000012,0.20816153999999998,-0.03607087999999997,0.11444180000000004,0.029485470000000014,0.015483259999999999,0.0028809399999999985,0.012122219999999961,0.16478156301971772,0.2427454870783175
0.15026632000000006,-0.24507610000000007,0.14679455000000002,-0.2563055500000001,0.15381390000000006,-0.2607000000000001,0.11415688000000002,-0.27081672000000007,0.13240967000000003,-0.2794180900000001,0.06374655000000007,-0.24778430000000007,0.08922997000000005,-0.23412585000000008,0.08814091000000002,-0.1275717500000001,0.14151949000000003,-0.10028661000000005,0.14379508000000002,-0.08338095000000012,0.2335676,-0.050843350000000065,-0.00031980999999997595,-0.006064950000000069,0.00031981000000003146,0.006064949999999958,0.04432017000000005,0.1527350999999999,0.0053009500000000265,0.21562097999999985,0.07915551000000004,0.29894544999999995,-0.027852229999999978,0.3286072499999999,0.02439435999999995,0.12021254999999997,0.05565417,0.044190799999999975,0.05228951999999998,0.13383924000000003,0.09204810999999996,0.04944325999999999,0.044639980000000024,0.15880004999999997,0.03483533999999999,0.14621035000000004,0.004981139999999995,0.2095560299999999,-0.033153180000000004,0.11298627000000006,0.02548341999999998,0.013658449999999989,0.0006396200000000074,0.012129900000000027,0.16354468923114596,0.24008974603005037
0.14842645000000004,-0.24618635499999997,0.14610840000000003,-0.257439225,0.15182997000000004,-0.261956765,0.11566327000000004,-0.273263045,0.13114987,-0.282222225,0.06439327,-0.252382055,0.08741699000000003,-0.23695232499999996,0.08593027000000003,-0.13361742499999996,0.13708955,-0.09992806499999995,0.14411671000000004,-0.08728359499999994,0.23215445,-0.05329092499999999,0.0004270200000000002,-0.00650652499999993,-0.0004270200000000002,0.006506525000000041,0.04832570000000003,0.14868302500000008,0.00853543000000001,0.21212957500000007,0.08193300000000003,0.292760675,-0.024502250000000003,0.32669027500000003,0.02153700000000003,0.11876463000000004,0.058186440000000006,0.04633383000000002,0.04967255999999998,0.13702426,0.09506490000000001,0.046637139999999966,0.04789868000000003,0.15518955,0.03360730000000001,0.14407764999999995,0.00896245000000001,0.20562305000000003,-0.033037680000000014,0.11456069999999996,0.023023720000000025,0.01542973000000003,-0.0008540400000000004,0.01301304999999997,0.16483829060652447,0.24014552923979954
0.14955134000000003,-0.24570285500000005,0.14662440000000004,-0.25809781500000006,0.15217744,-0.26172681500000006,0.11509468,-0.27642666500000007,0.12993784000000003,-0.28235973500000006,0.06254444000000003,-0.25522743500000006,0.08719524000000001,-0.2358552750000001,0.08061244000000001,-0.1372752650000001,0.13663898000000002,-0.09953791500000009,0.13421234000000004,-0.09269326500000008,0.23072304,-0.05610601500000012,-0.00031940999999996444,-0.008200415000000016,0.00031941000000001996,0.008200414999999905,0.052979140000000036,0.15016308499999997,0.013656780000000035,0.22695822499999996,0.0844451,0.28947974499999996,-0.020417499999999977,0.32831258499999993,0.018067999999999973,0.11795216999999997,0.053599900000000034,0.04458200000000001,0.049443740000000014,0.13631736,0.09408405999999997,0.04343189999999997,0.05329855,0.1583635,0.03146595999999996,0.13931665999999998,0.013337370000000015,0.21875781000000005,-0.03407428000000001,0.10135435999999998,0.024650799999999973,0.01937215999999997,0.0006388199999999844,0.016400829999999922,0.15886419816681482,0.23920942635381615
0.14770282499999998,-0.2485019799999999,0.143458615,-0.2615570499999999,0.15037794499999996,-0.26372424999999994,0.109803455,-0.2793744999999999,0.12885193499999997,-0.28127174999999993,0.058638825000000006,-0.25900887999999994,0.08688307499999998,-0.2318929899999999,0.07484927499999999,-0.14442684999999988,0.133095395,-0.09360614999999994,0.125233995,-0.08877704999999991,0.22652377499999998,-0.056008549999999935,-0.0015536349999999977,-0.009303149999999927,0.0015536349999999977,0.009303150000000038,0.052192075000000004,0.1504747500000001,0.015002024999999974,0.22638325000000004,0.08778311499999997,0.29120372000000005,-0.019643944999999996,0.3292871500000001,0.016210449999999987,0.11458203000000006,0.050384719999999994,0.05564979999999997,0.04621232000000003,0.13828683999999997,0.09342837999999998,0.03759760000000001,0.05374571,0.15977790000000003,0.03559103999999996,0.14072896999999995,0.013448389999999977,0.2170801,-0.03464596999999997,0.10290390000000005,0.02824424999999997,0.02711589000000003,0.0031072699999999953,0.018606299999999965,0.14963690688539005,0.234258792894759
0.13852006500000003,-0.25153052000000004,0.136134645,-0.2629483,0.142060065,-0.26708793000000003,0.105114965,-0.27761295,0.121712565,-0.28583007000000005,0.05652220499999999,-0.25757217000000004,0.07595056500000003,-0.23739205000000002,0.06836448500000003,-0.13361675000000006,0.122500585,-0.09225745000000007,0.111795865,-0.08286045000000009,0.21459476499999997,-0.055571150000000014,0.001671715000000018,-0.007376250000000084,-0.0016717149999999625,0.007376249999999973,0.047614915000000035,0.15201619999999993,0.006128145000000029,0.21670040999999995,0.08281810500000003,0.29798481999999993,-0.020766534999999975,0.32752004999999995,0.011842280000000038,0.12395541999999998,0.043431379999999964,0.050756299999999976,0.04655001999999997,0.14513459999999995,0.09209417999999997,0.03668630000000006,0.04594320000000002,0.15939245000000002,0.035203189999999995,0.14596862,0.007799859999999992,0.20932415999999998,-0.026894680000000004,0.11081964,0.019428360000000033,0.020180120000000024,-0.0033434299999999806,0.014752500000000057,0.13351102150332944,0.22524112754634834
0.136932375,-0.258573635,0.13377687500000002,-0.26967425500000003,0.141565865,-0.274542815,0.10088205500000003,-0.28240479500000004,0.12253028500000002,-0.292587835,0.053906955000000034,-0.258016935,0.07335636500000003,-0.24211587500000004,0.06903195500000003,-0.12558921499999998,0.11753893500000001,-0.09326701500000001,0.11474990499999999,-0.07896751499999999,0.21049046500000002,-0.05780576500000001,0.0013892650000000284,-0.006735215000000072,-0.0013892649999999729,0.006735214999999961,0.04911584499999999,0.15061582499999993,0.007347225000000013,0.214240745,0.085111025,0.296180585,-0.017700135000000006,0.324179185,0.015125,0.13242772000000003,0.04571794999999995,0.04662169999999999,0.04418256999999998,0.14884886000000003,0.09295153,0.03546125,0.04772657999999996,0.15735104,0.035995180000000015,0.14556476000000007,0.008736489999999986,0.20750553000000005,-0.02504736000000002,0.10993843999999997,0.01944941,0.015901059999999967,-0.0027785300000000013,0.013470430000000033,0.13441778105778857,0.22149166594757758
0.142686955,-0.26147912999999995,0.137559115,-0.27442352999999997,0.14651510500000003,-0.27712155,0.10175359500000003,-0.28594861,0.127388805,-0.28994560999999996,0.05687218500000002,-0.25501731,0.078201715,-0.23598323,0.07311570500000003,-0.12158902999999999,0.114582395,-0.09309962999999999,0.124344285,-0.07064342999999995,0.20607925499999996,-0.05890213,0.00021812500000001345,-0.008285429999999927,-0.00021812500000001345,0.008285430000000038,0.055408855000000035,0.14721134000000002,0.015424015000000013,0.22426381000000006,0.09049880500000002,0.28765753000000005,-0.014200944999999965,0.32595357,0.01624352000000001,0.13342828,0.05122857999999997,0.050945600000000035,0.03638068,0.1428836,0.09149685999999996,0.03419749999999999,0.05519073000000002,0.15549676999999995,0.03508994999999998,0.14044619000000003,0.015642140000000027,0.21597838000000003,-0.029624959999999978,0.10168975999999996,0.021329529999999985,0.01903408000000001,-0.0004362500000000269,0.016570859999999965,0.13890940846589767,0.21696261708787068
0.14121906,-0.26696247,0.13602996,-0.27970323,0.14441769999999998,-0.28283593,0.09979295999999999,-0.28947154,0.12361633,-0.29433209,0.05490958000000001,-0.25529527,0.07367014,-0.23795315,0.06730866000000002,-0.11477897000000004,0.10956081000000001,-0.08931686999999999,0.11818569000000001,-0.06831902000000001,0.19712263000000002,-0.05993307000000003,0.00126946,-0.008109930000000043,-0.00126946,0.008109930000000043,0.0578978,0.14449902999999997,0.01389456,0.22143966000000004,0.09037923000000003,0.28645223,-0.01521047999999997,0.32373953,0.012399080000000007,0.14051629999999998,0.05087702999999999,0.04645995000000003,0.03589067000000001,0.14863628,0.08756182000000001,0.02938379999999996,0.05662834,0.15260896000000002,0.03248143000000003,0.1419532,0.01516402,0.21332973,-0.02910503999999997,0.10229986999999996,0.01876055999999998,0.017342120000000016,-0.00253892,0.016219860000000086,0.13150870448772964,0.20973619435750263
0.13372993,-0.27137621999999995,0.12830773,-0.28264989999999995,0.13780218,-0.2869904299999999,0.09160659999999998,-0.2935393499999999,0.11716637000000002,-0.3010831499999999,0.04903278,-0.2587151999999999,0.06692767,-0.24573736999999996,0.0491181,-0.10573765999999996,0.10055488000000001,-0.09470733999999992,0.09997517,-0.06363429999999992,0.18192589999999997,-0.06356516999999995,0.0021107800000000343,-0.008657799999999938,-0.002110779999999979,0.008657800000000049,0.05841166000000003,0.1466495000000001,0.005205100000000018,0.21530756000000006,0.08452067000000002,0.2858011400000001,-0.01970250000000001,0.32053700000000007,8.531999999999984e-05,0.15297753999999997,0.050857070000000004,0.042103360000000034,0.03362721000000002,0.15103003000000004,0.08137101999999996,0.03114216999999997,0.05630088,0.15530730000000004,0.026109009999999988,0.13915164000000002,0.007315879999999997,0.20664976000000002,-0.02490760000000003,0.10522944000000001,0.017894889999999997,0.012977829999999968,-0.004221560000000013,0.017315599999999987,0.11224907296865347,0.1977009281238793
0.133369375,-0.27555575500000007,0.12787135499999996,-0.28721001500000004,0.137289035,-0.29110189500000005,0.09072564499999997,-0.2968799750000001,0.11728747499999997,-0.30328982500000007,0.048676834999999974,-0.26001897500000004,0.06718660500000001,-0.24597927500000005,0.048439255000000014,-0.10756683500000008,0.097415855,-0.09523105500000006,0.09973057499999999,-0.05869889500000003,0.17291620500000005,-0.058902195000000046,0.0015286649999999846,-0.008801045000000007,-0.0015286649999999846,0.008801044999999896,0.057813365000000005,0.14206940499999998,0.007280485000000003,0.2119478549999999,0.08370028499999999,0.284002965,-0.015932455000000012,0.32244670499999994,-0.0002375799999999595,0.15245213999999996,0.051291319999999974,0.048867940000000054,0.030229249999999985,0.15074822,0.07550035000000005,0.03632886000000002,0.05628470000000002,0.15087045,0.02588691999999998,0.14193356000000001,0.008809149999999988,0.20314681,-0.023212940000000015,0.11049885000000004,0.018509770000000036,0.014039699999999988,-0.0030573299999999692,0.017602089999999904,0.11015176150325787,0.18712226317521521
0.13052326999999997,-0.27690343500000003,0.1260345,-0.287565485,0.13471626999999997,-0.292995135,0.09042873999999995,-0.296567365,0.11529808999999996,-0.306692705,0.04839083999999999,-0.259767195,0.06402311,-0.24910983500000006,0.04352250999999996,-0.11108739500000009,0.09179273999999998,-0.09731008500000005,0.08689450999999998,-0.05401046500000006,0.16291609999999995,-0.05132803500000005,0.0022307899999999825,-0.0075934650000000214,-0.002230790000000038,0.0075934650000000214,0.05611466999999998,0.14295306499999993,0.005857619999999952,0.205824165,0.08133640999999997,0.284231565,-0.013841390000000009,0.32489256499999997,-0.004868330000000032,0.14867979999999992,0.04337200000000002,0.057076930000000026,0.02776962999999999,0.15179975,0.07112335999999997,0.04598205,0.053883879999999995,0.15054652999999996,0.025221739999999992,0.14127850000000008,0.00808840999999999,0.19823069999999998,-0.01969900999999996,0.11906839999999996,0.015632270000000004,0.010657359999999949,-0.0044615800000000205,0.015186930000000043,0.09655300810041292,0.175343201861156
0.13142999499999997,-0.27881199999999995,0.12674581499999998,-0.28975211999999995,0.13572400499999998,-0.294782,0.09006678499999998,-0.29850652999999994,0.116166465,-0.30750277,0.04630752499999996,-0.2633909,0.065148445,-0.24679239999999997,0.03876944499999996,-0.12080869999999999,0.09105729499999998,-0.09550969999999992,0.074760765,-0.046864950000000016,0.151738345,-0.050127299999999986,0.001111924999999958,-0.008537000000000017,-0.0011119250000000136,0.008537000000000017,0.054348915,0.1404202,0.00492488499999999,0.20691190000000004,0.07918297499999999,0.28351210000000004,-0.015167454999999996,0.32730970000000004,-0.0075380800000000026,0.1425822,0.03599132000000005,0.07394374999999997,0.025908849999999983,0.15128270000000005,0.060681050000000014,0.045382399999999934,0.05323699000000004,0.1489572,0.02483405999999999,0.14309190000000005,0.0060368100000000036,0.19837490000000002,-0.020092339999999986,0.1203978,0.01884092000000004,0.016598500000000016,-0.0022238499999999717,0.017074000000000034,0.08302519728701707,0.16372142539558743
0.12985911,-0.27940699999999996,0.12557015,-0.29039233,0.13438121999999997,-0.29508569999999995,0.08938397999999997,-0.30148245999999995,0.11413214999999999,-0.31009913999999994,0.04245720999999997,-0.26862411999999997,0.06283631,-0.24791513999999998,0.027739750000000007,-0.13175769999999998,0.08723129999999996,-0.09709815999999993,0.06380907999999996,-0.04866129999999991,0.14577677,-0.05059395999999994,0.0006452499999999861,-0.009272300000000011,-0.0006452500000000416,0.009272300000000011,0.05601869999999998,0.14229966000000005,0.002925769999999994,0.21086780000000005,0.07544888999999999,0.2903407,-0.01619239,0.33048160000000004,-0.01471745999999996,0.13686642,0.036069329999999955,0.08309640000000007,0.02439498999999995,0.15081698000000004,0.058545470000000044,0.046504199999999996,0.05537344999999999,0.15157196000000006,0.019430190000000014,0.14804103999999996,0.003571020000000036,0.20159550000000004,-0.019118159999999995,0.11961379999999999,0.02037910000000004,0.020708979999999988,-0.0012905000000000277,0.018544600000000022,0.07443898670232481,0.15818779038619893
0.12460470499999998,-0.27875148,0.12135297500000003,-0.28929063,0.12951192500000003,-0.29453396,0.08677965500000001,-0.30171459,0.110598955,-0.31201535,0.041055385,-0.27201513,0.057364735,-0.24942499,0.02424323500000003,-0.14203063000000005,0.08277325499999999,-0.09957232999999999,0.05541879500000002,-0.05193643000000003,0.136355695,-0.05645683000000001,0.00174158499999999,-0.00945872999999997,-0.00174158499999999,0.00945872999999997,0.05755513499999998,0.14032192,0.0016259550000000123,0.20890746999999998,0.067086635,0.2899471,-0.013266204999999975,0.33149887,-0.01681214999999997,0.12998449999999995,0.03117555999999999,0.09009420000000001,0.02540851999999999,0.14985266000000003,0.05358244000000001,0.04311549999999997,0.05581354999999999,0.14978064999999996,0.009531500000000026,0.14962518000000002,0.003367540000000002,0.19944874,-0.014892159999999988,0.12259140000000002,0.01630935,0.02259013999999998,-0.00348316999999998,0.01891745999999994,0.0684514270901207,0.15302195853377382
0.12346786500000001,-0.28572815,0.11989306500000002,-0.29624072,0.12795179499999998,-0.30105517000000004,0.08483221499999999,-0.30580545000000003,0.10822546500000002,-0.3149539,0.04167314500000002,-0.27088633,0.05415513500000002,-0.24694165,0.024108165000000015,-0.14492945000000002,0.08054282499999998,-0.10206614999999997,0.04893761499999999,-0.04988959999999998,0.13204463500000002,-0.0584403,0.0025907350000000107,-0.009939649999999967,-0.0025907350000000107,0.009939649999999967,0.056125965,0.13505835,0.0023657650000000197,0.20894634999999995,0.052167085,0.28502090999999996,-0.01624060500000002,0.33447465,-0.017564980000000008,0.12595688,0.024829449999999975,0.09503985000000004,0.026387689999999964,0.14487550000000005,0.05150181000000004,0.043625849999999966,0.05353522999999999,0.14499799999999996,-0.003958879999999998,0.14996255999999997,0.00495650000000003,0.19900669999999998,-0.01860637000000004,0.12552830000000004,0.012481989999999998,0.023944679999999996,-0.005181470000000021,0.019879299999999933,0.061188493940747546,0.15100496818661102
0.120004905,-0.28740176999999995,0.11655408499999997,-0.29755659999999995,0.12364618499999996,-0.30252846999999994,0.08221231499999998,-0.30678546999999995,0.10266004499999998,-0.3159841499999999,0.042201985,-0.27108998999999995,0.04875634499999998,-0.24741111999999993,0.026241254999999963,-0.1474690299999999,0.07738034499999996,-0.10769626999999993,0.045623405000000006,-0.04242926999999996,0.12529508499999997,-0.06507859999999999,0.0043023349999999905,-0.010052729999999954,-0.0043023349999999905,0.010052730000000065,0.053967164999999984,0.12994393000000004,0.00024126499999999051,0.20802043000000003,0.03895146499999996,0.2765525700000001,-0.020493075000000027,0.33643843000000007,-0.015960730000000034,0.12362096000000006,0.019382150000000042,0.10503975999999993,0.028623999999999983,0.13971485,0.04791474000000001,0.04261766999999994,0.04966482999999999,0.13999666,-0.01501570000000002,0.14660864000000007,0.004543599999999981,0.19796769999999997,-0.020734340000000018,0.12841800000000003,0.006554359999999981,0.02367887000000002,-0.008604669999999981,0.02010546000000002,0.052494487027844185,0.1498005608074459
0.11844472,-0.28827110999999994,0.11451571999999999,-0.29820417999999993,0.12232536,-0.30324422999999995,0.07907345999999998,-0.3062985099999999,0.10178472,-0.3155712499999999,0.03976099999999999,-0.26944994999999994,0.04805251999999999,-0.24485676999999995,0.025948399999999983,-0.14699360999999989,0.08058732000000002,-0.10767053999999998,0.04557652000000001,-0.04357086999999993,0.12514776,-0.07017540999999994,0.003526980000000013,-0.01072334999999991,-0.003526980000000013,0.01072335000000002,0.05428716,0.12487909000000008,0.001567990000000019,0.20979869000000007,0.030574500000000004,0.26826229,-0.02072421000000002,0.33808619000000006,-0.013812600000000008,0.12245634000000005,0.019628120000000027,0.10342273999999996,0.03253480000000003,0.13718622999999996,0.04456043999999998,0.03749513000000004,0.05076017999999999,0.13560244,-0.023712659999999997,0.14338319999999993,0.005094970000000032,0.19907534000000005,-0.02229220000000004,0.1282875,0.008291519999999997,0.024593179999999992,-0.007053960000000026,0.02144669999999993,0.053358442484409165,0.15199275668138004
0.11450955000000002,-0.289840375,0.11030016999999998,-0.299854555,0.11764817,-0.304653675,0.07501121,-0.30998511500000003,0.09580520999999997,-0.318149485,0.03636424999999999,-0.272984445,0.044936549999999964,-0.245777515,0.025500020000000012,-0.14983257500000002,0.08083665000000001,-0.10698321499999996,0.04774571999999999,-0.04281667499999997,0.12418964999999998,-0.07661421499999999,0.003020479999999992,-0.011230685000000018,-0.003020479999999992,0.011230685000000018,0.05066733000000001,0.12336748499999994,0.0008238500000000148,0.20925703500000004,0.019260810000000017,0.26703528499999996,-0.022758449999999986,0.338814285,-0.010864229999999975,0.12315187,0.02224569999999998,0.10701590000000005,0.035900100000000046,0.13879430000000004,0.043352999999999975,0.03036899999999998,0.04764685000000002,0.13459816999999996,-0.03140651999999999,0.1436678,0.003844330000000007,0.19802635000000002,-0.0235823,0.12955724999999996,0.008572299999999977,0.027206930000000018,-0.006040959999999984,0.022461370000000036,0.05475419488347625,0.15459347861610107
0.10966296999999997,-0.2858642900000001,0.10571874999999997,-0.2957149400000001,0.11415676999999996,-0.30060457000000007,0.07086264999999997,-0.30860437000000007,0.09532632999999996,-0.3176239700000001,0.030323500000000003,-0.2746534300000001,0.04595964999999996,-0.24626332000000012,0.021979250000000006,-0.1524026300000001,0.08173050999999998,-0.10821717000000008,0.04711004999999996,-0.042697120000000144,0.12601268,-0.08422642000000014,0.0002675500000000053,-0.01136727000000004,-0.0002675500000000053,0.01136726999999993,0.04683229,0.12361822999999994,0.00035231999999996155,0.20954412999999994,0.016367579999999993,0.26731452999999994,-0.02273951000000002,0.3402339299999999,-0.008344249999999998,0.12225079999999999,0.025130799999999953,0.10970550999999995,0.035770860000000015,0.13804615000000003,0.04428217000000001,0.02399074999999995,0.04656473999999999,0.13498549999999998,-0.030464710000000006,0.1436963,0.0006198699999999668,0.19817686,-0.02309182999999998,0.13068979999999997,0.01563614999999996,0.02839010999999997,-0.0005351000000000106,0.02273453999999997,0.056354053157448236,0.15838197516342892
0.10850584499999999,-0.28967597,0.10210183500000003,-0.30092137,0.11275866499999998,-0.30425521,0.06327441500000003,-0.31335416,0.09566071500000001,-0.31716873,0.022493454999999996,-0.27776959,0.05393129499999999,-0.24130070000000003,0.030273415000000026,-0.17256403000000003,0.09008598499999998,-0.10466116000000003,0.08468383499999999,-0.09095357999999998,0.129749815,-0.09199827000000005,-0.006052614999999983,-0.012298829999999983,0.006052614999999983,0.012298829999999983,0.037711684999999995,0.12721777,0.004029335000000023,0.20879636999999995,0.013562314999999991,0.26901507,-0.020893965000000014,0.34081257,0.00777996000000003,0.10520555999999998,0.05441041999999996,0.08161045000000006,0.03615468999999999,0.13663954,0.03966383000000001,0.012662889999999982,0.04376429999999998,0.1395166,-0.024149370000000003,0.14179730000000001,-0.0020232799999999607,0.19649753999999997,-0.024923300000000037,0.13201620000000003,0.031437839999999995,0.036468889999999976,0.012105229999999967,0.024597659999999966,0.12008194308956278,0.1617988947930424
0.10934201499999996,-0.29409475999999996,0.10222575499999997,-0.30612040999999995,0.11292782499999993,-0.30889914999999996,0.06264001499999994,-0.31898037999999995,0.09638363499999997,-0.32070093,0.022817764999999934,-0.28184348,0.05992534499999996,-0.24623846,0.02456745499999996,-0.16207550999999998,0.09364330499999995,-0.10617705,0.057363084999999925,-0.04835908,0.13473808499999995,-0.10201337999999993,-0.007915435000000026,-0.010454579999999991,0.00791543499999997,0.010454579999999991,0.023281844999999968,0.14191668000000002,0.003654754999999954,0.20626632,0.01880178499999996,0.2760896500000001,-0.018736595000000078,0.33841352,0.001749690000000026,0.11976797,0.032795629999999965,0.11371642999999998,0.03371795999999999,0.14006141,0.04109478,0.004163670000000064,0.031197279999999994,0.15237126,-0.004480060000000008,0.13417297000000006,-0.004260680000000017,0.19581174,-0.022391350000000032,0.13214720000000002,0.03710758000000003,0.03560501999999999,0.015830869999999997,0.020909159999999982,0.07548533826936456,0.1695081903023688
0.10982838,-0.29210197,0.10168853,-0.30503547,0.11251598000000002,-0.30686737999999997,0.06082293,-0.31767355999999997,0.09603881000000003,-0.31623779999999996,0.01841151000000002,-0.2784541,0.06654569000000005,-0.24152687,0.025787530000000003,-0.17101677999999998,0.09666817999999999,-0.10554940000000002,0.08222161,-0.08288339999999994,0.13440241000000003,-0.10166379999999997,-0.012224139999999994,-0.00994790000000001,0.012224139999999994,0.00994790000000001,0.016194910000000007,0.14934999999999998,0.005229530000000038,0.20494880000000004,0.018488229999999994,0.2838528,-0.018446719999999972,0.3427122,0.007376019999999983,0.10743732,0.05643408,0.08813338000000004,0.030122489999999946,0.13597747,0.037734230000000035,0.0038856000000000446,0.02841905,0.1592979,0.0022933199999999876,0.13450280000000003,-0.006994609999999957,0.19500090000000003,-0.02367625000000001,0.13776339999999998,0.048134180000000026,0.03692722999999998,0.02444827999999999,0.01989580000000002,0.11932974002030042,0.16548323551672206
0.10919180500000003,-0.28603123500000005,0.09962737500000002,-0.299728355,0.11121260500000002,-0.30042635500000003,0.057388035000000004,-0.313547275,0.095827155,-0.30878968500000004,0.01487907500000002,-0.27363881500000004,0.07333451499999999,-0.23755151500000005,0.029874685000000012,-0.17590391500000002,0.101668025,-0.10705161500000004,0.10385882499999999,-0.11938368500000007,0.13497638500000003,-0.10494941499999999,-0.016260624999999973,-0.009154784999999999,0.01626062500000003,0.009154784999999999,0.011679755000000014,0.15269758499999997,0.00910103499999998,0.20087833499999996,0.016612285000000004,0.291622285,-0.017339614999999975,0.345118685,0.014995609999999993,0.09773490000000001,0.07398413999999998,0.05652022999999995,0.028333510000000006,0.1304999,0.03330836000000004,0.002102200000000054,0.027940379999999987,0.16185236999999997,0.0049325299999999905,0.1389247,-0.007159590000000049,0.19172354999999996,-0.026440649999999954,0.14424035000000002,0.05845543999999997,0.03608729999999999,0.03252125,0.018309569999999997,0.16303095615100988,0.16466086399025603
0.11240170999999999,-0.27989741999999995,0.10340590999999993,-0.29426949999999996,0.11449514999999993,-0.2949661599999999,0.062458389999999975,-0.30713557999999996,0.09919132999999997,-0.30369199999999996,0.015093549999999956,-0.26586811999999993,0.07754050999999995,-0.23314951999999994,0.027739289999999972,-0.16389071999999993,0.10575766999999997,-0.1007423999999999,0.10517801999999998,-0.11393949999999997,0.14152930999999996,-0.1000025,-0.017552570000000045,-0.007746599999999937,0.01755256999999999,0.007746600000000048,0.011446969999999945,0.15530715000000006,0.011666259999999984,0.20322004000000005,0.02264271999999995,0.30388126000000004,-0.011923380000000039,0.34912850000000006,0.012645740000000016,0.1019774,0.07743873000000001,0.04995121999999996,0.02821716000000002,0.13240712000000004,0.03577163999999999,0.0007398999999999045,0.02899953999999999,0.16305375,0.011195750000000004,0.14857410999999998,-0.005886310000000006,0.19547344,-0.023589640000000023,0.14590846000000002,0.062446959999999996,0.03271859999999999,0.035105140000000035,0.015493199999999985,0.16229519318870203,0.16425620418065676
0.11174639999999997,-0.28065002499999997,0.1028944,-0.29496337499999997,0.11358377999999997,-0.29555897499999995,0.061952059999999975,-0.30618807499999995,0.09948088,-0.3023663449999999,0.012938879999999986,-0.26309952499999995,0.07879648,-0.23368487499999996,0.01042113,-0.15940314499999997,0.10353174999999998,-0.1051769749999999,0.09367379999999997,-0.11342263499999994,0.14156967999999998,-0.10399574499999997,-0.018117580000000022,-0.007022624999999949,0.018117579999999966,0.00702262500000006,0.014888139999999994,0.1564533250000001,0.010987759999999958,0.200059765,0.02224984999999996,0.30413912500000007,-0.012140320000000038,0.3503545250000001,-0.0025177499999999853,0.10369637999999998,0.08325266999999997,0.04598051000000003,0.024735269999999976,0.12850790000000006,0.03803793,0.001181229999999922,0.033005720000000016,0.16347595000000004,0.007361709999999966,0.14768579999999998,-0.007129820000000009,0.19303713999999994,-0.023128079999999995,0.15029476000000008,0.06585760000000002,0.029414649999999987,0.03623515999999999,0.014045250000000009,0.1543317037108853,0.16602861040154165
0.1094793,-0.2800822,0.10112296999999998,-0.29434351000000003,0.11142664000000002,-0.29492919,0.06104470000000001,-0.30639578,0.09751569999999998,-0.30284558,0.009105970000000019,-0.26177775000000003,0.07882028000000002,-0.23431937000000003,-0.011289570000000027,-0.15668599,0.10216494999999998,-0.10614657999999999,0.05663984,-0.11484539999999999,0.13879838,-0.10386969000000001,-0.019082199999999994,-0.006244550000000015,0.019082199999999994,0.006244550000000015,0.012353700000000023,0.16340880999999996,0.009386320000000004,0.20195554999999998,0.014948479999999986,0.31012474999999995,-0.011068619999999973,0.35075835,-0.020395540000000045,0.10509176000000003,0.06792941000000002,0.04184059000000001,0.023344669999999956,0.12817279000000004,0.03663343000000002,0.002276889999999976,0.03143590000000002,0.16965335999999998,0.0025947799999999632,0.14671594,-0.00969587999999999,0.19571099999999997,-0.020454939999999977,0.1488028,0.06971431,0.027458380000000004,0.03816439999999999,0.01248910000000003,0.13239324742026723,0.16265641581127382
0.10858342500000001,-0.27757867999999997,0.10078991500000001,-0.29182315999999997,0.11010704500000001,-0.29220131999999993,0.06221398500000003,-0.3028772599999999,0.09663585499999999,-0.2990307099999999,0.00918886499999999,-0.25562667999999994,0.07977423500000003,-0.23263333999999997,-0.022883715000000027,-0.14816344999999992,0.098737095,-0.10445867999999991,0.041838264999999986,-0.12154460999999994,0.136914205,-0.09620977999999991,-0.019111615000000026,-0.005178379999999927,0.019111615000000026,0.005178380000000038,0.012320945000000028,0.16642366000000008,0.009384614999999985,0.2013254200000001,0.014743284999999995,0.3158567200000001,-0.012054885000000015,0.35503338000000007,-0.03207258000000002,0.10746323000000002,0.06472198000000001,0.026618839999999977,0.01896285999999997,0.12817466000000005,0.038177110000000014,0.008248900000000003,0.031432560000000054,0.17160204,0.0024223399999999673,0.14943306,-0.009727000000000041,0.19614704000000005,-0.0214395,0.15370795999999998,0.07058537000000004,0.022993339999999973,0.03822323000000005,0.010356759999999965,0.13136204686448558,0.15542525277088562
0.10916834000000003,-0.27174740000000003,0.10164334000000003,-0.28588892000000005,0.11076522999999999,-0.28636653000000006,0.06387834000000003,-0.29713140000000005,0.09761764,-0.29374505000000006,0.009961690000000023,-0.2504471300000001,0.08141398999999999,-0.22931678000000005,-0.024592610000000015,-0.14130280000000006,0.09939601000000003,-0.10269810000000001,0.036401090000000025,-0.11181033000000007,0.13600956000000003,-0.09058506,-0.01921434999999999,-0.004988300000000057,0.01921434999999999,0.0049882999999999456,0.014946740000000014,0.1662993399999999,0.010930790000000024,0.20328723999999998,0.01848839000000002,0.3169049599999999,-0.012278540000000004,0.35976237,-0.03455430000000004,0.10914433000000001,0.06099370000000004,0.029492469999999993,0.017982020000000043,0.12661868000000004,0.036613549999999995,0.01211304000000002,0.034161090000000005,0.17128763999999996,0.0035416500000000073,0.15060562,-0.008283559999999968,0.19829894000000003,-0.023209330000000028,0.15647513000000002,0.07145229999999997,0.02113035000000002,0.03842869999999998,0.009976600000000002,0.12043265030594695,0.15091516895472668
0.10875552999999999,-0.267536845,0.10146007000000001,-0.28156244500000005,0.11055669000000001,-0.282156275,0.06429398000000003,-0.293634555,0.09800807,-0.29062377500000003,0.010155850000000022,-0.248665625,0.08241329000000003,-0.22685610500000003,-0.028353149999999994,-0.13578581500000003,0.09985032999999999,-0.09786597500000005,0.021850970000000025,-0.09196027500000004,0.13457087,-0.08745362499999998,-0.019414280000000006,-0.00487837499999999,0.019414280000000006,0.00487837499999999,0.013141810000000032,0.16852072499999993,0.01055085,0.20426169500000002,0.018397649999999988,0.321535225,-0.012439699999999998,0.3650686249999999,-0.038509000000000015,0.11287980999999997,0.05020412000000002,0.043825539999999996,0.01743703999999996,0.12899012999999998,0.03472054000000002,0.01041235000000007,0.03255609000000004,0.17339909999999992,0.005255839999999956,0.15301450000000005,-0.008863430000000005,0.19938332000000003,-0.02299055,0.1608069299999999,0.07225744,0.02180951999999997,0.03882856000000001,0.00975674999999998,0.09636429922524478,0.1476016207378093
0.10807437000000003,-0.26634792,0.10146407000000002,-0.27987165,0.11002740999999999,-0.28102295,0.06541756999999998,-0.29271142,0.0969987,-0.29128505,0.010865810000000031,-0.24863277,0.08008880000000002,-0.22934223000000004,-0.028799379999999986,-0.13676752000000003,0.09579143000000001,-0.10320797000000004,0.01738236999999998,-0.08743577000000002,0.13361401,-0.08668787,-0.01856576999999998,-0.004326269999999965,0.01856576999999998,0.004326269999999965,0.01216925000000002,0.16821113,0.010591600000000034,0.20134112999999998,0.017981650000000016,0.32274793,-0.01083263000000001,0.36366182999999996,-0.03966519000000002,0.11186524999999997,0.046181749999999966,0.04933175000000001,0.015702629999999995,0.12613426,0.037822579999999995,0.016520100000000038,0.030735020000000002,0.17253739999999995,0.005812399999999995,0.15453680000000003,-0.007974169999999947,0.19701486,-0.021424230000000044,0.16232069999999998,0.06922298999999998,0.019290539999999967,0.03713153999999996,0.00865253999999993,0.09055085731073785,0.1466958459092731
0.10774385000000003,-0.26414266500000005,0.10132870999999999,-0.2774145050000001,0.10977502,-0.2786709050000001,0.06563402000000002,-0.2895601950000001,0.09686453,-0.2884098850000001,0.012587320000000013,-0.24641066500000008,0.07807025000000001,-0.2266591750000001,-0.027471770000000006,-0.1385955550000001,0.09278805000000001,-0.10128923500000009,0.015858030000000023,-0.08887763500000012,0.13403355,-0.08540103500000007,-0.017433450000000017,-0.004207165000000068,0.017433450000000017,0.004207164999999957,0.011540090000000003,0.17072680499999993,0.010441729999999982,0.20120606499999993,0.016661450000000022,0.3267476249999999,-0.01018290999999999,0.36583086499999995,-0.04005909000000002,0.10781510999999999,0.04332980000000003,0.04971791999999997,0.014717800000000003,0.12536994,0.04124549999999999,0.01588820000000002,0.02897354000000002,0.17493397,0.005121360000000019,0.15602081999999995,-0.006991720000000035,0.19699889999999998,-0.020624639999999972,0.16462480000000002,0.06548293,0.019751489999999983,0.034866900000000034,0.008414330000000025,0.09098027880047034,0.14705513533110634
0.10844203000000002,-0.2619928700000001,0.10206553000000002,-0.2750903900000001,0.11028452999999999,-0.27636376000000007,0.06648806000000002,-0.28762185000000007,0.09664233,-0.28643952000000006,0.014081600000000027,-0.24528387000000007,0.07711836999999999,-0.22479954000000008,-0.026582419999999995,-0.13550452000000007,0.09228665000000003,-0.09762902000000007,0.011236489999999988,-0.07965585000000008,0.13450803,-0.08610042000000007,-0.016616469999999994,-0.004134680000000057,0.016616469999999994,0.004134679999999946,0.01105860000000003,0.17192122999999992,0.010287970000000035,0.2000441799999999,0.01494878999999999,0.3302291799999999,-0.01091352000000001,0.36696967999999996,-0.04066402000000002,0.10977935,0.03781890999999998,0.05584866999999999,0.015168280000000034,0.12717052,0.042221379999999975,0.0115286,0.027675070000000024,0.17605590999999998,0.00389018999999996,0.15830794999999998,-0.006328499999999959,0.19590949999999996,-0.021201490000000045,0.16692550000000006,0.06303676999999996,0.020484329999999995,0.03323293999999999,0.008269360000000003,0.08049369229281574,0.14846141987480654
0.10970260999999998,-0.25718973999999994,0.10358183999999998,-0.27068811,0.11162077999999998,-0.27154417,0.06882917,-0.28363549,0.09871244000000001,-0.28154742,0.017079640000000007,-0.24347941999999995,0.07819010999999998,-0.22074636999999997,-0.018563779999999974,-0.13690676999999996,0.09177869,-0.09476193,0.0280629,-0.08703587000000002,0.13843777000000002,-0.08836611999999999,-0.01599835999999999,-0.0049633700000000225,0.01599835999999999,0.0049633700000000225,0.014407420000000004,0.16766483,0.010067869999999979,0.20194248000000004,0.02135073999999998,0.32570403000000003,-0.012470860000000028,0.3716732300000001,-0.03564341999999998,0.10657264999999999,0.046626679999999976,0.04987089999999994,0.013588580000000017,0.12598443999999998,0.04665908000000002,0.006395810000000002,0.030405779999999993,0.1726282,0.006943319999999975,0.15803920000000005,-0.0059304900000000105,0.19697911,-0.022538730000000007,0.16973075000000004,0.06111046999999997,0.022733049999999977,0.03199671999999998,0.009926740000000045,0.09315197200831338,0.15395389837483237
0.10953090999999998,-0.254086895,0.10369618000000003,-0.26701933499999997,0.11143636000000001,-0.268118335,0.06987623999999998,-0.279305985,0.09821348000000002,-0.27790905499999996,0.01876854,-0.24016663499999996,0.07637842,-0.21862311499999998,-0.022157680000000013,-0.13469557499999996,0.08814211,-0.094924585,0.009422360000000018,-0.078367835,0.13950996,-0.08639783499999998,-0.014589240000000003,-0.0048864650000000065,0.014589240000000003,0.0048864650000000065,0.014179720000000007,0.16605076500000004,0.010673719999999998,0.20229051500000006,0.020845910000000023,0.325781565,-0.015653059999999996,0.37611131500000006,-0.04092622000000001,0.10547106,0.03158004000000003,0.05632773999999996,0.011763689999999993,0.12369852999999997,0.05136784999999999,0.008526750000000027,0.02876896000000001,0.17093723000000005,0.006666190000000016,0.15973079999999995,-0.003915520000000006,0.19740405000000005,-0.026326779999999994,0.1738208,0.05760988,0.021543519999999983,0.029178480000000007,0.009772930000000013,0.07730503652180044,0.15471913169291118
0.10775832999999996,-0.25252873000000003,0.10227749999999997,-0.2645753,0.109732,-0.26645154000000004,0.06867989999999996,-0.27680892,0.09551436999999996,-0.27707961000000003,0.01957477999999996,-0.23963308,0.07086117999999997,-0.21744439000000004,-0.016123370000000026,-0.13952456000000002,0.08343343999999997,-0.09225126000000006,0.011469599999999969,-0.09375425999999998,0.13802413999999996,-0.09388626,-0.012877630000000029,-0.00477150000000004,0.012877629999999973,0.004771499999999929,0.011630599999999991,0.16738754,0.010374699999999959,0.19979243999999996,0.01302306999999997,0.32867853999999996,-0.01754140000000004,0.37432484,-0.035698149999999984,0.10010851999999998,0.027592969999999994,0.04577030000000004,0.012572260000000002,0.12519312999999999,0.05459069999999999,-0.001634999999999942,0.02450823000000002,0.17215904000000004,0.001392469999999979,0.16129099999999996,-0.0025029300000000143,0.19502094000000003,-0.0279161,0.17453240000000003,0.05128640000000001,0.022188689999999955,0.025755260000000002,0.009542999999999968,0.09225355920445828,0.15935809541218068
0.10943975,-0.2471336,0.10445281000000001,-0.25943447000000003,0.11119529,-0.26115425000000003,0.07158450999999999,-0.27267365,0.09604212000000001,-0.27286409,0.019483200000000034,-0.23588551000000002,0.07195102000000003,-0.21393527,-0.017207189999999983,-0.13232105,0.08199658000000004,-0.08905894999999997,0.017699350000000003,-0.08308955000000007,0.13700428000000003,-0.08957305000000004,-0.013469449999999994,-0.005038650000000033,0.013469449999999994,0.005038650000000033,0.011772150000000037,0.16729574999999997,0.010668180000000027,0.20245234999999995,0.013901370000000024,0.33233722,-0.01800887000000001,0.37947889,-0.03669039000000002,0.10356446000000002,0.034906539999999986,0.04923149999999993,0.010045560000000009,0.12487632000000004,0.05500769999999999,-0.0005141000000000728,0.02524160000000003,0.1723344,0.0021292199999999872,0.16504147000000002,-0.002801269999999967,0.19741369999999991,-0.028677050000000037,0.17702654000000007,0.05246782,0.02195024000000001,0.026938899999999988,0.010077300000000067,0.08404425669996735,0.1556027891781472
0.10615066499999998,-0.24525375000000005,0.10233048499999997,-0.25647109000000007,0.108361665,-0.25937318000000004,0.071211615,-0.27117377000000004,0.09306639499999997,-0.27467795000000006,0.019307344999999976,-0.23699978000000005,0.06657869500000002,-0.21894139000000007,-0.013733914999999985,-0.12960109000000009,0.07591826499999998,-0.09479335000000011,0.02868894500000002,-0.07178449000000009,0.13423940499999998,-0.09118521000000002,-0.012066185000000007,-0.004292350000000056,0.012066185000000007,0.004292349999999945,0.010436365000000003,0.16794584999999995,0.007401235000000006,0.19911524999999997,0.011036044999999994,0.33415454999999994,-0.018995535000000008,0.37556294999999995,-0.03304125999999996,0.10739868999999996,0.04242286000000001,0.057816599999999996,0.009339569999999964,0.12414803999999996,0.058321139999999994,0.003608140000000093,0.02250255000000001,0.1722382,0.0005996799999999913,0.1662087,-0.004664950000000001,0.19482290000000002,-0.026396770000000014,0.17644769999999999,0.047271350000000045,0.01805838999999998,0.024132370000000014,0.0085847,0.07884268883730759,0.15505566790260195
0.10630217999999997,-0.24764508499999993,0.10313615999999998,-0.25831452499999996,0.10866355999999999,-0.26137678499999994,0.07296244000000002,-0.27345571499999993,0.09263972999999998,-0.27781430499999993,0.021412359999999964,-0.24040452499999992,0.06408773000000001,-0.22152668499999995,-0.013407009999999997,-0.12461260499999993,0.07457099,-0.09598508499999991,0.029294199999999992,-0.03709078499999996,0.13742606000000002,-0.0972700849999999,-0.010567739999999992,-0.004539784999999963,0.010567739999999992,0.004539785000000074,0.00918007999999998,0.16811281500000008,0.0040818300000000085,0.19888895500000003,0.011079080000000019,0.33213078500000004,-0.01919194000000002,0.37568675500000004,-0.03481936999999996,0.11579191999999999,0.04270120999999999,0.08752181999999997,0.010483259999999994,0.12554160000000003,0.06285507000000001,-0.0012849999999999806,0.01974781999999997,0.17265260000000004,0.0018990000000000395,0.16401796999999996,-0.006485909999999984,0.19434916999999996,-0.023273770000000027,0.1767978,0.042675370000000046,0.01887783999999998,0.021135479999999984,0.009079570000000037,0.051463986063689224,0.1626600226934673
0.10665531,-0.24453900000000006,0.10415545999999998,-0.25475332000000006,0.10896199000000001,-0.25841215000000006,0.07509712999999996,-0.2714789800000001,0.09170246999999998,-0.27744067000000006,0.023609190000000002,-0.24016450000000006,0.062278219999999995,-0.22352666000000004,-0.006574589999999991,-0.12161240000000006,0.07448048999999995,-0.09684060000000005,0.03758518999999999,-0.03592630000000008,0.14037976999999996,-0.09507155000000012,-0.009521229999999992,-0.0042040000000000965,0.009521229999999992,0.0042039999999999855,0.00695631999999996,0.16699979999999992,0.00292781999999997,0.1972211599999999,0.011979489999999982,0.3307762999999999,-0.016584030000000027,0.37295069999999997,-0.030183779999999993,0.1185521,0.04415977999999998,0.08568609999999999,0.01220226999999996,0.12668606,0.06589928,0.0017690499999999387,0.016477549999999952,0.17120380000000002,0.005023170000000021,0.1637765,-0.006593410000000022,0.1930171599999999,-0.019511849999999997,0.17572954000000007,0.03866902999999999,0.016637840000000015,0.019042459999999983,0.008408000000000082,0.05679189310549876,0.16425465691642996
0.10477372500000004,-0.24289966000000002,0.103170125,-0.25265918,0.106902145,-0.25706635,0.07540522500000002,-0.27106515000000003,0.08819620500000003,-0.27913828,0.024795285,-0.24159695000000003,0.057637225000000014,-0.22809909,-0.001938974999999954,-0.12332595000000002,0.07222010500000003,-0.10105598999999998,0.045931025000000014,-0.04519671999999997,0.13963090500000003,-0.09287062000000001,-0.008069824999999975,-0.003517919999999952,0.00806982500000003,0.003517919999999952,0.004581265000000001,0.16908537999999995,0.002855164999999993,0.19450847999999998,0.008302175000000023,0.34245675,-0.01010365499999999,0.37600027999999996,-0.026734259999999954,0.11827100000000002,0.04786999999999997,0.07812923000000005,0.01458288000000002,0.12704310000000002,0.06741079999999999,0.00818536999999997,0.012651089999999976,0.1726032999999999,0.0037209100000000217,0.17337137000000002,-0.005214660000000038,0.19099056000000003,-0.012958819999999982,0.18149179999999998,0.032841940000000014,0.013497860000000028,0.016139650000000005,0.007035839999999904,0.06821447185284439,0.16309220831817195
0.10745660000000001,-0.24656171499999996,0.10521833000000003,-0.25600964499999995,0.10973685000000005,-0.2613358149999999,0.07572160000000006,-0.2731621149999999,0.08952508000000003,-0.28316569499999994,0.028141850000000024,-0.24184409499999993,0.05495212000000005,-0.23195469499999993,0.01453595000000002,-0.12129563499999996,0.07327119000000004,-0.10446901499999994,0.055977000000000054,-0.05384271499999993,0.14019395,-0.09255801499999994,-0.006509449999999972,-0.0030580449999999537,0.006509450000000028,0.0030580450000000647,0.0012885700000000444,0.16486903500000005,0.0038333300000000237,0.19231554500000003,0.006331990000000065,0.339313485,-0.005604819999999955,0.3712591850000001,-0.013605900000000004,0.12054845999999997,0.041441050000000035,0.06745292000000003,0.018319069999999993,0.12748568,0.06692275999999997,0.011911000000000005,0.007798020000000017,0.16792708,0.005043420000000021,0.17444444999999997,-0.002676120000000004,0.18925749999999997,-0.009438149999999979,0.17894364000000007,0.026810270000000025,0.009889399999999993,0.0130189,0.0061160900000000185,0.08052104781118662,0.16435929079359524
0.10664992499999998,-0.24663300499999996,0.10567756499999997,-0.255329875,0.10907312499999999,-0.261703555,0.07786225499999999,-0.273163475,0.08780072500000002,-0.286163605,0.02866428500000001,-0.24201489499999995,0.05200152499999999,-0.235951195,0.012368195000000026,-0.11949310499999999,0.07043357500000003,-0.10783837499999993,0.05500470499999999,-0.057181335,0.13875006499999998,-0.09256367499999996,-0.005620775000000022,-0.0026095250000000014,0.005620775000000022,0.0026095250000000014,0.0007771249999999896,0.163378225,0.0037209950000000047,0.19011302500000005,0.003963404999999975,0.334413525,-0.0022316350000000096,0.366144225,-0.016296089999999985,0.12252178999999996,0.04263650999999996,0.06231176999999999,0.018432050000000033,0.12811282000000007,0.06831648999999995,0.015274699999999974,0.006397900000000012,0.16598775,0.003186279999999986,0.1710353,-0.0018997800000000176,0.18750350000000005,-0.005952630000000014,0.17603119999999994,0.02333723999999998,0.00606369999999995,0.011241550000000045,0.005219050000000003,0.08156918089515489,0.16365007135392298
0.10900151999999996,-0.24399258500000004,0.10887349999999996,-0.25353146500000007,0.11052721999999998,-0.26002598500000007,0.08226151999999998,-0.2713077850000001,0.08804501999999997,-0.28417475500000006,0.03061451999999998,-0.23902485500000004,0.05349345,-0.23197288500000007,0.021578719999999996,-0.11888068500000004,0.07106101999999997,-0.10055593500000004,0.07800816,-0.0706550250000001,0.14094618999999997,-0.08556584500000008,-0.006002680000000038,-0.0029723850000000773,0.0060026799999999825,0.0029723849999999663,-0.0018755400000000089,0.16385765499999994,0.005051469999999947,0.1928660149999999,0.003393299999999988,0.3322113149999999,-0.0010501600000000222,0.3662633449999999,-0.009035799999999983,0.12014417,0.05642944,0.04822565999999995,0.017567569999999977,0.13141695000000003,0.06988517,0.014990089999999956,0.004127140000000029,0.16683004,0.005268839999999997,0.16835365999999996,-0.0009512100000000356,0.18989362999999992,-0.006101629999999969,0.17339733000000002,0.02287893000000002,0.007051969999999963,0.01200536000000002,0.005944770000000044,0.1078830894759471,0.16139631056084586
0.11087303500000001,-0.24494734999999995,0.11066205499999998,-0.25467394,0.11214413499999998,-0.26123858999999994,0.08346197500000002,-0.27231211999999994,0.088682335,-0.28488603999999995,0.030336735000000004,-0.24017966999999996,0.05417997499999999,-0.23048309999999994,0.026001405000000033,-0.12296001999999995,0.07176473500000002,-0.09562045999999991,0.08980048499999999,-0.08037222,0.142507685,-0.08264154999999995,-0.0064759649999999724,-0.003598619999999997,0.006475965000000028,0.003598619999999997,-0.0021033449999999787,0.16209308,0.006033785000000014,0.19303298000000002,0.0043640850000000175,0.3294268800000001,-0.0015768649999999829,0.36458295000000007,-0.004335329999999971,0.11721965000000001,0.06379907999999995,0.042587799999999953,0.017584760000000033,0.13486264000000003,0.07074294999999997,0.012978909999999955,0.004372619999999994,0.1656917,0.006467429999999996,0.1673338000000001,-0.00044218000000001423,0.18943436000000002,-0.007610649999999997,0.17154997000000005,0.023843239999999988,0.009696570000000015,0.01295193,0.007197239999999994,0.123139516328279,0.16106519104942346
0.10966019999999999,-0.23867484500000002,0.11064367000000003,-0.24855133499999998,0.11072015000000002,-0.255335465,0.08511000000000002,-0.267396595,0.08603554000000002,-0.280813095,0.02836217000000002,-0.236529145,0.05244943000000002,-0.22525781500000003,0.023546750000000005,-0.128017905,0.06704353000000002,-0.09263586499999998,0.09483946999999998,-0.08394146499999999,0.13737637000000003,-0.07489019500000005,-0.006952769999999997,-0.0036790949999999656,0.006952769999999997,0.0036790949999999656,-0.0034172599999999775,0.166061735,0.0036659499999999734,0.193928035,0.0013759099999999802,0.337664635,-0.004143449999999993,0.36602463500000004,-0.004815420000000015,0.10851124000000001,0.07129271999999998,0.044076439999999995,0.014594099999999999,0.13262195000000004,0.07033284000000001,0.017745669999999936,0.0035355100000000195,0.16974082999999995,0.004793169999999958,0.1716029,-0.0032868200000000236,0.19024894000000003,-0.007809399999999966,0.17209660000000004,0.02408726,0.011271329999999968,0.013905539999999994,0.007358189999999931,0.12962911772528,0.152261120342864
0.10850209000000005,-0.24027565499999992,0.10936716000000002,-0.24993661499999992,0.10940656000000004,-0.25673386499999995,0.08403724000000001,-0.2687865549999999,0.08416667,-0.2823160349999999,0.029482410000000014,-0.23712018499999993,0.04912603000000004,-0.22770357499999994,0.02752906000000005,-0.1256145549999999,0.06296995,-0.0947979149999999,0.10013869000000003,-0.08536351499999995,0.13604659000000002,-0.07478425499999997,-0.0055900499999999576,-0.00362774499999996,0.005590050000000013,0.003627745000000071,-0.003905739999999991,0.16243484500000005,0.0023342100000000032,0.19236748500000012,-0.00023281999999996694,0.333308845,-0.005208789999999963,0.36255624500000005,-0.001953349999999965,0.11150563000000002,0.07260962999999998,0.04025103999999996,0.013843919999999954,0.13290566000000004,0.07307664000000003,0.020013659999999933,0.0016843099999999667,0.16606259,0.003672920000000024,0.17087399999999997,-0.00325584000000001,0.18873974000000004,-0.007542999999999966,0.17018875999999994,0.01964362000000003,0.009416609999999992,0.01118009999999997,0.007255490000000031,0.1336387015781001,0.15220824738749084
0.10841252499999998,-0.23912806500000006,0.10965778500000001,-0.24811792500000002,0.109639655,-0.255751355,0.08483808500000001,-0.26714719500000006,0.08395882500000001,-0.28296775500000004,0.03133912499999997,-0.23561985500000004,0.04640275499999996,-0.22969082500000004,0.033145024999999995,-0.12132572500000005,0.058978754999999994,-0.09503752500000007,0.10791637500000001,-0.085120325,0.13315137500000002,-0.07067928499999998,-0.004355295000000037,-0.003122524999999987,0.004355294999999981,0.003122524999999987,-0.005254485000000031,0.16227533500000002,0.00037535499999996613,0.19224227500000002,-0.002424645000000003,0.33323757499999995,-0.006035424999999983,0.36138587499999997,0.001805900000000027,0.11429413,0.07477135000000001,0.036205400000000054,0.012576000000000032,0.13465329999999998,0.07417262000000002,0.024358240000000086,-0.0008991899999999942,0.16539786,0.002829840000000028,0.17096223999999993,-0.003979940000000015,0.18911975000000003,-0.006410779999999949,0.16914359999999995,0.015063629999999995,0.005929030000000002,0.008710590000000018,0.006245049999999974,0.1390272170815086,0.14844237057741466
0.10785327500000003,-0.23892856500000004,0.11062418500000004,-0.247624055,0.10853762500000003,-0.256180265,0.088438825,-0.265814555,0.08225418500000004,-0.284082965,0.035924095000000045,-0.233642185,0.04346509500000001,-0.231071185,0.037373144999999997,-0.11846674500000004,0.05475522500000002,-0.095259435,0.10848255500000004,-0.08431471499999998,0.12897092500000001,-0.06947762499999999,-0.0019835049999999965,-0.0024805150000000165,0.0019835049999999965,0.0024805150000000165,-0.005933324999999989,0.16215275500000004,-0.0010140349999999687,0.190940075,-0.0050538350000000065,0.329980955,-0.00817464499999998,0.35999321500000003,0.0014490499999999518,0.11517543999999996,0.07110941000000004,0.034152030000000055,0.01129013000000001,0.13581175,0.0742157,0.025781810000000016,-0.003949819999999993,0.16463327000000005,0.0008794899999999828,0.16782819999999998,-0.0029975399999999652,0.18845955999999997,-0.007160610000000012,0.16905314000000005,0.007540999999999964,0.00257099999999999,0.003967009999999993,0.004961030000000033,0.13747576768857703,0.14595814040510383
0.10633041500000001,-0.23662369,0.11017750500000001,-0.24480762,0.107204925,-0.25417847000000005,0.08984281500000002,-0.26390602,0.08103186500000004,-0.28434892,0.03728540500000005,-0.23334469000000002,0.04136441500000004,-0.23257239000000002,0.03558926500000004,-0.11967241,0.05136831500000005,-0.09384372000000007,0.09957780500000002,-0.09744300000000006,0.128057615,-0.06450347000000001,-0.0008621349999999861,-0.0023142299999999727,0.0008621350000000416,0.0023142299999999727,-0.005987634999999991,0.16061238999999994,-0.0015057349999999525,0.19096212999999995,-0.007225854999999948,0.32603952999999997,-0.009636564999999986,0.35972512999999995,-0.0016961400000000126,0.11367228000000001,0.06398853999999998,0.02222940999999995,0.01000390000000001,0.13872866999999994,0.07668929999999996,0.029340250000000068,-0.005125500000000005,0.1629266199999999,-0.0012382199999999566,0.16542714000000003,-0.002367869999999994,0.18864789999999998,-0.008130830000000033,0.168763,0.004079009999999994,0.0007723000000000035,0.0017242700000000277,0.004628459999999945,0.1383389476211111,0.14367774763588267
0.10526853999999997,-0.23890482000000002,0.11065855999999996,-0.24654245000000002,0.10601917,-0.25731815,0.09280136,-0.26354975,0.08000508,-0.28766157000000003,0.04284241999999999,-0.23154970000000002,0.036509599999999975,-0.23515635000000001,0.039622800000000014,-0.11931615000000001,0.04685659999999997,-0.09614504999999995,0.09866910000000001,-0.10250141000000002,0.1262621,-0.06757205,0.0026790499999999606,-0.0015013499999999569,-0.002679050000000016,0.0015013499999999569,-0.004086499999999993,0.15929548000000004,-0.005163760000000017,0.18787725,-0.009991470000000002,0.32061259,-0.011311700000000036,0.35704075,-0.0032196199999999786,0.11223355000000002,0.059046299999999996,0.016814739999999995,0.010346999999999995,0.13901130000000006,0.07940550000000002,0.02857299999999996,-0.0067655499999999535,0.16079683,-0.005904970000000009,0.16131710999999993,-0.002484710000000001,0.18637590000000004,-0.006147940000000018,0.16916350000000002,-0.006332820000000017,-0.003606649999999989,-0.005358099999999977,0.0030026999999999138,0.1393380845964452,0.1462769795657625
0.10416828000000006,-0.239309475,0.11071498000000002,-0.24714291499999996,0.10444255000000002,-0.258304795,0.09487168000000001,-0.263503985,0.07822866,-0.288702535,0.045307470000000016,-0.231302715,0.034824290000000035,-0.23546316499999997,0.040255470000000015,-0.121922755,0.044095940000000056,-0.09609911500000001,0.09205190000000002,-0.10843401499999994,0.12468378000000002,-0.06798821499999996,0.004131750000000045,-0.0012190850000000086,-0.00413174999999999,0.0012190850000000086,-0.005129029999999979,0.16136778500000004,-0.006226949999999953,0.18841792499999999,-0.010088779999999964,0.321223625,-0.014250799999999952,0.356490785,-0.005052000000000001,0.10937996,0.051796430000000004,0.013488740000000055,0.00927165000000002,0.13936404999999996,0.08058783999999997,0.02811090000000005,-0.009260780000000024,0.16258687000000005,-0.004959749999999985,0.15985583999999997,-0.0020951999999999638,0.18719883999999998,-0.008023849999999999,0.16807286,-0.01048317999999998,-0.004160449999999982,-0.008263500000000035,0.0024381700000000173,0.1386542245693487,0.14622958367741767
0.10373101500000004,-0.23851309999999998,0.11074424500000002,-0.24638833,0.10346136500000003,-0.25736432,0.09636674500000003,-0.26204047999999996,0.07736238500000003,-0.28682529999999995,0.049251445000000005,-0.22886573,0.03290314500000002,-0.23290745999999996,0.044404125000000016,-0.11941154999999998,0.04059404500000002,-0.09367714999999999,0.09864388499999999,-0.10481929999999995,0.123518835,-0.07096707000000002,0.005893115000000004,-0.0013360000000000039,-0.005893115000000004,0.0013360000000000039,-0.004988414999999968,0.16044415,-0.007492655000000015,0.1878742,-0.015078515000000015,0.31866400000000006,-0.016761744999999995,0.35666980000000004,-0.004847319999999988,0.10945418000000001,0.05423975999999997,0.014592250000000029,0.0076909000000000005,0.13923030999999997,0.08292478999999997,0.022710079999999966,-0.010881529999999973,0.16178015,-0.010090100000000046,0.15821985000000005,-0.0015995400000000104,0.1865382,-0.00926908999999998,0.16879560000000005,-0.016348299999999982,-0.004041729999999966,-0.011786230000000009,0.0026720000000000077,0.1389658185111824,0.14824030064131483
0.10272128000000003,-0.23994377,0.10930951,-0.24726442999999998,0.10249746000000004,-0.25861587999999996,0.09473131000000001,-0.26261607,0.07666211,-0.28798353,0.04999778000000005,-0.22895100999999995,0.03050831000000004,-0.23324698,0.04394391000000003,-0.1192626,0.03931133000000003,-0.09406625999999996,0.10205272000000004,-0.10440426999999997,0.12109701,-0.08235013000000002,0.007092990000000021,-0.0016007999999999578,-0.007092989999999966,0.0016008000000000688,0.0011059400000000275,0.15885150999999997,-0.008284860000000005,0.18810612000000004,-0.018513889999999977,0.31303957000000004,-0.01918156999999998,0.36111597000000006,-0.006053870000000017,0.10968840999999996,0.05810881000000001,0.01485833000000003,0.008803019999999995,0.13918072000000004,0.08178567999999997,0.011716129999999936,-0.005987049999999994,0.16045230999999993,-0.019619830000000005,0.15418806000000007,-0.0011918700000000393,0.18650531999999997,-0.010896709999999976,0.17300985000000002,-0.01948947000000001,-0.004295970000000038,-0.014185979999999987,0.0032016000000000266,0.13994964725112316,0.15323326906342796
0.10076903999999998,-0.23748677500000004,0.10603843999999996,-0.24392044500000004,0.10041846999999998,-0.25526866500000006,0.09014388999999995,-0.25947824500000005,0.07349058999999997,-0.28433704500000007,0.050552089999999994,-0.22640649500000004,0.024033869999999957,-0.22995898500000006,0.04342728999999995,-0.11907225500000007,0.03473483999999999,-0.0917593550000001,0.09757341999999997,-0.10458204500000001,0.11459206999999999,-0.08550929500000004,0.00974910999999995,-0.0020124650000000743,-0.009749110000000005,0.0020124649999999633,0.00893803999999998,0.15530035499999995,-0.011210270000000022,0.186147505,-0.024111750000000043,0.308295805,-0.023644280000000018,0.362304105,-0.007124800000000042,0.10733423999999997,0.054146130000000015,0.014490210000000059,0.010700970000000032,0.13819962999999996,0.07985723,0.006250060000000057,-0.0008110699999999693,0.15731282000000002,-0.03304979000000002,0.15299545000000003,-0.0014611600000000169,0.18413504000000003,-0.012434009999999995,0.1761566,-0.026518220000000037,-0.0035524900000000192,-0.019498219999999955,0.004024930000000038,0.1350319523977658,0.15205521206880743
0.09846707999999998,-0.23942190000000002,0.10508751,-0.24607800000000002,0.09764762999999999,-0.25785638,0.09159627999999997,-0.26074852000000004,0.07087190999999998,-0.28712632000000005,0.05064947999999997,-0.22546090000000002,0.022159329999999977,-0.23105617,0.04195331999999996,-0.116645,0.033190059999999966,-0.09266693999999998,0.10653847999999999,-0.10439860000000001,0.11171825999999996,-0.09181930000000005,0.010683819999999955,-0.0017225000000000712,-0.01068382000000001,0.0017224999999999602,0.013776139999999992,0.15482889999999994,-0.013940490000000028,0.1854844,-0.024274870000000004,0.30880944999999993,-0.029468319999999992,0.36243914,-0.008696160000000008,0.10881590000000002,0.06458516000000003,0.01224639999999999,0.011030729999999989,0.13838923000000003,0.07852819999999999,0.0008476399999999273,0.0030923200000000373,0.1565514,-0.038051009999999996,0.15398055,-0.003256670000000017,0.18376190000000003,-0.015527829999999965,0.17695474,-0.028490149999999992,-0.0055952699999999855,-0.021367639999999966,0.0034450000000000314,0.14046528879024026,0.15405303481452873
0.09928556,-0.23929477,0.10549944,-0.24618684999999996,0.09785323000000001,-0.25748799,0.09190919000000003,-0.26069950999999997,0.06963485000000003,-0.28588274999999996,0.05211380999999998,-0.22433945,0.01880058000000001,-0.22867506999999998,0.04286211000000001,-0.11464580999999996,0.031270379999999987,-0.09265764999999992,0.11643498000000002,-0.10008715000000001,0.11272083999999999,-0.09545645000000003,0.012830689999999978,-0.0032026499999999736,-0.012830689999999978,0.0032026499999999736,0.025238680000000013,0.14493865000000006,-0.01521564999999997,0.18793210000000005,-0.020685149999999985,0.29329105,-0.03308464,0.36111119,-0.009251699999999974,0.10969364000000004,0.07357287000000001,0.014558659999999946,0.012469799999999975,0.13601742000000006,0.08145046,-0.002798800000000101,0.012407990000000035,0.14814130000000003,-0.04592383,0.14835239999999994,-0.0023849599999999915,0.18472945000000007,-0.01786899000000003,0.17317908999999998,-0.03331322999999997,-0.0043356199999999845,-0.025661379999999956,0.006405299999999947,0.1418465905358818,0.15967718903509948
0.09726863000000002,-0.23834334999999995,0.10446964000000003,-0.24576560999999997,0.09565661000000003,-0.25717606,0.09260451000000003,-0.25980414999999996,0.06810222999999999,-0.28557140999999997,0.05039228000000001,-0.22377857999999995,0.018363410000000024,-0.22854512,0.03993563,-0.11199917999999998,0.027891009999999994,-0.09179123,0.11748051000000004,-0.09808947999999995,0.11301036000000003,-0.09872318000000002,0.012920839999999989,-0.003323179999999981,-0.012920839999999989,0.003323179999999981,0.028809909999999994,0.14180289000000001,-0.016811770000000004,0.18679992,-0.00905100999999997,0.28995035,-0.03811813999999997,0.35902868,-0.010456650000000012,0.11177939999999997,0.07754488000000004,0.013909700000000025,0.00952759999999997,0.13675389,0.08511935000000004,-0.00693195000000002,0.015889070000000005,0.14512607,-0.037860919999999965,0.14814746,-0.0038909300000000147,0.18347674000000003,-0.021306369999999963,0.17222875999999998,-0.03202886999999999,-0.004766540000000041,-0.025841679999999978,0.006646359999999962,0.14111476253815156,0.16208678762530154
0.09854949999999996,-0.23959053999999996,0.10518829999999996,-0.24748883999999993,0.09680177999999995,-0.25820461999999994,0.09225557999999995,-0.26134235999999994,0.06837026999999996,-0.28546968999999994,0.04913614999999999,-0.22557421999999994,0.018482939999999948,-0.22886791999999995,0.03938425999999995,-0.11193661999999993,0.027908399999999944,-0.09390862,0.11651237999999997,-0.09670201999999994,0.11478636999999997,-0.10160066000000001,0.012881739999999975,-0.004023979999999927,-0.01288174000000003,0.004023980000000038,0.030784389999999995,0.1375303200000001,-0.016621210000000053,0.18776838000000007,0.0011585499999999804,0.28550451,-0.03700812000000003,0.35650388,-0.00975189000000004,0.1136376,0.07712812000000002,0.015234599999999987,0.009425459999999997,0.13495929999999995,0.08687797000000003,-0.007692040000000011,0.01790265000000002,0.14155430000000002,-0.029625840000000014,0.1479741899999999,-0.0037394700000000225,0.18374440000000003,-0.02038690999999998,0.16873549999999993,-0.030653210000000042,-0.0032937000000000105,-0.025763480000000005,0.008047959999999965,0.13902707881938398,0.16569764900595815
0.09667572500000005,-0.24095640000000007,0.10363550500000002,-0.24893240000000005,0.09502666500000001,-0.25991218000000005,0.09105550500000004,-0.26199328000000005,0.06705033500000002,-0.2867847800000001,0.04760786500000003,-0.22657828000000008,0.017220735000000043,-0.2302542800000001,0.03798845500000003,-0.11307188000000012,0.02417605500000003,-0.09483948000000009,0.10917230500000003,-0.10126591000000007,0.10859010500000005,-0.1063538300000001,0.013041645000000046,-0.00374448000000005,-0.01304164499999999,0.003744479999999939,0.030616135000000044,0.13720117999999992,-0.01795259499999996,0.18554656999999997,0.010238855000000047,0.28386365999999996,-0.03703279499999995,0.3522001199999999,-0.009619409999999995,0.11350639999999995,0.07118384999999999,0.011805970000000054,0.006955319999999987,0.1354148,0.08441405000000002,-0.011514350000000007,0.017574489999999998,0.14094565999999997,-0.020377279999999998,0.14666248000000004,-0.0049109499999999695,0.18180209000000003,-0.01908019999999999,0.16665354999999993,-0.030387129999999984,-0.0036760000000000126,-0.026083290000000037,0.007488959999999989,0.1369362373562254,0.1640607219078309
0.09521014,-0.242806405,0.10233485999999997,-0.250934625,0.09352547,-0.262010155,0.08972513999999998,-0.263748825,0.06519560000000002,-0.288696375,0.04522296999999997,-0.229060975,0.015643929999999973,-0.231108875,0.03499789999999997,-0.11781650500000007,0.022517830000000016,-0.09601884500000002,0.10026422000000001,-0.10632777500000001,0.10563751999999998,-0.11079880500000006,0.013022800000000001,-0.004162255000000004,-0.013022800000000001,0.004162255000000004,0.03267619999999999,0.13456255500000003,-0.01701720000000001,0.18406499499999995,0.016279129999999975,0.28298592499999997,-0.03682336000000003,0.35145545499999997,-0.010225070000000003,0.11124446999999993,0.06526632000000004,0.011488730000000058,0.006873900000000044,0.13509002999999997,0.08311968999999997,-0.014779960000000036,0.019653399999999988,0.13872481000000003,-0.016397070000000014,0.14842336999999994,-0.003994400000000009,0.17990273999999995,-0.019806160000000017,0.16739046000000002,-0.02957904,-0.0020478999999999914,-0.026045600000000002,0.008324510000000007,0.1343460414023681,0.16521597035040533
0.09434747500000001,-0.24216880000000007,0.10207737499999997,-0.25098447000000007,0.09190573499999999,-0.2618844000000001,0.09042074499999997,-0.26361685000000007,0.06283070499999999,-0.28803995000000004,0.045098324999999995,-0.22857468000000003,0.014733624999999972,-0.23003615000000005,0.033226955,-0.11661185000000007,0.01972182499999997,-0.09610392000000001,0.09640573499999999,-0.10279579000000005,0.10235227499999999,-0.11157150000000005,0.013364894999999988,-0.004473750000000054,-0.013364894999999988,0.004473749999999943,0.03214381500000002,0.13389054999999994,-0.017583724999999994,0.18564084999999997,0.020563675000000003,0.27976075,-0.03728945500000003,0.3507644999999999,-0.011871369999999992,0.11196282999999996,0.06317877999999999,0.013816060000000019,0.004988199999999998,0.13393223000000004,0.08263045000000002,-0.015467580000000036,0.018778920000000032,0.1383643,-0.011580140000000017,0.14587020000000006,-0.004218830000000007,0.18116710000000003,-0.019705730000000032,0.16512364999999996,-0.030364700000000022,-0.0014614700000000203,-0.026729789999999976,0.008947499999999997,0.12869733741483233,0.16388094300549833
0.09283658499999997,-0.24776072499999996,0.10063336499999997,-0.256793925,0.089641415,-0.26792939499999996,0.08904572499999996,-0.267588925,0.059205915,-0.292282605,0.04480942499999996,-0.23009552499999997,0.011574364999999975,-0.23247458499999996,0.03381642499999998,-0.11906522499999994,0.017657264999999978,-0.09967016499999992,0.09387310499999996,-0.1068674249999999,0.10200252499999996,-0.11926112499999997,0.014476965000000008,-0.004101224999999986,-0.014476965000000008,0.004101225000000097,0.03050476499999999,0.13511897500000003,-0.01961211500000004,0.18343057500000004,0.023026604999999978,0.2776333150000001,-0.039374935,0.3471196350000001,-0.010992999999999975,0.11103030000000003,0.06005667999999997,0.012197800000000036,0.006082900000000002,0.13280442000000003,0.08434525999999998,-0.019590960000000046,0.01602779999999998,0.13922020000000002,-0.0074781600000000115,0.14251434000000007,-0.005135150000000033,0.17932934999999994,-0.01976281999999996,0.16368906000000005,-0.03323505999999998,-0.0023790599999999884,-0.028953930000000017,0.008202450000000083,0.12986392458777601,0.16966361126706755
0.08986387000000007,-0.2501591799999999,0.09770550000000006,-0.25920989999999994,0.08632222000000006,-0.27027013999999994,0.08629435000000002,-0.26968216999999994,0.05513352000000005,-0.29412167999999994,0.04297966000000003,-0.23208707999999995,0.007834020000000053,-0.23278966999999995,0.03333345000000004,-0.12472709999999992,0.014533370000000045,-0.10113089999999991,0.09106335000000004,-0.1135915999999999,0.09838829000000004,-0.12656259999999991,0.015112070000000033,-0.0043174299999999555,-0.015112069999999977,0.0043174300000000665,0.02910647000000005,0.13415560000000004,-0.022008699999999937,0.18147390000000008,0.020957170000000025,0.27521130000000005,-0.04250922999999995,0.34169210000000005,-0.009646209999999988,0.10735998000000002,0.0577299,0.01113550000000002,0.006699349999999993,0.13165877000000004,0.08385492,-0.0254317,0.013994400000000018,0.13847303,-0.008149300000000026,0.1410557,-0.006896629999999959,0.17715647,-0.020500530000000017,0.16021819999999998,-0.03514563999999998,-0.0007025900000000029,-0.03022414000000001,0.008634860000000022,0.13307682428893203,0.1732394700203464
0.08791292000000006,-0.25033638,0.09578440000000005,-0.25984201,0.08387196000000002,-0.27054680000000003,0.08471677000000005,-0.27066028000000003,0.052423600000000015,-0.29415643,0.04170445000000006,-0.23271638,0.006648780000000021,-0.23293060000000004,0.03244215000000006,-0.12457323000000003,0.012487860000000017,-0.10079638000000002,0.09375022000000005,-0.11674353999999998,0.09911144000000005,-0.12816018,0.014982340000000038,-0.004491719999999977,-0.014982339999999983,0.004491719999999977,0.026854340000000032,0.13488661999999996,-0.02249559999999995,0.18256941999999998,0.02062479000000006,0.27723661999999993,-0.04349132999999994,0.34413525,-0.009262300000000001,0.10814314999999997,0.06130806999999999,0.007829690000000056,0.0058390799999999965,0.13213422000000002,0.08662358000000003,-0.027363799999999994,0.011871999999999994,0.13937833999999993,-0.006229549999999973,0.14234999999999998,-0.007513259999999966,0.1780777,-0.02099572999999999,0.16156583000000002,-0.03505567000000004,-0.0002142200000000427,-0.02996468000000002,0.008983439999999954,0.1371307770451506,0.17496833201553474
0.085932275,-0.2490764450000001,0.09432721500000002,-0.2584554150000001,0.081686965,-0.26968936500000007,0.084454945,-0.2686379450000001,0.050843495000000016,-0.2933876350000001,0.04242955500000001,-0.23029603500000007,0.005655314999999994,-0.23326979500000006,0.03218438500000004,-0.12233407500000004,0.009684195000000007,-0.10077821500000006,0.09316318500000004,-0.1173696150000001,0.09460961500000004,-0.12604124500000008,0.01565148500000002,-0.0037125150000000273,-0.015651484999999965,0.0037125149999999163,0.02736719500000001,0.13775988499999992,-0.024018054999999983,0.18174538499999993,0.023109044999999995,0.27764598499999993,-0.04563868500000001,0.34477918499999993,-0.01024516999999997,0.10796196000000002,0.0609788,0.004964459999999948,0.0040288800000000125,0.13249158,0.08492542000000003,-0.02526303000000002,0.01171570999999999,0.14147239999999994,-0.004258150000000016,0.1398861,-0.008366570000000018,0.17803287,-0.02162063000000003,0.1630338,-0.036774240000000014,-0.002973759999999992,-0.031302969999999986,0.007425029999999944,0.13757179949866186,0.17027492007734904
0.08560199999999996,-0.2484149000000001,0.09567122,-0.2597050500000001,0.08148642,-0.2699810000000001,0.08709956999999996,-0.27006119000000006,0.050210739999999976,-0.2938841000000001,0.042394039999999966,-0.22988138000000008,0.008609309999999981,-0.2312212300000001,0.03438053999999996,-0.12064505000000003,0.010393869999999972,-0.09917575000000012,0.09340733999999995,-0.11601579000000006,0.09542069999999997,-0.12275205000000011,0.014257770000000003,-0.00323075000000006,-0.014257770000000003,0.003230749999999949,0.029303499999999982,0.1400178099999999,-0.03011326000000003,0.17755329999999991,0.028149889999999955,0.28716259999999993,-0.043048960000000025,0.33809084999999994,-0.008013500000000007,0.10923633000000005,0.05902679999999999,0.004629259999999968,0.0017845599999999906,0.13204548,0.08502683,-0.023576299999999994,0.01504572999999998,0.14324855999999997,-0.0011536100000000271,0.14714479000000003,-0.015855490000000028,0.17432254999999997,-0.012935699999999994,0.16053755000000003,-0.033784729999999985,-0.0013398500000000313,-0.028515540000000006,0.006461500000000009,0.13778650035103762,0.16703602209517834
0.08513100000000001,-0.24693086499999994,0.09491779,-0.258050415,0.08092525,-0.26813787499999997,0.08613182000000003,-0.26802137499999995,0.04948537000000003,-0.291363175,0.04174391999999999,-0.22772106499999994,0.00793545000000001,-0.22933015499999998,0.03328983000000002,-0.1190170949999999,0.007727609999999996,-0.09945609499999997,0.09272018999999998,-0.11037319499999998,0.09275499999999998,-0.12032299499999999,0.014145350000000001,-0.003233645000000007,-0.014145350000000001,0.003233645000000007,0.027527670000000004,0.14020830500000003,-0.030593409999999988,0.17807623500000003,0.02706662999999998,0.2872021450000001,-0.04432161000000001,0.3391438050000001,-0.00845408999999997,0.10870397000000004,0.05943035999999996,0.008643899999999927,-0.00020784000000001468,0.12987406,0.08502738999999998,-0.02086690000000002,0.013382320000000003,0.14344195000000004,-0.00046104000000002365,0.14699384000000004,-0.016448059999999987,0.17484259000000002,-0.013728200000000024,0.16106757000000005,-0.03380846999999998,-0.0016090900000000352,-0.028290700000000002,0.006467290000000014,0.13286417370844592,0.163382765670716
0.08431734000000002,-0.24792331499999998,0.09366596999999999,-0.258727425,0.08031989,-0.268855265,0.08441092,-0.268945995,0.04867996000000002,-0.292394305,0.040549800000000025,-0.22823691499999998,0.0064444100000000115,-0.23074528500000002,0.030125740000000012,-0.11711866500000001,0.006251620000000013,-0.10109386499999995,0.08644409000000003,-0.10636066499999997,0.09293479999999998,-0.11917760499999996,0.014351239999999987,-0.003319234999999976,-0.014351239999999987,0.003319234999999976,0.027266540000000006,0.138996275,-0.03222762000000001,0.17927303500000003,0.025439040000000024,0.285107035,-0.045999809999999974,0.339392575,-0.010424060000000013,0.11111824999999997,0.05631835000000002,0.010758000000000045,-0.00019278999999999824,0.12965142000000007,0.08668317999999997,-0.018083740000000015,0.012915300000000018,0.14231550999999998,-0.001827499999999982,0.14611076,-0.017876380000000025,0.17595380000000005,-0.013772189999999962,0.16011953999999995,-0.03410539000000001,-0.0025083700000000375,-0.028702479999999975,0.006638469999999952,0.12575736685207514,0.16283663650685978
0.08131571000000004,-0.24751507,0.08948293000000002,-0.25644048,0.07707383000000001,-0.26744345,0.08040876000000002,-0.26668417,0.04695613000000004,-0.29084643,0.04229851000000001,-0.22938927000000003,0.0009290700000000318,-0.23224825,0.03226353000000004,-0.12423931999999999,0.0011051700000000442,-0.10050579000000004,0.09156253000000003,-0.11339540999999997,0.08880649000000002,-0.11793591999999997,0.017026030000000025,-0.003676050000000042,-0.01702602999999997,0.003676050000000042,0.023095230000000022,0.13883524999999997,-0.02937096999999994,0.18236184999999994,0.01965543000000003,0.27650735000000004,-0.050763089999999955,0.3463094,-0.010034979999999971,0.10514995000000005,0.05929899999999999,0.010843910000000012,0.00017610000000001236,0.13174245999999995,0.08770131999999997,-0.017430129999999933,0.006069199999999997,0.1425113,-0.003439799999999993,0.13767210000000007,-0.012344939999999971,0.1786857999999999,-0.021392120000000014,0.16394755000000005,-0.04136943999999998,-0.0028589799999999554,-0.034052059999999995,0.007352100000000084,0.1326424810950835,0.16121412325485412
0.08056633000000002,-0.24711437500000005,0.08915719999999999,-0.25602103500000006,0.07624725999999998,-0.26714529500000006,0.08086276999999997,-0.26616524500000005,0.04662289999999997,-0.29054781500000004,0.04277095999999997,-0.22949875500000005,0.0005757000000000123,-0.23209263500000005,0.03062716999999998,-0.12696547500000005,-0.0003276300000000232,-0.100611165,0.08901096999999997,-0.11324675500000003,0.08805485000000002,-0.1133106450000001,0.017345600000000017,-0.0036464150000000695,-0.017345600000000017,0.0036464149999999584,0.02331475999999999,0.1385974849999999,-0.030061080000000018,0.18140892499999994,0.019428600000000018,0.2756676549999999,-0.051154179999999994,0.34641371499999996,-0.012143789999999988,0.10253328,0.058383799999999986,0.013718720000000018,-0.0009033300000000355,0.13148147000000004,0.08838248000000004,-0.012699480000000096,0.005969159999999973,0.14224389999999998,-0.003886159999999972,0.13707017,-0.012715480000000001,0.17776250999999998,-0.021093099999999976,0.16500479,-0.04219525999999996,-0.002593879999999993,-0.03469120000000003,0.007292830000000028,0.13095098237643155,0.15744271575416285
0.07905913999999997,-0.24481753500000003,0.08824774000000002,-0.253541215,0.07499600000000001,-0.265062315,0.08073297000000001,-0.263908195,0.04601738,-0.289358335,0.041801599999999994,-0.22891706500000003,-4.172000000002285e-05,-0.231153165,0.02854169000000001,-0.12780998500000001,-0.0014729600000000231,-0.09913782500000001,0.08406501999999999,-0.111623625,0.08736506,-0.10859246499999997,0.017201240000000007,-0.003812834999999959,-0.017201240000000007,0.003812834999999959,0.022799540000000007,0.13710518500000002,-0.029802759999999984,0.18132733499999998,0.01869828000000001,0.27532033499999997,-0.05142711999999999,0.346828895,-0.013259909999999986,0.10110708000000002,0.05552332999999998,0.01618636000000001,-0.0014312400000000003,0.13201533999999998,0.08883802000000002,-0.009454639999999959,0.0055983000000000005,0.14091801999999998,-0.0041012599999999955,0.13821514999999995,-0.012601519999999977,0.17751450000000002,-0.02162436000000001,0.16550156000000005,-0.04184332000000002,-0.002236099999999963,-0.03440248000000001,0.007625669999999918,0.12686185997498423,0.15352218915772398
0.07913654000000003,-0.24348635000000002,0.08829749000000003,-0.2519599,0.07528384000000005,-0.26369694000000005,0.08058146000000005,-0.26238312,0.04621270000000005,-0.28839139,0.04125646000000005,-0.22794292000000005,-0.00015812999999997857,-0.2304889,0.028288070000000054,-0.12713072000000003,-0.0014516999999999447,-0.09823742000000002,0.08432710000000004,-0.10954982000000002,0.08795917000000003,-0.10522335999999999,0.01698512000000002,-0.0037655199999999667,-0.016985119999999965,0.0037655199999999667,0.022020540000000033,0.13732168,-0.029557819999999957,0.18140053,0.017413410000000018,0.27553503999999995,-0.05158501999999998,0.34674233,-0.012968389999999996,0.10081220000000002,0.05603902999999999,0.01758090000000001,-0.0012935699999999661,0.13225147999999998,0.08941086999999998,-0.006985939999999968,0.005035420000000013,0.14108719999999997,-0.004607130000000015,0.13821335999999995,-0.012572699999999992,0.17763501000000004,-0.022027200000000025,0.16534179999999998,-0.04141459000000003,-0.0025459799999999477,-0.033970239999999985,0.007531039999999933,0.1254004003056227,0.15130062778210304
0.07775089000000002,-0.24219634500000004,0.08746946000000005,-0.25055345500000004,0.07404933000000002,-0.262435845,0.08087447000000003,-0.26081555500000003,0.045944660000000026,-0.28741748500000003,0.04203600000000002,-0.226590805,-0.0004198299999999544,-0.229524485,0.028750990000000032,-0.12689050500000004,-0.0026575699999999425,-0.09655152499999997,0.08620503000000002,-0.11091511500000006,0.08724940000000003,-0.100970915,0.017180950000000028,-0.0037680150000000134,-0.017180949999999973,0.0037680150000000134,0.021615150000000027,0.13716721499999995,-0.02989151999999995,0.18222301499999993,0.016050780000000042,0.27532667499999997,-0.051734969999999936,0.34855651499999996,-0.013285009999999986,0.09970029999999996,0.057454039999999984,0.015975389999999978,-0.002237739999999988,0.13297296000000003,0.08990696999999997,-0.004419390000000023,0.004434199999999999,0.14093522999999997,-0.005564369999999985,0.13815946,-0.012710569999999977,0.17845499999999992,-0.021843449999999986,0.16633350000000002,-0.04245582999999997,-0.002933679999999994,-0.0343619,0.007536030000000027,0.12745518686289864,0.1479051772544403
0.07803547500000002,-0.24034329000000004,0.087129715,-0.24838409000000006,0.07451617500000002,-0.2601603900000001,0.07966911500000001,-0.2588863900000001,0.04626876499999999,-0.28501769000000005,0.041942895000000036,-0.22559261000000008,-0.0006659649999999906,-0.22758993000000005,0.030992065000000013,-0.12808439000000005,-0.00372654499999997,-0.09505585000000005,0.08924806499999999,-0.10913905000000002,0.085269865,-0.09721383000000006,0.017081314999999986,-0.003994260000000027,-0.017081314999999986,0.003994259999999916,0.022083014999999984,0.13564326999999998,-0.029275054999999994,0.18123647999999992,0.016533885000000026,0.2732087099999999,-0.051196684999999964,0.34843700999999994,-0.010950830000000022,0.09750822000000003,0.058255999999999974,0.018945340000000033,-0.0030605799999999794,0.13253408,0.08899640999999997,-0.002157980000000004,0.005001699999999998,0.13963753,-0.005549129999999958,0.13756543999999993,-0.012193740000000008,0.17724222,-0.02192162999999997,0.16720053,-0.042608860000000026,-0.001997319999999969,-0.03416262999999997,0.007988519999999943,0.12752829752532022,0.14394040964524346
0.07793811000000006,-0.239442055,0.08659103000000001,-0.24728953499999995,0.07441711000000006,-0.258841685,0.07859906000000005,-0.25803950499999995,0.04582175000000005,-0.28352748499999997,0.04225859000000004,-0.22531648499999996,-0.0014507799999999849,-0.22656104499999996,0.03315076000000006,-0.12876311499999998,-0.004834769999999988,-0.09407238499999993,0.09083559000000002,-0.10810818499999997,0.08242824000000004,-0.09510348499999999,0.01734853000000003,-0.004028915000000022,-0.017348529999999973,0.004028915000000022,0.021532240000000036,0.13612181499999998,-0.029740909999999954,0.181056255,0.015524090000000046,0.274171415,-0.05155455999999997,0.348345115,-0.009107829999999983,0.09655336999999997,0.057684829999999965,0.020654930000000016,-0.0033839900000000034,0.13248866000000004,0.08726301000000003,-0.0010311000000000625,0.004183710000000007,0.14015073,-0.00600814999999999,0.1380496,-0.01239237999999998,0.17702733999999998,-0.021813650000000018,0.16728885999999998,-0.043709370000000025,-0.0012445600000000057,-0.03469706,0.008057830000000044,0.12740817254468603,0.1406507609698323
0.07742924000000007,-0.23896694999999996,0.08624116000000004,-0.24698302,0.07385618000000005,-0.25855247,0.07852130000000002,-0.25788331999999997,0.045194150000000044,-0.28347332,0.041745840000000034,-0.22499924999999998,-0.0015659999999999563,-0.22581577999999997,0.032382730000000026,-0.12820672,-0.004059049999999953,-0.09248767000000002,0.08978010000000003,-0.10608854999999995,0.08270598000000001,-0.09372386999999993,0.01725300000000002,-0.004093079999999971,-0.017252999999999963,0.004093079999999971,0.02278480000000005,0.13523338000000007,-0.029405059999999983,0.17995432,0.015946720000000025,0.27430798,-0.05180066999999994,0.34805178000000003,-0.009363110000000008,0.09679252999999999,0.05739737,0.022118170000000048,-0.0024930499999999967,0.13332810999999994,0.08676502999999997,-0.0012361999999999096,0.005531800000000031,0.13932646000000004,-0.006838080000000024,0.13907459999999994,-0.01215206000000002,0.17586124000000003,-0.022395609999999955,0.16809746000000003,-0.04331183999999999,-0.000816529999999982,-0.03450599999999998,0.008186159999999942,0.125152930988175,0.13985690326166555
0.07606750000000001,-0.23846907999999994,0.08484562000000001,-0.24612189999999995,0.07277444999999999,-0.25771697,0.07737300000000003,-0.25745747999999996,0.04461506999999998,-0.28327948999999997,0.04185865999999999,-0.22537277999999994,-0.0026567499999999855,-0.22648252999999996,0.034100660000000005,-0.12848495,-0.005549950000000026,-0.09222014999999995,0.09050940000000002,-0.10597354999999997,0.08044643000000001,-0.09167254999999996,0.01757677000000002,-0.003968650000000018,-0.01757677000000002,0.003968650000000018,0.023231820000000014,0.13648690000000008,-0.02942522000000003,0.18022105,0.015496540000000003,0.27627791,-0.05208734999999998,0.3478349500000001,-0.007757999999999987,0.09688782999999995,0.05640874000000001,0.022511400000000015,-0.00289320000000004,0.13426238000000001,0.08599638000000004,0.0005475999999999814,0.005655049999999995,0.1404555500000001,-0.007735280000000011,0.13979100999999994,-0.01184845000000001,0.17625239999999998,-0.022662129999999947,0.1676139000000001,-0.04451540999999998,-0.0011097500000000204,-0.03515354000000004,0.007937300000000036,0.1253960451638204,0.13695176842845078
0.076915495,-0.23591311000000004,0.08558207500000004,-0.24380673000000003,0.07333369500000003,-0.25494481,0.07810759500000003,-0.25564597000000006,0.044662475000000035,-0.28037731000000005,0.042575275000000024,-0.22426103000000003,-0.00226855499999995,-0.22434337000000004,0.03411787500000002,-0.12740033000000006,-0.0056995449999999725,-0.09054603000000006,0.08882254500000003,-0.10100327000000009,0.08063839500000003,-0.08667080000000005,0.017661035000000047,-0.004211170000000042,-0.01766103499999999,0.004211169999999931,0.023246055000000043,0.13636136999999993,-0.028214934999999997,0.18100823999999993,0.016002355000000024,0.27806791,-0.051349965,0.34951920999999997,-0.008457400000000004,0.09686069999999997,0.05470467000000001,0.026397059999999972,-0.0034309900000000226,0.13379734,0.08633794,0.0038752300000000073,0.005585019999999996,0.14057253999999997,-0.00724370000000002,0.14170654000000005,-0.010553900000000005,0.17679707,-0.02313503,0.16851097000000004,-0.04484382999999997,-8.234000000001407e-05,-0.03532207000000004,0.008422339999999973,0.12013605257328087,0.13387423355300976
0.07891248000000001,-0.23344669,0.08809731999999998,-0.24226883999999999,0.07642004999999996,-0.25224105,0.08017131999999999,-0.25358777,0.04839275999999998,-0.2770497,0.04237837999999999,-0.22240303,0.001827759999999956,-0.21990172000000002,0.037878140000000005,-0.12898116999999998,-0.006455230000000034,-0.09010636999999999,0.08746884999999999,-0.09722337000000003,0.08096835999999996,-0.08377583,0.015698149999999966,-0.004070569999999996,-0.015698150000000022,0.004070569999999996,0.02633441999999997,0.13931923000000002,-0.03208931000000004,0.17824483000000002,0.022767439999999972,0.28861133000000005,-0.04700272,0.34360573000000005,-0.004500239999999989,0.09342186000000002,0.04959070999999998,0.03175779999999995,-0.00828298999999999,0.12979535000000003,0.08742359,0.006330539999999996,0.010636270000000003,0.1433898,-0.0035669799999999974,0.14929210000000004,-0.016391160000000016,0.17417426000000003,-0.01491340999999996,0.16536090000000003,-0.04055062000000004,0.002501309999999979,-0.03139629999999999,0.008141139999999991,0.11759454717940798,0.13061931001402546
0.07946220500000006,-0.23328782000000003,0.08836185500000004,-0.24165312,0.07754285500000002,-0.25205145,0.07987523500000004,-0.25202731,0.05020362500000003,-0.27663245000000003,0.042324355000000036,-0.22035611,0.0018564550000000346,-0.21946273,0.04041725500000004,-0.12569135000000003,-0.007954944999999936,-0.09052594999999997,0.09203353500000006,-0.08824814999999997,0.08153078500000005,-0.08255085000000006,0.015497205000000014,-0.00393644999999998,-0.015497204999999958,0.00393644999999998,0.026842595000000025,0.13880274999999997,-0.031110884999999977,0.17753204999999994,0.024709675000000042,0.28761755,-0.04573524499999998,0.34267554999999994,-0.001907099999999995,0.09466475999999996,0.051616280000000014,0.037443200000000065,-0.00981139999999997,0.12893678000000003,0.08948572999999999,0.007975099999999902,0.01134539000000001,0.14273919999999996,-0.0021329199999999826,0.14881480000000002,-0.015613680000000019,0.17359559999999996,-0.014624360000000003,0.1651435,-0.0404679,0.0008933799999999992,-0.030994409999999972,0.00787289999999996,0.11386954187472129,0.1299787825174944
0.08088120999999998,-0.23452069999999997,0.08888410999999996,-0.24260349999999997,0.07956426999999999,-0.25254983999999997,0.07865074,-0.25357506999999996,0.052297839999999984,-0.27714166999999995,0.03986223999999999,-0.22338441999999997,0.0018460999999999617,-0.22044316999999997,0.03454594,-0.13069252999999997,-0.011495140000000015,-0.09037519999999999,0.08662883999999998,-0.09642879999999998,0.08039009999999996,-0.08148784999999992,0.014797479999999974,-0.004532899999999951,-0.01479748000000003,0.004532900000000062,0.02797733999999996,0.13874530000000007,-0.03161692999999999,0.17895660000000002,0.026191109999999962,0.28894834,-0.04531929000000001,0.34206080000000005,-0.005316299999999996,0.09269189,0.05208289999999999,0.03426372999999999,-0.013341239999999976,0.13006796999999998,0.09188523999999998,0.008887350000000072,0.013179859999999988,0.14327820000000002,-0.0017862299999999998,0.15020303999999995,-0.016819449999999958,0.17442369999999996,-0.013702360000000025,0.16310420000000003,-0.03801614000000003,0.0029412500000000064,-0.029594960000000003,0.009065800000000013,0.1166387616372002,0.12829748562157753
0.08250605,-0.23521786500000003,0.09005249999999998,-0.24275496500000004,0.08180037000000001,-0.25293456500000006,0.07888996999999998,-0.25315563500000005,0.055138220000000016,-0.277351135,0.04102362999999998,-0.22355439500000002,0.002122769999999996,-0.22172491500000002,0.03701310000000002,-0.131667425,-0.013465600000000022,-0.09329976500000003,0.08591441999999999,-0.089081305,0.07720690000000002,-0.071606265,0.015057189999999998,-0.004424835000000016,-0.015057189999999998,0.004424835000000016,0.028871109999999978,0.13844189499999993,-0.031164780000000003,0.17946403499999997,0.027243989999999996,0.289869465,-0.04519772999999999,0.34098688499999996,-0.004010529999999957,0.09188697000000001,0.04890131999999997,0.042586120000000005,-0.015588370000000018,0.12842515,0.09067250000000004,0.021693500000000032,0.01381391999999998,0.14286672999999994,-0.001627119999999982,0.15142757000000007,-0.016107590000000005,0.17503919999999995,-0.014032949999999988,0.16152285,-0.03890085999999998,0.0018294799999999944,-0.030114379999999996,0.008849670000000032,0.11039685211152443,0.1195549684067463
0.08687560499999997,-0.23970947000000004,0.09229175499999998,-0.24636119000000006,0.08703170499999996,-0.25654241000000005,0.07707850499999996,-0.25417453000000007,0.05994998499999998,-0.27804932000000004,0.04035316499999997,-0.22256031000000004,0.0030929349999999634,-0.22197657000000004,0.03872458499999998,-0.13103035000000007,-0.015316415000000028,-0.09542784000000004,0.08406110499999997,-0.0891871700000001,0.07131810499999996,-0.06752774000000006,0.014442165000000007,-0.004299670000000089,-0.014442165000000007,0.004299669999999978,0.028459414999999988,0.13697919999999997,-0.029562215000000003,0.17882082999999993,0.029693625,0.28826953,-0.04320686500000004,0.33962806999999995,-0.0016285799999999906,0.09152995999999997,0.04533651999999999,0.04184317999999998,-0.01840934999999999,0.12654873,0.08663451999999999,0.027900099999999983,0.014017249999999981,0.14127887000000006,0.0012342100000000134,0.15129033000000003,-0.015120049999999996,0.17452115999999995,-0.013644650000000036,0.16080724000000002,-0.037260230000000005,0.0005837399999999993,-0.028884330000000014,0.008599340000000066,0.10978471871336919,0.11186599455500765
0.08557789999999998,-0.24244351999999997,0.09014327,-0.24786597,0.08612586,-0.25913603999999996,0.07443399999999994,-0.25592616999999995,0.06108785,-0.28114982,0.04080009999999995,-0.22410229999999998,0.0019032999999999967,-0.22705162999999995,0.03299027999999998,-0.12316260999999995,-0.01754355000000002,-0.09533176999999993,0.07956519999999995,-0.07256052999999996,0.06581845999999997,-0.06287366999999999,0.015408599999999995,-0.00411076999999993,-0.01540860000000005,0.004110770000000041,0.025613399999999953,0.13384099000000005,-0.025392230000000016,0.18075008999999997,0.02454394999999998,0.27268256,-0.04697826000000005,0.34419479,-0.007809819999999967,0.10093969000000003,0.046574919999999964,0.050602079999999994,-0.019446850000000016,0.13171986000000002,0.08336200999999999,0.032458099999999934,0.010204799999999958,0.13795175999999998,-0.0010694499999999718,0.13884156999999997,-0.009983629999999966,0.17663931999999993,-0.021586030000000034,0.1634447,-0.038896799999999954,-0.0029493299999999723,-0.030817200000000045,0.008221539999999972,0.09381598460612987,0.1052841416280591
0.08698435999999998,-0.23346695,0.09235193999999997,-0.24025747999999997,0.08721339,-0.25052078,0.07886693,-0.25183995,0.062449389999999994,-0.27506705,0.04547735999999997,-0.21947263,0.005726220000000004,-0.22345365,0.03986259999999997,-0.11490020999999995,-0.02007568000000004,-0.09456138000000003,0.07736376,-0.06024874999999996,0.06530579999999997,-0.053485910000000025,0.014972390000000002,-0.0037407499999999594,-0.014972390000000002,0.0037407499999999594,0.031093919999999997,0.13662205000000005,-0.027320420000000012,0.18140895,0.027653329999999976,0.27946645000000003,-0.04263857000000004,0.34022945000000004,-0.005614759999999996,0.10457242000000005,0.03750116000000003,0.054651459999999985,-0.025801900000000044,0.12889226999999998,0.08538148000000001,0.04107547,0.016121529999999995,0.1403628,-0.003440590000000021,0.14284439999999998,-0.01234803000000001,0.17766820000000005,-0.01531815000000003,0.15882050000000003,-0.03975113999999996,-0.003981020000000002,-0.029944780000000004,0.007481499999999919,0.0841774145152778,0.09858741504082401
0.08488405999999998,-0.23184516999999988,0.08999081999999997,-0.2368324699999999,0.08581222,-0.2484247699999999,0.07693812,-0.2499131899999999,0.06227899999999997,-0.27558370999999987,0.048149319999999995,-0.22160672999999992,0.0016312699999999625,-0.22704922999999988,0.04423439999999995,-0.11662008999999984,-0.024054040000000054,-0.09380158999999988,0.08353835999999998,-0.05768662999999985,0.05859086999999996,-0.049981729999999946,0.017351619999999957,-0.003871769999999941,-0.017351620000000012,0.003871770000000052,0.029194989999999976,0.13600442000000013,-0.025400420000000035,0.18606493000000013,0.025824559999999996,0.27109437000000014,-0.04754238000000005,0.34944430000000015,-0.003914920000000044,0.10498664000000008,0.03930396000000003,0.05893345999999999,-0.025685310000000017,0.13324764,0.08264491000000002,0.04381985999999993,0.01184337000000002,0.13987619000000007,-0.00337042999999998,0.13508995000000001,-0.008048800000000023,0.18219316000000008,-0.022141960000000016,0.16337937000000002,-0.04651805000000003,-0.005442499999999961,-0.03470323999999997,0.007743539999999993,0.08530371450673876,0.09309920112251284
0.08527427500000001,-0.23362081499999998,0.08991703500000003,-0.238942015,0.08606343500000002,-0.24999745499999998,0.07600665500000003,-0.252787245,0.06258063500000005,-0.276811795,0.04760693500000002,-0.22533078499999998,0.0019778850000000125,-0.22850219500000002,0.04128757500000002,-0.12094364499999999,-0.023022164999999983,-0.094704715,0.07555437500000001,-0.062120364999999955,0.061436035000000055,-0.049775015000000034,0.017289965000000018,-0.004203214999999982,-0.017289964999999963,0.004203214999999982,0.029465675000000024,0.135853985,-0.02578464499999994,0.18619562499999998,0.025385705000000036,0.269790485,-0.04678481499999998,0.346718985,-0.006319359999999996,0.10438713999999999,0.034266799999999986,0.05882328000000003,-0.025000049999999996,0.13379748000000002,0.08445820000000004,0.04492969999999996,0.012175710000000006,0.1400572,-0.004079969999999988,0.1339365,-0.008494679999999977,0.18199241,-0.02100017000000004,0.16052336,-0.045629050000000004,-0.003171410000000041,-0.03457992999999998,0.008406429999999965,0.08215313589127682,0.09545382333847557
0.08571760499999997,-0.23548317000000002,0.09057826499999999,-0.24087480000000006,0.086717145,-0.25188440000000006,0.076704995,-0.25407314000000003,0.06379248500000001,-0.27812713000000006,0.047320804999999966,-0.22614460000000003,0.003146934999999962,-0.22832062000000003,0.040213164999999995,-0.12134030000000007,-0.022726734999999998,-0.09310403,0.075219445,-0.05831980000000003,0.06139474499999997,-0.04862484,0.016667164999999984,-0.004382500000000067,-0.01666716500000004,0.004382499999999956,0.029141064999999966,0.13559259999999995,-0.02435833500000001,0.18577089999999996,0.026642904999999995,0.2695896,-0.04411787500000003,0.3466332,-0.007107639999999971,0.10480429999999996,0.03500628,0.06302050000000003,-0.02587366999999996,0.13521659000000003,0.08412147999999997,0.04447919,0.012473899999999982,0.13997510000000002,-0.0024981599999999715,0.13399700000000003,-0.007691169999999969,0.1813884,-0.01975954000000002,0.1608623,-0.044173870000000004,-0.0021760200000000007,-0.03333433000000002,0.008765000000000023,0.0796090561713201,0.09435804092245502
0.085913305,-0.23218355500000004,0.09051642500000001,-0.23743608500000007,0.08749899500000002,-0.24830745500000007,0.07630709499999999,-0.2513216750000001,0.06571650500000004,-0.27523750500000005,0.04746938500000003,-0.22489405500000004,0.004233425000000013,-0.22726195500000007,0.03958854500000003,-0.11719395500000007,-0.022950615000000008,-0.09082770500000004,0.07236536500000001,-0.056407655,0.059554995,-0.04500565500000009,0.01632499500000001,-0.004549205000000001,-0.01632499500000001,0.004549205000000001,0.02945146500000001,0.13429468499999997,-0.023908735000000014,0.18778657499999996,0.026066485000000028,0.268236245,-0.04310670499999997,0.3483388449999999,-0.00788084,0.10770009999999997,0.032776819999999984,0.06078630000000007,-0.02718404000000002,0.13643425000000003,0.08250561000000001,0.04582204999999995,0.013126470000000001,0.13884388999999997,-0.003384979999999982,0.13394156000000002,-0.0075837400000000055,0.18323736999999996,-0.019197969999999953,0.16055226999999994,-0.04323596000000002,-0.002367900000000034,-0.03264999000000002,0.009098410000000001,0.07635327043512544,0.09062812495036908
0.08502646999999997,-0.23749703,0.08993071999999996,-0.24266246000000002,0.08719343000000002,-0.25331587,0.07470882000000001,-0.2544791,0.06550167000000001,-0.27907562,0.04189392999999997,-0.23039985000000002,0.0023065199999999786,-0.22849632000000003,0.033282639999999974,-0.12849995999999997,-0.024558179999999985,-0.09193010000000001,0.06745069999999997,-0.06283479999999997,0.057136719999999974,-0.04868130000000004,0.015267909999999996,-0.0054994999999999905,-0.015267909999999996,0.0054994999999999905,0.028952770000000017,0.13046859999999993,-0.023580550000000033,0.18458049999999993,0.028846669999999963,0.26846159999999997,-0.039491200000000004,0.34044909999999995,-0.008611289999999994,0.10189989000000005,0.03416806,0.06566516,-0.026864699999999964,0.13656622000000002,0.08169489999999996,0.043248799999999976,0.013684860000000021,0.13596809999999993,-0.00010610000000005337,0.13799300000000003,-0.008312640000000038,0.17908099999999993,-0.01591064999999997,0.15586860000000002,-0.03958740999999999,0.0019035299999999866,-0.03053581999999999,0.010998999999999981,0.07752664186119566,0.09043223725020243
0.08523898000000002,-0.23896941000000005,0.08933407999999998,-0.24434023000000005,0.08806856000000002,-0.25457253,0.07209997000000001,-0.25669715000000004,0.06723592,-0.28022408000000004,0.03712110000000002,-0.23397776000000003,0.004427239999999999,-0.22925323000000003,0.02673034000000002,-0.13347153,-0.023082119999999984,-0.09158498000000004,0.06642989999999999,-0.06698978,0.05720198999999998,-0.05013283000000002,0.013103350000000014,-0.005897700000000006,-0.013103350000000014,0.005897700000000006,0.030447679999999977,0.13175676999999997,-0.02190534999999999,0.18438197,0.03289459,0.27288347,-0.03651725,0.34120576999999996,-0.010390759999999999,0.10050623000000003,0.03969955999999997,0.06648175,-0.027509359999999983,0.13766825,0.08028410999999996,0.04145215000000002,0.017344329999999963,0.13765446999999997,0.0024469100000000243,0.14112670000000005,-0.008801999999999977,0.17848427,-0.014611900000000011,0.15682379999999996,-0.03269386000000002,0.0047245300000000046,-0.026206700000000027,0.011795400000000011,0.08109231266666957,0.08990139667767405
0.08502456000000003,-0.23699749999999997,0.08866086000000001,-0.24236871,0.08812671,-0.25233562,0.07040426,-0.25587529999999997,0.06728097,-0.27873758,0.033244529999999994,-0.23437648,0.005867800000000034,-0.22851962999999997,0.01990413000000002,-0.13290367999999997,-0.019750749999999984,-0.08823091999999999,0.06323838000000004,-0.07277738,0.061052470000000025,-0.04719958000000002,0.011504330000000007,-0.006053379999999997,-0.011504330000000007,0.006053379999999997,0.031939260000000025,0.13218162,-0.02048426999999997,0.18364517999999996,0.03449559000000002,0.27462202,-0.03351980999999998,0.33990936000000005,-0.013340399999999975,0.10147280000000003,0.04333425000000002,0.060126299999999966,-0.025618550000000018,0.14028870999999998,0.08080322000000001,0.04103133999999997,0.020434930000000018,0.138235,0.0025563299999999956,0.14244040000000002,-0.008979939999999964,0.17759179999999997,-0.013035540000000012,0.15626418000000009,-0.02737672999999996,0.0058568500000000245,-0.023008660000000014,0.012106759999999994,0.08443046905828785,0.09000203872691777
0.08310826500000001,-0.23883985999999996,0.087221785,-0.24441944999999993,0.08624386499999998,-0.25434686999999995,0.06979648499999996,-0.25774323999999993,0.06540656499999997,-0.28101161999999996,0.03080318500000001,-0.23434959999999994,0.006295565000000003,-0.22987481999999992,0.018213764999999993,-0.1277992699999999,-0.016519895000000007,-0.08755531999999999,0.06390760499999998,-0.07469591999999992,0.06272561500000001,-0.04647141999999993,0.010389195000000018,-0.006136119999999967,-0.010389195000000018,0.006136120000000078,0.03107092499999997,0.1264931800000001,-0.017643434999999985,0.18175028000000004,0.03466096499999999,0.2693659100000001,-0.03028209500000001,0.33748398,-0.012589420000000018,0.10655033000000003,0.045693839999999986,0.053103349999999994,-0.02281546000000001,0.14231949999999993,0.07924551000000002,0.04108390000000006,0.020681729999999954,0.13262930000000006,0.0035900400000000166,0.14287273,-0.007254239999999967,0.17561415999999996,-0.012638660000000024,0.15573369999999997,-0.024507620000000008,0.0044747800000000115,-0.020778390000000035,0.012272240000000045,0.0869750906005167,0.0900740179307424
0.08215956000000002,-0.24085784000000005,0.08626372999999998,-0.24648857000000002,0.08527214999999999,-0.25656024000000005,0.06905599000000001,-0.25937846000000003,0.06427952999999997,-0.28317871000000006,0.031093429999999977,-0.23358074,0.004985430000000013,-0.23073981000000005,0.023000609999999977,-0.12386791000000008,-0.01719733000000001,-0.08788850999999998,0.06971438000000002,-0.06807247000000005,0.06214744999999999,-0.046547980000000044,0.010629730000000004,-0.0058944499999999955,-0.010629730000000004,0.0058944499999999955,0.031234490000000004,0.12645313000000002,-0.01712920000000001,0.18096058999999998,0.035714829999999975,0.26974069,-0.028570550000000028,0.33656314,-0.00809282,0.10971282999999993,0.04671377000000004,0.05579544000000003,-0.022182760000000024,0.14285130000000007,0.07934478,0.04134052999999993,0.02060476,0.13234758000000002,0.004480339999999972,0.14328755999999998,-0.006499470000000007,0.17506613999999998,-0.011441350000000017,0.15560255,-0.026107999999999965,0.0028409299999999638,-0.021259460000000008,0.011788899999999991,0.08577355091601903,0.08970354727131644
0.08080876999999997,-0.2442908900000001,0.08469259999999995,-0.24984852000000007,0.08411605,-0.26002372000000007,0.06694433999999999,-0.2620638900000001,0.06321739999999998,-0.2861940000000001,0.029065199999999958,-0.2347131100000001,0.003855499999999956,-0.2324760700000001,0.020078819999999997,-0.12463957000000014,-0.015831700000000004,-0.08815007000000008,0.06603289999999995,-0.0736521200000001,0.06371568,-0.046031470000000074,0.010465699999999967,-0.005677070000000062,-0.010465700000000022,0.005677069999999951,0.03272143999999999,0.12697422999999985,-0.017183400000000015,0.17950882999999995,0.036189539999999965,0.27145167999999986,-0.02710058000000004,0.33533252999999996,-0.00898637999999996,0.11007353999999997,0.04595407999999995,0.050987450000000045,-0.01968719999999996,0.144326,0.07954738,0.042118600000000006,0.022255740000000024,0.13265129999999992,0.003468099999999974,0.14447745,-0.006717699999999993,0.17383176,-0.009917180000000025,0.1558237,-0.0252097,0.0022370400000000235,-0.02093139999999999,0.011354140000000013,0.08779704515724036,0.09042483202990209
0.08008496000000004,-0.249188625,0.08367173000000006,-0.255125135,0.08320914000000001,-0.26523741500000003,0.06504122000000001,-0.266783565,0.06144525000000001,-0.290721865,0.026143090000000035,-0.23721313500000002,0.0024958100000000427,-0.23469012500000003,0.01878152000000005,-0.12571009500000008,-0.015069889999999975,-0.091389795,0.06866543000000003,-0.07097889499999999,0.06599347000000005,-0.05098809500000001,0.009882910000000023,-0.005981565000000022,-0.009882909999999967,0.005981565000000022,0.03306703000000005,0.12344986499999999,-0.016550509999999963,0.17734540499999996,0.036169810000000024,0.26811796499999996,-0.025348649999999973,0.33173380499999994,-0.007361569999999984,0.11150303999999994,0.049883909999999976,0.05473120000000009,-0.017565700000000017,0.14330033000000003,0.08106336000000003,0.040401699999999985,0.02318412000000003,0.12943143000000001,0.0031027799999999717,0.14466809999999997,-0.006667599999999996,0.17136383999999993,-0.00879814000000001,0.15438839999999998,-0.023647279999999993,0.002523009999999992,-0.01976581999999999,0.011963130000000044,0.08763582352371257,0.09488291312148887
0.07894513000000003,-0.253004565,0.08199371,-0.25880363500000003,0.0827309,-0.268954965,0.062295429999999985,-0.269850665,0.06250791,-0.294035265,0.023814329999999995,-0.239028605,0.0029006100000000257,-0.237240885,0.018375050000000004,-0.12671006500000004,-0.015278970000000003,-0.09352800500000003,0.07324249999999999,-0.07089806500000007,0.06736497000000002,-0.05423989500000004,0.008849429999999991,-0.005688695000000021,-0.008849429999999991,0.005688695000000021,0.033620399999999995,0.12527793499999995,-0.015324269999999973,0.175542635,0.03705553,0.26943643500000003,-0.02386699999999997,0.327811685,-0.005439279999999991,0.11231853999999997,0.054867449999999984,0.05581199999999997,-0.01817958000000003,0.14371288,0.08264394000000003,0.03928810999999999,0.024770970000000003,0.13096662999999997,0.0034351300000000085,0.14415850000000008,-0.006474839999999982,0.16985393999999998,-0.008542729999999998,0.15226905000000002,-0.02091371999999997,0.0017877199999999926,-0.017698859999999983,0.011377390000000043,0.09164458194471621,0.09695396158356866
0.07893880999999997,-0.25548403500000005,0.08211192,-0.26149912500000005,0.08198938,-0.2718218150000001,0.06269965999999999,-0.27255870500000007,0.059969510000000004,-0.29688580500000006,0.023076590000000008,-0.23995904500000004,0.001960929999999972,-0.23871836500000004,0.019626140000000014,-0.12577796500000005,-0.01501897000000002,-0.0939836650000001,0.07595905999999997,-0.0680690650000001,0.06892396,-0.05447216500000007,0.008781910000000004,-0.00574733500000002,-0.008781910000000004,0.005747334999999909,0.03432017999999998,0.12375143499999997,-0.01250334000000003,0.17375303499999994,0.03890752999999997,0.2689065749999999,-0.022042420000000007,0.32834243499999993,-0.003450449999999994,0.11418107999999999,0.05633291999999995,0.05770889999999995,-0.016979899999999992,0.14473469999999994,0.08394293000000003,0.03951150000000003,0.025538269999999974,0.12949876999999999,0.00458734999999999,0.14515513999999996,-0.0037214300000000256,0.16800570000000004,-0.009539079999999978,0.1545894,-0.021115660000000036,0.001240679999999994,-0.017563820000000008,0.011494669999999929,0.09163387753617876,0.09830864871773438
0.080534355,-0.2585373,0.08292381500000001,-0.2647937,0.08300079500000002,-0.27474495000000004,0.06215714499999997,-0.27459723,0.059526935,-0.297593,0.023084775000000002,-0.24012110000000003,0.001631545000000012,-0.23794970000000004,0.020686134999999994,-0.12624805000000006,-0.014893455,-0.09289632000000003,0.076510195,-0.06956455000000006,0.070407995,-0.05301414999999998,0.008920625000000015,-0.005971150000000036,-0.008920625000000015,0.005971150000000036,0.03474114499999997,0.12402705000000003,-0.010175455,0.17366901,0.03970004500000002,0.26967745,-0.021128435,0.32829814999999996,-0.0023986400000000074,0.11387304999999998,0.05582406000000001,0.0566835,-0.016525000000000012,0.14505338,0.08530145,0.03988217000000005,0.025820519999999958,0.12999820000000006,0.004958900000000044,0.14565039999999996,-0.0012548299999999846,0.16769785999999998,-0.010952980000000001,0.15462913999999994,-0.02145322999999999,0.00217139999999999,-0.01784125000000003,0.011942300000000072,0.09280339700864888,0.09885492181573159
0.07966435000000005,-0.25799142999999997,0.08215011,-0.26454264,0.08191153000000001,-0.27397923999999996,0.06148543000000001,-0.27443599999999996,0.05777127000000004,-0.2962612,0.020636330000000036,-0.24028523999999996,0.0012570700000000268,-0.23491673999999996,0.015083230000000003,-0.13067933999999992,-0.015559099999999992,-0.08988454999999995,0.07268560000000002,-0.07714113,0.06963370000000002,-0.05078174999999996,0.008212090000000005,-0.006729899999999955,-0.00821208999999995,0.006729900000000066,0.034588549999999996,0.12258527000000008,-0.010073149999999975,0.17442710000000006,0.03914005000000004,0.26907394000000007,-0.020924569999999976,0.3290428000000001,-0.005553100000000033,0.10960590000000003,0.057602370000000014,0.05353820999999992,-0.01681617000000002,0.14503219,0.08519280000000001,0.03910279999999999,0.02637645999999999,0.12931517000000003,0.004551500000000042,0.14648867,-0.0018610600000000255,0.1676972,-0.01085142,0.15461570000000002,-0.01937926000000001,0.005368499999999998,-0.016424179999999955,0.013459800000000022,0.09547028229681218,0.09678614005345289
0.07817675500000004,-0.256648455,0.080378475,-0.263059265,0.08116357500000004,-0.27261624500000003,0.05883107500000001,-0.27502018500000003,0.056665195,-0.297133635,0.015153605000000014,-0.243675005,0.00041575500000001764,-0.23526544500000002,0.004029225000000025,-0.13888368500000003,-0.015171624999999966,-0.087053885,0.04917432500000002,-0.09972798500000002,0.06984307500000003,-0.05039904500000003,0.006991725000000004,-0.007450315000000041,-0.006991725000000004,0.007450315000000041,0.03605877500000004,0.12231711499999998,-0.009525344999999963,0.17715461499999996,0.04076330500000003,0.269676055,-0.01961592499999998,0.32963415500000004,-0.01112437999999999,0.10479131999999997,0.045145099999999994,0.039155700000000015,-0.015587379999999984,0.14821156000000002,0.0850147,0.036654839999999966,0.02906705000000004,0.12976743000000002,0.0047045299999999846,0.14735894000000005,-0.0025336199999999587,0.16970429999999992,-0.010090580000000016,0.15247954000000008,-0.014737849999999997,0.008409559999999983,-0.013983450000000008,0.014900630000000081,0.10146201320390257,0.09617762184338732
0.07619791999999997,-0.2545774800000001,0.07894403,-0.26084649000000004,0.07937654999999999,-0.2706497500000001,0.058278799999999964,-0.27373695000000003,0.05517864,-0.29662463000000006,0.014551549999999969,-0.24441382000000006,-0.0012442300000000128,-0.23482755000000005,0.004426539999999979,-0.14355048000000004,-0.016826810000000025,-0.08521461000000008,0.0496026,-0.1072753500000001,0.06919929999999996,-0.05057295000000006,0.007207629999999965,-0.0076227500000000115,-0.00720763000000002,0.0076227499999999004,0.037008019999999975,0.12303914999999999,-0.009421630000000014,0.17655034999999997,0.04090666999999998,0.27040524999999993,-0.018664950000000013,0.32846115,-0.01012500999999999,0.10086334000000002,0.04517606000000002,0.03627512999999993,-0.015582580000000013,0.14961293999999997,0.08602610999999999,0.03464166000000002,0.02980039000000001,0.1306619,0.0038986500000000035,0.14736609999999994,-0.0022139999999999938,0.16892760000000007,-0.00924332,0.1519108,-0.01579577999999998,0.009586270000000008,-0.014415259999999985,0.015245499999999912,0.1082957716998264,0.09604560609686885
0.07314134,-0.25610113,0.07643008000000001,-0.26137024999999997,0.07746115999999997,-0.27226159,0.05649915999999999,-0.27382937,0.055396769999999984,-0.29978085,0.014563529999999991,-0.24684315,-0.003352820000000034,-0.23751503000000002,0.019079179999999973,-0.14726214999999998,-0.017390889999999992,-0.08704875000000001,0.07426234999999998,-0.09156304999999998,0.06996688000000001,-0.05354155000000005,0.007254990000000017,-0.007524549999999963,-0.007254990000000017,0.007524549999999963,0.03602057999999997,0.12300754999999997,-0.007772439999999992,0.17462650000000002,0.041822760000000014,0.26890855,-0.018207430000000024,0.32614374999999995,0.004515649999999982,0.09958100000000003,0.055183170000000004,0.0556991,-0.014038069999999958,0.15046628,0.08735777,0.03350719999999996,0.028765589999999952,0.13053209999999993,0.005802180000000046,0.14590100000000006,-0.0005174499999999749,0.16710195000000005,-0.010434990000000033,0.15151724999999994,-0.017916350000000025,0.009328119999999995,-0.014509980000000033,0.015049099999999926,0.10748235099968552,0.09844940718717866
0.0738682,-0.2559222,0.07573039999999998,-0.26166678,0.07770198,-0.27203416999999996,0.053144919999999984,-0.27350854999999996,0.05343950999999997,-0.29761403999999997,0.009908719999999982,-0.24479925999999996,-0.0038794400000000118,-0.23525672999999997,0.005642099999999983,-0.14869624999999997,-0.017131019999999997,-0.08554649999999997,0.05585024999999999,-0.12057092999999997,0.07187156,-0.05523745000000002,0.006386180000000019,-0.007688299999999981,-0.006386180000000019,0.007688299999999981,0.03665017999999998,0.12271407000000001,-0.007880520000000002,0.17473647000000003,0.04208595999999998,0.2706335000000001,-0.01753996000000002,0.32788660000000003,-0.004266619999999999,0.09610300999999999,0.05020815000000001,0.02812532000000001,-0.013251579999999985,0.14971023,0.08900258,0.03030904999999995,0.030263999999999958,0.13040237,0.005435780000000001,0.14791943000000007,-0.001494339999999983,0.16704817000000005,-0.009659440000000019,0.15315013,-0.013788159999999994,0.009542529999999994,-0.012772360000000038,0.015376599999999963,0.12324440099526547,0.10041874268765819
0.07043879500000005,-0.2540132450000001,0.07321867500000001,-0.2598910650000001,0.07353313500000003,-0.27082100500000006,0.05245187500000004,-0.2699466250000001,0.04749483500000001,-0.2954988850000001,0.009082975000000049,-0.23817888500000006,-0.007716744999999969,-0.22968298500000006,0.008016315000000052,-0.14295922500000008,-0.017386734999999987,-0.08033359500000004,0.05833270500000004,-0.11729246500000012,0.07269689500000004,-0.05044962500000005,0.007196635000000007,-0.007873775000000083,-0.007196634999999951,0.007873774999999972,0.03634795500000004,0.12267967499999988,-0.008186844999999943,0.1780998749999999,0.04103815500000002,0.27169517499999996,-0.020450714999999953,0.3354762149999999,-0.001066659999999997,0.09521965999999998,0.05031638999999999,0.025666759999999955,-0.009669990000000017,0.14934939000000003,0.09008363000000003,0.029883969999999982,0.029151320000000036,0.13055344999999996,0.004690199999999978,0.14901550000000008,-0.0009902099999999914,0.17022609999999994,-0.01226387000000001,0.15737634,-0.016799720000000018,0.0084959,-0.014393269999999958,0.015747550000000055,0.12077809145851334,0.09891711238921656
0.06883550000000005,-0.2521432800000001,0.0722142,-0.25801161000000006,0.07191350000000002,-0.26934038000000005,0.0522822,-0.26882014000000004,0.0457786,-0.29542058000000004,0.007862100000000039,-0.23815798000000005,-0.008952599999999977,-0.22987092000000003,0.0036790600000000118,-0.14476714000000007,-0.016716540000000002,-0.07991302000000011,0.05142507000000002,-0.12580228000000004,0.07389850000000003,-0.05388008000000011,0.007372260000000019,-0.007875620000000083,-0.007372259999999964,0.007875619999999972,0.038108050000000004,0.12229745999999997,-0.008509639999999985,0.17776311999999994,0.0396436,0.27006701999999994,-0.020369799999999993,0.33471332,-0.004183040000000027,0.09339083999999997,0.047746010000000005,0.018964860000000028,-0.007763940000000025,0.14995789999999992,0.09061504000000004,0.026032940000000004,0.030735789999999985,0.13017308000000005,0.0015355499999999966,0.14776955999999997,-0.0011373800000000212,0.16988749999999997,-0.011860160000000008,0.15695020000000004,-0.016814700000000016,0.008287060000000013,-0.014744519999999983,0.015751240000000055,0.12588624709495352,0.10207204765981531
0.06923518000000006,-0.254300075,0.07199165000000007,-0.260162405,0.07255060000000008,-0.270978415,0.05089927000000005,-0.27100341499999997,0.04713970000000006,-0.296216535,0.007872000000000046,-0.242341715,-0.008068649999999955,-0.23108952499999996,0.006454170000000037,-0.15230410499999997,-0.013595969999999957,-0.081828075,0.05698058000000006,-0.132440875,0.07750510000000005,-0.058603304999999994,0.007224900000000034,-0.008412575000000033,-0.0072248999999999786,0.008412575000000033,0.03839050000000005,0.12152972500000003,-0.008185749999999936,0.17835242500000004,0.041468700000000025,0.26968332500000003,-0.018441829999999937,0.334077995,-0.0014178300000000088,0.09003761000000005,0.05052641000000002,0.019863229999999954,-0.005527320000000002,0.14926144999999996,0.09110107,0.023224770000000006,0.031165600000000016,0.12994230000000007,0.0030781999999999754,0.1481536,-0.0009608499999999576,0.16993985,-0.01025608,0.15572556999999998,-0.01594065,0.01125219000000005,-0.014449800000000013,0.016825150000000066,0.13363624842516494,0.10802916769176002
0.06654857000000003,-0.2569149149999999,0.06905997000000003,-0.2626875549999999,0.07005712000000003,-0.2736798749999999,0.048040990000000006,-0.2745310149999999,0.044509800000000044,-0.3003204949999999,0.006421800000000033,-0.2454102849999999,-0.01010732999999997,-0.2356447149999999,0.01353681000000001,-0.15350711499999992,-0.013666149999999988,-0.08630021499999985,0.06953077000000002,-0.13778811499999988,0.07877747000000002,-0.06347021499999994,0.007193300000000014,-0.008305614999999933,-0.007193299999999958,0.008305615000000044,0.03692743000000004,0.11870788500000007,-0.008785729999999992,0.1768633850000001,0.041351570000000004,0.26682948500000014,-0.02004026999999997,0.33055098500000013,0.007115009999999977,0.09190316999999998,0.05599396000000001,0.01571900000000004,-0.003558820000000018,0.14934450000000005,0.09244362,0.022829999999999906,0.029734130000000025,0.1270135,0.004424139999999965,0.14812160000000008,-0.0015924300000000335,0.16855777000000005,-0.01125453999999998,0.15368760000000004,-0.016529130000000003,0.009765570000000001,-0.014386599999999972,0.016611229999999977,0.14370691692556378,0.11199438854952419
0.06355803499999996,-0.255391185,0.06674330499999998,-0.261821805,0.06626543499999998,-0.272478365,0.046926735,-0.27372601500000004,0.039821474999999995,-0.29863398500000005,0.004185604999999981,-0.24437835500000005,-0.012216795000000003,-0.23140438500000005,0.008070104999999994,-0.15736758500000003,-0.014793725000000035,-0.08241538500000001,0.063836575,-0.141443125,0.07915830499999998,-0.06417023500000008,0.007161974999999987,-0.008876145000000002,-0.007161975000000043,0.008876145000000002,0.03748142499999996,0.11933041499999997,-0.009037645000000039,0.17662758499999998,0.040553744999999974,0.267694415,-0.020142325000000016,0.330821115,0.003884500000000013,0.08701077000000002,0.05576647000000001,0.01592446000000003,-0.002576930000000033,0.14898900000000004,0.09395203000000002,0.018245149999999932,0.03031944999999997,0.12820655999999997,0.0030723200000000173,0.14836400000000005,-0.001875669999999996,0.16775143999999997,-0.011104679999999978,0.15419353000000002,-0.016402399999999984,0.012973970000000001,-0.01432395000000003,0.017752290000000004,0.14417355676919538,0.11307946042665226
0.06407294999999996,-0.25777769000000006,0.06661749999999994,-0.26408657,0.06657124999999997,-0.27465072000000007,0.04556975999999996,-0.27584025000000006,0.03880782999999999,-0.30020240000000004,0.003377249999999943,-0.24626355000000005,-0.01421420000000001,-0.23224422000000006,0.007284989999999991,-0.15849450000000004,-0.015578250000000016,-0.08121025000000004,0.06421052999999999,-0.14437172000000004,0.08067388999999997,-0.06574201000000002,0.007647199999999965,-0.009214849999999997,-0.007647200000000021,0.009214849999999997,0.03832454999999996,0.11999194999999996,-0.009539800000000043,0.17753767999999992,0.04015867999999995,0.2681321499999999,-0.01959582000000004,0.33065670999999996,0.003907740000000048,0.08776905000000002,0.05692554,0.014122780000000001,-0.0013640500000000055,0.15103397000000002,0.09625213999999999,0.015468240000000022,0.030677349999999992,0.12920679999999996,0.0018341299999999894,0.14814019999999994,-0.001892600000000022,0.16832282999999992,-0.010056019999999999,0.15311903000000004,-0.017591449999999953,0.014019329999999997,-0.015294399999999986,0.018429699999999993,0.14651549340901054,0.11584103676956496
0.06043330499999999,-0.25652808,0.06367666499999997,-0.26330805,0.06192166499999996,-0.2737033,0.044410214999999975,-0.27497678999999997,0.03334523499999997,-0.29887783,0.0029760449999999827,-0.24401349,-0.016770055000000006,-0.23060229,0.005865784999999957,-0.15495857000000002,-0.016869214999999993,-0.08004637999999997,0.06522272499999998,-0.14319595000000002,0.08052722499999998,-0.06735208000000004,0.008336084999999993,-0.009078150000000007,-0.008336084999999993,0.009078150000000007,0.037115184999999995,0.12250009000000006,-0.010996155000000007,0.17873278999999997,0.038540134999999975,0.26853245000000003,-0.020512955,0.33213165,0.002889739999999974,0.08905491999999998,0.059356940000000025,0.011762620000000001,-9.915999999998704e-05,0.15055591000000002,0.09739643999999997,0.012694299999999936,0.028779100000000002,0.13157824000000007,0.0014249499999999804,0.14603235999999997,-0.0026600700000000144,0.16965463999999997,-0.009516799999999992,0.15339886000000003,-0.01974609999999999,0.013411200000000012,-0.016672169999999986,0.018156300000000014,0.14568347225176095,0.11721035757137252
0.06014370499999999,-0.2603741999999999,0.06302510499999997,-0.2669949499999999,0.06149217499999998,-0.2778194999999999,0.043293234999999985,-0.27702137999999993,0.032078234999999955,-0.3017850999999999,0.0028668049999999723,-0.24229529999999994,-0.018365615000000002,-0.2317497999999999,0.00939858499999996,-0.15262493999999993,-0.017983195000000007,-0.08126189999999989,0.07235740499999999,-0.1475943999999999,0.07901620499999995,-0.06929859999999988,0.008604294999999984,-0.008471499999999965,-0.00860429500000004,0.008471500000000076,0.03700763499999998,0.12214166000000004,-0.010368765000000002,0.17539290000000007,0.03785821499999997,0.26718540000000013,-0.020170834999999998,0.3297460000000001,0.006531779999999987,0.08967036,0.06295882000000003,0.005030540000000028,0.00038241999999999443,0.1504879,0.09699939999999996,0.01196330000000001,0.02840334,0.13061316,0.0008505799999999897,0.1450437400000001,-0.0017644699999999625,0.1669214,-0.009802069999999996,0.15435310000000002,-0.021232419999999974,0.010545500000000041,-0.017208590000000024,0.01694300000000004,0.1530347683994787,0.11715605180382271
0.058293940000000044,-0.25807443,0.061020640000000015,-0.2650905,0.05929279000000004,-0.27530255,0.04159644000000001,-0.27640932,0.029562650000000024,-0.2996658,0.0021511300000000566,-0.24281456,-0.01912235999999995,-0.22999599999999998,0.011622460000000057,-0.15474833999999998,-0.017260909999999963,-0.08001910000000001,0.07581347000000005,-0.15152520000000003,0.07969412000000003,-0.06972336000000001,0.008592370000000016,-0.009045199999999975,-0.00859236999999996,0.009045199999999975,0.03729522000000002,0.12143917000000004,-0.009852309999999975,0.17753787,0.03737935000000003,0.26769215999999996,-0.020791309999999952,0.33131725,0.00947133,0.08806622000000003,0.06419100999999999,0.0032231399999999577,0.0018614499999999867,0.14997689999999997,0.09695503,0.010295739999999998,0.028702850000000002,0.13048437000000002,8.413000000001558e-05,0.14625298999999992,-0.001259940000000015,0.16849267,-0.010938999999999977,0.15377938000000002,-0.021273490000000006,0.012818560000000034,-0.017184739999999976,0.01809039999999995,0.15754119043986564,0.11831732908155802
0.05748226000000001,-0.26028456999999994,0.05971734000000001,-0.26735134999999993,0.058490319999999985,-0.27736949999999994,0.039671820000000024,-0.27859534999999996,0.02849351,-0.30121439999999994,0.0015418799999999955,-0.24513554999999992,-0.020583940000000023,-0.23054574999999994,0.014596060000000022,-0.15846644999999993,-0.01733703999999997,-0.0801201199999999,0.07737194000000003,-0.15318700999999996,0.08043913000000003,-0.0710111,0.008861019999999997,-0.009517249999999922,-0.008861019999999997,0.009517250000000033,0.03784825000000003,0.12098530000000007,-0.009184199999999976,0.17891315000000008,0.03889732000000001,0.26742995,-0.02000723999999998,0.3327549500000001,0.013054180000000026,0.0866691,0.06277588,0.005279439999999969,0.0032469000000000525,0.15042563000000003,0.09777617,0.009109019999999912,0.02898723000000003,0.13050255,0.0010490699999999853,0.14644464999999995,-0.0003231799999999785,0.16939590000000004,-0.010823040000000006,0.15384180000000003,-0.022125820000000018,0.014589799999999986,-0.017722039999999994,0.019034499999999954,0.15916892315305778,0.12024696230568574
0.05583811999999999,-0.26162537500000005,0.058386099999999996,-0.26900319500000003,0.056282180000000015,-0.27899792500000004,0.038997610000000016,-0.28087174500000006,0.024961129999999998,-0.30337115500000006,0.001034260000000009,-0.24699246500000005,-0.02336896999999999,-0.23166546500000001,0.016548680000000038,-0.16115949500000004,-0.01944193999999999,-0.080593735,0.08020906,-0.15757795500000005,0.07910089000000003,-0.07286209500000007,0.009525640000000002,-0.009757965000000035,-0.009525640000000002,0.009757964999999924,0.038111490000000026,0.12193460499999997,-0.009457479999999963,0.18024924499999995,0.03821401000000002,0.267831205,-0.020915020000000006,0.332015065,0.015514420000000029,0.08583297000000001,0.06366037999999996,0.003581539999999994,0.003927029999999998,0.15107173000000002,0.09854283000000003,0.007731639999999929,0.028585850000000024,0.13169257,0.00010251999999999484,0.14589660000000004,6.81600000000393e-05,0.17049128000000002,-0.011457540000000044,0.15176582000000005,-0.024403229999999998,0.015327000000000035,-0.019051280000000004,0.01951592999999996,0.16385022217408343,0.12116408764252097
0.05449624999999997,-0.266490365,0.05682335999999999,-0.273741485,0.05477810999999999,-0.28370741499999996,0.03738058999999999,-0.284648475,0.023531509999999978,-0.307000545,0.0023100099999999735,-0.250025385,-0.025645360000000006,-0.23483471499999997,0.022893689999999967,-0.16415391499999998,-0.019544110000000003,-0.08369084500000001,0.08241332999999995,-0.160348015,0.08003596999999996,-0.07869365500000003,0.010739669999999979,-0.009667784999999984,-0.010739670000000034,0.009667784999999984,0.038257229999999975,0.121302935,-0.00849829000000002,0.17871752500000004,0.03886856999999999,0.26736388499999997,-0.02034883000000004,0.32993445499999996,0.020583679999999993,0.08587147,0.059519639999999985,0.003805899999999973,0.0061012500000000025,0.15114386999999996,0.09958007999999996,0.004997189999999985,0.027517559999999996,0.13097071999999998,0.0006113400000000158,0.14606094999999997,0.002241380000000015,0.16904974000000006,-0.01185054000000002,0.15121692999999992,-0.02795536999999998,0.015190670000000017,-0.021479340000000013,0.01933556999999997,0.1668581590772489,0.12668054663713446
0.05661582499999995,-0.266768265,0.058879004999999984,-0.274395285,0.05623192499999996,-0.284031655,0.03924094499999997,-0.285095385,0.02431877499999996,-0.306114275,0.0038821849999999825,-0.251300535,-0.024393725000000033,-0.23348911499999997,0.024988724999999934,-0.16439809499999997,-0.018265145000000038,-0.08249526500000004,0.08618317499999995,-0.144782815,0.08212088499999998,-0.07919941499999994,0.010943274999999975,-0.010145184999999945,-0.01094327500000003,0.010145185000000057,0.04007572499999995,0.12279982499999997,-0.006287775000000051,0.18006325499999998,0.043217164999999946,0.267700885,-0.018059025000000062,0.33332712500000006,0.02110653999999995,0.08690244000000003,0.06119445000000001,0.019615279999999957,0.006128579999999995,0.15099384999999993,0.10038603000000001,0.0032958500000001,0.029132449999999976,0.13294500999999992,0.0031414399999999953,0.14490106000000003,0.004655499999999979,0.16991806999999992,-0.011771250000000011,0.15326387000000008,-0.028275910000000015,0.017811420000000022,-0.021886550000000005,0.020290370000000002,0.15423467173118666,0.1290092842615042
0.05624053000000001,-0.2691488,0.05894801000000005,-0.2771787,0.055535940000000006,-0.28689213,0.03965637000000005,-0.287369,0.02270335000000001,-0.30869244,0.0019898100000000363,-0.25125496,-0.025672379999999995,-0.23377265000000003,0.018306110000000042,-0.15944855000000002,-0.01907515999999998,-0.08179950000000002,0.07660952000000004,-0.13874675000000003,0.08257553000000001,-0.08199632999999995,0.01087400000000005,-0.010440000000000005,-0.010873999999999995,0.010440000000000005,0.041910890000000034,0.12107939999999995,-0.005247589999999969,0.18033529999999998,0.04208064,0.26550830000000003,-0.017526829999999993,0.33128080000000004,0.016316300000000006,0.09180641,0.05830341,0.020701799999999992,0.006597220000000015,0.15197315,0.10165068999999999,-0.00019682999999992568,0.031036889999999984,0.13151939999999995,0.00016974999999996854,0.14442890000000008,0.005626410000000026,0.16989529999999997,-0.012279240000000025,0.15094550000000007,-0.02766219000000003,0.01748231,-0.021748000000000045,0.02088000000000001,0.1441658096957559,0.13144310465402814
0.054971800000000015,-0.27205302,0.05863486000000001,-0.28066622,0.05360596000000001,-0.29057069,0.041200919999999974,-0.29018815,0.02049972,-0.31247531,0.0017519400000000074,-0.24789269000000003,-0.025713759999999974,-0.23751392,0.010503099999999987,-0.13862602000000002,-0.019173820000000008,-0.08488004000000005,0.06806773999999999,-0.11750967000000001,0.08218132,-0.08509992,0.011110500000000023,-0.009333269999999949,-0.011110500000000023,0.009333269999999949,0.04423801999999999,0.12057963000000005,-0.0053223199999999915,0.17889655999999998,0.04291134000000002,0.26439859,-0.017165409999999992,0.32897646999999997,0.00875115999999998,0.10926667000000001,0.05756464,0.021116350000000006,0.006539939999999966,0.15263387999999994,0.10135514000000001,-0.00021987999999995012,0.033127519999999966,0.1299129,-0.001326679999999969,0.14381895999999994,0.005788180000000032,0.16956329000000003,-0.01184309,0.15007990999999998,-0.027465699999999982,0.010378770000000037,-0.022221000000000046,0.018666539999999898,0.1222549005372693,0.13274408104502625
0.052394315000000025,-0.2748397800000001,0.05663927499999999,-0.2833668500000001,0.050968805000000006,-0.2937899500000001,0.04038111500000002,-0.2920976500000001,0.01893935499999999,-0.3159211500000001,0.001537545000000029,-0.2465021300000001,-0.026572784999999988,-0.24124145000000008,0.010368275000000038,-0.12550705000000006,-0.020524074999999975,-0.08658925000000006,0.07630119499999999,-0.10400625000000008,0.080305915,-0.09023421000000009,0.011272274999999998,-0.008496750000000053,-0.011272274999999998,0.008496749999999942,0.04433457499999999,0.12139244999999987,-0.0067082849999999805,0.17858304999999985,0.04208714499999999,0.26183164999999986,-0.018195414999999993,0.3281930099999999,0.008830730000000009,0.12099508000000003,0.06593291999999995,0.021500799999999987,0.006048710000000013,0.15465220000000002,0.10082998999999998,-0.0036449600000000304,0.03306229999999999,0.12988919999999993,-0.0022474299999999947,0.1404392,0.004563990000000018,0.1700862999999999,-0.011487130000000012,0.14960996000000004,-0.028110330000000017,0.0052606800000000176,-0.022544549999999997,0.016993499999999995,0.11554577026709548,0.13466390513496074
0.050267560000000044,-0.27341160499999995,0.054816290000000045,-0.2827266749999999,0.04823018000000007,-0.2924737049999999,0.03888593000000001,-0.29265057499999997,0.014561820000000059,-0.31455108499999995,-0.00044725999999994936,-0.25056862499999993,-0.02990109999999996,-0.23812985499999995,0.00676946000000006,-0.14525574499999994,-0.023000909999999986,-0.08738200499999993,0.05925171000000001,-0.13045440499999994,0.07769619000000005,-0.09269710499999995,0.011894420000000017,-0.009952334999999923,-0.011894419999999961,0.009952335000000034,0.04392053000000001,0.11879939500000003,-0.007730979999999943,0.18064633500000005,0.04153858000000005,0.2625172950000001,-0.019232259999999946,0.329433595,0.00721672000000001,0.10531288,0.05248224999999995,0.014801339999999996,0.006900189999999973,0.15074785000000002,0.10069710000000004,-0.005315100000000017,0.032026109999999997,0.12875172999999995,-0.002381949999999966,0.14371790000000007,0.004163440000000018,0.170694,-0.011501280000000003,0.14878725999999998,-0.02945384000000001,0.012438769999999988,-0.023788839999999978,0.019904669999999958,0.1294737880438701,0.13624751349102007
0.04832143,-0.2709737900000001,0.052805309999999994,-0.27983318000000007,0.04631829999999998,-0.2897440400000001,0.036771900000000024,-0.2900210800000001,0.01237153000000002,-0.3120513700000001,-0.0014368200000000053,-0.2514958500000001,-0.03209683000000002,-0.2356386000000001,0.012142790000000014,-0.15800582000000007,-0.02587624999999999,-0.08620758000000006,0.07384532999999999,-0.1431763000000001,0.07149922999999997,-0.09167922000000006,0.011904870000000012,-0.010468820000000045,-0.011904870000000012,0.010468819999999934,0.043642230000000004,0.11934951999999988,-0.007421369999999983,0.18016257999999996,0.03979439000000001,0.26480583999999996,-0.02083345000000003,0.3334337799999999,0.01357961000000002,0.09349003,0.06170253999999997,0.014829519999999985,0.006220580000000031,0.14943102000000003,0.09737547999999996,-0.00547164,0.03173735999999999,0.12981833999999992,-0.0038478399999999913,0.14545632000000008,0.004483500000000029,0.16969376000000003,-0.013412080000000048,0.15327119999999994,-0.030660010000000015,0.01585724999999999,-0.023809740000000024,0.02093763999999998,0.14645100147476633,0.13187291599358678
0.04680022999999994,-0.2699461299999999,0.05091504999999996,-0.2788616099999999,0.04450712999999995,-0.2883134799999999,0.034773129999999985,-0.2896380799999999,0.009814429999999985,-0.3102439399999999,-0.00014682000000004747,-0.2534398199999999,-0.035484470000000046,-0.2337415799999999,0.016350409999999982,-0.1670238699999999,-0.02756297000000002,-0.08627703999999992,0.06223179999999995,-0.1517391999999999,0.07018940999999995,-0.09219119999999992,0.013536229999999982,-0.011221799999999948,-0.013536230000000038,0.01122180000000006,0.04249255999999996,0.11815410000000004,-0.008421910000000032,0.1824660600000001,0.03781179999999995,0.26502740000000014,-0.022232340000000017,0.33391590000000004,0.01649723000000003,0.08641595000000002,0.045881389999999966,0.01528467,0.007921500000000026,0.14746453999999998,0.09775237999999997,-0.005914160000000002,0.028956329999999975,0.1293759,-0.004680760000000006,0.1468733000000001,0.0051143200000000055,0.17124426000000004,-0.013810429999999985,0.15144983999999995,-0.03533765,0.019698240000000034,-0.02707246000000002,0.022443600000000008,0.14871583049690737,0.1330572484399463
0.045794940000000006,-0.27038117999999994,0.04985744000000003,-0.2795035799999999,0.04306987000000001,-0.28864794999999993,0.03422335000000004,-0.29072185999999994,0.007981720000000025,-0.3107344999999999,0.00042320000000001246,-0.25331209999999993,-0.03613065999999998,-0.23396893999999996,0.024497390000000008,-0.1654001499999999,-0.03034182999999996,-0.08624549999999997,0.09287089000000004,-0.14471602999999994,0.06698882,-0.0920138399999999,0.013331920000000053,-0.011244239999999905,-0.013331919999999997,0.011244240000000016,0.04169357000000001,0.1191097000000001,-0.009165579999999951,0.1820073000000001,0.036940550000000016,0.26368250000000004,-0.023408859999999976,0.33382094000000007,0.024074189999999995,0.08791195000000002,0.06837350000000003,0.020684119999999973,0.005788830000000023,0.14772343999999998,0.09733064999999996,-0.005768339999999927,0.02836164999999996,0.13035394,-0.004753019999999997,0.14457279999999995,0.004166340000000046,0.17076306000000008,-0.014243280000000025,0.15181363999999997,-0.036553859999999994,0.01934315999999997,-0.02666384000000005,0.022488479999999922,0.15537427867721545,0.1308191589922286
0.045258095,-0.27154160000000005,0.049753975000000006,-0.28143645,0.04217355500000003,-0.29029668000000003,0.034939845000000025,-0.29301751000000004,0.007275525000000005,-0.31269879,-0.00017167499999998226,-0.25208998000000005,-0.03626401499999998,-0.23574818000000003,0.016028805000000035,-0.14748157,-0.03114355499999999,-0.08603473000000006,0.07818807500000002,-0.12056027000000002,0.06758522500000003,-0.09405083000000003,0.013472545000000002,-0.011116530000000013,-0.013472545000000002,0.011116530000000013,0.04334844500000001,0.11557527000000001,-0.00990320499999997,0.18153562,0.03582857500000003,0.26083471999999996,-0.022971914999999954,0.33112491999999993,0.016200480000000017,0.10460841000000004,0.06215926999999999,0.02692129999999998,0.005120459999999993,0.14971344999999997,0.09872878000000002,-0.00801609999999997,0.02987590000000001,0.12669180000000002,-0.007519869999999984,0.14525944999999996,0.003569340000000032,0.17041909,-0.013068709999999983,0.14958929999999993,-0.03609234,0.016341800000000017,-0.026945090000000005,0.022233060000000027,0.12714571187566062,0.1327800274391541
0.044007180000000035,-0.27104034,0.04883306000000004,-0.28097239999999996,0.040835080000000024,-0.2902554,0.034727600000000025,-0.29213824,0.006302360000000007,-0.31303366,-0.0005095599999999645,-0.24880048,-0.03645193999999996,-0.23707775999999997,0.01239686000000001,-0.13578305999999996,-0.031308559999999985,-0.08578609999999998,0.07320736000000005,-0.11314659999999999,0.06824821000000003,-0.09429155999999994,0.013564710000000035,-0.010186299999999981,-0.01356470999999998,0.010186299999999981,0.043484860000000014,0.11817105000000006,-0.010399639999999988,0.18145634,0.036423660000000024,0.26241864000000004,-0.02281850999999996,0.3313256600000001,0.012906419999999974,0.11301742000000004,0.060810500000000045,0.02263645999999997,0.005143379999999975,0.15129166,0.09955677000000002,-0.008505459999999965,0.02992014999999998,0.12835735000000004,-0.00706119999999999,0.14424758999999998,0.003165069999999992,0.17127004,-0.01241886999999997,0.14986932000000008,-0.035942379999999996,0.01172272000000002,-0.027129420000000015,0.020372599999999963,0.11898768455227837,0.13269882105394148
0.04227729999999996,-0.26953038999999995,0.046951649999999956,-0.27908423999999993,0.039172969999999974,-0.28826145,0.03275807999999997,-0.29135748999999994,0.004431299999999971,-0.31169393999999995,0.0004818499999999504,-0.25387687,-0.03914330000000005,-0.23598092999999998,0.027482469999999926,-0.16555097999999996,-0.03292457000000004,-0.08562820999999998,0.09796192999999997,-0.15952008999999995,0.06782500999999996,-0.09405085999999996,0.01428324999999997,-0.010877339999999958,-0.014283250000000025,0.010877340000000069,0.04155128999999996,0.12155659000000008,-0.010541850000000075,0.18218192,0.03574754999999996,0.2650503900000001,-0.02378095000000008,0.33089159,0.027000619999999975,0.08832589000000002,0.07047946000000005,0.006030890000000011,0.006218730000000006,0.15035272,0.10074958,-0.008422649999999976,0.027268039999999993,0.13243393000000003,-0.005803740000000002,0.1434938,0.0037413999999999503,0.17130457999999993,-0.013239100000000004,0.14870967000000002,-0.03962515,0.01789594,-0.028566499999999995,0.021754680000000026,0.17057780809385756,0.13323548144344885
0.04177687499999999,-0.26810034,0.04597203500000002,-0.27785458,0.03818343499999999,-0.28666418000000005,0.03166509500000003,-0.28905655,0.0028003149999999977,-0.3081549,0.0019005350000000365,-0.24988058000000002,-0.040765214999999966,-0.23252954000000003,0.021149205000000004,-0.15654771,-0.033724054999999975,-0.08296738000000003,0.056302145000000026,-0.15155615,0.06632853500000002,-0.09312193000000002,0.01580558500000001,-0.010608119999999999,-0.01580558500000001,0.010608119999999999,0.04040511499999999,0.12256855999999994,-0.009785164999999985,0.18350286999999998,0.03511054499999999,0.26825422,-0.024196985000000004,0.33194155999999997,0.019248669999999968,0.09333287000000001,0.03515294000000002,0.004991560000000006,0.007041159999999991,0.14956216,0.10005259,-0.010154549999999984,0.02459952999999998,0.13317667999999994,-0.0052945699999999984,0.14568566000000005,0.006020420000000026,0.17289474999999999,-0.01441182000000002,0.14843868999999998,-0.04266575,0.017351039999999984,-0.03161117000000002,0.021216239999999997,0.14665032742109546,0.13231000317881073
0.04041820000000007,-0.26958268,0.044761890000000026,-0.27931768,0.03679904000000006,-0.28741918,0.03117519000000002,-0.29171022,0.0024560000000000692,-0.30967542,0.0005926400000000331,-0.25215877999999997,-0.039056699999999944,-0.23553522999999998,0.020426210000000056,-0.15769153000000002,-0.03467403999999996,-0.08439558000000003,0.08612051000000004,-0.15521970000000002,0.06370116000000003,-0.08887217999999997,0.014500940000000018,-0.010461020000000043,-0.014500939999999962,0.010461020000000043,0.04087296000000007,0.12220586,-0.01176777999999995,0.18091752000000005,0.03385883000000006,0.26522917,-0.02513303999999994,0.32821202000000005,0.019833570000000023,0.09446724999999995,0.06569429999999998,0.002471830000000008,0.004382659999999983,0.15113964999999996,0.0983752,-0.004476599999999942,0.02637202000000005,0.13266688000000004,-0.007014130000000007,0.14302331000000001,0.0027331600000000122,0.1704565,-0.01336525999999999,0.1472945,-0.03964933999999998,0.016623549999999987,-0.02900187999999998,0.020922040000000086,0.16150677460195684,0.1264225180363451
0.03972137999999997,-0.26702919999999997,0.043534559999999944,-0.27681265,0.03595710999999996,-0.28410661,0.029562129999999964,-0.29027784999999995,0.0013516099999999476,-0.30608888999999995,8.262999999997245e-05,-0.25350501999999997,-0.039282660000000025,-0.23233162999999996,0.02005547999999996,-0.16660519999999995,-0.035027220000000026,-0.08172714999999997,0.08060364999999997,-0.16339234999999996,0.06300110999999997,-0.08587034999999998,0.014393759999999978,-0.011115549999999974,-0.014393760000000033,0.011115550000000085,0.03946099999999997,0.12331915000000004,-0.011613800000000063,0.18224645000000006,0.03345651999999999,0.267308,-0.025738280000000058,0.32974995000000007,0.019972849999999986,0.08689982000000002,0.06054817000000001,0.0032128499999999893,0.004255439999999999,0.15060447999999999,0.09802833,-0.0041432000000000135,0.02506723999999999,0.13443470000000002,-0.006004479999999979,0.14398884999999995,0.0027799599999999702,0.17113089999999997,-0.014124479999999995,0.1475035,-0.03936529,0.021173390000000014,-0.02878752000000001,0.02223110000000006,0.16604810553587204,0.12408154859255631
0.04145788000000006,-0.2644682000000001,0.04496866000000005,-0.2743749100000001,0.037222560000000016,-0.28119619000000007,0.030860120000000046,-0.2877515300000001,0.001713480000000045,-0.3023741000000001,0.0021815800000000163,-0.2511198300000001,-0.038977629999999985,-0.22894324000000005,0.02413415000000002,-0.16468004000000008,-0.035313199999999934,-0.07854242000000011,0.08835372000000002,-0.15464101000000008,0.06399060000000006,-0.0805507700000001,0.01481300000000002,-0.011280130000000055,-0.014812999999999965,0.011280129999999944,0.039798250000000035,0.12466345999999995,-0.010428319999999935,0.1825800299999999,0.034226950000000034,0.2708185799999999,-0.025105539999999982,0.33207372999999996,0.021952570000000005,0.08643979000000002,0.06421957,0.010039030000000004,0.003664430000000052,0.15040081999999994,0.0993038,-0.002008349999999992,0.024985250000000014,0.13594359,-0.005571300000000001,0.14615511999999997,0.00438468000000003,0.17129989999999995,-0.014677220000000046,0.14949370000000006,-0.04115921,0.02217659000000005,-0.029625999999999986,0.02256026,0.1611228705444786,0.12100794010216856
0.04154343500000002,-0.264909295,0.043858335000000026,-0.274465835,0.037310065,-0.280652795,0.02833351500000003,-0.287708375,0.0012816750000000376,-0.300568995,0.0015527950000000512,-0.251713845,-0.040008304999999966,-0.22759762499999997,0.026045505000000024,-0.167940735,-0.036936584999999966,-0.07814429499999997,0.091318695,-0.15737813499999997,0.06338623500000001,-0.07953689500000005,0.014895765000000005,-0.01177734500000005,-0.01489576499999995,0.01177734500000005,0.03928926500000002,0.12317680500000006,-0.010302664999999989,0.18268510500000001,0.03345078500000004,0.271236905,-0.02626676499999997,0.33218500500000003,0.024492709999999973,0.08377310999999998,0.06527318999999998,0.010562600000000033,0.00307172,0.14945333,0.10032281999999998,-0.0013926000000000771,0.024393500000000012,0.1349541500000001,-0.005838479999999979,0.14806009999999992,0.004593099999999961,0.17090775999999996,-0.01596409999999998,0.14949990000000002,-0.04156110000000002,0.02411622000000002,-0.029791529999999955,0.0235546900000001,0.1644386033704038,0.1202761902904212
0.041108889999999954,-0.2656781100000001,0.04328052999999993,-0.2753557300000001,0.03664275999999994,-0.2814590900000001,0.02763177999999994,-0.2881121300000001,0.00012089999999992385,-0.30052078000000004,0.0013559599999999339,-0.2513221300000001,-0.04060704000000004,-0.22666946000000004,0.026873609999999937,-0.17178258000000007,-0.037360380000000026,-0.07911208000000003,0.09101005999999995,-0.16778365000000006,0.06137887999999997,-0.07948883000000007,0.015002709999999975,-0.011891570000000073,-0.01500271000000003,0.011891569999999962,0.038555259999999925,0.12209666999999991,-0.010954990000000053,0.18283456999999992,0.033021079999999925,0.26893040999999995,-0.026654760000000055,0.33109866999999993,0.025517650000000003,0.07953955000000001,0.06413645000000001,0.003998930000000012,0.0032466600000000123,0.14755738000000002,0.09873926,-0.0003767500000000368,0.02355254999999995,0.13398823999999998,-0.00553418,0.14683374000000005,0.004047719999999977,0.17094299999999996,-0.015699770000000002,0.1482641,-0.04196299999999997,0.024652670000000043,-0.030005420000000005,0.023783140000000036,0.173434304163706,0.11909880266017835
0.04029211999999999,-0.26546465999999996,0.04236284000000001,-0.27506259,0.03572795000000001,-0.28094616,0.026969049999999994,-0.28756572999999996,-0.0006564000000000014,-0.29957767999999996,0.0016976000000000213,-0.25016388,-0.04160836000000001,-0.22565252999999996,0.02836981999999999,-0.16914536999999996,-0.04057616000000003,-0.07833592999999994,0.09483838,-0.15693324999999997,0.05928517,-0.07729730000000001,0.015232899999999994,-0.011870829999999999,-0.015232899999999994,0.011870829999999999,0.03814316000000001,0.12295917,-0.010955240000000033,0.18238666999999997,0.03233122999999999,0.27109907,-0.027732760000000023,0.33239787,0.02667221999999997,0.08101851000000004,0.06646856000000001,0.012212119999999993,0.0010321999999999831,0.14731660000000002,0.09986133000000003,0.0010386299999999293,0.022910260000000016,0.13483,-0.005811930000000021,0.1481399,0.004277659999999961,0.17051583999999997,-0.01677751999999999,0.1500112,-0.04330596000000003,0.024511350000000043,-0.030465799999999987,0.023741659999999998,0.1654694477608685,0.11620627420333982
0.04001201999999998,-0.2628155,0.04021863999999997,-0.27128198000000003,0.03603062999999995,-0.27808874,0.021880089999999963,-0.28476688,-5.9650000000022185e-05,-0.29679966,0.001690849999999966,-0.24708277,-0.04458915000000002,-0.22316518000000002,0.030014319999999983,-0.16536337,-0.03663551000000004,-0.07584670000000004,0.09126664999999995,-0.14659556,0.058344709999999966,-0.07231116000000004,0.01659000999999999,-0.011471000000000009,-0.016590010000000044,0.011471000000000009,0.035526049999999976,0.12487890000000001,-0.012049330000000025,0.18287399999999998,0.02838778999999997,0.2739317,-0.030692680000000028,0.335376,0.028323470000000017,0.0817194,0.061252329999999966,0.018767809999999996,0.007953639999999984,0.14731847999999997,0.09498022,0.0035355400000000037,0.018936039999999987,0.13634990000000002,-0.007138260000000007,0.14905279999999999,0.004540680000000019,0.17140299999999997,-0.018643350000000003,0.15250200000000003,-0.04627999999999999,0.02391758999999999,-0.03318002000000003,0.022942000000000018,0.15438668102165806,0.11240401503391242
0.03981349000000001,-0.2648943449999999,0.04145749999999998,-0.2740097449999999,0.03560355999999998,-0.2803226449999999,0.025497710000000007,-0.2859358249999999,-0.0004704400000000164,-0.2988737349999999,0.0017975000000000074,-0.24826750499999994,-0.042822269999999996,-0.22527856499999993,0.03184893999999999,-0.16823908499999995,-0.04268554000000002,-0.07845308499999992,0.09570225999999998,-0.15810356499999995,0.05867465999999999,-0.07564152499999988,0.01548874,-0.011631184999999933,-0.01548874,0.011631185000000044,0.03726175999999998,0.12288837500000005,-0.010885140000000015,0.1819333150000001,0.03153980000000001,0.271283115,-0.02826050000000002,0.332717715,0.030051439999999985,0.08002841999999999,0.06385331999999999,0.010135520000000009,0.00013672999999997382,0.14682548,0.10136020000000001,0.0028115600000000462,0.021773019999999976,0.13451955999999998,-0.00572195999999997,0.14839473999999997,0.0046035999999999855,0.17030213000000005,-0.017375360000000006,0.15078439999999993,-0.04461977,0.022988940000000013,-0.03097748,0.023262369999999977,0.16699810446126268,0.11452831881375054
0.03930433,-0.26329026,0.039218770000000014,-0.27150297,0.035427260000000016,-0.27833107,0.020559240000000034,-0.2847394,-0.0006138199999999872,-0.2967164,0.001949100000000037,-0.24753564,-0.04587458,-0.22353689999999998,0.032097350000000024,-0.16722106999999997,-0.037511039999999995,-0.07603349999999998,0.09118707000000004,-0.15090394000000001,0.058075529999999986,-0.07039483999999996,0.017074179999999994,-0.011515469999999972,-0.017074179999999994,0.011515469999999972,0.035172060000000005,0.12319895999999997,-0.012057380000000006,0.18226966,0.026924400000000015,0.27252147000000004,-0.03099913999999998,0.33458469999999996,0.030148249999999988,0.08031457000000003,0.05908972000000001,0.016317129999999958,0.008363540000000003,0.1475034,0.09558656999999998,0.0056386600000000175,0.01809788000000001,0.13471442999999994,-0.00824765999999999,0.14932251000000007,0.005016799999999988,0.17075419000000003,-0.018941759999999974,0.15231503999999996,-0.047823680000000035,0.02399874000000002,-0.03414835999999999,0.023030939999999944,0.15786660835367627,0.11116104442375568
0.03901779,-0.26457084999999997,0.03907421,-0.27311175,0.03481799000000002,-0.27968459,0.020772750000000006,-0.28709077,-0.0017599799999999943,-0.29850682,0.0016831099999999877,-0.24970492,-0.046293450000000014,-0.22533296999999997,0.03161578999999998,-0.16833409,-0.03770734999999997,-0.07652239999999999,0.09190799999999999,-0.15654026999999998,0.05764027999999999,-0.07187199,0.01715414999999998,-0.011667850000000035,-0.01715414999999998,0.011667850000000035,0.035190129999999986,0.12168939000000001,-0.012197320000000011,0.18183101000000002,0.026688690000000015,0.27141381,-0.03099541,0.33263645,0.02993267999999999,0.08137083,0.06029221000000001,0.01179382000000001,0.008586100000000041,0.14881056999999998,0.09534762999999996,0.004650409999999994,0.018035980000000007,0.13335724000000004,-0.008501439999999971,0.14972441999999997,0.004956829999999968,0.17016315999999998,-0.01879808999999999,0.15080543999999996,-0.04797656,0.02437195000000003,-0.03430829999999996,0.02333570000000007,0.16302194995300137,0.1121298873015152
0.037812875000000024,-0.26434073,0.038682945000000024,-0.27261096,0.034035515000000016,-0.27994352,0.02144501500000001,-0.28641522,-0.0016651249999999895,-0.30006641,0.0016895050000000356,-0.24879536000000002,-0.04698898499999998,-0.22653517,0.03159627500000001,-0.16598109,-0.039416065,-0.07726105999999999,0.09130589500000003,-0.15020804999999998,0.05682365500000003,-0.07014938999999998,0.017234424999999998,-0.011382549999999991,-0.017234424999999998,0.011382549999999991,0.035475115,0.12161940999999998,-0.012318804999999988,0.18157690999999998,0.026777605000000038,0.27042951000000004,-0.030864255000000007,0.33279731,0.02990676999999997,0.08281427000000002,0.05970962000000002,0.015773040000000016,0.007572919999999983,0.14927411000000002,0.09623972000000003,0.007111670000000014,0.018240690000000004,0.13300195999999997,-0.008697509999999964,0.14881010000000006,0.004915620000000009,0.17019436,-0.01854545000000002,0.15122040000000003,-0.04867849000000002,0.022260190000000013,-0.034468849999999995,0.022765099999999983,0.1573502529969714,0.11014561477176474
0.037651714999999975,-0.2667011,0.040184885000000004,-0.27539124,0.03410750499999998,-0.28281956,0.02537566499999999,-0.28698112,-0.0008870950000000044,-0.3031485,0.0015114249999999552,-0.24846568000000002,-0.04449513500000002,-0.22858747000000001,0.035772625,-0.16681673000000002,-0.043696765000000026,-0.0799398,0.10150456499999999,-0.1554528,0.05910533499999998,-0.07449430000000001,0.015684364999999978,-0.011209099999999972,-0.015684365000000033,0.011209099999999972,0.03856840499999997,0.12016890000000002,-0.00981587500000003,0.17871899999999996,0.03168788499999997,0.26773636,-0.027465495000000006,0.329908,0.03426120000000005,0.08164895,0.06573193999999999,0.011363930000000022,0.0007983699999999927,0.14864767,0.10280210000000001,0.005445499999999992,0.022884039999999994,0.131378,-0.006880520000000001,0.14756745999999998,0.005868490000000004,0.1675099,-0.017649619999999977,0.15118900000000002,-0.046006559999999974,0.019878210000000007,-0.03136873000000001,0.022418199999999944,0.16784323554355718,0.11374784392528063
0.03835780999999999,-0.26656923,0.03859933000000004,-0.27417693,0.034960060000000015,-0.28230161,0.020018919999999996,-0.28631172,-0.0010171999999999959,-0.30143806,0.0016936800000000307,-0.24811259000000002,-0.04856826999999997,-0.22653011,0.034584360000000036,-0.16576046,-0.04063179,-0.07681355000000001,0.09270371,-0.14701089,0.057297120000000035,-0.07267628999999998,0.017646510000000004,-0.011346549999999955,-0.017646510000000004,0.011346549999999955,0.03552230000000001,0.12212780999999995,-0.012100559999999982,0.18189851,0.026747120000000013,0.26829121,-0.030577339999999953,0.33429816,0.032890680000000005,0.08235213000000002,0.05811934999999996,0.018749569999999993,0.007936479999999968,0.14971656,0.09792891000000004,0.0041372600000000315,0.017875790000000003,0.1334743599999999,-0.008775179999999994,0.14616340000000005,0.005545950000000022,0.17055196000000006,-0.01847677999999997,0.15239965,-0.05026195,0.021582480000000015,-0.03529302000000001,0.02269309999999991,0.15504320823394882,0.11258945474262896
0.03731407000000003,-0.2676219000000001,0.03773082999999999,-0.2750527300000001,0.03423983000000003,-0.2836275500000001,0.01935102999999999,-0.2870524300000001,-0.0013446999999999765,-0.3034246000000001,0.0006553300000000095,-0.2478454200000001,-0.04880487,-0.22723544000000012,0.03453187000000002,-0.1657868400000001,-0.040636229999999995,-0.07778720000000006,0.09354738000000001,-0.1445094400000001,0.05724538000000001,-0.07435680000000011,0.01723376999999998,-0.011138700000000057,-0.01723376999999998,0.011138699999999946,0.03593162999999999,0.12148499999999995,-0.01186102,0.17983649999999995,0.02634160000000002,0.26690413999999996,-0.030801789999999996,0.33303894999999994,0.03387654000000001,0.08205857999999999,0.05901550999999999,0.021277400000000002,0.008168640000000005,0.14944824000000007,0.09788161000000001,0.0034303999999999446,0.01869786000000001,0.1326237,-0.009590029999999972,0.14541914,0.005372749999999982,0.1686978,-0.018940769999999996,0.15320245,-0.04946020000000001,0.020609979999999972,-0.03446753999999996,0.022277400000000003,0.15366040921258708,0.11338705527957109
0.03617307999999997,-0.26900967,0.03692298999999999,-0.27668827,0.03311393999999995,-0.28515255,0.019112559999999945,-0.28886665,-0.001996560000000036,-0.3050754,9.3899999999425e-06,-0.24923539,-0.049002440000000036,-0.22778939999999998,0.034668739999999976,-0.16893671999999998,-0.04173686000000004,-0.07846394999999995,0.09299833999999996,-0.14783035,0.05693196999999994,-0.07269475000000003,0.01700695999999996,-0.011397349999999973,-0.017006960000000015,0.011397349999999973,0.03586568999999995,0.12084004999999998,-0.01186430000000005,0.18080839999999998,0.027418339999999986,0.26604465,-0.03087486000000006,0.33305195,0.03465935000000003,0.08029867000000002,0.05832959999999998,0.021106369999999985,0.007265579999999994,0.14932545000000003,0.09866882999999999,0.005769199999999919,0.01885872999999999,0.13223739999999995,-0.008447349999999965,0.14520460000000002,0.005142659999999966,0.16941105,-0.01901056000000001,0.15224355,-0.04901182999999998,0.021445990000000026,-0.034013919999999975,0.022794699999999946,0.15616866946767655,0.11197520552316434
0.03675221499999998,-0.27162527,0.03920279499999996,-0.27984886999999997,0.03357784499999994,-0.28838532,0.02359111499999994,-0.28939054999999997,-0.0021124950000000475,-0.30787199,-0.0002682950000000295,-0.24928187000000002,-0.04712269500000005,-0.23004963,0.03555544499999996,-0.17112971999999999,-0.04612245500000006,-0.08119284000000004,0.09510624499999998,-0.15761200999999997,0.05728284499999997,-0.07423957000000003,0.01586039499999997,-0.011099769999999953,-0.015860395000000027,0.011099769999999953,0.037356944999999975,0.12068529000000006,-0.01043258500000005,0.17827196,0.03226064499999998,0.26643569,-0.028296855000000065,0.33111462999999997,0.03582373999999999,0.07815215000000003,0.059550800000000015,0.013517710000000016,0.0010002399999999856,0.14885678999999996,0.10340530000000003,0.006953270000000011,0.021496550000000003,0.13178506,-0.005096299999999998,0.14575039999999995,0.005427809999999977,0.16717219000000005,-0.017864270000000015,0.15284266999999996,-0.04685440000000002,0.01923224000000001,-0.03172079,0.022199539999999907,0.16657052924224053,0.11239544701336081
0.03735895,-0.27208548499999996,0.03911827000000001,-0.27995750499999994,0.033682729999999994,-0.28862562499999994,0.023120209999999974,-0.29053724499999994,-0.0021476900000000354,-0.30793784499999993,0.0014440000000000008,-0.24930289499999997,-0.048028190000000026,-0.23024889499999995,0.03260603000000001,-0.16720571499999998,-0.04216211000000003,-0.07888304499999998,0.09172896999999997,-0.15746572499999995,0.05430542999999999,-0.07124781499999999,0.01724062999999998,-0.011011184999999979,-0.017240630000000035,0.01101118500000009,0.035360049999999976,0.12234275500000003,-0.010550270000000028,0.180166755,0.03087542999999998,0.26396815500000004,-0.028161629999999993,0.3318766550000001,0.031162030000000007,0.08209717999999999,0.05912293999999996,0.009739990000000032,0.005866079999999996,0.15136584999999997,0.09646754000000002,0.007635229999999993,0.018119419999999997,0.13335394,-0.004484619999999995,0.1416254,0.006690360000000006,0.16915556999999992,-0.017611359999999965,0.15170990000000006,-0.04947219000000003,0.019054000000000015,-0.034481260000000014,0.02202237000000007,0.1643089927014562,0.10902009806693266
0.03551586999999995,-0.2726711599999999,0.03677105999999997,-0.2808484699999999,0.0318562,-0.2895172999999999,0.019717539999999978,-0.2912051399999999,-0.0041624600000000345,-0.30789929999999993,-0.00017654999999999754,-0.24708142999999994,-0.04998806,-0.22797944999999992,0.0319353,-0.1649973999999999,-0.04310337000000003,-0.07814689999999991,0.09133982999999996,-0.15221309999999993,0.053411719999999996,-0.06928166999999996,0.01727012,-0.011068549999999955,-0.01727012,0.011068550000000066,0.03585653999999999,0.11963317000000007,-0.01266790000000001,0.1798613000000001,0.027252819999999955,0.2658541500000001,-0.030936779999999997,0.3340820400000001,0.03211185,0.08208403000000003,0.059404529999999955,0.01278429999999997,0.006884689999999971,0.14983255,0.09651509000000003,0.008865229999999946,0.018586419999999992,0.13070172000000002,-0.008603720000000037,0.14622098000000006,0.00460221999999999,0.16879275000000005,-0.018268879999999987,0.15422073999999997,-0.04981151,0.01910198000000002,-0.03454024,0.02213710000000002,0.1593992030538001,0.1070143932367698
0.03512631999999999,-0.27264388,0.03647170999999999,-0.28088628000000004,0.031435959999999985,-0.28944515000000004,0.019654260000000034,-0.29108234,-0.004430690000000015,-0.30759256,0.00010546000000000166,-0.24657695000000002,-0.05022673,-0.22750200000000004,0.031705189999999994,-0.16379480000000002,-0.04337110999999999,-0.07696179999999997,0.08917312999999999,-0.15362738000000004,0.05238037000000001,-0.06804763000000003,0.017455510000000007,-0.011061600000000005,-0.017455510000000007,0.011061600000000005,0.03604495000000002,0.11859317000000003,-0.012729359999999967,0.17939660000000002,0.02638387000000003,0.2665497,-0.03128288000000001,0.33475203,0.03159972999999999,0.08278215,0.057467939999999995,0.010167419999999983,0.006855620000000007,0.15054020000000007,0.09575148,0.008914169999999944,0.018589440000000013,0.12965477000000003,-0.009661079999999989,0.14795652999999998,0.00472615000000004,0.168335,-0.018553520000000046,0.15535542999999996,-0.05033219,0.01907494999999998,-0.034911020000000015,0.02212320000000001,0.15958827853408536,0.10552402762673205
0.03485336499999997,-0.27151137,0.035710505000000003,-0.28080335,0.03105243499999999,-0.289871,0.017788764999999984,-0.29105642,-0.004426815000000028,-0.30821295,-0.0008569150000000136,-0.24603789999999998,-0.05201176499999999,-0.22624072,0.030149755,-0.16318485,-0.04687351500000003,-0.07577504999999995,0.089476885,-0.15815987999999997,0.04783725499999997,-0.06829414999999994,0.01843341500000001,-0.011588649999999978,-0.01843341500000001,0.011588649999999978,0.033539765,0.11886085000000002,-0.011971275000000003,0.18132690000000007,0.027367584999999972,0.26600995000000005,-0.030737115000000037,0.33979610000000005,0.031006670000000014,0.08285304999999998,0.059327130000000006,0.0050249700000000175,0.005138249999999955,0.15046567000000005,0.09471077,0.0074809000000000125,0.01510634999999999,0.1304495,-0.006172180000000027,0.14714910000000003,0.006462140000000005,0.1697382500000001,-0.018765840000000034,0.15846919999999998,-0.051154849999999974,0.01979717999999997,-0.03686683000000002,0.023177299999999956,0.16288124537021995,0.10379336895047238
0.034348670000000026,-0.2722296,0.035002829999999985,-0.28134040000000005,0.03098339,-0.2902753,0.01670550999999998,-0.2918142,-0.0038233699999999926,-0.30876843000000004,-0.0018482499999999957,-0.24695042,-0.05171241999999998,-0.22743032000000002,0.026885690000000018,-0.16202766000000002,-0.04604452999999997,-0.07697209999999999,0.08304140999999998,-0.15887598000000003,0.048304210000000014,-0.0682258,0.018187940000000014,-0.011593599999999982,-0.018187940000000014,0.011593599999999982,0.03375575000000003,0.11777325999999999,-0.01308231999999998,0.18118086,0.027425509999999986,0.26615959999999994,-0.03069960999999999,0.3398198,0.028733940000000013,0.08492275999999999,0.056155719999999965,0.00315167999999999,0.005667890000000009,0.15045822000000003,0.09434873999999999,0.008746299999999985,0.015567810000000015,0.12936685999999997,-0.0063302400000000425,0.14838633999999995,0.005105620000000033,0.16958726000000002,-0.017617290000000008,0.15863894,-0.049864169999999985,0.019520099999999985,-0.03637588000000003,0.023187199999999963,0.16092877936996014,0.10388620037320886
0.034295679999999995,-0.275373485,0.03755080999999999,-0.283295445,0.03187492999999997,-0.293160045,0.022517149999999986,-0.291987525,-0.002824070000000012,-0.313858475,-0.0021989000000000036,-0.24976375499999998,-0.04881553999999999,-0.23436647500000002,0.030900749999999977,-0.16920846499999997,-0.04662751999999998,-0.08250396500000001,0.08439225,-0.16782944500000002,0.05425308000000001,-0.07078022500000003,0.015844770000000008,-0.010508474999999962,-0.015844770000000008,0.010508474999999962,0.03740356,0.11835007500000005,-0.01244145000000002,0.17723957499999998,0.030964910000000012,0.262841525,-0.02748953999999998,0.33080250499999997,0.03309964999999998,0.08055529,0.053491500000000025,0.001379019999999953,0.0021880200000000127,0.15186251,0.10088059999999999,0.011723739999999983,0.021558789999999994,0.12885855000000002,-0.00643864999999999,0.14449144999999997,0.0034033199999999875,0.16673110000000002,-0.015048089999999958,0.15356293,-0.04661663999999999,0.015397279999999958,-0.031689540000000016,0.021016949999999923,0.1716060739487135,0.10733853605445018
0.03538366500000001,-0.276647985,0.038392504999999966,-0.284927385,0.032569285,-0.294568035,0.02311685499999999,-0.293544465,-0.0031181949999999903,-0.314790585,-0.001767524999999992,-0.24922665499999996,-0.04855692500000003,-0.235186885,0.03108512499999999,-0.16536855499999997,-0.046348675000000006,-0.08313381499999994,0.08696442500000001,-0.16986664499999998,0.054411555,-0.07131683499999997,0.015946724999999995,-0.010318515000000028,-0.015946724999999995,0.010318515000000028,0.037472685000000006,0.11881774499999997,-0.012960234999999987,0.17785906500000004,0.03205444499999999,0.26271081500000004,-0.026886434999999986,0.329942215,0.03285264999999998,0.08385809999999999,0.05587930000000002,-0.00449809000000001,0.0022082500000000227,0.15205307000000007,0.10076023,0.011816979999999977,0.02152596000000001,0.12913626,-0.005418240000000019,0.14389307000000007,0.0029864900000000083,0.16754055,-0.0139262,0.15208314999999994,-0.046789400000000037,0.014039769999999951,-0.03189344999999999,0.020637030000000056,0.17463997108275897,0.10777113683255317
0.03527578499999995,-0.27726675999999995,0.03795006499999998,-0.28533215999999995,0.03273665499999995,-0.29525353,0.02207228499999997,-0.29367367999999994,-0.002847915000000034,-0.31547801,-0.0022620650000000353,-0.24932919999999997,-0.049081485000000036,-0.23542849999999999,0.032234214999999955,-0.16847972999999994,-0.04702971500000003,-0.08448149999999999,0.08641221499999996,-0.17170081999999998,0.054389984999999974,-0.07232595999999991,0.015851384999999996,-0.010174399999999917,-0.01585138500000005,0.010174400000000028,0.037137855,0.118834,-0.012865785000000018,0.1760431,0.031921144999999984,0.2612167000000001,-0.026625375000000007,0.32774584000000007,0.03449627999999999,0.08084947000000003,0.054178000000000004,-0.0032210900000000375,0.0020517700000000083,0.150947,0.1014197,0.012155540000000076,0.021286470000000002,0.1290083999999999,-0.005216710000000013,0.14238270000000008,0.0029856000000000327,0.16586869999999998,-0.013759589999999988,0.15170274000000006,-0.04681942,0.013900699999999988,-0.03170277000000005,0.020348799999999945,0.17626575131971983,0.1083520164076631
0.035388505000000015,-0.2744031800000001,0.03761157500000001,-0.2822554000000001,0.03279969500000002,-0.2919986500000001,0.021330004999999985,-0.29060804000000007,-0.003071445000000006,-0.3118759900000001,-0.0026169449999999816,-0.24628682000000007,-0.04879548499999997,-0.23264738000000007,0.03199932500000002,-0.16475757000000008,-0.04525792499999998,-0.08147862000000006,0.08666765500000001,-0.17138215000000007,0.055773055000000016,-0.06943627000000008,0.015735895,-0.010064680000000048,-0.015735895,0.010064679999999937,0.037524555000000015,0.11976577999999993,-0.012771544999999995,0.17648122999999993,0.031213555000000004,0.2615886799999999,-0.027154595000000004,0.32690467999999995,0.034616270000000005,0.08152925,0.05466832999999999,-0.006624579999999991,0.003537559999999995,0.15116876,0.10103097999999999,0.01204234999999998,0.021788660000000015,0.12983045999999998,-0.006311000000000011,0.14182289999999997,0.0029643500000000045,0.16641655,-0.014383050000000008,0.15042345000000001,-0.04617853999999999,0.013639440000000003,-0.03147179,0.020129359999999985,0.17622326947341121,0.10692956083798813
0.035406844999999965,-0.27369568,0.037858575000000005,-0.28148934999999997,0.03304927499999999,-0.2914231,0.021851874999999965,-0.28981564,-0.002055544999999992,-0.31169527999999996,-0.002171864999999995,-0.24555015999999996,-0.047963105000000006,-0.23267735,0.033277434999999966,-0.1641702,-0.04434685500000002,-0.08113804999999996,0.08921615499999996,-0.17201043,0.056898934999999984,-0.06867805999999999,0.01553992500000001,-0.00984790000000002,-0.01553992500000001,0.00984790000000002,0.03776017500000001,0.12026040000000005,-0.012124424999999994,0.17610380000000003,0.031701674999999985,0.26242129999999997,-0.026179225000000028,0.32743240000000007,0.03544929999999996,0.08137995999999997,0.05593872,-0.007840230000000004,0.0036162499999999875,0.15153930000000004,0.10124579,0.012459989999999976,0.022220249999999997,0.13010830000000007,-0.006058500000000022,0.14216089999999992,0.0034155000000000157,0.1662559,-0.014054800000000034,0.15132860000000004,-0.04579124000000001,0.012872809999999957,-0.03107985000000002,0.01969580000000004,0.17811477480269228,0.10683498880058537
0.03452135500000003,-0.2738307650000001,0.037525415000000006,-0.2815521650000001,0.032420875000000016,-0.2920601950000001,0.022017304999999987,-0.2900028850000001,-0.002439794999999967,-0.3134355450000001,-0.0027759049999999674,-0.24643146500000007,-0.048698664999999974,-0.2341772050000001,0.03409308500000002,-0.16646414500000006,-0.045023545,-0.08308508500000011,0.091659555,-0.17165314500000006,0.05697849500000002,-0.06943377500000003,0.01547947500000002,-0.009827285000000074,-0.015479474999999965,0.009827284999999963,0.037753225,0.11997415499999986,-0.012179584999999993,0.17624105499999987,0.032020455,0.2620548949999999,-0.026394425,0.32830695499999996,0.03686898999999999,0.07996732000000001,0.05756646999999998,-0.005188999999999999,0.003675119999999976,0.15109212,0.10200204000000002,0.013651310000000083,0.02227374999999998,0.12980143999999993,-0.005732769999999998,0.14208074000000004,0.003299889999999972,0.1664137699999999,-0.014214840000000006,0.1520659000000001,-0.04592276000000001,0.012254259999999961,-0.030958949999999985,0.019654570000000038,0.17886031855485998,0.10738935258601988
