0,1,2,3,4,5,6,7,8,9,10,11,12,13,14,15,16,17,18,19,20,21,22,23,24,25,26,27,28,29,30,31,32,33,34,35,36,37,38,39,40,41,42,43,44,45,46,47,48,49,50,51,52,53,54,55
0.009637710000000022,-0.15578928999999997,0.016250700000000062,-0.16168011,0.005693530000000058,-0.16516082999999998,0.02475691000000002,-0.15957113,-0.0034076299999999393,-0.16809092999999997,0.03074275000000004,-0.11572713000000001,-0.01895796999999999,-0.13038833,0.04453498,-0.04350860000000001,-0.02945637999999995,-0.07414096999999997,0.028707980000000022,0.008522090000000038,-0.04073444999999998,-0.023088930000000008,0.016057970000000032,0.003537530000000011,-0.016057969999999977,-0.003537530000000011,0.013573450000000042,0.09683726999999998,-0.015247579999999983,0.08966770000000002,0.00875697000000003,0.18047824,-0.011901349999999977,0.17424277,0.013792229999999961,0.07221853,-0.01582699999999998,0.052030690000000046,-0.010498409999999958,0.056247360000000024,-0.011278070000000029,0.051052039999999965,-0.00248451999999999,0.09329973999999996,-0.004816480000000012,0.08364097000000004,0.0008103899999999942,0.09320523000000003,0.0033462300000000056,0.08457506999999997,-0.04970072000000003,-0.014661199999999985,-0.03211594000000001,-0.007075060000000022,0.01359663897416196,0.031483105106555165
0.009621080000000004,-0.15465597999999997,0.016579730000000015,-0.16038858,0.005986680000000022,-0.16434051,0.025744120000000037,-0.15834005,-0.002609269999999997,-0.16788798,0.030982180000000026,-0.11463315000000002,-0.018050419999999956,-0.13122087999999998,0.04679818000000002,-0.03990990999999999,-0.02834941999999996,-0.07283604999999999,0.03059314000000002,0.014262549999999985,-0.04185287999999998,-0.02271287999999999,0.015890820000000028,0.004274480000000025,-0.015890819999999972,-0.004274480000000025,0.01367210000000002,0.09805542,-0.01606766999999998,0.08938334999999997,0.01265948,0.18467482000000002,-0.013599949999999972,0.17705512,0.015815999999999997,0.07472324000000002,-0.016205040000000004,0.05417245999999998,-0.010299000000000003,0.05838483,-0.013503460000000023,0.050123169999999995,-0.0022187200000000074,0.09378093999999998,-0.0010126200000000196,0.08661940000000001,-0.00017685000000000617,0.09365783,0.0024677200000000066,0.08767177000000004,-0.04903259999999998,-0.016587729999999967,-0.03178164,-0.00854896000000005,0.017774131644254773,0.03184341617985732
-0.022202584,-0.18004277000000002,-0.022202584,-0.18943381000000004,-0.02169440225,-0.18897043000000002,-0.022202584,-0.18511330000000004,-0.011981734,-0.18581545000000005,-0.01694518,-0.13271053000000005,0.004084971999999999,-0.14217915000000003,-0.012858823,-0.05705809000000006,0.017289139999999998,-0.07254563000000003,-0.012128782500000001,-0.05126768000000004,0.0005408289999999996,-0.042267930000000065,-0.006905031000000001,0.00333486999999999,0.006905030999999999,-0.00333486999999999,-0.022202584,0.03279986999999995,-0.015877954700000002,0.027681869999999997,-0.022072069200000002,0.13649456999999998,-0.0172716454,0.13970006999999995,0.0040863570000000005,0.07565243999999999,0.0007300404999999992,0.005790410000000024,0.013204167999999999,0.06963352,-0.016748311,0.030277699999999963,-0.015297553,0.029464999999999963,0.0001305148,0.10369470000000003,-0.0227829857,0.031016739999999987,-0.0013936906999999993,0.11201819999999996,0.021030152,-0.009468619999999983,0.013810062,-0.00666973999999998,0.0548518554493488,0.03944979376448513
0.01232272000000001,-0.16320011,0.019538129999999987,-0.16941006000000003,0.008641779999999988,-0.17317370000000004,0.02958949999999999,-0.16869456000000005,0.00010925999999999991,-0.17769636000000005,0.03631812000000001,-0.12256748,-0.01742052999999999,-0.13938260000000002,0.04948654999999996,-0.044751700000000005,-0.030095519999999987,-0.07948971000000005,0.030592050000000037,0.010877839999999972,-0.040702199999999966,-0.02693409000000002,0.017618899999999993,0.004212139999999975,-0.017618899999999993,-0.004212140000000031,0.017801100000000014,0.10356959999999993,-0.017227170000000014,0.09459247999999998,0.01808032000000004,0.19771013999999998,-0.01398197000000001,0.18924268999999994,0.013168429999999953,0.07781578,-0.018894499999999925,0.05562953999999998,-0.012674989999999997,0.059892889999999976,-0.01060667999999998,0.052555620000000025,0.00018220000000002123,0.09935745999999995,0.00027922000000002445,0.09414054000000005,0.00039172999999997904,0.09880462000000001,0.0032452000000000036,0.09465020999999996,-0.05373865,-0.016815120000000017,-0.035237799999999986,-0.008424280000000006,0.01458540974441586,0.032390210723187624
0.013669239999999971,-0.157981945,0.02158517999999998,-0.16494796499999997,0.009545159999999941,-0.168133235,0.03044364999999999,-0.16520551500000002,-0.0002663200000000421,-0.172840575,0.03667207999999994,-0.11792671500000002,-0.016786380000000045,-0.132279435,0.04709677999999995,-0.04802931500000002,-0.03078787000000005,-0.079754985,0.03386599999999995,0.01190172500000003,-0.04046039000000001,-0.023236285000000023,0.016400619999999977,0.0039273850000000055,-0.016400620000000032,-0.0039273850000000055,0.011034299999999941,0.09217468499999998,-0.015838160000000046,0.086960545,0.007428449999999975,0.17187668500000003,0.0011698799999999565,0.16716578499999996,0.010424700000000009,0.0698974,-0.013230779999999998,0.059931040000000046,-0.014001490000000005,0.05252445,-0.009672519999999962,0.05651869999999998,-0.0053663200000000355,0.08824729999999997,-0.003605849999999966,0.07970200000000005,0.0005624599999999869,0.09088793,0.017008040000000002,0.08020523999999996,-0.053458459999999985,-0.014352719999999985,-0.03280124000000001,-0.007854770000000011,0.01919972908610951,0.030849735033917223
0.015877569999999952,-0.16120835,0.023440779999999994,-0.16774463,0.011445700000000003,-0.17078675,0.030722349999999954,-0.16639166,0.0004899299999999718,-0.17387851,0.03737292999999997,-0.11894973000000003,-0.017452510000000032,-0.13384081000000003,0.04702033,-0.04821943000000001,-0.03026283000000002,-0.0817581,0.032024499999999956,0.01200907000000001,-0.040343640000000014,-0.025981650000000023,0.016996029999999995,0.004766329999999985,-0.016996029999999995,-0.004766329999999985,0.006845829999999997,0.09422567000000004,-0.024769810000000003,0.08364236999999997,0.00715093,0.17323297000000004,0.003862409999999983,0.15749283000000003,0.009647400000000028,0.07073030000000002,-0.014995830000000043,0.06022850000000002,-0.012810319999999986,0.05208271000000003,-0.010080809999999996,0.05577644999999998,-0.010150199999999998,0.08945934000000005,0.0003051000000000026,0.0790073,-0.007773780000000008,0.08840869999999995,0.028632219999999986,0.07385046000000006,-0.05482544,-0.014891080000000001,-0.03399205999999999,-0.00953265999999997,0.016682691426999997,0.031546801666959876
0.016663649999999974,-0.16389719500000005,0.024087199999999975,-0.17057115500000003,0.011998120000000001,-0.17322823500000006,0.031841320000000006,-0.16846100500000005,0.0014046199999999676,-0.17480019500000005,0.03891433,-0.11975181500000004,-0.01536464000000004,-0.13467789500000005,0.04976195999999994,-0.04871178500000006,-0.03261481999999999,-0.08423207500000002,0.03433132999999999,0.012362084999999967,-0.04000197999999999,-0.024538535000000028,0.017063099999999998,0.0044971349999999854,-0.017063099999999998,-0.004497135000000041,0.006357999999999975,0.09368996499999993,-0.026248360000000026,0.08731966499999999,0.009420499999999998,0.17656356499999992,-0.007054380000000027,0.16879921499999995,0.010847629999999941,0.07104002999999998,-0.015430629999999945,0.06107387000000003,-0.01725017999999995,0.05044582000000003,-0.007387160000000004,0.05969353999999999,-0.010705100000000023,0.08919282999999995,0.0030625000000000235,0.08287359999999999,-0.009185260000000028,0.09181680000000003,0.01919398,0.08147954999999996,-0.05427897000000004,-0.014926080000000008,-0.034126199999999995,-0.008994270000000026,0.018974962604321507,0.030460629172989834
0.016555004999999956,-0.16284996499999999,0.024036804999999994,-0.169776145,0.011637674999999958,-0.172444245,0.032768704999999954,-0.168025745,0.0013849049999999918,-0.17411504499999997,0.04037655499999998,-0.11971554499999998,-0.013956235000000039,-0.13438096499999996,0.051617935000000004,-0.049214064999999974,-0.032926815,-0.08373382499999998,0.03593276499999998,0.012092715000000032,-0.04114411500000004,-0.025468765000000004,0.017256245000000003,0.004259495000000002,-0.017256245000000003,-0.004259495000000002,0.00816160499999996,0.09262171500000005,-0.026137215000000047,0.08878049499999996,0.010524904999999973,0.17591025500000002,-0.014279615000000023,0.177003115,0.011241380000000023,0.07050148,-0.015685170000000026,0.061306780000000005,-0.01897057999999996,0.05064713999999998,-0.008217300000000038,0.05826505999999998,-0.009094640000000043,0.08836222000000005,0.0023633000000000126,0.08328853999999997,-0.008880970000000044,0.09303998999999996,0.011857600000000024,0.08822262000000003,-0.05433279000000002,-0.014665419999999985,-0.03451249000000001,-0.008518990000000004,0.020252696977903942,0.03194469387973223
0.017004569999999997,-0.16419198999999995,0.02472279999999999,-0.17169600999999995,0.011849959999999993,-0.17394156999999993,0.03334998,-0.17134084999999993,0.0008723600000000165,-0.17682033999999996,0.04025818000000003,-0.12119666999999995,-0.014495360000000013,-0.13542206999999995,0.05260155999999999,-0.051032039999999945,-0.03407032999999998,-0.08548959999999994,0.03807847000000003,0.008598730000000054,-0.04218099999999997,-0.028090599999999966,0.01723148000000002,0.004183170000000014,-0.017231479999999966,-0.004183169999999958,0.00675528000000003,0.09494969000000009,-0.024653659999999966,0.09193060000000008,0.003594939999999991,0.18652853000000003,-0.02117203000000001,0.18698983000000002,0.01234337999999996,0.07016463,-0.01452308999999996,0.05963077,-0.01957496999999997,0.04993247000000001,-0.008110669999999987,0.05739899999999998,-0.010476199999999991,0.09076652000000007,-0.0031603400000000392,0.09157883999999994,-0.0074221800000000004,0.09611377000000004,0.003481629999999958,0.09505922999999994,-0.054753540000000045,-0.0142254,-0.03446295999999999,-0.008366339999999972,0.021309485262992645,0.03455493824962361
0.016099169999999996,-0.16632974500000003,0.023653539999999973,-0.17439407500000004,0.010612469999999985,-0.17616904500000002,0.032802639999999994,-0.17473042500000002,-0.0004467300000000063,-0.17917354500000005,0.04033761999999996,-0.123087585,-0.014966460000000015,-0.137094145,0.052530949999999965,-0.05286538500000004,-0.035556330000000025,-0.08800551500000003,0.03851377,0.006203474999999958,-0.04474026000000003,-0.031003594999999995,0.01784842999999997,0.00405687499999996,-0.017848430000000026,-0.004056875000000015,0.01266366999999996,0.095974055,-0.02595228000000005,0.094302895,0.008264720000000003,0.187893655,-0.027432650000000003,0.190625955,0.012193330000000002,0.07022219999999996,-0.014017179999999962,0.05906886,-0.02058987000000001,0.049088629999999966,-0.009183930000000007,0.05700192000000004,-0.0051847600000000105,0.09191718000000004,-0.004398949999999957,0.09191959999999999,-0.008103850000000024,0.09835977000000001,-0.0014803699999999531,0.09632306000000002,-0.05530407999999998,-0.014006560000000001,-0.03569686,-0.008113749999999975,0.020776529278866605,0.0380696235797952
0.016709515000000008,-0.168403625,0.02427183500000002,-0.17614421500000005,0.010946885000000017,-0.17855047500000004,0.033471565000000036,-0.175329075,-0.000611644999999994,-0.18013811500000004,0.04143510500000003,-0.124202845,-0.015722294999999997,-0.137731015,0.05329373500000001,-0.052259235000000015,-0.038296834999999974,-0.08881640500000004,0.038511795000000015,0.004301094999999977,-0.04634188499999997,-0.03191517500000002,0.018926995000000002,0.003011824999999968,-0.018926995000000002,-0.0030118250000000235,0.01693497500000002,0.09059128500000002,-0.02484278499999998,0.09327188499999994,0.012506855000000039,0.18551082499999993,-0.033086065,0.19308502500000002,0.011858629999999981,0.07194360999999999,-0.014781939999999993,0.05656032999999999,-0.022574539999999976,0.04891460999999997,-0.008045049999999998,0.056901230000000025,-0.0019920199999999832,0.08757946000000005,-0.00442811999999998,0.09491953999999991,-0.005915789999999976,0.09628370999999997,-0.00824328000000002,0.09981314000000008,-0.057157400000000025,-0.013528170000000006,-0.037853990000000004,-0.0060236499999999915,0.019627190531833653,0.039836915479672844
0.016328534999999977,-0.17162737,0.02374369500000001,-0.17904022000000003,0.010461235000000013,-0.18131469,0.032930424999999985,-0.17717409,-0.0009007050000000016,-0.18141594,0.04109801499999999,-0.12624779000000003,-0.015615804999999983,-0.13789509,0.054167825,-0.057820590000000005,-0.03964583500000002,-0.08855015,0.04141791500000003,-0.0011645499999999864,-0.04928083500000002,-0.02987762999999999,0.01902027500000003,0.0024810100000000057,-0.019020274999999975,-0.0024810100000000057,0.019008144999999976,0.08913836000000003,-0.024369505000000014,0.09528330999999995,0.015109435000000004,0.18063214999999994,-0.037539674999999995,0.19462576999999998,0.013069810000000015,0.06842720000000002,-0.012749909999999975,0.05665604000000002,-0.024030030000000036,0.049344940000000004,-0.009635000000000005,0.058672520000000006,-1.2130000000054597e-05,0.08665735000000002,-0.003898709999999972,0.09149378999999991,-0.005349230000000038,0.09776431999999996,-0.013170169999999981,0.09934246000000002,-0.05671381999999997,-0.011647299999999972,-0.038040550000000006,-0.004962020000000011,0.022692386064122914,0.04082004751268673
0.013201949999999962,-0.17195197500000003,0.02069464999999998,-0.179246095,0.007007659999999971,-0.181507115,0.029803579999999996,-0.17619687500000003,-0.004608720000000011,-0.180219515,0.038552929999999985,-0.125552175,-0.018524470000000015,-0.135108815,0.050722029999999974,-0.056626714999999994,-0.041664420000000035,-0.083899255,0.03964462999999996,0.004440045000000004,-0.05314135000000003,-0.021209475000000033,0.019272869999999998,0.0014069649999999823,-0.019272869999999998,-0.0014069650000000378,0.01976138999999999,0.085645525,-0.025611700000000015,0.10049868500000003,0.015766679999999977,0.17365988499999996,-0.039484870000000005,0.20287302500000004,0.012169099999999988,0.06892546,-0.011077400000000015,0.06106676,-0.02313995000000002,0.05120955999999999,-0.011476929999999996,0.06268977999999997,0.0004885199999999923,0.08423856000000002,-0.003994710000000012,0.08801435999999996,-0.0063388300000000175,0.10190565000000007,-0.01387316999999999,0.10237434000000001,-0.0570774,-0.009556640000000005,-0.038545739999999995,-0.00281393000000002,0.02059631471365687,0.03923280948148504
0.010603450000000014,-0.17496036999999998,0.01777641000000002,-0.18165686999999997,0.004495250000000006,-0.18434720999999998,0.026768879999999995,-0.17936277,-0.007390950000000007,-0.18432322,0.036355930000000036,-0.12963995,-0.021990819999999967,-0.14033495,0.05112769,-0.058132110000000015,-0.04321227999999999,-0.08598652000000001,0.04243760000000002,0.005315369999999986,-0.05494614999999997,-0.027513349999999992,0.01929525000000004,0.00200125000000001,-0.019295249999999986,-0.00200125000000001,0.01833849000000004,0.09339371999999996,-0.02770049999999996,0.10214331999999998,0.013369520000000024,0.18610867999999997,-0.037768350000000006,0.21072174999999999,0.014771759999999967,0.07150783999999999,-0.008690089999999984,0.06344748,-0.021221460000000025,0.05434843,-0.01173386999999998,0.05847317000000002,-0.0009567600000000009,0.09139246999999995,-0.004968970000000017,0.09271496000000001,-0.008405249999999975,0.10414456999999999,-0.010067850000000045,0.10857843,-0.05834675,-0.01069500000000001,-0.03859050000000003,-0.00400250000000002,0.023378446374746523,0.04383895433538531
0.007946990000000043,-0.17600174500000004,0.015111430000000037,-0.183588415,0.001430200000000048,-0.18490688500000002,0.02422412000000007,-0.181083045,-0.010135009999999944,-0.18422903500000004,0.03483700000000006,-0.12952839500000002,-0.024605609999999944,-0.13909007500000004,0.050165190000000026,-0.056066384999999996,-0.04574320999999998,-0.08358101500000004,0.04298772000000006,0.009947784999999931,-0.057106509999999944,-0.023028835000000025,0.02018835000000002,0.001927184999999998,-0.020188349999999966,-0.001927184999999998,0.02129777000000005,0.096622035,-0.02859646999999993,0.10570728499999993,0.02045001000000002,0.19428718499999997,-0.03623364999999995,0.21498268499999995,0.015328189999999964,0.07346201000000002,-0.007177469999999964,0.06601416999999993,-0.021137600000000034,0.05550906,-0.011363299999999965,0.06055218000000001,0.0011094200000000276,0.09469485,-0.0008477600000000307,0.09766514999999998,-0.008408119999999963,0.10763446999999993,-0.007637180000000021,0.10927540000000002,-0.05944261000000001,-0.009561680000000017,-0.04037669999999999,-0.003854369999999996,0.02416901522108215,0.04252328974230592
0.0051269900000000534,-0.1790624,0.012278780000000045,-0.18673155000000002,-0.0014307999999999543,-0.18873845000000006,0.02147899000000003,-0.18464292000000004,-0.01352099999999995,-0.18767105,0.03395949000000004,-0.13309247000000002,-0.02849874999999996,-0.13912267000000006,0.049275150000000045,-0.05965681000000006,-0.04810972999999996,-0.07546425000000001,0.04387878000000006,0.00641121999999994,-0.057466049999999935,-0.012280320000000011,0.020289450000000042,0.0007411499999999682,-0.020289449999999987,-0.0007411500000000237,0.018831120000000034,0.09359129999999993,-0.026715799999999956,0.10397394999999998,0.018598050000000033,0.1851606,-0.02717094999999997,0.21247728999999993,0.015315660000000009,0.07343565999999996,-0.005396369999999984,0.06606803,-0.01961098,0.06365842000000005,-0.009356319999999974,0.06318393,-0.0014583300000000077,0.09285014999999996,-0.0002330700000000019,0.09156930000000008,-0.00642634999999997,0.1047151,-0.00045515000000001526,0.10850333999999995,-0.06245824,-0.006030200000000041,-0.04057890000000003,-0.001482299999999992,0.02426120738244081,0.03892623834701853
0.0027145700000000272,-0.18152538000000001,0.009605289999999989,-0.18957788000000003,-0.004209939999999968,-0.19087947,0.018906079999999992,-0.18792633000000003,-0.01626860999999996,-0.18900606000000003,0.03269652000000001,-0.13689903000000003,-0.03020584999999998,-0.13926116,0.04910642000000004,-0.06530822000000003,-0.04884403999999998,-0.07279565999999998,0.04644087000000002,0.0035315000000000207,-0.05942425000000001,-0.009181739999999994,0.020488439999999997,-1.760000000006201e-05,-0.020488439999999997,1.7599999999950988e-05,0.020292699999999997,0.09451619999999994,-0.026204139999999987,0.1059812,0.022282540000000017,0.18347460000000004,-0.025006239999999957,0.21384932999999995,0.016409900000000033,0.07159081,-0.0026655500000000165,0.06883972000000005,-0.01863819,0.06646550000000001,-0.010580210000000034,0.06361391999999999,-0.0001957399999999998,0.0945338,0.0019898400000000205,0.0889584000000001,-0.00571569999999999,0.10596360000000005,0.0011979000000000295,0.10786812999999995,-0.06290236999999999,-0.0023621299999999623,-0.04097687999999999,3.5200000000013e-05,0.02619398277686885,0.040007813696723044
0.000272675,-0.18337250000000005,0.006892604999999996,-0.19161423000000005,-0.006672224999999976,-0.19255950000000005,0.017001315000000017,-0.18998730000000003,-0.017714014999999972,-0.18974303000000003,0.03321797500000001,-0.13826492,-0.03071899499999997,-0.13890203000000007,0.04938685500000001,-0.06755720000000004,-0.049899205,-0.06986522000000006,0.048690395,0.0013028499999999665,-0.060290805,-0.003959600000000063,0.02077530500000002,-0.00020380000000008724,-0.020775304999999966,0.00020379999999997622,0.01974509499999999,0.09521365999999998,-0.02745044499999999,0.1062457,0.022628885000000043,0.18024236999999999,-0.02331917499999997,0.21374269999999995,0.016168879999999997,0.07070771999999997,-0.0006964600000000098,0.06886005,-0.01918021000000003,0.06903681,-0.0103916,0.06590562,-0.0010302100000000314,0.09541746000000007,0.0028837900000000527,0.08502871000000001,-0.006675140000000024,0.10604190000000002,0.00413127000000002,0.10749699999999995,-0.06393696999999998,-0.0006371100000000518,-0.04155060999999999,0.00040760000000006347,0.027955719342034446,0.03973422504353147
-0.0006465299999999785,-0.18510690500000004,0.005723319999999976,-0.19400244500000008,-0.007948400000000022,-0.19434174500000007,0.015388579999999985,-0.19380578500000006,-0.019521630000000012,-0.19204738500000007,0.03269749999999999,-0.14196309500000004,-0.03287794999999999,-0.1401520950000001,0.04931479,-0.07095354500000006,-0.05164939000000002,-0.06837022500000006,0.05079191999999999,0.001559734999999951,-0.06208008999999998,-0.0014250650000000586,0.021327170000000006,-0.0005632050000000666,-0.021327170000000006,0.0005632049999999555,0.021091399999999982,0.09651473499999996,-0.029319150000000016,0.10641717499999992,0.023695469999999996,0.18193103499999996,-0.022085819999999978,0.21318519499999988,0.016617290000000007,0.07100954999999998,0.0014771299999999932,0.07251328000000001,-0.018771440000000028,0.07178187000000003,-0.01043069999999996,0.06694516,-0.00023577000000002402,0.09707794000000003,0.002604070000000014,0.0854163,-0.00799198000000001,0.10585396999999996,0.007233330000000038,0.10676801999999996,-0.06557544999999998,0.0018109999999999515,-0.04265434000000001,0.0011264100000000221,0.02954113008681454,0.040801393433549514
-0.0008387749999999583,-0.18894505499999997,0.00557182500000003,-0.19773119499999997,-0.008128034999999978,-0.19803574499999999,0.015794324999999998,-0.19740637499999997,-0.019428265,-0.19551795499999997,0.033963085000000004,-0.144993245,-0.033068765,-0.14412742499999998,0.05034418500000004,-0.07233205499999995,-0.05127383499999999,-0.07308412499999994,0.05271358500000001,0.0022124749999999915,-0.06192456499999999,-0.004869275000000006,0.022014035000000043,-0.0003014249999999663,-0.022014034999999987,0.0003014250000000773,0.023100745000000034,0.097477975,-0.02964211499999997,0.10567357500000008,0.026268435000000034,0.18286973500000003,-0.02056755499999996,0.210571575,0.016381100000000037,0.07266119000000004,0.002369399999999966,0.07454452999999994,-0.01820506999999999,0.07104330000000003,-0.010650729999999997,0.06821484999999994,0.0010867099999999907,0.09777939999999996,0.0031676900000000008,0.08539176000000004,-0.0076280799999999815,0.10537215,0.00907456000000001,0.10489799999999994,-0.06703185,0.0008658200000000171,-0.04402807000000003,0.0006028500000000436,0.03080230613789327,0.0402440870609696
-0.0008774050000000533,-0.1916735300000001,0.005470104999999947,-0.2004937400000001,-0.008424395000000029,-0.20089178000000008,0.01583970499999998,-0.20045863000000008,-0.019550585000000065,-0.19849567000000007,0.034467964999999934,-0.14684097000000007,-0.03259756500000005,-0.14700024000000006,0.050172464999999944,-0.0736048700000001,-0.05204787500000002,-0.07670836000000009,0.054337144999999976,0.0006576299999999646,-0.06235063500000004,-0.010824580000000084,0.02178523499999996,-7.140000000005475e-05,-0.021785235000000014,7.139999999994373e-05,0.020924244999999952,0.09673864999999993,-0.029015415000000044,0.10410053999999991,0.02228430499999995,0.17636753999999988,-0.019438465000000016,0.2073067999999999,0.01570450000000001,0.07323609999999997,0.004164680000000032,0.07426250000000006,-0.01945030999999997,0.07029187999999997,-0.010302760000000022,0.06588378,-0.0008609900000000059,0.09681004999999998,0.0013600599999999963,0.07962888999999995,-0.0072301800000000305,0.10402913999999996,0.009576950000000028,0.10320626,-0.06706552999999998,-0.00015926999999998914,-0.04357046999999997,0.00014279999999999848,0.032560072625671475,0.042003262460437556
0.0004680650000000175,-0.19481080000000006,0.0071509150000000354,-0.2036397000000001,-0.007049454999999982,-0.2038193000000001,0.017049835000000013,-0.2033620000000001,-0.019103535000000005,-0.20171375000000008,0.033330635,-0.1502109800000001,-0.033618554999999994,-0.14979150000000008,0.05096654500000003,-0.07559804000000009,-0.05295111499999999,-0.07811898000000006,0.05583177500000003,-0.0013204600000000788,-0.06353564499999997,-0.010275200000000095,0.02169494500000002,-7.220000000007776e-05,-0.021694944999999966,7.219999999996674e-05,0.020661874999999996,0.09698459999999987,-0.029056144999999978,0.10341249999999991,0.022976015000000016,0.18480719999999995,-0.018605784999999986,0.20677149999999989,0.017635910000000032,0.07461294000000002,0.004865229999999998,0.07427758000000001,-0.01933256,0.07167252000000002,-0.010584529999999981,0.06784377999999996,-0.0010330700000000248,0.09705679999999994,0.00231414000000002,0.08782260000000008,-0.007361200000000012,0.10334029999999994,0.010450359999999992,0.10335899999999998,-0.06694918999999999,0.0004194800000000276,-0.043389889999999987,0.0001444000000000445,0.03415964454552331,0.04310119329264565
0.0011873400000000367,-0.19309360999999997,0.007901470000000022,-0.20202372999999996,-0.006441589999999997,-0.20202044999999996,0.01746146000000004,-0.20216517,-0.019044859999999997,-0.20032223,0.032686190000000004,-0.14893012,-0.03385093,-0.14869813999999998,0.05017607000000002,-0.07587499999999997,-0.05397863999999997,-0.07950631999999996,0.05643611000000004,-0.0036641199999999374,-0.06503863999999998,-0.010249330000000001,0.021310849999999992,-0.00018996999999998376,-0.021310849999999992,0.00018996999999998376,0.01952643000000004,0.09770793,-0.02788788999999997,0.10538603000000002,0.019731770000000037,0.18800618000000002,-0.017424329999999988,0.20888512999999997,0.017489880000000013,0.07305512000000003,0.006260040000000022,0.07221088000000003,-0.020127709999999965,0.06919182000000001,-0.011060000000000014,0.06925698999999996,-0.0017844199999999533,0.09789789999999998,0.0002053399999999983,0.09029825000000002,-0.0065770399999999785,0.10519606000000004,0.010463559999999983,0.10349909999999996,-0.06653712,0.0002319800000000205,-0.042621699999999985,0.0003799399999999675,0.03529665151668219,0.04495663024264718
0.0020133099999999904,-0.19160509500000006,0.009049189999999985,-0.20015072500000008,-0.0052544900000000005,-0.2004795450000001,0.018366380000000015,-0.19991577500000007,-0.01825787000000001,-0.19924682500000007,0.032066450000000024,-0.1475821850000001,-0.034791689999999986,-0.14732307500000008,0.05014352999999999,-0.0756704250000001,-0.05569063000000002,-0.07762796500000008,0.05712284000000001,-0.004779075000000077,-0.06520820999999999,-0.01155585500000006,0.021212950000000008,3.374999999916639e-06,-0.021212950000000008,-3.3750000000276614e-06,0.018056110000000014,0.10184467499999994,-0.026823089999999994,0.10598857499999992,0.01698137999999999,0.20047787499999992,-0.01576538999999999,0.21028207499999996,0.018077079999999968,0.07191175999999999,0.006979310000000016,0.07089135000000002,-0.020898940000000032,0.06969511,-0.00951757999999997,0.06607211000000002,-0.003156839999999994,0.10184130000000002,-0.0010747300000000237,0.09863319999999998,-0.005610139999999986,0.10599194999999995,0.011057700000000004,0.10429350000000004,-0.06685814000000001,0.00025911000000000683,-0.042425900000000016,-6.7499999999443006e-06,0.036226951677095325,0.04548673099507151
0.0038502349999999796,-0.18997638,0.011021354999999955,-0.19881342000000002,-0.00355570500000002,-0.19886085000000003,0.020141935,-0.19898577,-0.017226025000000034,-0.19814915,0.032932114999999984,-0.14559801,-0.03428556500000002,-0.14748275,0.05109054499999999,-0.07033603000000005,-0.056406625000000044,-0.07976733000000003,0.05768395499999995,-0.000494149999999971,-0.06716450500000004,-0.012443950000000037,0.02105547499999999,0.0005824500000000121,-0.021055475000000046,-0.0005824500000000121,0.015942734999999986,0.10571648,-0.02571140500000002,0.10756970999999993,0.014195124999999975,0.21156105000000003,-0.013913885000000015,0.21348418000000002,0.018158430000000003,0.07526197999999995,0.006593409999999966,0.06984188000000008,-0.022121060000000026,0.06771541999999997,-0.010757879999999997,0.06732337999999999,-0.0051127400000000045,0.10513402999999999,-0.0017476100000000105,0.10584457000000003,-0.004655929999999975,0.10815215999999994,0.011797520000000006,0.1059144700000001,-0.06721768,-0.0018847399999999959,-0.042110950000000036,-0.0011649000000000242,0.03664429852883525,0.04761027021337833
0.0048715600000000525,-0.19342791999999998,0.012371880000000057,-0.20260119999999998,-0.002626439999999952,-0.20262550000000001,0.02118100000000006,-0.20297685,-0.01650313999999997,-0.2026525,0.03246938000000005,-0.1491572,-0.033628959999999986,-0.1519031,0.05053939000000002,-0.07441379999999997,-0.05653495999999997,-0.08632003999999999,0.05618154000000003,-0.00458082999999998,-0.06736425999999995,-0.01798605999999997,0.02059449000000002,0.000841349999999963,-0.020594489999999965,-0.000841349999999963,0.01529120000000006,0.10651529999999998,-0.024657499999999943,0.10753619999999997,0.013019460000000038,0.21393695000000001,-0.013173859999999982,0.21296479999999995,0.01807000999999997,0.07474340000000002,0.005642150000000012,0.06983297,-0.022905999999999982,0.06558306000000003,-0.010829299999999986,0.06833398000000002,-0.0053032899999999605,0.10567395000000002,-0.002271740000000022,0.10742165000000004,-0.004063009999999978,0.10837754999999993,0.011483639999999962,0.10542859999999998,-0.06609834000000003,-0.0027459000000000233,-0.041188979999999986,-0.001682699999999926,0.03599775220280983,0.049813175634936174
0.005024964999999992,-0.19587457000000003,0.012733535000000018,-0.20534226000000005,-0.002346915000000005,-0.20517277000000006,0.021876805,-0.20646593000000002,-0.01636556499999997,-0.20609897000000005,0.03221233499999998,-0.15138453000000002,-0.033793395000000004,-0.15521640000000003,0.04959510500000003,-0.07523054000000001,-0.05671063500000001,-0.09060892000000004,0.054328765,-0.006137200000000065,-0.06679115499999999,-0.022788600000000048,0.020536235000000014,0.0014207999999999998,-0.020536235000000014,-0.0014207999999999998,0.015153244999999982,0.11063486999999994,-0.024563294999999985,0.10659635,0.012249995000000014,0.2241111,-0.011067734999999967,0.20922876,0.017382770000000047,0.07615399,0.004733659999999973,0.06909333999999995,-0.022917240000000005,0.06460748,-0.010080519999999982,0.06782031999999999,-0.005382990000000032,0.10921406999999994,-0.0029032499999999684,0.11347623000000007,-0.004027059999999971,0.10801715,0.013495560000000018,0.10263241000000001,-0.06600572999999998,-0.003831870000000015,-0.04107247000000003,-0.0028415999999999997,0.03462742334914482,0.05095194305467064
0.007643675000000016,-0.19517305500000004,0.015484985000000062,-0.20482202500000002,0.00029692500000005895,-0.20473706500000005,0.02426278500000001,-0.20619764500000004,-0.014128094999999952,-0.20624324500000002,0.03375938500000003,-0.14982920500000002,-0.03277504499999995,-0.15457725500000002,0.051126925000000045,-0.07161862500000005,-0.055949714999999955,-0.08931386500000005,0.054493605000000056,-0.0007402550000000785,-0.06505194499999994,-0.023231925000000042,0.02046522500000003,0.0017447749999999207,-0.020465224999999976,-0.0017447750000000317,0.015595605000000012,0.11299911499999993,-0.02249851499999994,0.10649040499999995,0.010155855000000047,0.22741797499999994,-0.008010444999999977,0.20726497499999996,0.017367540000000015,0.07821057999999997,0.0033666800000000108,0.07087836999999997,-0.02317467000000001,0.06526338999999998,-0.009102229999999989,0.06608194,-0.004869620000000019,0.11125434000000001,-0.0054397499999999654,0.11441886000000001,-0.0020332899999999654,0.10823517999999999,0.014488069999999964,0.10077457000000001,-0.06653442999999998,-0.004748050000000004,-0.04093045000000001,-0.0034895499999999524,0.03411899792674605,0.0494941735508423
0.007911639999999998,-0.19426875,0.015734210000000026,-0.20431375000000002,0.0008640400000000104,-0.20417835,0.024831939999999997,-0.2071033,-0.013217140000000016,-0.20728119,0.033801269999999994,-0.14938099999999999,-0.032242610000000005,-0.15514033,0.05056054999999998,-0.07224612000000002,-0.05658428999999998,-0.09033407999999998,0.05341904000000003,-0.00360035000000003,-0.06441006999999999,-0.025946279999999988,0.020100759999999995,0.0026361499999999483,-0.020100759999999995,-0.0026361499999999483,0.016434539999999997,0.12160004999999996,-0.021924869999999985,0.10530269999999997,0.009649289999999977,0.24256095,-0.004475159999999978,0.20564068000000002,0.016759279999999988,0.07713487999999996,0.002858490000000047,0.06864577,-0.024341679999999977,0.06480625000000001,-0.007825780000000004,0.0643878,-0.003666219999999998,0.11896390000000001,-0.00678525000000002,0.12096090000000004,-0.00182410999999999,0.10793884999999992,0.017449710000000007,0.10033798000000005,-0.06604388,-0.005759330000000007,-0.04020151999999999,-0.0052722999999998965,0.033896927801917415,0.05006672660852716
0.008536120000000036,-0.19378096999999994,0.016404470000000004,-0.20344544999999992,0.0013821000000000527,-0.2031734699999999,0.025306050000000024,-0.20558545999999994,-0.013111519999999988,-0.20553115999999994,0.03405728000000002,-0.14905834999999995,-0.03326214999999999,-0.15380509999999992,0.05023931000000004,-0.07249516999999994,-0.05864010999999997,-0.08762017999999994,0.051778480000000016,-0.00258539999999996,-0.06439510999999998,-0.025768469999999932,0.02055765000000004,0.002610700000000077,-0.020557649999999983,-0.002610699999999966,0.015915550000000056,0.12640790000000002,-0.021054909999999982,0.1073408600000001,0.009279890000000013,0.25000710000000004,-0.004867649999999946,0.20712970000000008,0.016182030000000014,0.07656318000000001,0.0015391699999999786,0.06990976999999998,-0.025377959999999977,0.06618491999999998,-0.00575500000000001,0.061851710000000004,-0.004642099999999982,0.12379719999999994,-0.006635660000000043,0.12359920000000002,-0.0004972599999999994,0.10995156000000006,0.016187260000000037,0.09978883999999999,-0.06731943000000001,-0.004746749999999966,-0.04111530000000002,-0.005221400000000043,0.03165027142219951,0.04957827357446504
0.010056255000000014,-0.19521088500000006,0.018182215000000057,-0.20495919500000004,0.0030899950000000675,-0.20525076500000006,0.026640265000000052,-0.20776919500000002,-0.012104464999999953,-0.20960114500000004,0.034725365000000064,-0.14859248500000005,-0.03326463499999993,-0.157650265,0.051497455000000025,-0.06647108500000004,-0.05809423499999994,-0.09155340500000003,0.04714408500000006,0.01307909499999993,-0.06423294499999999,-0.027720365000000025,0.02067026500000002,0.0039293649999999625,-0.020670264999999965,-0.0039293650000000735,0.017059175000000038,0.13068478499999991,-0.02042684499999997,0.10469633499999997,0.008030565000000045,0.2563811349999999,-0.004956864999999977,0.203273735,0.016772089999999962,0.08212140000000001,-0.0043533699999999675,0.07955017999999997,-0.024829600000000007,0.06609685999999998,-0.006138710000000047,0.06383304000000001,-0.0036110899999999835,0.12675541999999995,-0.009028609999999992,0.12569635,0.0002434199999999942,0.10862570000000005,0.015469979999999994,0.09857740000000004,-0.06799,-0.00905777999999996,-0.041340529999999986,-0.007858730000000036,0.02801036780310643,0.04963586173103474
0.012015830000000005,-0.19448658000000002,0.02010666,-0.2044804,0.004939660000000012,-0.20458366,0.02825920000000004,-0.20788114000000002,-0.010642369999999957,-0.20936944000000002,0.03589486000000003,-0.14913327999999998,-0.03239835999999996,-0.15835258000000002,0.05260859000000001,-0.06611414999999998,-0.05807383999999999,-0.09259107999999999,0.047562820000000006,0.014437420000000034,-0.06321071,-0.028855379999999986,0.02072676000000001,0.0038998799999999667,-0.02072676000000001,-0.0038998799999999667,0.01717852000000003,0.13096282000000004,-0.019358619999999993,0.10550596000000001,0.009325040000000007,0.25777282,-0.0035196699999999748,0.20465255999999998,0.016713729999999982,0.08301913,-0.005045770000000005,0.08055157000000002,-0.02567548000000003,0.06576150000000003,-0.005136870000000016,0.0637357,-0.0035482399999999803,0.12706294000000007,-0.007853480000000024,0.12680999999999998,0.0013681400000000177,0.10940583999999998,0.01583895000000002,0.09914659999999997,-0.06829321999999999,-0.009219300000000041,-0.04145352000000002,-0.007799759999999933,0.028830779829467,0.04927132013506945
0.015492339999999993,-0.1974641399999999,0.023831150000000023,-0.20742404999999992,0.008264690000000019,-0.20766213999999988,0.032065180000000026,-0.21099597999999992,-0.008374899999999963,-0.2129380999999999,0.03808206000000003,-0.1499149999999999,-0.03150567999999998,-0.16071701999999993,0.054874179999999995,-0.06502849999999993,-0.05559907999999997,-0.09356039999999993,0.049758460000000004,0.014142750000000093,-0.060741639999999986,-0.027336039999999895,0.021177620000000008,0.004928400000000055,-0.021177620000000008,-0.004928399999999944,0.017972260000000018,0.13513140000000012,-0.02016918000000001,0.0983864000000001,0.007726840000000013,0.26545680000000005,-0.002848629999999963,0.19149166000000006,0.016792119999999966,0.08488649999999998,-0.00511571999999999,0.07917125000000003,-0.024093399999999987,0.06715662,-0.005142560000000018,0.06622436000000004,-0.0032053599999999904,0.13020300000000007,-0.010245420000000005,0.13032539999999992,0.0010084399999999993,0.10331480000000004,0.017320550000000046,0.09310525999999997,-0.06958774000000001,-0.010802020000000023,-0.042355240000000016,-0.009856799999999999,0.030029463215783602,0.045468824582674185
0.017141444999999977,-0.20242017499999998,0.025908514999999965,-0.212205875,0.010229965000000008,-0.21280759499999996,0.03430815500000001,-0.21550860499999996,-0.006686314999999998,-0.21856047499999998,0.03906058499999998,-0.153793605,-0.031440365000000026,-0.16523030499999997,0.05532293499999996,-0.06782755499999998,-0.05556119500000001,-0.097086175,0.05144558499999996,0.009262225000000068,-0.060370965,-0.028147334999999996,0.021491955000000007,0.004817425000000042,-0.021491955000000007,-0.004817424999999931,0.017255204999999996,0.13279412499999999,-0.021813854999999993,0.09884417499999998,0.005797284999999985,0.258800265,-0.0032990150000000162,0.18457078500000001,0.01626234999999998,0.08596605000000002,-0.0038773500000000016,0.07708978000000005,-0.024120829999999982,0.06814412999999997,-0.004809769999999991,0.06893884,-0.004236750000000011,0.12797669999999994,-0.01145792000000001,0.12600614,-0.0003218999999999861,0.10366159999999991,0.018514839999999977,0.08572661000000004,-0.07050095,-0.011436699999999966,-0.042983910000000014,-0.009634849999999973,0.030281614838328842,0.04534161575405316
0.019738919999999993,-0.20577414999999993,0.028972869999999984,-0.21511175999999993,0.013315450000000006,-0.21642609999999995,0.03729516999999999,-0.21818199999999993,-0.003986319999999988,-0.22312127999999998,0.04086629999999997,-0.15708549999999993,-0.03090480000000001,-0.16939957999999994,0.05634847999999998,-0.07039869999999993,-0.053825369999999984,-0.09919904999999996,0.05300759999999999,0.008229350000000024,-0.059740950000000015,-0.02548779999999995,0.022003099999999998,0.005080500000000043,-0.022003099999999998,-0.005080499999999932,0.015378899999999973,0.1347487300000001,-0.025453530000000002,0.10077590000000003,0.0029415600000000097,0.2574054400000001,-0.00480052000000003,0.1815595000000001,0.015482180000000012,0.08668680000000001,-0.0033408799999999905,0.07862804999999995,-0.022920569999999973,0.07020052999999998,-0.005915580000000031,0.07371125,-0.0066242000000000245,0.12966823000000005,-0.012437339999999963,0.12265671,-0.0034504300000000043,0.10585639999999996,0.02065300999999997,0.08078360000000007,-0.07177109999999998,-0.012314080000000005,-0.044006199999999995,-0.010160999999999976,0.031163990061808505,0.04290225187461029
0.023148985000000066,-0.20521414999999993,0.03277482500000006,-0.21440417999999994,0.017244395000000023,-0.21634725999999993,0.04042574500000007,-0.21692831999999995,-0.0006614049999999483,-0.22378484999999998,0.042704465000000025,-0.15545151999999995,-0.030385374999999937,-0.16957396999999996,0.05680328500000004,-0.06694475999999994,-0.05163621499999993,-0.09798819999999997,0.05353232500000005,0.010926920000000062,-0.06010557499999997,-0.018857279999999976,0.02262669500000003,0.005696020000000024,-0.022626694999999974,-0.005696019999999913,0.01501042500000005,0.13581993000000003,-0.03172427499999997,0.09983553,0.004415865000000019,0.2596273800000001,-0.004556274999999943,0.17836858,0.014098820000000012,0.08850676000000002,-0.0032709599999999894,0.07787168,-0.021250839999999993,0.07158576999999999,-0.008469360000000037,0.07913092,-0.0076162699999999806,0.13012391,-0.01059456000000003,0.12380745000000004,-0.009097579999999994,0.10553154999999992,0.027168000000000025,0.07853305,-0.07308983999999996,-0.014122450000000009,-0.045253390000000004,-0.011392039999999937,0.03134517954178762,0.03972260327372818
0.027707205000000013,-0.21025872,0.037502895000000036,-0.21962010999999998,0.02179859500000003,-0.22173526999999998,0.044476405,-0.22250052999999997,0.003038154999999987,-0.22988684999999998,0.046171295,-0.16056286999999997,-0.028810465000000007,-0.17599296999999997,0.05897763500000003,-0.06961262000000001,-0.049766564999999985,-0.10443509000000001,0.054967985,0.008841050000000017,-0.05994100499999999,-0.023937149999999963,0.023555415000000024,0.006130850000000021,-0.02355541499999997,-0.006130850000000021,0.014620765000000036,0.13628415000000005,-0.037231634999999985,0.10015490999999999,0.0058433549999999945,0.25587605,-0.006744424999999998,0.17405345000000005,0.012806340000000027,0.09095024999999995,-0.004009650000000031,0.07845367000000003,-0.020956099999999978,0.07155787999999996,-0.010174440000000007,0.08049794000000005,-0.008934649999999988,0.13015330000000003,-0.008777410000000041,0.11959189999999997,-0.013676220000000017,0.10628576,0.030487209999999987,0.07389854000000007,-0.07498176000000001,-0.015430100000000002,-0.04711082999999999,-0.012261700000000042,0.031529267959229536,0.04050895554489278
0.03032909000000006,-0.21109309500000006,0.04037165000000004,-0.2209281950000001,0.024456930000000043,-0.22299152500000008,0.04749885000000004,-0.2243346850000001,0.005361930000000015,-0.2317566250000001,0.04838653000000004,-0.1617144350000001,-0.02769328999999998,-0.1768102350000001,0.060439570000000054,-0.06899562500000012,-0.05015836999999995,-0.10456007500000009,0.05644237000000002,0.010004044999999961,-0.06071339999999997,-0.023082585000000044,0.024023400000000028,0.0058121949999999645,-0.024023399999999973,-0.0058121950000000755,0.015206470000000027,0.1347934449999999,-0.04112492999999995,0.10345348499999996,0.0067771500000000096,0.2512225749999999,-0.01029724999999998,0.17369660499999995,0.012053040000000015,0.09271880999999998,-0.003997200000000034,0.07899967000000008,-0.02246507999999997,0.07225016000000001,-0.01055503000000002,0.08147749000000004,-0.00881693,0.12898124999999994,-0.008429320000000018,0.11642912999999999,-0.017101529999999976,0.10926568000000003,0.03082767999999997,0.07024311999999999,-0.07607982000000002,-0.015095799999999993,-0.0480468,-0.01162439000000004,0.03268885471048809,0.04055147926712537
0.03414334499999999,-0.21266434500000003,0.04425636500000002,-0.22248932500000002,0.028334515000000005,-0.22483856500000005,0.05090393500000001,-0.22614968500000004,0.008625965000000013,-0.23425716500000004,0.05123462499999998,-0.16367072500000002,-0.026556984999999977,-0.17921782500000005,0.06269676499999999,-0.070191155,-0.05002890500000001,-0.105534495,0.058964234999999976,0.009137375000000003,-0.062567035,-0.020161325000000008,0.02482880500000001,0.00583752500000001,-0.02482880500000001,-0.00583752500000001,0.017279794999999987,0.13247987500000002,-0.04469148500000003,0.10321647499999997,0.008528464999999985,0.24613957499999994,-0.014162885000000014,0.172602735,0.01146214000000001,0.09347957000000001,-0.0037325300000000117,0.07932853000000001,-0.023471920000000035,0.07368333000000005,-0.01253812999999998,0.08537317,-0.007549010000000023,0.12664235000000001,-0.008751330000000002,0.11365969999999992,-0.01986268000000002,0.10905399999999998,0.030528600000000017,0.06938626000000003,-0.07779160999999996,-0.015547100000000036,-0.04965761000000002,-0.01167505000000002,0.03429455629261585,0.0403651489526906
0.03446248499999999,-0.21298338,0.044762104999999996,-0.22259496,0.02937099500000001,-0.22464783000000005,0.05231377500000001,-0.22675876,0.009939884999999982,-0.23445837000000003,0.05203965500000002,-0.16616414000000002,-0.026743675000000022,-0.18071720000000002,0.06262305499999998,-0.07007668,-0.05087014499999998,-0.11038385,0.060237765,0.010538900000000018,-0.06587177500000002,-0.02250770000000002,0.025554275000000015,0.004817799999999983,-0.025554275000000015,-0.004817799999999983,0.016766824999999985,0.12804095999999998,-0.049853645,0.10979335999999995,0.008264245000000003,0.25066935,-0.019562444999999984,0.17744680000000002,0.010583399999999965,0.09608746000000001,-0.0023852899999999844,0.08061558000000002,-0.024126469999999955,0.07033335000000002,-0.015001630000000044,0.08787614999999999,-0.00878745000000003,0.12322316,-0.008502579999999982,0.12262839000000003,-0.024299369999999987,0.11461115999999993,0.030291200000000018,0.06765344000000006,-0.07878333000000004,-0.014553060000000007,-0.05110855000000003,-0.009635599999999966,0.03515217580449465,0.044027643228544515
0.036173730000000015,-0.2132171650000001,0.04591078000000004,-0.22337318500000009,0.030398900000000006,-0.22500116500000006,0.053295320000000035,-0.22883740500000005,0.009985540000000015,-0.23489598500000008,0.053677399999999986,-0.16824096500000008,-0.025727,-0.1839795150000001,0.06359405000000001,-0.07162008500000006,-0.055006259999999974,-0.11600018500000009,0.060529180000000016,0.008388874999999962,-0.07027813,-0.024944165000000074,0.025572450000000024,0.004606134999999956,-0.02557244999999997,-0.004606135000000067,0.012670600000000032,0.12821563499999988,-0.04862227999999996,0.11600093499999997,0.00505764000000003,0.24947469499999997,-0.02522363999999999,0.18704777499999992,0.009916650000000027,0.09662088000000002,-0.0030648699999999973,0.08000896000000002,-0.029279259999999974,0.06797933,-0.01527187000000002,0.09105602000000002,-0.012901849999999992,0.12360949999999993,-0.007612960000000002,0.12125906000000009,-0.023049829999999993,0.12060707000000004,0.02339863999999997,0.07104683999999994,-0.07940439999999999,-0.015738550000000018,-0.05114489999999999,-0.009212270000000022,0.035160803378200836,0.04911449163478436
0.03729333000000001,-0.21357848500000004,0.04673297999999998,-0.22375586500000005,0.030878110000000014,-0.225992305,0.05355997000000001,-0.22907876500000002,0.010530929999999994,-0.235578065,0.05516310000000002,-0.16910629500000002,-0.024133609999999972,-0.18532356500000002,0.06367643,-0.07329784500000003,-0.056139930000000005,-0.11484502500000004,0.061962320000000015,0.009198205000000015,-0.07371477999999998,-0.025722965000000042,0.025646429999999998,0.004812964999999947,-0.025646429999999998,-0.004812965000000058,0.013545950000000029,0.13080860500000002,-0.048522489999999974,0.11682963499999999,0.007412030000000014,0.25374968499999995,-0.029158669999999998,0.20617986499999996,0.008513329999999986,0.09580844999999999,-0.001714109999999991,0.08249605000000004,-0.03200632000000003,0.07047853999999998,-0.017574849999999975,0.08912206,-0.012100479999999969,0.12599564000000008,-0.006133920000000015,0.12294107999999992,-0.022876059999999976,0.12164260000000005,0.019363819999999976,0.08935022999999997,-0.07929670999999999,-0.016217270000000006,-0.051292859999999996,-0.009625930000000005,0.036579696504341064,0.05241940834960365
0.03865572500000003,-0.21319356999999994,0.047998025,-0.22306505,0.03169877500000001,-0.22648110999999999,0.05423010500000003,-0.22810479999999994,0.011066145000000027,-0.23645342999999996,0.05630252499999999,-0.16940296,-0.023144414999999974,-0.18695152999999998,0.06461904500000004,-0.07431190999999998,-0.05745559499999997,-0.11304109999999995,0.06331259500000003,0.009417030000000048,-0.07548587499999998,-0.023155129999999913,0.025895875000000013,0.0047793700000000605,-0.025895874999999957,-0.0047793699999999495,0.016911325000000033,0.13097577000000005,-0.046254534999999986,0.11888896999999998,0.010948455000000024,0.25408487,-0.034935614999999975,0.2257317000000001,0.00831652000000005,0.09509105000000001,-0.0013064500000000145,0.08372894000000003,-0.03431118,0.07391043000000003,-0.01803028000000001,0.08988597000000004,-0.00898454999999998,0.1261964,-0.005962870000000009,0.12310909999999997,-0.02035866000000003,0.12366833999999993,0.01131892000000001,0.10684273000000011,-0.07944693999999997,-0.017548569999999986,-0.05179174999999997,-0.00955874000000001,0.03770303470324373,0.05288512697893048
0.03914920999999999,-0.21370233499999997,0.048502040000000024,-0.223866785,0.03163157,-0.228087885,0.05497004,-0.22933418499999997,0.011259240000000004,-0.238687865,0.05784927000000001,-0.170671085,-0.021625759999999994,-0.18949038499999998,0.06585607999999998,-0.07448791500000002,-0.05998486000000003,-0.11258991499999998,0.06466053999999999,0.008494114999999969,-0.07929883999999998,-0.019891884999999943,0.025867299999999982,0.004522484999999965,-0.025867299999999982,-0.004522484999999965,0.018851740000000006,0.13266758499999998,-0.04381096000000001,0.126158455,0.01347613999999997,0.256107215,-0.03950705999999998,0.25037941500000005,0.008006809999999975,0.09618316999999998,-0.001195539999999995,0.08298202999999998,-0.038359100000000035,0.07690047,-0.019313979999999953,0.09269803000000004,-0.007015559999999976,0.1281451,-0.005375600000000036,0.12343963000000002,-0.017943660000000028,0.13068093999999997,0.004303900000000027,0.12422096000000005,-0.07947503,-0.018819299999999983,-0.051734599999999964,-0.00904496999999993,0.03899601664983875,0.05559809280120676
0.03806103500000002,-0.21493021500000004,0.04767989500000003,-0.22504356500000006,0.030147365000000037,-0.22999871500000002,0.05474203500000002,-0.23012476500000006,0.009981565000000026,-0.24049563500000004,0.05879359500000003,-0.17225556500000005,-0.022207234999999992,-0.190628065,0.06707610500000005,-0.07708911500000004,-0.06163183499999997,-0.11178742500000005,0.06567113500000005,0.006518884999999974,-0.08007840499999996,-0.02101946500000007,0.02642623500000002,0.0039349650000000125,-0.026426234999999965,-0.0039349650000000125,0.021212275000000058,0.133159735,-0.042423644999999954,0.1327116949999999,0.014759115000000045,0.25687273499999996,-0.043374124999999986,0.27065723499999994,0.00828251000000002,0.09516645000000001,-0.0014049700000000054,0.08360800000000002,-0.039424599999999976,0.07884063999999996,-0.018446569999999995,0.09076795999999998,-0.005213959999999962,0.12922477,-0.006453160000000013,0.12371299999999996,-0.01599740999999999,0.13664665999999992,-0.0009504800000000313,0.13794554000000003,-0.08100083000000002,-0.01837249999999996,-0.052852469999999985,-0.007869930000000025,0.03932987183523996,0.05630662026759289
0.03822527500000006,-0.21747441999999995,0.04796276500000002,-0.22810967999999998,0.029562895000000033,-0.23309565999999998,0.055314925000000015,-0.23340324999999995,0.008939125000000048,-0.24342484999999997,0.05997652500000006,-0.17538662,-0.022138614999999973,-0.19330367999999998,0.06829357500000005,-0.07783837999999998,-0.06238662499999997,-0.11290867999999998,0.06614807500000003,0.0074053600000000275,-0.08021091499999994,-0.024751109999999965,0.02684172500000004,0.0032790200000000214,-0.026841724999999983,-0.0032790200000000214,0.02244297500000003,0.13294949,-0.04084347499999996,0.13985588000000004,0.016385975000000053,0.2537629800000001,-0.047338804999999984,0.2868938200000001,0.008317049999999993,0.09754824000000001,-0.0021455000000000224,0.08524374000000001,-0.04024801,0.080395,-0.017824289999999965,0.08815757000000002,-0.004398750000000007,0.12967046999999998,-0.006056999999999979,0.12081349000000008,-0.01400174999999998,0.14313490000000006,-0.006495330000000021,0.14703794000000003,-0.08211514000000003,-0.017917059999999985,-0.05368345000000002,-0.006558040000000043,0.03952234598449463,0.05752669893383587
0.03709350500000003,-0.22077909,0.046487305000000034,-0.23148522,0.028128405000000023,-0.23632479,0.05388377500000002,-0.2372652,0.007814664999999998,-0.24640736000000002,0.060033804999999996,-0.17937079,-0.02218027499999997,-0.19666335000000001,0.06939832500000004,-0.08194959000000002,-0.06401137499999998,-0.1155853,0.066120075,0.0021299799999999758,-0.080932695,-0.024886520000000023,0.02692492499999999,0.002817480000000039,-0.02692492499999999,-0.002817480000000039,0.024294125,0.13086882,-0.03905799500000001,0.14252533999999994,0.018349575000000007,0.25017137999999994,-0.050586835,0.29631713000000004,0.009364520000000043,0.09742119999999999,-0.003278250000000038,0.08407956999999999,-0.04183110000000001,0.08107805000000001,-0.016921320000000017,0.09069877999999998,-0.0026307999999999887,0.12805133999999996,-0.005944549999999993,0.11930255999999995,-0.012133070000000024,0.14534281999999998,-0.011528839999999985,0.1537917900000001,-0.08221407999999997,-0.017292560000000012,-0.05384984999999998,-0.005634960000000078,0.03920117906099893,0.05834279515839552
0.03489658499999998,-0.22330127999999994,0.044007085,-0.23441709999999993,0.02550236499999997,-0.23868709999999993,0.050947734999999994,-0.24144162999999996,0.00437208499999997,-0.24909417999999994,0.05746318499999997,-0.18488864999999993,-0.02505468500000002,-0.19859041999999993,0.06886101499999997,-0.08929859999999995,-0.067472955,-0.11453623999999996,0.06483061499999998,-0.0017822999999999034,-0.084616835,-0.020364199999999943,0.02709888499999996,0.001939000000000024,-0.027098885000000017,-0.001938999999999913,0.02583598499999995,0.1298186,-0.038545775000000004,0.14456730000000007,0.020825125,0.25016040000000006,-0.054090515000000006,0.299856,0.011397829999999998,0.09559004999999998,-0.0040303999999999895,0.08751630000000005,-0.04241826999999998,0.08405417999999998,-0.01714388,0.09417204000000001,-0.0012629000000000112,0.12787959999999998,-0.00501085999999995,0.12034180000000005,-0.011446889999999987,0.14650629999999998,-0.015544740000000001,0.15528869999999995,-0.08251787,-0.013701770000000002,-0.05419776999999998,-0.003877999999999937,0.03791479292417276,0.06039704104707862
0.03355168999999997,-0.22633896000000003,0.04216318999999996,-0.23774016000000003,0.023903659999999993,-0.24174262000000002,0.04817405999999996,-0.24461055000000004,0.002480559999999965,-0.25129890000000005,0.05569162999999999,-0.18713844000000002,-0.026877609999999996,-0.19928820000000003,0.06743761999999998,-0.09152294000000005,-0.07053314,-0.11581702000000005,0.06420046000000001,-0.003942140000000038,-0.08695317000000002,-0.021493100000000043,0.027010919999999994,0.0008075999999999084,-0.027010919999999994,-0.0008076000000000194,0.028113559999999982,0.1258435,-0.037030280000000027,0.14926326,0.023817460000000013,0.2460808,-0.05335671000000003,0.31309615999999996,0.011745989999999984,0.09561549999999996,-0.003237159999999961,0.08758080000000001,-0.04365553,0.08347117999999998,-0.01642003000000003,0.09432392,0.001102639999999988,0.1250359000000001,-0.004296099999999969,0.12023729999999999,-0.010019360000000033,0.15007086000000003,-0.016326430000000003,0.16383289999999995,-0.08256923999999999,-0.01214976000000001,-0.05402183999999999,-0.0016151999999999278,0.037491624604426003,0.06341106563773001
0.03160039999999997,-0.22825020500000004,0.040281069999999974,-0.24000475500000001,0.02197347999999999,-0.24423705500000004,0.045990719999999985,-0.24797910500000003,0.0006199000000000066,-0.25477588500000004,0.05389746000000001,-0.190997515,-0.02934313999999999,-0.20057907500000005,0.06530010000000003,-0.09714171500000002,-0.07283674000000001,-0.11504352500000004,0.06476100000000001,-0.007717555000000043,-0.08917061999999998,-0.019592955000000023,0.02681513000000002,-0.0003345949999999931,-0.02681513000000002,0.0003345949999999931,0.02942223999999999,0.12390008499999994,-0.034927770000000025,0.15292304499999998,0.025437219999999983,0.235176045,-0.04370200000000002,0.313504845,0.01140264000000002,0.09385579999999999,-0.0005391000000000146,0.08942415999999997,-0.04349360000000002,0.08553555000000002,-0.016333879999999967,0.09545057000000001,0.002607109999999968,0.12423467999999993,-0.003985020000000006,0.11127596000000006,-0.008112640000000004,0.15258845,-0.008774229999999994,0.1605818,-0.0832406,-0.009581560000000044,-0.05363026000000004,0.0006691899999999862,0.03865743328803013,0.06546231268556432
0.02984405000000001,-0.23167364500000004,0.03853755000000003,-0.24387533500000003,0.020023789999999986,-0.24807084500000004,0.043738900000000025,-0.25297210500000006,-0.0020741200000000126,-0.25963844500000005,0.05175184999999999,-0.19558316500000006,-0.03258601,-0.20405371500000002,0.06407338000000001,-0.09993446500000003,-0.07482275,-0.11491219500000005,0.06533432,-0.009817665000000031,-0.09156069,-0.01543346500000009,0.026918410000000004,-0.0007687650000000046,-0.026918410000000004,0.0007687650000000046,0.03077257,0.124501435,-0.03337804999999999,0.153925435,0.02739029999999998,0.23394143499999998,-0.03632560000000001,0.31185383499999997,0.012321530000000025,0.09564870000000003,0.0012609399999999882,0.0901168,-0.042236739999999995,0.08914151999999997,-0.016737940000000007,0.09947872999999996,0.0038541599999999954,0.1252702,-0.0033822700000000205,0.10943999999999998,-0.006459639999999989,0.15315667,-0.002947550000000021,0.15792839999999997,-0.08433785999999999,-0.008470549999999966,-0.05383682000000001,0.0015375300000000092,0.03946726152570128,0.06664185336987037
0.028829559999999976,-0.2313235449999999,0.03719239000000002,-0.24361544499999988,0.01848428000000002,-0.24760141499999988,0.042166040000000016,-0.2529923649999999,-0.004091699999999976,-0.2587833949999999,0.05153452000000003,-0.1960038249999999,-0.033972159999999973,-0.2041387449999999,0.06318638999999998,-0.10137900499999991,-0.07436155,-0.1139200649999999,0.06644992,-0.010615244999999884,-0.09168864999999998,-0.010876474999999886,0.027391539999999992,-0.0007984049999999465,-0.027391539999999992,0.0007984050000000575,0.03372775,0.12681949500000012,-0.031582849999999996,0.15449355500000006,0.030397039999999986,0.23078501500000015,-0.03345372000000002,0.3130100950000001,0.011651869999999953,0.09462482,0.0032635300000000145,0.09076376000000003,-0.040389390000000025,0.09021868,-0.017327099999999984,0.10304359000000002,0.006336210000000009,0.12761790000000006,-0.0033307100000000145,0.10396552000000003,-0.004191310000000004,0.15369515,-0.0018708700000000245,0.15851654000000004,-0.08550668,-0.00813491999999999,-0.054783079999999984,0.001596810000000004,0.04027315974454946,0.06534845964035034
0.029444424999999996,-0.23442922000000005,0.03699630500000001,-0.24647844000000002,0.018886024999999973,-0.25039709000000004,0.040469015,-0.25737422000000004,-0.005034955000000008,-0.26256290000000004,0.051152014999999995,-0.20196799000000004,-0.036132785,-0.20911524000000004,0.06329539499999998,-0.10580922000000004,-0.07362541500000003,-0.11552742000000005,0.06818279499999996,-0.012242520000000034,-0.09102547500000002,-0.009519920000000015,0.028048304999999996,-0.001098280000000007,-0.028048304999999996,0.001098280000000007,0.035625725,0.12668177999999997,-0.031345395,0.15468644999999992,0.031101904999999985,0.22501297999999992,-0.02955585500000002,0.31161982,0.012143379999999981,0.09615877,0.004887399999999986,0.0935667,-0.03749263000000003,0.09358781999999999,-0.017400059999999995,0.10600750000000003,0.007577420000000001,0.12778005999999997,-0.004523820000000012,0.09833119999999995,-0.0032970900000000025,0.1535881699999999,0.0017895399999999784,0.15693337000000007,-0.0872848,-0.007147249999999994,-0.05609660999999999,0.002196560000000014,0.04165298756077045,0.06386603254038022
0.028971054999999968,-0.23712921499999995,0.03699439500000001,-0.24938729499999995,0.017935334999999997,-0.25396317499999993,0.040738074999999985,-0.26083669499999995,-0.006788844999999988,-0.26695943499999997,0.051736155000000006,-0.20575046499999994,-0.03900709499999999,-0.21130903499999998,0.06145590499999998,-0.10966858499999993,-0.07738468500000001,-0.11029543499999994,0.067505955,-0.014987734999999947,-0.092626245,-0.002497334999999934,0.02906051500000001,-0.0014134349999999074,-0.02906051500000001,0.0014134350000000184,0.035337324999999975,0.12931576500000008,-0.03375250499999999,0.15629966500000003,0.030038204999999985,0.21645366500000007,-0.027740505000000026,0.30827942500000005,0.009719749999999971,0.09608188000000001,0.006050050000000029,0.09468084999999998,-0.03837759000000002,0.10101360000000004,-0.015241559999999987,0.10779810000000001,0.006276809999999966,0.1307292,-0.0052991199999999905,0.08713789999999999,-0.004691989999999979,0.15488623,0.006011999999999962,0.15197976000000002,-0.09074325,-0.00555857000000004,-0.05812103000000002,0.002826869999999926,0.040771478723288915,0.06368591800724709
0.02914947499999998,-0.23914498499999992,0.037207305000000024,-0.25110733499999993,0.01796582499999999,-0.25654718499999996,0.041253684999999984,-0.26285049499999996,-0.00654954499999999,-0.27038586499999995,0.05423530500000001,-0.20699931499999996,-0.040037875,-0.21431684499999992,0.06198829500000003,-0.11038091499999991,-0.07885110499999998,-0.10822007499999992,0.069132115,-0.0161401149999999,-0.091801945,0.0006759850000001011,0.030248404999999978,-0.0006576849999999634,-0.030248404999999978,0.0006576850000000745,0.037910785,0.13600628500000012,-0.03582468500000002,0.1558692450000001,0.030464824999999973,0.21313838500000004,-0.02628111500000002,0.30745172500000006,0.007752990000000015,0.09661840000000005,0.007143819999999967,0.09424080000000001,-0.038813229999999976,0.10609677,-0.012950840000000019,0.10889606000000002,0.007662380000000024,0.13666397000000008,-0.007445960000000029,0.07713209999999993,-0.0055762800000000445,0.15521156000000003,0.009543570000000001,0.15158247999999996,-0.09427318000000001,-0.007317529999999961,-0.060496809999999956,0.001315370000000038,0.0418527005349595,0.061553542720314665
0.029178690000000007,-0.24167616999999997,0.03706548999999998,-0.2529492199999999,0.01840267000000001,-0.25871433999999993,0.04072702,-0.26514871999999995,-0.006457350000000028,-0.27354116999999994,0.05398947999999998,-0.20923551999999995,-0.042389259999999984,-0.21667213999999996,0.06105191999999998,-0.11325158999999996,-0.08073854000000003,-0.10894464999999992,0.06905487999999999,-0.01824851999999999,-0.09210794,0.004587510000000017,0.030931180000000003,-0.0008269799999999217,-0.030931180000000003,0.0008269800000000327,0.04098921999999999,0.13776884,-0.03629283999999999,0.15796678000000008,0.02682298999999999,0.21385185000000007,-0.025780579999999997,0.30621768000000005,0.007062440000000003,0.09598393,0.008002960000000003,0.09500306999999997,-0.03834928000000004,0.10772749000000004,-0.011369399999999974,0.11353215999999994,0.01005803999999999,0.13859581999999993,-0.014166230000000002,0.07608301000000006,-0.00536165999999999,0.15713980000000005,0.010512259999999995,0.14825089999999996,-0.09637873999999996,-0.007436620000000005,-0.061862360000000005,0.0016539599999999544,0.0419157077676329,0.06129223074728558
0.03133996499999997,-0.24397645000000007,0.03908657499999996,-0.2551526800000001,0.02067402499999993,-0.2608232200000001,0.04196360499999996,-0.2677642700000001,-0.0052518550000000275,-0.2761554500000001,0.054026364999999965,-0.21202538000000004,-0.043209525000000026,-0.21854896000000007,0.060522024999999924,-0.11605236000000008,-0.08146074500000006,-0.10888085000000008,0.06817782499999997,-0.018422300000000003,-0.09091955500000004,0.004559359999999901,0.031202324999999975,-0.0008062000000000902,-0.03120232500000003,0.0008061999999999792,0.041385164999999946,0.14197779999999993,-0.03627074500000005,0.15886069999999997,0.025652704999999942,0.22286669999999997,-0.024568625000000066,0.305704,0.006495659999999959,0.09597301999999996,0.007655800000000046,0.09763006000000007,-0.03825122000000003,0.10966810999999999,-0.009458809999999984,0.11344020999999999,0.01018283999999997,0.14278400000000002,-0.015732460000000004,0.08088890000000004,-0.005068420000000018,0.1580545,0.011702119999999983,0.1468433,-0.09723588999999999,-0.006523580000000029,-0.062404650000000006,0.0016124000000000693,0.04095747281583663,0.05983505468250615
0.03186499999999998,-0.247269805,0.039533859999999976,-0.25780459499999997,0.02207488000000002,-0.263588755,0.041142559999999995,-0.271564985,-0.00518620000000003,-0.281047965,0.05028506999999999,-0.218182475,-0.04608777000000003,-0.223694705,0.057843199999999984,-0.12036058499999996,-0.08320796000000003,-0.11283179500000001,0.06605204999999997,-0.02095523499999996,-0.09160170000000001,0.0006681649999999983,0.031006499999999992,-0.0012674950000000074,-0.031006499999999992,0.0012674950000000074,0.04067993999999997,0.14213486500000005,-0.03718868000000003,0.16066593500000004,0.023243520000000018,0.23367166500000003,-0.024406819999999996,0.302478495,0.007558129999999996,0.09782189000000002,0.00820884999999999,0.09940535,-0.03712019,0.11086290999999998,-0.008393739999999983,0.11349996000000001,0.009673439999999978,0.14340236000000006,-0.017436419999999953,0.09153679999999997,-0.006182180000000037,0.15939844000000003,0.012781860000000034,0.14181255999999998,-0.09637284000000002,-0.005512230000000007,-0.062012999999999985,0.0025349900000000147,0.04019698597046919,0.06059816382935131
0.037774905000000025,-0.24565144000000005,0.04537534500000001,-0.2566631000000001,0.028613375000000052,-0.26172886000000006,0.04579628500000005,-0.27178605000000006,-9.079499999997687e-05,-0.2811743400000001,0.05129270500000005,-0.2193739500000001,-0.045481354999999946,-0.2252651300000001,0.05907689500000002,-0.11996312000000009,-0.08086173499999999,-0.11454570000000008,0.06842664500000001,-0.021717600000000115,-0.08695758499999995,0.0026991999999999017,0.03161279500000003,-0.0013232000000000799,-0.03161279499999997,0.0013231999999999688,0.04354117500000004,0.1431836999999999,-0.03389681499999997,0.16288713999999993,0.022375985000000043,0.25152473,-0.021976854999999962,0.29980854999999995,0.007784189999999969,0.09941083,0.00934974999999999,0.09824551999999998,-0.035380380000000045,0.11071943000000001,-0.006095849999999958,0.11724489999999999,0.011928380000000016,0.1445069,-0.02116519,0.10834103000000006,-0.0022840199999999977,0.16156393999999996,0.011919960000000007,0.13692141000000002,-0.09677406,-0.005891179999999996,-0.06322559,0.0026464000000000487,0.042085521301066235,0.05536189263513394
0.04116616500000003,-0.24708285999999996,0.04888466500000005,-0.25805272999999995,0.03242302500000005,-0.26255860999999997,0.048423165000000046,-0.27367949999999996,0.0022788050000000504,-0.28277346999999997,0.05004358500000006,-0.22276180999999995,-0.04570303499999995,-0.22753422999999995,0.05743301500000003,-0.12189256999999998,-0.08168625499999999,-0.11605626999999996,0.06636551500000004,-0.021767589999999948,-0.08358081499999997,0.0004965700000000295,0.03138959500000005,-0.0012477300000000024,-0.03138959499999999,0.0012477300000000024,0.04062164500000004,0.14660797000000003,-0.033679934999999994,0.16235903000000007,0.02148166500000004,0.27265177000000007,-0.02271717499999998,0.29721977,0.007389429999999975,0.10086923999999997,0.00893250000000001,0.10012498000000003,-0.03598322000000004,0.11147795999999999,-0.0018945599999999896,0.11655283999999999,0.009232049999999992,0.14785570000000003,-0.01913998,0.12604380000000004,-0.002290340000000002,0.16111130000000007,0.010962760000000016,0.13486073999999992,-0.09574662,-0.0047724199999999994,-0.06277919000000004,0.002495460000000005,0.0405509510895367,0.05219662523989456
0.04391811999999995,-0.24775301499999997,0.052005889999999944,-0.259011395,0.035654189999999975,-0.262631155,0.05112528999999999,-0.275265015,0.003989579999999993,-0.28387037499999995,0.047857279999999947,-0.22521321499999997,-0.046883880000000044,-0.22917048499999998,0.054473879999999975,-0.12122453499999997,-0.08424225000000002,-0.11602095499999998,0.06377225999999997,-0.02257841500000002,-0.0809108,-0.0002894150000000151,0.03122674999999997,-0.0010417849999999618,-0.031226750000000025,0.0010417850000000728,0.038403419999999966,0.15132908499999997,-0.03349745000000004,0.16126358500000004,0.021164659999999946,0.30054668500000004,-0.024191980000000002,0.292314085,0.006616600000000028,0.10398868,0.009298379999999995,0.09864611999999995,-0.037358369999999974,0.11314953,0.0033314500000000136,0.11573153999999997,0.007176669999999996,0.15237086999999994,-0.01723876000000002,0.14921760000000006,-0.0022707000000000144,0.16022179999999997,0.009305470000000038,0.13105049999999996,-0.09474115999999999,-0.003957270000000013,-0.062453499999999995,0.0020835700000000346,0.03902610219989952,0.04970188042561869
0.049211700000000025,-0.24809068500000003,0.056543960000000004,-0.25840234500000003,0.041905059999999994,-0.2624429750000001,0.05325974,-0.27546164500000003,0.009016699999999989,-0.28541573500000006,0.047537549999999984,-0.22819261500000004,-0.04547289999999998,-0.23394176500000008,0.05460043000000003,-0.12187239500000008,-0.08308695999999999,-0.12097021500000005,0.06341572000000001,-0.023128685000000093,-0.07530714999999999,-0.004746075000000016,0.03082572,-0.0006579150000000089,-0.03082572,0.0006579149999998979,0.037936970000000014,0.15473428499999997,-0.031524799999999964,0.16170918499999998,0.02203183000000003,0.309100685,-0.022979749999999965,0.289114985,0.007062880000000049,0.10632021999999997,0.008815289999999976,0.09874370999999998,-0.037614060000000005,0.11297155000000003,0.007779809999999998,0.11622414000000003,0.007111250000000013,0.15539219999999998,-0.015905139999999984,0.15436640000000001,-0.0006990799999999631,0.16105127000000008,0.008545049999999998,0.1274058,-0.09301044999999997,-0.005749150000000036,-0.06165144,0.0013158299999999068,0.039585901586207485,0.04480848940507812
0.055549965000000034,-0.24544860000000002,0.062944145,-0.25535587,0.04890020500000003,-0.25980986,0.058492195000000025,-0.27293298,0.015297875000000016,-0.28437976,0.049699145,-0.22750863,-0.042529894999999984,-0.23487353,0.056223615000000005,-0.12011418000000001,-0.08114565499999998,-0.12098977999999999,0.06377634500000001,-0.020530680000000023,-0.07002268499999997,-0.004240130000000009,0.030638915000000044,0.0002608699999999686,-0.03063891499999999,-0.0002608699999999686,0.03838244500000004,0.16246112999999995,-0.029166415,0.16073817,0.02278100500000002,0.32629582,-0.02073933499999997,0.28551474,0.006524470000000004,0.10739444999999997,0.0075527300000000075,0.09958349999999999,-0.03861576,0.11388375,0.01112297000000001,0.11674964999999998,0.0077435299999999985,0.16220025999999999,-0.015601440000000022,0.16383469000000006,0.0014724999999999877,0.16099903999999998,0.008427080000000031,0.12477656999999998,-0.09222903999999998,-0.0073649000000000076,-0.06127783000000003,-0.0005217399999999373,0.039120043691276696,0.0395842879127628
0.05957118,-0.246881075,0.06769949000000003,-0.256736505,0.05312639000000002,-0.262005615,0.06370731000000002,-0.273114375,0.019766930000000016,-0.28677277500000004,0.05251601,-0.226157805,-0.039321190000000006,-0.237073205,0.05784856999999999,-0.11808743500000002,-0.08001758999999997,-0.123821935,0.06360367,-0.018399075000000042,-0.06379283000000002,-0.008936874999999955,0.030484410000000017,0.0015057250000000133,-0.030484410000000017,-0.0015057250000000133,0.03782847,0.16928652499999997,-0.02637225999999998,0.15855795500000003,0.02529254000000003,0.335241385,-0.018701140000000005,0.282197185,0.005332559999999986,0.10807036999999997,0.005755100000000013,0.09968835999999998,-0.040696399999999966,0.11325127000000001,0.01622475999999995,0.11488506000000004,0.007344059999999986,0.16778079999999995,-0.012535929999999973,0.16595486000000004,0.004112150000000037,0.16006368000000004,0.007671119999999976,0.12363922999999999,-0.09183720000000001,-0.01091540000000002,-0.060968820000000035,-0.0030114500000000266,0.03864047678261231,0.03412730333939234
0.06360930000000004,-0.247103295,0.07087239000000001,-0.257199595,0.05749523000000001,-0.26176067500000005,0.06503487000000002,-0.27292427500000005,0.023670269999999993,-0.285100595,0.05292234000000001,-0.22552513500000004,-0.037104729999999975,-0.235493265,0.05707892000000003,-0.11685509500000002,-0.07990575,-0.12328877500000002,0.06171721000000002,-0.017862435000000065,-0.05867838999999997,-0.009683395000000039,0.029914200000000002,0.0012913350000000046,-0.029914200000000002,-0.0012913350000000046,0.03568600999999999,0.16882990499999995,-0.025168389999999985,0.15825367499999998,0.02683234000000001,0.33598650499999994,-0.017651379999999994,0.27927070499999995,0.004156580000000021,0.10867004000000002,0.004638289999999989,0.09899265999999995,-0.04280102000000002,0.11220448999999999,0.02122736000000003,0.11360537999999998,0.005771809999999988,0.16753856999999994,-0.00885366999999998,0.1671566,0.004745810000000017,0.15954501,0.007517009999999991,0.12101702999999997,-0.09002706999999999,-0.009968129999999964,-0.059828400000000004,-0.002582670000000009,0.03712544074180135,0.029963399296469996
0.06641059500000002,-0.24548773499999998,0.073308975,-0.254112625,0.062252695000000025,-0.260139385,0.06506373500000001,-0.268566085,0.02901994499999999,-0.284569435,0.05177485500000001,-0.224331045,-0.03646022500000001,-0.23604773499999998,0.059368005,-0.11673748499999997,-0.07961089500000001,-0.125831185,0.06054293500000002,-0.018377624999999953,-0.054140275000000015,-0.009649655000000035,0.029372624999999986,0.0012877150000000226,-0.029372624999999986,-0.0012877150000000226,0.033696225000000024,0.16669921499999996,-0.025734794999999977,0.15987521500000001,0.026102504999999998,0.331428815,-0.017975754999999982,0.27386521500000005,0.007593149999999993,0.10759356000000003,0.0011749300000000185,0.09835986000000002,-0.04315067,0.11021654999999997,0.02547062,0.11618152999999998,0.0043236000000000385,0.16541149999999993,-0.007593720000000026,0.16472960000000003,0.0036378300000000086,0.16116293000000004,0.007759039999999995,0.11399000000000004,-0.08823508000000002,-0.011716689999999974,-0.05874524999999997,-0.002575430000000045,0.03685530928932358,0.026141127119657673
0.07152212000000002,-0.24897460000000005,0.07935668000000001,-0.25678294,0.06816288000000004,-0.26451250000000004,0.07123721,-0.26819035,0.03600728000000003,-0.28853618000000003,0.05439682000000001,-0.22353255000000005,-0.03255747999999997,-0.23933735000000006,0.05884985000000004,-0.11735360000000006,-0.07818336999999997,-0.12803280000000006,0.06087170000000003,-0.017748140000000023,-0.047949399999999975,-0.011990600000000073,0.029164919999999983,0.0024303999999999437,-0.029164919999999983,-0.0024304000000000547,0.033683340000000006,0.16808214999999993,-0.023067320000000002,0.15349343999999998,0.029747049999999997,0.3321389,-0.016783119999999985,0.2661397999999999,0.0044530300000000245,0.10617895,0.0020218499999999917,0.09960546000000003,-0.04562589,0.11130455,0.03023397,0.11604219999999998,0.004518420000000023,0.16565175,-0.003936290000000009,0.16405675000000008,0.006097599999999981,0.15592384000000004,0.0062842000000000175,0.11264635999999995,-0.08695429999999998,-0.015804800000000008,-0.058329839999999966,-0.0048607999999999985,0.037583152801488086,0.021077336475712485
0.07177221999999994,-0.254218395,0.07939201999999995,-0.261333905,0.06817940999999994,-0.268547275,0.07130277999999995,-0.272671515,0.03668524999999995,-0.292110135,0.054538649999999966,-0.22993650499999996,-0.032853780000000055,-0.24491902499999996,0.055575969999999975,-0.12383442499999997,-0.07998145000000001,-0.12990847500000002,0.056763329999999945,-0.020158974999999968,-0.04521497000000002,-0.014630904999999972,0.02917854999999997,0.0024284749999999855,-0.029178550000000025,-0.0024284749999999855,0.02937354999999997,0.164587865,-0.03149685000000002,0.14631252500000003,0.027539549999999968,0.326000025,-0.018174700000000044,0.252912585,0.0010373200000000082,0.10610207999999999,0.0011873599999999707,0.10367545,-0.047127669999999955,0.11501054999999993,0.03476647999999999,0.11527757000000005,0.00019500000000000073,0.16215939000000001,-0.0018340000000000023,0.16141216000000003,-0.0023182999999999954,0.148741,0.013322149999999977,0.10660006,-0.08739243000000002,-0.01498252,-0.058357099999999995,-0.004856949999999971,0.03565267150089733,0.0201510809715335
0.076616725,-0.2548274,0.08556004499999997,-0.2618099,0.07304698499999995,-0.2702593,0.07906212499999998,-0.272657,0.041218564999999985,-0.29525745999999997,0.058995624999999996,-0.22714764999999998,-0.029314475000000006,-0.24749432,0.05527483499999997,-0.11891739999999995,-0.078307815,-0.13436939999999997,0.05705882499999998,-0.016903400000000013,-0.04355118500000005,-0.01469049999999994,0.029598014999999978,0.003570799999999985,-0.029598015000000033,-0.003570799999999985,0.028723014999999963,0.16711454000000003,-0.03457505500000002,0.14674233000000003,0.02674173499999999,0.3241157,-0.019993554999999996,0.25070250000000005,-0.0037207900000000294,0.10823025000000003,0.001783990000000013,0.10201399999999994,-0.048993339999999996,0.11312492000000002,0.034756629999999955,0.11967890000000003,-0.0008750000000000147,0.16354374000000005,-0.001981279999999974,0.15700115999999997,-0.004977039999999988,0.15031313000000002,0.014581500000000025,0.10396017000000002,-0.0883101,-0.02034667000000001,-0.05919603000000001,-0.00714159999999997,0.03425330570172899,0.01784204812063064
0.08110402,-0.25375124999999993,0.08990098000000002,-0.25984970999999996,0.07885829999999999,-0.26976621999999995,0.08175707999999998,-0.27167121999999994,0.04777169999999997,-0.2978127099999999,0.060241199999999995,-0.22832174999999993,-0.026684839999999987,-0.25278144999999996,0.053205349999999985,-0.11749654999999992,-0.07666014999999998,-0.13841324999999993,0.056619240000000015,-0.01423204999999994,-0.04347931999999999,-0.017828049999999984,0.02944078,0.0050917500000000615,-0.02944078,-0.0050917499999999505,0.02824804999999997,0.17337559000000002,-0.039184720000000006,0.14367371000000007,0.024265079999999994,0.3283143500000001,-0.021029489999999984,0.24310361000000003,-0.00703585000000001,0.11082520000000001,0.0034138900000000305,0.10326449999999998,-0.049975309999999995,0.11436820000000003,0.033180829999999994,0.12058519999999995,-0.0011927300000000307,0.16828383999999996,-0.003982969999999975,0.15493876000000006,-0.009743940000000006,0.14876546000000002,0.018155230000000022,0.09942989999999996,-0.08692603999999998,-0.02445970000000003,-0.05888156,-0.010183500000000012,0.03334783252944037,0.01895505059401321
0.08810625499999997,-0.251973,0.098259455,-0.25881812000000004,0.08581359500000002,-0.26888412,0.09243127499999998,-0.27219591000000004,0.055331204999999994,-0.29884759,0.06867314499999999,-0.22828227,-0.019359724999999994,-0.25419781,0.055282895,-0.11382371000000002,-0.072449225,-0.13904835000000004,0.057951754999999994,-0.008195820000000076,-0.041971645,-0.01778924999999998,0.03020022499999997,0.005972949999999977,-0.030200225000000025,-0.005972949999999977,0.027448674999999978,0.17838314999999993,-0.045891755000000034,0.14604614999999999,0.02583513500000001,0.3288942,-0.025253945,0.24084054999999993,-0.013390249999999992,0.11445855999999999,0.002668859999999995,0.10562788999999995,-0.05308950000000001,0.11514945999999998,0.030477580000000004,0.12125910000000006,-0.0027515499999999915,0.17241019999999996,-0.0016135399999999689,0.1505110500000001,-0.01569153000000001,0.15201909999999996,0.020637810000000034,0.09479439999999995,-0.08803286999999999,-0.025915540000000015,-0.060400449999999994,-0.011945899999999954,0.03115929172259541,0.016679066955510417
0.09531243500000003,-0.25102268999999994,0.10622980500000001,-0.25725533999999994,0.09446008500000003,-0.26902778999999993,0.10051227500000004,-0.2695224499999999,0.065108785,-0.3006967199999999,0.07392250500000003,-0.2236246999999999,-0.013216864999999967,-0.2558731899999999,0.055780035000000006,-0.10654116999999996,-0.06799177499999998,-0.14469791999999992,0.058140475000000025,-0.0011778399999998745,-0.04291255499999996,-0.02106641999999992,0.030355734999999995,0.007505230000000029,-0.030355734999999995,-0.007505229999999918,0.02803514500000004,0.18043653000000004,-0.053371695,0.14617703000000004,0.026412175000000038,0.32770763000000014,-0.029932514999999993,0.23747380000000007,-0.01814247000000002,0.11708352999999994,0.002360440000000019,0.10536333000000009,-0.05477491000000001,0.11117526999999999,0.025079220000000013,0.1236315,-0.0023205899999999557,0.1729313,-0.0016229700000000014,0.1472711000000001,-0.023015960000000002,0.15368225999999996,0.023439180000000004,0.09129677000000003,-0.08713937,-0.03224849000000002,-0.06071146999999999,-0.015010459999999948,0.02910992067135361,0.01848187227335205
0.104536815,-0.24409277000000001,0.11591466499999997,-0.25140830000000003,0.10351114499999997,-0.26280124000000005,0.110993915,-0.26655735,0.07283901500000001,-0.29644818000000006,0.08347453500000002,-0.22034720000000002,-0.006684734999999997,-0.25345073,0.061899645,-0.09848435,-0.058780865000000015,-0.14620418000000002,0.06177629499999998,0.006607939999999979,-0.041837385000000005,-0.018998340000000002,0.031824454999999974,0.007900899999999988,-0.03182445500000003,-0.007900899999999988,0.029979544999999996,0.18692779999999998,-0.06138472500000003,0.15740189999999998,0.02830891499999999,0.33640395,-0.03108314499999998,0.24508449999999993,-0.021574890000000013,0.12186285000000002,-0.00012335000000002205,0.10509228999999998,-0.05209613000000002,0.10724655,0.01694348000000001,0.12720584000000001,-0.0018449099999999774,0.1790269,-0.0016706300000000063,0.14947615000000003,-0.02956027,0.16530279999999997,0.03030158000000005,0.08768259999999994,-0.09015927000000001,-0.03310352999999999,-0.06364891,-0.015801799999999977,0.02997973423743447,0.01494697098874885
0.11177134499999997,-0.24240749500000003,0.12280553499999997,-0.248892055,0.11246541499999996,-0.26154470500000004,0.11645859499999994,-0.265073235,0.08253187499999998,-0.298218555,0.08788684499999994,-0.221431885,-0.0016174250000000612,-0.257565655,0.06581276499999994,-0.09606435499999999,-0.05451938500000003,-0.149791475,0.06375027499999997,0.007744644999999939,-0.04087748500000005,-0.021342955000000052,0.031944154999999974,0.00830671500000002,-0.03194415500000003,-0.00830671500000002,0.03227714499999995,0.18459894499999996,-0.06454595500000004,0.15949174499999996,0.028558674999999978,0.335339575,-0.03430676500000007,0.25085130499999997,-0.022074079999999996,0.12536753,-0.0020624899999999724,0.10380899999999993,-0.05290195999999997,0.10777418,0.013641899999999985,0.12844851999999995,0.00033298999999997747,0.17629222999999994,-0.0037184699999999737,0.15074063000000004,-0.032601800000000014,0.16779845999999998,0.03023918999999997,0.09135956,-0.08950427,-0.03613377000000001,-0.06388831,-0.01661343000000004,0.03181108599434008,0.015803415397517753
0.11623868500000001,-0.24064779500000005,0.127170085,-0.24771892500000003,0.115705685,-0.26027530500000007,0.121906085,-0.26419287500000005,0.08608948499999997,-0.2959506250000001,0.09582528499999998,-0.22080194500000005,0.004098125000000008,-0.25876282500000003,0.06810618499999999,-0.09617932500000004,-0.05363771500000003,-0.15352660500000004,0.06377295499999996,0.007850734999999998,-0.04259611499999999,-0.021451525000000027,0.03287058500000001,0.008808824999999909,-0.03287058500000001,-0.00880882500000002,0.031227084999999988,0.18423907499999992,-0.064622275,0.1606954049999999,0.027476345000000013,0.33169642499999996,-0.039732235000000005,0.26802127499999995,-0.027719099999999997,0.12462262000000002,-0.004333230000000021,0.10403006000000004,-0.05773584000000004,0.10523621999999999,0.01104160000000004,0.13207508,-0.00164350000000002,0.17543025,-0.0037507399999999746,0.14745735000000004,-0.03175169,0.16950422999999992,0.024890040000000002,0.10732587000000005,-0.09172715999999997,-0.037960879999999975,-0.06574117000000002,-0.01761764999999993,0.030917218634039467,0.015950667605805716
0.11988893,-0.23976284999999997,0.13099690999999997,-0.24688596999999995,0.11914264999999996,-0.26115316999999993,0.12625071,-0.26394323,0.0897676,-0.29878151999999997,0.09990688999999997,-0.22196928999999993,0.008299940000000006,-0.2631156499999999,0.06781124999999999,-0.09685984999999997,-0.05519811000000002,-0.15580234999999992,0.06432100999999996,0.007928150000000023,-0.044557630000000015,-0.02136674999999999,0.03264433,0.00865125,-0.03264433,-0.00865125,0.029962889999999964,0.18486135000000004,-0.06155491000000002,0.1702735500000001,0.02592325000000001,0.3407652000000001,-0.043934589999999996,0.31073145,-0.03209563999999998,0.12510943999999996,-0.0034902400000000333,0.10478799999999999,-0.06349805000000003,0.1073133,0.010640480000000008,0.13443559999999993,-0.002681440000000035,0.17621010000000004,-0.0040396399999999555,0.15590385000000007,-0.02891058000000002,0.1789248000000001,0.017620320000000023,0.1404578999999999,-0.09160694999999996,-0.04114635999999999,-0.06528866,-0.0173025,0.031684932214420106,0.017424427024725953
0.12482258000000002,-0.24056509499999995,0.13574222000000002,-0.24746844499999993,0.12351125000000002,-0.26246333499999996,0.12991273000000003,-0.26353625499999994,0.09238833000000002,-0.29966429499999997,0.10198682000000003,-0.22145412499999995,0.010720430000000059,-0.26449412499999997,0.07068759000000002,-0.095481225,-0.054536669999999954,-0.15896735499999998,0.06660110000000002,0.009357025000000019,-0.046456549999999985,-0.025550615,0.03262687000000003,0.00823467500000008,-0.032626869999999975,-0.008234674999999969,0.031265380000000065,0.180294925,-0.05746292999999997,0.174459425,0.027864690000000025,0.336761725,-0.04794054999999997,0.327231025,-0.03129923000000001,0.12597289999999994,-0.004086489999999998,0.10483825000000002,-0.06525710000000001,0.10552676999999999,0.008080119999999968,0.13341673999999998,-0.0013614899999999652,0.17206024999999991,-0.0034006900000000395,0.15646680000000002,-0.024836059999999993,0.18269409999999997,0.009522379999999997,0.1527716,-0.09126638999999998,-0.04304000000000002,-0.06525374,-0.01646935000000005,0.033992763547781746,0.022160817380818817
0.12421469499999999,-0.23691072500000004,0.135391255,-0.24324860500000006,0.12319346499999995,-0.25928746500000005,0.13058101499999997,-0.25940596500000007,0.09296576499999998,-0.29785868500000007,0.10251971499999996,-0.21883174500000002,0.011820034999999951,-0.264805565,0.07133914499999999,-0.09184936500000007,-0.05651692500000005,-0.15704944500000007,0.06717478499999996,0.011944434999999975,-0.04891138500000003,-0.019912295000000024,0.03241066499999995,0.008616864999999918,-0.032410665000000005,-0.008616865000000029,0.03119938499999997,0.18338150499999994,-0.05514253500000005,0.17940229499999993,0.026775884999999944,0.339987135,-0.05403028500000001,0.3405925649999999,-0.031180569999999963,0.12698237999999995,-0.004164360000000034,0.10379380000000005,-0.06833696,0.10775611999999996,0.007605540000000022,0.13713715000000004,-0.0012112799999999813,0.17476464000000003,-0.004423500000000025,0.15660563000000005,-0.022731870000000043,0.18801915999999996,0.0011122500000000368,0.16119026999999997,-0.09069968,-0.04597382,-0.06482132999999995,-0.017233729999999947,0.03492301191878073,0.019996512180960477
0.12667032,-0.23791707,0.13770457000000003,-0.24412427000000003,0.12598037,-0.26062175000000004,0.13242695,-0.26061589,0.09594692999999999,-0.29995937,0.10335297999999998,-0.22105295000000003,0.01418467000000001,-0.26764993000000004,0.07237225000000003,-0.09219615000000003,-0.05612974999999998,-0.1582614,0.06893157,0.012293899999999969,-0.04995382999999998,-0.01970415000000003,0.03189775,0.00835045000000001,-0.03189775,-0.00835045000000001,0.032204290000000024,0.18793704999999994,-0.05046014999999998,0.1881332,0.027053729999999998,0.34146915,-0.054456210000000005,0.34942755000000003,-0.030980729999999956,0.1288568,-0.0034406800000000293,0.10449005,-0.07031441999999999,0.10938853000000004,0.006175920000000001,0.13855724999999997,0.0003065400000000218,0.17958659999999993,-0.005150560000000026,0.15353210000000006,-0.01856239999999998,0.19648365,-0.0039960600000000235,0.16129435000000003,-0.08916830999999997,-0.04659698000000001,-0.0637955,-0.01670090000000002,0.037243182217620706,0.021329053627772602
0.12657781999999995,-0.24086466499999998,0.13735028999999999,-0.247038095,0.12582411999999998,-0.263525275,0.13158675999999997,-0.263643885,0.09556823999999997,-0.302784265,0.10158249999999996,-0.223968245,0.01464241999999999,-0.270097045,0.07132481999999996,-0.09531584500000001,-0.05663108,-0.160471765,0.07011801999999995,0.011861805000000003,-0.05137158000000003,-0.01961117499999998,0.031305519999999976,0.008075414999999975,-0.03130552000000003,-0.008075414999999975,0.03275334999999996,0.18995630500000005,-0.04908108,0.192031925,0.027416649999999987,0.338961155,-0.05882263000000004,0.348346355,-0.03025768000000001,0.1286524,-0.0012068000000000079,0.10717765000000001,-0.07127349999999999,0.10962527999999999,0.0052594999999999725,0.14086059,0.0014478299999999833,0.18188089000000007,-0.005336699999999972,0.14900484999999997,-0.017775559999999968,0.20010733999999997,-0.009741550000000043,0.15631443,-0.08694007999999998,-0.04612879999999997,-0.06261104,-0.01615082999999995,0.0389967550634934,0.023145637228238067
0.127205175,-0.24240076999999993,0.13797182499999994,-0.24850147999999994,0.12659449499999997,-0.2652975899999999,0.131920225,-0.2654774499999999,0.096248585,-0.3052420599999999,0.10087455499999998,-0.22666039999999993,0.015064584999999964,-0.2718743199999999,0.07076062499999997,-0.09661957999999993,-0.05602969499999999,-0.1590780599999999,0.07199052499999997,0.0129698800000001,-0.051317824999999984,-0.01816156999999996,0.030961344999999973,0.007473680000000038,-0.03096134500000003,-0.007473679999999927,0.03312079499999998,0.19276718000000004,-0.04733534500000003,0.19968983000000007,0.026971144999999974,0.33566368000000013,-0.05931849500000003,0.3463142800000001,-0.03011393000000001,0.13004082,0.001229900000000006,0.10958946000000003,-0.07109427999999995,0.11279625999999998,0.004711870000000007,0.14091648999999995,0.002159450000000007,0.1852935,-0.0061496500000000065,0.1428965000000001,-0.016374,0.20716351,-0.011983149999999998,0.14662445000000002,-0.08580997000000001,-0.04521391999999996,-0.06192269,-0.014947359999999965,0.041395673999977345,0.022991678291123047
0.12827993999999998,-0.2445053749999999,0.13900890999999999,-0.2505912749999999,0.12772887,-0.2676308449999999,0.13263766999999999,-0.2666967849999999,0.09759794,-0.3070060149999999,0.10110555999999998,-0.2272180649999999,0.016225259999999964,-0.2733425449999999,0.07187291000000001,-0.09696584499999994,-0.05449304999999999,-0.16075789499999993,0.07455160999999999,0.009660545000000131,-0.04917742000000003,-0.018780114999999875,0.030706750000000005,0.00730484500000006,-0.030706750000000005,-0.007304844999999949,0.03468338999999998,0.19220012500000005,-0.04445891000000002,0.20196758500000012,0.02963935000000001,0.33375848500000005,-0.05763984999999999,0.3437191850000001,-0.02923264999999997,0.13025221999999997,0.0026786999999999783,0.10662639000000007,-0.07071830999999995,0.11258464999999995,0.00531562999999996,0.14197778000000005,0.003976639999999976,0.18489528,-0.005044039999999972,0.14155836,-0.013752160000000013,0.20927243000000006,-0.013180939999999974,0.14175159999999998,-0.08488030000000002,-0.04612447999999997,-0.06141350000000001,-0.014609690000000009,0.04390809801061302,0.021745056261637936
0.12923589000000002,-0.24694357499999992,0.13980481,-0.25357637499999996,0.12827584000000003,-0.2700945349999999,0.13341157000000003,-0.2703902349999999,0.09803047000000004,-0.30937492499999997,0.10098407000000004,-0.2307924249999999,0.017522870000000024,-0.27559857499999996,0.06999180000000005,-0.10043257499999991,-0.05308156999999997,-0.16046743499999994,0.07610670000000003,0.004282525000000037,-0.04532638,-0.014781774999999886,0.03039390000000003,0.006850325000000046,-0.030393899999999974,-0.006850324999999935,0.03582633000000002,0.19234428500000011,-0.04232712999999999,0.20418542500000003,0.029968350000000032,0.33153852500000003,-0.05788766999999995,0.34004322500000006,-0.03099226999999999,0.13035985,0.006114899999999979,0.10471509999999995,-0.07060443999999999,0.11513114000000002,0.007755189999999967,0.14568566000000005,0.005432429999999988,0.18549396000000007,-0.005857979999999985,0.1391942399999999,-0.011933230000000017,0.21103574999999997,-0.015560539999999956,0.13585780000000003,-0.08346120000000001,-0.044806150000000045,-0.0607878,-0.013700649999999981,0.045784863008203926,0.016908189082598408
0.12591447,-0.256754055,0.13855001999999994,-0.26246375499999997,0.12555153999999996,-0.27977049499999995,0.13380174,-0.27746400499999996,0.09781963999999999,-0.31984648499999996,0.09924252,-0.239140515,0.015944999999999987,-0.285972835,0.06976767,-0.10713615499999996,-0.05444347999999999,-0.170410815,0.07445324999999997,-0.0016680049999999724,-0.04159878,-0.016925654999999984,0.029806359999999976,0.007071405000000031,-0.02980636000000003,-0.0070714049999999196,0.03460701999999999,0.18028578500000003,-0.04512421999999999,0.19481334500000003,0.02630766000000001,0.319134045,-0.05469004999999999,0.330390245,-0.029474849999999997,0.13200436000000004,0.004685579999999967,0.10546814999999998,-0.07038847999999998,0.11556201999999999,0.012844699999999987,0.15348516,0.004800660000000012,0.17321438,-0.008299359999999978,0.13884825999999995,-0.015317859999999961,0.20188474999999995,-0.009565829999999997,0.1355769,-0.08329752000000001,-0.04683231999999998,-0.05961272000000001,-0.01414280999999995,0.04549419824351452,0.015367739343146752
0.12555472499999998,-0.25966046000000004,0.13844252499999998,-0.26482328,0.12590300499999996,-0.28313868000000003,0.133115645,-0.27940558000000004,0.09818040499999997,-0.3243739,0.09640062499999996,-0.24212118,0.014327374999999976,-0.28844843000000003,0.06833356499999999,-0.10978737999999999,-0.05436942500000003,-0.16702868000000004,0.074838605,-0.006529039999999986,-0.034773445000000014,-0.017976380000000014,0.02938792499999998,0.006568020000000008,-0.029387925000000037,-0.006568020000000008,0.03508230499999998,0.18097481999999998,-0.04426783500000003,0.19783032,0.027180454999999992,0.31701141999999993,-0.05399314500000002,0.32703602,-0.028067059999999977,0.1323338,0.0065050400000000175,0.10325834,-0.0686968,0.12141974999999999,0.019595980000000013,0.14905230000000003,0.005694379999999999,0.17440679999999997,-0.007901849999999988,0.13603659999999995,-0.014879909999999996,0.20439834,-0.009725309999999987,0.12920569999999998,-0.08207324999999999,-0.04632725000000004,-0.05877585000000002,-0.013136040000000015,0.047300077094080954,0.012615645190001178
0.12340538000000001,-0.2641697250000001,0.13582128000000004,-0.26934704500000006,0.12412698,-0.28753757500000005,0.12915443999999998,-0.28379112500000003,0.09600543,-0.32862260500000007,0.09110521999999999,-0.24565604500000005,0.012489699999999992,-0.29013383500000006,0.06559881000000001,-0.11158740500000008,-0.05306092000000001,-0.16424820500000004,0.07592218,-0.009663305000000011,-0.028528280000000017,-0.010572805000000018,0.028215219999999985,0.005827454999999926,-0.028215219999999985,-0.005827455000000037,0.03391392999999998,0.18015259499999992,-0.04435325000000001,0.20088955499999994,0.026380559999999997,0.31339509499999996,-0.05469010000000002,0.32251009499999994,-0.02550640999999998,0.13406863999999996,0.010323369999999998,0.10192410000000007,-0.06555062,0.12588563000000003,0.024532639999999994,0.15367540000000002,0.005698709999999996,0.17432514,-0.007533369999999984,0.13324250000000004,-0.016138030000000025,0.20671700999999998,-0.010336850000000009,0.12162054,-0.07861552,-0.04447779000000002,-0.05643043999999997,-0.011654909999999963,0.05015892420914946,0.004755665377851962
0.12012997000000003,-0.26677302999999997,0.13280640999999999,-0.2720488999999999,0.12080769000000002,-0.29020641999999996,0.12672382,-0.28650067999999995,0.09296062,-0.33137334999999996,0.08848108999999998,-0.24792329999999996,0.010625490000000015,-0.29128061999999993,0.06298997,-0.11410655999999997,-0.05198738999999997,-0.1622243,0.07488669000000003,-0.013442999999999983,-0.022718409999999967,-0.00580306999999991,0.027939009999999986,0.0054851000000000205,-0.027939009999999986,-0.0054850999999999095,0.033774040000000005,0.179863,-0.043808559999999996,0.20111220000000007,0.024554889999999996,0.31280843,-0.05397860999999998,0.32056890000000005,-0.025491119999999978,0.13381674,0.011896720000000027,0.10066355999999999,-0.06261287999999998,0.12905631999999995,0.02926898,0.15642123000000008,0.005835030000000019,0.17437789999999997,-0.00921915000000001,0.13294543000000003,-0.01586955000000001,0.20659729999999998,-0.010170049999999986,0.11945669999999997,-0.07785559999999997,-0.04335731999999998,-0.05587801999999997,-0.01097019999999993,0.050619735548424236,0.005230274302644194
0.123033785,-0.26445478000000006,0.13414974500000004,-0.2706224100000001,0.12240506500000004,-0.28844646000000007,0.12685231500000005,-0.2872757100000001,0.09134750500000005,-0.3292772500000001,0.08860202500000003,-0.24746367000000008,0.011577785000000007,-0.28624191000000004,0.061902305000000046,-0.11279321000000009,-0.04622609499999997,-0.14682826000000004,0.07959495500000002,-0.009317310000000023,-0.008512334999999982,0.01036768999999993,0.028499145000000004,0.003817949999999959,-0.028499145000000004,-0.00381795000000007,0.037782115000000005,0.18825062999999997,-0.034986395,0.2152872899999999,0.031081245000000035,0.31158049,-0.054646534999999996,0.32319798999999994,-0.026699719999999982,0.13467046,0.017692649999999976,0.10347590000000007,-0.057803879999999974,0.13941365,0.037713759999999985,0.15719594999999997,0.009282970000000001,0.18443268000000002,-0.00670086999999997,0.12332986000000001,-0.00648725,0.21910523999999998,-0.019660139999999993,0.10791070000000003,-0.07702424000000002,-0.038778239999999964,-0.05699829000000001,-0.007635900000000029,0.05275714979814301,0.024509283061438188
0.12063542,-0.26822235000000005,0.13122541,-0.27402392000000003,0.12059559999999997,-0.29161460000000006,0.12272548999999999,-0.29135961000000005,0.08987814999999999,-0.33267269000000005,0.08396457999999996,-0.25464917000000004,0.0093916,-0.28704527,0.05740966999999997,-0.12065285000000003,-0.044211,-0.13657575,0.07709074999999999,-0.014453500000000008,0.0027081699999999542,0.018108389999999974,0.027804249999999975,0.0023965499999999418,-0.02780425000000003,-0.002396550000000053,0.03813462999999995,0.18666507999999993,-0.033090320000000006,0.2158601,0.030427189999999993,0.30857755,-0.05265671000000005,0.31821944999999996,-0.026554909999999987,0.13399632,0.019681080000000017,0.10619935000000003,-0.0536026,0.15046952000000002,0.046919169999999955,0.15468413999999997,0.010330379999999972,0.18426852999999999,-0.007707439999999954,0.12191247000000005,-0.005286069999999976,0.21825665000000005,-0.019566390000000045,0.10235934999999996,-0.07457297999999996,-0.03239609999999998,-0.055608500000000005,-0.004793099999999995,0.05208726588382711,0.03676221346246714
0.11711514,-0.27141138000000004,0.12801619999999997,-0.27667193,0.11774047999999998,-0.29473390000000005,0.11951487999999999,-0.29478572000000003,0.08749878,-0.33745657,0.07968580999999997,-0.25912072,0.006428539999999983,-0.28902792000000005,0.05476597,-0.12316315,-0.042446819999999996,-0.13286714,0.07717541,-0.01513130000000007,0.012704910000000014,0.01280289999999995,0.02709642000000001,0.0014345000000000052,-0.02709642000000001,-0.0014345000000000052,0.03777133999999999,0.18368067,-0.030621259999999983,0.21665806999999992,0.023183410000000015,0.3016067,-0.04999471,0.31290609999999996,-0.02491983999999997,0.13595757000000003,0.022409440000000003,0.10803184999999993,-0.04887535999999998,0.15616078000000005,0.05515173000000001,0.14567003999999995,0.010674919999999977,0.18224616999999999,-0.014587929999999971,0.11792603000000002,-0.0035248399999999735,0.21809256999999993,-0.019373450000000014,0.09624803000000004,-0.07325726999999999,-0.029907200000000023,-0.05419284000000002,-0.0028690000000000104,0.05274780534828062,0.042271141793532155
0.11470320500000003,-0.27632893499999994,0.12570753499999998,-0.28097596499999994,0.11634403500000001,-0.29953240499999995,0.11681491500000002,-0.29844197499999997,0.087186235,-0.3426046649999999,0.07623393500000003,-0.26362996499999997,0.005780834999999984,-0.29088287499999993,0.05354830500000002,-0.1266277349999999,-0.03527266499999998,-0.12712263499999998,0.07766616500000001,-0.01893236499999995,0.02028123500000001,0.016623415000000086,0.026638565000000003,0.0009535350000000609,-0.026638565000000003,-0.0009535349999999498,0.04009139500000003,0.18172786500000004,-0.03282639500000001,0.21658382500000006,0.023036215000000027,0.30123996500000005,-0.05267962500000001,0.30672446500000006,-0.022685630000000012,0.13700223000000006,0.02411785999999999,0.10769536999999996,-0.041053499999999965,0.16376023999999995,0.05555389999999999,0.14374605000000007,0.013452830000000027,0.18077432999999998,-0.017055180000000003,0.11951210000000001,-0.006187830000000005,0.21753736,-0.01985323,0.09014064,-0.07045310000000005,-0.027252909999999964,-0.053277130000000006,-0.0019070700000000107,0.0547655455607812,0.050104059749111175
0.11906486499999996,-0.278833415,0.12880922499999997,-0.28404309499999997,0.12050024499999995,-0.301411445,0.11736283499999994,-0.30277737499999996,0.08957863499999996,-0.343877775,0.07490706499999994,-0.269546325,0.008917344999999965,-0.29124014499999995,0.053658824999999966,-0.13092651499999997,-0.024258605000000044,-0.12324537499999999,0.08093016499999994,-0.02542357499999992,0.03705132499999997,0.02064982500000001,0.026036334999999966,-0.0005790249999999553,-0.02603633500000002,0.0005790250000000663,0.04595480499999993,0.17867832500000003,-0.031249215000000052,0.22102472500000003,0.02903048499999994,0.296011025,-0.054625035000000044,0.300419725,-0.021248239999999974,0.13861981,0.027271339999999977,0.10550294000000005,-0.03317595000000001,0.16799476999999996,0.06130993000000001,0.1438952,0.019918469999999966,0.17925734999999998,-0.016924319999999993,0.11733269999999996,-0.005212880000000031,0.22044569999999997,-0.02337581999999999,0.079395,-0.06598971999999997,-0.021693819999999975,-0.05207266999999999,0.0011580500000000216,0.060254329610173206,0.06620339762365371
0.12443001999999997,-0.283630945,0.13458341999999995,-0.289185205,0.12706136999999995,-0.305439835,0.12145068999999997,-0.307230175,0.09820955999999997,-0.347837065,0.07633511999999998,-0.279135945,0.013468649999999971,-0.296744435,0.05914071999999998,-0.13943500499999995,-0.013599280000000047,-0.12570545499999997,0.08666073999999996,-0.03736460500000005,0.054646819999999985,0.012290325000000046,0.024649739999999976,-0.0011479549999999783,-0.02464974000000003,0.0011479549999999783,0.052202219999999966,0.16984966499999998,-0.030625310000000017,0.21164219500000003,0.03382774999999999,0.292405095,-0.03694008000000004,0.292405095,-0.0171944,0.13970094000000005,0.02752001999999998,0.1020703999999999,-0.027067930000000018,0.17103898,0.06824610000000003,0.13799578,0.02755247999999999,0.17099761999999996,-0.018374469999999976,0.12255543000000002,-0.005975569999999986,0.21049424000000005,-0.006314770000000025,0.08076289999999997,-0.06286647000000001,-0.017608489999999977,-0.04929948000000001,0.0022959099999999566,0.07181232386034102,0.08007556953934518
0.12657746499999994,-0.28451451499999997,0.13652601499999995,-0.289439265,0.12917214499999996,-0.307093735,0.12311050499999998,-0.307337525,0.09784722499999998,-0.35053193499999996,0.07676693499999998,-0.27817144499999996,0.01164925499999997,-0.296881525,0.05676708499999994,-0.138441205,-0.008287345000000057,-0.12528376499999994,0.08945176499999996,-0.036671165000000006,0.06118902499999995,0.01012453499999999,0.02679121499999998,-0.0016238650000000021,-0.026791215000000035,0.0016238650000000021,0.055498594999999984,0.17535053499999997,-0.027922665000000013,0.221059385,0.029257584999999975,0.288348735,-0.04774835500000002,0.288348735,-0.01999985000000004,0.13973023999999995,0.03268468000000002,0.10177004,-0.019936600000000027,0.17159776000000004,0.06947637000000001,0.13540829999999993,0.028707380000000005,0.17697439999999998,-0.02624101000000001,0.11299820000000005,-0.0011314499999999783,0.21943552,-0.019825690000000007,0.06728935000000003,-0.06511768000000001,-0.018710080000000018,-0.053582430000000014,0.0032477300000000042,0.07179594531442912,0.08838995429858813
0.13159429,-0.282444595,0.14122759000000001,-0.28736010500000003,0.13475494000000005,-0.304710745,0.12627484,-0.305916365,0.10259991000000002,-0.348419725,0.07684939000000002,-0.279476865,0.014316220000000046,-0.292345195,0.05792629000000005,-0.140872565,-0.0026032299999999564,-0.115099905,0.09295969000000004,-0.039218964999999995,0.07020884000000005,0.01351058500000002,0.02592905000000001,-0.0030913350000000284,-0.025929049999999954,0.0030913350000000284,0.05767100000000003,0.17021773500000004,-0.024145379999999994,0.22118783499999994,0.029528040000000033,0.287154735,-0.04327974999999995,0.287154735,-0.01892309999999997,0.1386043,0.03503339999999999,0.10165360000000001,-0.016919450000000003,0.17724529,0.07281207,0.12861049000000002,0.03174195000000002,0.17330907000000007,-0.028142959999999995,0.11693699999999996,0.0017836699999999595,0.21809649999999992,-0.019134369999999956,0.06596690000000005,-0.06253316999999997,-0.012868329999999983,-0.05185809999999996,0.006182670000000057,0.07614665027580991,0.09670085141411425
0.13290507000000001,-0.28257298000000003,0.14218624000000002,-0.28683875000000003,0.13731206,-0.30468418,0.12610841,-0.30587532,0.10635454,-0.3499197,0.07594502000000003,-0.28112723,0.01577740999999999,-0.29496639,0.05993858000000002,-0.13997329999999997,0.0003852400000000089,-0.11601939000000006,0.09807364000000002,-0.03705515000000004,0.07594860000000003,0.012326649999999995,0.025329500000000005,-0.0030509499999999967,-0.025329500000000005,0.0030509499999999967,0.06040102000000003,0.17019565000000003,-0.023251440000000012,0.22225414999999993,0.03036686999999999,0.28236405,-0.04496448999999997,0.28236405,-0.01600644000000001,0.14115393000000004,0.03813506,0.10291814999999993,-0.015392169999999983,0.17894699999999997,0.07556336000000002,0.12834604000000005,0.03507152000000002,0.17324660000000003,-0.030034150000000037,0.11216839999999995,0.0020780599999999927,0.21920319999999993,-0.021713049999999956,0.06010990000000005,-0.06016761000000004,-0.013839160000000017,-0.05065900000000001,0.0061018999999999934,0.08029941171627351,0.10170197711991644
0.13545836499999997,-0.27640834500000006,0.14322681499999995,-0.28174993500000006,0.13863859499999998,-0.29800418500000003,0.12555331499999994,-0.30292170500000004,0.10630358499999998,-0.34133556500000006,0.07837028499999993,-0.27847066500000006,0.017636814999999972,-0.28509240500000005,0.061357214999999965,-0.14238286500000008,-0.0008864550000000637,-0.102175405,0.10263071499999993,-0.034377875,0.08027821499999993,0.018733794999999942,0.025004164999999967,-0.0037182550000000036,-0.025004165000000023,0.0037182550000000036,0.05756447499999995,0.17575705499999994,-0.022938925000000054,0.2238389249999999,0.03040827499999993,0.28472429499999996,-0.042923225000000065,0.28472429499999996,-0.017013069999999963,0.13608779999999998,0.04127349999999996,0.10800499000000008,-0.018523270000000036,0.18291700000000005,0.08116467,0.12090919999999994,0.03256030999999998,0.17947530999999994,-0.02715620000000002,0.10896724000000002,0.002065239999999968,0.2201206699999999,-0.01998430000000001,0.06088537000000005,-0.060733469999999956,-0.006621739999999987,-0.05000832999999999,0.007436510000000007,0.08346192882654278,0.10634775963769047
0.13774930000000002,-0.27742028499999993,0.14534782000000002,-0.28303065499999996,0.14085301,-0.29932159499999994,0.12683666,-0.303950615,0.10734083,-0.34244072499999995,0.07800246,-0.27874970499999996,0.01886665999999998,-0.28545070499999997,0.06416386000000002,-0.14110755499999994,2.405999999999242e-05,-0.10084795499999999,0.10992591000000002,-0.03173085499999995,0.08200775999999999,0.020113445000000008,0.02427621000000002,-0.0034849949999999907,-0.02427621000000002,0.0034849949999999907,0.05414846000000001,0.17659344500000007,-0.023073569999999988,0.22190614500000005,0.032864229999999994,0.28161814500000004,-0.04126192000000001,0.28161814500000004,-0.013838599999999979,0.13764215000000002,0.04576205,0.1093767,-0.018842599999999987,0.18460274999999998,0.08198369999999999,0.1209614,0.02987224999999999,0.18007844000000006,-0.021284230000000015,0.10502469999999997,0.0012026400000000326,0.21842115000000006,-0.01818835000000002,0.05971199999999999,-0.059135800000000016,-0.0067010000000000125,-0.04855242000000004,0.0069699899999999815,0.09018702632435331,0.10757689170246276
0.13921740000000005,-0.273595385,0.14747092000000006,-0.279044565,0.14297344000000006,-0.29572908500000006,0.12956482000000002,-0.300767355,0.11049401000000003,-0.340438685,0.07947774000000002,-0.27918058500000004,0.02066701000000004,-0.283975385,0.06702521000000006,-0.14259713500000004,0.0013876400000000233,-0.09609573500000002,0.11365658000000006,-0.03267913500000008,0.08416012000000006,0.023004014999999933,0.023968460000000025,-0.004077085000000036,-0.02396845999999997,0.004077084999999925,0.05388128000000003,0.17557216499999995,-0.021429719999999985,0.22496461499999998,0.03345054000000003,0.27989471499999996,-0.03817200999999998,0.27989471499999996,-0.012452529999999962,0.13658345,0.046631370000000005,0.10991799999999996,-0.019279370000000018,0.18787965,0.08277248000000004,0.11909974999999995,0.029912820000000007,0.17964924999999998,-0.020430740000000003,0.10432255000000001,0.002538739999999984,0.22088753000000005,-0.016742289999999993,0.05493009999999998,-0.05881072999999998,-0.004794799999999988,-0.047936919999999994,0.00815416999999996,0.09413838820235297,0.10977257622940853
0.142409715,-0.27522205000000005,0.14988865499999998,-0.28038173000000005,0.146752885,-0.29709088000000006,0.13003145500000002,-0.30166452000000005,0.11491199499999999,-0.34109848000000004,0.081483415,-0.28169273000000006,0.022586035000000004,-0.28550844000000003,0.07188963500000001,-0.14712120000000006,0.002791784999999991,-0.09803190000000006,0.116981795,-0.03647186000000002,0.08554073499999998,0.02142015999999991,0.02385248499999998,-0.004134200000000088,-0.02385248499999998,0.004134199999999977,0.05228777499999998,0.17643164,-0.020072584999999976,0.22548214999999994,0.03404801499999999,0.27507499999999996,-0.033587435,0.27507499999999996,-0.009593779999999996,0.13457153,0.04509215999999999,0.11064934000000004,-0.019794250000000013,0.18747653999999997,0.08274894999999999,0.11945205999999997,0.028435290000000002,0.1805658400000001,-0.018239759999999994,0.09864335999999996,0.0037799000000000027,0.22134794999999996,-0.013514850000000023,0.04959285000000002,-0.05889738,-0.003815709999999972,-0.04770496999999996,0.008268400000000065,0.09858393700472556,0.11075053496525418
0.14402808000000006,-0.274578465,0.15187298000000005,-0.279805565,0.14855182000000006,-0.296571465,0.13244185000000003,-0.30127408499999997,0.11722088000000003,-0.341047765,0.08349588000000002,-0.282151665,0.024247650000000065,-0.28588356499999995,0.07625425000000002,-0.14700596499999996,0.004588900000000062,-0.09845346499999996,0.12279132000000004,-0.03307766499999998,0.08635062000000004,0.02204788499999999,0.02377060000000003,-0.00438743499999994,-0.023770599999999975,0.004387435000000051,0.05283892000000007,0.17169003500000002,-0.018011659999999985,0.22383973499999998,0.036283760000000054,0.272642735,-0.028761979999999965,0.272642735,-0.007241629999999999,0.13514570000000004,0.046537070000000014,0.11392829999999998,-0.019658750000000003,0.1874301,0.08176171999999998,0.12050134999999995,0.029068320000000036,0.17607746999999996,-0.016555160000000013,0.1009527,0.00575893999999999,0.21945229999999993,-0.01075031999999998,0.04880300000000004,-0.05924822999999996,-0.0037318999999999547,-0.047541200000000006,0.00877486999999999,0.1030933183420308,0.11152835777725278
0.14491368999999998,-0.27446884000000005,0.15288839999999998,-0.27974522,0.14929005,-0.29638478,0.13363019999999998,-0.30084988,0.11827842999999999,-0.34031364000000003,0.08635228,-0.281322,0.02430852,-0.28525108000000005,0.07981739999999998,-0.1470802,0.004557050000000007,-0.09787306000000007,0.12581379999999998,-0.03095950000000003,0.08486981999999998,0.022237699999999916,0.024393900000000024,-0.003900100000000073,-0.024393900000000024,0.003900099999999962,0.05201291000000002,0.17127019999999993,-0.017057969999999978,0.21788969999999996,0.034496709999999986,0.27037259999999996,-0.02254257999999998,0.27037259999999996,-0.006534880000000021,0.13424180000000002,0.04599639999999999,0.11612069999999997,-0.019751469999999993,0.18737801999999998,0.08031276999999998,0.12011075999999998,0.02761901,0.1751703,-0.017516200000000037,0.09910240000000003,0.007335930000000046,0.2139896,-0.005484610000000001,0.0524829,-0.06204376,-0.003929080000000029,-0.04878780000000005,0.007800200000000035,0.10496764856073508,0.11079182317300497
0.14657288000000002,-0.27715194,0.15424950000000004,-0.28264153,0.15071758000000002,-0.29904242999999997,0.1343432,-0.30337771999999996,0.11912807000000003,-0.34228116,0.08702212000000004,-0.28262824,0.02503150000000004,-0.28730047,0.08245953,-0.146358,0.00536447000000001,-0.1010006,0.1284616,-0.03099423999999995,0.08542498000000004,0.020995900000000067,0.024345300000000014,-0.004043939999999968,-0.02434529999999996,0.004043939999999968,0.05334797000000002,0.16822075999999997,-0.013881869999999963,0.21720680000000003,0.037024080000000015,0.2666834,-0.019681519999999952,0.2666834,-0.004562590000000033,0.13627024,0.046002070000000006,0.11536376000000004,-0.01966703000000003,0.18629986999999998,0.08006051000000003,0.12199650000000006,0.029002670000000008,0.17226469999999994,-0.016323890000000008,0.09846264000000005,0.010463429999999996,0.21316286000000007,-0.0057996499999999895,0.04947659999999998,-0.061990619999999996,-0.0046722299999999994,-0.04869059999999997,0.008087879999999936,0.10754776890191631,0.11107152343926864
0.14894839999999998,-0.27657592,0.15635647999999996,-0.28221004,0.15294281999999998,-0.29837502,0.13560864,-0.30240802,0.12108932,-0.34061962,0.08831276999999998,-0.28091788,0.026250300000000004,-0.28492784,0.08249671999999997,-0.14596118999999996,0.007989469999999999,-0.09934531999999996,0.12922691999999997,-0.030776119999999962,0.08737779000000001,0.021937479999999954,0.024133120000000008,-0.004067379999999954,-0.024133120000000008,0.004067379999999954,0.05418369000000001,0.16838328000000002,-0.009719460000000013,0.21509208000000002,0.034859150000000005,0.26611308,-0.011443760000000025,0.26611308,-0.005816050000000017,0.13495669000000005,0.0467302,0.11518507,-0.018260830000000006,0.18558252000000003,0.07938832000000001,0.12128279999999991,0.03005057,0.17245065999999998,-0.01932454,0.09772979999999998,0.014413659999999995,0.21102470000000007,-0.001724300000000012,0.05102099999999998,-0.06206246999999998,-0.004009959999999979,-0.048266240000000016,0.008134759999999908,0.10843460513520391,0.11293371296047121
0.15005352000000005,-0.27577990999999996,0.15691902000000002,-0.28160167999999997,0.15414660000000002,-0.29739208,0.13496081000000004,-0.30187292,0.12176372000000002,-0.33904011,0.08609281000000002,-0.28044678,0.02771963000000005,-0.28214425,0.07898585000000002,-0.14406684999999997,0.011553480000000005,-0.09590995000000002,0.12712054,-0.029611300000000007,0.09119545000000001,0.022020810000000002,0.023090650000000046,-0.004888749999999997,-0.02309064999999999,0.004888749999999997,0.055171440000000016,0.16523378,-0.008588089999999993,0.21709455,0.03508334000000002,0.26552235,-0.011748619999999987,0.26552235,-0.0071069599999999955,0.13637993000000004,0.04813468999999998,0.11445554999999996,-0.016166150000000046,0.18623429999999996,0.07964197,0.11793076000000002,0.03208078999999997,0.17012253,-0.020088099999999998,0.10028857000000002,0.014502559999999998,0.2122058,-0.0031605299999999947,0.04842780000000002,-0.05837317999999997,-0.0016974699999999787,-0.046181300000000036,0.009777499999999995,0.1069271831290556,0.11556305695616398
0.15094258,-0.27466100500000007,0.15761134999999998,-0.2807375750000001,0.15534799,-0.2958705750000001,0.13534285000000001,-0.3016416350000001,0.12394453999999999,-0.3374043950000001,0.08488901999999998,-0.2808881350000001,0.03174326999999999,-0.28155818500000007,0.07357918000000002,-0.1426698850000001,0.017532119999999984,-0.09646793500000006,0.12008716000000003,-0.039679235000000035,0.09429835000000003,0.018020604999999912,0.021724599999999983,-0.005286305000000047,-0.021724599999999983,0.005286304999999936,0.05628727,0.15952136499999992,-0.0075612800000000036,0.21614886499999997,0.03584026000000001,0.2657887649999999,-0.011056579999999983,0.2657887649999999,-0.01130983999999996,0.13821825,0.046507980000000004,0.10299065000000007,-0.014211150000000006,0.18509025,0.07676623000000005,0.11448853999999997,0.03456267000000002,0.16480766999999996,-0.020447009999999988,0.10626740000000001,0.01416331999999998,0.21086256000000003,-0.003495299999999979,0.04963989999999996,-0.05314574999999999,-0.0006700499999999776,-0.043449199999999966,0.010572609999999982,0.10420204817439294,0.11671969552390249
0.151388605,-0.27718938499999995,0.157698145,-0.2836911349999999,0.15559750500000002,-0.29858765499999995,0.13465847500000006,-0.30498696499999994,0.12384032500000003,-0.34003866499999996,0.08389302500000001,-0.2830682749999999,0.033467525000000053,-0.28347966499999994,0.06931837500000004,-0.1397920949999999,0.023900805000000025,-0.09712493499999997,0.11331492500000001,-0.03756607499999998,0.09712755500000003,0.012993205000000008,0.021130775000000046,-0.00521356499999992,-0.02113077499999999,0.005213565000000031,0.054953505000000014,0.15938531500000008,-0.009331704999999968,0.21665096500000003,0.032504575000000036,0.26249026500000006,-0.011273094999999955,0.26249026500000006,-0.014574649999999967,0.14327618000000003,0.04399654999999997,0.10222601999999992,-0.009566720000000029,0.18635472999999997,0.07322675000000001,0.11011813999999998,0.03382272999999997,0.16459888,-0.022448929999999978,0.10310494999999997,0.011799070000000023,0.2114374,-0.0019413899999999873,0.04583930000000003,-0.050425499999999956,-0.00041139000000001147,-0.04226155000000004,0.010427129999999951,0.09769648107543381,0.11851394606930657
0.15700812999999997,-0.27625126000000005,0.16193973,-0.2838754700000001,0.16059449999999997,-0.29712540000000004,0.13638978000000002,-0.30473337000000006,0.1274261,-0.3355726600000001,0.08416815,-0.28023300000000007,0.03940322000000002,-0.2776030300000001,0.06739339999999999,-0.13366124000000001,0.035662099999999974,-0.09667066000000002,0.10947785999999998,-0.030960200000000104,0.10657145000000001,0.001671499999999937,0.019669900000000018,-0.006132450000000067,-0.019669900000000018,0.006132449999999956,0.058558449999999984,0.15558969999999994,-0.004477449999999994,0.21877404999999994,0.03407912000000002,0.26364239999999994,-0.007286650000000006,0.26364239999999994,-0.016774750000000005,0.14657176000000005,0.04208445999999999,0.10270103999999991,-0.003741120000000042,0.18093237000000006,0.07090935000000004,0.09834215999999996,0.038888549999999966,0.16172215,-0.024479329999999966,0.1080527,0.015192450000000024,0.2126416,-0.0028092000000000117,0.04486835,-0.04476492999999998,0.0026299699999999815,-0.039339800000000036,0.012264900000000023,0.09317664326119553,0.12632014298885594
0.16084555,-0.267627095,0.16538971000000002,-0.276697235,0.16456106000000004,-0.288206935,0.13842937,-0.301498605,0.13144672000000002,-0.327764035,0.08085669000000001,-0.284911235,0.046300390000000025,-0.269037105,0.05661231,-0.140799935,0.05090779000000001,-0.083209635,0.09005359000000002,-0.033626434999999955,0.12392279,0.013411865000000023,0.017065109999999994,-0.009472634999999952,-0.017065109999999994,0.009472634999999952,0.06087616000000001,0.15571326500000005,0.0002775200000000311,0.23611440500000003,0.02934319000000002,0.26644746500000005,-0.00644750999999999,0.267913065,-0.02424438000000001,0.1441113,0.03344128000000002,0.10717350000000003,0.004607399999999984,0.18582747,0.073015,0.09662150000000003,0.04381105000000002,0.1651859,-0.031532969999999994,0.1107342,0.017342630000000026,0.22664177000000008,-0.006725030000000021,0.03179865999999998,-0.034556299999999984,0.015874129999999986,-0.03413021999999999,0.018945269999999903,0.07688123481806469,0.14104292069934918
0.16095827000000001,-0.264644335,0.16550009,-0.27447875499999996,0.16452187000000001,-0.285067315,0.13775706999999998,-0.302079075,0.13202603000000002,-0.325282715,0.07773425,-0.294014095,0.049797639999999976,-0.263228435,0.05320609999999998,-0.16580173499999995,0.061884510000000004,-0.07405709500000002,0.08258973000000003,-0.04107969499999997,0.13124632000000003,0.011886425000000034,0.014996750000000003,-0.011740335000000046,-0.014996750000000003,0.011740335000000046,0.060093600000000025,0.15491080499999998,0.002926099999999987,0.23520566500000006,0.02670351999999998,0.266586965,-0.0014417899999999984,0.266586965,-0.024528150000000026,0.12821236000000003,0.02938363000000005,0.12472203999999998,0.012086870000000027,0.18917133999999997,0.06936181000000002,0.08594352000000005,0.04509685000000002,0.16665114000000003,-0.033390080000000044,0.11167616000000002,0.01792284999999999,0.22346533000000002,-0.004367889999999985,0.031381299999999945,-0.02793661000000003,0.030785659999999992,-0.029993500000000006,0.023480670000000092,0.07368588053684369,0.14624314296852695
0.16675591500000003,-0.26443287499999996,0.169700935,-0.274993185,0.169896895,-0.284727485,0.139279135,-0.303361925,0.13545361500000003,-0.32420305499999996,0.07620778500000003,-0.294142725,0.057825085,-0.260452005,0.049694985000000025,-0.155208055,0.08093830499999999,-0.06431425499999999,0.07699107500000002,-0.02557095499999995,0.14456668500000003,0.010445645000000003,0.01284268500000002,-0.012178004999999992,-0.012842684999999965,0.012178004999999992,0.063905865,0.15209254500000002,0.0032224650000000077,0.23238790500000006,0.03340513500000003,0.264677645,-0.00441576499999996,0.264677645,-0.026512800000000003,0.13893466999999998,0.027296089999999995,0.12963710000000006,0.02311321999999999,0.19613775,0.06362838000000004,0.07475989999999999,0.051063179999999986,0.16427055000000002,-0.030500729999999976,0.1125851,0.016065149999999973,0.22020990000000007,-0.007638229999999968,0.032289739999999956,-0.01838270000000003,0.03369072000000001,-0.025685369999999985,0.024356009999999984,0.06553157291943021,0.1574189024068155
0.17339686999999998,-0.25563921500000003,0.17512159,-0.26687204500000006,0.17581471999999998,-0.275091405,0.14337351999999998,-0.296638155,0.14001097,-0.313558885,0.07747588999999999,-0.28814718500000003,0.06587932000000002,-0.253558885,0.04485163999999997,-0.149722185,0.09069001999999998,-0.05988898500000006,0.06925332000000001,-0.03206022500000005,0.15540041999999998,0.020327914999999974,0.011110320000000007,-0.012313585000000016,-0.011110320000000007,0.012313585000000016,0.06803271999999999,0.15120915499999998,0.01001831999999997,0.23103751499999992,0.04016427,0.27140871499999997,-0.0004475300000000293,0.27140871499999997,-0.03262425000000002,0.13842500000000002,0.024401680000000037,0.11766195999999995,0.024810699999999963,0.19366989999999995,0.0647104,0.08021690000000004,0.056922399999999984,0.16352274,-0.02786844999999999,0.12019955999999998,0.021128639999999976,0.2187239299999999,-0.010465849999999999,0.04037120000000005,-0.011596569999999973,0.034588300000000016,-0.022220640000000014,0.02462717000000003,0.06140470861660042,0.16670349732593043
0.177629675,-0.24953658,0.178038295,-0.26146523000000005,0.179237005,-0.26768346000000004,0.14503157500000002,-0.29204215,0.142894835,-0.30358143000000004,0.07863762499999999,-0.28526167,0.073114925,-0.24541534000000004,0.043914644999999974,-0.15382973,0.100321875,-0.055943999999999994,0.06572187499999999,-0.030185140000000055,0.162340435,0.024631639999999955,0.009333044999999984,-0.012600900000000026,-0.009333044999999984,0.012600900000000026,0.06852110500000003,0.15628199999999992,0.014830854999999976,0.23106479999999996,0.04527684500000001,0.2751682,0.003368274999999976,0.2751682,-0.034722980000000014,0.13143194000000002,0.02180723000000001,0.12364458999999994,0.027206950000000008,0.18947134000000004,0.06201856,0.08057563999999995,0.05918806000000004,0.16888289999999995,-0.023244260000000017,0.11888620000000005,0.02416389999999996,0.21846389999999993,-0.01146258,0.044103400000000015,-0.0055226999999999915,0.039846329999999985,-0.01866608999999997,0.025201800000000052,0.05906695899694262,0.1720945160086689
0.17807711999999998,-0.2416987,0.17830673999999996,-0.25470862,0.18035123999999997,-0.2585355,0.14441678999999996,-0.28561517999999997,0.14532273999999995,-0.29288854999999997,0.07337653999999999,-0.28418415999999996,0.07928137999999996,-0.23485336,0.048651679999999975,-0.16562014999999997,0.10706679999999996,-0.05157982999999999,0.06194941999999998,-0.029603999999999964,0.16577543999999994,0.025199900000000053,0.004874239999999974,-0.013416299999999937,-0.00487424000000003,0.013416300000000048,0.06582881999999995,0.14822389999999996,0.022470789999999963,0.22848016000000004,0.05020536999999997,0.2785632,0.008709889999999942,0.2785632,-0.024724860000000015,0.11856401,0.013297740000000002,0.13601615,0.027785420000000005,0.18327353000000002,0.05870863999999998,0.07677973000000005,0.06095457999999998,0.1616401999999999,-0.015623449999999983,0.13033930000000005,0.027345029999999992,0.21506386,-0.01376090000000002,0.05008303999999997,0.005904839999999967,0.04933079999999995,-0.009748480000000004,0.026832599999999984,0.05932636684748529,0.17105603325537042
0.18213821500000005,-0.2393034200000001,0.18150706500000002,-0.2528330000000001,0.18456302500000005,-0.2557442000000001,0.14602531500000004,-0.2856660600000001,0.15005989500000005,-0.2901695500000001,0.07213546500000007,-0.28840355000000006,0.08699260500000006,-0.2323453000000001,0.05413560500000003,-0.1800679300000001,0.11478729500000007,-0.05250420000000011,0.07013896500000005,-0.03761236000000012,0.16965941500000004,0.027779059999999967,0.001599565000000025,-0.014659500000000047,-0.0015995649999999695,0.014659499999999936,0.06398643500000006,0.14753635999999992,0.029655645000000064,0.23169203999999988,0.05268753500000006,0.2782952999999999,0.011287965000000066,0.2782952999999999,-0.017999860000000034,0.10833561999999997,0.016003360000000022,0.14245556999999998,0.02779469000000001,0.17984109999999998,0.05487211999999997,0.08028326000000008,0.06238687000000004,0.16219585999999997,-0.0112989,0.13075894,0.03125521000000003,0.21703253999999994,-0.018367679999999997,0.046603260000000035,0.014857139999999991,0.056058249999999976,-0.0031991299999999945,0.029318999999999984,0.0722805861524352,0.17176076701398954
0.185067655,-0.23875256000000006,0.18493725500000002,-0.2519664300000001,0.18801888500000002,-0.25565950000000004,0.149485525,-0.2847931000000001,0.15345978500000002,-0.29142727000000007,0.07255020500000003,-0.2877853000000001,0.09040105500000001,-0.23399697000000008,0.04979505500000003,-0.17400543000000002,0.12065245499999999,-0.05009304000000003,0.058964315000000045,-0.03370343000000009,0.174111485,0.028327659999999977,0.0009207150000000164,-0.014157900000000057,-0.0009207149999999609,0.014157899999999946,0.06511473500000003,0.1455270999999999,0.031806255000000005,0.22836179999999995,0.057202185000000016,0.27757049999999994,0.016318495000000044,0.27757049999999994,-0.022755150000000002,0.11377987000000006,0.009169260000000012,0.14030199999999993,0.030251399999999984,0.18390393000000005,0.05345903000000002,0.07842070000000001,0.06419402000000002,0.15968499999999997,-0.007912550000000018,0.13204340000000003,0.032726969999999966,0.2142039,-0.015487759999999962,0.049208699999999994,0.017850849999999974,0.053788329999999995,-0.0018414299999999773,0.028315800000000002,0.06124612023582314,0.17560482093410074
0.18601687500000003,-0.23719847,0.18527365499999998,-0.25028482,0.18955527500000002,-0.25406727,0.148695925,-0.28390622,0.156829655,-0.29034773,0.072627355,-0.29029007,0.09429775499999998,-0.23437044,0.05871619500000003,-0.17945137,0.12525321500000003,-0.04911560000000004,0.07466085500000003,-0.03935253999999999,0.175356605,0.031555169999999966,-0.0004927049999999822,-0.014329970000000025,0.0004927049999999822,0.014329970000000025,0.063363475,0.15175216999999996,0.03273017500000003,0.23471743,0.057323495,0.27712333,0.014119935000000028,0.27712333,-0.013911159999999978,0.11083870000000001,0.01594466,0.14009883,0.030955460000000046,0.18525483999999998,0.05010338999999997,0.08067077,0.06385617999999998,0.16608214,-0.00603998,0.12537116000000004,0.032237470000000046,0.22038745999999998,-0.01861024,0.042405899999999996,0.02167039999999998,0.05591963,0.0009854099999999644,0.02865994000000005,0.07920976322448199,0.175710247391124
0.18628243,-0.23442779000000002,0.18407576000000003,-0.24783809,0.1894708,-0.25072785000000003,0.14557540000000002,-0.28197072,0.15805072000000003,-0.28536348,0.07492856000000003,-0.29016025,0.09547656000000004,-0.23150368000000004,0.08050106000000001,-0.18638074999999998,0.12566496,-0.049861350000000026,0.12631496000000003,-0.054802650000000064,0.17501843,0.03373764999999995,-0.0010946099999999959,-0.015067849999999994,0.0010946099999999959,0.015067849999999994,0.06207192,0.15218279999999995,0.03404301000000004,0.23734195000000002,0.05392224000000001,0.28011874999999997,0.01464310000000002,0.28011874999999997,0.00557249999999998,0.10377950000000002,0.04581390000000002,0.13157809999999992,0.03018839999999995,0.18164233000000002,0.04935347000000001,0.08359899999999998,0.06316653,0.16725064999999995,-0.008149679999999992,0.12793595000000002,0.032948400000000044,0.22227410000000003,-0.01939991000000002,0.04277679999999995,0.02054800000000001,0.05865656999999996,0.0021892199999999917,0.030135699999999987,0.1334618029948079,0.17492300190493074
0.18555747500000003,-0.231844235,0.18297491500000002,-0.24548871499999997,0.188675865,-0.24801231499999998,0.14434839500000002,-0.283416975,0.15655194500000003,-0.285512915,0.07379381500000004,-0.298671415,0.095161365,-0.23349531499999998,0.079570845,-0.19424106500000005,0.127851235,-0.049339314999999995,0.12611968500000004,-0.06248521500000004,0.17343141500000003,0.03770678500000002,-0.0006569449999999644,-0.01787378500000003,0.0006569450000000199,0.01787378500000003,0.05416728500000001,0.15572658500000003,0.027287415000000037,0.24800811499999997,0.049938095000000016,0.282492085,0.007500394999999993,0.282492085,0.005777029999999961,0.10443034999999995,0.046548840000000036,0.13175585,0.03268987000000001,0.184156,0.045580180000000026,0.08704610000000002,0.054824229999999974,0.17360037000000006,-0.004229189999999994,0.12676549999999998,0.026630470000000017,0.23013432999999994,-0.019787020000000044,0.03448397000000003,0.021367549999999957,0.06517610000000001,0.0013138899999999842,0.03574757000000006,0.13439677675004635,0.17390907214053242
0.185106125,-0.22711044500000005,0.18278503499999998,-0.24096992500000003,0.18799811499999997,-0.24325585500000008,0.145098185,-0.27969735500000004,0.15624976499999998,-0.28122573500000003,0.07343164499999999,-0.29576045500000003,0.09676051499999999,-0.22986268500000007,0.077411055,-0.19302798500000007,0.128337205,-0.045421385000000036,0.12458333499999996,-0.062334285000000045,0.172676865,0.04291334499999999,-0.0013860150000000182,-0.01792398500000003,0.0013860149999999627,0.01792398499999992,0.05482685500000001,0.15783711499999997,0.028945534999999967,0.24941006499999996,0.05102905499999999,0.286463515,0.007866684999999984,0.28672221499999995,0.0039794100000000165,0.10273246999999996,0.047172279999999955,0.13069370000000002,0.03157669000000002,0.18444130000000003,0.04433966,0.08833473000000003,0.056212870000000026,0.1757611,-0.003797800000000018,0.12862640000000003,0.027559520000000004,0.23148608000000004,-0.021078849999999982,0.03731214999999999,0.02332887,0.06589776999999997,0.002772029999999981,0.03584796999999995,0.13356852879893713,0.17310408258308677
0.18909197,-0.23042961500000003,0.18586131,-0.245011985,0.19106462000000002,-0.246280575,0.14667552,-0.283337085,0.15837433,-0.28202259500000004,0.07758777,-0.297772445,0.09847157000000001,-0.231710645,0.08235208999999999,-0.19043439500000003,0.13029269,-0.04625074500000004,0.13100029000000002,-0.051281095,0.17576459,0.04178542499999993,-0.0004699899999999757,-0.01730239499999997,0.0004699900000000312,0.01730239499999997,0.05324032000000001,0.16553065499999997,0.029386210000000024,0.250101255,0.04883807000000001,0.283398155,0.007486990000000027,0.283398155,0.0047643199999999886,0.10733804999999996,0.04864820000000003,0.13915330000000004,0.03182111999999998,0.18545989999999996,0.04547190000000001,0.08803616999999997,0.05371030999999998,0.18283304999999994,-0.0044022499999999964,0.11786750000000001,0.028916219999999992,0.23279886000000005,-0.021899219999999997,0.03329689999999996,0.020883800000000008,0.0660618,0.0009399800000000069,0.03460478999999994,0.1357902300497661,0.17699608907301
0.18952860999999993,-0.23012548999999988,0.18782726999999994,-0.24404643999999992,0.19184326999999995,-0.24661847999999992,0.15032001999999994,-0.2775312999999999,0.16023158999999998,-0.2799279999999999,0.07948642999999994,-0.2856381799999999,0.09880976999999996,-0.22657140999999992,0.08477034999999994,-0.1790536399999999,0.12771286999999998,-0.04242993999999989,0.13246174999999993,-0.03782103999999986,0.17845972999999993,0.04354906000000014,-0.0009047100000000308,-0.014930609999999955,0.0009047099999999753,0.014930610000000066,0.06002052999999996,0.15470201000000006,0.03736166999999996,0.23749012000000014,0.05425091999999998,0.2845788600000001,0.01648338999999993,0.2845788600000001,0.0052839199999999975,0.10658454,0.047691399999999995,0.14123260000000004,0.028903100000000015,0.18414147000000003,0.05074685999999995,0.08597900000000003,0.06092523999999999,0.16963262,-0.005769609999999981,0.12987685000000004,0.03645695999999998,0.22255951000000007,-0.020878280000000027,0.04708873999999996,0.019323340000000022,0.05906676999999999,0.001809420000000006,0.02986122000000002,0.13531660814000804,0.1798466035475869
0.18684342999999998,-0.23103446500000008,0.18488601,-0.2452781550000001,0.18912296,-0.2474254150000001,0.14744066,-0.2794590050000001,0.15774411,-0.2809257850000001,0.0749647,-0.2856365550000001,0.09876856,-0.22626481500000012,0.07841473999999998,-0.17502068500000012,0.12525471999999999,-0.04085018500000015,0.13327172999999998,-0.03185738500000013,0.17688704,0.04031811499999993,-0.0025154599999999694,-0.015037515000000057,0.002515460000000025,0.015037514999999946,0.05938452999999999,0.1557708149999999,0.036797230000000014,0.23777091499999992,0.054360240000000004,0.2845738149999999,0.013473459999999993,0.2845738149999999,0.0034500399999999876,0.11061587,0.054856989999999994,0.1431633,0.02648615999999998,0.18541462999999997,0.05163232000000001,0.08116830000000008,0.06189998999999996,0.17080832999999995,-0.005024289999999987,0.128803,0.03428176999999999,0.22273339999999997,-0.02332377000000002,0.04680289999999998,0.02380386000000001,0.059371740000000006,0.005030919999999994,0.030075030000000003,0.1368249575001322,0.17619465556042382
0.18513142500000002,-0.23254221999999997,0.18445485499999997,-0.24645202,0.18703067499999998,-0.24955651999999995,0.148983745,-0.27927214,0.15494879499999997,-0.28318834,0.07716688500000002,-0.28382936,0.09420925499999999,-0.22702171999999998,0.07861879500000002,-0.17266687999999997,0.11975166500000001,-0.040141819999999995,0.131470855,-0.030725019999999992,0.175392475,0.03716220999999997,-0.0004353249999999864,-0.014438779999999984,0.0004353249999999864,0.014438779999999984,0.057627025,0.15731063,0.034302204999999975,0.23580911999999998,0.05028082499999997,0.28468278,0.011978684999999989,0.28468278,0.0014519100000000007,0.11116248000000001,0.05285205999999998,0.14194185999999998,0.025542410000000015,0.1868799,0.055640809999999985,0.07730402999999997,0.058062349999999985,0.17174941,-0.007346200000000025,0.12737215000000002,0.03386687999999999,0.22137034,-0.022323519999999986,0.04887366000000004,0.017042369999999973,0.05680763999999999,0.0008706499999999728,0.02887755999999997,0.13290779486369486,0.17642663803147018
0.18534459000000003,-0.23386373000000005,0.18433137,-0.2478825,0.18651593,-0.25064461000000005,0.14856873000000004,-0.27886261,0.15299497,-0.28137495,0.07780038,-0.28134407,0.09163557,-0.22212105000000004,0.07636943000000002,-0.17873935000000007,0.11314047999999999,-0.03600235000000007,0.12108613000000001,-0.04436724999999997,0.17228513,0.03736079999999997,0.0005395300000000103,-0.01434184999999999,-0.0005395300000000103,0.01434184999999999,0.05440895000000001,0.16535159,0.03313701000000002,0.23854244999999996,0.047195299999999996,0.28982325,0.007357610000000014,0.28982325,-0.0014309499999999864,0.10260471999999993,0.0447167,0.1343721000000001,0.021504909999999988,0.18611869999999997,0.05914465000000002,0.07336315000000004,0.05386942,0.17969343999999998,-0.007213650000000016,0.12447165999999998,0.03367654000000003,0.22420059999999997,-0.025779400000000008,0.051280800000000015,0.013835189999999997,0.05922301999999996,-0.0010790600000000206,0.02868369999999998,0.12422965594704029,0.17435089665160344
0.18328832499999997,-0.24497073000000003,0.18107562499999996,-0.25917965000000004,0.18469309499999997,-0.26141121,0.14318629499999996,-0.28892737,0.150629905,-0.28992339,0.07355012499999997,-0.28841563000000003,0.08696600499999996,-0.22735667000000004,0.07123836499999997,-0.18386407999999999,0.10317840499999997,-0.04063115000000006,0.11705627499999999,-0.05116942000000002,0.17056322499999998,0.025679449999999937,0.0007406249999999948,-0.015088349999999973,-0.0007406249999999948,0.015088349999999973,0.053151365000000006,0.16194494999999998,0.029918754999999964,0.23813549,0.04893772499999999,0.28505925,0.0025921749999999744,0.28505925,-0.002311759999999996,0.10455155000000005,0.04581791000000002,0.13269465999999996,0.016212400000000016,0.18672551999999998,0.06738482000000001,0.0663106,0.05241074000000001,0.17703329999999995,-0.0042136400000000185,0.12311430000000001,0.03065937999999996,0.22304714000000003,-0.02732657999999999,0.04692375999999998,0.013415879999999991,0.061058959999999995,-0.0014812499999999895,0.030176699999999945,0.12178330775302254,0.171630942501731
0.17689644999999998,-0.2463492,0.17676251999999998,-0.25871085,0.18009004999999995,-0.26481937,0.14163716999999998,-0.28988612999999996,0.14827188999999996,-0.30095731,0.07346337999999997,-0.29210197,0.07789814999999994,-0.24315936999999999,0.06372772999999998,-0.15848226999999993,0.09005277999999994,-0.04425892999999992,0.12045214999999998,-0.027567279999999972,0.16211759999999997,0.010290270000000046,0.004553549999999962,-0.014407469999999978,-0.004553550000000017,0.014407469999999978,0.04761124999999994,0.16362657000000003,0.015836749999999955,0.23834030000000006,0.04158892999999997,0.28323297000000003,-0.011481550000000063,0.28323297000000003,-0.009735649999999985,0.13361970000000006,0.05672442,0.13091498999999995,0.01215463,0.19890044000000007,0.07206482000000003,0.054549199999999964,0.04305769999999998,0.17803404,-0.00602231999999997,0.1196064,0.020390299999999972,0.22393283000000008,-0.027318300000000018,0.04489266999999997,0.004434769999999977,0.0489426,-0.009107099999999979,0.028814939999999956,0.11664332848987165,0.16672199488418585
0.17298959000000003,-0.25416032000000005,0.17323174000000002,-0.26651338,0.176479,-0.27329523000000006,0.13862751,-0.29623726000000006,0.14497656999999997,-0.30966396000000007,0.0705847,-0.28982285,0.07304893000000001,-0.25139748000000006,0.05414014,-0.13586262000000005,0.08062607,-0.04755608,0.1223207,-0.032015120000000064,0.16266365,-0.000691580000000025,0.005173700000000003,-0.012868320000000044,-0.005173700000000003,0.012868319999999933,0.04641572999999999,0.16567951999999997,0.01079819999999998,0.23832882,0.039457220000000015,0.27956541999999995,-0.012810900000000014,0.27956541999999995,-0.016444559999999997,0.15396022999999998,0.06818056,0.10384749999999998,0.007577139999999982,0.20384140000000006,0.08203758,0.046864499999999976,0.041242029999999985,0.17854784,-0.006958509999999973,0.11388589999999998,0.015971899999999983,0.22546050000000006,-0.023609099999999994,0.04123659999999996,0.0024642300000000117,0.03842536999999996,-0.010347400000000007,0.025736639999999977,0.11870138819424143,0.16838422415129184
0.17161265999999997,-0.25848493000000006,0.17204482,-0.27076685000000006,0.17587206,-0.27738023000000006,0.13735157999999997,-0.30163118000000005,0.14514819,-0.31452750000000007,0.06264441999999998,-0.29636812000000007,0.07490752,-0.25411084000000006,0.03993795,-0.14384660000000005,0.07343485999999999,-0.04898570000000002,0.11660482,-0.043055500000000024,0.16685650000000002,-0.016489000000000087,0.00192823999999997,-0.01379740000000007,-0.0019282400000000255,0.01379739999999996,0.044102169999999996,0.16452939999999994,0.012220750000000002,0.2386850399999999,0.04541168000000001,0.27952369999999993,-0.01828685000000002,0.27952369999999993,-0.02270646999999998,0.15252152000000002,0.07666687,0.10079110000000002,-0.0014726600000000145,0.20512514000000004,0.09342164000000003,0.032496699999999934,0.042173930000000026,0.1783268,0.0013095100000000137,0.1149943,0.014148990000000028,0.22488763999999994,-0.030507600000000024,0.04083866000000003,0.012263100000000027,0.04225728000000001,-0.0038564799999999955,0.02759480000000003,0.11835013483771957,0.17148047842780126
0.17005932,-0.26012147999999996,0.17071575000000005,-0.27194667999999994,0.17303342000000005,-0.2793074099999999,0.13742689000000002,-0.3021439999999999,0.14045352000000005,-0.3158009499999999,0.06417239000000002,-0.2887190399999999,0.07108122000000006,-0.25402807999999993,0.03834462000000005,-0.14013588,0.059706360000000014,-0.053115379999999934,0.12244719000000004,-0.04479177999999995,0.15161941,-0.023915079999999977,0.002648890000000015,-0.011388819999999966,-0.0026488899999999593,0.011388820000000077,0.04694483000000005,0.17664237000000005,0.015344490000000044,0.23840522000000008,0.04364879000000005,0.28305562000000006,-0.013524259999999955,0.28305562000000006,-0.025827769999999972,0.14858315999999994,0.08410256999999999,0.09534410000000004,-0.011374860000000042,0.2009127,0.09191305,0.029200299999999957,0.044295940000000034,0.18803119000000001,-0.00329604,0.10641325000000001,0.017993380000000003,0.2270164,-0.02886875,0.04465039999999998,0.0069088300000000324,0.03469095999999999,-0.005297779999999974,0.022777640000000043,0.12436796379957181,0.15825635450148595
0.16228417499999997,-0.26207695000000003,0.16604216500000002,-0.2720130700000001,0.16671226499999997,-0.28191066000000004,0.137027065,-0.29989713000000007,0.135923605,-0.32128197000000003,0.06206962500000002,-0.29519253000000006,0.06129782499999997,-0.25969913000000006,0.02115304499999998,-0.15441707000000005,0.051799025,-0.06145427000000003,0.055080324999999986,-0.03400597000000005,0.143223355,-0.034188930000000006,0.006515044999999997,-0.011815630000000077,-0.006515044999999997,0.011815629999999966,0.04401782500000001,0.16175026999999997,0.007501794999999978,0.22657211999999993,0.04445408499999998,0.28429766999999995,-0.021543254999999983,0.28429766999999995,-0.040916580000000036,0.14077546000000002,0.033927280000000004,0.1204111,-0.009498799999999974,0.19824486000000002,0.09142433,0.027265340000000027,0.03750278000000001,0.17356590000000005,0.0004362599999999661,0.12254739999999997,0.014016839999999975,0.21475648999999997,-0.02904504999999996,0.057725550000000014,-0.0007718000000000447,0.03549340000000001,-0.013030089999999994,0.023631260000000043,0.053394733923805615,0.15664612339714507
0.16056226500000004,-0.2744537649999999,0.16517726500000002,-0.28420621499999993,0.16450880500000004,-0.2950284349999999,0.13774193500000004,-0.3098971849999999,0.13255981500000003,-0.3343087349999999,0.06356768500000004,-0.2964763349999999,0.057223515,-0.2712583549999999,0.019638105000000017,-0.14275493499999992,0.04760204500000004,-0.0739649349999999,0.05032948500000001,-0.031007084999999934,0.142654785,-0.05584803499999991,0.008181735000000023,-0.009866564999999938,-0.008181734999999968,0.00986656500000005,0.03903426500000001,0.16651716500000013,0.0046425250000000085,0.22756221500000007,0.036915465000000036,0.2769021650000001,-0.023282694999999964,0.2769021650000001,-0.043929580000000024,0.1537214,0.03069137999999999,0.11174784999999998,-0.009621469999999965,0.19729342,0.09505273999999997,0.01811689999999999,0.03085252999999999,0.17638373000000007,-0.0021187999999999763,0.11038499999999996,0.012824259999999976,0.21769565000000002,-0.027925219999999973,0.04933995000000002,-0.006344170000000038,0.02521798000000003,-0.01636346999999999,0.019733129999999988,0.047152459277676056,0.1645298283560473
0.15713020500000002,-0.28007645000000003,0.162125175,-0.28965895,0.160020235,-0.30132878,0.13526946499999998,-0.31493115,0.125494275,-0.34111565,0.06246763500000002,-0.29737842000000003,0.04880634499999997,-0.27590937000000004,0.013259085000000004,-0.13569545000000005,0.035536175,-0.07507399000000003,0.03909188499999999,-0.025363950000000024,0.13990786500000002,-0.07359665000000004,0.010348524999999997,-0.00902780999999997,-0.010348524999999997,0.00902780999999997,0.03332477499999997,0.17575052000000002,-0.0006174749999999785,0.22960349999999996,0.029007074999999993,0.27504405,-0.027702035000000014,0.27504405,-0.04920855000000002,0.16168296999999998,0.02583279999999999,0.11033150000000003,-0.01327016999999997,0.20083538,0.10437169000000002,0.0014773399999999937,0.022976249999999976,0.18477833,-0.00431769999999998,0.09929352999999996,0.009731050000000019,0.22057569,-0.027084560000000035,0.045440550000000024,-0.013661290000000048,0.02146904999999999,-0.020697049999999995,0.01805561999999994,0.03306130992851314,0.17147531637563382
0.152352535,-0.28189482000000005,0.15784061499999996,-0.29065402,0.155886515,-0.30343746000000005,0.13159429499999997,-0.31652146000000003,0.12276014499999999,-0.34561705000000004,0.059219085000000005,-0.29879253000000006,0.046196214999999985,-0.28193205000000005,0.010897484999999985,-0.13097023000000008,0.03239145499999996,-0.07894615999999999,0.039936215,-0.028494230000000065,0.139524545,-0.08673786000000006,0.009783514999999965,-0.00793290000000002,-0.00978351500000002,0.00793289999999991,0.02843093499999999,0.18457734999999997,-0.002589205000000039,0.2330951,0.024502214999999994,0.27456349999999996,-0.027496314999999993,0.27456349999999996,-0.04832160000000002,0.16782229999999998,0.029038730000000013,0.10247600000000001,-0.013804760000000027,0.20298589000000006,0.10713309000000004,-0.007791700000000068,0.018647420000000026,0.19251025,-0.003928719999999997,0.08998614999999999,0.0071943099999999816,0.2251622000000001,-0.024907109999999955,0.04146839999999996,-0.01302287000000002,0.01686048000000001,-0.019567029999999985,0.01586579999999993,0.03649593961879737,0.17679210836443238
0.14676583499999996,-0.28604874999999996,0.15295883499999996,-0.29406242,0.15054220499999998,-0.30778429999999996,0.128214455,-0.319662,0.118184595,-0.35126925999999997,0.05840000499999998,-0.30155356,0.03955731499999998,-0.2877094,0.012365234999999974,-0.13144714999999996,0.02502723499999998,-0.08370979999999995,0.03735113499999998,-0.02897700000000003,0.134604485,-0.09686996000000003,0.011547504999999958,-0.007651500000000033,-0.011547505000000013,0.007651500000000033,0.030305594999999963,0.17560546,-0.00356384500000001,0.22362890000000002,0.02429913499999997,0.272359,-0.027348905000000034,0.272359,-0.04603477,0.17010641000000004,0.024985900000000005,0.10247014999999993,-0.01453008,0.20399960000000006,0.10957725000000001,-0.013160160000000087,0.018758090000000005,0.18325696000000002,-0.006006459999999991,0.09675354000000003,0.007983660000000004,0.21597739999999999,-0.023785060000000025,0.0487301,-0.018842689999999995,0.013844159999999994,-0.02309500999999997,0.015303000000000067,0.033475427875187806,0.1796806605661603
0.14645693999999998,-0.28848552499999996,0.15177026,-0.29660366499999996,0.14964761999999998,-0.30998232499999995,0.12615573999999996,-0.32129479499999997,0.11605217999999995,-0.351931495,0.058452899999999974,-0.298822445,0.03859823999999995,-0.28904662499999995,0.014270959999999944,-0.12387732499999993,0.023680939999999984,-0.08784202499999993,0.03981857999999999,-0.02874832500000002,0.13440256999999994,-0.10379492499999998,0.011586759999999974,-0.00665532499999999,-0.01158676000000003,0.00665532499999999,0.02622633999999996,0.17668233500000008,-0.0039033600000000224,0.22047440500000004,0.02192285999999999,0.27280597500000003,-0.02650684000000003,0.27280597500000003,-0.04418194000000003,0.17494512000000007,0.02554762000000005,0.09512899999999991,-0.014917299999999967,0.2012046,0.11072162999999996,-0.015952900000000048,0.014639579999999985,0.18333766000000007,-0.004303479999999971,0.09612363999999995,0.007683400000000007,0.21381908000000005,-0.02260348000000001,0.052331569999999994,-0.019854660000000024,0.009775820000000046,-0.023173520000000003,0.01331064999999998,0.03584879788099459,0.18306321913183812
0.14373006500000002,-0.29196903,0.14910825500000002,-0.30001381,0.14644898499999998,-0.31349905,0.12431805499999998,-0.32323402,0.111934325,-0.35419245,0.058045285,-0.29782628,0.03393708499999998,-0.28884449,0.016918054999999987,-0.12384428999999997,0.018348715000000015,-0.08987135000000002,0.040074584999999996,-0.02794070999999998,0.13150548499999998,-0.11174565000000003,0.012992484999999998,-0.006983249999999996,-0.012992484999999998,0.006983249999999996,0.02966105499999999,0.17059234999999995,-0.0037663350000000095,0.21732675,0.02378148499999999,0.27215985,-0.03118141499999999,0.27215985,-0.041127230000000015,0.17398199000000003,0.02315653000000001,0.09590357999999999,-0.015588369999999963,0.19897314,0.11315676999999996,-0.021874300000000013,0.016668569999999994,0.17757559999999994,-0.005879570000000001,0.10156750000000003,0.009226149999999989,0.21034350000000002,-0.02741507999999998,0.05483309999999997,-0.024108200000000024,0.00898178999999999,-0.025984969999999996,0.013966499999999993,0.034244054521355954,0.18701929052729
0.14127158499999998,-0.29205135000000004,0.147211545,-0.30005703000000006,0.14352976499999998,-0.31372995000000004,0.12360631500000002,-0.3236020600000001,0.10797216500000001,-0.35508991000000006,0.056474195000000005,-0.29737899000000007,0.031442864999999987,-0.28870670000000004,0.016532645000000012,-0.12423218000000003,0.018935725000000014,-0.09198353000000004,0.041827194999999984,-0.02833263000000008,0.135611765,-0.1163249300000001,0.013077245000000015,-0.007317070000000037,-0.013077245000000015,0.007317069999999926,0.029150204999999985,0.16643787,-0.00291271500000001,0.21602246999999997,0.020082994999999992,0.27367626999999994,-0.030883205000000025,0.27367626999999994,-0.03994154999999999,0.17314681000000004,0.02529454999999997,0.09589954999999994,-0.012507139999999972,0.19672317,0.11667603999999998,-0.02434140000000007,0.01607295999999997,0.17375494000000002,-0.009067209999999992,0.10723839999999996,0.010164530000000005,0.20870540000000004,-0.027970490000000015,0.05765379999999998,-0.02503133000000002,0.008672290000000027,-0.02615449000000003,0.014634139999999962,0.03561198375710205,0.1933798486367701
0.13812350499999998,-0.29264974499999996,0.144083105,-0.300890575,0.14017182500000003,-0.31470853499999996,0.12083786499999999,-0.322870075,0.10402383500000001,-0.354891215,0.054527035,-0.292338675,0.02800672500000001,-0.285496575,0.015393725000000025,-0.11888117499999995,0.014134134999999992,-0.089028475,0.041339185,-0.025714774999999968,0.12801193500000002,-0.11294281500000003,0.01336986499999998,-0.006835574999999983,-0.01336986499999998,0.006835574999999983,0.02983334500000001,0.17053449500000006,-0.005237254999999996,0.21715102500000005,0.020535945,0.277039825,-0.033158964999999985,0.277039825,-0.03913330999999998,0.17345750000000004,0.025945459999999976,0.09316639999999998,-0.013872590000000018,0.19646809999999998,0.11387780000000003,-0.023914340000000034,0.01646348000000003,0.17737007000000005,-0.009297400000000011,0.10650532999999995,0.008132609999999985,0.21031545000000007,-0.02792170999999999,0.059888799999999964,-0.02652030999999999,0.006842100000000018,-0.02673972999999996,0.013671149999999965,0.03374473372101787,0.1852988831111297
0.13625944500000003,-0.29580512,0.14226448500000005,-0.30378185999999996,0.138624825,-0.31747545999999993,0.11883780500000002,-0.32554068999999997,0.10357839500000005,-0.3574172199999999,0.053076625000000044,-0.29506221999999993,0.027499825000000033,-0.28810664999999996,0.013032925000000029,-0.12328421999999994,0.01310098500000001,-0.09287541999999993,0.04139662500000002,-0.028306319999999996,0.125515425,-0.11584796999999991,0.012683625000000032,-0.006589619999999963,-0.012683624999999976,0.006589620000000074,0.026214925000000056,0.17225865000000007,-0.004922024999999941,0.21572018000000004,0.015927765000000038,0.27587888000000005,-0.02823015499999998,0.27587888000000005,-0.040043700000000015,0.171778,0.02836369999999999,0.09497789999999995,-0.014398840000000024,0.19523123000000003,0.11241444,-0.02297254999999998,0.013531300000000024,0.17884827000000003,-0.010287160000000017,0.10362022999999998,0.007761600000000035,0.20913055999999997,-0.023308130000000038,0.06015870000000001,-0.02557680000000001,0.0069555699999999665,-0.025367250000000008,0.013179240000000036,0.03600071426916417,0.18463461448469135
0.131762975,-0.29881563,0.13762551500000003,-0.30648389,0.134498895,-0.32043573,0.11423486500000002,-0.32721989999999995,0.10005926500000001,-0.35988968,0.050210845000000004,-0.29602233,0.022862875000000005,-0.28979927,0.010917045000000014,-0.12472026999999997,0.0074204150000000135,-0.09567422999999997,0.039497225000000025,-0.02869382999999992,0.119030625,-0.11917727999999994,0.013540474999999996,-0.006862699999999999,-0.013540474999999996,0.006862699999999999,0.02993794500000002,0.16748041000000002,-0.00902620500000001,0.21430086999999998,0.021065294999999984,0.27398217,-0.03239468499999998,0.27398217,-0.03929379999999999,0.17130206000000003,0.02858018000000001,0.09602644000000005,-0.015442459999999991,0.19412504000000003,0.11161020999999999,-0.02350304999999997,0.016397470000000025,0.17434311000000002,-0.008872650000000037,0.10650176,0.004514269999999987,0.20743816999999998,-0.02336847999999997,0.05968130000000005,-0.02734797,0.0062230600000000025,-0.027080949999999993,0.013725399999999999,0.033916826320270564,0.18292395445542495
0.13130094999999997,-0.29696433499999997,0.13744938999999995,-0.305238525,0.13307236999999994,-0.31859340499999994,0.11515761999999996,-0.32540932499999997,0.09766410999999997,-0.35663342499999995,0.05124038999999997,-0.292148555,0.021772049999999932,-0.28508057499999995,0.009950119999999951,-0.12160332499999993,0.004869119999999949,-0.09177972499999998,0.03960938999999997,-0.024804025000000007,0.11756570999999993,-0.11515008500000001,0.014180109999999968,-0.007157925000000009,-0.014180110000000024,0.007157925000000009,0.03085593999999997,0.16758997500000006,-0.009291390000000066,0.215502325,0.020364789999999966,0.27874017500000003,-0.03414701000000003,0.27874017500000003,-0.04129027000000002,0.17054523000000005,0.029659270000000015,0.09679929999999992,-0.016902929999999983,0.19330084999999997,0.11269658999999999,-0.023370360000000034,0.016675830000000003,0.17474790000000007,-0.010491150000000005,0.11115019999999998,0.0048887199999999575,0.20834439999999999,-0.024855619999999967,0.06323785000000004,-0.029468340000000037,0.007067980000000029,-0.02836021999999999,0.014315850000000019,0.030952110211234382,0.17976710043173222
0.13172991499999998,-0.29563317000000006,0.13763163499999997,-0.30432029000000005,0.13285181499999998,-0.31726113000000006,0.11509851499999996,-0.32576397,0.097250895,-0.35470029000000003,0.05016253500000001,-0.29122139,0.024393484999999993,-0.27997362000000003,0.007744654999999989,-0.12503479000000006,0.006248544999999994,-0.08910024000000005,0.038998374999999974,-0.02381688999999998,0.11903471499999996,-0.11464189000000002,0.012534455,-0.007868650000000033,-0.012534455,0.007868649999999922,0.032318314999999986,0.16539275999999992,-0.006953405000000024,0.21671100999999993,0.017143314999999992,0.28083587,-0.035494915000000016,0.28245180999999997,-0.04241788000000002,0.16618659999999996,0.031253719999999985,0.10121790000000008,-0.01814494,0.19087337999999998,0.11278616999999996,-0.02554164999999997,0.019783859999999986,0.17326140999999995,-0.015174999999999994,0.11544311000000007,0.005581049999999976,0.20884236,-0.028541509999999992,0.06574080000000004,-0.025769050000000016,0.01124776999999999,-0.02506891,0.015737299999999954,0.030897984090616608,0.17977563490523535
0.13075299500000004,-0.30188143,0.13635249500000002,-0.31126669,0.13124547500000006,-0.32350951,0.11343577500000002,-0.33205059,0.09488097500000003,-0.35922882,0.04975109500000002,-0.2933743,0.02247837500000005,-0.28230944999999996,0.005553275000000024,-0.12720361000000002,0.0022638350000000473,-0.09299924999999998,0.03813805500000006,-0.029141520000000032,0.11492707500000005,-0.11900255000000004,0.012750575000000042,-0.007469049999999977,-0.012750574999999986,0.007469049999999977,0.029192255000000056,0.16808840999999997,-0.009309954999999981,0.21407204999999996,0.01379274500000005,0.27899465,-0.03317020499999995,0.27899465,-0.04419782,0.16617068999999995,0.032584780000000035,0.09806208999999999,-0.020214540000000003,0.18931019999999998,0.11266324,-0.026003300000000062,0.016441680000000014,0.17555745999999994,-0.015399510000000005,0.11090624000000004,0.0034406200000000053,0.20660299999999998,-0.023860249999999972,0.06492260000000005,-0.027272719999999973,0.011064850000000015,-0.025501150000000028,0.014938099999999954,0.03337993553995129,0.17971268156722417
0.12998813000000004,-0.30424318,0.13550870000000004,-0.3134242,0.13069780000000003,-0.32584348,0.11259688000000001,-0.33400795,0.09408353000000003,-0.36162889000000004,0.048282309999999995,-0.29545257,0.021151050000000005,-0.28345305000000004,0.00505507999999999,-0.12858641000000004,0.00038819000000001047,-0.09358045000000004,0.03755023000000002,-0.027388049999999997,0.11552347000000002,-0.12043541999999996,0.013068300000000033,-0.00825975000000001,-0.013068299999999977,0.00825975000000001,0.032112850000000026,0.16323352000000002,-0.01183455,0.21671848999999999,0.016584350000000025,0.27612015,-0.041322970000000014,0.27857685,-0.043227230000000005,0.16686615999999999,0.03249515000000003,0.10119836000000004,-0.020762859999999994,0.1898726,0.11513528,-0.026854969999999923,0.019044549999999993,0.17149327000000003,-0.0155285,0.11288662999999999,0.001233749999999978,0.20845873999999998,-0.029488420000000015,0.06185836,-0.02713125999999999,0.011999519999999986,-0.02613660000000001,0.01651950000000002,0.031068581515976856,0.18192935467664856
0.12874296000000002,-0.30588420499999996,0.13450186000000003,-0.31484280499999995,0.12957894000000003,-0.32764750499999995,0.11195580999999999,-0.334424525,0.09346766000000001,-0.36300730499999995,0.04833819,-0.294974865,0.01993619000000002,-0.283953105,0.005931809999999982,-0.12980140499999993,-0.0012126699999999713,-0.09528404499999998,0.03785706,-0.02835770500000001,0.11310811999999998,-0.12161280499999993,0.013395859999999982,-0.008148254999999938,-0.013395859999999982,0.008148255000000049,0.03191845999999998,0.16121789500000006,-0.012682059999999995,0.21520939500000003,0.01593738,0.271628435,-0.041566139999999974,0.278313695,-0.04240638000000002,0.16517346000000005,0.031925250000000016,0.10144369999999991,-0.02114885999999999,0.18866906,0.11432078999999995,-0.02632875999999995,0.0185226,0.16936615,-0.01598107999999998,0.11041053999999995,0.0007137999999999867,0.20706113999999998,-0.02888407999999998,0.0631043,-0.028401999999999983,0.011021759999999992,-0.026791719999999963,0.016296509999999986,0.03172967341058687,0.18122138297718618
0.12860603999999998,-0.30313313000000003,0.13489212,-0.31232571,0.12922612,-0.32521803,0.11339708999999998,-0.33161067,0.09314551999999998,-0.36051577,0.04921015000000001,-0.29138097,0.020445099999999994,-0.28079998,0.006469239999999987,-0.12693003000000003,-0.0018532600000000232,-0.09318059000000001,0.038299379999999994,-0.025829129999999978,0.11115248999999999,-0.11890506,0.01343038000000002,-0.008201429999999954,-0.01343038000000002,0.008201429999999954,0.032501119999999994,0.16116027,-0.012901549999999984,0.21713256999999997,0.01757829999999999,0.27349943,-0.04224966000000002,0.28168947,-0.04274091000000002,0.16445094,0.03183014000000001,0.10110090000000005,-0.022298360000000017,0.18761939,0.11300575000000002,-0.02572447,0.019070739999999975,0.16936169999999995,-0.014922820000000003,0.11233916,0.0005288300000000357,0.20893114000000002,-0.02934811000000004,0.06455690000000003,-0.028765050000000014,0.010580990000000012,-0.02686076000000004,0.016402859999999908,0.030482830713206403,0.1779801991727085
0.12843098499999994,-0.30016373,0.13417455499999997,-0.30916203,0.12891733499999997,-0.32206987,0.11217633499999996,-0.32765497,0.09275093499999992,-0.3562109,0.05018528499999997,-0.28711094,0.02017558499999994,-0.2765921,0.010665414999999956,-0.12309490000000001,-0.002115965000000053,-0.08789037,0.03931895499999993,-0.019608060000000038,0.11060698499999994,-0.11290120000000003,0.013710734999999974,-0.007787100000000047,-0.01371073500000003,0.007787100000000047,0.030845884999999962,0.16638995999999995,-0.01229455500000004,0.21856379999999997,0.015853164999999947,0.27909626,-0.04444935500000008,0.2872922,-0.03951987000000001,0.16401603999999997,0.028653539999999977,0.10348683999999997,-0.022291549999999993,0.18870173,0.11272294999999999,-0.02501083000000004,0.017135149999999988,0.17417706,-0.014992720000000015,0.11270630000000004,0.0014161799999999891,0.21077669999999993,-0.03215480000000004,0.06872840000000002,-0.030009700000000028,0.010518839999999974,-0.027421470000000003,0.015574200000000094,0.02820489366918439,0.17326442584353088
0.12747476999999996,-0.30106081000000007,0.13351978999999997,-0.31005772000000004,0.12814217,-0.32309197000000006,0.11195225999999997,-0.32927268000000004,0.09235552999999996,-0.35830613000000006,0.049630129999999995,-0.28925421000000007,0.019668509999999972,-0.27891229000000006,0.009641309999999959,-0.12391165000000004,-0.0031182000000000154,-0.08920415000000004,0.03858302999999996,-0.02050071000000009,0.11065812999999997,-0.11403315000000003,0.013644799999999957,-0.007843450000000085,-0.013644800000000012,0.007843449999999974,0.02980754999999996,0.16548849,-0.013327430000000029,0.21864014999999992,0.014508259999999995,0.27850544999999993,-0.045015320000000025,0.28591484999999994,-0.039988820000000036,0.16534256000000003,0.028941720000000004,0.10341093999999995,-0.022786709999999988,0.18970814000000003,0.11377632999999998,-0.02482899999999999,0.016162750000000004,0.17333194000000007,-0.015299289999999965,0.11301695999999994,0.0003173699999999835,0.21079669999999995,-0.031687889999999996,0.06727470000000002,-0.029961620000000022,0.010341920000000004,-0.02728959999999997,0.01568690000000006,0.027966436066122195,0.17408366963660002
0.12679995,-0.3040180049999999,0.13311718,-0.31287510499999993,0.12766082,-0.32625922499999993,0.11170271999999998,-0.33162070499999996,0.09210059999999998,-0.36157880499999995,0.048066569999999975,-0.29121434499999993,0.01979253999999997,-0.28158340499999995,0.008309599999999973,-0.12616250499999992,-0.0027736000000000427,-0.09244700499999992,0.03845251999999999,-0.02375320499999989,0.11135334999999996,-0.11852356499999994,0.013144449999999974,-0.007719544999999939,-0.01314445000000003,0.00771954500000005,0.029115119999999994,0.16359629500000006,-0.013458420000000026,0.21642939500000002,0.01662705999999997,0.27772179500000005,-0.04524313000000002,0.28299829500000007,-0.03975697,0.16505184,0.030142920000000017,0.10240930000000004,-0.022566140000000012,0.18913640000000004,0.11412695,-0.026076560000000026,0.01597067000000002,0.17131584,-0.012488060000000023,0.11412549999999999,-0.00031396999999999675,0.20870984999999997,-0.031784709999999994,0.06656890000000004,-0.028274030000000006,0.009630939999999977,-0.026288900000000004,0.015439089999999989,0.029959583777490955,0.17730489284650916
0.126943855,-0.30313007999999997,0.133186425,-0.3120618399999999,0.127625255,-0.32541329999999996,0.111692075,-0.33038361999999993,0.091526775,-0.36014332999999993,0.04830926499999999,-0.2893743999999999,0.01924279499999998,-0.27932356999999997,0.009617774999999995,-0.1261621999999999,-0.003329424999999997,-0.09199709999999994,0.03899082500000001,-0.021868599999999905,0.11049207499999997,-0.11678089999999997,0.013281734999999961,-0.007959299999999891,-0.013281735000000017,0.007959300000000002,0.028925294999999962,0.16193390000000008,-0.012918385000000032,0.21655250000000004,0.01558109499999999,0.27584850000000005,-0.045457634999999996,0.28419400000000006,-0.038691489999999995,0.16321220000000003,0.02937305000000001,0.10429359999999999,-0.022572219999999976,0.18732647000000002,0.11382149999999996,-0.024783800000000022,0.01564356,0.16989319999999997,-0.013344199999999973,0.11391459999999998,0.0003633499999999845,0.20859320000000003,-0.032539249999999964,0.06764150000000002,-0.02906647000000001,0.010050829999999955,-0.026563469999999978,0.015918599999999894,0.029230565083797178,0.1757272703309196
0.12753818,-0.30198150499999993,0.13388273,-0.3112697549999999,0.1276485,-0.3243469749999999,0.11289117999999998,-0.32966447499999996,0.09076417999999997,-0.35872367499999996,0.04895200999999999,-0.28721573499999997,0.019649799999999995,-0.27770277499999996,0.008945380000000003,-0.12259857499999993,-0.0030211199999999883,-0.09076681499999995,0.0388636,-0.019585774999999916,0.11114531999999999,-0.11540867499999996,0.013357640000000004,-0.007905624999999916,-0.013357640000000004,0.007905625000000027,0.030024879999999976,0.16137657500000002,-0.011526939999999986,0.215665125,0.016142009999999984,0.27520172500000006,-0.04491154000000003,0.28606382500000005,-0.04000662999999999,0.16461716000000004,0.029918219999999995,0.10301280000000002,-0.022670919999999983,0.18693596,0.11416643999999998,-0.024641860000000015,0.016667239999999972,0.16928219999999994,-0.013882869999999992,0.11382515000000004,0.0018307000000000184,0.20775949999999999,-0.03338460000000004,0.07039870000000004,-0.029302209999999995,0.009512960000000015,-0.026715280000000008,0.015811249999999943,0.028053162023987593,0.17523528078914816
0.12542455000000002,-0.3087889299999999,0.13220421999999998,-0.3179246599999999,0.12601192,-0.3315187499999999,0.11135254,-0.33613494999999993,0.08976192,-0.36669487999999995,0.04703737000000002,-0.2935076299999999,0.01790444000000002,-0.28478619999999993,0.00647517000000003,-0.1284373299999999,-0.004073309999999997,-0.09752512999999996,0.036812290000000025,-0.026306159999999967,0.10955353000000001,-0.12286262999999997,0.013347549999999986,-0.007788669999999942,-0.013347549999999986,0.007788670000000053,0.027454690000000004,0.16114943000000004,-0.014973929999999969,0.21591577000000006,0.015525410000000017,0.27188237000000004,-0.04460993000000002,0.2786477700000001,-0.04056219999999999,0.1650703,0.030337119999999995,0.10213116999999994,-0.021977750000000018,0.18726106999999997,0.11362684,-0.025337500000000013,0.014107140000000018,0.16893809999999998,-0.011929279999999987,0.11073294,-0.0016263799999999828,0.2081271,-0.02963600000000005,0.06273200000000001,-0.02913293,0.008721429999999974,-0.02669509999999997,0.015577339999999995,0.029891327490891115,0.17937234362313606
0.12658698000000002,-0.3080288400000001,0.13284425,-0.3173047500000001,0.12685375,-0.33037010000000006,0.11127681,-0.3360146200000001,0.08985507999999998,-0.3649942200000001,0.047103950000000006,-0.2942646000000001,0.018723670000000026,-0.28350764000000006,0.007727929999999994,-0.1298326500000001,-0.0032777500000000237,-0.09584376000000006,0.037286549999999974,-0.026013460000000044,0.10925996999999998,-0.12151090000000009,0.01310675,-0.00799990000000006,-0.01310675,0.007999899999999949,0.026729710000000018,0.16111829999999994,-0.013334630000000014,0.21523019999999993,0.013889019999999974,0.2743375699999999,-0.04584064999999998,0.2797358999999999,-0.03937602000000001,0.16443195,0.02955861999999998,0.10381919000000006,-0.02200142000000005,0.18766388,0.11253772000000001,-0.025667140000000033,0.013622960000000017,0.1691182,-0.012840690000000043,0.11321926999999998,-0.00022788000000001363,0.20723029999999998,-0.03250601999999997,0.0645057,-0.02838027999999998,0.010756960000000038,-0.0262135,0.01599980000000001,0.03015213212881633,0.1781759284533082
0.12542274500000006,-0.304025215,0.13213667500000004,-0.31346156500000005,0.12548759500000006,-0.32639316500000004,0.11152467500000007,-0.331862215,0.08847492500000004,-0.360751935,0.04757882500000005,-0.290071705,0.017716055000000064,-0.27931249500000005,0.007936065000000048,-0.12649200500000002,-0.004261274999999953,-0.09382192499999997,0.03701594500000005,-0.021354364999999986,0.10890542500000006,-0.11923456500000007,0.013543995000000031,-0.008142335000000056,-0.013543994999999975,0.008142334999999945,0.026548145000000023,0.160439235,-0.014436604999999936,0.21632000499999993,0.01365190500000002,0.27597933499999994,-0.046766474999999974,0.283482335,-0.03964276,0.1635797,0.029079880000000002,0.10513764000000003,-0.021977330000000017,0.18549057000000008,0.11316670000000001,-0.025412640000000097,0.013004149999999992,0.16858157000000007,-0.012896240000000003,0.11554009999999992,-0.0008926099999999604,0.20817766999999998,-0.03232987000000004,0.06716233000000005,-0.029862769999999983,0.010759209999999964,-0.027087990000000006,0.01628467,0.026934924791493276,0.1766882427099959
0.1254127,-0.30134715,0.13203913,-0.31039349,0.12565953000000002,-0.32399213,0.11130154000000003,-0.32774053000000003,0.08863559999999998,-0.35819257,0.04817690000000002,-0.28518997,0.017125160000000028,-0.27649451,0.010520520000000033,-0.12150873000000006,-0.003982659999999971,-0.09162013000000002,0.03745946,-0.017338880000000056,0.1092979,-0.11907533000000003,0.013823399999999986,-0.007818630000000049,-0.013823399999999986,0.007818629999999938,0.026838150000000005,0.16271387000000004,-0.01348706999999999,0.21842127,0.012885120000000028,0.27857897,-0.04735443,0.28672557,-0.03765637999999999,0.16368123999999995,0.026938939999999967,0.10416985000000001,-0.02110782,0.18487438,0.11328055999999997,-0.027455200000000013,0.01301475000000002,0.1705325000000001,-0.013953029999999977,0.11586509999999994,0.0003363299999999958,0.21060264000000006,-0.03386736000000001,0.06830429999999998,-0.031051739999999994,0.008695459999999988,-0.02764679999999997,0.015637259999999986,0.02548133615778617,0.1768076118219224
0.12622582500000007,-0.29816538000000004,0.13241147500000006,-0.30708248000000005,0.12645649500000006,-0.32076408,0.11086165500000006,-0.32483964000000004,0.08954679500000007,-0.35515688,0.047626075000000045,-0.28337428000000003,0.01864345500000003,-0.27536868000000003,0.009959875000000062,-0.11956438000000003,-0.003810824999999962,-0.08953202999999998,0.037595755000000064,-0.016183510000000068,0.10949757500000007,-0.11984647999999998,0.012991905000000026,-0.007030920000000052,-0.01299190499999997,0.0070309199999999406,0.025027395000000063,0.17012112000000001,-0.01148232499999996,0.21710841999999997,0.015560295000000057,0.28938991999999997,-0.04324108499999996,0.28986512,-0.03766619999999998,0.1638099,0.02763588,0.10338086999999996,-0.022454279999999993,0.18583665000000005,0.11330840000000003,-0.030314449999999993,0.012035490000000038,0.17715204000000007,-0.009467100000000006,0.11926879999999995,0.0015095800000000104,0.21007750000000003,-0.03175876,0.07275670000000001,-0.028982620000000014,0.008005600000000002,-0.025983809999999996,0.014061839999999992,0.02625108261635322,0.176356307915057
0.12460479000000002,-0.298615275,0.13097003000000002,-0.307633105,0.12444997000000002,-0.321163295,0.11015471000000004,-0.325551185,0.08738291000000004,-0.35555814500000005,0.047979150000000026,-0.283647545,0.017050480000000034,-0.27610454500000003,0.010243890000000033,-0.12027090500000004,-0.004316919999999946,-0.09129294500000007,0.038871210000000045,-0.018471295,0.10975576000000004,-0.12262584500000007,0.013717530000000033,-0.006914615000000013,-0.013717529999999978,0.006914615000000013,0.02652848000000002,0.16844985499999998,-0.012449739999999987,0.21442535499999993,0.015411830000000015,0.28748780499999993,-0.04399293999999998,0.289627255,-0.03773525999999999,0.16337663999999996,0.02862732000000001,0.10179961000000004,-0.02136739999999998,0.18481159999999996,0.11407267999999998,-0.0313329,0.012810949999999988,0.17536447,-0.011116650000000006,0.11903794999999995,0.0012677899999999909,0.20751073999999992,-0.03154319999999999,0.07520190000000004,-0.03092866999999999,0.007542999999999966,-0.02743506000000001,0.013829230000000026,0.027681482441603456,0.17895916886383811
0.12324848499999996,-0.30109405000000006,0.13030242499999994,-0.31026895000000004,0.12305879499999994,-0.32385872000000004,0.11064792499999998,-0.32853980000000005,0.08610278499999996,-0.35904395000000006,0.04845922499999994,-0.28628843000000004,0.015909844999999978,-0.27835970000000004,0.01198536499999997,-0.12218985000000004,-0.0036223750000000665,-0.09377544999999998,0.04015712499999996,-0.01991815000000008,0.10982656499999993,-0.12728145000000002,0.01426929499999996,-0.00730154999999999,-0.014269295000000015,0.00730154999999999,0.02728545499999996,0.16572204999999995,-0.013733895000000051,0.21620052,0.013883854999999945,0.28297465,-0.04575255500000003,0.28744254999999996,-0.03647385999999997,0.16409858,0.02817175999999999,0.10227169999999997,-0.019532220000000045,0.18458425000000006,0.11344894,-0.033506000000000036,0.013016159999999999,0.17302359999999994,-0.013401600000000014,0.11725260000000004,0.0005353999999999637,0.20889897000000002,-0.03201865999999998,0.07124202999999996,-0.03254937999999996,0.007928729999999995,-0.028538589999999975,0.01460309999999998,0.028798582216298465,0.18306383137621585
0.12222057999999997,-0.3030319,0.12924208999999998,-0.31241507,0.12174653999999996,-0.32601495,0.10945863,-0.33069955,0.08426571,-0.36115767,0.04720800999999997,-0.28760199000000003,0.014961269999999971,-0.27987075,0.01119357999999998,-0.12350605000000003,-0.004044710000000007,-0.09557782000000004,0.03929647999999997,-0.021844549999999963,0.10721674999999997,-0.13185765000000005,0.014105469999999953,-0.007038349999999971,-0.014105470000000009,0.007038349999999971,0.02667358999999997,0.16772332,-0.013466270000000002,0.21496780999999998,0.014059459999999968,0.28510415,-0.04448893000000004,0.28561165,-0.036014429999999986,0.16409594,0.028102899999999986,0.10166150000000007,-0.019005979999999978,0.18429292999999997,0.11126145999999998,-0.03627983000000001,0.012568120000000016,0.17476166999999998,-0.012614130000000001,0.11738082999999999,0.0006392000000000064,0.20792946,-0.031022660000000035,0.07064384000000001,-0.032246739999999996,0.007731240000000028,-0.028210939999999962,0.014076699999999942,0.029220036674516694,0.18442120236493525
0.11971059,-0.30229514,0.12721348,-0.31201580000000007,0.11878696,-0.32523078000000005,0.10886352999999999,-0.33073833,0.08168951000000002,-0.36051776,0.04721337999999997,-0.28757315000000006,0.013859179999999971,-0.28016623,0.009554859999999998,-0.12281924,-0.005318250000000024,-0.09680618000000007,0.03851845999999998,-0.021647379999999994,0.10665298000000001,-0.13272035000000004,0.014570209999999972,-0.007042219999999988,-0.014570210000000028,0.007042219999999988,0.027271329999999983,0.16646412,-0.014612440000000004,0.21460281999999997,0.013650410000000002,0.2846410199999999,-0.04665904999999998,0.28650951999999996,-0.03765851999999997,0.16475391000000006,0.028963599999999978,0.10117186,-0.019177429999999995,0.18336004999999994,0.11197123000000003,-0.03591416999999997,0.01270112000000001,0.17350633999999998,-0.01362091999999998,0.11817689999999992,-4.222999999997645e-05,0.20756059999999998,-0.032046609999999975,0.07190669999999999,-0.0333542,0.007406920000000039,-0.02914042,0.014084439999999976,0.02805047908125814,0.1850098315408698
0.11814493000000004,-0.2986747800000001,0.12568898,-0.30829321000000004,0.11711660000000002,-0.32166393000000004,0.10770247999999999,-0.3264692900000001,0.08006495000000002,-0.35649453000000003,0.046979820000000005,-0.28330581000000005,0.012326150000000036,-0.27583469000000005,0.010755960000000009,-0.11867183000000003,-0.00754537999999999,-0.09170787000000002,0.03896082000000001,-0.018106560000000105,0.10535749999999999,-0.12965868000000003,0.014865340000000005,-0.007220970000000104,-0.014865340000000005,0.007220969999999993,0.02755362,0.16773660999999995,-0.014303089999999963,0.21710021999999995,0.014461780000000035,0.2841741699999999,-0.04735891999999997,0.29065246999999994,-0.03622386,0.16463398,0.02820486,0.10056526999999993,-0.019871530000000026,0.18412682000000002,0.11290287999999998,-0.03795081,0.012688279999999996,0.17495758000000006,-0.013091839999999966,0.11643755999999994,0.0005622500000000419,0.20987924999999996,-0.03305583000000001,0.07355224999999999,-0.03465366999999997,0.007471119999999998,-0.02973068000000001,0.014441940000000097,0.02644027658854007,0.18218004786965036
0.11645678000000004,-0.30084274499999997,0.12362761,-0.3105723249999999,0.11533857000000003,-0.32342068499999993,0.10543737000000003,-0.32934912499999996,0.07856903000000004,-0.35808529499999997,0.04606511000000002,-0.28648905499999994,0.011572360000000004,-0.2780115249999999,0.01134685000000002,-0.121882025,-0.00809930999999997,-0.09440942499999994,0.03986803,-0.02110072499999993,0.10447368000000001,-0.13271577499999998,0.014756950000000046,-0.007406074999999901,-0.014756949999999991,0.007406075000000012,0.026753070000000045,0.16785027500000005,-0.014259869999999952,0.217623275,0.015079950000000009,0.28425627500000006,-0.04620898999999995,0.28898547500000005,-0.03471826,0.16460702999999993,0.02852117999999998,0.10078130000000007,-0.019671669999999974,0.1836021,0.11257298999999998,-0.038306350000000045,0.011996119999999999,0.17525634999999995,-0.011673120000000037,0.11640600000000001,0.0004970800000000386,0.2102172,-0.03194912,0.07136220000000004,-0.034492750000000016,0.008477530000000011,-0.029513900000000037,0.014812149999999913,0.028602618365962555,0.18398390140884446
0.115708215,-0.30091686999999995,0.12314001499999999,-0.3112878499999999,0.11357768499999998,-0.32365409999999994,0.105746815,-0.3301700799999999,0.075495015,-0.35764334999999997,0.046394455,-0.28641490999999997,0.010205314999999993,-0.27724026999999996,0.01080241500000001,-0.12197349999999996,-0.008778885000000014,-0.0944605999999999,0.03880106500000002,-0.021796689999999952,0.103218965,-0.13322608999999996,0.015451684999999993,-0.007524949999999975,-0.015451684999999993,0.007524950000000086,0.027707444999999997,0.1668945100000001,-0.014351384999999994,0.2166031100000001,0.015309414999999993,0.2850065500000001,-0.04788724500000002,0.28934915000000005,-0.03559203999999999,0.16444141,0.027998650000000014,0.10017681,-0.018984200000000007,0.18277967000000006,0.11199785000000001,-0.03876549000000007,0.012255760000000004,0.17441946000000008,-0.012398030000000004,0.11811203999999997,0.0011002999999999985,0.20907816,-0.03353586000000003,0.07274603999999996,-0.03618914000000001,0.009174640000000012,-0.030903369999999986,0.01504990000000006,0.0273656008341129,0.18410208698573766
0.11458642499999999,-0.30008985500000007,0.12204177500000002,-0.31034531500000007,0.11273856500000001,-0.3232396150000001,0.10421930499999998,-0.3285589950000001,0.07454945499999999,-0.35726811500000005,0.04365693500000001,-0.2846616350000001,0.00941924500000002,-0.2756705750000001,0.009627005000000022,-0.12151412500000003,-0.009635045000000009,-0.09287207500000005,0.03966398500000001,-0.021134575000000044,0.101719485,-0.1320624250000001,0.014714855000000027,-0.007559375000000035,-0.014714855000000027,0.007559374999999924,0.027388305,0.16838319499999987,-0.01443876500000002,0.2180996249999999,0.017244305000000015,0.28735422499999996,-0.04797415500000002,0.2903450249999999,-0.034029929999999986,0.16314751000000005,0.03003697999999999,0.10037954999999998,-0.01905429000000003,0.18279850000000003,0.11135453000000001,-0.03919035000000004,0.012673449999999975,0.1759425699999999,-0.010143999999999986,0.11897103000000009,0.0002760900000000066,0.21054024999999998,-0.03353539,0.07224540000000002,-0.03423768999999999,0.008991059999999995,-0.029429710000000053,0.015118749999999959,0.028403259369250203,0.18179989704748353
0.11425901,-0.30194885000000005,0.12107681999999997,-0.31179361000000005,0.11285292999999996,-0.32472153000000004,0.10204655000000001,-0.33004211000000006,0.07452979999999998,-0.35877025000000007,0.04178160999999997,-0.28662135000000005,0.008658410000000005,-0.27746265000000003,0.010247499999999965,-0.1230680500000001,-0.009255530000000012,-0.09472825000000007,0.04092485000000001,-0.025400289999999992,0.10284340999999997,-0.13469645000000008,0.014338550000000005,-0.00775535000000005,-0.014338550000000005,0.007755349999999939,0.027093670000000014,0.1672536,-0.014063770000000031,0.21846489999999996,0.017616750000000014,0.28582325,-0.047117710000000035,0.28877244999999996,-0.031534110000000004,0.16355329999999996,0.030677350000000048,0.0976677600000001,-0.017913940000000017,0.18273439999999996,0.11209893999999998,-0.03996820000000001,0.012755120000000009,0.17500895000000005,-0.00947692,0.11856964999999997,0.0002747799999999745,0.21070955000000002,-0.033053940000000004,0.07030755,-0.033123199999999964,0.00915870000000002,-0.02867710000000001,0.015510699999999988,0.03190885857083575,0.18445630125501702
0.11322252999999999,-0.30337487,0.12047404,-0.31303997000000006,0.11201375000000002,-0.3264167,0.10204666000000001,-0.33096385,0.07443900999999997,-0.36091377,0.04210254000000002,-0.28726437000000005,0.008453710000000003,-0.27893752000000005,0.012459180000000014,-0.12384811000000007,-0.009224190000000021,-0.09452667000000003,0.04216733,-0.026894839999999975,0.10409814,-0.13701457000000006,0.014290389999999986,-0.007314170000000009,-0.014290389999999986,0.007314170000000009,0.024900429999999973,0.17001882999999995,-0.01370469000000002,0.21767442999999997,0.016364109999999987,0.28776862999999997,-0.04624591,0.28776862999999997,-0.029643360000000007,0.16341625999999998,0.02970814999999999,0.09695327000000009,-0.017677900000000024,0.18441085000000002,0.11332233000000003,-0.04248790000000002,0.010610039999999987,0.17733299999999996,-0.008536319999999986,0.11774980000000002,0.0005856999999999668,0.21036025999999997,-0.03254121999999998,0.0700942,-0.03364883000000002,0.008326849999999997,-0.028580779999999972,0.014628340000000017,0.03406649998770786,0.1866725186671796
0.11216986000000001,-0.30690504999999996,0.11887180000000003,-0.31641082,0.11092870999999999,-0.3297884,0.09949496000000002,-0.33304990999999995,0.07283803999999999,-0.36284946999999995,0.040807340000000025,-0.28712509999999997,0.006502740000000007,-0.27960096999999995,0.011666380000000032,-0.12546477,-0.010093689999999989,-0.09731517,0.04106551000000003,-0.02962882999999994,0.10422119000000002,-0.13894366999999996,0.014344960000000018,-0.006960229999999901,-0.014344960000000018,0.006960230000000012,0.022277590000000014,0.17124908000000005,-0.014873059999999994,0.21559130000000004,0.012880979999999986,0.28560333000000004,-0.04481881999999998,0.28560333000000004,-0.029140959999999994,0.16166032999999996,0.029399129999999996,0.09583594000000006,-0.016596429999999995,0.18228579999999994,0.11431488000000001,-0.04162849999999996,0.007932629999999996,0.17820930999999995,-0.009396610000000027,0.11435424999999999,-0.0005280999999999758,0.20863107000000003,-0.029945759999999988,0.07001203,-0.03430460000000002,0.007524130000000018,-0.028689920000000035,0.013920459999999912,0.03504073655422361,0.1880049998298782
0.11119537000000002,-0.30999159000000004,0.11735793,-0.32022565000000003,0.10922964000000002,-0.33250897,0.09771391000000001,-0.33816945000000004,0.06960292000000001,-0.36514487,0.03847927000000001,-0.29150275000000003,0.004990710000000009,-0.28104069000000004,0.008819720000000031,-0.12816804999999998,-0.012974599999999947,-0.09901895000000005,0.04085510000000003,-0.03453275,0.09896297000000004,-0.13878255000000006,0.014307990000000048,-0.008286850000000068,-0.014307989999999993,0.008286849999999957,0.025967320000000016,0.1589104,-0.015252729999999992,0.21286034999999992,0.013402330000000018,0.27584785,-0.049314659999999955,0.28278464999999997,-0.02965954999999998,0.16333470000000005,0.03203538,0.09363529999999998,-0.017965309999999957,0.18202174,0.11193756999999999,-0.03976360000000001,0.011659329999999968,0.16719725000000007,-0.012564989999999998,0.11693745,-0.0009447399999999995,0.20457349999999996,-0.03406192999999996,0.06992430000000005,-0.03348856,0.010462059999999995,-0.02861598000000004,0.016573700000000025,0.037330902964730114,0.18563329118367106
0.11077753999999995,-0.31048544999999994,0.11687977999999999,-0.32068382999999995,0.10901950999999999,-0.33314384999999996,0.09699394,-0.33805909999999995,0.06915129999999997,-0.36557164,0.03707425999999997,-0.29011629999999994,0.004148529999999984,-0.27972205999999994,0.008408680000000002,-0.12774419999999997,-0.014483740000000023,-0.0981938,0.04091813,-0.0347189,0.09814227999999997,-0.13881566999999995,0.014051839999999982,-0.008391700000000002,-0.014051840000000038,0.008391700000000002,0.026829259999999966,0.1580998,-0.015494600000000025,0.21255646000000006,0.013600189999999956,0.2760458400000001,-0.050953740000000025,0.28259120000000004,-0.02866557999999997,0.16237209999999996,0.032509449999999995,0.09302529999999998,-0.018632270000000006,0.18152825999999994,0.11262602,-0.04062186999999995,0.012777419999999984,0.16649150000000001,-0.01322907000000001,0.11794604000000009,-0.0014427599999999874,0.20416476000000006,-0.03545914,0.07003473999999998,-0.032925729999999986,0.010394239999999999,-0.02810368000000002,0.016783400000000004,0.03761540905272865,0.18508789896935804
0.10920353500000002,-0.31211788500000004,0.115271285,-0.32212940500000004,0.10753224499999997,-0.33448220500000003,0.095442515,-0.33969862500000003,0.06806762500000002,-0.366956365,0.03638060500000001,-0.29239783500000005,0.0029016250000000188,-0.28160179500000004,0.0071170449999999885,-0.128809065,-0.016307715,-0.09843442499999999,0.03968948499999997,-0.03425929500000002,0.096635625,-0.138580425,0.014275264999999981,-0.00836666500000005,-0.014275264999999981,0.00836666499999994,0.025351365000000015,0.15741683500000003,-0.017582315000000015,0.21117909499999998,0.011411114999999972,0.27381433499999996,-0.05281348499999999,0.281395635,-0.029263560000000022,0.16358877000000005,0.03257243999999998,0.09454976999999998,-0.01920934000000002,0.18316737000000005,0.11294334,-0.040146000000000015,0.011076100000000033,0.16578350000000008,-0.013940250000000043,0.11639749999999993,-0.0033070500000000336,0.20281243000000004,-0.03523116999999998,0.07021654,-0.03347897999999999,0.010796040000000007,-0.028550529999999963,0.01673332999999999,0.03628099869801406,0.18410505908328587
0.10729823999999999,-0.31416312999999996,0.11317160999999998,-0.32402891999999994,0.10574740999999999,-0.33663964999999996,0.09307800999999999,-0.3410131699999999,0.06628460999999997,-0.36887069999999994,0.03462420999999999,-0.2923530999999999,0.0008541099999999635,-0.28298566999999997,0.005099069999999983,-0.1284394299999999,-0.018613060000000015,-0.10034483999999999,0.037573650000000014,-0.03406909999999996,0.09644551000000001,-0.14102329999999996,0.014341159999999964,-0.007961299999999949,-0.01434116000000002,0.00796130000000006,0.024252689999999966,0.15782930000000006,-0.019628040000000013,0.20837130000000004,0.011006130000000003,0.2753713000000001,-0.05353855000000002,0.27962660000000006,-0.029525140000000005,0.16391367,0.03247458000000003,0.09437032999999995,-0.019467169999999978,0.18264082999999998,0.11505857000000003,-0.04067845999999997,0.009911530000000002,0.1657906,-0.013246559999999963,0.11754200000000004,-0.005286879999999994,0.20040999999999998,-0.033910510000000005,0.07125530000000002,-0.033770100000000025,0.009367429999999954,-0.028682319999999983,0.01592260000000001,0.03494804447233211,0.18566124336233697
0.10801275500000002,-0.31407802000000007,0.113771285,-0.32374500000000006,0.106575115,-0.33645536000000004,0.09346278499999999,-0.34064023000000004,0.067320035,-0.36868473,0.03551758499999996,-0.29238330000000007,0.0012904850000000079,-0.28326180000000006,0.005753444999999968,-0.1290977000000001,-0.018099745,-0.09999765999999999,0.03837655499999998,-0.03455635000000001,0.095797315,-0.13958796000000007,0.014491334999999994,-0.007754100000000097,-0.014491334999999994,0.007754099999999986,0.024278984999999975,0.16067104,-0.019689575000000015,0.20978449999999993,0.009817825000000002,0.27737424999999993,-0.05305384499999999,0.27961919999999996,-0.029764139999999994,0.16328559999999998,0.03262311000000001,0.09454135000000008,-0.01939023000000001,0.18326414000000008,0.11389706,-0.03959030000000008,0.009787649999999981,0.16842514000000008,-0.014461159999999973,0.11670320999999995,-0.005198240000000021,0.20203039999999994,-0.033364269999999974,0.06983470000000003,-0.034227099999999955,0.009121500000000005,-0.028982669999999988,0.015508200000000083,0.035900756809723315,0.18404692054980468
0.10923347,-0.31129123,0.11498788999999998,-0.3210472,0.10777533,-0.33385781999999997,0.09463057000000002,-0.33765821,0.06861458999999998,-0.36584942,0.03604043000000001,-0.28939883,0.0027663900000000075,-0.28053332,0.00499489000000003,-0.12707367999999997,-0.018708349999999985,-0.09645283999999998,0.03709509,-0.03116408000000004,0.09383783000000001,-0.13249683999999995,0.014150139999999978,-0.007531419999999955,-0.014150139999999978,0.007531419999999955,0.024779890000000027,0.16322552,-0.01865557000000001,0.21045572,0.011907549999999989,0.28098172,-0.05271184000000001,0.28249972,-0.031045539999999983,0.16232515000000003,0.03210019999999997,0.09590959999999993,-0.021474739999999992,0.18408048,0.11254618,-0.036043999999999965,0.010629750000000049,0.17075693999999997,-0.012872340000000038,0.11775619999999998,-0.0045054300000000325,0.20292430000000006,-0.03405627,0.072044,-0.033274040000000005,0.008865510000000021,-0.028300279999999955,0.01506283999999991,0.03293893363753758,0.1768313186721981
0.11080775999999998,-0.3102476349999999,0.11604501,-0.32018956499999995,0.10919460999999997,-0.3326722749999999,0.09496960999999998,-0.33648988499999993,0.06933806999999997,-0.3637709349999999,0.036309469999999955,-0.2871483549999999,0.003838209999999953,-0.2781551849999999,0.005278809999999967,-0.12471103499999991,-0.016937630000000037,-0.0949581049999999,0.03619353999999997,-0.027660704999999952,0.09794330999999995,-0.12737700499999993,0.01384921,-0.00758236499999998,-0.01384921,0.007582365000000091,0.023804610000000004,0.16674479500000006,-0.01728449000000004,0.21439325500000006,0.011527049999999983,0.28402739500000007,-0.05197321000000005,0.28402739500000007,-0.031030659999999988,0.16243732,0.03091473,0.09705032999999996,-0.02077583999999999,0.18319708,0.11488093999999999,-0.03241890000000003,0.009955400000000003,0.17432716000000004,-0.01227756000000002,0.11728260000000001,-0.0034352800000000405,0.20681088999999997,-0.034688720000000006,0.06963414000000001,-0.03247126,0.008993169999999995,-0.02769842,0.01516473000000007,0.030040120177930337,0.1752472512730151
0.10984638999999996,-0.31037412000000003,0.11583751999999997,-0.32010405000000003,0.10855335999999999,-0.33288058000000004,0.09573471999999994,-0.33712215,0.06944651999999996,-0.36540444,0.03586978999999996,-0.28973482,0.0038081499999999546,-0.28085036,0.0030742999999999743,-0.12584348,-0.01621761000000005,-0.09533484000000003,0.03564876999999994,-0.028797280000000036,0.09900844999999997,-0.12339288000000004,0.013934719999999956,-0.007829320000000028,-0.013934720000000012,0.007829320000000028,0.025476259999999973,0.16409748000000002,-0.01811208000000003,0.21515291999999997,0.013651949999999968,0.28158421999999994,-0.05177228000000006,0.28209542,-0.03279548999999998,0.16389134,0.032574469999999967,0.09704619999999997,-0.020025760000000004,0.18551552,0.11522606000000002,-0.028058040000000006,0.011541540000000017,0.17192680000000005,-0.011824310000000005,0.11748673999999992,-0.004177360000000019,0.20732359999999994,-0.03366020000000003,0.06694250000000002,-0.03206164,0.008884459999999983,-0.027869439999999968,0.015658640000000057,0.030185349326520963,0.17313412552841487
0.10931862999999997,-0.3111318900000001,0.11507214999999998,-0.32059800000000005,0.10857961999999999,-0.3333441000000001,0.09434951999999996,-0.3376049100000001,0.07005480999999997,-0.36592173000000006,0.033983989999999964,-0.2911024900000001,0.004102289999999953,-0.28145985000000007,0.0011450899999999598,-0.12744235000000004,-0.01673011000000002,-0.09406691000000011,0.035258459999999936,-0.02931082000000007,0.09545720999999996,-0.11623680000000003,0.013232929999999976,-0.007977650000000058,-0.013232930000000032,0.007977649999999947,0.025233609999999962,0.16213334999999995,-0.01869808000000006,0.21443344999999991,0.014529509999999968,0.28015294999999996,-0.05152131000000004,0.2804742499999999,-0.032838900000000004,0.16366014000000007,0.034113369999999976,0.09813152999999997,-0.020832399999999973,0.18739293999999995,0.11218731999999998,-0.022169889999999914,0.012000679999999986,0.170111,-0.010704099999999994,0.1180196,-0.00546515000000003,0.20645579999999997,-0.03282322999999998,0.06604080000000001,-0.02988170000000001,0.009642640000000036,-0.026465860000000008,0.015955300000000006,0.030663139337481393,0.16505385824639815
0.11125411000000002,-0.306180445,0.11662813,-0.31546419500000006,0.11085524000000002,-0.32807151500000004,0.09515260000000003,-0.33336871500000004,0.07234176000000003,-0.36123946500000004,0.03458260000000002,-0.28904264500000004,0.005972580000000005,-0.27794561500000003,0.0025583399999999923,-0.12479341500000007,-0.012815670000000001,-0.08866095500000004,0.036331610000000014,-0.025512815000000022,0.09839399000000004,-0.10645895500000002,0.012849940000000004,-0.00835931500000009,-0.012849940000000004,0.008359314999999978,0.02677936000000003,0.1638467349999999,-0.01651720000000001,0.21869051499999992,0.015386690000000036,0.28469908499999996,-0.04861618000000001,0.28469908499999996,-0.03202426000000003,0.16424922999999997,0.03377327000000002,0.09928060000000005,-0.018788250000000006,0.18928466,0.11120966000000004,-0.01779799999999998,0.013929420000000026,0.17220605,-0.011392669999999994,0.12085235000000005,-0.0036672600000000055,0.21033119999999994,-0.03209898,0.06600857000000004,-0.028610020000000014,0.011097030000000008,-0.02569988000000001,0.016718630000000068,0.029079741887418777,0.15987009441305092
0.11241353500000001,-0.30383366999999994,0.118108775,-0.31322247,0.11201200500000003,-0.32559333999999995,0.09694277499999998,-0.33206134,0.07361001500000003,-0.35943128999999996,0.03513137500000002,-0.28983224999999996,0.007777574999999981,-0.27722634999999995,0.0018582750000000203,-0.12687437000000001,-0.011906285000000016,-0.08651176999999999,0.03653897500000003,-0.025698739999999942,0.09754137499999999,-0.09813176999999995,0.01236242500000001,-0.008501270000000005,-0.01236242500000001,0.008501270000000005,0.024534824999999982,0.16584343000000001,-0.016451145,0.22137616000000004,0.01386527500000001,0.28653143000000003,-0.04786860500000001,0.28653143000000003,-0.0332731,0.16295787999999994,0.03468070000000001,0.10117563000000007,-0.019683859999999997,0.19071457999999997,0.10944766,-0.011619999999999964,0.012172399999999972,0.17434470000000002,-0.010669549999999972,0.12068800000000002,-0.00408871999999999,0.21287489000000004,-0.03141746000000001,0.06515526999999999,-0.02735380000000004,0.012605900000000003,-0.02472485000000002,0.01700254000000001,0.02966915139169637,0.15313213403489678
0.11343318000000002,-0.30476359999999997,0.11919063000000002,-0.31372432,0.11343783000000002,-0.3265319,0.09795959999999998,-0.33214982,0.07563464999999997,-0.3607535,0.03581655,-0.28970562,0.009121749999999984,-0.27998377,0.0008701099999999795,-0.12461849999999997,-0.008885089999999984,-0.08876709999999999,0.03767862999999999,-0.02953810000000001,0.0982944,-0.09657329999999997,0.012356450000000019,-0.008003399999999994,-0.012356450000000019,0.008003399999999994,0.02652572999999997,0.16077693000000004,-0.016238150000000007,0.21657117000000004,0.014233349999999978,0.28231825,-0.04644965000000001,0.2851574,-0.03494644000000002,0.16508712000000003,0.03680852000000001,0.09508039999999995,-0.01800683999999997,0.19121667000000003,0.10717948999999999,-0.007806199999999985,0.01416927999999995,0.16878033000000003,-0.012292379999999992,0.12154131999999995,-0.003881699999999988,0.20856777000000004,-0.030211500000000002,0.06858622999999997,-0.02669480000000002,0.009721849999999976,-0.024712900000000038,0.016006799999999988,0.0332408800130562,0.15224945579085825
0.11478290499999999,-0.30523479499999995,0.12024348499999998,-0.3151145349999999,0.11452764499999996,-0.3270509549999999,0.09823838499999998,-0.3355756349999999,0.07595664499999999,-0.3619994349999999,0.03420353499999995,-0.2943973349999999,0.011397844999999962,-0.28200125499999995,-0.0012265950000000525,-0.12947109499999998,-0.005718515000000035,-0.08900283499999995,0.036918704999999996,-0.030950874999999933,0.10300302499999997,-0.08756277499999998,0.011194414999999958,-0.0079579649999999,-0.011194415000000013,0.007957965000000011,0.02337524499999999,0.16913326500000003,-0.01627498500000002,0.22050816500000003,0.016964855,0.28286066500000007,-0.04392361500000003,0.28286066500000007,-0.035430130000000004,0.16492623999999995,0.03814530000000005,0.09852022000000005,-0.017116359999999997,0.19299842,0.10872154,0.0014400599999999653,0.012180830000000031,0.17709122999999993,-0.006410389999999988,0.11372740000000003,-0.0050805700000000065,0.21255020000000002,-0.027648630000000007,0.06235250000000003,-0.02280568999999999,0.012396079999999976,-0.02238882999999997,0.01591592999999991,0.034502362328863855,0.14888004256011345
0.11591459500000001,-0.30177000000000004,0.12128832499999997,-0.31116715000000006,0.116210445,-0.32352862000000004,0.09887178499999999,-0.33145142000000005,0.07813607499999997,-0.35881824000000007,0.03461712499999997,-0.29239610000000005,0.012877684999999972,-0.27981558000000006,0.0008150249999999692,-0.12993838000000002,-0.003948475000000007,-0.08526038000000002,0.03659962499999997,-0.030513480000000093,0.10310064499999999,-0.07717878,0.010816704999999982,-0.00784132000000004,-0.010816704999999982,0.00784131999999993,0.022779245000000004,0.16785045999999992,-0.014906654999999991,0.21891346,0.01788424500000002,0.28430851999999995,-0.04318367499999998,0.28430851999999995,-0.0338021,0.16245772000000003,0.0357846,0.09942489999999993,-0.01682615999999998,0.19455520000000004,0.10704912,0.008081600000000022,0.011962540000000021,0.17569177999999996,-0.004894999999999983,0.11645806000000003,-0.004089950000000009,0.21107214000000007,-0.028277019999999986,0.06539505999999995,-0.02173944,0.012580519999999984,-0.021633409999999964,0.01568263999999997,0.03433345020227361,0.14214633317476916
0.11701590499999998,-0.30233447499999994,0.122478845,-0.31192364499999997,0.117548355,-0.3239603549999999,0.10030529500000002,-0.33283873499999994,0.080098695,-0.3594795049999999,0.03577572499999998,-0.29471587499999996,0.015209114999999995,-0.280314435,0.0014524249999999794,-0.133157635,0.0008667749999999863,-0.08607932499999993,0.03573167500000002,-0.031356714999999924,0.10616362499999998,-0.07181163499999998,0.010707874999999978,-0.008544224999999961,-0.010707874999999978,0.008544225000000072,0.02561563499999997,0.16195628500000003,-0.014870525000000023,0.2199421250000001,0.020461235000000022,0.28141162500000005,-0.04236662499999999,0.28141162500000005,-0.0343233,0.16155823999999996,0.03427925000000004,0.10180092000000007,-0.014342340000000009,0.19423511000000004,0.10529685,0.014267689999999944,0.014907759999999992,0.17050051,-0.005154399999999948,0.11945534000000002,-0.0041626500000000455,0.21139790000000003,-0.027496099999999968,0.061469499999999955,-0.020566609999999985,0.014401439999999988,-0.021415749999999956,0.017088450000000033,0.03386148647711881,0.14183092662952462
0.11850675999999999,-0.29512203000000004,0.12407526000000002,-0.30409260000000005,0.11982201999999997,-0.31646670000000005,0.10181268999999998,-0.32673633,0.08352404000000002,-0.35414165000000003,0.037620339999999974,-0.29391214000000004,0.017977560000000004,-0.27845517000000003,0.005724989999999985,-0.13437003000000003,0.006542710000000007,-0.08183110000000005,0.037391359999999985,-0.029823800000000067,0.11022657000000002,-0.05598230000000004,0.010444960000000003,-0.008597850000000018,-0.010444960000000003,0.008597850000000018,0.02549707000000001,0.16338089999999994,-0.013294399999999984,0.2228074,0.019959039999999983,0.28567909999999996,-0.039880040000000005,0.28567909999999996,-0.03189534999999999,0.15954211000000001,0.03166637,0.10454622999999996,-0.011434849999999996,0.19662406999999998,0.10368386000000002,0.025848800000000005,0.015052110000000007,0.17197874999999996,-0.005538030000000027,0.12229820000000002,-0.002849439999999981,0.21420954999999997,-0.02658564000000002,0.06287169999999997,-0.01964277999999997,0.015456970000000014,-0.020889920000000006,0.017195700000000036,0.03430232392072731,0.13686567840975844
0.12015901000000001,-0.28966772499999993,0.12507944000000004,-0.2990475949999999,0.12137447000000001,-0.31093952499999994,0.10191669000000003,-0.3225580149999999,0.08514981000000005,-0.3483711149999999,0.037261350000000026,-0.29180261499999993,0.022461070000000027,-0.2755213349999999,0.012401980000000035,-0.13507351499999987,0.012780710000000028,-0.07948645499999996,0.05677475000000004,-0.04133185499999992,0.11075498,-0.04143085499999988,0.00881167000000005,-0.008746594999999968,-0.008811669999999994,0.00874659500000008,0.024479640000000025,0.16125184500000012,-0.011707889999999999,0.22400974500000004,0.02201445000000002,0.2868799850000001,-0.040031629999999985,0.2878298450000001,-0.024859369999999992,0.15672910000000007,0.044372770000000006,0.09374165999999995,-0.009680359999999999,0.19603487999999997,0.09797426999999997,0.03805560000000008,0.015667969999999976,0.16999844000000008,-0.002465190000000006,0.12562814,-0.002896220000000005,0.21526314999999996,-0.028323739999999986,0.06382010000000005,-0.014800279999999999,0.01628128000000001,-0.017623340000000043,0.017493190000000047,0.057984965399265315,0.12966865573732533
0.12206296,-0.28905895000000004,0.12744460000000002,-0.29901540000000004,0.12333292000000001,-0.31009679000000007,0.10469242000000001,-0.3222224900000001,0.08696482,-0.34727904000000004,0.03712926,-0.2945246000000001,0.025159189999999998,-0.2771994400000001,0.011128399999999983,-0.13515871000000002,0.021483220000000025,-0.08283513000000009,0.06254656000000003,-0.042182370000000025,0.11486953999999999,-0.03441277000000009,0.008968179999999992,-0.009489830000000032,-0.008968179999999992,0.009489829999999921,0.029521560000000002,0.15346068999999996,-0.01333667999999999,0.2218281299999999,0.03096306999999998,0.28538942999999994,-0.03928744000000001,0.28538942999999994,-0.026000860000000015,0.15936589000000007,0.051418160000000046,0.09297633999999999,-0.003675969999999973,0.19436430999999998,0.09338631999999997,0.04842236,0.02055338000000001,0.16295052,0.0014415099999999792,0.13192874,-0.004368499999999997,0.21233829999999998,-0.025950760000000017,0.06356130000000004,-0.01197007,0.017325160000000006,-0.017936359999999985,0.018979659999999954,0.06276499800904962,0.13138957029215978
0.12488616000000002,-0.28606373,0.13028419000000002,-0.297575,0.12590534000000003,-0.30760708,0.10709566000000004,-0.32198225999999996,0.09033841000000004,-0.34457632,0.03903300000000004,-0.2912939,0.03307268000000002,-0.27272135,0.021591660000000013,-0.13403776,0.02936238000000002,-0.07549530000000004,0.07949435999999999,-0.03844380000000003,0.11845902000000003,-0.02050664999999996,0.005416690000000002,-0.008397600000000005,-0.005416690000000002,0.008397600000000005,0.028295820000000027,0.15563930000000004,-0.014734269999999994,0.218854,0.02913536,0.2869992,-0.03206700000000001,0.2869992,-0.017441340000000027,0.15725614,0.057902699999999974,0.09559395999999998,-0.0037102999999999997,0.19722604999999993,0.08909664,0.05498865000000008,0.022879130000000025,0.16403690000000004,0.000839539999999972,0.13135989999999997,-0.009317579999999992,0.2104564,-0.01733273000000002,0.06814520000000002,-0.005960320000000019,0.01857255000000002,-0.010833380000000004,0.01679520000000001,0.07993919768842378,0.12720317290094066
0.13104979,-0.28143537,0.13563153,-0.29317545,0.13239349,-0.30234993,0.11102048999999997,-0.31865791,0.09675223,-0.33924635000000003,0.04160368999999997,-0.2898539,0.03930053,-0.26865025000000003,0.020321250000000013,-0.13421202,0.036610719999999985,-0.07269015000000001,0.06416105999999999,-0.02816384999999999,0.11935925999999997,-0.010521409999999953,0.004456640000000012,-0.008546049999999972,-0.004456640000000012,0.008546049999999972,0.029914019999999986,0.15643975,-0.009865760000000001,0.21970051000000002,0.03169995999999997,0.28963655,-0.02651391000000003,0.28963655,-0.021282439999999958,0.15564188,0.04383980999999998,0.10604817,-0.0026898100000000147,0.19596010000000003,0.08274853999999998,0.062168740000000056,0.025457379999999974,0.16498579999999996,0.0017859399999999859,0.1331968,-0.0054091199999999895,0.21115446000000004,-0.016648150000000028,0.06993603999999998,-0.002303159999999971,0.021203649999999963,-0.008913280000000023,0.017092099999999943,0.06284485535329362,0.12527547694445865
0.13074855999999996,-0.273286,0.13643261999999995,-0.28314966999999996,0.13293365999999995,-0.29411361999999996,0.11312107999999993,-0.30916173999999996,0.09817836999999996,-0.33403889999999997,0.04358611999999995,-0.29090454,0.03595374999999995,-0.267799,0.01888606999999992,-0.1434801,0.03890861999999995,-0.07487469999999996,0.06442965999999994,-0.02769339999999998,0.11626056999999995,0.002803250000000035,0.007651939999999968,-0.009968899999999947,-0.007651940000000024,0.009968900000000058,0.031469959999999964,0.15694750000000002,-0.010852320000000026,0.22685204999999997,0.02829803999999997,0.2914124,-0.031715580000000076,0.2914124,-0.02470005000000003,0.14742444,0.04554359000000002,0.11578670000000002,0.0029548699999999983,0.19292430000000005,0.07735195,0.07767795,0.023818019999999995,0.16691639999999996,-0.0031719199999999947,0.1344649,-0.0032003800000000027,0.2168831499999999,-0.02086326000000005,0.06456035000000004,-0.007632369999999999,0.02310553999999998,-0.015303879999999992,0.019937800000000006,0.059479974686010066,0.12411952575812797
0.13639149,-0.26665919,0.14104739,-0.27816467,0.13852306999999997,-0.28712513,0.11574878999999999,-0.30576717000000003,0.10433220999999998,-0.32562222,0.04415593000000001,-0.28662221,0.047000229999999976,-0.25854631,0.025675979999999987,-0.14300447000000005,0.048956710000000014,-0.06436567000000004,0.06776229,-0.02122069999999998,0.12345360999999999,0.017521730000000013,0.00296411000000002,-0.009762869999999979,-0.00296411000000002,0.009762869999999979,0.033513879999999996,0.15493203,-0.004318739999999988,0.22418223000000004,0.03395551000000002,0.29547183,-0.02210878999999999,0.29547183,-0.018479950000000023,0.14361773999999994,0.042086310000000016,0.12178377000000007,0.001956480000000038,0.19418063999999996,0.07449689999999998,0.08188740000000005,0.030549769999999976,0.16469489999999998,0.00044163000000002617,0.1405398,-0.0013546299999999678,0.21441936000000006,-0.01779005,0.07128959999999995,0.0028442999999999663,0.028075899999999987,-0.00592822000000004,0.019525739999999958,0.06580338896760028,0.12665559536987697
0.14075568999999993,-0.25998471500000003,0.14431432999999994,-0.272007165,0.14277843999999995,-0.28000687500000004,0.11702628999999998,-0.30104699500000004,0.10777644999999997,-0.31789463500000004,0.04371138999999996,-0.28543991500000004,0.05193854999999997,-0.25010851500000003,0.02814961999999993,-0.14853971500000007,0.05565593999999996,-0.05374031499999998,0.07052768999999998,-0.024439514999999967,0.12647751999999995,0.03507958499999997,0.001234069999999976,-0.011160915000000049,-0.0012340700000000315,0.011160914999999938,0.03535116999999993,0.15407368499999996,-4.041000000004624e-05,0.22790638499999993,0.03660596999999993,0.300689585,-0.020750410000000052,0.300689585,-0.01556177000000003,0.13690019999999997,0.042378070000000045,0.1241002000000001,0.003717389999999987,0.19636820000000005,0.07082158,0.08881989999999995,0.034117099999999956,0.1652346,0.0012548000000000004,0.14661590000000002,0.0011936599999999853,0.21674547,-0.020710000000000006,0.07278320000000005,0.008227160000000011,0.03533140000000001,-0.0024681400000000076,0.022321829999999987,0.07055442573406999,0.12993210917589615
0.14656012999999996,-0.2556005250000001,0.14874547999999999,-0.2685594650000001,0.14806794999999995,-0.27461312500000007,0.11920684999999998,-0.2985205750000001,0.11246567999999996,-0.3100626850000001,0.04527812999999997,-0.2858756850000001,0.058330119999999985,-0.2420867750000001,0.02962946999999999,-0.1601827750000001,0.06255858999999997,-0.04959672500000012,0.06944331999999998,-0.0321487250000001,0.12831466999999996,0.04402877499999991,-0.00035581000000001195,-0.012538675000000055,0.00035580999999995644,0.012538674999999944,0.03429686999999998,0.15536617499999994,0.004089829999999961,0.23231887499999992,0.037254149999999986,0.3035476749999999,-0.01683062000000002,0.3035476749999999,-0.01564865999999998,0.12569291,0.039813849999999984,0.12803405,0.004228469999999984,0.19249004999999997,0.06575608,0.09362550000000003,0.03465267999999999,0.16790485,0.0029572800000000066,0.14818149999999997,0.0037340200000000046,0.21978019999999998,-0.02092044999999998,0.07122879999999998,0.013051990000000013,0.043788910000000014,0.0007116199999999684,0.025077349999999998,0.07250153522346545,0.13177669084671081
0.14560861999999997,-0.24723482999999996,0.14863494,-0.26012314999999997,0.14701064999999996,-0.26663725,0.12078353999999997,-0.29244951999999996,0.11256783999999997,-0.30499891999999995,0.04734801999999999,-0.28447807999999997,0.06093093999999999,-0.24179292999999996,0.03815486999999995,-0.15603868999999992,0.06730765,-0.04586391000000001,0.08353474999999999,-0.02721361999999994,0.13026248999999995,0.05155485000000004,-0.0007139200000000345,-0.011916949999999926,0.000713919999999979,0.011916950000000037,0.031650750000000005,0.16226645000000006,0.004914919999999989,0.23622245000000008,0.03893321999999999,0.30590965000000003,-0.015820710000000016,0.30590965000000003,-0.009193150000000039,0.12843939000000004,0.04537988000000004,0.12882506999999999,0.006376710000000008,0.19592901999999995,0.06295483999999996,0.09741876000000005,0.03236467000000004,0.1741834,0.007282469999999985,0.14364319999999997,0.00420100000000001,0.22430550000000005,-0.020735630000000005,0.06968719999999995,0.013582919999999998,0.042685150000000005,0.0014278400000000135,0.023833899999999963,0.08562608545214365,0.1354769172422184
0.14756201999999996,-0.24304707999999997,0.14939869999999994,-0.25602569,0.14927728999999995,-0.2618893,0.11958345999999997,-0.28889404999999996,0.11521623999999997,-0.29944606999999995,0.04523255999999998,-0.28285108999999997,0.06553141999999995,-0.23641784999999998,0.03882612999999996,-0.15746088999999996,0.07338695999999995,-0.04117979999999999,0.08694179999999996,-0.023407899999999926,0.13276021,0.05810425000000008,-0.00308196000000005,-0.012613149999999962,0.0030819599999999947,0.012613150000000073,0.030698939999999952,0.15954985,0.008697959999999949,0.23554905000000004,0.04064430999999996,0.30645911000000003,-0.012704000000000049,0.30764685,-0.0064064300000000185,0.1253902,0.04811567,0.13405299000000004,0.007855539999999994,0.19523805,0.059373250000000044,0.09928405000000007,0.0337809,0.17216299999999995,0.009945370000000009,0.14690926000000004,0.005615999999999954,0.22293589999999996,-0.021401959999999998,0.07209779999999999,0.020298859999999974,0.04643323999999999,0.006163920000000045,0.025226300000000035,0.09066864944455774,0.13742593897176944
0.14928392000000001,-0.23802619000000003,0.15137938,-0.25127926,0.15062803000000002,-0.25631823000000004,0.12238944000000002,-0.28542831,0.11687446000000001,-0.2939546,0.04883754000000001,-0.28343695,0.06697902000000006,-0.23263853,0.043571230000000016,-0.16550278000000007,0.07559478000000003,-0.04002083000000001,0.09009802000000006,-0.02655573,0.13632253000000005,0.06173006999999997,-0.0023173999999999695,-0.013614130000000002,0.002317400000000025,0.013614130000000002,0.03343993000000001,0.15387397000000003,0.011394290000000029,0.23408193,0.04069608000000002,0.30060076999999996,-0.011599299999999979,0.30992157,-0.005266309999999996,0.11793416999999995,0.04652679000000004,0.13894705000000007,0.008615759999999972,0.1926177,0.060727750000000025,0.10175089999999998,0.035757329999999976,0.16748810000000003,0.007256150000000017,0.14672679999999994,0.009076890000000004,0.2204678,-0.022993590000000008,0.07583963999999999,0.018141480000000043,0.05079842000000001,0.0046347999999999945,0.027228260000000004,0.09331717346949812,0.14238159483725593
0.15137113000000002,-0.23639281000000006,0.15431736000000001,-0.24984305,0.15267186,-0.25511731000000004,0.12654151000000002,-0.28382975000000005,0.11985252000000002,-0.29294345000000005,0.05128796000000002,-0.28316075,0.07075189000000004,-0.23161895000000005,0.042973680000000014,-0.17098941,0.07846008000000004,-0.03906865000000004,0.08815391,-0.03351735,0.13716630000000002,0.06319734999999993,-0.0026754900000000026,-0.013316450000000035,0.0026754900000000026,0.013316449999999924,0.033261010000000035,0.1595614999999999,0.012772859999999997,0.23657525000000001,0.04195194000000002,0.30504264999999997,-0.011080939999999984,0.30984334999999996,-0.008314280000000007,0.11217134000000001,0.04518022999999999,0.13747206,0.007708190000000004,0.1925503,0.058706219999999976,0.10226599999999997,0.03593650000000004,0.17287794999999995,0.008690929999999986,0.14548115000000006,0.010097369999999994,0.2232588000000001,-0.02385379999999998,0.07326809999999995,0.019463930000000018,0.05154179999999997,0.005350980000000005,0.02663289999999996,0.09304867685878182,0.14344295785874644
0.1530123,-0.23639214999999997,0.15612350999999997,-0.24974071999999997,0.15414028999999996,-0.25513844999999996,0.12831304,-0.28297261,0.12072894,-0.29227695,0.053378519999999985,-0.28257093,0.07093065999999998,-0.23017555,0.046579939999999986,-0.17265964999999994,0.08007228,-0.037865550000000026,0.09064533999999996,-0.03248295000000001,0.13809916,0.06403464999999997,-0.002073140000000029,-0.013307749999999952,0.0020731399999999733,0.013307750000000063,0.03255140000000001,0.15761104999999997,0.012749489999999974,0.23321145,0.04113878999999998,0.30440915,-0.010269379999999995,0.30864435,-0.0067985799999999985,0.10991128000000006,0.04406539999999998,0.14017669999999993,0.009141620000000017,0.19230999999999998,0.05802688,0.1019002,0.03462454000000004,0.17091879999999993,0.008587389999999973,0.14679810000000004,0.010676350000000001,0.21990369999999992,-0.02301886999999997,0.07543290000000002,0.017552139999999994,0.05239537999999999,0.004146280000000002,0.026615500000000014,0.09468054091813376,0.14517677672634283
0.15461986500000002,-0.23845065499999996,0.15721943500000002,-0.252064535,0.15569665500000002,-0.25676371499999995,0.12857153500000001,-0.28520975499999995,0.12286385500000002,-0.29264024499999997,0.05354131499999998,-0.28569138499999996,0.073502815,-0.23045027499999998,0.04557541500000001,-0.18044976499999998,0.081633595,-0.03988525499999995,0.09064539500000002,-0.03908816500000001,0.13819575499999998,0.06214358500000006,-0.002731085000000022,-0.013673584999999933,0.002731085000000022,0.013673585000000044,0.031726014999999996,0.1601358850000001,0.01314981500000001,0.23591115500000004,0.04197031499999998,0.304387085,-0.010284754999999979,0.30551948500000004,-0.00796589999999997,0.10524161999999998,0.04506998000000001,0.14136159999999998,0.008130780000000004,0.19056502000000003,0.05656215999999997,0.10202884000000001,0.03445710000000002,0.17380947000000002,0.010244299999999984,0.1442511999999999,0.010418729999999987,0.22223757,-0.023434569999999988,0.06960833,0.01996150000000002,0.05524110999999998,0.005462170000000044,0.027347169999999976,0.09677328088768516,0.1438750072744008
0.15579601000000004,-0.23623481000000002,0.15870121000000004,-0.25023428000000003,0.15655034000000007,-0.25468495,0.13056486000000006,-0.28381887000000006,0.12345871000000003,-0.2904532,0.05461975000000002,-0.28610849000000005,0.07503994000000003,-0.22698885000000002,0.046731550000000066,-0.18768545000000003,0.08392217000000002,-0.03502479000000003,0.09020861000000002,-0.05080605000000005,0.14004891000000003,0.06447949999999991,-0.002809389999999967,-0.014166210000000068,0.0028093900000000227,0.014166209999999957,0.031181060000000038,0.16177635,0.013009240000000033,0.23742734999999993,0.04227163000000006,0.30499794999999996,-0.01173523999999998,0.30499794999999996,-0.007888199999999956,0.09842304000000002,0.043477059999999956,0.13687939999999998,0.008882229999999991,0.19196406,0.05612674000000001,0.09950428999999994,0.033990450000000005,0.17594256000000008,0.011090570000000022,0.14322159999999995,0.01019985000000001,0.22326113999999997,-0.024744480000000013,0.06757060000000004,0.020420190000000005,0.05911964000000003,0.00561877999999999,0.028332420000000025,0.09997412764923531,0.14617151911523152
0.15866005499999997,-0.229731075,0.16017121499999998,-0.24376217499999997,0.159170655,-0.24742310499999998,0.13024087499999998,-0.277619375,0.125548875,-0.281883345,0.056510155000000006,-0.28139471499999996,0.076484775,-0.220674655,0.049443844999999986,-0.18299957499999997,0.08596512499999998,-0.02900352500000003,0.08954203499999996,-0.04505153500000003,0.14198917499999997,0.07033562500000001,-0.0025544450000000163,-0.014398374999999963,0.0025544450000000163,0.014398374999999963,0.03234171499999999,0.161301295,0.01489412499999998,0.23698196500000002,0.04377684500000001,0.306531585,-0.009755824999999996,0.309378425,-0.00706631000000002,0.09839513999999999,0.04009818999999998,0.13794803999999994,0.00948034999999997,0.19167112999999997,0.05602404999999999,0.09933915000000004,0.03489616000000001,0.17569966999999997,0.011435130000000016,0.14523028999999998,0.012339679999999964,0.22258359000000005,-0.024649949999999976,0.07239646,0.01997462,0.060720059999999965,0.005108890000000033,0.028796749999999927,0.09706378236178519,0.15023654637848738
0.15932245,-0.22904213500000004,0.1608385,-0.24285253500000004,0.15992288,-0.24695199500000004,0.13071798,-0.27599349500000003,0.12611918,-0.28135999500000003,0.05654148999999997,-0.278738615,0.07708783000000002,-0.220628675,0.04899580999999997,-0.178724165,0.08676620000000002,-0.030097835000000073,0.08850689,-0.04074983500000007,0.14161122999999998,0.07078743499999995,-0.0027145499999999823,-0.013739704999999991,0.0027145499999999823,0.013739704999999991,0.03124959999999999,0.16428026500000004,0.014183119999999994,0.23738386499999997,0.04379084999999999,0.309119465,-0.00992881000000001,0.309119465,-0.007545679999999999,0.10001445000000003,0.03951108000000003,0.13797432999999992,0.009678369999999992,0.19053083999999992,0.05484502999999996,0.10088527000000003,0.03396414999999997,0.17801997000000003,0.012541250000000004,0.14483919999999995,0.011468570000000011,0.22364415999999998,-0.024111930000000004,0.07173560000000001,0.020546340000000052,0.05810994000000003,0.0054290999999999645,0.027479409999999982,0.09513620887070548,0.15015568991275455
0.16109700499999996,-0.22572578499999996,0.16253204499999996,-0.23980551499999997,0.16162612499999995,-0.243551085,0.132331655,-0.273280465,0.12772767499999998,-0.277845685,0.05706822499999997,-0.276524035,0.07917456499999997,-0.21717482499999996,0.04759730499999998,-0.17989418499999998,0.08881039499999999,-0.028684135,0.08735637499999999,-0.04238521500000003,0.14202047499999998,0.07155257500000001,-0.003223945000000006,-0.013970554999999996,0.0032239449999999503,0.013970554999999996,0.033014074999999976,0.164045275,0.015879194999999957,0.23761421500000002,0.044336004999999956,0.310550215,-0.008438075000000045,0.310550215,-0.009470919999999994,0.09662985000000002,0.03975907000000001,0.13750896999999995,0.009635830000000012,0.18849068999999996,0.05321007999999999,0.10023671,0.03623801999999998,0.17801582999999999,0.01132192999999998,0.14650494000000003,0.012655250000000007,0.22364366000000002,-0.024317270000000002,0.072936,0.022106340000000002,0.05934921000000004,0.006447889999999956,0.02794110999999999,0.09493254064975824,0.150266981627107
0.16323024000000003,-0.22445630500000002,0.16458254,-0.23920288500000003,0.16347888,-0.24236517500000004,0.13419047,-0.274157435,0.12903653999999998,-0.27716052500000005,0.056165010000000015,-0.27850510500000003,0.08227614,-0.21626450500000005,0.044456039999999974,-0.18360206499999998,0.09051194000000001,-0.026471405000000003,0.08497916999999999,-0.050299305000000016,0.14250046,0.07345244499999992,-0.004453360000000017,-0.01455804500000002,0.004453360000000017,0.01455804500000002,0.03245017,0.16483909499999994,0.01643159999999999,0.241041595,0.04636269999999998,0.31053069499999997,-0.009569969999999983,0.31053069499999997,-0.01170897000000004,0.09490304000000005,0.04052313000000002,0.13330275999999996,0.008235800000000015,0.18979310000000005,0.05198851999999998,0.09992384999999993,0.03690353000000002,0.17939713999999995,0.013912529999999979,0.14569160000000003,0.011978239999999973,0.22648354999999998,-0.026001569999999974,0.06948909999999997,0.026111129999999982,0.06224059999999998,0.008906720000000035,0.02911609000000004,0.09630999474918739,0.15008514973097764
0.162612435,-0.222090905,0.16471129500000004,-0.23676127500000005,0.16274663500000003,-0.24004862500000002,0.135785545,-0.272021565,0.129023275,-0.27548832500000003,0.05761724500000004,-0.277706125,0.08276519500000001,-0.21601919500000005,0.04361432500000001,-0.18531975499999997,0.090537845,-0.02629582500000005,0.082574215,-0.05573729500000002,0.14248251500000003,0.07341411499999995,-0.00406757499999999,-0.014153925000000012,0.0040675750000000455,0.014153925000000012,0.031952775000000044,0.16700460499999992,0.015880795000000003,0.24044357500000002,0.04541967499999999,0.31087597499999997,-0.010222224999999974,0.31087597499999997,-0.01400292000000003,0.09238637000000005,0.03895989,0.12958245999999995,0.007772649999999992,0.18972337,0.051944670000000026,0.09970994,0.036020350000000034,0.18115852999999993,0.013466899999999948,0.14387137000000005,0.011813219999999958,0.22628965,-0.026103019999999977,0.07043239999999995,0.025147949999999974,0.06168692999999997,0.008135150000000035,0.028307850000000023,0.09610398761217456,0.1505671469280058
0.16566044000000002,-0.22013358000000005,0.16805432000000003,-0.23475049000000003,0.16523249,-0.23856849000000002,0.13942767,-0.26901449000000005,0.12988696,-0.27367095,0.06228236000000004,-0.2739032,0.08230928000000004,-0.21408267000000003,0.05281887000000002,-0.17603703000000004,0.09388384,-0.02307618,0.08949802000000001,-0.03642233000000006,0.14609464,0.07676582999999992,-0.002279539999999969,-0.013948870000000002,0.0022795400000000243,0.013948870000000002,0.03581006000000003,0.1646012699999999,0.01850919000000001,0.23823726999999995,0.04787511,0.31190936999999996,-0.009107580000000004,0.31190936999999996,-0.009463490000000019,0.09786616999999997,0.036679149999999994,0.13961469999999998,0.011574559999999956,0.19100649000000003,0.0522108,0.09984200999999993,0.0380896,0.1785501399999999,0.012065049999999966,0.14730810000000005,0.016229649999999984,0.22428839999999994,-0.027616770000000013,0.07367210000000002,0.020026920000000004,0.05982052999999998,0.004559079999999993,0.027897740000000004,0.09448903070687728,0.15693550730045633
0.165302275,-0.21826791000000006,0.16796180500000002,-0.23317402000000004,0.164728025,-0.23658394000000005,0.14007544500000002,-0.26858764,0.13000282500000004,-0.27233298000000006,0.06227358500000002,-0.27484705000000004,0.08368837500000004,-0.21403410000000006,0.05048152500000003,-0.18024278000000005,0.09378575500000003,-0.02415632000000001,0.08824178500000002,-0.04322318000000003,0.14535984500000004,0.07572031999999995,-0.0027507250000000094,-0.013891880000000079,0.0027507250000000094,0.013891879999999968,0.03486320500000001,0.16689688999999996,0.018163825000000022,0.2389192699999999,0.047134394999999996,0.31181371999999996,-0.009573014999999963,0.31181371999999996,-0.011792059999999993,0.09460426999999999,0.03776025999999999,0.13701960000000002,0.01009737999999999,0.18987778000000005,0.05157409000000002,0.09987663999999996,0.03761393000000002,0.18078877000000004,0.012271189999999987,0.14491683,0.015413100000000013,0.22502738999999994,-0.027736839999999985,0.07289445000000006,0.021414790000000017,0.06081294999999998,0.005501450000000019,0.027783760000000046,0.09560314867089945,0.15543525050646653
0.164906875,-0.21876284000000001,0.16730455499999997,-0.2334368,0.164519445,-0.23680878,0.139166075,-0.26834822,0.13032749499999996,-0.27199438000000004,0.06271831499999997,-0.27480927,0.083269435,-0.21422562,0.051337314999999994,-0.18127590000000005,0.093207555,-0.025363000000000024,0.08793254499999997,-0.04381915999999997,0.145345165,0.07513130000000001,-0.0023776750000000235,-0.013792660000000012,0.002377674999999968,0.013792660000000012,0.034940525,0.16694924,0.017359714999999998,0.23861535999999994,0.04735983499999996,0.3110573,-0.010288524999999993,0.3110573,-0.011380999999999974,0.09353336999999995,0.03659522999999998,0.13745674000000008,0.009938119999999995,0.18886261999999998,0.05213761,0.10049430000000004,0.037318200000000024,0.1807419,0.012419309999999961,0.14410805999999998,0.01498204000000003,0.22482269999999993,-0.02764823999999999,0.07244194000000004,0.020551120000000034,0.06058364999999999,0.0047553499999999915,0.027585320000000024,0.09517103833991934,0.15557034406965134
0.16577986,-0.21674971999999998,0.16808247999999998,-0.23172452,0.16507685,-0.23468972,0.13990348000000002,-0.26696218,0.13038258000000003,-0.26948847,0.06347054000000002,-0.27399621999999996,0.0835863,-0.21155754999999998,0.05215782000000002,-0.18218482000000003,0.09382614,-0.02274471999999994,0.08693818000000003,-0.04718847000000004,0.14606718000000002,0.07759347999999999,-0.0022156199999999737,-0.01429767999999998,0.0022156200000000292,0.01429767999999998,0.03547185000000003,0.16387324000000003,0.01800811000000002,0.23841272000000002,0.04726260999999998,0.31123738,-0.010412619999999984,0.31267588,-0.011312719999999998,0.09181139999999993,0.03478036000000001,0.13499635,0.01023984,0.18881283000000004,0.052241040000000016,0.10033819999999993,0.03768747,0.17817092,0.011790759999999956,0.14736413999999998,0.015792489999999992,0.22411504000000004,-0.028420730000000005,0.07426316,0.020115759999999983,0.062438669999999974,0.004431240000000003,0.02859535999999996,0.09502738616453735,0.15716115808962977
0.16523776,-0.21846289000000002,0.16741423,-0.23321737000000003,0.1647367,-0.23640264000000005,0.13876985999999997,-0.26833872000000003,0.12992419,-0.27137194000000003,0.06251223,-0.27540702000000006,0.08269936,-0.21331600000000006,0.05197141999999999,-0.18289311000000008,0.09335756,-0.0248406000000001,0.08770381,-0.04637757000000009,0.14565280999999997,0.0747696699999999,-0.002231700000000003,-0.014237870000000097,0.002231700000000003,0.014237869999999986,0.03456478000000002,0.16406942999999996,0.016731689999999966,0.23844482999999994,0.04631722999999999,0.31030773,-0.011083200000000015,0.31086002999999995,-0.010540810000000012,0.09251390999999998,0.03573239,0.13651554,0.010658200000000007,0.18847539999999996,0.05229524999999996,0.09961027,0.03679648000000002,0.17830730000000006,0.01175244999999997,0.14623830000000004,0.014499989999999963,0.22420695999999996,-0.02781488999999998,0.07241520000000001,0.020187129999999998,0.06209102,0.004463400000000006,0.028475740000000083,0.09550579184033865,0.15567181377780653
0.164518765,-0.220237735,0.167015195,-0.235233635,0.16383341500000004,-0.23841953499999996,0.138781965,-0.270455695,0.128569365,-0.27355363499999996,0.061731764999999994,-0.277118415,0.08179584500000003,-0.214242665,0.05136586500000001,-0.18500894499999998,0.09280041500000002,-0.02553284499999997,0.088190345,-0.04780579499999993,0.14545309500000003,0.07315814500000006,-0.0021989949999999814,-0.014505564999999998,0.002198995000000037,0.014505564999999998,0.034558385000000025,0.16264927500000004,0.016079465000000015,0.23840080500000005,0.046556665,0.308801055,-0.011908114999999997,0.309324205,-0.010365899999999983,0.09210947000000003,0.03682447999999999,0.13720315000000005,0.011004569999999991,0.18870982000000003,0.05265268000000001,0.09869099000000003,0.036757380000000006,0.17715484000000004,0.011998279999999972,0.14615177999999995,0.013880469999999978,0.22389524000000005,-0.027987580000000012,0.07092339999999997,0.02006408000000004,0.06287575000000001,0.004397990000000018,0.029011129999999996,0.0963282829894133,0.15479619603680966
0.16341132999999997,-0.21995572999999996,0.16593515999999997,-0.23459498999999995,0.16324276,-0.23809035999999995,0.13786429,-0.27007435999999996,0.12938368,-0.27396962999999996,0.061006899999999975,-0.27756487999999996,0.08270012999999998,-0.21533204999999994,0.05062152999999997,-0.1856517299999999,0.09174844999999998,-0.025927889999999953,0.08879830999999999,-0.04731725999999992,0.14316060999999997,0.07026423000000004,-0.00277579,-0.014116829999999969,0.00277579,0.01411683000000008,0.03440036999999996,0.16739377,0.01573186999999998,0.24037773000000007,0.04692082999999997,0.30959577000000005,-0.013475600000000032,0.30959577000000005,-0.010385370000000005,0.09191315000000005,0.03817678000000002,0.13833447,0.009048319999999999,0.18940416,0.051412159999999985,0.09619211999999999,0.03717615999999996,0.18151059999999997,0.012520460000000011,0.14220200000000005,0.012956079999999981,0.2262609,-0.029207470000000013,0.06921803999999998,0.021693230000000008,0.06223283000000002,0.00555158,0.02823366000000005,0.09740679823808447,0.1511966541071342
0.16140690000000002,-0.21923342,0.16471882,-0.23340067000000003,0.16180413999999999,-0.2379021,0.13759462,-0.26912826,0.12870922,-0.27581886,0.059800980000000004,-0.27674028,0.08144879,-0.21795678000000002,0.049784720000000005,-0.17669594,0.08959422,-0.025885600000000064,0.09264555000000002,-0.03071389999999996,0.14206457,0.07228749999999995,-0.002936300000000003,-0.013766500000000015,0.002936300000000003,0.013766500000000015,0.03447836999999998,0.16503999999999996,0.015236199999999978,0.23873042999999994,0.04702029000000002,0.3099128,-0.013065380000000015,0.3099128,-0.010016259999999999,0.10004434000000001,0.042860830000000016,0.14598204000000004,0.008145430000000009,0.19207117999999995,0.05247035,0.09817310000000001,0.03741466999999998,0.17880649999999998,0.01254192000000004,0.14487280000000002,0.012299899999999975,0.22496392999999992,-0.028301579999999993,0.07118237000000005,0.02164780999999999,0.05878349999999999,0.005872600000000006,0.02753300000000003,0.09707267595045736,0.15093502891705718
0.16180457499999995,-0.22051735,0.16526342499999996,-0.23513142000000004,0.16200788499999996,-0.23917393000000003,0.13863682499999996,-0.27067162,0.12912295499999998,-0.27636669,0.06011296499999996,-0.27672852000000003,0.08234942499999998,-0.21731335000000002,0.04707886499999997,-0.17630140000000005,0.08745886499999994,-0.024571100000000068,0.08996127499999995,-0.03176365000000003,0.14172362499999996,0.07316964999999997,-0.003204275000000034,-0.01385274999999997,0.0032042749999999787,0.01385274999999997,0.03371326499999999,0.16636635,0.01543249499999999,0.23984474999999994,0.046453724999999946,0.31028225,-0.014421445000000033,0.31028225,-0.013034099999999993,0.10042711999999998,0.04288240999999998,0.14453775000000002,0.005109439999999965,0.19274224999999995,0.05426476000000002,0.09774075000000004,0.036917540000000026,0.18021909999999997,0.012740459999999953,0.14391589999999999,0.012228220000000012,0.22599199999999997,-0.029853940000000023,0.07043750000000004,0.022236460000000013,0.05941517000000002,0.006408550000000013,0.02770549999999994,0.09487159767608269,0.1506854503594574
0.16055265000000002,-0.22189875000000003,0.16498945000000004,-0.23639153000000002,0.16056306000000004,-0.24115251000000004,0.13939450000000003,-0.27101966000000005,0.12717898,-0.27838653,0.05988715,-0.27640431000000004,0.07964573000000003,-0.21747473000000006,0.04578688000000003,-0.17807172999999998,0.08214738000000005,-0.02440449,0.08944158000000002,-0.031015830000000078,0.13943798000000002,0.07325607,-0.0026669799999999855,-0.013777829999999991,0.002666980000000041,0.013777829999999991,0.0319565,0.16806036999999996,0.014847820000000012,0.23982596999999994,0.04448262000000003,0.31107536999999996,-0.014891949999999987,0.31107536999999996,-0.01410026999999997,0.09833258000000006,0.04365469999999999,0.1470558999999999,0.002501650000000022,0.19307024000000006,0.05729059999999997,0.09766056000000001,0.034623479999999984,0.18183819999999995,0.01252612000000003,0.143015,0.01218083999999997,0.22604813999999995,-0.02973977,0.07124940000000002,0.019758580000000026,0.05892957999999998,0.0053339600000000265,0.027555659999999982,0.09370771296576182,0.14914411645954256
0.15645580999999997,-0.22147646999999998,0.16154909,-0.23549683,0.15682067,-0.24081803000000002,0.13756216999999998,-0.27065504,0.12471681000000001,-0.27974344,0.06025829999999999,-0.2755149,0.07567054000000001,-0.2203351,0.04392900999999999,-0.16815725999999998,0.07527499999999998,-0.022860400000000003,0.08631616999999997,-0.019111199999999995,0.13497572999999996,0.0759358,-0.0013636300000000046,-0.01305120000000004,0.0013636300000000046,0.01305120000000004,0.03125133999999996,0.17202403,0.011256129999999975,0.24132326000000004,0.04207854999999999,0.3121024,-0.01575452999999999,0.3121024,-0.016329289999999996,0.10735764000000003,0.04238715999999998,0.14904605999999998,-0.00039554000000002754,0.1974747,0.05970072999999998,0.0987962,0.032614969999999965,0.18507523000000003,0.010827210000000032,0.14007837,0.00989249999999997,0.22827206,-0.027010659999999964,0.07077913999999996,0.015412240000000021,0.0551798,0.002727260000000009,0.02610240000000008,0.08788896931947714,0.14767080342291763
0.15700119499999998,-0.2220413799999999,0.16244323499999996,-0.23614154999999992,0.15794279499999997,-0.24165336999999992,0.13890354499999996,-0.2721614699999999,0.126592955,-0.2820341999999999,0.05821092499999997,-0.2761247999999999,0.07733194499999996,-0.22191307999999987,0.03827436499999998,-0.1659485999999999,0.07206279499999996,-0.02152989999999988,0.084373645,-0.023436199999999907,0.136090265,0.07715630000000007,-0.0028144549999999935,-0.01318089999999994,0.0028144549999999935,0.013180900000000051,0.032221575,0.17329980000000011,0.013619174999999983,0.24354360000000008,0.04417832499999996,0.3129379000000001,-0.013709854999999993,0.3129379000000001,-0.019936559999999992,0.1101762,0.04609928000000002,0.14251239999999998,-0.00526915,0.20038318,0.06402747000000003,0.09868619999999995,0.035036029999999996,0.18648070000000005,0.01195674999999996,0.1396381,0.01080471999999999,0.23036270000000003,-0.027329029999999976,0.06939430000000002,0.01912101999999999,0.05421172000000002,0.005628909999999987,0.02636179999999999,0.08778915627627365,0.14783535888384788
0.15791784000000003,-0.22505617000000006,0.16308606000000003,-0.23970355000000004,0.15771236,-0.24495887000000005,0.13865541000000003,-0.27456073000000003,0.12334106,-0.28351579000000005,0.05739523000000002,-0.27516700000000005,0.07396376000000005,-0.22171302000000004,0.034549580000000024,-0.1699439100000001,0.06636820000000004,-0.02606057000000006,0.07907723,-0.03132917000000002,0.12989906,0.07259412999999992,-0.0020586099999999607,-0.012735270000000076,0.0020586100000000163,0.012735269999999965,0.030886330000000017,0.17858182999999994,0.012082760000000026,0.24317867999999998,0.04465036,0.31158752999999995,-0.012588539999999981,0.31158752999999995,-0.022845649999999995,0.10522308999999996,0.044527649999999974,0.13861474000000007,-0.007595560000000001,0.19565244999999998,0.06353085999999997,0.09865469999999998,0.03294493999999998,0.19131710000000002,0.013764029999999983,0.1330057,0.01002415000000001,0.23044341000000002,-0.024671300000000007,0.06840884999999997,0.016568530000000026,0.05345398000000001,0.004117219999999977,0.02547054000000004,0.08323915935252825,0.14116041859070158
0.15725885000000006,-0.22831881000000004,0.16193368000000002,-0.24308083000000003,0.15711682000000005,-0.24801111000000003,0.13694637000000004,-0.27792635000000004,0.12267177000000001,-0.2860345,0.05662568000000001,-0.2774468500000001,0.07182454000000005,-0.22294060000000004,0.03269000000000005,-0.17082191000000002,0.06256492000000002,-0.02401030000000004,0.07570763000000003,-0.03643285000000007,0.13227664000000006,0.07399814999999998,-0.001626179999999977,-0.013270450000000045,0.0016261800000000326,0.013270449999999934,0.03290276000000003,0.17741554999999998,0.01305677000000005,0.24369870999999999,0.04604934000000005,0.31045674999999995,-0.011209099999999972,0.31045674999999995,-0.02393567999999996,0.10662494000000006,0.04301762999999997,0.13438905999999995,-0.009259620000000024,0.1989303,0.06971172000000003,0.09800845000000002,0.03452894000000001,0.19068600000000002,0.013146580000000019,0.13304119999999997,0.011430590000000018,0.23042826000000005,-0.024265870000000023,0.06675803999999996,0.015198860000000036,0.054506250000000034,0.0032523600000000097,0.02654089999999998,0.0807280307134771,0.1440742733644755
0.153904365,-0.2335122999999999,0.15848605499999996,-0.24790976999999992,0.15446241499999996,-0.2532126199999999,0.133245815,-0.2833510199999999,0.12064521499999997,-0.2926424999999999,0.05213995499999996,-0.2819923599999999,0.06959871499999998,-0.2288847999999999,0.02713738499999996,-0.1676011999999999,0.05963669499999996,-0.024627299999999908,0.07225988499999997,-0.0363680999999999,0.13208247499999998,0.07411523000000009,-0.002331215000000053,-0.013315899999999936,0.0023312149999999976,0.013315900000000047,0.032270314999999994,0.17773300000000014,0.011661364999999979,0.24549670000000012,0.04485545499999999,0.3053049000000001,-0.01292543500000004,0.3053049000000001,-0.025002570000000002,0.11439115999999999,0.04512250000000001,0.1312331,-0.009962020000000016,0.20425749999999998,0.07244578000000002,0.09874253,0.03460153000000005,0.19104890000000008,0.012585139999999995,0.12757189999999996,0.009330149999999982,0.23218080000000008,-0.02458680000000002,0.05980819999999998,0.017458760000000018,0.05310756,0.004662430000000051,0.026631799999999983,0.07807199321171454,0.14328973445448387
0.153964475,-0.23214591499999998,0.15972551499999998,-0.246567545,0.154323995,-0.25261011499999997,0.135877935,-0.28157641499999997,0.11966061499999997,-0.29290981499999996,0.05375543500000002,-0.280399615,0.06725132499999997,-0.227845635,0.028281394999999987,-0.16580631499999998,0.057600174999999976,-0.021628714999999965,0.07137164499999998,-0.03265831499999994,0.13099399499999997,0.07869952499999999,-0.001105395000000009,-0.013541284999999958,0.001105395000000009,0.01354128500000007,0.033830735,0.176103585,0.011653994999999973,0.24637293500000002,0.044409034999999986,0.306806385,-0.012287464999999997,0.306806385,-0.02547404000000003,0.11459330000000001,0.04309025,0.13314800000000004,-0.009651149999999997,0.20621692000000003,0.07339382,0.10032823999999996,0.03493613000000001,0.18964486999999997,0.010578299999999985,0.1307028,0.010548599999999964,0.23283164999999995,-0.02394145999999997,0.06043345,0.013495889999999955,0.05255398,0.002210790000000018,0.027082570000000028,0.07495586810372153,0.14531567241649326
0.154730305,-0.23517527,0.160063485,-0.24973474999999995,0.154488605,-0.25524579,0.13549314499999998,-0.28395863,0.11821816499999999,-0.29387019999999997,0.05468498500000002,-0.28167476999999996,0.06493902499999998,-0.22810824999999996,0.030340654999999994,-0.17084376999999995,0.055236805,-0.024713329999999978,0.069964835,-0.037044039999999945,0.12865124500000003,0.07976022999999999,-6.647500000001028e-05,-0.013668069999999921,6.647500000001028e-05,0.013668070000000032,0.033131825000000004,0.17557033,0.011839025000000003,0.24504343000000006,0.042283875000000026,0.30482633000000003,-0.012312755000000009,0.30482633000000003,-0.024344330000000025,0.11083100000000001,0.03962418000000001,0.13379973,-0.009702219999999984,0.20339491999999998,0.07341444000000003,0.10447355999999997,0.033198300000000014,0.18923839999999992,0.009152050000000023,0.12925600000000004,0.011772549999999993,0.23137536000000003,-0.02415178000000001,0.05978289999999997,0.010254039999999964,0.053566520000000006,0.00013295000000002055,0.027336139999999953,0.07382967122882915,0.1445759893254011
0.15205776,-0.24040562,0.15792058999999997,-0.25475085,0.15245356,-0.26075956,0.13396535999999998,-0.288736,0.11760305999999998,-0.29989678,0.052145830000000004,-0.28669527,0.06502994000000001,-0.23207665,0.027943359999999973,-0.17907439999999997,0.05544606000000002,-0.02603783999999998,0.06963620999999998,-0.048762349999999954,0.13065962999999997,0.08058209999999999,-0.0009700200000000159,-0.013758900000000018,0.0009700200000000159,0.013758900000000018,0.03166935999999998,0.17659977000000004,0.01107161000000001,0.2453533,0.04234891000000002,0.3014141,-0.013023090000000015,0.3014141,-0.02420247000000003,0.10762087000000004,0.041692850000000004,0.13031205,-0.009583879999999989,0.20603881000000002,0.07521356999999995,0.10661993999999997,0.032639379999999996,0.19035867000000006,0.010679550000000038,0.12481432999999997,0.010101589999999994,0.23159439999999998,-0.024094700000000024,0.05606080000000002,0.012884110000000004,0.05461862000000001,0.0019400400000000317,0.027517800000000037,0.07880660649155878,0.14589288879240167
0.15256218,-0.24090058499999994,0.15745452,-0.255357395,0.1529589,-0.261028775,0.13218217999999998,-0.28921479499999997,0.11809614000000002,-0.299416225,0.051264980000000016,-0.285650325,0.06611544000000003,-0.23184064499999996,0.028246249999999973,-0.17217297499999995,0.058033049999999975,-0.024115565000000005,0.07073000000000002,-0.038843925,0.13397330000000002,0.08368187500000002,-0.0015439400000000214,-0.01360302499999999,0.0015439400000000214,0.01360302499999999,0.032620380000000004,0.17941717499999998,0.01310188000000001,0.24710290499999998,0.044233279999999986,0.30120467500000003,-0.01147514999999999,0.30120467500000003,-0.023018730000000043,0.11347735000000003,0.04248375000000004,0.13332904999999995,-0.00808239000000005,0.20772507999999995,0.07594025000000004,0.10779744000000002,0.034164320000000026,0.19302019999999998,0.011612899999999982,0.12178750000000005,0.011557939999999989,0.23349988,-0.02457703,0.05410177000000005,0.01485046000000001,0.053809680000000026,0.003087880000000043,0.02720604999999998,0.07655472183956784,0.14982850398816674
0.15309523999999997,-0.24183706999999993,0.15817042999999997,-0.25645134999999997,0.15340658999999995,-0.26270277999999997,0.13294330999999998,-0.2903893699999999,0.11778140999999998,-0.30199059999999994,0.04955714999999994,-0.28548039999999997,0.06723534999999997,-0.23391033999999994,0.02530198999999994,-0.16549976,0.06147110999999994,-0.022458699999999943,0.06764792999999997,-0.03294635999999995,0.14107453999999997,0.08593530000000005,-0.0022434600000000304,-0.01331059999999995,0.002243459999999975,0.013310600000000061,0.033622409999999936,0.1822658600000001,0.015200169999999957,0.24944733000000008,0.04721354999999994,0.29999660000000006,-0.011806520000000043,0.29999660000000006,-0.024255159999999998,0.11998063999999997,0.042345940000000026,0.13255340000000004,-0.0057642400000000316,0.21145164,0.07960343000000003,0.10839399999999999,0.035865869999999966,0.19557646000000006,0.013591140000000002,0.11773073999999994,0.012956709999999982,0.23613673000000002,-0.02700669,0.05054926999999998,0.017678200000000033,0.05157006000000003,0.004486920000000005,0.02662120000000001,0.07259731032834274,0.15667934076979134
0.15396231500000002,-0.24168784999999998,0.158549145,-0.25652777,0.153987345,-0.26248907,0.13254082500000003,-0.29101954,0.11776346500000001,-0.30159287,0.050252885000000025,-0.2865701,0.06733271500000004,-0.23293333,0.029276765000000038,-0.16682202999999995,0.064541285,-0.019970849999999984,0.07586336500000002,-0.027675099999999953,0.14527866500000003,0.08809774000000004,-0.0021005249999999642,-0.013522999999999952,0.0021005250000000197,0.013522999999999952,0.034705105000000014,0.18594173999999997,0.016097515000000007,0.25073809999999996,0.046460895,0.2999423,-0.010601315,0.2999423,-0.020976119999999987,0.11974807000000004,0.04658659999999998,0.13914693,-0.002791430000000039,0.21296248,0.08073738000000003,0.10806859000000002,0.03680562999999998,0.19946473999999992,0.011755789999999988,0.11400056000000003,0.013996989999999987,0.2372151,-0.026698830000000007,0.04920420000000003,0.017079830000000018,0.05363677,0.004201049999999984,0.027045999999999903,0.07923793332957452,0.16143534811164256
0.15319368,-0.24310270000000006,0.1575008,-0.25805378000000007,0.1532557,-0.26347521000000007,0.13113281000000004,-0.29277196000000005,0.11724460000000003,-0.3017090300000001,0.05042958000000003,-0.29089367000000005,0.06665170000000004,-0.23110476000000008,0.033138040000000035,-0.18284093000000012,0.06718466000000001,-0.018199430000000127,0.07633260000000003,-0.04693173000000006,0.14855266,0.09154841999999996,-0.0017237099999999894,-0.014589570000000052,0.001723710000000045,0.01458956999999994,0.03560576000000004,0.18389686999999988,0.016399830000000004,0.2509572699999999,0.045582060000000035,0.3000203699999999,-0.011057339999999971,0.3000203699999999,-0.017291539999999994,0.10805273999999992,0.04319455999999999,0.13590920000000006,0.0005329599999999712,0.21290532999999995,0.081368,0.10974785000000009,0.03732947000000003,0.19848643999999993,0.009976299999999994,0.11612350000000005,0.01467611999999996,0.23636769999999996,-0.027457169999999975,0.049063100000000026,0.016222120000000007,0.05978890999999997,0.0034474200000000343,0.029179139999999992,0.08449143651448769,0.16577516445904975
0.15254188500000004,-0.24494883499999992,0.15711656500000004,-0.25962365499999995,0.15292376500000004,-0.26559435499999995,0.130786685,-0.29454642499999995,0.11674121500000001,-0.3049508549999999,0.048759785,-0.2929582349999999,0.06645518500000003,-0.23486653499999993,0.03276708500000003,-0.1810357549999999,0.06982180500000001,-0.021418214999999963,0.078172415,-0.0446889949999999,0.15130442500000002,0.09197771500000007,-0.0020675649999999934,-0.014685984999999957,0.0020675649999999934,0.014685985000000068,0.036859065000000024,0.17915368500000006,0.017429185000000014,0.2501670450000001,0.04737645500000004,0.2981496450000001,-0.01001991499999999,0.2981496450000001,-0.01599269999999997,0.11192247999999999,0.045405329999999966,0.13634676,0.003366619999999987,0.21344831999999997,0.08148262,0.11339593000000003,0.03892663000000002,0.19383967000000002,0.010517390000000015,0.11899596000000001,0.01536162000000002,0.23548106000000002,-0.027449100000000004,0.047982599999999986,0.017695400000000028,0.05809169999999997,0.004135129999999987,0.029371970000000025,0.08566583332613122,0.16806442785150136
0.15170390499999997,-0.24687846000000002,0.15468855499999995,-0.25966038,0.152992315,-0.26613112,0.12689525499999998,-0.2981693,0.11716335499999997,-0.30815418,0.04755587499999997,-0.3000238,0.06617943499999995,-0.2406352,0.030390454999999983,-0.18504904,0.07089040499999999,-0.023296100000000042,0.07423640499999995,-0.049481600000000014,0.153542825,0.09255849999999999,-0.001575395000000035,-0.01503920000000003,0.0015753949999999795,0.01503920000000003,0.031648175,0.19318190000000002,0.015429594999999963,0.26089633999999995,0.04493792499999999,0.2972876,-0.016050745000000033,0.2972876,-0.017165419999999987,0.11497476000000001,0.04384594999999997,0.13556743999999998,0.0047109700000000365,0.21733909999999995,0.08265242,0.11585460000000003,0.033223570000000036,0.20822110000000005,0.013289749999999989,0.10410569999999997,0.013854199999999983,0.24585713999999992,-0.031480339999999996,0.036391260000000036,0.018623559999999983,0.059388600000000014,0.0031507900000000144,0.03007840000000006,0.08326888937052059,0.17059701537041877
0.15211092999999998,-0.2526367999999999,0.15560212,-0.2650147499999999,0.15354018999999997,-0.2722793499999999,0.12792210999999998,-0.3015266499999999,0.11722402999999998,-0.31375661999999993,0.049795179999999994,-0.3010480199999999,0.06309533,-0.2450672699999999,0.034177389999999974,-0.1830265499999999,0.07050340999999999,-0.029313479999999892,0.07880986000000001,-0.04341468999999987,0.15470224,0.08842425000000009,-6.774000000003833e-05,-0.014878349999999929,6.773999999998281e-05,0.01487835000000004,0.03150986,0.1810687500000001,0.016345940000000003,0.2513601500000001,0.04095006000000001,0.2922577500000001,-0.010029339999999998,0.2922577500000001,-0.01561779000000002,0.11802147000000002,0.044632470000000035,0.13961186000000003,0.007408079999999984,0.21575379,0.08419883,0.11773772999999998,0.03157760000000004,0.19594710000000004,0.00944020000000001,0.11118899999999998,0.01627820000000002,0.23648180000000008,-0.02637528,0.04089759999999998,0.01330015000000001,0.055980750000000024,0.00013548000000002114,0.02975669999999997,0.083880858855615,0.1712332561071593
0.150547225,-0.2538340149999999,0.15437230500000004,-0.26631464499999996,0.15190458500000004,-0.2734769449999999,0.12729245500000003,-0.30303021499999994,0.11580658500000002,-0.31510901499999994,0.048473655000000004,-0.3023215449999999,0.06268486500000003,-0.24551363499999995,0.03194055500000004,-0.1863353149999999,0.07009226500000004,-0.030130814999999922,0.07678572500000003,-0.04675931499999997,0.15361258500000002,0.08655054500000003,-0.0003954449999999943,-0.01483691499999995,0.0003954449999999943,0.014836915000000062,0.031259745000000005,0.18243433500000006,0.01592168500000002,0.2507358350000001,0.04014074500000003,0.29103238500000006,-0.010534944999999962,0.29103238500000006,-0.016533099999999967,0.11598623000000002,0.04484516999999999,0.13957599999999992,0.007407400000000008,0.21538282000000003,0.08352031999999998,0.11668135999999996,0.03165519,0.19727125,0.008881000000000028,0.10859805,0.015526240000000024,0.23589892,-0.02645662999999998,0.04029654999999999,0.01421121000000003,0.05680790999999996,0.0007908899999999885,0.029673830000000012,0.08352228818901518,0.16916955020793933
0.14995027500000002,-0.2550932,0.15446123500000003,-0.26967381,0.150695295,-0.27590169000000003,0.127178495,-0.30399363,0.114137875,-0.31512024,0.044856275,-0.30039109,0.064109535,-0.24175589000000003,0.03308127500000002,-0.18778327000000006,0.07341763499999998,-0.028852630000000046,0.082336515,-0.04979476999999999,0.154565905,0.08576932999999998,-0.002812474999999981,-0.01512013000000001,0.002812474999999981,0.01512013000000001,0.03515074499999998,0.17212368999999994,0.018441295000000024,0.24521769999999998,0.043292525000000026,0.28918983,-0.004948465000000013,0.28918983,-0.01177499999999998,0.11260781999999997,0.04925523999999998,0.13798850000000007,0.009308099999999986,0.21290325999999998,0.08114827000000002,0.11462196000000002,0.037963219999999964,0.18724381999999995,0.008141780000000043,0.11706614000000004,0.015628820000000043,0.23009756999999997,-0.023389760000000037,0.04397213,0.019253259999999994,0.0586352,0.005624949999999962,0.03024026000000002,0.0919384639699277,0.16739298963040508
0.14817330500000003,-0.25591060000000004,0.15239854500000005,-0.27018278,0.14927989500000005,-0.27658089,0.12486914500000001,-0.30469315,0.11309796500000002,-0.31644698000000004,0.04421436500000003,-0.30009558000000003,0.061632005000000045,-0.24269207000000004,0.034703945000000014,-0.18248938999999997,0.07153234500000005,-0.02735722000000007,0.08521768500000004,-0.03771672000000004,0.15461251500000006,0.08642585000000003,-0.002262414999999962,-0.014843280000000014,0.0022624150000000176,0.014843280000000014,0.037104315000000054,0.17612737999999994,0.01786452500000002,0.24651827999999998,0.04207724500000004,0.28909398,-0.0056768049999999515,0.28909398,-0.00951042000000002,0.11760619000000005,0.05051374000000003,0.14477266999999994,0.009900340000000007,0.21533484999999997,0.08308017000000001,0.1137830700000001,0.039366730000000016,0.19097065999999996,0.0049729299999999865,0.11296660000000003,0.015602110000000002,0.23167499999999996,-0.02354132999999997,0.042575699999999994,0.017417640000000012,0.05740350999999999,0.00452482999999998,0.02968656000000003,0.09042102716428077,0.1683288962056572
0.14641221,-0.25680864999999997,0.15153772999999998,-0.27122707999999995,0.14705403,-0.27780671999999995,0.12524374,-0.30555979999999994,0.11017473,-0.31779767999999997,0.043979539999999984,-0.30202122,0.058996579999999965,-0.24326259999999994,0.031189899999999993,-0.18958372999999995,0.07023311999999998,-0.027843850000000003,0.07702176,-0.05018859999999992,0.15371251999999996,0.08379760000000003,-0.0012207200000000085,-0.014941399999999994,0.001220719999999953,0.014941399999999994,0.03738332999999999,0.17582725,0.016160919999999968,0.24494843,0.04061985999999995,0.28716050000000004,-0.007463560000000036,0.28716050000000004,-0.012789639999999991,0.11243749000000003,0.04583186,0.13939513000000003,0.011236540000000017,0.21541874999999994,0.08347939999999998,0.11164145000000003,0.03860405,0.19076864999999998,0.0032365299999999597,0.11133325000000005,0.014940200000000015,0.23000703,-0.023624480000000003,0.042212070000000046,0.015017039999999982,0.05875862000000004,0.0024414399999999614,0.029882799999999987,0.0858152130125562,0.16731684118964238
0.14597512499999998,-0.2561343500000001,0.150652715,-0.2704859200000001,0.14639687499999998,-0.2771124300000001,0.12386004500000003,-0.3040799300000001,0.10905964499999998,-0.3162475000000001,0.04313935499999999,-0.2991155800000001,0.058044894999999985,-0.2417452100000001,0.03047407499999999,-0.18460925000000006,0.068411695,-0.02663935000000006,0.07632855500000002,-0.0444541100000001,0.15298010500000003,0.08474714999999988,-0.0011390250000000157,-0.014776250000000046,0.0011390250000000157,0.014776249999999935,0.03858747499999998,0.17736834999999995,0.016846775000000036,0.24615900999999984,0.042178775,0.2893340499999999,-0.008692195000000014,0.2893340499999999,-0.012665280000000001,0.11450633000000005,0.04585448000000003,0.14015513999999996,0.01036680000000001,0.21510586000000004,0.08456841000000004,0.11138649999999994,0.0397265,0.1921446,0.0035913000000000195,0.11196569999999995,0.01570775000000002,0.2313827599999999,-0.02553897000000005,0.04317504000000005,0.014905539999999995,0.057370370000000004,0.0022780500000000314,0.02955249999999998,0.08295782859523271,0.1671874409827975
0.14493604499999996,-0.25718573499999997,0.14987950499999997,-0.27189490499999996,0.14474038499999997,-0.278434015,0.12336971499999999,-0.305675125,0.10595040499999997,-0.317536565,0.04306238499999998,-0.300292915,0.05473285499999997,-0.24238652499999996,0.03041686499999996,-0.18439969499999997,0.06552428499999996,-0.027155735000000014,0.07735925499999996,-0.04103286500000003,0.15242105499999997,0.08252843500000007,-0.00014951499999998896,-0.015077035000000016,0.00014951499999998896,0.015077035000000016,0.037644314999999984,0.17589693500000003,0.014784684999999964,0.245709685,0.04139768499999996,0.287966335,-0.008287615000000026,0.287966335,-0.012645520000000021,0.11589322000000002,0.04694239,0.14336682999999995,0.01079142999999999,0.21523078999999995,0.08689677000000001,0.10968417000000008,0.03779382999999997,0.19097397000000005,0.003753369999999978,0.11206939999999999,0.014635169999999975,0.23063265,-0.02307229999999999,0.04225665000000001,0.011670469999999988,0.05790639000000003,0.0002990299999999779,0.030154070000000033,0.0817393084011713,0.1665422266451713
0.14589804000000006,-0.25971489,0.15043407000000003,-0.27424717,0.14612120000000006,-0.28081977,0.12339168000000006,-0.30781259,0.10766425000000002,-0.32034372,0.04434108000000003,-0.29958223,0.05408090000000004,-0.24619687,0.03360003000000006,-0.17042466999999994,0.06438013000000004,-0.029510970000000025,0.08486670000000002,-0.02113476999999997,0.15221690000000004,0.07847093000000005,0.0004231000000000096,-0.014698070000000008,-0.00042309999999995407,0.014698070000000008,0.04098534000000004,0.17285786999999997,0.015868660000000034,0.24454193000000002,0.04257950000000005,0.28541653,-0.005777599999999938,0.28541653,-0.010741049999999974,0.12915756000000006,0.05126666999999996,0.14928989999999998,0.010299229999999993,0.2166859,0.08783677000000001,0.10798190000000008,0.04056224000000003,0.18755593999999998,0.0015941600000000111,0.11255866000000003,0.01629175999999999,0.22984386,-0.021646259999999973,0.04087459999999998,0.00973982000000001,0.05338535999999999,-0.0008461999999999636,0.029396140000000015,0.08468856291052529,0.16542656156911323
0.14686768499999997,-0.26263316,0.151364485,-0.2781635,0.14674958500000002,-0.2841087,0.12404026499999998,-0.31334136,0.10734681499999998,-0.32421072,0.04006056499999999,-0.3049294,0.056421204999999974,-0.24688564000000002,0.026264714999999994,-0.17999449999999995,0.06353128499999999,-0.02852279999999996,0.07955221499999998,-0.03636004000000004,0.15161708499999998,0.07403985999999996,-0.0016430450000000096,-0.01566080000000003,0.0016430450000000096,0.01566080000000003,0.041642504999999996,0.17233810000000005,0.01637335499999998,0.24646774999999999,0.045324224999999996,0.2833312,-0.010750635000000008,0.2833312,-0.013795849999999998,0.12493490000000007,0.05328749999999999,0.1436344599999999,0.007110080000000019,0.21836284000000006,0.08808579999999999,0.10256265999999992,0.043285550000000006,0.18799890000000008,0.0036817199999999994,0.11099309999999996,0.014730309999999969,0.23080694999999996,-0.027123989999999987,0.03686345000000002,0.016360639999999982,0.05804376,0.0032860900000000193,0.03132160000000006,0.08379217614458523,0.16093578632611574
0.145910235,-0.265689125,0.150166285,-0.28063682500000003,0.146075385,-0.28705539500000005,0.12231171499999999,-0.315675725,0.10612461499999998,-0.32771492500000005,0.04058600499999998,-0.307193865,0.051938655,-0.25065686500000006,0.024705264999999976,-0.18170322500000002,0.05951018499999999,-0.03084782500000005,0.068346625,-0.04737587500000007,0.15031535499999998,0.06757793499999998,5.9315000000004225e-05,-0.015464224999999998,-5.9315000000004225e-05,0.015464224999999998,0.041355855,0.172406175,0.014413485000000004,0.24568187499999994,0.04138028499999996,0.28041527499999996,-0.008786614999999998,0.28041527499999996,-0.015880740000000004,0.12549064,0.04364136000000002,0.13432734999999996,0.007571529999999993,0.21980904,0.09080516999999999,0.09842576000000003,0.04129653999999999,0.1878704,2.4429999999964203e-05,0.10800909999999997,0.014472800000000008,0.23021764999999994,-0.0232001,0.034733400000000025,0.01135265000000002,0.05653699999999995,-0.00011863000000000845,0.030928449999999996,0.07537579261778017,0.15914892443109063
0.14665309000000004,-0.26693952500000007,0.15135073000000004,-0.28239867500000004,0.14629235000000002,-0.28847607500000005,0.12408843000000003,-0.316748175,0.10519449000000003,-0.32795453500000005,0.03909339000000006,-0.30783887500000007,0.05212196000000002,-0.24864140500000004,0.019674470000000055,-0.18509177500000007,0.05685109000000005,-0.028437915000000036,0.06402494000000003,-0.05370707500000005,0.15155133000000004,0.06408292500000001,-0.0002887899999999832,-0.016357425000000037,0.00028879000000003874,0.016357424999999925,0.04272016000000006,0.16542202499999992,0.014899240000000036,0.24348229499999996,0.04577939000000003,0.28134262499999996,-0.013062409999999969,0.28134262499999996,-0.019418920000000006,0.1227471,0.044350469999999975,0.13138470000000002,0.004729130000000026,0.22020349,0.09470023999999999,0.09252084000000005,0.043008950000000046,0.18177944999999995,0.0030592299999999684,0.11592060000000004,0.014610449999999997,0.22712487000000003,-0.027961650000000005,0.03786033,0.013028569999999962,0.05919747000000003,0.000577580000000022,0.03271484999999996,0.0743723888391075,0.15861298609351507
0.14457959000000004,-0.2725712149999999,0.14917553000000006,-0.2879398549999999,0.14398679000000003,-0.29380331499999995,0.12207663000000007,-0.3220281749999999,0.10247249000000003,-0.33272079499999996,0.037333730000000065,-0.3111240049999999,0.049055190000000026,-0.2536143149999999,0.015533390000000036,-0.18974923499999996,0.049455530000000025,-0.0362962349999999,0.05921363000000007,-0.06582428499999993,0.14923443000000003,0.05424539500000003,-0.0001122699999999699,-0.016239334999999966,0.0001122700000000254,0.016239335000000077,0.04048491000000004,0.1619795650000001,0.014834970000000058,0.2390475150000001,0.04571769000000003,0.27726416500000006,-0.010545699999999936,0.27726416500000006,-0.02180034000000003,0.12137476999999997,0.04368024000000004,0.12392495000000003,0.00040033999999999903,0.21731808000000002,0.0997789,0.09054162999999993,0.04059718000000001,0.17821890000000007,0.0052327799999999924,0.11528459999999996,0.014722700000000033,0.22280818000000002,-0.025380669999999994,0.03821664999999996,0.011721459999999961,0.05750969,0.0002245399999999953,0.03247867000000004,0.07731901239224737,0.15388917830630325
0.142298555,-0.27160215000000004,0.14753925500000004,-0.28672809000000005,0.141611035,-0.29301862,0.121587995,-0.32049185,0.10092458500000001,-0.33240432000000003,0.03779971500000001,-0.30892683000000004,0.046559335000000035,-0.25407512000000004,0.015956495000000015,-0.18596021000000007,0.042713055,-0.03700345000000005,0.06798368500000002,-0.05257431000000001,0.146860055,0.050387289999999973,0.0003285450000000134,-0.015462350000000069,-0.0003285449999999579,0.015462349999999958,0.03993967500000001,0.17001924999999996,0.015451315000000021,0.23842301,0.045746025000000023,0.27825184999999997,-0.006478194999999964,0.27825184999999997,-0.021843219999999997,0.12296661999999997,0.05202719,0.13338590000000006,-0.0038462800000000352,0.21707167,0.10414699999999999,0.08739074000000002,0.039611129999999994,0.18548160000000002,0.005806350000000016,0.10823260000000001,0.01577985999999998,0.22296066000000003,-0.021929509999999985,0.039828839999999976,0.008759620000000023,0.05485171,-0.0006570899999999713,0.030924700000000027,0.07716550747232338,0.1512753628452551
0.14235193500000004,-0.27156314499999995,0.14816171500000003,-0.2863509249999999,0.14161473500000005,-0.2934886749999999,0.12275219500000001,-0.31789522499999995,0.10030145500000004,-0.3320635549999999,0.039116335,-0.3038913549999999,0.04395849500000004,-0.2533194649999999,0.018366465000000054,-0.17840052499999992,0.03731775500000001,-0.03917682499999997,0.07164913500000003,-0.047364294999999945,0.14270433500000002,0.041199035000000106,0.0012727350000000248,-0.015084974999999945,-0.0012727349999999693,0.015084975000000056,0.039809115000000006,0.1608444750000001,0.015068175000000017,0.2303459750000001,0.04676980500000005,0.2796198750000001,-0.004826924999999982,0.2796198750000001,-0.020749869999999948,0.12549083,0.053282669999999976,0.13103622999999998,-0.006640740000000034,0.21414263999999994,0.10538658000000001,0.08037586000000008,0.03853637999999998,0.17592945000000004,0.006960690000000047,0.11877539999999998,0.016340909999999986,0.21526100000000004,-0.0198951,0.04927389999999998,0.00484216000000004,0.05057189000000001,-0.002545469999999994,0.03016995,0.07742604327112682,0.14632614535847138
0.136002715,-0.27373467,0.142834605,-0.28690741000000003,0.13538262499999998,-0.29556833000000005,0.119667615,-0.31722171000000005,0.09435483499999997,-0.33546303,0.03790386499999998,-0.3063362,0.033942994999999976,-0.2587207,0.011630804999999966,-0.17436148000000007,0.027571194999999993,-0.045697529999999986,0.058274864999999954,-0.05017407000000007,0.13614490499999998,0.02716003999999994,0.005277664999999987,-0.015088870000000032,-0.0052776650000000425,0.015088870000000032,0.028261545,0.16313466999999993,0.009194645000000001,0.23093436999999994,0.037320224999999985,0.27909427,-0.017696475000000045,0.27909427,-0.026273060000000015,0.13197471999999993,0.04664405999999999,0.12418741,-0.006371799999999983,0.21302317000000004,0.10857370999999999,0.07285756999999993,0.022983880000000012,0.17822353999999996,0.009058679999999986,0.11595960000000005,0.014472310000000044,0.2158454999999999,-0.026891120000000046,0.04815990000000003,-0.003960870000000005,0.04761549999999998,-0.01055533000000003,0.030177740000000064,0.06355843348352758,0.14193680442568024
0.13789062000000002,-0.28363950000000004,0.1440206,-0.2985022400000001,0.13641862999999999,-0.30605418000000006,0.11964326000000003,-0.32803208000000006,0.09411851999999998,-0.3437006000000001,0.04044215000000001,-0.30641153000000004,0.03447764000000003,-0.26343930000000004,0.021573080000000022,-0.1692435000000001,0.021903000000000006,-0.051661600000000085,0.08080398,-0.03947670000000003,0.13328457999999999,0.012542339999999985,0.004499330000000024,-0.013974800000000065,-0.004499329999999968,0.013974799999999954,0.03794544,0.17026432999999996,0.0067150000000000265,0.23615189999999997,0.04378756,0.27091219999999994,-0.01025841999999999,0.27091219999999994,-0.018869069999999988,0.13716802999999994,0.059230899999999975,0.12976680000000007,-0.012574640000000026,0.21177769999999996,0.11138157999999998,0.06420394000000007,0.03344610999999997,0.18423913000000003,0.005842120000000006,0.10064786999999997,0.011214329999999995,0.22217710000000002,-0.016973420000000017,0.034760299999999966,-0.0059645099999999784,0.04297223,-0.008998659999999992,0.02794960000000002,0.08045338100560159,0.13779135602983114
0.13001941499999997,-0.2860592899999999,0.13743083499999997,-0.29949704999999993,0.12833325499999998,-0.3082533999999999,0.11669103499999994,-0.3279561999999999,0.08703960499999996,-0.3470332499999999,0.04030697499999997,-0.3082053299999999,0.02486614499999995,-0.26950078999999993,0.014289124999999958,-0.1646099499999999,0.01011077499999996,-0.058369389999999965,0.07293514499999998,-0.04236160999999994,0.12155107499999995,-0.0012310099999999213,0.008972804999999973,-0.013572049999999947,-0.008972805000000028,0.013572050000000058,0.029002274999999966,0.17650405000000013,-0.0010036950000000266,0.2406822500000001,0.03492994499999996,0.2697428500000001,-0.030097625000000017,0.2697428500000001,-0.02601785000000001,0.14359538,0.05864602000000002,0.12224833999999996,-0.01475536999999999,0.21113139999999997,0.11144029999999999,0.057138380000000044,0.020029469999999994,0.19007610000000008,0.005927669999999996,0.09323879999999996,0.007969110000000001,0.22711020000000004,-0.02909392999999999,0.029060599999999992,-0.015440830000000016,0.038704539999999954,-0.01794561,0.027144100000000004,0.07014285211815385,0.1313606251340865
0.12774225500000003,-0.29458728999999995,0.135471695,-0.30750399999999994,0.125941075,-0.31711705999999995,0.11534484500000003,-0.3350594599999999,0.085370575,-0.35627341999999995,0.04199322500000002,-0.31216910999999997,0.021281205000000025,-0.28097033999999993,0.016389674999999992,-0.16233122999999994,0.0024187549999999947,-0.07059875999999998,0.08579017500000002,-0.04533082999999993,0.11938407500000003,-0.019329259999999904,0.010242974999999988,-0.012145399999999973,-0.010242974999999988,0.012145400000000084,0.025620905000000027,0.17992198000000004,-0.0032072249999999802,0.23862734000000008,0.030349634999999986,0.26234394000000005,-0.02774048499999998,0.26234394000000005,-0.02560355000000003,0.14983788000000003,0.06940050000000003,0.1170004,-0.01886245000000003,0.21037157999999995,0.11696532000000004,0.05126950000000008,0.01537793000000004,0.19206738,0.004728729999999959,0.08242196000000002,0.007035750000000007,0.22648194,-0.02453326,0.023716599999999977,-0.020712019999999998,0.031198770000000042,-0.020485949999999975,0.024290800000000057,0.0825145574557902,0.13339350176758277
0.12912637,-0.29131198,0.13461547000000001,-0.30478877000000004,0.12792037,-0.31509337000000004,0.11136895000000002,-0.33554777,0.08683937000000003,-0.35578677000000003,0.03806107000000003,-0.30897620000000003,0.022554600000000036,-0.2785939,0.015693470000000043,-0.15666112,-0.0018298699999999557,-0.06655827000000003,0.08865832000000001,-0.052318120000000023,0.1182146,-0.022277259999999965,0.008548570000000033,-0.012861580000000039,-0.008548569999999978,0.012861579999999928,0.030404829999999994,0.18246978000000003,0.01074006999999999,0.24343097999999996,0.038946230000000026,0.26638648,-0.02787117,0.26638648,-0.022367599999999987,0.15231508000000005,0.07296484999999997,0.10434299999999996,-0.02438446999999999,0.21203562999999997,0.12004446999999996,0.044281010000000065,0.02185625999999996,0.19533136000000006,0.008541400000000032,0.08391669999999996,0.019288639999999968,0.23056940000000004,-0.03861123999999999,0.022955500000000018,-0.015506469999999994,0.03038230000000003,-0.01709714000000001,0.025723159999999967,0.08929944341279007,0.13154329836595435
0.12249172999999997,-0.29543643499999994,0.13044587999999996,-0.30736998499999996,0.12148956999999999,-0.31846595499999997,0.11060751999999996,-0.33354148499999997,0.08146885999999998,-0.358677875,0.036986799999999986,-0.30816689499999994,0.015373629999999971,-0.28084853499999995,0.014700099999999994,-0.15273003499999993,-0.005143060000000033,-0.06595707499999992,0.09037269999999997,-0.04974553500000001,0.11474225999999998,-0.03365403499999997,0.010243499999999961,-0.012139565000000019,-0.010243500000000016,0.012139565000000019,0.02958575999999996,0.17203286500000003,-0.0035676500000000333,0.23205601500000006,0.03219834999999999,0.26485436500000004,-0.029898840000000038,0.26485436500000004,-0.022286699999999993,0.15543686,0.07567259999999998,0.10298449999999992,-0.020516690000000004,0.21489146000000003,0.11988532000000002,0.03230303999999995,0.01934226,0.18417243000000005,0.0026125900000000257,0.0928215,0.006675849999999983,0.21991645000000004,-0.026331190000000004,0.032798349999999976,-0.021613170000000015,0.027318359999999986,-0.020486999999999977,0.024279130000000038,0.08851495733649145,0.13311083353257766
0.11881881999999999,-0.299265265,0.12751586999999998,-0.310434525,0.11863643000000001,-0.32279476500000004,0.10823241,-0.336333325,0.0797078,-0.364801085,0.033929109999999985,-0.311376425,0.011962470000000003,-0.28520422500000003,0.011995939999999983,-0.15717879499999998,-0.01110412999999999,-0.06875752499999999,0.08933654000000002,-0.055995125000000034,0.10768159999999999,-0.04638079500000003,0.009950130000000001,-0.011985875000000035,-0.009950130000000001,0.011985875000000035,0.02673369999999997,0.17170831499999994,-0.006787509999999997,0.23053627499999996,0.028856099999999996,0.261737075,-0.030607400000000007,0.261737075,-0.021933170000000002,0.15419763000000003,0.07734060000000004,0.10118366999999995,-0.023066599999999993,0.21644670000000005,0.11878572999999998,0.022376729999999956,0.01678356999999997,0.18369418999999998,0.0021224000000000243,0.09002876000000004,0.003162620000000005,0.21855039999999992,-0.02381989000000001,0.03120080000000003,-0.021966639999999982,0.02617219999999998,-0.019900260000000003,0.02397175000000007,0.09076902653576606,0.1313160008136168
0.119239555,-0.30370208500000007,0.12467715499999998,-0.3161342550000001,0.11894998499999998,-0.3279464050000001,0.10056305500000001,-0.3452607250000001,0.07826599500000003,-0.3692846150000001,0.028376524999999986,-0.3166261850000001,0.010672985000000024,-0.2855108850000001,0.008909675000000006,-0.1688674550000001,-0.01601604499999998,-0.0727353850000001,0.08486768500000003,-0.08445358500000011,0.10972715500000002,-0.06241258500000013,0.00871050499999998,-0.013415315000000039,-0.00871050499999998,0.013415314999999928,0.02708021500000002,0.17405021499999995,0.006194754999999996,0.2346595749999999,0.029853405,0.2582894149999999,-0.03087224500000002,0.2582894149999999,-0.01946684999999998,0.14775873,0.07595801000000002,0.08441387,-0.026689030000000002,0.2127755,0.1257432,0.010322799999999965,0.01836971000000004,0.18746553,0.002773189999999981,0.08423919999999996,0.014905259999999976,0.22124425999999997,-0.03706700000000002,0.023629840000000013,-0.017703539999999962,0.031115300000000012,-0.01742100999999996,0.026830629999999966,0.10414582022407484,0.1406319655152612
0.11684974000000004,-0.309181095,0.12291504000000003,-0.32215037500000004,0.11530059000000004,-0.334216775,0.09985408000000001,-0.349816055,0.07288306,-0.37450661500000004,0.02832058000000004,-0.31627523500000004,0.0064826400000000395,-0.28890418500000004,0.005417280000000024,-0.16332835499999998,-0.020109719999999998,-0.07693639500000005,0.07518404000000001,-0.08252505500000007,0.10336704000000002,-0.07125839499999997,0.009918040000000017,-0.012528804999999976,-0.009918039999999961,0.012528804999999976,0.024009009999999997,0.17136380499999992,0.004712040000000028,0.22827974499999992,0.026122440000000025,0.25610104499999997,-0.029205359999999958,0.25610104499999997,-0.022903300000000015,0.15294688000000006,0.06976675999999998,0.08080329999999991,-0.026592360000000037,0.21196779,0.12347676000000002,0.005678000000000072,0.01409096999999998,0.1838926099999999,0.0021134300000000272,0.08473724000000005,0.01463007999999999,0.21575093999999995,-0.033917399999999986,0.02782130000000005,-0.02183794,0.027371050000000008,-0.019836079999999978,0.025057609999999952,0.09570332162502256,0.14090352811213205
0.11492490999999999,-0.316703145,0.12013110999999999,-0.329044165,0.11315376999999999,-0.34115454500000003,0.09595704999999999,-0.355812915,0.06972113999999996,-0.380366535,0.027565640000000002,-0.319992575,0.0027502899999999886,-0.29532858500000003,0.004289009999999982,-0.158928615,-0.020627390000000023,-0.08351206499999997,0.06312600999999995,-0.07563585500000003,0.10439950999999997,-0.08522921500000002,0.011093929999999974,-0.011803745000000032,-0.01109393000000003,0.011803745000000032,0.021732209999999974,0.17295688499999995,0.004017839999999995,0.22641298499999996,0.022262289999999962,0.251901685,-0.03029607000000001,0.251901685,-0.02327663000000002,0.16106396,0.05883699999999997,0.08329275999999997,-0.023377680000000012,0.21181652000000006,0.1250269,-0.0017171500000000561,0.01063828,0.18476062999999998,0.0005300799999999883,0.07894480000000004,0.015111770000000024,0.21460923999999992,-0.03431391,0.02548870000000003,-0.024815350000000014,0.02466398999999997,-0.022187860000000004,0.023607490000000064,0.08235214396831754,0.15084472151651582
0.10769233499999997,-0.32551519500000003,0.11566704499999997,-0.33665369500000003,0.10684078499999994,-0.349955075,0.09596288499999994,-0.359674575,0.06686961499999994,-0.390681255,0.027153904999999978,-0.321327705,-0.002178665000000024,-0.306289675,0.011601204999999948,-0.15111827499999997,-0.02693811500000004,-0.08518277500000004,0.09682130499999997,-0.09460221499999999,0.10362991499999996,-0.10261587500000002,0.011780854999999979,-0.010302825000000015,-0.011780855000000034,0.010302825000000015,0.02506678499999998,0.17242796500000002,-0.009343175000000037,0.22265346499999994,0.026804444999999955,0.245342925,-0.029664415000000055,0.245342925,-0.01555270000000003,0.17020943000000005,0.08522010000000002,0.05651605999999998,-0.024759450000000016,0.22110689999999994,0.13056803,-0.01743309999999998,0.013285930000000001,0.18273079000000003,0.0017376599999999742,0.07291495999999997,0.0024376799999999976,0.21235063999999992,-0.020321240000000018,0.02268946000000005,-0.029332570000000002,0.015038030000000036,-0.023561710000000013,0.02060565000000003,0.1197424957589184,0.1614629327173358
0.10578567999999999,-0.3291849799999999,0.11462594000000004,-0.3407748199999999,0.10425241000000002,-0.3545940899999999,0.09600718000000003,-0.3619142799999999,0.06252498000000001,-0.3942694699999999,0.025022630000000046,-0.31889401999999994,-0.005090590000000006,-0.30455389999999993,0.0004922200000000432,-0.14947667999999992,-0.02872532,-0.08780091999999995,0.061947710000000045,-0.07524475999999991,0.10202596000000003,-0.10914711999999993,0.012146120000000038,-0.00990977999999998,-0.012146119999999982,0.00990978000000009,0.023015950000000007,0.18070313000000005,-0.009076589999999995,0.22690925000000006,0.022793880000000044,0.24373218000000008,-0.03141791999999999,0.24373218000000008,-0.024530410000000002,0.16941734000000003,0.06145549,0.07423192,-0.023634729999999993,0.21675297999999998,0.13075128000000003,-0.021346199999999982,0.01086982999999997,0.19061291000000002,-0.00022206999999996313,0.06302905000000003,0.003069529999999987,0.21699946999999997,-0.022341329999999993,0.016822930000000014,-0.03011322000000005,0.014340120000000012,-0.02429224000000002,0.01981956000000007,0.08215143320800004,0.16495396111987248
0.10365615499999997,-0.32434037500000007,0.11025457499999997,-0.3369822950000001,0.10119246499999995,-0.35030847500000006,0.088832735,-0.3604507950000001,0.05820097499999999,-0.38874843500000006,0.023387064999999985,-0.31601956500000006,-0.008255365000000014,-0.2972706550000001,0.004565634999999957,-0.15279749500000006,-0.030719625000000028,-0.08579249500000008,0.060164914999999985,-0.0817652350000001,0.09971450499999995,-0.11112379500000003,0.012687104999999976,-0.010193945000000038,-0.012687105000000032,0.010193944999999927,0.020094434999999966,0.19120810499999996,0.0036901349999999833,0.23176760499999993,0.018740694999999974,0.24807560499999992,-0.029504865000000047,0.24807560499999992,-0.018821430000000028,0.16322207,0.05559928000000003,0.07103225999999996,-0.022464260000000014,0.21147816000000003,0.13043412999999998,-0.025331299999999946,0.00740732999999999,0.20140205,-0.0013537399999999922,0.05686749999999996,0.016377240000000015,0.22157366,-0.03319500000000003,0.01630799999999999,-0.03164243,0.018748909999999952,-0.025374210000000008,0.020387889999999964,0.08588708863770043,0.16538475132036715
0.10185415999999997,-0.33080865500000006,0.11147664999999995,-0.34310219500000005,0.09917284999999998,-0.35617054500000006,0.09401441999999993,-0.36563758500000004,0.05601881999999997,-0.396319605,0.026328499999999977,-0.32219637500000003,-0.011784420000000073,-0.30266676500000006,0.007664199999999954,-0.1575672250000001,-0.02898770000000006,-0.08640902500000003,0.06872875999999994,-0.08622082500000006,0.10085861999999995,-0.12041742500000008,0.013339979999999974,-0.011168025000000026,-0.013339980000000029,0.011168024999999915,0.017943099999999934,0.18405832499999997,-0.0030385700000000737,0.23108117499999992,0.003607199999999977,0.24377717499999996,-0.01562784000000006,0.24377717499999996,-0.018664300000000023,0.16462914999999995,0.06106455999999999,0.07134640000000003,-0.017203279999999987,0.21625774000000003,0.12984632000000002,-0.03400840000000005,0.004603119999999961,0.19522635,-0.014335899999999957,0.05971884999999999,0.010301409999999955,0.21991315,-0.012589269999999986,0.01269600000000004,-0.03811292000000005,0.019529609999999975,-0.026679960000000003,0.02233604999999994,0.0932782918889942,0.17422987945143764
0.099628895,-0.32967281000000004,0.10948161499999998,-0.34163138000000004,0.09712309499999999,-0.3551732000000001,0.09222005500000002,-0.36451088000000004,0.05368115499999998,-0.39647445000000003,0.023804594999999984,-0.3209681200000001,-0.014084625000000017,-0.30212030000000006,0.00016255500000000866,-0.1512472800000001,-0.02889820500000001,-0.08508488000000003,0.04827811500000001,-0.06600621000000007,0.10310162499999997,-0.12427498000000003,0.013256144999999997,-0.011131320000000056,-0.013256144999999997,0.011131319999999945,0.017012395000000013,0.18712331999999998,-0.0009543049999999886,0.23335202,-0.0009885250000000179,0.24483641999999994,-0.013779384999999977,0.24483641999999994,-0.023642039999999975,0.16972083999999998,0.04811556,0.08524107000000003,-0.014813579999999993,0.21703542000000003,0.13199982999999998,-0.039190100000000005,0.0037562500000000165,0.19825464000000004,-0.01800092000000003,0.05771309999999996,0.012301840000000008,0.22222070000000005,-0.012825079999999989,0.01148439999999995,-0.03788922,0.018847820000000015,-0.026512289999999994,0.02226264,0.06509832513354705,0.1785329009428315
0.09787373999999999,-0.326731475,0.10515477000000001,-0.338344855,0.09518054000000004,-0.352405575,0.08457284000000004,-0.361350975,0.051962390000000025,-0.391636655,0.022237200000000013,-0.314102375,-0.015301540000000002,-0.298111595,-0.004854899999999995,-0.13910941500000007,-0.02850280999999999,-0.08668343499999998,0.030801789999999996,-0.04804537500000006,0.10354329000000001,-0.12136857499999998,0.013542219999999994,-0.009767674999999976,-0.013542219999999994,0.009767674999999976,0.013526719999999992,0.18599482499999997,0.009593640000000014,0.22559668499999996,-0.0016041900000000053,0.24887742499999999,-0.009122919999999979,0.24887742499999999,-0.027092100000000008,0.17499295999999992,0.03565668999999999,0.09106404000000001,-0.013201269999999987,0.21142816000000003,0.1320461,-0.03468514,-1.5500000000001624e-05,0.19576249999999995,-0.015130909999999997,0.06288260000000001,0.023135860000000008,0.21582901,-0.018716559999999993,0.023280740000000022,-0.037538740000000015,0.015990779999999982,-0.027084439999999987,0.01953534999999995,0.04198898753095752,0.17580026369724988
0.09845347999999998,-0.33192876000000004,0.10826001999999996,-0.34419823000000005,0.09545845999999997,-0.35797200000000007,0.09105049999999998,-0.36588490000000007,0.05052496000000001,-0.39830688000000003,0.021261680000000005,-0.32019728000000003,-0.01567267,-0.30288681000000006,-0.006969900000000029,-0.14311725000000008,-0.029946799999999996,-0.08401424000000002,0.03496842,-0.04736274000000007,0.10035695,-0.12505692000000002,0.013760519999999998,-0.011132420000000032,-0.013760519999999998,0.01113241999999992,0.023505499999999957,0.17962411999999994,-0.0016842000000000246,0.22742266,0.01186799999999999,0.24555861999999995,-0.01757249999999999,0.24555861999999995,-0.028231580000000034,0.17708002999999994,0.04193832000000003,0.09575451000000001,-0.014274129999999996,0.21887257000000004,0.13030375,-0.04104268,0.009744979999999959,0.19075653999999997,-0.011637499999999967,0.06593450000000001,0.012076319999999974,0.21629024000000008,-0.015888299999999966,0.01813595999999995,-0.036934350000000005,0.017310469999999967,-0.027521039999999997,0.022264839999999952,0.04198108037809893,0.17768042460787986
0.09759859500000001,-0.32994787499999995,0.104591885,-0.34237563499999996,0.09372532499999997,-0.355440135,0.084370475,-0.365226475,0.04859457499999997,-0.392881035,0.022504994999999972,-0.31709769499999996,-0.01787589500000003,-0.29900337499999996,-0.006772594999999992,-0.140510825,-0.03106807500000003,-0.08726212499999997,0.030562654999999994,-0.04830797499999995,0.10060490499999997,-0.12096007499999994,0.01549224499999996,-0.010882174999999994,-0.015492245000000016,0.010882174999999994,0.024698985000000007,0.18036342500000002,0.007971685000000006,0.22553602500000003,0.012787594999999985,0.24891552500000003,-0.014660614999999988,0.24891552500000003,-0.029277589999999964,0.17658686999999995,0.037335249999999987,0.09220285000000006,-0.013192179999999998,0.21174125,0.13167298,-0.03369794999999998,0.009206740000000047,0.19124560000000002,-0.011911390000000022,0.0685521,0.02346393000000002,0.21465385000000003,-0.022632299999999994,0.023379499999999998,-0.04038089,0.018094319999999997,-0.030984489999999976,0.021764349999999988,0.040346099727335445,0.17567278424156935
0.09401765000000001,-0.33204956999999996,0.10103783,-0.34423634999999997,0.09033371000000001,-0.35778024999999997,0.08122348000000001,-0.36571486999999997,0.04589451,-0.39447456999999997,0.019888110000000014,-0.31688320999999997,-0.019748009999999983,-0.30007117,-0.007421190000000022,-0.13771891999999997,-0.03320559000000001,-0.08626473000000001,0.030074829999999997,-0.04526827,0.09927280999999999,-0.12084326999999995,0.015677690000000022,-0.010934169999999965,-0.015677690000000022,0.010934169999999965,0.027863950000000026,0.17654862999999998,0.006768969999999985,0.22296663000000005,0.020343150000000032,0.24947023000000002,-0.020936220000000005,0.24947023000000002,-0.027309300000000036,0.17916429,0.03749602000000002,0.09245064999999997,-0.013457580000000025,0.21380644,0.1324784,-0.034578539999999935,0.012186260000000004,0.18748279999999995,-0.007520799999999994,0.07292160000000003,0.022446660000000007,0.2120324600000001,-0.02770518999999999,0.02650359999999996,-0.03963612,0.016812039999999973,-0.031355380000000044,0.02186833999999993,0.03723047223699428,0.1748682679710747
0.09324142499999999,-0.3399069799999999,0.10308524499999999,-0.3526297399999999,0.08957304500000002,-0.3659486599999999,0.08670317500000002,-0.3725880999999999,0.045666894999999985,-0.4030567599999999,0.019761344999999986,-0.32002333999999993,-0.01705051499999999,-0.30369762999999994,-0.008154934999999974,-0.14034559999999996,-0.035418475000000005,-0.08466113999999991,0.033450175000000026,-0.04635615999999998,0.09693699500000003,-0.12414033999999996,0.013336424999999985,-0.010520899999999944,-0.013336424999999985,0.010520900000000055,0.024384724999999996,0.17722640000000012,-0.0010761049999999939,0.22248714000000003,0.015347924999999984,0.24466680000000007,-0.018659154999999983,0.24466680000000007,-0.02791627999999996,0.17967773999999997,0.04160511,0.09398943999999998,-0.018367960000000016,0.21903649000000003,0.13235547000000003,-0.03947920000000005,0.011048300000000011,0.18774730000000006,-0.009036800000000011,0.06744039999999996,0.012260319999999991,0.21196623999999997,-0.01758304999999999,0.022179660000000045,-0.036811859999999974,0.016325709999999993,-0.02667284999999997,0.0210418,0.0410941455481204,0.1740513622952547
0.09132056999999999,-0.34584140500000005,0.10015126000000002,-0.35906469500000004,0.08721190000000001,-0.37141863500000005,0.08302356999999999,-0.37839439500000005,0.042291540000000016,-0.40636551500000007,0.017363479999999987,-0.32311963500000007,-0.019287739999999998,-0.30504885500000006,-0.010271650000000021,-0.1445759350000001,-0.036948959999999975,-0.08772613500000004,0.03384416000000001,-0.05069929500000003,0.09475242,-0.12624770500000004,0.013964299999999985,-0.010949195000000023,-0.013964299999999985,0.010949194999999912,0.030052899999999994,0.17352676499999997,-0.005688350000000009,0.220123415,0.0232599,0.24147546499999994,-0.025265170000000003,0.24147546499999994,-0.027635130000000008,0.17854369999999997,0.04411581000000003,0.09387664000000007,-0.017661219999999977,0.21732272000000002,0.13170137999999998,-0.038521570000000005,0.01608860000000001,0.18447596,-0.0067929999999999935,0.06794869999999997,0.008275949999999976,0.20917422000000008,-0.019576819999999995,0.021352049999999956,-0.036651219999999984,0.01807078000000001,-0.02792859999999997,0.021898389999999934,0.04444411416182802,0.17504946323016357
0.08987894499999999,-0.3486137999999999,0.09771511500000002,-0.3621849999999999,0.08519489499999999,-0.37390899999999994,0.079710155,-0.38149706999999994,0.038958345000000005,-0.40752379999999994,0.015280295,-0.3239508399999999,-0.021259664999999983,-0.30563042999999995,-0.011384485,-0.14325485999999998,-0.040545584999999995,-0.08834149999999996,0.03372599500000001,-0.050101699999999916,0.090700265,-0.12451599999999996,0.013841154999999994,-0.011183199999999949,-0.013841154999999994,0.01118320000000006,0.02888312500000001,0.17134630000000006,-0.006141155000000009,0.2194195000000001,0.02324253500000001,0.24115510000000007,-0.02685810500000002,0.24115510000000007,-0.02666478,0.18069597999999992,0.04511048000000001,0.09315316000000007,-0.019285920000000012,0.21728893,0.13124585,-0.0361745,0.015041970000000016,0.1825295,-0.005640590000000001,0.0698088,0.007699999999999985,0.20823630000000004,-0.020716950000000012,0.021735599999999966,-0.03653995999999998,0.018320409999999954,-0.027682309999999988,0.02236640000000001,0.04370419320929741,0.17129851539419833
0.09191193500000006,-0.35050135999999993,0.09917473500000007,-0.3655822899999999,0.08578669500000002,-0.37559815999999996,0.08147827500000004,-0.3853196199999999,0.03712391500000006,-0.40730581999999993,0.01664220500000002,-0.32376315999999994,-0.021693804999999955,-0.30379285999999994,-0.012099124999999933,-0.14018191999999996,-0.045555354999999964,-0.0867780199999999,0.03239774500000003,-0.04763218999999996,0.08835217500000003,-0.1231533199999999,0.014769675000000038,-0.01168801999999991,-0.014769674999999982,0.011688020000000021,0.033399605000000054,0.16539288000000008,-0.007422544999999947,0.21517788000000004,0.02739837500000003,0.24178198000000006,-0.03497755499999994,0.24178198000000006,-0.028741329999999954,0.18358123999999998,0.044496869999999966,0.09254973,-0.02386155000000001,0.21701484000000004,0.13390753,-0.0363753,0.018629930000000017,0.17708089999999999,-0.006001230000000024,0.07638909999999999,0.007347130000000035,0.20348986000000002,-0.02755500999999999,0.02660410000000002,-0.038336009999999976,0.019970299999999996,-0.02953935000000002,0.02337603999999993,0.040034138043847076,0.16975365362906944
0.09065350999999999,-0.3531607,0.09763982999999998,-0.36791154,0.08473834999999996,-0.37817420999999996,0.07861855999999995,-0.38810448999999997,0.035941679999999976,-0.41019552,0.01344331999999998,-0.32861487,-0.022935150000000015,-0.30623602,-0.013357720000000017,-0.14595981999999996,-0.04730236000000004,-0.08714506999999994,0.031038529999999953,-0.04501296999999993,0.08728480999999999,-0.12499353000000002,0.01329874999999997,-0.012031769999999997,-0.013298750000000026,0.012031769999999997,0.024685649999999948,0.16736547000000002,-0.003374480000000013,0.21529577,0.019061779999999973,0.23981253000000002,-0.02684879000000001,0.23981253000000002,-0.026801039999999998,0.18265505000000004,0.04439624999999997,0.10094685000000003,-0.024367210000000028,0.21909095000000006,0.13458717000000003,-0.037848460000000084,0.011386899999999978,0.17939724,-0.005623869999999975,0.07244706000000001,0.009924270000000013,0.203264,-0.023474309999999998,0.024516760000000026,-0.036378469999999996,0.022378850000000006,-0.026597499999999996,0.024063539999999994,0.037449423865907404,0.16997936751960108
0.089498205,-0.35376798499999995,0.09647686500000002,-0.369015665,0.08314417500000004,-0.378922985,0.078086245,-0.38932242499999997,0.03346385500000004,-0.41072016499999997,0.013412495000000024,-0.32768800499999995,-0.02519135499999997,-0.305464205,-0.014688474999999979,-0.14486223499999995,-0.049290874999999956,-0.08785978500000002,0.030332424999999996,-0.04719568499999993,0.084445875,-0.12279098499999996,0.014381395000000019,-0.012575444999999963,-0.014381394999999964,0.012575445000000074,0.031835325000000025,0.165028815,-0.0049680049999999976,0.21819806500000005,0.02398790500000003,0.24005651500000003,-0.029315994999999984,0.24005651500000003,-0.028100970000000003,0.18282577,0.045020899999999975,0.09766655000000002,-0.024099519999999985,0.21760441999999997,0.13373674999999996,-0.03493119999999994,0.017453930000000006,0.17760425999999996,-0.007847419999999994,0.07502770000000003,0.009413389999999966,0.20562261999999998,-0.024347989999999986,0.021858449999999974,-0.038603849999999995,0.02222379999999996,-0.028762789999999983,0.025150890000000037,0.0381181895650685,0.16760339992553197
0.08780753500000005,-0.35135115999999994,0.09478354500000002,-0.36665337,0.08120176500000004,-0.37669856999999995,0.07724758500000006,-0.38661589999999996,0.03076328500000003,-0.40850129999999996,0.014081785000000013,-0.32371389999999994,-0.02774221499999996,-0.30339135999999994,-0.012629384999999937,-0.13859374999999996,-0.050714014999999946,-0.08642989999999995,0.03202258500000005,-0.04553419999999997,0.08253693500000003,-0.12018282999999996,0.01592528500000001,-0.01265549999999993,-0.015925284999999956,0.012655500000000042,0.037001315000000035,0.15959416000000004,-0.009760614999999973,0.2180685,0.026629325000000037,0.24190120000000004,-0.038759584999999985,0.24190120000000004,-0.02671116999999995,0.18512014999999998,0.044651969999999985,0.09305954999999999,-0.022971799999999987,0.21696146,0.13325094999999998,-0.033752930000000014,0.021076030000000023,0.17224965999999997,-0.010371989999999998,0.08230704,0.006164669999999983,0.20541299999999996,-0.028998970000000013,0.02383270000000004,-0.04182399999999997,0.02032254,-0.03185056999999997,0.025310999999999972,0.03660781311386961,0.16535062952561536
0.08721341999999999,-0.3540037549999999,0.0934315,-0.3692231549999999,0.08020755000000002,-0.3790713849999999,0.07484918000000002,-0.3887367849999999,0.028954140000000017,-0.40953345499999994,0.013646029999999976,-0.32624811499999995,-0.029726699999999995,-0.3050553549999999,-0.01209722000000002,-0.1408565049999999,-0.05118139999999999,-0.08734825499999999,0.03150345999999998,-0.0448859949999999,0.08230468000000002,-0.12216115499999991,0.016548600000000024,-0.012716294999999933,-0.016548600000000024,0.012716295000000044,0.036957640000000014,0.16316844500000005,-0.00881765000000001,0.21930244500000007,0.029952460000000014,0.24007594500000007,-0.03474885999999999,0.24007594500000007,-0.025743249999999995,0.18539161000000004,0.04360068,0.09597051000000001,-0.021454699999999993,0.21770709999999993,0.13348608,-0.034812899999999924,0.02040903999999999,0.17588473999999998,-0.00700518,0.07690750000000002,0.007730950000000014,0.20658615000000002,-0.025931209999999982,0.0207735,-0.04337272999999997,0.021192760000000033,-0.03309720000000005,0.025432589999999977,0.03547587117618955,0.1672240936147088
0.08747996499999999,-0.3525018200000001,0.09340567499999997,-0.36754634,0.08067108499999998,-0.37736520000000007,0.07441103499999996,-0.38679462000000003,0.02895609499999996,-0.40758466000000004,0.013064754999999983,-0.32461139000000006,-0.030382085000000003,-0.30267736000000006,-0.01224692500000002,-0.13944962000000005,-0.049627645,-0.08574722000000001,0.033615784999999954,-0.04328272,0.08359613499999996,-0.12041482000000003,0.016837964999999955,-0.01331342000000002,-0.01683796500000001,0.01331341999999991,0.04124896499999997,0.15984067999999996,-0.009458295000000005,0.22111448,0.031389365,0.24167567999999995,-0.03663061500000003,0.24167567999999995,-0.025311680000000003,0.18516177,0.04586270999999997,0.09616690000000006,-0.019245559999999995,0.21693014000000005,0.13322377999999996,-0.03466760000000002,0.024411000000000016,0.17315409999999998,-0.009859599999999968,0.08183499999999999,0.007379670000000005,0.2078010600000001,-0.027172320000000028,0.020561199999999946,-0.04344683999999999,0.021934029999999993,-0.033675929999999965,0.02662683999999993,0.03434609419486295,0.16724308839622515
0.08623269,-0.35758185000000003,0.09115702000000003,-0.37227605,0.07944014999999999,-0.38197581,0.07075194000000001,-0.39068331000000006,0.02745719000000002,-0.41070913000000003,0.01101949000000002,-0.32681338000000004,-0.031882579999999994,-0.30448125000000004,-0.013774239999999993,-0.1427824900000001,-0.05074909,-0.08788165000000003,0.03329148999999998,-0.046028150000000045,0.08315042,-0.12424374999999999,0.016438930000000018,-0.013270850000000056,-0.016438930000000018,0.013270849999999945,0.03997339,0.15837554999999992,-0.008095469999999994,0.21620244999999993,0.029979230000000023,0.23809064999999996,-0.03287013999999999,0.23809064999999996,-0.024793730000000014,0.18403088999999995,0.04706572999999997,0.09675434000000005,-0.018866510000000003,0.2165996,0.13389951,-0.03636209999999995,0.02353445999999998,0.17164639999999998,-0.009994159999999974,0.07971510000000004,0.008343460000000025,0.2029316,-0.02477467,0.021888200000000024,-0.042902070000000014,0.022332130000000006,-0.032877860000000037,0.0265417,0.03683815253027217,0.16978899801395403
0.08592972999999998,-0.35818718,0.09125999999999995,-0.37293379,0.07910624999999999,-0.38257711,0.07138509999999998,-0.39156173,0.027508439999999967,-0.41158031,0.010956439999999956,-0.3285297,-0.031543100000000046,-0.30539693,-0.014048360000000037,-0.14499574999999998,-0.05043658000000001,-0.08836350999999998,0.03284105999999998,-0.04816054999999997,0.08396409999999999,-0.12485605,0.016328099999999957,-0.013591149999999996,-0.016328100000000012,0.013591149999999996,0.04146219999999995,0.15871418999999998,-0.005346350000000055,0.21817960000000003,0.031176539999999975,0.23769255,-0.03166973000000001,0.23769255,-0.025004799999999994,0.18353395,0.046889420000000015,0.09683520000000001,-0.018893479999999963,0.21703342000000003,0.13440068,-0.03649254000000002,0.025134099999999993,0.17230533999999997,-0.010285659999999974,0.07897836000000003,0.010981749999999957,0.20458845000000003,-0.026323379999999952,0.019512949999999973,-0.04249954,0.02313276999999997,-0.03265619999999997,0.027182299999999993,0.038310850477659704,0.17095658094580624
0.08612752500000004,-0.35830637,0.09054052500000004,-0.3732025,0.07919968500000002,-0.38209994999999997,0.069556605,-0.39243614,0.026375325000000005,-0.41050159999999997,0.009697204999999987,-0.32989003,-0.033221475,-0.30359539999999996,-0.013801805,-0.14702229999999994,-0.05120702499999996,-0.08752225999999996,0.033272305,-0.0504386,0.08161045500000003,-0.1233841,0.016542174999999992,-0.01494669999999998,-0.016542174999999992,0.01494669999999998,0.044329355000000015,0.15367540000000002,-0.004904175000000011,0.22239340000000007,0.03224254500000001,0.23804570000000003,-0.031161744999999963,0.23804570000000003,-0.023499009999999987,0.18286773000000006,0.04707411,0.09658369999999994,-0.01798554999999996,0.21607314,0.13281748,-0.035861840000000034,0.027787180000000022,0.1686221,-0.012086810000000003,0.08437030000000001,0.011637999999999982,0.2074467000000001,-0.026257569999999952,0.015652299999999952,-0.04291867999999999,0.02629463000000004,-0.033084349999999985,0.02989339999999996,0.03923738288197751,0.16961529708300752
0.08535360000000003,-0.3575052900000001,0.09042265,-0.3721195500000001,0.07868481999999999,-0.3814073800000001,0.07032599,-0.3917656200000001,0.026689049999999992,-0.4110051400000001,0.010398310000000022,-0.3306800500000001,-0.03363301000000002,-0.3041472500000001,-0.012388449999999995,-0.14838622000000012,-0.05065913,-0.08629307000000008,0.033591729999999986,-0.048761520000000114,0.08331782999999998,-0.12441096000000007,0.016952650000000014,-0.014866620000000053,-0.016952650000000014,0.014866619999999942,0.046210130000000016,0.1531534499999999,-0.00436998999999999,0.21988027999999993,0.03192315000000001,0.2380817799999999,-0.03164028000000002,0.2380817799999999,-0.022786760000000017,0.18229383,0.04598017999999998,0.09962470000000001,-0.017026119999999978,0.21785418,0.13397695999999998,-0.03811788999999999,0.029257480000000002,0.16802006999999997,-0.014286980000000005,0.08492833,0.012582660000000023,0.20501366,-0.02727029000000003,0.01820149999999998,-0.04403132000000004,0.026532800000000023,-0.03390530000000003,0.029733239999999994,0.03775875036672166,0.17161705465974764
0.08506787000000005,-0.3596463450000001,0.08885920000000003,-0.37418356500000005,0.07860155000000002,-0.3831363650000001,0.06694185000000002,-0.39400029500000006,0.025886030000000004,-0.4121772050000001,0.008939180000000047,-0.3316712950000001,-0.03524401999999999,-0.3049539950000001,-0.011724230000000002,-0.1482683250000001,-0.051711320000000005,-0.0875342750000001,0.03294349000000002,-0.05006685500000008,0.08155751,-0.12573686500000003,0.01689815,-0.01480582500000005,-0.01689815,0.01480582499999994,0.044061550000000005,0.1560907749999999,-0.006446269999999976,0.2217685749999999,0.030665050000000027,0.23545387499999992,-0.03022408999999998,0.23545387499999992,-0.02066341000000005,0.18340297,0.04466772000000002,0.09820147000000001,-0.016467300000000018,0.21741971999999998,0.13326883,-0.038202589999999925,0.027163400000000004,0.17089659999999995,-0.013396499999999978,0.07936310000000002,0.010451880000000024,0.20696274999999997,-0.023777820000000005,0.013685300000000011,-0.044183200000000034,0.0267173,-0.0337963,0.02961164999999999,0.03874007192012558,0.1715976826722077
0.08314007000000001,-0.3584809300000001,0.08761477000000001,-0.37264723000000005,0.07702806000000001,-0.3823036700000001,0.06626113,-0.3931446400000001,0.024807420000000024,-0.4131502700000001,0.007395859999999976,-0.33311859000000005,-0.03627718000000002,-0.30645137000000006,-0.011841309999999994,-0.15052967000000006,-0.05102821000000002,-0.08730097000000003,0.03399991000000002,-0.05160714000000011,0.08132530999999998,-0.12671054000000004,0.016666989999999993,-0.01465333000000002,-0.016666989999999993,0.014653329999999909,0.04372810999999999,0.1571583299999999,-0.006120210000000015,0.2207636799999999,0.029647550000000022,0.23393862999999993,-0.02929819,0.23393862999999993,-0.01923716999999997,0.18258892,0.045841220000000016,0.09892252999999995,-0.014751029999999998,0.21915040000000002,0.13235352,-0.039409570000000005,0.027061119999999994,0.17181165999999992,-0.014080559999999964,0.07678030000000002,0.010546779999999978,0.20611035,-0.023177979999999987,0.013174950000000019,-0.043673039999999996,0.02666721999999999,-0.033333979999999985,0.02930665999999993,0.04081683708033374,0.17200649580950972
0.081528035,-0.35876259999999993,0.08786019499999997,-0.37285899999999994,0.07558449499999997,-0.38374824999999996,0.06863454499999999,-0.39293874999999995,0.025332454999999976,-0.41620419999999997,0.00826599499999997,-0.33420137999999994,-0.035189475000000026,-0.30991796999999993,-0.013043285000000016,-0.15167719999999996,-0.051491255000000014,-0.08691889999999991,0.03315997499999995,-0.051146399999999925,0.083073395,-0.1297860999999999,0.01654824499999996,-0.013345999999999969,-0.016548245000000017,0.01334600000000008,0.039946824999999964,0.16802680000000003,-0.0077727750000000095,0.22131507000000006,0.030578494999999983,0.23223780000000005,-0.03025227500000005,0.23223780000000005,-0.021309279999999986,0.18252417999999998,0.04620325999999997,0.10053080000000003,-0.016301779999999988,0.22299907000000002,0.13456465,-0.042867199999999994,0.023398580000000002,0.1813728,-0.00936832999999998,0.06421100000000002,0.008775470000000007,0.20796906999999998,-0.02247950000000004,0.010922729999999992,-0.043455469999999996,0.024283410000000005,-0.03309648999999998,0.02669200000000005,0.04128946371355405,0.17438827141381844
0.08181771500000007,-0.35336867999999994,0.08856064500000005,-0.36755324999999994,0.07606369500000004,-0.37838030999999994,0.07026743500000004,-0.38870168999999993,0.026006725000000064,-0.4121976299999999,0.009359925000000047,-0.33241057999999996,-0.03493482499999995,-0.30673599999999995,-0.01121752499999995,-0.14912421999999992,-0.049122894999999944,-0.08293414999999993,0.03265139500000003,-0.04505438999999989,0.08510011500000003,-0.1255601099999999,0.017301145000000018,-0.014138749999999978,-0.017301144999999962,0.014138750000000089,0.047122295000000036,0.15960949000000002,-0.007852824999999952,0.22021895000000002,0.03461797500000002,0.23628365000000007,-0.03505342499999997,0.23628365000000007,-0.020577449999999997,0.18328636000000004,0.04386891999999998,0.10406983000000003,-0.014188069999999997,0.22380185000000002,0.13422300999999998,-0.04262595999999996,0.02982115000000002,0.17374824,-0.012504320000000013,0.07667416000000005,0.00944832000000001,0.20608019999999994,-0.02720060000000002,0.016064700000000043,-0.044294749999999994,0.025674580000000002,-0.03460228999999998,0.028277500000000066,0.034516763632648044,0.17321024662209564
0.08067169999999996,-0.35449117,0.08804256999999999,-0.368414,0.07523639999999998,-0.37974637,0.07064865999999997,-0.39016043,0.025761499999999993,-0.41517886000000004,0.009309699999999976,-0.33461203,-0.03527440000000004,-0.30989890000000003,-0.01129688000000001,-0.15102899999999997,-0.0483769,-0.08495965000000005,0.03299059999999998,-0.04898310000000006,0.08593275,-0.12857046000000005,0.01758329999999997,-0.0138741,-0.017583300000000024,0.0138741,0.04808487,0.1596457,-0.010303600000000024,0.21967515999999998,0.03391311999999996,0.23426029999999998,-0.03883563000000001,0.23426029999999998,-0.020606579999999985,0.18358303000000004,0.04428747999999999,0.10204589999999991,-0.013102499999999961,0.22493924999999998,0.13430965,-0.04361081,0.030501570000000033,0.1735198,-0.014171750000000038,0.07461459999999998,0.0072797,0.20580105999999998,-0.028532029999999986,0.014585139999999996,-0.044584100000000015,0.024713129999999972,-0.03516659999999999,0.0277482,0.038340928187643085,0.17608527843404775
0.07973651999999998,-0.3540102849999999,0.08718004000000001,-0.3675937649999999,0.07460495,-0.3791053949999999,0.06993035999999997,-0.38998923499999993,0.025690339999999978,-0.4155847149999999,0.008759020000000006,-0.3355948049999999,-0.03522164999999999,-0.3116928049999999,-0.011451429999999985,-0.15104023499999986,-0.04741287999999999,-0.08573326499999989,0.032515550000000004,-0.05073157499999992,0.08668075999999997,-0.12969113499999996,0.017453180000000013,-0.013487964999999935,-0.017453180000000013,0.013487965000000046,0.048160539999999974,0.15828566500000008,-0.010406410000000033,0.2156417650000001,0.03325381999999999,0.2335734650000001,-0.039203619999999995,0.2335734650000001,-0.02021044999999999,0.18455457000000003,0.04396697999999999,0.10030865999999994,-0.012191229999999997,0.22595954000000001,0.13409363999999996,-0.043957870000000066,0.03070735999999996,0.17177363,-0.014906719999999984,0.07528780000000002,0.00704676999999998,0.20215380000000005,-0.028797209999999962,0.017931699999999995,-0.04398067,0.02390199999999998,-0.034906360000000025,0.02697592999999998,0.04017413939151651,0.17704274098853529
0.07863556500000002,-0.35435798,0.08681007500000004,-0.36842313,0.073125565,-0.37985695,0.07055942500000001,-0.39110153000000003,0.024462244999999994,-0.41652107,0.009433725000000004,-0.33770689,-0.035247174999999964,-0.3126842,-0.010947534999999953,-0.15461824999999996,-0.046444004999999955,-0.08749554999999998,0.03267347500000001,-0.05276884999999998,0.08833604500000003,-0.13241565,0.017612525000000046,-0.013673649999999982,-0.01761252499999999,0.013673649999999982,0.04551624500000001,0.15902448000000002,-0.011129504999999984,0.21738855,0.032967475000000024,0.23153985,-0.037741195000000005,0.23153985,-0.020381259999999957,0.18308864000000002,0.04362100999999996,0.10184939999999998,-0.011196829999999991,0.22518865000000005,0.13478004999999998,-0.04492010000000002,0.027903719999999965,0.17269813,-0.012548769999999987,0.07251536999999997,0.006483020000000006,0.20371490000000003,-0.02661169000000002,0.014151299999999978,-0.04468089999999997,0.02502268999999996,-0.035225050000000035,0.027347299999999963,0.04189590526462579,0.18046379985896036
0.07800610999999996,-0.35352048999999997,0.08676835,-0.36774567999999996,0.07247355,-0.37910926999999994,0.07152159999999996,-0.39064906,0.02445124999999998,-0.41614363,0.010565179999999952,-0.33774596999999995,-0.03490178000000005,-0.31199137,-0.008463520000000002,-0.15483148000000002,-0.045725020000000005,-0.08640042999999997,0.03386174999999997,-0.05299849000000001,0.08840473999999998,-0.13247746999999999,0.01777221999999995,-0.013886029999999994,-0.017772220000000005,0.013886029999999994,0.045129859999999966,0.15621167000000002,-0.010575900000000027,0.21682631000000008,0.031199879999999958,0.23211687000000003,-0.03866065000000002,0.23211687000000003,-0.019028699999999954,0.18291448999999993,0.04232526999999997,0.10183299000000001,-0.010823239999999956,0.22559094000000002,0.13412976,-0.046077040000000014,0.027357640000000016,0.17009770000000002,-0.013929980000000008,0.0759052,0.007196319999999978,0.20294028000000008,-0.02808474999999999,0.015290559999999953,-0.04546696,0.02575459999999996,-0.035544439999999955,0.027772059999999987,0.04229252301379644,0.18081985777865103
0.07869123500000003,-0.35345257,0.08781667500000001,-0.36839385,0.07253137500000001,-0.37945595000000004,0.07312105499999999,-0.39198131,0.024188125000000005,-0.41668973000000004,0.010916044999999985,-0.33859355,-0.032846584999999984,-0.31299177,-0.009859245000000016,-0.15486935000000002,-0.04420982499999998,-0.08711550000000001,0.034498375000000026,-0.05522409000000006,0.08949794500000002,-0.13418575,0.01720060499999998,-0.013389949999999984,-0.01720060499999998,0.013389949999999984,0.042824874999999984,0.16118694999999994,-0.01026005499999999,0.21733225,0.03078852500000001,0.23062654999999999,-0.039099494999999984,0.23062654999999999,-0.020775290000000002,0.1837242,0.04435762000000004,0.09964525999999996,-0.011363239999999997,0.22587627,0.13370777,-0.04707024999999998,0.025624270000000005,0.17457689999999992,-0.012036349999999973,0.06943960000000005,0.00694054999999999,0.20394230000000002,-0.028839439999999994,0.013294299999999981,-0.04376262999999997,0.02560178000000002,-0.03440120999999996,0.026779899999999968,0.04526928447095788,0.1821075720627577
0.07919455499999994,-0.35195492,0.08805454499999998,-0.36691128,0.07297868499999999,-0.37794027999999996,0.07298638499999999,-0.39046475999999997,0.023758064999999995,-0.41500330999999996,0.010273184999999962,-0.33790297999999996,-0.033307695000000026,-0.31106158,-0.009245685000000003,-0.15523418,-0.04205231500000001,-0.08661491999999993,0.034686934999999974,-0.05520877999999996,0.09110642499999999,-0.13567198000000003,0.017615064999999985,-0.014009720000000003,-0.01761506500000004,0.014009720000000003,0.04801214499999995,0.15777152000000005,-0.010523165000000057,0.21848482000000002,0.03558130499999995,0.23137032000000002,-0.042426485000000014,0.23137032000000002,-0.019518869999999966,0.18266879999999996,0.04393261999999998,0.10002540000000004,-0.00874461999999998,0.22444666000000008,0.13315874,-0.0490570600000001,0.030397079999999965,0.17178124000000006,-0.012430839999999999,0.07359879999999996,0.007091899999999984,0.20447510000000002,-0.03190331999999996,0.012885499999999994,-0.04358087999999999,0.02684139999999996,-0.035230130000000026,0.028019440000000007,0.0445960905257456,0.1849999289262299
0.07909961999999998,-0.357970025,0.08727898,-0.37288150500000006,0.07291757999999998,-0.38372052500000003,0.07096910000000001,-0.39713278500000004,0.023274179999999978,-0.4207888550000001,0.008494849999999998,-0.34460586500000007,-0.033798720000000004,-0.31571269500000004,-0.011099189999999981,-0.16254892500000007,-0.04293143999999999,-0.08975662500000003,0.031919980000000014,-0.056301925000000086,0.09096180999999998,-0.1421715950000001,0.017063349999999977,-0.013937325,-0.017063350000000033,0.013937325,0.04265420999999997,0.16243667499999992,-0.013057860000000032,0.21858802499999996,0.031480430000000004,0.22525617499999995,-0.04307496999999999,0.22525617499999995,-0.01959403999999998,0.18205694,0.043019169999999995,0.10624699999999998,-0.009132719999999983,0.22595607,0.13389324999999996,-0.05241497000000006,0.025590859999999993,0.17637399999999992,-0.011173779999999967,0.06281950000000003,0.0040054900000000004,0.20465069999999996,-0.030017109999999958,0.006668149999999984,-0.04229357,0.028893170000000024,-0.03412670000000001,0.02787465,0.044894084110458345,0.18984053860172234
0.07890462999999998,-0.355767,0.08679032999999997,-0.37048097,0.07293863,-0.3812452,0.07006615999999999,-0.39492448,0.023213270000000008,-0.4183869,0.007647459999999995,-0.34424724,-0.034731330000000005,-0.31380777000000004,-0.011261010000000016,-0.16184317000000004,-0.04231470000000004,-0.08752523000000001,0.03164225999999998,-0.05407194999999998,0.09112334999999999,-0.14110933000000003,0.017390429999999957,-0.014826899999999976,-0.017390430000000012,0.014826899999999976,0.048047729999999955,0.15505356999999997,-0.011776320000000007,0.21734244999999996,0.036462930000000005,0.22722799999999999,-0.04250329000000003,0.22722799999999999,-0.01890847000000001,0.18240406999999997,0.04290326999999999,0.10777122000000006,-0.007583370000000034,0.22628254000000003,0.13343805000000003,-0.05358410000000002,0.0306573,0.16988046999999995,-0.01158479999999995,0.07217443000000001,0.0056141100000000055,0.20251555,-0.03072697000000002,0.00988555000000002,-0.04237879,0.03043946999999997,-0.03478085999999997,0.029653799999999952,0.04175270779064995,0.18997723094229294
0.07962048,-0.35271711,0.08733190000000002,-0.36725376,0.07392093999999999,-0.37843815,0.07026878000000003,-0.39137700999999997,0.023930759999999995,-0.41590748,0.009262360000000025,-0.34020698,-0.03582930000000001,-0.31074215,-0.005932419999999994,-0.15747027999999996,-0.04055690000000001,-0.08460891999999998,0.03481477999999999,-0.05156077999999997,0.09661481,-0.14115352000000003,0.018102580000000035,-0.014743379999999973,-0.01810257999999998,0.014743379999999973,0.048563880000000004,0.15841202,-0.011450340000000003,0.22055221999999997,0.03580939999999999,0.22962492,-0.03982975999999999,0.22962492,-0.015194780000000019,0.18273670000000003,0.04074719999999998,0.10590949999999999,-0.0047275999999999985,0.22613323000000002,0.13717171,-0.056544600000000056,0.03046129999999997,0.17315539999999996,-0.012754480000000012,0.07121290000000002,0.006652239999999976,0.20580884,-0.02837941999999999,0.009072700000000045,-0.04509166000000003,0.029464829999999997,-0.036205160000000014,0.029486759999999945,0.04043288972606334,0.19355599447710758
0.07856594499999997,-0.3534742149999999,0.086717565,-0.36774145499999994,0.07307835499999998,-0.37931244499999994,0.07022346499999998,-0.39142994499999995,0.023428194999999985,-0.41714901499999996,0.008894934999999993,-0.33977811499999994,-0.03678868499999999,-0.31139163499999994,-0.006967885000000007,-0.1559037149999999,-0.041331125000000024,-0.08539725499999995,0.03359337499999998,-0.05287988499999996,0.09719135499999998,-0.1466900149999999,0.018412454999999994,-0.014623184999999927,-0.018412454999999994,0.014623185000000039,0.04832817499999997,0.15991808500000004,-0.01371650499999999,0.22251503500000003,0.03388344500000001,0.22804598500000006,-0.04363642499999998,0.22804598500000006,-0.01586282,0.18387440000000005,0.04056125999999999,0.10302382999999993,-0.0045424400000000364,0.22599438,0.13852248,-0.061292759999999946,0.02991571999999998,0.17454126999999997,-0.014444729999999961,0.06812790000000002,0.004695950000000004,0.20789185,-0.02991991999999999,0.0055309500000000344,-0.04568361999999998,0.02838647999999999,-0.03682490999999999,0.029246369999999966,0.04115866162712779,0.19845954091641974
0.07972974999999999,-0.349050765,0.08710794999999999,-0.36347552499999997,0.07428526000000002,-0.374602055,0.0697759,-0.387256685,0.02451582000000002,-0.411825625,0.009109580000000006,-0.335123825,-0.03549460999999998,-0.306188705,-0.005254760000000025,-0.14860758499999993,-0.040071440000000014,-0.07949442500000004,0.03440099000000002,-0.049405785000000035,0.09812449000000001,-0.14577312499999995,0.01801417999999999,-0.014813874999999976,-0.01801417999999999,0.014813874999999976,0.04864254000000001,0.16016007500000007,-0.013218740000000007,0.224279475,0.03516863999999997,0.23224487500000002,-0.043786800000000015,0.23224487500000002,-0.014364340000000031,0.18651624000000006,0.039655750000000045,0.0992017999999999,-0.004576830000000032,0.22669427999999997,0.13819593000000002,-0.06627869999999991,0.03062836000000002,0.17497395000000004,-0.013473900000000039,0.07208479999999995,0.004795439999999984,0.20946560000000003,-0.030568060000000008,0.007965400000000011,-0.04460418999999999,0.02893511999999998,-0.03602835999999998,0.029627749999999953,0.03827698759599826,0.19818268147940898
0.07881381999999998,-0.34823517500000006,0.0863447,-0.36230198500000005,0.07377218000000002,-0.37343423500000006,0.06923101999999998,-0.38744903500000005,0.02489572000000001,-0.4122201650000001,0.008797269999999968,-0.33747677500000006,-0.03569232,-0.30767585500000005,-0.0050343999999999944,-0.15128199500000006,-0.039457750000000014,-0.08015953500000006,0.03428927999999998,-0.050039035000000065,0.09978722000000001,-0.1473110350000001,0.01781339999999998,-0.015007335000000066,-0.01781339999999998,0.015007334999999955,0.04882031999999997,0.1580355349999999,-0.011684260000000002,0.2222586649999999,0.03237171999999999,0.23211856499999994,-0.04114667999999999,0.23211856499999994,-0.013831669999999963,0.18619478,0.03932367999999997,0.10124295999999999,-0.003765430000000014,0.22751632,0.13924497000000002,-0.06715150000000003,0.031006919999999993,0.17304286999999996,-0.01644859999999998,0.07408303000000005,0.006129139999999977,0.20725132999999996,-0.02946241999999999,0.009859900000000033,-0.04448958999999997,0.02980092000000001,-0.03562679999999996,0.03001467000000002,0.038712719184583244,0.20044240834674013
0.07916824,-0.34677907500000005,0.08679676999999997,-0.360597235,0.07424130000000001,-0.37213020500000005,0.06959579999999999,-0.38562621500000005,0.025178199999999984,-0.41127225500000003,0.008109299999999986,-0.336681385,-0.03567100000000001,-0.30649193500000005,-0.005145029999999995,-0.15152543500000004,-0.03935822,-0.07822323500000006,0.03435624999999998,-0.04835683499999999,0.09968454999999998,-0.14692576499999999,0.01755469999999998,-0.015175064999999988,-0.017554700000000034,0.015175064999999988,0.05013257999999998,0.154714625,-0.009686940000000033,0.219270505,0.032429949999999985,0.23336676499999998,-0.04157932000000003,0.23336676499999998,-0.01325432999999998,0.18515594999999996,0.03950127999999997,0.10316860000000005,-0.003687219999999991,0.2282687,0.13904276999999998,-0.06870252999999993,0.032577880000000004,0.16988968999999998,-0.017702629999999997,0.07865213999999998,0.007867760000000001,0.20409544000000002,-0.03189238,0.014096259999999972,-0.043780299999999994,0.03018944999999995,-0.03510940000000001,0.030350129999999975,0.0371930362129176,0.20005429469834282
0.07806152,-0.34717378,0.08553021999999999,-0.36068144,0.07335213000000002,-0.37226066,0.06809994000000003,-0.38600164,0.024561730000000004,-0.41172388,0.006761879999999998,-0.3382612,-0.036152870000000004,-0.30804994,-0.006515339999999981,-0.15241223000000004,-0.03944080999999999,-0.0799109,0.033366160000000034,-0.04826649999999999,0.09851958999999999,-0.14762339999999996,0.017360180000000003,-0.015349150000000034,-0.017360180000000003,0.015349150000000034,0.050223110000000015,0.15369010000000005,-0.009421919999999973,0.22049280000000004,0.03255004,0.2325874,-0.04160037999999999,0.2325874,-0.013277219999999978,0.18584896999999995,0.039881500000000014,0.10414573000000005,-0.003287939999999989,0.22813904000000002,0.13796039999999998,-0.06771249999999995,0.03286293000000001,0.16903925000000009,-0.017673070000000013,0.07889729999999995,0.00793826000000003,0.20514365,-0.03217846000000002,0.012094599999999955,-0.04291475,0.030211259999999962,-0.034720360000000006,0.030698300000000067,0.03660250437856538,0.19997043068602768
0.07805858499999996,-0.34444391499999993,0.08576418499999994,-0.35807013499999996,0.07327710499999995,-0.36980896499999993,0.06855584499999995,-0.38272763499999995,0.024283224999999964,-0.40882843499999993,0.006163404999999955,-0.33482610499999993,-0.03595064500000006,-0.3037491749999999,-0.006704275000000037,-0.15300708499999993,-0.039516695000000046,-0.076891775,0.03406202499999994,-0.04735853499999998,0.09958802499999997,-0.144907295,0.01704232499999997,-0.015445834999999963,-0.017042325000000025,0.015445835000000074,0.05104322499999997,0.15486556500000004,-0.00866491500000005,0.22044831500000006,0.03338520499999997,0.23531556500000006,-0.04313094500000003,0.23531556500000006,-0.012867679999999992,0.18181902,0.04076629999999998,0.10564854999999995,-0.0035660499999999873,0.22685739999999993,0.13910472000000002,-0.06801552,0.0340009,0.1703114,-0.017658019999999996,0.08045000000000002,0.008377409999999974,0.20500248,-0.03446602999999998,0.014867249999999999,-0.042114050000000014,0.031076930000000003,-0.034084649999999994,0.030891670000000038,0.03616753529589762,0.19828203358327606
0.07699800999999995,-0.3448982800000001,0.08460999999999996,-0.3576492600000001,0.07302101,-0.3702426500000001,0.06705449999999996,-0.38166513000000013,0.025045059999999952,-0.4099654300000001,0.005246029999999957,-0.3340720300000001,-0.03676334000000003,-0.3058195700000001,-0.006545260000000053,-0.15087866000000005,-0.040090720000000024,-0.07756663000000008,0.03484527999999998,-0.04679463000000006,0.09781311999999998,-0.14558738000000016,0.01710106,-0.014731530000000048,-0.01710106,0.014731529999999937,0.052434079999999994,0.1560018099999999,-0.009519290000000014,0.21810166999999991,0.03488865999999996,0.2343592699999999,-0.043529010000000035,0.2343592699999999,-0.01179129000000001,0.18319337000000002,0.04139054000000003,0.10408403,-0.003327379999999991,0.22825294000000002,0.13790384,-0.06802075000000007,0.03533301999999999,0.17073333999999996,-0.017545420000000034,0.07835745999999999,0.007581769999999988,0.20337013999999998,-0.03400972000000002,0.016257599999999983,-0.04200936999999999,0.02825245999999998,-0.03420212,0.029463059999999985,0.03664559625682737,0.19724964301275813
0.07477638000000003,-0.34864055,0.08273205,-0.3610447,0.07125988999999999,-0.37424513000000004,0.06543270000000001,-0.38517269,0.024242580000000014,-0.41502913,0.003557950000000032,-0.33774925,-0.03821374999999999,-0.31037089,-0.008348819999999979,-0.15490145,-0.04202538,-0.08080604999999996,0.03389595000000001,-0.05189745000000001,0.09635525,-0.14970315,0.016928849999999995,-0.014534449999999977,-0.016928849999999995,0.014534449999999977,0.05144215000000002,0.15480328,-0.010800849999999973,0.21540864999999998,0.03394660999999999,0.22964025,-0.043104770000000014,0.22964025,-0.011906770000000011,0.1828478,0.04224476999999999,0.10300399999999998,-0.0038116300000000103,0.22956484000000005,0.13838063,-0.06889710000000004,0.034513300000000025,0.16933772999999996,-0.01749554000000003,0.07483697,0.006128000000000022,0.2008742,-0.03230392000000004,0.014231600000000011,-0.04177170000000002,0.02737835999999999,-0.03385769999999999,0.029068899999999953,0.0410350612453546,0.19951760966533755
0.07419077499999999,-0.35114615499999996,0.08189211499999999,-0.363763895,0.070399235,-0.376822975,0.06435541499999997,-0.387814785,0.022489115000000004,-0.417313575,0.002989784999999967,-0.33867480499999997,-0.03949456499999998,-0.31189876499999997,-0.008375004999999991,-0.15419252500000002,-0.04128240500000002,-0.08290192499999993,0.03268653500000002,-0.053506784999999946,0.09715877499999998,-0.15364662499999993,0.01729573499999998,-0.014334924999999998,-0.01729573499999998,0.014334924999999998,0.05144733499999998,0.15575297500000007,-0.011788565000000029,0.21510317499999998,0.03261278499999998,0.22704637500000002,-0.04472632500000001,0.22704637500000002,-0.011364789999999958,0.18448227999999994,0.04106154000000001,0.10068574000000008,-0.0017878400000000405,0.22899684000000003,0.13844118,-0.0707447,0.034151600000000004,0.17008790000000007,-0.018834550000000005,0.07129339999999995,0.00550716999999995,0.20076824999999998,-0.03293775999999998,0.011943200000000043,-0.04248434999999995,0.02677604,-0.03459146999999996,0.028669849999999997,0.0420869497647382,0.20326740023855908
0.07444374000000004,-0.34946225,0.08223281999999998,-0.36264015,0.07004900000000003,-0.37514876999999996,0.06497503999999998,-0.3872174,0.021171720000000005,-0.41528105,0.0026875000000000093,-0.33894356999999997,-0.03905705999999998,-0.31028324999999995,-0.00925282999999999,-0.15351238999999994,-0.04037412000000001,-0.08097834999999998,0.03177856000000001,-0.05228701000000002,0.09848718000000001,-0.15196874999999999,0.017294599999999993,-0.014775780000000016,-0.017294599999999993,0.014775780000000016,0.05115907000000003,0.15659995000000004,-0.011959899999999968,0.21838055,0.03414286,0.22861615000000002,-0.04777170999999997,0.22861615000000002,-0.011940329999999999,0.18543118000000003,0.04103139,0.10122537999999992,-0.0013170600000000365,0.22930489999999998,0.13886130000000002,-0.07099040000000001,0.033864470000000035,0.17137573000000006,-0.01701621000000003,0.07201619999999997,0.0053347000000000255,0.20360477,-0.03581181,0.010235600000000011,-0.041744559999999986,0.028660320000000017,-0.03458919999999999,0.029551560000000032,0.04021041498659895,0.20300039129245367
0.07441866999999996,-0.34967350499999994,0.08236079999999996,-0.3631021949999999,0.07009145,-0.3754205749999999,0.0650405,-0.38852517499999994,0.021559949999999994,-0.41607257499999994,0.0003265100000000021,-0.3424108749999999,-0.03740262999999999,-0.3113653349999999,-0.012554590000000032,-0.1579352249999999,-0.03996896999999999,-0.08120387499999993,0.03135609,-0.05157717499999992,0.09924411999999999,-0.15178817499999997,0.016148090000000004,-0.015365874999999973,-0.016148090000000004,0.015365875000000084,0.05188355,0.1554202750000001,-0.010575830000000008,0.2194249250000001,0.03847802,0.22783312500000008,-0.04894269000000001,0.22783312500000008,-0.012881100000000034,0.18447565,0.043910680000000035,0.10635804999999998,-0.0025663400000000003,0.23016145999999998,0.13921308999999998,-0.07058430000000004,0.03573546,0.17078615000000008,-0.013405529999999999,0.07241284999999997,0.0055722599999999956,0.20405905000000002,-0.03836686,0.008408199999999977,-0.037729139999999994,0.031045539999999983,-0.03229618000000001,0.030731750000000058,0.03927520224887449,0.20311533314864888
0.07415260500000004,-0.350869735,0.08218317500000005,-0.364676705,0.06960062500000003,-0.376816205,0.06494693500000004,-0.390045775,0.020553005000000013,-0.417230005,-0.00011657499999995213,-0.342188775,-0.037612224999999944,-0.310829695,-0.013387904999999978,-0.158427145,-0.039180804999999985,-0.08189543499999996,0.03174953500000005,-0.05204177499999996,0.09862267500000005,-0.15172233499999999,0.015943275000000035,-0.015388924999999998,-0.01594327499999998,0.015388924999999998,0.05163157500000004,0.15457276499999995,-0.010780354999999964,0.21837142499999995,0.03588624500000004,0.226793625,-0.04846607499999994,0.226793625,-0.013271330000000026,0.18376163,0.04513744000000003,0.10638537000000003,-0.0015685800000000416,0.22893426000000006,0.13780348000000003,-0.06982690000000003,0.035688300000000006,0.16996168999999994,-0.015745330000000002,0.07222086000000005,0.005162920000000015,0.20298249999999995,-0.03768571999999998,0.008422200000000046,-0.03749564999999999,0.031359079999999984,-0.031886550000000013,0.030777849999999995,0.039915777185344864,0.20261177191414645
0.07396372499999998,-0.35598924000000004,0.08162057499999997,-0.36995504,0.06922709499999996,-0.38205072,0.06378605499999995,-0.39466714,0.019534044999999944,-0.42167064000000004,-0.0005387250000000177,-0.34411880000000006,-0.03845370500000006,-0.31461174000000003,-0.013991005000000056,-0.15838184,-0.039818425000000046,-0.08690434000000002,0.030119504999999935,-0.05710819,0.09619161499999995,-0.15617481,0.015939824999999963,-0.015087990000000051,-0.01593982500000002,0.01508798999999994,0.04996770499999997,0.15292505999999995,-0.01020035500000005,0.21623148999999997,0.035705534999999955,0.22163405999999997,-0.044104555000000045,0.22163405999999997,-0.013452280000000039,0.18573696000000006,0.04411050999999999,0.10127364999999999,-0.001364719999999986,0.2277074,0.13601004,-0.06927046999999997,0.03402788000000001,0.16801305,-0.014262170000000018,0.06870900000000002,0.005739469999999969,0.20114350000000003,-0.033904199999999995,0.005402569999999995,-0.03791498000000004,0.02950706000000003,-0.03187964999999998,0.03017597999999999,0.04434817395273897,0.20470565820297584
0.07343317500000002,-0.354454805,0.08137186499999999,-0.367613515,0.06945341500000002,-0.379692125,0.06373747499999999,-0.392641535,0.02150766500000001,-0.419998845,0.0016028450000000194,-0.344850875,-0.03916720499999998,-0.313707305,-0.01004640499999998,-0.159738575,-0.03697941499999996,-0.08484892499999996,0.029226885000000036,-0.05802141500000002,0.103835695,-0.160474075,0.016563885,-0.015307674999999965,-0.016563885,0.015307674999999965,0.04533451500000002,0.15790562499999994,-0.010247804999999999,0.22137552500000002,0.027270035000000026,0.223108125,-0.039665385,0.223108125,-0.01164925,0.1851123,0.039273290000000016,0.10171715999999997,0.0021877900000000228,0.22885838000000003,0.14081510999999997,-0.07562515000000003,0.02877063000000002,0.1732132999999999,-0.018064479999999994,0.06520250000000005,0.006316080000000002,0.20606785000000005,-0.02941758,0.001732599999999973,-0.04077005,0.03114357000000001,-0.03312777,0.03061534999999993,0.04455126433433293,0.21306168707029166
0.07282890499999994,-0.354604765,0.08090353499999997,-0.367764265,0.06880761499999993,-0.379987625,0.06355197499999993,-0.39262716499999994,0.02075715499999997,-0.420386065,0.0013672349999999667,-0.344619625,-0.039736865000000066,-0.314208265,-0.010554065000000057,-0.15942010499999992,-0.03727436500000003,-0.085775995,0.02855341499999997,-0.05783322499999999,0.10254706499999994,-0.16012166500000002,0.01685468499999998,-0.015206665000000008,-0.016854685000000036,0.015206665000000008,0.04722575499999998,0.15687206500000006,-0.01096789500000006,0.22054593500000008,0.029172534999999944,0.22252473500000003,-0.04123051500000002,0.22252473500000003,-0.011921300000000024,0.18519952000000006,0.03910748000000003,0.10158687999999994,0.002462500000000034,0.22843227,0.13982142999999997,-0.07434567000000003,0.03037107,0.17207873000000007,-0.018053220000000036,0.06565266999999997,0.005886789999999975,0.20533927000000007,-0.030262619999999962,0.0019787999999999473,-0.04110410000000003,0.03041136,-0.033709370000000016,0.030413330000000016,0.044202758975503985,0.21212449458667287
0.07262853000000002,-0.35506623500000006,0.08052521000000007,-0.3683272150000001,0.06852599000000004,-0.3803063750000001,0.06294777000000007,-0.39335115500000006,0.020479230000000015,-0.4203692850000001,0.00047627000000005637,-0.3460328350000001,-0.039017569999999946,-0.3146769350000001,-0.010642529999999983,-0.1622654950000001,-0.03704994999999994,-0.08706398500000012,0.02962423000000003,-0.05811257500000011,0.10284349000000004,-0.1587562750000001,0.016375730000000033,-0.015313435000000042,-0.016375729999999977,0.01531343499999993,0.04624143000000003,0.15738446499999992,-0.010667209999999983,0.22116866499999988,0.030966870000000035,0.2226216649999999,-0.042084999999999984,0.2226216649999999,-0.01111880000000004,0.18376734,0.04026676000000001,0.10415291999999998,0.0019676200000000033,0.22761294999999998,0.13989343999999998,-0.07169228999999999,0.029865699999999995,0.17269789999999996,-0.015274559999999993,0.0652372,0.005708519999999995,0.20585522999999994,-0.03141779,0.0014530000000000376,-0.03949384,0.03135589999999999,-0.03275146000000001,0.030626869999999973,0.04480278046047595,0.2109821944072355
0.07231037500000004,-0.35337961,0.07966332500000001,-0.36643303,0.06844759500000003,-0.37849595,0.06122292500000004,-0.39113245,0.020108835000000047,-0.41822655,-0.0014185749999999775,-0.34370831,-0.039344204999999965,-0.31209543,-0.011752604999999972,-0.16120040999999996,-0.03756035499999999,-0.08467395,0.029451055000000004,-0.05637694999999998,0.09953002500000002,-0.15444924999999998,0.015863165000000012,-0.015343450000000036,-0.015863164999999957,0.015343450000000036,0.04684834500000001,0.15875024999999998,-0.011012624999999998,0.22250318000000002,0.031837795,0.22421795,-0.04308980499999998,0.22421795,-0.010334029999999994,0.18250790000000006,0.041203659999999975,0.10482345999999998,0.0017838499999999757,0.22742148,0.13709038,-0.06977529999999998,0.03098518,0.17409370000000002,-0.015010550000000011,0.06546770000000002,0.004850539999999959,0.20715973,-0.03207717999999998,0.0017147699999999766,-0.03792562999999999,0.03161288000000001,-0.03172632999999997,0.030686900000000072,0.043224748430755446,0.20529283784795344
0.07190304000000003,-0.35517493999999994,0.07967526000000003,-0.36836854999999996,0.06810871000000002,-0.38068372999999994,0.06189144000000002,-0.39228463999999996,0.01985490000000001,-0.42027188,-0.0010269600000000212,-0.34316895,-0.03987244000000001,-0.31249077,-0.011514010000000019,-0.16169259999999996,-0.03690602999999998,-0.08644679999999993,0.028798340000000033,-0.057485649999999944,0.10011482,-0.15596809999999994,0.016401410000000005,-0.015259799999999935,-0.016401410000000005,0.015259800000000046,0.05001124000000001,0.15533375000000005,-0.012769519999999979,0.21993976000000004,0.03395098000000002,0.22259300000000004,-0.045972159999999984,0.22259300000000004,-0.010487049999999998,0.18147635,0.04031235000000005,0.10420695000000002,0.0029664100000000304,0.22604397000000004,0.13702084999999997,-0.06952130000000001,0.03360983000000001,0.17059354999999998,-0.016060259999999993,0.06725924999999999,0.0036318900000000265,0.20467996,-0.033202640000000005,0.002653240000000001,-0.03884547999999999,0.03067818,-0.03280282000000001,0.03051959999999998,0.04400802519595036,0.2071111430894603
0.07163133000000005,-0.3541333649999999,0.07942714000000001,-0.36749908499999995,0.06773678,-0.3797453249999999,0.061767740000000015,-0.39147457499999994,0.01948528000000005,-0.4193574749999999,-0.0009261199999999747,-0.34164196499999994,-0.03947265,-0.31193392499999995,-0.011530739999999984,-0.15833177499999995,-0.03599806,-0.08560529499999991,0.029359740000000023,-0.057076954999999985,0.09949168000000003,-0.15463242499999996,0.016257240000000006,-0.01493272499999998,-0.01625723999999995,0.014932725000000091,0.04920821000000003,0.1577279250000001,-0.012975519999999963,0.2211935250000001,0.033457440000000005,0.22403827500000006,-0.04523211999999999,0.22403827500000006,-0.010604620000000009,0.18331018999999998,0.04089048000000001,0.10125481999999997,0.0034745899999999996,0.22632863000000003,0.13548974000000003,-0.06902713000000005,0.032950970000000024,0.17266065000000008,-0.015750770000000025,0.06631034999999996,0.003281719999999988,0.20626080000000002,-0.032256600000000024,0.0028447499999999515,-0.03854653000000002,0.02970803999999999,-0.03251447999999996,0.02986545000000007,0.04413401894845858,0.20530502325975591
0.07205393999999998,-0.35512475,0.08013004000000001,-0.3683491,0.06817168000000001,-0.3807451,0.0627856,-0.39255112999999997,0.020065579999999972,-0.42077739999999997,-0.00025013000000001506,-0.34436292,-0.039281659999999996,-0.31425867,-0.011334600000000028,-0.16007335,-0.034800759999999986,-0.08648809999999996,0.02978063999999997,-0.05714023999999995,0.10138637,-0.15591473,0.016690490000000002,-0.015162800000000032,-0.016690490000000002,0.015162800000000032,0.05144924000000001,0.15343326000000002,-0.012477779999999994,0.21865354999999997,0.03575513999999996,0.2230609,-0.04584276000000004,0.2230609,-0.011084470000000013,0.18428957,0.04111524,0.10293311000000005,0.00448090000000001,0.22777057000000006,0.13618713,-0.06942663000000004,0.034758750000000005,0.16859606000000005,-0.015694100000000044,0.06962763999999999,0.004212710000000008,0.20349074999999994,-0.033364980000000044,0.004407350000000032,-0.03903152999999998,0.03010425,-0.033380980000000005,0.030325600000000064,0.043971098416756574,0.20786934872260632
0.07107063499999994,-0.35463145000000007,0.07923920499999998,-0.3678294200000001,0.06747420499999995,-0.3803714900000001,0.061909524999999965,-0.3919914500000001,0.019865034999999975,-0.42063791000000006,-0.0012032450000000194,-0.34393159000000006,-0.039795755000000044,-0.3133278500000001,-0.011403395000000038,-0.1607672000000001,-0.035323355000000056,-0.08548605000000009,0.030443044999999946,-0.05611565000000007,0.10109302499999995,-0.1545070500000001,0.016473324999999983,-0.015362650000000033,-0.01647332500000004,0.015362649999999922,0.05222472499999997,0.1529629199999999,-0.012732715000000061,0.21892694999999995,0.03762860499999998,0.22353004999999992,-0.04467699500000005,0.22353004999999992,-0.010200150000000019,0.18316438999999995,0.041846439999999985,0.10465155000000004,0.0044723999999999875,0.22784179999999998,0.13641638,-0.069021,0.03575139999999999,0.16832556999999992,-0.01459611999999999,0.07056713000000003,0.0037406099999999776,0.20356430000000003,-0.03194427999999999,0.004603099999999971,-0.038592510000000024,0.03060373999999999,-0.03294665000000002,0.030725299999999955,0.043080855212941194,0.20658548262259985
0.07175896500000001,-0.355731855,0.07977221499999998,-0.369054565,0.06804512499999998,-0.381382835,0.062162365,-0.393456615,0.019973464999999968,-0.421522685,-0.001167285000000018,-0.345494535,-0.03977013500000004,-0.31420029499999996,-0.011559205000000017,-0.162081535,-0.035321464999999996,-0.08675913499999999,0.030092604999999994,-0.057173735,0.10131181499999997,-0.15548253499999998,0.016479834999999998,-0.015656734999999977,-0.016479834999999998,0.015656734999999977,0.05167264499999996,0.152099635,-0.012592095000000025,0.220312615,0.03699089499999997,0.222331665,-0.04424007499999999,0.222331665,-0.010391919999999999,0.183413,0.04165181000000001,0.1049078,0.004448670000000043,0.22744115999999998,0.13663327999999997,-0.06872339999999999,0.03519280999999996,0.16775637,-0.014681749999999993,0.07023203,0.003887739999999973,0.20465588,-0.031647979999999964,0.002019050000000022,-0.03860285000000002,0.03129424000000003,-0.032959669999999996,0.031313469999999954,0.04369174745959358,0.20775832725995697
0.07168239999999998,-0.35486551000000005,0.07991179999999998,-0.36831681000000005,0.06773655999999995,-0.38062728000000007,0.06284593999999999,-0.39249328000000006,0.019564029999999955,-0.42055926000000005,-0.000434760000000034,-0.34401629000000006,-0.039809620000000046,-0.31324783000000006,-0.011366040000000022,-0.16105981000000003,-0.03640625000000003,-0.08582721000000004,0.030505299999999957,-0.057187680000000074,0.09980656999999998,-0.1532425100000001,0.016814139999999977,-0.01543206000000008,-0.016814140000000033,0.01543205999999997,0.05263727999999995,0.15161108999999995,-0.013547540000000025,0.2184047899999999,0.037619829999999965,0.22335558999999994,-0.04680010000000001,0.22335558999999994,-0.010931279999999988,0.18295648000000003,0.04187133999999998,0.10387212999999995,0.0034033700000000167,0.22742062000000002,0.13621282,-0.06741530000000007,0.035823139999999976,0.16704315000000003,-0.015017449999999988,0.07174449999999999,0.0032666000000000084,0.20297272999999993,-0.03325255999999999,0.004950800000000033,-0.03937486000000001,0.030768459999999997,-0.03362828000000001,0.03086412000000005,0.043942913691857065,0.2050646253394013
0.07305022499999997,-0.3556316,0.08122539499999998,-0.36936844,0.06898313499999997,-0.3813674,0.06379305499999999,-0.39405903000000003,0.020566344999999986,-0.42124581,-0.00030842500000000106,-0.34627372,-0.03874840500000004,-0.31330487,-0.011348405000000006,-0.16462100000000002,-0.035880835,-0.08567754000000005,0.030863754999999993,-0.05704169999999997,0.099813125,-0.15260700000000005,0.016237944999999976,-0.015973059999999983,-0.01623794500000003,0.015973059999999983,0.05124094499999998,0.15020456999999998,-0.01099280500000005,0.21917995999999995,0.035481494999999974,0.222653,-0.04308605500000001,0.222653,-0.011039980000000005,0.18165272,0.04221216,0.10757930000000004,0.0028675700000000415,0.22762732999999996,0.13569396,-0.06692946,0.035003000000000006,0.16617762999999997,-0.015759450000000008,0.07244843000000001,0.0052451399999999815,0.20320689999999997,-0.03209324999999996,0.0034730400000000383,-0.03843998000000004,0.032968849999999994,-0.03247589000000001,0.03194611999999997,0.04359526934892936,0.20466335157460047
0.07333513000000003,-0.35544953999999995,0.08136103,-0.36917776999999996,0.06919920000000002,-0.38116526999999994,0.0636836,-0.3936633299999999,0.02040344999999999,-0.42085201999999994,0.00013685000000002168,-0.34475154999999996,-0.03917647000000002,-0.31310442999999993,-0.011785509999999999,-0.16252286999999999,-0.036611369999999976,-0.08590146999999992,0.03114283000000001,-0.057466069999999925,0.09774887999999998,-0.15031236999999997,0.01638742999999998,-0.015555929999999996,-0.01638742999999998,0.015555930000000107,0.049676830000000005,0.15399823,-0.01228218999999997,0.2208022300000001,0.03378490000000001,0.22275423000000005,-0.04092783,0.22275423000000005,-0.01192236000000002,0.18222867999999998,0.04292834000000001,0.10505680000000006,0.0025651000000000423,0.22720296,0.13436024999999996,-0.06441090000000005,0.033289400000000025,0.16955416,-0.01589193,0.06875600000000004,0.00410524000000001,0.2052463,-0.028645640000000028,0.0019519999999999538,-0.03931332000000004,0.03164712000000003,-0.03277485999999996,0.031111860000000102,0.04443176413310184,0.20134395994244805
0.07161277999999999,-0.3570050000000001,0.07964866999999998,-0.3706176200000001,0.06757419999999997,-0.3829168300000001,0.062003489999999994,-0.3940187000000001,0.01907858000000001,-0.4219653500000001,-0.0008073499999999845,-0.3432939000000001,-0.04064192999999999,-0.31301727000000007,-0.01225269000000001,-0.16053074000000012,-0.03829385000000002,-0.08531510000000009,0.03136242,-0.05700504000000006,0.09480690999999997,-0.15024053000000004,0.01657617,-0.015123100000000056,-0.01657617,0.015123099999999945,0.04983553000000002,0.1571085499999999,-0.014024499999999995,0.2212652599999999,0.03337344999999997,0.2216579999999999,-0.04316878000000002,0.2216579999999999,-0.011445340000000026,0.18276315999999998,0.04361511000000001,0.10352570000000005,0.0023480799999999746,0.22770216999999998,0.13310075999999998,-0.06492542999999995,0.033259360000000016,0.17223164999999996,-0.016462080000000046,0.06454945000000001,0.002551670000000006,0.20614215999999996,-0.029144280000000022,0.00039274000000000253,-0.03983458000000001,0.030276630000000027,-0.03315234,0.0302462,0.04441542623037745,0.19937733230501226
0.07168084499999999,-0.35802413,0.07952408500000002,-0.37152333,0.06776417500000004,-0.38384585,0.061579505000000034,-0.39500351,0.019367915000000013,-0.42298106999999996,-0.001282155000000007,-0.34402618999999995,-0.040438105,-0.31425749,-0.01296165499999996,-0.16147630000000002,-0.038741515000000004,-0.08669446000000003,0.03166691500000002,-0.05828599000000001,0.093964975,-0.15022669999999994,0.016358095000000017,-0.01492207000000001,-0.01635809499999996,0.01492207000000001,0.049878015,0.15719217000000008,-0.01436765499999998,0.21978587000000005,0.033997995,0.22067477000000002,-0.042896135,0.22067477000000002,-0.011679499999999954,0.18254988999999994,0.04462856999999998,0.10319031000000001,0.0016965899999999978,0.22756302999999994,0.13270649,-0.0635322399999999,0.03351991999999998,0.17211424000000008,-0.015880019999999995,0.06348259999999994,0.0019904399999999822,0.20486380000000004,-0.028528480000000023,0.0008888999999999703,-0.039155949999999995,0.02976869999999998,-0.03271618999999998,0.02984414000000002,0.04598684080863568,0.19860839863091836
0.07132591999999999,-0.36085886,0.07917403,-0.37456491999999997,0.06723865000000001,-0.38674002999999996,0.061269289999999976,-0.39787623,0.018506369999999994,-0.42546176999999996,-0.0013240700000000105,-0.34623313,-0.04131085000000001,-0.31565717,-0.012640660000000026,-0.16403899999999993,-0.039469489999999996,-0.08826583999999993,0.03168483999999999,-0.059332700000000016,0.09370603,-0.15245429999999993,0.01669198999999999,-0.015130099999999924,-0.01669198999999999,0.015130100000000035,0.04956832,0.15586734000000002,-0.01590280999999999,0.21811950000000002,0.034153390000000006,0.21811950000000002,-0.04434503000000001,0.21811950000000002,-0.011316590000000015,0.18219413000000007,0.04432550000000002,0.10470629999999992,0.001841360000000014,0.22739133000000006,0.13317552,-0.06418846,0.03287633000000001,0.17099743999999995,-0.015414929999999993,0.06225216,0.0007891800000000004,0.2029894,-0.028442220000000018,0.0,-0.03998678,0.030575960000000013,-0.03338397999999998,0.03026019999999996,0.04667606879207489,0.20067948062340699
0.07137161000000003,-0.360757465,0.07929095000000003,-0.37469280499999996,0.06697803000000002,-0.38684163499999996,0.061391830000000036,-0.39769653499999996,0.017861680000000046,-0.425003125,-0.002317319999999956,-0.34611386499999997,-0.040836159999999955,-0.31525049499999996,-0.014785349999999975,-0.16496590499999997,-0.04119413999999999,-0.08776126500000003,0.031284630000000035,-0.059262865,0.09164808000000002,-0.14919523499999998,0.01622292000000003,-0.015147165000000018,-0.016222919999999974,0.015147165000000018,0.04907375000000003,0.15800193500000004,-0.015094619999999948,0.219124635,0.03702368,0.219124635,-0.04468187999999995,0.219124635,-0.012468030000000019,0.18114796,0.04606998000000001,0.10570303999999997,-0.0003579800000000355,0.22748922999999993,0.13284222,-0.06143396999999995,0.03285083,0.17314910000000006,-0.012050070000000024,0.061122699999999974,0.0011283000000000265,0.20397747,-0.029587260000000004,0.0,-0.03851884,0.03086337,-0.032445840000000004,0.030294330000000036,0.046615985397866454,0.19658223998815355
0.07170620999999994,-0.35811713,0.07957124999999998,-0.37175363,0.06744964999999997,-0.38418719,0.061501049999999946,-0.39495725000000004,0.01811317999999995,-0.42288705,-0.001913630000000055,-0.34468405,-0.041713710000000015,-0.31379955000000004,-0.014205450000000064,-0.16382858,-0.04192165000000003,-0.08543875000000001,0.03153419999999996,-0.05635509000000005,0.09136486999999999,-0.14696465000000003,0.016660049999999982,-0.015192250000000018,-0.016660050000000037,0.015192250000000018,0.050132649999999945,0.15930244999999998,-0.015567250000000032,0.22139135,0.036806709999999965,0.22139135,-0.04476925000000004,0.22139135,-0.012291820000000009,0.18085547000000002,0.04573965000000002,0.10747348999999995,-0.00020794000000001756,0.22836080000000003,0.13328652000000002,-0.06152590000000002,0.033472599999999963,0.1744947,-0.01332593999999998,0.0620889,0.0010928000000000049,0.20619909999999997,-0.029202000000000006,0.0,-0.03980007999999996,0.03088449999999998,-0.03332010000000002,0.030384500000000036,0.0437677933541103,0.19484415197438293
0.07141537999999997,-0.35724968,0.0791133,-0.37044397,0.06754559999999998,-0.38318825,0.06096773,-0.39305785000000004,0.018718049999999986,-0.42196021,-0.0014736800000000327,-0.34169000000000005,-0.041850670000000034,-0.31372687000000005,-0.013453500000000007,-0.15900341000000007,-0.04150556,-0.08545007999999998,0.031152919999999973,-0.05675361000000001,0.09084140000000002,-0.14501415000000006,0.01685920000000002,-0.014564149999999998,-0.01685920000000002,0.014564149999999998,0.05117647999999997,0.16118851,-0.015386080000000024,0.22206064999999997,0.03650393000000002,0.22206064999999997,-0.04419438000000003,0.22206064999999997,-0.011979819999999974,0.18268658999999998,0.04460641999999998,0.10224980000000006,0.00034511000000003733,0.22827679000000006,0.13234696,-0.05956407000000008,0.03431727999999995,0.17575266,-0.014672549999999951,0.060872139999999963,0.0014731199999999944,0.20749649999999997,-0.02880830000000001,0.0,-0.04037699,0.027963130000000003,-0.03371840000000004,0.029128299999999996,0.04454504424209274,0.19252182492187744
0.07070524,-0.35822983999999997,0.07870380999999999,-0.37165387999999994,0.06676452,-0.38446927,0.06106064,-0.39381905999999994,0.017868569999999973,-0.42305409999999993,-0.0016266799999999915,-0.34086864999999994,-0.042719339999999995,-0.31342395999999995,-0.014032939999999994,-0.15842089999999998,-0.04328093999999999,-0.08665475,0.029979670000000014,-0.05706383999999998,0.08917853999999997,-0.14526399999999995,0.016900040000000005,-0.014876699999999965,-0.016900040000000005,0.014876700000000076,0.051362209999999964,0.15356290000000006,-0.015245600000000026,0.21881360000000005,0.03523354000000001,0.22125170000000005,-0.04351601999999999,0.22125170000000005,-0.012406260000000002,0.18244774999999996,0.04401261000000001,0.10135706,-0.0005615999999999954,0.22676920999999994,0.13245947999999996,-0.058609249999999946,0.03446216999999996,0.16843960000000002,-0.016128669999999956,0.0676888,0.0016544399999999793,0.20393689999999998,-0.028270419999999963,0.0024380999999999986,-0.04109266,0.027444689999999994,-0.03380008000000001,0.02975340000000004,0.04416821823796497,0.1920877636168072
0.0705385,-0.35872412000000004,0.07850049000000003,-0.37194196,0.06666215000000003,-0.38480303000000005,0.060856350000000003,-0.39404387,0.01779295000000003,-0.42342510000000005,-0.0015050099999999733,-0.34121413000000006,-0.04297569000000001,-0.31425240000000004,-0.01398031999999999,-0.15928314,-0.04279273,-0.08827720000000006,0.02929360000000003,-0.058388100000000054,0.08931229000000002,-0.14600406,0.017141850000000014,-0.014723700000000006,-0.017141850000000014,0.014723700000000006,0.05184347,0.15388369999999996,-0.015694070000000004,0.21843466,0.03530115,0.22057499999999997,-0.04399269,0.22057499999999997,-0.012475310000000017,0.18193099000000007,0.04327392000000002,0.10089503999999994,0.00018296000000000978,0.2259752,0.13210502000000002,-0.057726859999999935,0.03470161999999999,0.16860739999999996,-0.01654232,0.06669130000000001,0.0014477800000000096,0.20371096,-0.028298619999999997,0.002140339999999963,-0.04147068000000004,0.026961730000000017,-0.03428370000000003,0.029447400000000012,0.045323778035623916,0.19278458641125126
0.07132392999999998,-0.36029666999999993,0.07906848999999999,-0.37333386999999996,0.06756088999999998,-0.38606856999999994,0.06101122999999997,-0.39606223999999995,0.01871805999999998,-0.42509389999999997,-0.0012107100000000037,-0.34439466999999996,-0.04265004,-0.31700174,-0.014395710000000006,-0.1616318699999999,-0.04199654000000003,-0.09009573999999998,0.029027069999999988,-0.06163421999999996,0.08987161999999999,-0.14780739999999992,0.017248390000000002,-0.014839369999999907,-0.017248390000000002,0.014839370000000018,0.052531689999999964,0.15262248,-0.01545998000000004,0.2175317000000001,0.036188589999999965,0.21880253000000005,-0.04197228000000003,0.21880253000000005,-0.013185000000000002,0.18276280000000006,0.043422779999999994,0.09999764999999994,0.0006534999999999735,0.226906,0.13186816,-0.05771165999999994,0.03528329999999996,0.1674618499999999,-0.0163431,0.06618005000000005,0.0017884099999999625,0.2026923300000001,-0.02651229999999999,0.001270829999999945,-0.041439329999999996,0.027392929999999982,-0.034496780000000005,0.029678739999999926,0.0482544846523606,0.19475283909055852
0.07091516499999995,-0.359657245,0.07882732499999995,-0.37316226500000005,0.06660431499999997,-0.385388995,0.061288624999999985,-0.39625204500000005,0.017281564999999943,-0.424039545,-0.0008366550000000195,-0.34411337500000005,-0.04305845500000005,-0.31532070500000003,-0.014701095000000053,-0.16190244500000006,-0.042700755000000035,-0.089041645,0.029212444999999976,-0.059186744999999985,0.08893689499999996,-0.14648359500000008,0.017367394999999952,-0.01513218500000002,-0.017367395000000008,0.01513218500000002,0.05208182499999997,0.15156845499999994,-0.014803955000000035,0.217194455,0.03324127499999996,0.21955585499999997,-0.04203185500000001,0.21955585499999997,-0.013864440000000033,0.18221093,0.04391354000000003,0.10271570000000008,0.00035770000000001634,0.22627906000000003,0.13163765,-0.057441950000000075,0.03471443000000002,0.16670063999999996,-0.01884055000000001,0.06798740000000003,0.0025634399999999724,0.20206227,-0.02722789999999997,0.002361399999999958,-0.04222180000000003,0.02879267000000002,-0.03473478999999996,0.03026437000000004,0.04561917871132817,0.19344317619759174
0.07011166000000002,-0.3623970799999999,0.07792046000000002,-0.3757950399999999,0.06595159,-0.38755893999999996,0.06070486000000003,-0.39904835999999994,0.017469659999999998,-0.4260271199999999,0.00013945999999998016,-0.34578839999999994,-0.04332826000000001,-0.31745959999999995,-0.014459940000000004,-0.16206544999999994,-0.04294579999999998,-0.09159433999999989,0.029150339999999997,-0.06276213999999991,0.08846191000000003,-0.14856254999999996,0.01778689,-0.015180349999999954,-0.01778689,0.015180350000000065,0.05307721999999998,0.14910560000000006,-0.015401390000000015,0.21638936000000009,0.0317364,0.21729660000000006,-0.04111838000000001,0.21729660000000006,-0.014599399999999985,0.18372295,0.04361028,0.09930331000000003,0.0003824600000000289,0.22586526000000007,0.13140771,-0.056968210000000075,0.03529032999999998,0.16428595000000001,-0.021340819999999983,0.068191,0.002385499999999985,0.20120901000000002,-0.025716989999999995,0.0009072399999999758,-0.04346771999999999,0.028328799999999987,-0.03557378,0.030360700000000018,0.048919880779766785,0.19519360850665685
0.069654135,-0.35894719999999997,0.077722175,-0.37219722999999993,0.06558361500000004,-0.38429474999999996,0.060938775,-0.39517782999999995,0.01713693500000002,-0.42305372999999996,-0.000183074999999977,-0.34283078999999994,-0.043632265,-0.31472460999999996,-0.013235654999999957,-0.1597837099999999,-0.043087655,-0.08828310999999989,0.030143175000000022,-0.05865828999999989,0.08884567500000001,-0.14453099999999997,0.017888755000000034,-0.01520144999999995,-0.01788875499999998,0.01520145000000006,0.05561557500000003,0.14890851000000005,-0.014077124999999968,0.21649295000000002,0.03396210500000002,0.22082825000000006,-0.044103124999999965,0.22082825000000006,-0.01305257999999998,0.18304708000000003,0.04337882999999998,0.10112542000000002,0.0005446100000000009,0.22644150000000007,0.13193333000000002,-0.05624789000000008,0.037726819999999994,0.16410996,-0.021653470000000008,0.07191974000000001,0.0038116300000000103,0.20129149999999996,-0.030025999999999997,0.004335300000000042,-0.043449190000000026,0.02810617999999998,-0.03577751000000001,0.03040290000000001,0.045151608524193185,0.1921111504583412
0.06740317499999998,-0.35728464000000004,0.07605204500000001,-0.37034223000000005,0.063675975,-0.38317526,0.059913255,-0.39256030000000003,0.016116314999999992,-0.42244566000000006,-0.0004199850000000116,-0.33920605000000004,-0.04545926499999997,-0.31363795000000005,-0.013443764999999996,-0.15338200000000002,-0.04425888499999997,-0.08521593000000005,0.029978284999999993,-0.058482360000000067,0.08825421500000002,-0.1430382,0.018159415000000012,-0.01483509999999999,-0.018159415000000012,0.01483509999999999,0.055153284999999996,0.15051159999999997,-0.014701744999999988,0.21754746999999997,0.033301035000000034,0.22217129999999996,-0.04044466499999999,0.22217129999999996,-0.013023779999999985,0.18582405000000002,0.04342204999999999,0.09489963999999995,0.0012003800000000009,0.22842202,0.1325131,-0.05782226999999995,0.036993869999999984,0.16534669999999996,-0.021852249999999962,0.07165969999999999,0.0034576700000000238,0.20271236999999998,-0.025742920000000002,0.0046238299999999954,-0.04503927999999996,0.025568099999999983,-0.036318830000000024,0.02967019999999998,0.045219121990420226,0.19038865381809628
0.06798631999999999,-0.35860631,0.07669903,-0.37179947999999996,0.06421227000000002,-0.38438233999999993,0.06049405000000002,-0.39506641,0.016482660000000038,-0.42439098,-0.0006621399999999777,-0.34316547999999997,-0.04511119999999996,-0.31622799999999995,-0.014035399999999976,-0.15643417999999998,-0.04381486000000001,-0.08657943999999995,0.030082529999999996,-0.06006603999999993,0.08868546,-0.14464188,0.018041699999999994,-0.015205319999999967,-0.018041699999999994,0.015205320000000078,0.05589078000000003,0.14931592000000005,-0.01347332000000001,0.21766642000000003,0.03464685000000001,0.22052592000000004,-0.03884648000000002,0.22052592000000004,-0.013373259999999998,0.1867313,0.04411792999999997,0.09636814000000005,0.0012963399999999514,0.22964856,0.13250032,-0.05806244000000005,0.037849080000000035,0.16452124,-0.021243930000000022,0.07121,0.004568379999999983,0.20246109999999995,-0.025373160000000006,0.002859500000000015,-0.044449059999999985,0.026937480000000014,-0.03608339999999999,0.030410640000000044,0.046448528351362185,0.19220253387899344
0.06809398500000002,-0.3589751849999999,0.07684425500000003,-0.37245867499999996,0.06400653500000003,-0.38493646499999995,0.06076693500000002,-0.39586804499999995,0.01571815500000001,-0.4248325949999999,-0.00020098499999998687,-0.34366417499999996,-0.04535972499999996,-0.31655833499999997,-0.013766544999999963,-0.157081115,-0.04370794499999997,-0.08722241499999994,0.030382935,-0.0607713849999999,0.088375005,-0.14433155499999994,0.018357485000000007,-0.015179714999999927,-0.018357485000000007,0.015179715000000038,0.055993825,0.1501052850000001,-0.014612524999999987,0.21816553500000002,0.03549817500000002,0.22026618500000006,-0.039419824999999964,0.22026618500000006,-0.013565559999999977,0.18658305999999997,0.04414947999999996,0.0963097300000001,0.0016517799999999916,0.22933592000000003,0.13208294999999998,-0.05710914,0.03763633999999999,0.16528500000000002,-0.020495649999999976,0.07016089999999997,0.0037449600000000194,0.20298581999999998,-0.024807299999999977,0.002100650000000037,-0.045158739999999975,0.027105839999999992,-0.03671497000000001,0.030359429999999965,0.04715094719187937,0.19192620894138715
0.06730872500000001,-0.35951400499999997,0.07575270500000003,-0.37277433499999996,0.063421695,-0.38509052499999996,0.05948352500000004,-0.39591255499999994,0.015788734999999998,-0.42451298499999995,-0.00017827499999995,-0.34338760499999993,-0.04572728499999995,-0.31634795499999996,-0.01271388499999998,-0.1559989049999999,-0.04454806499999997,-0.08638210499999999,0.031273275000000045,-0.060676905,0.08821347500000004,-0.1441590049999999,0.018408625000000012,-0.01518884499999995,-0.018408624999999956,0.015188845000000062,0.055485275,0.15074899500000005,-0.014668344999999972,0.21898909500000008,0.03503262500000004,0.22055569500000005,-0.03926497499999998,0.22055569500000005,-0.01253561000000003,0.18738870000000002,0.043987160000000025,0.0953219999999999,0.0011792199999999808,0.22996584999999997,0.13276154,-0.05777689999999991,0.03707664999999999,0.16593784,-0.02045264999999996,0.0698067,0.0037402799999999847,0.20380025000000002,-0.024596630000000008,0.0015665999999999736,-0.04554901,0.02703964999999997,-0.03681724999999997,0.030377690000000013,0.04727222040676855,0.1917290001748105
0.06516343499999994,-0.36168758999999995,0.07391461499999996,-0.3746656399999999,0.06156024499999996,-0.38752835999999996,0.058118194999999984,-0.39702015999999996,0.014630414999999952,-0.42708920999999994,-0.0005399550000000364,-0.34330864999999994,-0.04737153500000002,-0.3182366199999999,-0.011681885000000058,-0.15583022999999996,-0.04577168500000006,-0.08808888999999998,0.030758234999999967,-0.06052502999999998,0.08700061499999995,-0.1457902499999999,0.018781334999999955,-0.014578849999999921,-0.01878133500000001,0.014578850000000032,0.05435991499999998,0.15478891000000006,-0.016271915000000026,0.21845511000000006,0.03377581499999999,0.21845511000000006,-0.040691345000000045,0.21845511000000006,-0.011141930000000022,0.18747841999999998,0.042440120000000026,0.09530519999999998,0.0015998499999999582,0.23014772999999994,0.1327723,-0.057701359999999924,0.035578580000000026,0.16936775999999998,-0.020584099999999994,0.0636662,0.0025094199999999844,0.20387626000000003,-0.02441943000000002,0.0,-0.046831579999999984,0.025072030000000023,-0.037562669999999965,0.029157699999999953,0.047481549997892926,0.19211472921307327
0.06482528999999998,-0.36294806999999996,0.07350667,-0.37588382,0.06124337999999996,-0.38878252999999996,0.05770196999999999,-0.39810833999999995,0.014145479999999988,-0.42832006999999994,-0.000884510000000005,-0.3434791,-0.04777497000000003,-0.31922212999999994,-0.012101210000000029,-0.15516841999999997,-0.04545734000000001,-0.08956816999999995,0.030419489999999993,-0.06190706999999995,0.08707799999999999,-0.14695546999999998,0.018947049999999965,-0.014447569999999965,-0.01894705000000002,0.014447570000000076,0.05539636999999997,0.15356409000000004,-0.017375300000000038,0.21750873000000004,0.03350206,0.21750873000000004,-0.04281435,0.21750873000000004,-0.011216700000000024,0.18831068,0.04252070000000002,0.09326135000000002,0.002317630000000015,0.22965396,0.13253534,-0.05738730000000003,0.03644932000000001,0.16801166,-0.021894309999999972,0.06394464,0.0015717499999999829,0.20306115999999996,-0.025439049999999963,0.0,-0.04689046000000002,0.024256970000000044,-0.037894099999999986,0.02889514000000004,0.04882643771363624,0.19311202072565062
0.06602608999999998,-0.36117113,0.07445537999999996,-0.3741783,0.06219289,-0.38684458,0.05869820999999997,-0.39667423,0.014596819999999955,-0.42632709,0.0005805499999999575,-0.34147147,-0.047268030000000016,-0.31811599,-0.011498390000000025,-0.15142833,-0.045072310000000004,-0.08845530000000001,0.03141331999999997,-0.06187222999999997,0.0877752,-0.14549803000000006,0.019372849999999997,-0.014360330000000032,-0.019372849999999997,0.014360330000000032,0.05739000999999999,0.15072533,-0.01756540000000001,0.21663263,0.03385600999999999,0.21901716999999998,-0.04380417000000003,0.21901716999999998,-0.012078939999999982,0.19004314,0.04291170999999999,0.08955610000000003,0.002195720000000012,0.22966069,0.13284751,-0.05704273000000004,0.038017159999999994,0.16508566000000002,-0.023534,0.06829183999999999,0.0018074499999999882,0.20227229999999996,-0.026238770000000022,0.0023845399999999906,-0.047848579999999974,0.023355479999999984,-0.038745699999999994,0.028720660000000064,0.04901380988487728,0.1924458362259161
0.06554412000000004,-0.36222334999999994,0.07390222000000002,-0.37511219999999995,0.06206232000000006,-0.38805665999999994,0.05786208000000004,-0.39673906,0.014547890000000008,-0.42726639999999994,0.00039402000000005044,-0.33927552999999994,-0.04847543999999998,-0.31703126,-0.010826259999999976,-0.15063433999999998,-0.04526754999999999,-0.08925669999999997,0.03168017000000001,-0.062158939999999996,0.08763466000000003,-0.14685039999999994,0.019502550000000007,-0.014110499999999915,-0.019502549999999952,0.014110500000000026,0.05665252000000004,0.1526373000000001,-0.019473879999999943,0.21747375000000002,0.03144435000000001,0.21820510000000004,-0.04251339999999998,0.21820510000000004,-0.011220280000000027,0.18864118999999996,0.042506429999999984,0.08847539999999998,0.003207889999999991,0.22777456000000001,0.13290221000000002,-0.05759369999999997,0.03714997000000003,0.1667478,-0.02520817000000003,0.06556779999999995,2.867000000000841e-05,0.20336325,-0.023039520000000036,0.0007313500000000195,-0.04886946000000003,0.022244269999999955,-0.03900509999999996,0.02822099999999994,0.04956760045935256,0.19335664740420508
0.06569150999999995,-0.36031501999999993,0.07367948999999996,-0.3730835999999999,0.06244243999999999,-0.3861230299999999,0.05706075999999999,-0.39409505999999994,0.014981339999999954,-0.4248263199999999,-0.00021033000000003632,-0.33549531999999993,-0.048317860000000046,-0.3139580799999999,-0.010416910000000057,-0.1479067999999999,-0.04539340000000003,-0.08756809999999993,0.03204023999999994,-0.060209999999999875,0.08818781999999997,-0.14453569999999993,0.01905323999999997,-0.013928859999999932,-0.019053240000000027,0.013928860000000043,0.05585153999999998,0.15370974000000004,-0.019014080000000044,0.21748540000000005,0.030940959999999962,0.22072390000000008,-0.04150232000000004,0.22072390000000008,-0.01020658000000002,0.18758852000000004,0.04245715,0.08769680000000002,0.0029244600000000176,0.22638998,0.13358122,-0.05696760000000001,0.036798300000000006,0.16763859999999997,-0.024910580000000015,0.06701416000000004,3.915999999998254e-05,0.20355654,-0.022488239999999993,0.003238500000000033,-0.04810753000000001,0.021537240000000013,-0.03810648,0.027857719999999975,0.04806876416863236,0.19134174067860152
0.06586579999999997,-0.36202421,0.07377899999999998,-0.37493571000000003,0.06250699999999998,-0.38770646000000003,0.05711069999999996,-0.39597631,0.014943299999999993,-0.42603424,-0.00027258000000002225,-0.33721561,-0.04780390000000001,-0.31507757000000003,-0.010900200000000027,-0.15005181,-0.04497082000000002,-0.08957225000000002,0.031950339999999966,-0.06324476000000001,0.08815143999999997,-0.14632594,0.018983079999999986,-0.014050540000000056,-0.01898308000000004,0.014050539999999945,0.05513585999999998,0.15299976000000004,-0.020337150000000026,0.21807568999999993,0.030752649999999992,0.21903509,-0.04339964000000002,0.21903509,-0.010627620000000004,0.1871638,0.04285053999999999,0.08680705,0.002833079999999988,0.22550532,0.13312226,-0.05675368999999997,0.036152779999999995,0.1670503000000001,-0.02438320999999999,0.06603532999999995,-0.001354069999999985,0.20402515,-0.02306248999999999,0.0009594000000000547,-0.04753131999999999,0.02213803999999997,-0.03796616000000003,0.02810108,0.05087456253685131,0.192868921065113
0.06567292000000002,-0.3624279450000001,0.07357459000000005,-0.3751680750000001,0.062364710000000045,-0.3880731950000001,0.05685558000000002,-0.3961272750000001,0.015011690000000022,-0.4264684250000001,-0.00037268999999995334,-0.3375614750000001,-0.04766753999999995,-0.3164278450000001,-0.011986859999999988,-0.1494508750000001,-0.04494013999999996,-0.09084297500000005,0.031017740000000016,-0.06242927500000006,0.08821969000000002,-0.1470924750000001,0.018942790000000043,-0.01373187500000006,-0.018942789999999987,0.013731874999999949,0.054369230000000046,0.15485492499999987,-0.02051223999999996,0.21827462499999994,0.030553210000000053,0.2186767249999999,-0.042967569999999955,0.2186767249999999,-0.011614170000000035,0.18811060000000002,0.043004600000000004,0.08702160000000003,0.002727399999999991,0.22558487000000005,0.13315982999999998,-0.05624950000000006,0.035426440000000003,0.16858679999999993,-0.023816019999999993,0.06382180000000004,-0.0015694499999999723,0.20454275,-0.022455329999999996,0.0004020999999999608,-0.04729485,0.021133630000000014,-0.03788558000000003,0.02746375000000001,0.0501721156048108,0.19325700161358428
0.06513409499999995,-0.36140395000000003,0.07335586499999996,-0.37398273000000004,0.062011865,-0.38709531,0.05701632499999998,-0.39473963,0.015215294999999962,-0.42569763000000005,-2.6735000000055464e-05,-0.33640949000000003,-0.04803593500000003,-0.31535859000000005,-0.011891635000000012,-0.14876794999999998,-0.04509047500000002,-0.08967278000000001,0.031184514999999968,-0.06152835000000001,0.088827565,-0.14705485000000007,0.01905663499999999,-0.01378995000000005,-0.019056635000000044,0.01378994999999994,0.05413042499999998,0.15379674999999993,-0.020698355,0.21770349,0.02910966499999995,0.21972294999999997,-0.04178277500000005,0.21972294999999997,-0.011864899999999956,0.18764154000000005,0.04307614999999998,0.08723959999999997,0.002945460000000011,0.22568581000000004,0.13391804000000002,-0.05738207000000006,0.035073789999999994,0.16758669999999998,-0.02502076000000003,0.06592620000000005,-0.0016417199999999577,0.20391354000000006,-0.021084420000000048,0.002019459999999973,-0.048009199999999974,0.021050899999999984,-0.03811327000000003,0.02757989999999999,0.04925485060229495,0.19367511532636303
0.06494055000000004,-0.3587531500000001,0.07207843000000003,-0.37125037000000005,0.06131245000000002,-0.38393000000000005,0.05452995000000005,-0.39122519000000006,0.012926530000000047,-0.4206756100000001,-0.0005172999999999983,-0.3315662200000001,-0.04958911999999999,-0.3104248500000001,-0.012342109999999962,-0.14498185000000008,-0.04527310999999995,-0.0873976500000001,0.02823753000000001,-0.05913405000000005,0.08633543000000005,-0.14474235000000013,0.019296990000000014,-0.013559650000000034,-0.01929698999999996,0.013559649999999923,0.050391480000000044,0.15736578999999995,-0.02213121999999995,0.21969329999999987,0.021571530000000005,0.22299914999999992,-0.04383796999999995,0.22299914999999992,-0.011824809999999963,0.18658437,0.04057963999999997,0.08584780000000003,0.004316010000000037,0.22302719999999998,0.13160854,-0.057344700000000026,0.03109449000000003,0.17092543999999998,-0.02881995000000004,0.06563335999999997,-0.002834229999999993,0.20613364999999995,-0.021706749999999997,0.0033058500000000546,-0.04907181999999999,0.021141369999999993,-0.03859397999999997,0.027119299999999957,0.04644307473511634,0.19030956717689318
0.064736185,-0.3599081,0.07245096499999998,-0.37283533,0.06084456500000002,-0.38533259999999997,0.055858195,-0.39266555999999997,0.012691734999999982,-0.42186885,9.88550000000088e-05,-0.33230468,-0.049035965000000015,-0.31066225999999997,-0.01265812500000002,-0.14601677000000002,-0.045339585000000016,-0.08796309999999996,0.02784471500000002,-0.05994929999999998,0.08678239500000001,-0.14621700000000004,0.019391655000000008,-0.013724700000000034,-0.019391655000000008,0.013724700000000034,0.051413354999999994,0.15513120000000002,-0.021966134999999998,0.21848829999999997,0.023122244999999986,0.2221613,-0.04521441500000001,0.2221613,-0.012756980000000029,0.18628791,0.04050284000000004,0.08606747000000003,0.003696379999999999,0.22269916,0.13212198000000003,-0.05825390000000008,0.032021699999999986,0.16885590000000006,-0.028291110000000008,0.06703009999999998,-0.00257447999999999,0.20476359999999993,-0.02324828000000001,0.0036730000000000373,-0.049134820000000023,0.02164242000000005,-0.038783310000000015,0.027449400000000068,0.04699114670364616,0.19197467617446975
0.06452087500000003,-0.36107963499999995,0.07213850500000002,-0.37440257499999996,0.06025941500000004,-0.38657401499999994,0.05547089500000002,-0.39456491499999996,0.011570405000000061,-0.42283545499999997,-0.0006313449999999499,-0.33384038499999996,-0.04885606499999995,-0.311319755,-0.013168734999999987,-0.14819313499999998,-0.04561980499999996,-0.08973069499999997,0.02763826500000005,-0.06088823499999996,0.08612750500000005,-0.147732435,0.019036965000000017,-0.013868464999999941,-0.01903696499999996,0.013868465000000052,0.05026091500000002,0.1548391950000001,-0.021341514999999978,0.21831856500000002,0.023121735000000032,0.22109536500000004,-0.04521624499999999,0.22109536500000004,-0.012537390000000037,0.18564724999999999,0.04080700000000004,0.08730490000000002,0.003236259999999991,0.22158906,0.13174731,-0.058001740000000024,0.03122395,0.16870766000000004,-0.027139179999999985,0.06625616999999995,-0.0023045500000000163,0.20445009999999997,-0.02387473000000001,0.0027768000000000237,-0.04822472,0.022520629999999986,-0.03807392999999998,0.027736929999999993,0.04780001184668161,0.19280668201903925
0.06270608000000005,-0.36226296499999994,0.07083466000000005,-0.37542098499999993,0.058737450000000024,-0.3879128949999999,0.05486616000000005,-0.39577459499999995,0.010812840000000046,-0.42505189499999996,-0.0010348599999999708,-0.335697035,-0.050226619999999944,-0.31339418499999994,-0.012712869999999987,-0.14977913499999995,-0.046200419999999964,-0.09123348499999995,0.026512640000000032,-0.060274594999999986,0.08692243000000005,-0.15005397499999995,0.019436280000000028,-0.013916194999999965,-0.019436279999999972,0.013916195000000076,0.05139216000000002,0.15381176500000004,-0.021874939999999954,0.217788525,0.024110640000000017,0.22014576500000005,-0.04579421999999994,0.22014576500000005,-0.011678010000000016,0.18591790000000002,0.03922551000000002,0.08950453999999997,0.00402619999999998,0.2221607,0.13312285000000001,-0.05882049,0.03195587999999999,0.16772796,-0.027281520000000004,0.066334,-0.0024386599999999814,0.20387232999999993,-0.023919279999999987,0.002357240000000038,-0.04919175999999997,0.02230285000000004,-0.03887256,0.02783239000000004,0.046895374200549914,0.19544408878933384
0.06289854,-0.36179729,0.07106303999999997,-0.37536016,0.05856170999999999,-0.38738549,0.05529600000000001,-0.39669749,0.010291439999999985,-0.42477762999999996,-0.0005569200000000163,-0.33752346,-0.05007252000000001,-0.31352597,-0.012510460000000001,-0.15146258999999995,-0.04673052,-0.09072908999999996,0.027011940000000012,-0.05988558999999993,0.08565678999999998,-0.14987843999999995,0.019546059999999976,-0.014214159999999976,-0.019546060000000032,0.014214159999999976,0.051166920000000005,0.15552861000000007,-0.02207372000000002,0.21999901,0.024725940000000002,0.22053051,-0.04541181999999999,0.22053051,-0.011953539999999985,0.18606087000000004,0.03952240000000001,0.09157700000000002,0.0033420000000000116,0.22279688000000003,0.13238730999999998,-0.05914934999999999,0.03162086000000003,0.16974277000000004,-0.026440980000000003,0.06500189999999995,-0.002527659999999987,0.20578485000000002,-0.023338099999999973,0.0005315000000000181,-0.04951559999999999,0.02399749000000001,-0.03909212000000001,0.02842831999999995,0.04627762831454629,0.19492055054016874
0.06217080500000005,-0.35992242500000005,0.07062527500000004,-0.37341994500000003,0.05784913500000005,-0.385487895,0.05513161500000002,-0.395368945,0.010029435000000031,-0.423502225,-0.000762044999999989,-0.33812478500000004,-0.050077294999999966,-0.31322408500000004,-0.012904114999999994,-0.15270332500000006,-0.04656246499999994,-0.08973667500000004,0.02680867500000006,-0.058649825000000044,0.08603507500000002,-0.14881757500000004,0.01928189500000005,-0.014364925000000084,-0.019281894999999993,0.014364924999999973,0.04956599500000003,0.15751191499999995,-0.02028948499999994,0.22178872500000002,0.02344399500000005,0.22208907499999997,-0.041704414999999995,0.22208907499999997,-0.012142070000000005,0.18542145999999998,0.03971279000000005,0.09405350000000001,0.0035148300000000243,0.22348741,0.13259753999999996,-0.05908089999999999,0.03028409999999998,0.17187684000000003,-0.02612199999999998,0.06457716000000002,-0.0010075899999999471,0.20742380000000005,-0.021414930000000054,0.00030034999999994927,-0.04931524999999998,0.024900699999999998,-0.03856379000000004,0.028729850000000057,0.044919982025579626,0.19421686970042254
0.062363714999999986,-0.3593363199999999,0.07076048499999998,-0.3727656899999999,0.058086095000000004,-0.3849365199999999,0.055471594999999985,-0.3938289799999999,0.010323585000000024,-0.4223635199999999,4.1394999999999627e-05,-0.3348550999999999,-0.05012628499999999,-0.3116097399999999,-0.011835305000000018,-0.14924181999999986,-0.046400965000000016,-0.08940591999999992,0.028878385000000006,-0.059221649999999904,0.08705996500000002,-0.14928026999999988,0.01973333500000002,-0.014146719999999946,-0.01973333500000002,0.014146720000000057,0.05299416499999998,0.15493218000000009,-0.021101955000000006,0.21920154000000014,0.025766865000000028,0.2228107800000001,-0.044159174999999995,0.2228107800000001,-0.011876700000000018,0.18561328000000005,0.040713690000000025,0.09002016999999995,0.0037253199999999764,0.22220382,0.13346093000000003,-0.059874349999999965,0.033260829999999963,0.16907890000000003,-0.027227299999999954,0.06787860000000001,-0.001368619999999987,0.20505482000000008,-0.02305721999999999,0.003609239999999958,-0.05016767999999999,0.023245359999999993,-0.03946667000000004,0.028293440000000003,0.04599327400835253,0.1952259972066991
0.06229466,-0.36042073500000005,0.07064642999999998,-0.37425855500000005,0.057557429999999965,-0.38621986500000005,0.05547046,-0.39516051500000005,0.009213609999999983,-0.42305058500000003,-0.0003754499999999994,-0.33521201500000003,-0.04980878999999999,-0.312133115,-0.012024089999999987,-0.14879531499999998,-0.04694033000000003,-0.09038475499999998,0.02892631000000001,-0.05990216500000001,0.08610973,-0.15004321500000006,0.019543709999999992,-0.014149454999999977,-0.019543709999999992,0.014149454999999977,0.05300140999999997,0.15419211499999996,-0.01993484000000001,0.218817735,0.02756833999999997,0.22209128499999997,-0.04555218999999999,0.22209128499999997,-0.011648639999999988,0.18641670000000005,0.0409504,0.08889314999999998,0.0028684599999999616,0.22174836000000003,0.13305006000000003,-0.05965846000000008,0.03345769999999998,0.16834156999999994,-0.025433070000000002,0.06789917000000001,-0.0003911300000000173,0.20466828000000004,-0.025617349999999983,0.0032735499999999584,-0.04943333999999999,0.023078900000000013,-0.039087419999999984,0.028298909999999955,0.04670485686846822,0.19524825803464294
0.06170579000000004,-0.3595877699999999,0.06999608000000002,-0.37303176999999993,0.057214790000000015,-0.38528341999999993,0.05457584000000004,-0.3931760899999999,0.009206640000000044,-0.4217678499999999,-0.0009172000000000069,-0.33310244999999994,-0.05047709,-0.31031018999999993,-0.011957620000000002,-0.1494952799999999,-0.046797759999999966,-0.09007434999999986,0.03027826,-0.06095054999999994,0.08671179000000001,-0.15139130999999995,0.01938624,-0.014066049999999941,-0.01938624,0.014066050000000052,0.05312717,0.15386220000000006,-0.01868492999999999,0.2168770000000001,0.025805500000000037,0.2230241500000001,-0.04302513999999996,0.2230241500000001,-0.011040419999999995,0.18360717000000004,0.04223588,0.08854472999999996,0.003679330000000036,0.22023584000000007,0.13350954999999998,-0.06131696000000009,0.03374093,0.16792825,-0.027321669999999965,0.06916195000000003,0.0007013100000000105,0.20281095000000005,-0.024340209999999973,0.00614714999999999,-0.049559889999999995,0.02279226000000001,-0.03877248,0.028132099999999993,0.048133070127827915,0.19655261368918628
0.06122333499999999,-0.36162425,0.069995735,-0.37530307,0.05659026499999997,-0.38754135,0.055313765000000015,-0.39596454999999997,0.008786854999999982,-0.42470615,-0.0002907249999999917,-0.33528478,-0.050707104999999975,-0.31284741,-0.012261685000000022,-0.15060355000000003,-0.047558725000000024,-0.09198165000000003,0.029626874999999997,-0.06208634999999996,0.08638993499999997,-0.15372405,0.019560664999999977,-0.013928249999999975,-0.019560664999999977,0.013928249999999975,0.052418505000000004,0.15384891,-0.019034264999999995,0.21589945,0.023545835000000015,0.22104075,-0.042676084999999975,0.22104075,-0.01197096000000003,0.18468122999999997,0.04188856000000002,0.08851720000000007,0.0031483799999999507,0.22086575999999997,0.13394866,-0.061742399999999975,0.03285784000000003,0.16777715999999998,-0.02887266999999999,0.06719184,0.0005263999999999824,0.20197120000000002,-0.02364181999999998,0.005141300000000015,-0.05041637999999998,0.022437370000000012,-0.039121329999999954,0.02785649999999995,0.049198894086900966,0.1983250446505685
0.059126599999999974,-0.35974949500000003,0.06831715999999999,-0.372906595,0.05491246999999999,-0.385783675,0.05433477999999997,-0.392708275,0.008526849999999975,-0.423086275,-0.0006330800000000081,-0.332756775,-0.051098840000000034,-0.311686995,-0.011881420000000031,-0.14898371499999996,-0.04852156000000002,-0.090101875,0.030171979999999987,-0.06042831500000001,0.08418722000000001,-0.15212577500000002,0.01953768,-0.013620674999999971,-0.01953768,0.013620674999999971,0.05318531999999998,0.15418462499999996,-0.018642480000000017,0.21522782500000004,0.02480964999999996,0.22301912499999998,-0.043347250000000004,0.22301912499999998,-0.011248340000000023,0.18377306000000004,0.04205340000000002,0.08855539999999995,0.002577280000000015,0.22158512000000002,0.13270878000000003,-0.06202390000000002,0.03364763999999998,0.16780529999999994,-0.02837567000000002,0.06883450000000002,0.0008951999999999849,0.20160715000000007,-0.024704769999999987,0.0077912999999999455,-0.050465760000000026,0.021069779999999982,-0.03907536,0.027241349999999942,0.04800045311098223,0.19552682825538928
0.06004008500000002,-0.36053124000000003,0.06914544499999997,-0.37417894000000007,0.055191184999999976,-0.38647869000000007,0.055381505,-0.39423447000000006,0.008118045000000018,-0.42310884000000004,0.0009751049999999761,-0.33329677,-0.05103731500000003,-0.31158357000000003,-0.011521355000000011,-0.1493701300000001,-0.05001355499999999,-0.09032893000000008,0.030600874999999972,-0.06045991000000006,0.08313146500000002,-0.15165227000000003,0.019955274999999995,-0.013725170000000064,-0.019955274999999995,0.013725169999999953,0.05319786500000001,0.15467005999999994,-0.018062454999999977,0.21530823,0.023961145000000017,0.22329902999999995,-0.04243817500000002,0.22329902999999995,-0.012496459999999987,0.18392663999999992,0.04212222999999998,0.08891022000000004,0.0010237600000000402,0.22125463999999995,0.13314502,-0.06132333999999995,0.033242590000000016,0.16839523,-0.029236719999999994,0.06862897000000001,0.0018928200000000173,0.20158306000000004,-0.024375720000000045,0.007990799999999965,-0.052012420000000004,0.021713199999999988,-0.03991054999999999,0.027450340000000018,0.04793187584716041,0.19487579024799667
0.06082103499999997,-0.35710181,0.069627785,-0.37077263000000005,0.05579708499999997,-0.38290377000000003,0.05578358499999997,-0.39109623000000004,0.008550854999999968,-0.41947068000000004,0.001062255000000012,-0.33143498000000005,-0.05022015499999999,-0.31061317000000005,-0.013536985000000001,-0.14567689000000006,-0.05150138500000001,-0.08923692999999999,0.031090444999999967,-0.05822937000000006,0.08168835499999999,-0.14873837,0.020110915000000007,-0.01375373000000002,-0.020110915000000007,0.01375373000000002,0.056832985,0.15205742999999994,-0.018713375000000032,0.21461746999999998,0.02924718500000001,0.22642786999999998,-0.04623609500000003,0.22642786999999998,-0.014599240000000013,0.18575809,0.04462742999999997,0.08744752,-0.001281230000000022,0.22137624000000006,0.13318974,-0.05950144000000002,0.036722069999999996,0.16581115999999996,-0.027585799999999994,0.07437044000000004,0.001397539999999975,0.20086373999999996,-0.02752272,0.011810399999999999,-0.05128241,0.020821809999999996,-0.040221830000000014,0.02750746000000004,0.04581083531688221,0.19174663995737426
0.06091476499999998,-0.35848483499999995,0.069792195,-0.3722151749999999,0.05579348500000003,-0.3844073149999999,0.05605196499999998,-0.3927604549999999,0.008663495000000021,-0.4211992049999999,0.001691205000000029,-0.33250865499999993,-0.050123105,-0.3126663549999999,-0.013889474999999984,-0.14622971499999993,-0.05267058499999999,-0.09146091499999998,0.032315335,-0.05940817499999995,0.07962686499999999,-0.15014341499999995,0.020164805000000008,-0.013443374999999924,-0.020164805000000008,0.013443375000000035,0.055882865000000004,0.15444668500000003,-0.019518864999999996,0.21514342500000005,0.028793964999999977,0.22512462500000008,-0.04436610499999999,0.22512462500000008,-0.015580680000000013,0.18627894,0.046204809999999985,0.08682153999999997,-0.002547479999999991,0.22120543999999992,0.13229744999999998,-0.05868249999999997,0.035718059999999996,0.16789005999999995,-0.027088900000000027,0.07067794000000005,0.0006459400000000115,0.20170005000000002,-0.024847239999999993,0.009981200000000023,-0.05181431000000003,0.019842300000000035,-0.040329610000000016,0.02688674999999996,0.047543645404206254,0.19162206361453524
