0,1,2,3,4,5,6,7,8,9,10,11,12,13,14,15,16,17,18,19,20,21,22,23,24,25,26,27,28,29,30,31,32,33,34,35,36,37,38,39,40,41,42,43,44,45,46,47,48,49,50,51,52,53,54,55
0.112468705,-0.25759095,0.10730750499999997,-0.26686633,0.114832565,-0.27485755,0.070699075,-0.28963816000000003,0.09261725499999995,-0.30423924,0.018603124999999998,-0.26279329,0.06384254499999997,-0.25704269,0.0012177349999999976,-0.14511589000000003,0.103985475,-0.14197789000000005,-0.0074806649999999975,-0.04717298999999997,0.140071075,-0.10028239000000005,-0.010634644999999998,-0.0036775500000000294,0.010634644999999998,0.0036775500000000294,-0.00653071500000002,0.19193700999999996,0.005071174999999983,0.22544235,-0.02223776500000002,0.31993050999999995,-0.020871415000000004,0.32872331,-0.01738539,0.11767739999999999,-0.008698399999999995,0.09794290000000005,0.04014293000000002,0.11506479999999997,0.036085599999999995,0.041695499999999996,0.004103929999999978,0.19561456,-0.01570705,0.12799349999999998,-0.005563470000000015,0.22176479999999998,-0.025942589999999988,0.10328095999999998,0.045239419999999975,0.005750599999999995,0.021269289999999996,0.007355100000000059,0.04360964217502816,0.16601644055920642
0.116933185,-0.25350596,0.11045390500000002,-0.26212886999999996,0.12065530499999999,-0.26835814999999996,0.07135088500000003,-0.28414196999999997,0.09894050500000001,-0.29507607999999996,0.01646445499999999,-0.25413184,0.07123590499999999,-0.24963686999999996,-0.01949082499999999,-0.12330319999999995,0.10967452500000002,-0.13553945,-0.049259895,-0.00920769999999993,0.147139325,-0.08420143999999996,-0.013068244999999978,-0.0021200000000000108,0.013068245000000034,0.0021200000000000108,-0.006447215000000006,0.18969705000000003,0.0032865249999999846,0.22027375000000005,-0.02029724500000002,0.32212045,-0.023272595000000007,0.32964709999999997,-0.03595527999999998,0.13082864000000005,-0.02976907000000001,0.11409550000000002,0.038438620000000034,0.11409741999999995,0.037464799999999965,0.051338010000000045,0.006621029999999972,0.19181705000000004,-0.013850030000000013,0.13242339999999997,-0.00978172000000005,0.21815375000000004,-0.02655911999999999,0.10937334999999992,0.05477145,0.0044949700000000425,0.026136490000000012,0.0042400000000000215,0.036879140730398,0.1594567198208968
0.11906003500000001,-0.2506437099999999,0.11230617500000001,-0.25905137999999994,0.12286868499999998,-0.26519492999999994,0.07308894500000002,-0.2803934799999999,0.10194182499999999,-0.29094672999999993,0.01977583500000002,-0.25210527999999993,0.07395510500000002,-0.24674755999999992,-0.013555174999999975,-0.12397793999999995,0.11480790499999999,-0.13700487999999988,-0.04977179500000001,-0.0022303799999998652,0.15137213500000002,-0.08930823999999993,-0.012612045000000016,-0.0023876199999999237,0.012612045000000016,0.0023876200000000347,-0.0038922750000000006,0.18539479000000003,0.004383085000000009,0.21891652000000006,-0.016760655000000013,0.3194420200000001,-0.024767254999999988,0.33423332000000006,-0.033331009999999994,0.12812733999999998,-0.03621662000000003,0.12174756000000009,0.04085279999999997,0.10974268000000004,0.03656423000000003,0.04769663999999996,0.008719770000000016,0.18778240999999996,-0.012868380000000013,0.13404723000000007,-0.008228960000000007,0.21652890000000002,-0.029150339999999997,0.1153168,0.05417927,0.00535772000000001,0.025224090000000032,0.004775239999999958,0.03716008267590506,0.16632045369691514
0.12117602499999997,-0.25949371999999993,0.11430003499999997,-0.2695768499999999,0.12345309500000001,-0.2762281999999999,0.07464190500000001,-0.28802764999999997,0.100816505,-0.29969209999999996,0.012897364999999994,-0.25042604999999996,0.07715993500000001,-0.25024064999999995,-0.042968494999999995,-0.10370681999999998,0.12499176499999998,-0.14521615,-0.07286525500000002,0.022184250000000016,0.16617669499999999,-0.10710481999999999,-0.014332665000000022,-0.004782349999999935,0.014332664999999967,0.004782350000000046,0.0067921149999999875,0.16929775000000002,0.005588364999999984,0.21762465000000009,-0.004072255000000025,0.2968979100000001,-0.02120266500000001,0.33558335000000006,-0.05586585999999999,0.14671922999999998,-0.029896760000000022,0.12589107,0.047831829999999964,0.10502449999999997,0.04118493000000001,0.03811133,0.02112478000000001,0.17408009999999996,-0.010864370000000012,0.12760016000000007,-0.008744299999999983,0.21284230000000004,-0.026791029999999993,0.11795869999999997,0.06426257000000002,0.00018540000000000223,0.02866532999999999,0.009564699999999982,0.0644458036466929,0.18861428434042266
0.126629985,-0.2463465949999999,0.12071178500000002,-0.25494628499999994,0.12971092499999998,-0.2606377849999999,0.083932805,-0.27452213499999994,0.107154745,-0.28486567499999993,0.025502815000000012,-0.2399791349999999,0.08069132499999998,-0.24242848499999992,-0.03073273500000001,-0.10172039499999996,0.126631985,-0.14288273499999993,-0.07286151499999999,0.022531765000000092,0.17123623500000001,-0.08943348499999992,-0.011486545000000015,-0.001978394999999966,0.011486545000000015,0.001978395000000077,0.005282485000000003,0.17709922500000008,0.001201524999999981,0.21973676500000006,-0.009899364999999993,0.3075933650000001,-0.02646474500000001,0.34197640500000004,-0.05623555000000002,0.13825873999999994,-0.04212877999999998,0.12425216000000006,0.04594066000000002,0.09954574999999999,0.04460425000000001,0.053449250000000004,0.016769030000000018,0.17907762000000005,-0.015181849999999997,0.13049414000000004,-0.010285020000000034,0.21775836999999998,-0.027666269999999993,0.12223963999999998,0.05518850999999997,-0.002449350000000017,0.02297309000000003,0.003956790000000043,0.06608808429457234,0.18405459858485063
0.12788964999999997,-0.24143458,0.12217662999999995,-0.25024484,0.13080189999999997,-0.25629105,0.08668519999999996,-0.2683415,0.10760084999999997,-0.27981885,0.026769059999999956,-0.23066865000000003,0.07989255999999995,-0.24066152000000002,-0.03948500000000005,-0.08437364000000003,0.12150369999999994,-0.15029873,-0.07410882000000002,0.03095621999999998,0.17244176999999994,-0.08746533000000001,-0.009594800000000014,-0.002868520000000041,0.009594799999999959,0.00286851999999993,0.02031315999999994,0.15807081999999995,-0.0025346000000000535,0.22323866000000003,0.01042721999999996,0.28723705999999993,-0.03264680000000003,0.35777362,-0.06625406,0.14629501,-0.03462381999999997,0.11532986,0.04161113999999999,0.09036279000000003,0.05093807,0.06283339999999998,0.029907959999999956,0.16093934,-0.009885939999999982,0.12916624,-0.012129400000000012,0.2203701400000001,-0.030112199999999978,0.13453495999999998,0.05312349999999999,-0.009992869999999987,0.019189599999999973,0.005737039999999971,0.07284347474295828,0.18622389775215042
0.12822513000000002,-0.22878840000000006,0.12346780000000002,-0.23761683000000006,0.13178215999999998,-0.24421217000000006,0.08950393000000001,-0.2585446800000001,0.10992101999999998,-0.2717194500000001,0.027475430000000023,-0.2267743000000001,0.0819801,-0.2351669500000001,-0.037504800000000005,-0.08063315000000004,0.12708055000000001,-0.1409953200000001,-0.06833771999999999,0.03337291999999992,0.18375354,-0.08197220000000005,-0.009679930000000003,-0.0035828500000000263,0.009679930000000003,0.0035828499999999153,0.026754129999999987,0.15834784999999996,-0.002709130000000004,0.2276756499999999,0.020487619999999984,0.2925839199999999,-0.03170829999999997,0.3682649499999999,-0.06498023000000003,0.14614115000000005,-0.030832919999999986,0.11400606999999996,0.045100450000000014,0.09417163,0.05667298999999998,0.05902312000000004,0.03643405999999999,0.16193069999999998,-0.006266510000000003,0.13423606999999993,-0.012389060000000007,0.22409279999999998,-0.028999169999999963,0.14058930000000003,0.05450466999999998,-0.008392650000000001,0.019359860000000007,0.0071656999999999416,0.06932867562543651,0.19396207948703426
0.12876204000000002,-0.22774149999999999,0.12342564000000006,-0.23692066,0.13200529000000005,-0.24310299999999996,0.08895030000000004,-0.25781856,0.10944508000000003,-0.26995302,0.026607440000000038,-0.22279825999999997,0.08242514000000006,-0.23451659999999996,-0.03857955999999996,-0.08035999999999999,0.12482294000000005,-0.15031076,-0.06513602999999996,0.03222480000000005,0.18647309,-0.08265440000000002,-0.010227459999999966,-0.00274350000000001,0.010227460000000022,0.00274350000000001,0.02667569000000003,0.16060282999999997,-0.0029292199999999546,0.22366836,0.022813070000000046,0.2992013,-0.03259035999999993,0.36605870000000007,-0.065187,0.14243825999999998,-0.02655647,0.11258480000000004,0.042397799999999985,0.08420583999999998,0.06165014999999996,0.06765635999999997,0.036903149999999996,0.16334632999999998,-0.0038626199999999833,0.13859847000000003,-0.013156679999999976,0.22092486,-0.029661139999999975,0.14239034000000006,0.055817700000000026,-0.011718339999999994,0.020454919999999988,0.00548700000000002,0.06509787296321519,0.19584515163390412
0.13011626999999998,-0.22955566,0.12505369,-0.23913182,0.13255592,-0.24510508000000003,0.09120729,-0.25861859000000004,0.10957723000000003,-0.27022138,0.02841395000000002,-0.22118192000000003,0.08439384999999999,-0.23327562000000002,-0.03762753000000002,-0.07826412000000005,0.12958124999999998,-0.14876242,-0.06381747999999998,0.031597980000000025,0.18898754999999995,-0.08656282000000004,-0.01006855000000001,-0.0023561199999999616,0.01006855000000001,0.0023561199999999616,0.026901920000000024,0.16172038,-0.0040360199999999735,0.22088962999999995,0.024313150000000006,0.30121968,-0.03316770000000002,0.36493558000000004,-0.06604148000000004,0.14291779999999998,-0.026189949999999962,0.10986210000000007,0.04518739999999999,0.08451320000000001,0.05940629999999997,0.062199599999999966,0.03697047000000003,0.16407649999999996,-0.002588770000000018,0.1394993,-0.014104569999999983,0.21853351,-0.02913168000000005,0.1440459500000001,0.05597989999999997,-0.012093699999999985,0.02013710000000002,0.004712239999999923,0.06357537560215351,0.19979636245868837
0.12873683000000002,-0.22793832499999994,0.12355933000000002,-0.23770102499999995,0.13046783,-0.24402865499999998,0.08982662000000002,-0.25731021499999995,0.10613713000000002,-0.269525645,0.025829290000000005,-0.21837872499999994,0.08399052000000001,-0.23228901499999993,-0.03998771000000001,-0.072008725,0.13475437,-0.14626136499999998,-0.06446889,0.03108920500000001,0.19244877,-0.08606489499999992,-0.010584030000000022,-0.002297464999999943,0.010584030000000022,0.002297465000000054,0.027467569999999997,0.1594067050000001,-0.005363610000000019,0.219951275,0.024175710000000017,0.2998693050000001,-0.034122969999999975,0.3659435550000001,-0.06581700000000001,0.14636999999999994,-0.02448117999999999,0.10309793,0.05076385,0.08602764999999996,0.05769439999999998,0.06019647000000006,0.03805160000000002,0.16170417000000004,-0.00329185999999998,0.1404626,-0.01594764000000004,0.21765380999999995,-0.028759359999999956,0.14599228000000009,0.05816123000000001,-0.013910289999999992,0.021168060000000044,0.004594929999999997,0.06338965113414409,0.20219468420321338
0.12957652999999997,-0.22307432500000002,0.12479866999999994,-0.23265846500000004,0.13170076999999997,-0.23897782500000003,0.09191274999999993,-0.253020785,0.10790936999999995,-0.265381745,0.029841169999999972,-0.21791537500000002,0.08243178999999995,-0.230181825,-0.03538606000000005,-0.07904912500000005,0.13266206999999997,-0.149801485,-0.06245327000000006,0.026450105,0.19137620999999994,-0.08466422500000004,-0.008547630000000028,-0.0032327250000000474,0.008547629999999973,0.0032327249999999363,0.033143569999999956,0.14973647499999998,-0.006565510000000052,0.21963397499999993,0.026201369999999946,0.293311125,-0.03510249000000004,0.37143657499999994,-0.06522723000000002,0.13886624999999997,-0.027067210000000008,0.10549923000000005,0.050230280000000016,0.08038034,0.05871413999999997,0.06513725999999997,0.041691199999999984,0.15296920000000003,-0.0069422000000000095,0.14357465000000003,-0.015113140000000025,0.21640125,-0.02853697999999999,0.1518026,0.05259061999999998,-0.012266449999999984,0.01709526,0.006465449999999984,0.061537699182033986,0.20285996027831338
0.12798388,-0.2212193400000001,0.12433297999999998,-0.2299898600000001,0.12973348999999995,-0.23737392000000007,0.09370804999999999,-0.2486151800000001,0.10673505,-0.2634638800000001,0.03407938999999999,-0.2142491900000001,0.08060751999999999,-0.22910276000000007,-0.031843250000000045,-0.08250784000000011,0.13018888999999995,-0.1497431400000001,-0.06683005000000003,0.026313359999999952,0.18588764999999996,-0.08656669000000006,-0.0067008300000000465,-0.0016253000000000517,0.006700829999999991,0.0016252999999999407,0.02947844999999999,0.15362955999999994,-0.008285930000000052,0.21178695999999986,0.019043649999999968,0.29608035999999993,-0.03787618000000004,0.36816399999999994,-0.06592264000000003,0.13174134999999998,-0.034986799999999985,0.10882120000000006,0.04958136999999996,0.07935961999999996,0.055698760000000014,0.06317645000000005,0.036179280000000036,0.15525486,-0.010434800000000022,0.1424508,-0.014986760000000043,0.21016165999999992,-0.029590249999999985,0.15637704000000008,0.04652813,-0.014853569999999983,0.013401660000000037,0.0032505999999999924,0.06630303025053981,0.19971415463575057
0.12628207000000002,-0.219881885,0.12297664000000003,-0.229472685,0.12668401,-0.23590546499999998,0.09376636000000005,-0.24880828499999996,0.10303277000000005,-0.260777045,0.03890114,-0.21924738499999996,0.07759681000000002,-0.226688385,-0.019691559999999997,-0.10205588499999996,0.13197932,-0.14853274499999997,-0.06377973999999997,0.013736315000000054,0.18900639000000008,-0.082011485,-0.004011809999999949,-0.002429585000000012,0.0040118100000000045,0.002429585000000012,0.02760929000000001,0.15286161500000006,-0.010655129999999957,0.20919281499999998,0.019162840000000014,0.29817631499999997,-0.03995375999999995,0.367769275,-0.0585927,0.1171915,-0.04408817999999998,0.11579220000000001,0.054382509999999995,0.07815564000000003,0.05702707000000007,0.06652125999999997,0.03162109999999996,0.15529120000000007,-0.008446449999999994,0.1453146999999999,-0.014666939999999962,0.20676322999999996,-0.029298629999999992,0.15857646000000003,0.038695670000000015,-0.007441000000000031,0.008023619999999954,0.004859170000000024,0.06191560206680466,0.2033550809105131
0.13054812999999998,-0.21550235499999992,0.12766451,-0.22520050499999994,0.13128092999999996,-0.23151338499999996,0.09906526999999998,-0.24498984499999993,0.1087921,-0.25667080499999995,0.04716938999999998,-0.21971876499999993,0.08049633,-0.2235571249999999,-0.003899010000000036,-0.10725999499999994,0.13693853,-0.14231184499999994,-0.05498865000000003,0.009467075000000102,0.19081568999999998,-0.07382322499999994,-0.0021739900000000145,-0.002911874999999897,0.002173989999999959,0.002911875000000008,0.03145072999999998,0.1522118750000001,-0.00955149999999999,0.21134203500000004,0.02366035999999999,0.298679075,-0.038069430000000015,0.3716916750000001,-0.051068400000000014,0.11245876999999999,-0.05108963999999999,0.11672707000000004,0.0564422,0.08124527999999998,0.05387715999999998,0.06848862,0.03362472,0.15512375,-0.007790369999999991,0.1464671999999999,-0.01172548999999995,0.20843016000000003,-0.028517930000000025,0.16034964000000007,0.03332694000000003,-0.003838359999999985,0.0043479799999999735,0.005823749999999905,0.05424598339064471,0.2036515812629502
0.12956528500000003,-0.21773791000000003,0.12738757500000003,-0.22696552000000003,0.130338585,-0.23396035000000004,0.09979726500000002,-0.24638170000000004,0.10780098500000002,-0.25982019000000006,0.04806964500000005,-0.22062040000000005,0.07833944500000001,-0.22718167000000006,-0.005791644999999956,-0.10883324999999999,0.13379044500000004,-0.14717812000000002,-0.05893726499999996,0.008940520000000007,0.190167835,-0.07578145000000003,-0.001103564999999973,-0.002041150000000047,0.0011035650000000286,0.002041149999999936,0.028932385000000005,0.15476440999999996,-0.01326809499999998,0.20871664999999995,0.02164434500000001,0.29787184999999994,-0.03923231499999996,0.36590075,-0.053861290000000006,0.11178715000000006,-0.053145620000000005,0.11777377,0.05545100000000003,0.08000355000000003,0.05637738999999997,0.07139667,0.030035949999999978,0.15680556,-0.007288039999999996,0.14310743999999997,-0.014371660000000008,0.2066755,-0.025964219999999982,0.15718410000000005,0.030269799999999958,-0.006561270000000008,0.0022071300000000016,0.004082299999999983,0.05886708699841448,0.2044545310365923
0.13052758500000006,-0.21679284,0.12802150500000004,-0.22639772000000002,0.13137051500000002,-0.23268983999999998,0.10003298500000002,-0.24604121,0.10920855500000004,-0.25769664000000003,0.048492405000000016,-0.22078388999999998,0.07964493500000003,-0.22441211,-0.00774133499999996,-0.11109574,0.13366592500000002,-0.14391214000000002,-0.06168964499999996,0.010134059999999945,0.19027463500000008,-0.07192344000000006,-0.001259264999999954,-0.002415509999999954,0.0012592650000000094,0.002415509999999954,0.029722895000000027,0.15433386000000004,-0.014229924999999977,0.20783266,0.022943835000000024,0.29878116,-0.040154514999999946,0.36644226,-0.056233739999999977,0.10968814999999998,-0.05394831,0.12122979999999994,0.05402098999999999,0.08049996999999998,0.05660871000000006,0.07198869999999996,0.03098215999999998,0.15674937,-0.006779060000000003,0.14444729999999995,-0.015489189999999986,0.20541715000000005,-0.02592458999999997,0.15860960000000002,0.03115253000000001,-0.0036282200000000153,0.0025185299999999633,0.004831019999999908,0.06171970944624819,0.2031085660018785
0.13114885999999998,-0.21309146,0.12860942999999997,-0.22293174000000004,0.13215758,-0.22885376000000002,0.10050452999999998,-0.24244618,0.11113227999999997,-0.25280436,0.053580539999999954,-0.22029116000000004,0.07937658999999997,-0.21949712000000005,0.013023629999999953,-0.11991679,0.13333870999999997,-0.14021262,-0.027223810000000015,-0.010717480000000057,0.19044550999999998,-0.06928412000000006,-0.00020231000000003885,-0.003377280000000038,0.00020230999999998334,0.003377279999999927,0.030366939999999953,0.15002861999999995,-0.014368890000000023,0.20762658,0.023032169999999963,0.29624262999999995,-0.03899644000000002,0.36842670999999994,-0.04055691,0.10037437000000005,-0.04024743999999997,0.10919930999999994,0.05396212,0.07928450000000004,0.05710680000000001,0.07092849999999995,0.030569249999999992,0.15340589999999998,-0.0073347699999999905,0.14621401,-0.014571200000000006,0.20424930000000008,-0.024627549999999998,0.16080012999999993,0.025796050000000015,0.0007940399999999959,0.0004046200000000222,0.006754559999999965,0.02800071424606878,0.20364713156879966
0.13195638999999998,-0.21014785000000002,0.12952365999999998,-0.21969145000000007,0.1330572,-0.22616842000000004,0.10172338999999997,-0.23924338000000006,0.11256738,-0.2507440100000001,0.057184330000000005,-0.21838823000000007,0.07972080999999998,-0.21899739000000007,0.022995490000000007,-0.11902439000000004,0.13425845999999997,-0.14008565000000006,-0.017376840000000005,-0.011768749999999994,0.19122245999999998,-0.06965485000000005,0.0006888399999999684,-0.0029220500000000094,-0.0006888400000000239,0.0029220499999998983,0.03059257999999998,0.15200904999999998,-0.01448018000000001,0.20798764999999997,0.023435260000000013,0.29728789,-0.03915084000000002,0.37008721,-0.03418884,0.09936384000000004,-0.04037233000000001,0.10725564000000004,0.05453764999999999,0.07891174000000001,0.056964000000000015,0.07043080000000002,0.029903740000000012,0.1549311,-0.007157319999999967,0.14527884000000002,-0.013791339999999985,0.20506560000000007,-0.02467066000000001,0.16209956000000003,0.02253647999999997,-0.0006091599999999975,-0.0013776799999999922,0.005844099999999908,0.020115488926506327,0.2051763960140152
0.13202722500000003,-0.21298003,0.129872655,-0.22232990999999996,0.133381825,-0.22893268,0.102529215,-0.24211152999999996,0.11292861500000001,-0.25430864,0.056650755,-0.22109592,0.07981370500000001,-0.22298351,0.018502905000000014,-0.11931400999999997,0.13392440500000002,-0.14459368,-0.027012095000000014,-0.008106709999999961,0.18997005499999997,-0.07410505999999994,0.0007117249999999964,-0.0027140999999999416,-0.0007117249999999964,0.0027141000000000526,0.030465075000000008,0.14945754,-0.01505662499999999,0.20566654000000006,0.023964594999999977,0.29438549,-0.03958706499999998,0.36612617999999997,-0.03814784999999998,0.10178191000000003,-0.04551500000000003,0.11120730000000001,0.05411070000000001,0.07838983,0.05604564999999995,0.07048862000000006,0.02975335000000001,0.15217163999999994,-0.006500480000000031,0.14492795000000003,-0.014344899999999994,0.20295244,-0.024530439999999987,0.1604596399999999,0.023162950000000015,-0.0018875899999999945,-0.0014234499999999928,0.005428199999999994,0.02824341406424692,0.20557413399324825
0.135496895,-0.20951516999999997,0.133487325,-0.21937332999999998,0.13636027500000003,-0.22553209999999996,0.10671521500000003,-0.23936986999999998,0.11565499500000004,-0.25042466999999996,0.06338121499999999,-0.21796480999999995,0.08179334500000002,-0.21922410999999997,0.037570815000000035,-0.11641431999999996,0.138167665,-0.13820236999999996,0.006220775000000012,-0.01471276999999993,0.195647915,-0.06584146999999996,0.0018044850000000223,-0.0027214700000000036,-0.0018044849999999668,0.0027214700000000036,0.032917185000000015,0.15152803000000004,-0.013873234999999984,0.20739383,0.02599336499999999,0.29975013000000006,-0.036449114999999976,0.3699926,-0.025810399999999956,0.10155049,-0.03135004000000002,0.10170155000000003,0.05637431999999998,0.08102174000000001,0.05748025000000001,0.0723609,0.031112699999999993,0.15424950000000004,-0.006923820000000025,0.14822210000000002,-0.012068750000000017,0.20467236,-0.022575879999999993,0.16259877,0.018412130000000027,-0.0012593000000000187,-0.003608969999999989,0.005442940000000007,0.01277868901938294,0.20901752799036635
0.13789248999999998,-0.20515632,0.13581738999999998,-0.215501,0.13854480999999996,-0.22107212999999998,0.10898653999999997,-0.23656999,0.11785048999999997,-0.24596785,0.06576028999999994,-0.21784441999999998,0.08442480999999996,-0.21444269,0.051563009999999965,-0.12143750999999997,0.14149040999999996,-0.12997671,0.036395949999999955,-0.028693670000000004,0.19922984,-0.06075147000000003,0.0011769899999999889,-0.0038974699999999585,-0.0011769900000000444,0.0038974699999999585,0.03393310999999999,0.14968506999999998,-0.010161330000000024,0.21095417000000005,0.028114859999999964,0.29995083,-0.03355009000000003,0.37492649,-0.014197279999999979,0.09640691000000001,-0.01516706000000001,0.09274383999999997,0.057065599999999994,0.08446598,0.057739430000000036,0.06922523999999997,0.03275612,0.15358253999999993,-0.005818250000000025,0.15026576000000003,-0.00898433999999998,0.2070567000000001,-0.02338876000000001,0.16397231999999995,0.018664520000000018,0.0034017299999999917,-0.0023539800000000333,0.007794939999999917,0.043072342377929715,0.21057631147347156
0.136680845,-0.20475902999999995,0.134537845,-0.21493550999999994,0.136960745,-0.22074010999999993,0.10771339499999999,-0.23521419999999993,0.11545319500000001,-0.24487357999999998,0.064510495,-0.21599874999999996,0.08258715499999997,-0.21292078999999997,0.048472674999999965,-0.12349900999999996,0.139047095,-0.12934738999999995,0.031157855000000012,-0.030746149999999917,0.19784329499999997,-0.060230549999999994,0.001447945000000006,-0.00340644999999995,-0.001447945000000006,0.003406450000000061,0.03273409499999996,0.15260541000000005,-0.011469245000000017,0.20837035000000004,0.028180574999999985,0.3020624500000001,-0.03598782500000003,0.3741412500000001,-0.016037820000000036,0.09249974,-0.017314819999999953,0.09275286000000005,0.05645994000000004,0.08357340000000002,0.058796199999999965,0.06911683999999996,0.03128614999999996,0.15601186,-0.004553519999999978,0.14945704000000004,-0.01002130000000001,0.20496389999999998,-0.024518580000000012,0.16577090000000005,0.018076659999999967,0.0030779599999999907,-0.002895890000000012,0.006812900000000011,0.04037496685197523,0.2092048424624478
0.14028812499999999,-0.20327312500000005,0.138105225,-0.21348002500000002,0.141011165,-0.21925065500000002,0.111022925,-0.23357410500000003,0.11983862499999998,-0.24349788500000003,0.06825806499999998,-0.21365735500000005,0.08485047499999998,-0.21225030500000003,0.05507920500000002,-0.11652658500000002,0.140875425,-0.12905467500000006,0.042472885000000016,-0.02391362500000005,0.201381125,-0.05653659500000008,0.0018669550000000035,-0.0036002750000000416,-0.0018669550000000035,0.0036002749999999306,0.036601645000000016,0.15051843499999995,-0.00894130500000001,0.21128561499999998,0.03139235499999998,0.3018047749999999,-0.033319545000000006,0.379380375,-0.013178859999999959,0.09713077000000003,-0.012606320000000004,0.09261295999999997,0.05602495000000002,0.08319562999999996,0.060505699999999996,0.07251807999999998,0.03473469000000001,0.15411871,-0.005209290000000033,0.15128633999999996,-0.007074350000000007,0.20768534000000005,-0.024378239999999995,0.16809476,0.016592410000000002,0.0014070500000000208,-0.003733910000000007,0.007200549999999972,0.04540345514812063,0.21195807405494912
0.13880846000000002,-0.20019548999999992,0.13621667000000004,-0.2111228699999999,0.13957036000000006,-0.21574517999999993,0.10867018000000006,-0.23291136999999995,0.11928362000000003,-0.23983227999999995,0.06659186000000006,-0.21628378999999992,0.08528704000000004,-0.20747186999999995,0.061686880000000055,-0.12587671999999994,0.13977284000000006,-0.12004669999999995,0.06942427000000007,-0.04061838999999989,0.2008799400000001,-0.05242431999999997,0.0005805200000000288,-0.005206019999999922,-0.0005805199999999733,0.005206020000000033,0.034502840000000035,0.1488785800000001,-0.009397559999999971,0.21429268000000012,0.03086150000000004,0.3016613800000001,-0.03197848999999997,0.38197884000000004,-0.004904980000000003,0.09040706999999998,0.007737390000000011,0.08525833000000005,0.05448580000000003,0.08742517,0.061107100000000025,0.06762237999999998,0.033922320000000006,0.15408460000000002,-0.003641339999999993,0.1527828,-0.008817039999999998,0.2090866600000001,-0.02258093,0.16768615999999992,0.018695179999999978,0.008811919999999973,-0.001161040000000002,0.010412039999999956,0.07741768443372227,0.20954133967293237
0.13687421500000002,-0.20136606,0.135242955,-0.21159326000000006,0.137346295,-0.21740681000000006,0.10943596500000002,-0.23273093000000006,0.11695106500000002,-0.24255368000000005,0.06983039499999999,-0.21542316000000006,0.08135335500000002,-0.21151060000000005,0.07117573500000002,-0.12646273000000002,0.136015495,-0.12441790000000003,0.08870419499999999,-0.044026760000000054,0.199795995,-0.05623999000000002,0.0027478450000000265,-0.0035176000000000096,-0.0027478450000000265,0.0035176000000000096,0.033714195,0.15641253999999993,-0.013639765000000026,0.21073714,0.028889904999999994,0.30640009,-0.03424166499999998,0.37642233999999997,0.0013453400000000282,0.08896043000000003,0.017528459999999968,0.08243596999999997,0.05466213999999997,0.08709270000000002,0.06378050000000002,0.06817791000000001,0.030966349999999976,0.15993013999999994,-0.004824290000000009,0.14998755000000008,-0.01089192,0.20721953999999998,-0.02060189999999995,0.16568519999999998,0.011522960000000027,0.003912560000000009,-0.005495690000000053,0.007035200000000019,0.0950236083782767,0.21117522744051614
0.13531221999999998,-0.20131114500000002,0.13301738000000002,-0.21181223500000002,0.13516904000000002,-0.217152185,0.10670837,-0.232116795,0.11463403999999999,-0.24046014500000001,0.07094963999999998,-0.213348845,0.07949997999999997,-0.208831225,0.08674360999999997,-0.128278885,0.13337534,-0.11842036500000003,0.13112476,-0.05915260499999997,0.19909314,-0.052912645000000036,0.0030446399999999874,-0.0034294150000000467,-0.0030446399999999874,0.0034294150000000467,0.03268247000000002,0.15965992500000004,-0.013890689999999983,0.21041071499999997,0.02859290999999997,0.308500455,-0.03455618999999999,0.377160905,0.01579396999999999,0.08506996,0.044381150000000036,0.06912628000000004,0.05387536000000004,0.09041085999999998,0.06571779999999999,0.06550771999999999,0.02963783000000003,0.16308934000000008,-0.004089560000000048,0.14884052999999997,-0.010846049999999996,0.20698129999999992,-0.020665500000000003,0.16675019000000002,0.00855033999999999,0.00451762,-0.006089279999999975,0.0068588300000000935,0.13967673765874722,0.2098430599957311
0.13489145500000005,-0.20450880000000005,0.13230160500000004,-0.21520236000000004,0.135296415,-0.22009772000000005,0.104790995,-0.23604422000000003,0.115148535,-0.24339637000000003,0.06657653500000005,-0.21884146000000004,0.07878353500000002,-0.21080798000000006,0.08069161500000005,-0.13723206000000004,0.12984169500000003,-0.12106555000000002,0.136298215,-0.07895803000000001,0.19837928500000002,-0.06143677000000003,0.0017502650000000286,-0.005064200000000074,-0.001750264999999973,0.005064199999999963,0.03283459500000002,0.14892319999999992,-0.012423664999999973,0.21062979999999998,0.02795947500000001,0.29854439999999993,-0.03231296499999997,0.37499629999999995,0.014115080000000002,0.0816094,0.05560659999999995,0.05827403000000003,0.05105816000000002,0.08974243000000004,0.06853758999999998,0.05962877999999999,0.031084329999999993,0.1539874,-0.0048751200000000106,0.1496212,-0.0106734,0.20556560000000001,-0.0198893,0.16436649999999997,0.012206999999999968,0.008033479999999982,-0.0035005300000000017,0.010128400000000037,0.15350390536162714,0.2108891078129532
0.135563345,-0.20662288499999998,0.132234305,-0.21716552499999997,0.13634887499999998,-0.22222166499999996,0.103114245,-0.23735605499999995,0.116144725,-0.24490099499999995,0.066612685,-0.21929868499999994,0.07881012500000001,-0.21083756499999995,0.08829414499999999,-0.13545246499999997,0.130616785,-0.11843728499999995,0.14658885499999996,-0.077641725,0.19952862499999996,-0.066966325,0.0014957250000000033,-0.00478542500000001,-0.0014957250000000033,0.00478542500000001,0.031018624999999966,0.1534179750000001,-0.012805225000000031,0.21138067500000002,0.029347685000000012,0.30372972500000006,-0.03173470500000003,0.37606157500000004,0.021681459999999986,0.08384621999999997,0.05829470999999997,0.05781073999999997,0.051806660000000004,0.09240028,0.06891183999999995,0.051470959999999955,0.029522899999999963,0.1582034000000001,-0.0016709399999999541,0.15031174999999997,-0.011309500000000028,0.20659525,-0.01892948,0.16468090000000002,0.012197440000000004,0.008461119999999989,-0.0029914500000000066,0.00957085000000002,0.1623578049336923,0.21344578450038545
0.132574855,-0.208802255,0.130478335,-0.218880385,0.133584115,-0.22511098499999999,0.10355788499999996,-0.23904070500000002,0.11403903499999996,-0.249859285,0.068041085,-0.22078943499999998,0.07560688499999996,-0.21605870500000002,0.093871115,-0.13415334499999998,0.129021885,-0.12034788499999999,0.15305923499999996,-0.08836008500000003,0.20007789499999995,-0.07177651500000004,0.0028789649999999556,-0.004388515000000037,-0.002878965000000011,0.004388515000000037,0.03087453499999998,0.14968531500000004,-0.013704715000000034,0.21064781499999996,0.027879474999999987,0.299068215,-0.031447365000000005,0.374611515,0.025830030000000004,0.08663609,0.059188119999999955,0.04579325999999995,0.053415000000000046,0.09571082000000003,0.07105600999999995,0.04857136999999995,0.027995570000000025,0.15407383000000008,-0.002995059999999994,0.14938289999999999,-0.010825750000000023,0.20625929999999992,-0.01774264999999997,0.16396370000000005,0.007565799999999956,0.004730729999999961,-0.005757929999999967,0.008777030000000074,0.17206201807934776,0.2167777636566087
0.13056212999999994,-0.21262677000000008,0.12938224999999998,-0.22225996000000003,0.13189622999999995,-0.22947362000000004,0.10376244999999995,-0.24308312000000004,0.11188136999999998,-0.25653939000000003,0.06614880999999995,-0.22428607000000006,0.07261783,-0.22325476000000005,0.08524590999999998,-0.13398300000000007,0.12515186999999994,-0.13013874000000003,0.13580313,-0.08016822000000001,0.20195401000000002,-0.08101502000000005,0.003517659999999978,-0.0034612200000000426,-0.0035176600000000335,0.0034612199999999316,0.030476929999999958,0.15420142999999997,-0.01582313000000002,0.20968988,0.030923569999999956,0.3025726499999999,-0.03217471000000005,0.3730554399999999,0.019097100000000033,0.09030306999999999,0.050557220000000014,0.05381478000000006,0.05253403999999995,0.09311602000000002,0.07680214000000007,0.04912371999999998,0.02695926999999998,0.15766265000000002,0.00044663999999999815,0.14837121999999991,-0.012305469999999985,0.20622866000000006,-0.016351580000000032,0.1633655599999999,0.0064690200000000475,0.0010313100000000075,-0.0070353200000000116,0.006922439999999974,0.15291634779225174,0.22215949742724597
0.12906623,-0.21518952999999996,0.12787533,-0.22457129999999997,0.13009992000000004,-0.23220174,0.10289796000000001,-0.24493672,0.11027691,-0.25931743999999995,0.07140484000000002,-0.22531143999999997,0.06859192000000003,-0.22736172,0.10695466000000003,-0.13711459999999998,0.11986920000000001,-0.13340622999999996,0.17359786,-0.10007489999999997,0.19851139000000007,-0.0900628,0.005837590000000004,-0.002856599999999987,-0.005837590000000004,0.002856599999999987,0.030212400000000028,0.15463250000000006,-0.016052869999999997,0.2096097,0.02891984000000003,0.3016565,-0.031924989999999986,0.37342216000000006,0.03554982000000001,0.08819684,0.06664319999999996,0.03703970000000001,0.05127727999999998,0.09395549000000003,0.07864219000000006,0.04334342999999996,0.024374810000000025,0.15748910000000005,-0.0012925599999999982,0.14702399999999993,-0.010215279999999993,0.20675310000000002,-0.01587211999999999,0.16381246000000005,-0.0028129199999999965,-0.0020502800000000154,-0.011675180000000007,0.005713199999999974,0.19389405881914715,0.22448278446999098
0.128521875,-0.21957753000000008,0.12686996500000003,-0.22894563000000012,0.12908682500000002,-0.2368453900000001,0.10059612499999998,-0.24777608000000012,0.10734577500000003,-0.2624636300000001,0.06947784499999998,-0.2251033100000001,0.06618982499999998,-0.2261700800000001,0.108745445,-0.1353805600000001,0.12229382500000002,-0.1259182000000001,0.17395402499999996,-0.10690918000000005,0.20009922500000005,-0.09400447000000012,0.005991175000000015,-0.002549070000000042,-0.005991175000000015,0.002549069999999931,0.02873806499999998,0.16192706999999995,-0.017652614999999983,0.21122746999999986,0.02788709500000003,0.30863330999999994,-0.03268117500000001,0.37380460999999987,0.039267600000000014,0.08972275000000002,0.06520857999999996,0.028471380000000046,0.05610400000000004,0.10025188000000002,0.07780540000000002,0.031913729999999974,0.022746889999999964,0.16447614,-0.0008509699999999509,0.14670624,-0.011661439999999967,0.20867839999999993,-0.015028560000000024,0.16257714,-0.0032880200000000026,-0.0010667699999999947,-0.01198235000000003,0.005098139999999973,0.19774365107212566,0.22758699228798565
0.12930736999999998,-0.22494899000000007,0.12699778,-0.23382037000000006,0.1293378,-0.2424180700000001,0.0992017,-0.24954477000000008,0.10512486999999998,-0.2656647200000001,0.07199718,-0.22351300000000007,0.06226486999999997,-0.2276951000000001,0.12371312000000001,-0.1320672300000001,0.12513844000000002,-0.1273945700000001,0.18920000000000003,-0.11754840000000011,0.20464094,-0.10476737000000003,0.007977400000000023,-0.0020413300000000634,-0.007977400000000023,0.0020413299999999523,0.029611600000000016,0.1606335699999999,-0.016730299999999976,0.2102202299999999,0.027500250000000004,0.3078169299999999,-0.03274949999999999,0.37456992999999994,0.051715940000000016,0.09144576999999998,0.06548688000000003,0.014518829999999983,0.06287357000000005,0.10030053,0.07950249999999998,0.02262720000000007,0.021634199999999992,0.16267489999999996,-0.002111350000000012,0.14718335999999999,-0.008752899999999952,0.20817889999999994,-0.01601920000000001,0.16434970000000004,-0.009732310000000022,-0.004182100000000022,-0.015954800000000047,0.004082660000000016,0.21490349920544552,0.23793834684650056
0.12760830999999995,-0.22271132999999999,0.12602419999999998,-0.23162649000000002,0.12706700999999998,-0.24036348000000002,0.09930939999999994,-0.24645296,0.10204855999999995,-0.26307963,0.07193345999999995,-0.22003747,0.059144839999999976,-0.22443786999999998,0.11983873999999994,-0.12507365000000004,0.12437823999999997,-0.12444138999999999,0.17713157999999996,-0.11291686000000001,0.20480403999999997,-0.11760760000000003,0.009091089999999968,-0.001982370000000011,-0.009091090000000024,0.001982370000000011,0.030130609999999947,0.16443631000000003,-0.016118420000000022,0.21332806999999998,0.02607963999999996,0.31542232000000003,-0.03170474000000001,0.38084567,0.047905279999999995,0.09496381999999998,0.05729284000000001,0.012156790000000028,0.0652334,0.09999648,0.08042579999999999,0.006833789999999951,0.021039519999999978,0.16641868000000004,-0.004050969999999987,0.15098601,-0.007027329999999998,0.21134569999999997,-0.015586319999999987,0.16751760000000004,-0.012788619999999973,-0.004400399999999971,-0.018182179999999992,0.003964740000000022,0.20135557442246338,0.24505690678354244
0.12323416000000004,-0.23562303999999995,0.12106973000000004,-0.24413234999999994,0.12302301000000004,-0.25363279999999994,0.09251136000000004,-0.25866559999999994,0.09637059000000003,-0.27702472999999994,0.06214893000000005,-0.22930119999999998,0.05395703000000002,-0.23503809999999997,0.10629780000000005,-0.13094673999999995,0.12063453000000002,-0.13704303999999995,0.16201828000000001,-0.11795432999999994,0.20027376000000008,-0.13986692999999994,0.007751170000000029,-0.002209699999999981,-0.007751169999999974,0.002209700000000092,0.029056130000000013,0.15833534999999999,-0.017123269999999968,0.2086388,0.024181430000000004,0.30564924000000004,-0.03304220999999996,0.3704415000000001,0.04414887000000001,0.09835446000000003,0.05572047999999996,0.01299241000000001,0.0666775,0.09799506000000002,0.07963923000000006,-0.0028238899999999956,0.021304959999999984,0.16054504999999997,-0.00487470000000001,0.14731389000000006,-0.009372099999999994,0.20642909999999992,-0.015918939999999993,0.16180270000000008,-0.00819190000000003,-0.005736899999999989,-0.015502340000000003,0.004419400000000073,0.192860469255856,0.2519129617420704
0.11917374000000003,-0.24418872499999994,0.11744878000000003,-0.2527887649999999,0.11799929000000003,-0.26278389499999993,0.08941782000000004,-0.26490492499999996,0.08875090000000002,-0.28427486499999993,0.05801442000000001,-0.23081702499999995,0.04755899000000002,-0.23751236499999995,0.10195166,-0.13451044499999992,0.11650962000000004,-0.14229910499999993,0.15826419000000003,-0.12775205499999992,0.19808924000000006,-0.15458078499999994,0.008456800000000042,-0.002260074999999917,-0.008456799999999987,0.002260075000000028,0.02746227000000001,0.15645177500000007,-0.018600229999999995,0.206762035,0.02215264,0.301991875,-0.03484388999999999,0.366451175,0.04393723999999999,0.09630658000000003,0.05631253000000003,0.006758390000000003,0.06895063000000001,0.09521326000000002,0.08157962000000002,-0.012281680000000017,0.01900546999999997,0.15871185,-0.00530963000000001,0.14554009999999995,-0.010143430000000009,0.20450195999999998,-0.016243659999999993,0.15968914,-0.010455429999999988,-0.006695339999999994,-0.01691360000000003,0.004520149999999945,0.19542387557034194,0.2593459504315061
0.11249300999999995,-0.24810964000000008,0.11167382999999997,-0.25653716000000004,0.11139357,-0.26607716000000003,0.08580421999999999,-0.26517046000000005,0.08388363999999998,-0.28473300000000007,0.05540887,-0.23012866000000004,0.043722119999999975,-0.23741886000000006,0.10559151,-0.14131689000000003,0.10833666999999997,-0.14485580000000003,0.17644406999999995,-0.15688208000000003,0.19275873999999993,-0.16686516000000007,0.008522989999999953,-0.0021320000000000228,-0.008522990000000008,0.0021319999999999117,0.024268839999999958,0.15920543999999992,-0.014143470000000047,0.20727923999999998,0.022164519999999965,0.30819783999999995,-0.03472260000000005,0.37099677,0.05018264,0.08881177000000001,0.07085255999999995,-0.015565190000000007,0.06461454999999999,0.09256306000000003,0.08442206999999996,-0.022009360000000033,0.015745850000000006,0.16133743999999994,-0.002104319999999993,0.14899240000000002,-0.005620480000000039,0.20514724000000006,-0.02057913,0.16371753,-0.011686750000000024,-0.0072902000000000244,-0.01704597999999996,0.0042639999999999345,0.22835296443964287,0.2628200428427377
0.10852779500000004,-0.25797244999999996,0.10757250500000004,-0.26580002999999996,0.10692544500000001,-0.27581184999999997,0.08227367499999999,-0.27265817,0.07841004500000004,-0.29353483999999996,0.057666675,-0.23283272999999993,0.037218675000000034,-0.24690204999999998,0.116383175,-0.14096441999999998,0.10634054500000001,-0.15574764999999996,0.18964688500000004,-0.17087419999999998,0.193717645,-0.17771279999999995,0.011314975000000005,-0.00045653999999994976,-0.011314975000000005,0.0004565400000000608,0.024473245000000032,0.16274680000000008,-0.01631798499999998,0.20357860000000005,0.021383564999999993,0.30682700000000007,-0.033742985,0.3622843,0.058716500000000005,0.09186830999999995,0.07326371000000004,-0.029909779999999997,0.06912186999999997,0.09115440000000002,0.08737709999999999,-0.02196514999999999,0.013158270000000027,0.16320334000000003,-0.003089680000000039,0.1440802,-0.005003009999999974,0.20312206,-0.017425000000000024,0.15870569999999995,-0.020447999999999966,-0.014069320000000052,-0.02262995000000001,0.0009130800000000105,0.24666667582817856,0.27162969090307487
0.10244373000000001,-0.261899955,0.10022508000000002,-0.269838005,0.10041385000000003,-0.27996713500000003,0.07249199,-0.276476025,0.06941249000000005,-0.296587355,0.04539751000000003,-0.235367775,0.030745579999999995,-0.24563289500000002,0.10150190000000003,-0.150361955,0.09810683000000003,-0.157187735,0.17833598,-0.175958905,0.18576493,-0.18331954500000003,0.009035870000000001,-0.0014591750000000347,-0.009035870000000001,0.0014591750000000347,0.021214860000000002,0.16164886499999997,-0.014842849999999963,0.201620425,0.017350809999999994,0.30626532500000003,-0.03434381999999997,0.360958325,0.056104390000000004,0.08500582000000001,0.07683407999999997,-0.025596950000000007,0.06736125000000004,0.08844516000000002,0.08765809999999996,-0.026131810000000033,0.01217899,0.16310804,-0.0038640500000000078,0.14461646000000006,-0.005806979999999962,0.20016124999999996,-0.019500970000000006,0.15933790000000003,-0.014651930000000035,-0.010265120000000016,-0.018071740000000003,0.0029183500000000695,0.24313099970198163,0.2684967914994114
0.09804858,-0.26581738,0.09653406000000003,-0.27371906,0.09559007000000003,-0.28433848,0.07006931,-0.27912336,0.06383257000000003,-0.30046849999999997,0.04445157999999999,-0.23683324,0.024707409999999985,-0.24635113999999997,0.10193725000000003,-0.15167554,0.09435816000000002,-0.15658079999999996,0.17483320999999996,-0.17994992999999998,0.17920151000000006,-0.1927798,0.010716449999999988,-0.0021444200000000357,-0.010716449999999988,0.0021444200000000357,0.024493650000000033,0.15799317999999996,-0.015110929999999967,0.20409147000000005,0.017326280000000027,0.30339182,-0.03452094,0.36602549000000006,0.057485670000000044,0.0851577,0.07289595999999993,-0.028274389999999983,0.06965075000000004,0.08977034,0.08484335000000004,-0.03619900000000004,0.013777200000000045,0.1601376,-0.007167370000000006,0.14539864000000002,-0.004394479999999978,0.20194705000000002,-0.019410010000000033,0.16193402,-0.019744170000000005,-0.009517899999999968,-0.021432899999999977,0.0042888400000000715,0.24196923419984134,0.272147539164274
0.09327438500000002,-0.27295773000000007,0.09220968500000004,-0.28100810000000004,0.09006510500000003,-0.29187616000000005,0.06671543500000005,-0.28616517,0.05688620500000002,-0.3079159,0.04173113500000003,-0.24249440000000005,0.018348765000000045,-0.25188803000000004,0.09984422500000001,-0.15900292000000005,0.087037755,-0.16062098000000002,0.17512898500000001,-0.18967985000000004,0.17284518500000007,-0.20074763000000007,0.011795685,-0.002055499999999988,-0.011795685,0.002055499999999988,0.02279958500000001,0.15857889999999997,-0.016292384999999965,0.2016506,0.016971245000000024,0.30055619999999994,-0.03502948499999997,0.3606262,0.05811308999999998,0.08349148,0.07528476,-0.03067692999999999,0.06868898999999995,0.09126705000000002,0.08580743000000007,-0.04012665000000004,0.011003900000000011,0.16063439999999995,-0.005828339999999987,0.14197729999999997,-0.004496699999999965,0.19959510000000003,-0.018737100000000007,0.1589756,-0.023382369999999986,-0.009393629999999986,-0.02359137,0.004110999999999976,0.24875824328414228,0.274265127954966
0.09125683000000001,-0.2740147499999999,0.09067923,-0.28233743999999994,0.08802125,-0.29286614999999994,0.06587972999999997,-0.28769485999999994,0.054895040000000006,-0.3088026499999999,0.04104595999999999,-0.2441500199999999,0.015874779999999977,-0.25084433999999994,0.09921722999999999,-0.1606809899999999,0.08423587999999999,-0.15782637999999993,0.17261808,-0.1859029399999999,0.17061517999999998,-0.19715488999999992,0.012241479999999971,-0.002735419999999933,-0.012241480000000027,0.002735420000000044,0.02358258000000002,0.15817581000000003,-0.015264300000000008,0.2039692300000001,0.017915809999999976,0.30234824000000005,-0.03245545,0.36297498000000006,0.05817127,0.08346903,0.07340085000000002,-0.025221949999999993,0.06836110000000001,0.09301796000000001,0.08637929999999999,-0.03932850999999998,0.011341100000000048,0.16091122999999996,-0.005666770000000043,0.14417243000000002,-0.0030228199999999816,0.20123381000000007,-0.01719114999999999,0.15900574999999995,-0.025171180000000015,-0.006694320000000031,-0.024482959999999998,0.005470839999999977,0.24345634970259125,0.27091086013346105
0.08576267500000001,-0.28295420000000004,0.08702844500000001,-0.29136028,0.08152860499999998,-0.30259596000000005,0.06544720500000001,-0.29637127,0.04571777499999996,-0.31981040000000005,0.04078390500000001,-0.24973218000000003,0.005665244999999985,-0.25975053000000004,0.09628426499999998,-0.16342020000000002,0.07346160499999999,-0.16647080000000003,0.16632956499999996,-0.19832333000000002,0.15917060500000002,-0.21073573000000007,0.015498544999999975,-0.0026824000000000847,-0.01549854500000003,0.0026823999999999737,0.022839035000000008,0.1524782,-0.021060095,0.20383849999999992,0.01453405499999999,0.29424657,-0.03473404499999999,0.35864914999999997,0.05550035999999997,0.08631198000000001,0.07004529999999998,-0.034903130000000004,0.06779636,0.09327973,0.08570900000000004,-0.044264930000000036,0.007340490000000033,0.1551606000000001,-0.008304980000000017,0.14176836999999998,-0.005561549999999971,0.20115609999999995,-0.01367394999999999,0.15481065000000005,-0.035118660000000024,-0.01001835000000001,-0.030997090000000005,0.005364800000000058,0.2470331356023019,0.2757836292719701
0.08105348000000007,-0.28518029500000003,0.08258074000000004,-0.293125155,0.07717842000000003,-0.30468082500000004,0.06143302000000006,-0.29903390500000004,0.04025725000000008,-0.32370057500000005,0.037015180000000036,-0.25270712500000003,-0.0024187899999999485,-0.26457124500000007,0.09183082000000004,-0.16302350500000007,0.058959900000000065,-0.17015977500000007,0.1612767300000001,-0.19918683500000006,0.13677654000000006,-0.20309382500000006,0.016661550000000025,-0.003167775000000095,-0.01666154999999997,0.003167774999999984,0.023770780000000047,0.14881786499999994,-0.023256569999999976,0.20921048499999995,0.014795660000000044,0.29087528499999993,-0.03387251999999996,0.35902068499999995,0.05481564,0.08968361999999996,0.06944591000000006,-0.036163329999999994,0.061378690000000014,0.09441147,0.07781663999999999,-0.03293404999999999,0.007109230000000022,0.15198564000000003,-0.008975120000000003,0.14205742,-0.006595020000000007,0.20604270999999996,-0.010615949999999985,0.1498102,-0.039433969999999985,-0.011864120000000034,-0.033323099999999994,0.006335550000000079,0.24359191729143234,0.257074104291755
0.07778157500000005,-0.29477356500000007,0.07923464500000005,-0.3033433750000001,0.07367094500000004,-0.31466752500000006,0.057355865000000006,-0.30980144500000006,0.03568352500000005,-0.33343140500000007,0.032079835,-0.26408909500000005,-0.005869844999999985,-0.2703319250000001,0.08728034500000004,-0.17702986500000006,0.063426865,-0.17594976500000004,0.15613334500000003,-0.20567040500000006,0.15085967500000003,-0.22023247500000004,0.016660465000000013,-0.004202825000000021,-0.016660464999999958,0.00420282499999991,0.026041585000000034,0.14684353499999991,-0.02243627499999995,0.20575164499999998,0.017287415000000028,0.2852906449999999,-0.03296841499999997,0.3500225349999999,0.055200510000000036,0.08705922999999999,0.068853,-0.028640539999999992,0.06929670999999998,0.09438216000000005,0.08743281000000003,-0.04428271,0.00938112000000002,0.15104635999999994,-0.008754170000000006,0.13844710999999998,-0.005775809999999992,0.20154882000000007,-0.010532140000000023,0.14427088999999993,-0.037949679999999986,-0.0062428300000000325,-0.03332092999999997,0.008405649999999931,0.24503442624772304,0.2800610668973993
0.07562995500000003,-0.298496605,0.07814535499999997,-0.307587325,0.07109037499999998,-0.318851105,0.05757311500000001,-0.314252505,0.03189173499999998,-0.33780650500000003,0.030536074999999996,-0.267818425,-0.01041582499999999,-0.272396005,0.07524490499999997,-0.17359572500000003,0.05628371500000001,-0.17866185500000004,0.134699275,-0.177645055,0.147147425,-0.217928305,0.01790520499999998,-0.005007144999999991,-0.01790520499999998,0.005007144999999991,0.02829769500000001,0.145129195,-0.023165405000000028,0.20763459500000003,0.018402845,0.28095509500000004,-0.03315949499999998,0.349574595,0.04470882999999998,0.09422269999999999,0.059454370000000034,-0.004049329999999962,0.06669954,0.09373414999999996,0.09086370999999999,-0.03926644999999995,0.010392490000000032,0.15013633999999998,-0.00989485000000001,0.13582590000000005,-0.005260200000000048,0.20262745000000004,-0.009994089999999956,0.14193999999999996,-0.040951899999999986,-0.00457757999999997,-0.03581040999999996,0.010014289999999981,0.2084339289950967,0.27738526553625625
0.07238285,-0.29480665999999994,0.07525383000000002,-0.3046368,0.06675798999999999,-0.31510085,0.05612444,-0.31120183999999995,0.025890520000000028,-0.33303125999999994,0.03112778999999999,-0.26227256,-0.015978260000000022,-0.26676111999999996,0.06701419000000003,-0.15786575999999997,0.05105911000000002,-0.17130257999999998,0.11684148999999999,-0.15366234999999995,0.14345048999999999,-0.20924096999999997,0.020257369999999997,-0.005328380000000021,-0.020257369999999997,0.005328380000000021,0.03221484000000002,0.14616318000000006,-0.025603370000000014,0.21088794,0.016907320000000003,0.28945843000000004,-0.034152249999999995,0.35818688,0.03588640000000004,0.10440680000000002,0.04982729999999996,0.0042034100000000185,0.06703737000000004,0.09545853999999998,0.09239137999999997,-0.03793838999999999,0.011957470000000026,0.15149156000000008,-0.015307520000000019,0.14329524999999999,-0.005346000000000017,0.20555955999999997,-0.008548879999999981,0.14729894,-0.04710605000000001,-0.004488559999999975,-0.040514739999999994,0.010656760000000043,0.17700694588669472,0.26988936508355066
0.06920336999999999,-0.29393990000000003,0.0725404,-0.30376808000000005,0.06406748000000001,-0.31443540000000003,0.05379307,-0.31074090000000004,0.023249350000000002,-0.33327845000000006,0.026986549999999998,-0.26218360000000007,-0.01922298,-0.26463960000000003,0.05152344999999997,-0.14648265000000005,0.046813400000000005,-0.16395182000000003,0.07992115,-0.11678620000000006,0.14117134999999997,-0.20446605000000007,0.020226350000000004,-0.005815600000000032,-0.020226350000000004,0.005815599999999921,0.03253471999999996,0.1465569699999999,-0.02517328000000002,0.21138819999999992,0.018309450000000005,0.2914542499999999,-0.03257980999999999,0.35981719999999995,0.024536899999999973,0.11570095000000002,0.028397700000000026,0.029696449999999985,0.06603638,0.10068778,0.09435794999999997,-0.04051423000000004,0.012308369999999957,0.15237256999999993,-0.014225269999999957,0.14489728000000002,-0.004946930000000016,0.2055726,-0.007406529999999967,0.14842900000000003,-0.04620953,-0.002455999999999958,-0.04045270000000001,0.011631199999999953,0.12600771092040364,0.2650803461066333
0.061198474999999974,-0.29252564500000006,0.06641244499999999,-0.30255454500000006,0.055457234999999994,-0.31456890500000007,0.05008399499999999,-0.30856969500000003,0.013196264999999985,-0.33451389500000006,0.020252975000000006,-0.25791532500000003,-0.028533905000000026,-0.26114058500000004,0.03561139499999999,-0.14369326500000001,0.03454241499999999,-0.161787055,0.066497955,-0.10798292500000006,0.13145095499999998,-0.20572986500000007,0.020845025000000017,-0.006448175000000056,-0.020845025000000017,0.006448174999999945,0.03470087500000002,0.1423537749999999,-0.028051945000000023,0.20968707499999995,0.012157794999999971,0.286238075,-0.03638046500000003,0.359436545,0.015358419999999984,0.11422206000000001,0.030886560000000007,0.03571033999999995,0.06307632000000002,0.09935353000000002,0.09690853999999999,-0.043942810000000054,0.013855850000000003,0.14880194999999996,-0.02254308000000005,0.14388430000000008,-0.0072069200000000055,0.2032389,-0.008328520000000006,0.14974947000000005,-0.04878688000000003,-0.0032252600000000076,-0.041690050000000034,0.012896350000000001,0.11132607724674125,0.2611773079392657
0.05662326000000001,-0.29605697999999997,0.06317765999999997,-0.3066732,0.050065799999999994,-0.31794589999999995,0.04963181999999999,-0.31185667999999994,0.008904980000000007,-0.33636623,0.021327089999999993,-0.26029208,-0.031143619999999983,-0.26120249999999995,0.03476064000000001,-0.14620121999999997,0.029553989999999974,-0.15979559999999998,0.06544907,-0.10384850000000001,0.12673001,-0.20333584,0.02203714000000001,-0.00680130000000001,-0.02203714000000001,0.00680130000000001,0.036516539999999986,0.14275140000000008,-0.027013620000000016,0.20865724000000008,0.015671119999999983,0.2830956,-0.0350432,0.3569095,0.013433550000000016,0.11409086000000002,0.03068842999999999,0.042352719999999955,0.06069760999999996,0.10140689999999997,0.09717602000000003,-0.04354024000000001,0.014479399999999976,0.1495527000000001,-0.020845420000000003,0.14034419999999992,-0.004976480000000005,0.20185594000000007,-0.00802957999999998,0.1482522599999999,-0.052470709999999976,-0.0009104199999999674,-0.04407428000000002,0.01360260000000002,0.10631441432921925,0.25746705134153014
0.055092439999999965,-0.29392223000000006,0.06102003,-0.30371585000000006,0.04900549999999998,-0.3151999000000001,0.04651548,-0.30856645000000005,0.0076289599999999624,-0.3336318300000001,0.019225219999999987,-0.2575356200000001,-0.033897449999999996,-0.25912393000000006,0.031938829999999974,-0.14406985000000005,0.026098379999999977,-0.15988849000000005,0.05354987,-0.09306365000000005,0.12409994999999996,-0.20226090000000008,0.022054629999999964,-0.006639750000000055,-0.02205463000000002,0.006639749999999944,0.03718216999999996,0.14477184999999992,-0.023919269999999992,0.2075902099999999,0.014942330000000004,0.2875832199999999,-0.03114696,0.35700285,0.012713609999999986,0.11346577000000002,0.021611040000000026,0.0510062,0.05999582999999997,0.09923544000000001,0.09800156999999998,-0.04237241000000003,0.015127539999999995,0.15141159999999998,-0.022239839999999955,0.14281137,-0.001864639999999973,0.20095045999999994,-0.007227690000000009,0.1494126400000001,-0.05312266999999998,-0.0015883099999999817,-0.044109259999999983,0.0132795,0.09198391508229904,0.25495223636085035
0.05507715000000002,-0.29507944500000005,0.06266762000000003,-0.30542368500000006,0.04834007000000001,-0.317286345,0.05105327000000004,-0.310608875,0.007450330000000005,-0.33685297500000005,0.023012560000000015,-0.258284665,-0.034388209999999975,-0.26144788500000005,0.030355170000000042,-0.14107928500000005,0.020069190000000015,-0.15594242500000005,0.04908313000000003,-0.08546967500000002,0.12244992000000005,-0.19904612500000002,0.023408790000000013,-0.006161324999999995,-0.023408789999999957,0.006161324999999995,0.04322299000000002,0.14877694499999994,-0.018754349999999975,0.20493357499999998,0.019456589999999996,0.28896700499999994,-0.028041469999999957,0.356415205,0.007342610000000027,0.11720537999999997,0.018727959999999988,0.05560961000000003,0.05445739999999999,0.10550546,0.10238073000000003,-0.04310369999999997,0.019814200000000004,0.15493826999999993,-0.02376640000000002,0.14019006,0.004654439999999982,0.19877224999999998,-0.009287119999999982,0.15148163000000003,-0.05740076999999999,-0.003163220000000022,-0.04681757999999997,0.01232264999999999,0.08336057889769063,0.25176350175981943
0.050803509999999996,-0.29574957999999996,0.057940270000000016,-0.30543824999999997,0.043699860000000035,-0.3180672,0.04633501000000001,-0.31266447999999997,0.00351271000000003,-0.3402803,0.020935210000000037,-0.25987208,-0.04263485,-0.26604202,0.02671821000000002,-0.12834725000000002,0.009810860000000032,-0.16129719999999997,0.050157390000000024,-0.03298731999999993,0.11430439000000003,-0.19728995,0.025386810000000037,-0.007122720000000027,-0.025386809999999982,0.007122720000000027,0.043132240000000044,0.14410968000000002,-0.02117791999999996,0.20588028000000003,0.020888470000000048,0.28498608000000003,-0.030531319999999973,0.35528848,0.005782999999999983,0.13152482999999998,0.023439180000000004,0.09535993000000009,0.052445710000000034,0.10474482000000002,0.10449353,-0.03599275000000002,0.017745430000000006,0.15123240000000004,-0.022243769999999996,0.1408764,0.004208890000000021,0.19875756,-0.009353400000000012,0.1494082,-0.06357006000000004,-0.006169939999999985,-0.05077362000000002,0.014245440000000054,0.03581283522281355,0.24758467443274618
0.05279811000000001,-0.29705866,0.06071494999999999,-0.30775467999999995,0.04567378,-0.31920869999999996,0.04991648999999998,-0.3127224599999999,0.0041078499999999685,-0.33853284999999994,0.02248483000000001,-0.25822979999999995,-0.03836765000000003,-0.26106352999999993,0.029200069999999967,-0.1305643999999999,0.010347620000000002,-0.15212066999999996,0.05680690999999999,-0.03932369999999996,0.11470474999999997,-0.19386346999999993,0.024085179999999984,-0.006585999999999981,-0.024085179999999984,0.006586000000000092,0.04626488000000001,0.15025560000000004,-0.017830500000000027,0.20458986,0.023586549999999984,0.29061563,-0.025317289999999992,0.35793973,0.006715239999999956,0.12766540000000004,0.02760684000000002,0.09124069999999995,0.04871527000000003,0.10894285999999997,0.10435712999999996,-0.04174279999999997,0.022179700000000024,0.15684160000000003,-0.022678330000000024,0.14036002999999997,0.006254679999999957,0.19800385999999992,-0.007486789999999965,0.15334987,-0.06085248000000004,-0.0028337299999999788,-0.04817035999999997,0.013172000000000073,0.0462868082231093,0.243808602581381
0.04634009,-0.30668361000000005,0.05472771999999998,-0.31711965000000003,0.03958118999999999,-0.32870775,0.04457680999999997,-0.32166835000000005,-0.0010632400000000208,-0.34828085000000003,0.015584989999999965,-0.26510278000000004,-0.042770410000000036,-0.26851445,0.01628581999999995,-0.13707445000000007,0.0023546099999999792,-0.15735315000000005,0.05110787,-0.05381944999999999,0.10694046999999995,-0.20062602000000002,0.023187769999999996,-0.006723950000000034,-0.023187769999999996,0.006723949999999923,0.044555529999999954,0.14409931999999992,-0.021358350000000026,0.19798814999999992,0.019449989999999973,0.27951510999999996,-0.02749206000000004,0.3467091,0.0007008299999999856,0.12802832999999997,0.03482205000000005,0.08325500000000008,0.045125020000000016,0.11116129999999996,0.10458585999999997,-0.04327286999999996,0.021367759999999958,0.15082326999999995,-0.025105539999999982,0.13541579000000004,0.0018294199999999705,0.1912642,-0.006133710000000014,0.14872095000000007,-0.0583554,-0.0034116699999999778,-0.04637553999999999,0.013447899999999957,0.0547495945579508,0.2448006717811421
0.04108272500000004,-0.30279389000000007,0.05102895500000004,-0.3139788500000001,0.033881675,-0.3260937100000001,0.043118345,-0.3192915700000001,-0.006303054999999946,-0.3474759500000001,0.013095995000000027,-0.26265903000000007,-0.045407244999999985,-0.26619073000000004,0.015201435000000041,-0.13376553000000002,-0.0016870049999999637,-0.15265763000000004,0.05509797500000002,-0.052245470000000016,0.10109634500000003,-0.19830057000000006,0.022921455000000035,-0.006811230000000057,-0.02292145499999998,0.006811229999999946,0.045248495,0.14406152999999988,-0.021289804999999995,0.1977710399999999,0.018027375000000012,0.2812207,-0.029913584999999965,0.34781536999999996,0.002105440000000014,0.12889350000000005,0.03989653999999998,0.08152006,0.04372024000000002,0.1135331,0.10278335,-0.04564294000000002,0.022327039999999965,0.15087275999999994,-0.027221119999999988,0.1371591700000001,0.0016316499999999845,0.19095980999999995,-0.00862377999999997,0.15004433000000006,-0.05850324000000001,-0.003531699999999971,-0.045842910000000014,0.013622460000000003,0.055674038866315376,0.2396899355752761
0.036520090000000005,-0.304610315,0.04638902,-0.315737555,0.02925717,-0.327673055,0.03875025999999998,-0.321339045,-0.01043463,-0.348955675,0.009696839999999984,-0.264477825,-0.04839734000000001,-0.266409735,0.01158231999999998,-0.13659387499999998,-0.007285079999999999,-0.14934487500000004,0.053190919999999975,-0.05557233500000003,0.09619891999999997,-0.196689275,0.02249348000000001,-0.0068203249999999604,-0.02249348000000001,0.0068203249999999604,0.041784849999999985,0.14697807500000004,-0.022734580000000004,0.19651552500000002,0.014418239999999971,0.28152799500000003,-0.031381760000000036,0.34499872500000006,0.001885479999999995,0.12788395000000002,0.041608599999999996,0.08102153999999995,0.04111226000000001,0.11706485999999994,0.10348399999999996,-0.04734439999999995,0.019291369999999974,0.1537984,-0.027366610000000013,0.13454992,-0.0002410999999999941,0.18969520000000006,-0.008647180000000032,0.14848320000000004,-0.058094179999999995,-0.0019319099999999811,-0.04498696000000002,0.013640649999999921,0.05761155527837887,0.2355929606544304
0.034854575,-0.30473737000000006,0.04454575500000002,-0.3160919300000001,0.027433225000000006,-0.32724210000000004,0.03705434499999999,-0.32216964000000003,-0.011851875000000012,-0.34799115,0.006794885000000028,-0.26547040000000005,-0.048010304999999975,-0.26542786000000007,0.005292555000000032,-0.13667790000000002,-0.00915701499999999,-0.14596374,0.05325205500000002,-0.05762310000000004,0.095561495,-0.19292612000000003,0.02146069500000003,-0.0074033000000000015,-0.021460694999999974,0.0074033000000000015,0.042850604999999986,0.14507539999999997,-0.021314575000000002,0.19631469999999995,0.015491854999999999,0.2785127999999999,-0.03182347499999999,0.3442027,-0.0015023299999999962,0.12879250000000003,0.04795949999999999,0.07905479999999998,0.038853289999999985,0.11946412000000006,0.10471850999999999,-0.046962380000000026,0.021389909999999956,0.15247869999999997,-0.027358749999999987,0.13343739999999993,0.00014611999999997183,0.18891139999999995,-0.010508899999999988,0.14788800000000002,-0.054805190000000004,4.2539999999979816e-05,-0.042921390000000004,0.014806600000000003,0.05943667960686905,0.23200446002163946
0.030316979999999993,-0.295501595,0.039870970000000006,-0.305702005,0.02360036999999998,-0.318615295,0.03157346999999999,-0.312382975,-0.016559839999999992,-0.341518405,0.002217469999999999,-0.25992480500000004,-0.05396815999999999,-0.258844675,0.008049959999999967,-0.13461277500000002,-0.01652625000000002,-0.13832037500000005,0.05135460999999997,-0.04590881499999999,0.08955404,-0.17989907500000002,0.021434609999999965,-0.007984824999999973,-0.02143461000000002,0.007984824999999973,0.039393509999999965,0.149684665,-0.022359230000000008,0.20467656499999998,0.012376749999999992,0.282155265,-0.038350439999999986,0.35234512500000004,0.005832489999999968,0.12531203000000002,0.04330465,0.08870396000000003,0.03744190999999997,0.12052429999999997,0.10608029000000002,-0.04157869999999997,0.0179589,0.15766948999999997,-0.027016759999999973,0.1324706,-0.0009246199999999871,0.19669174,-0.015991209999999978,0.14766856000000006,-0.056185629999999986,0.0010801300000000125,-0.042869219999999986,0.015969649999999946,0.04830564581412924,0.2182174152262658
0.03154932999999999,-0.297695635,0.03684042999999998,-0.30823717500000003,0.023815660000000016,-0.321603515,0.024300180000000005,-0.315426985,-0.015101230000000021,-0.344181455,-0.002754040000000013,-0.255915765,-0.054080550000000005,-0.262609535,0.004555839999999978,-0.12954673500000002,-0.01484392000000001,-0.14083733499999995,0.05164059999999998,-0.05933543500000005,0.08827439999999998,-0.181818755,0.020720400000000028,-0.007173235,-0.020720399999999972,0.007173235,0.035989400000000005,0.151997665,-0.014252700000000007,0.200426965,0.014273299999999989,0.285224865,-0.032768640000000016,0.349172865,0.007309879999999991,0.12636903,0.04708476,0.07021129999999998,0.039236629999999995,0.12177220000000005,0.10311831999999999,-0.040981420000000046,0.015268999999999977,0.1591709,-0.021716100000000016,0.1332272,0.006467699999999965,0.19325373,-0.01851594000000001,0.1487459,-0.05132650999999999,-0.006693769999999988,-0.0414408,0.01434647,0.06063789142838001,0.21816928911100225
0.026976344999999957,-0.2975121,0.03272087499999998,-0.30813607000000004,0.019866974999999953,-0.32168861000000004,0.021097624999999953,-0.31648328000000003,-0.018264445000000018,-0.34632065,-0.00466037500000005,-0.25741555000000005,-0.05824596500000001,-0.26427533000000003,0.005900014999999981,-0.13022701999999997,-0.019850725000000013,-0.14066200000000006,0.05214309499999997,-0.06035410000000008,0.08567022499999999,-0.17707073,0.021347124999999967,-0.007247050000000033,-0.021347125000000022,0.007247050000000033,0.03503503499999999,0.15018235000000002,-0.01744082500000005,0.20064534999999994,0.010507754999999952,0.28463035000000003,-0.03668632500000002,0.34549155,0.01056039000000003,0.12718853000000008,0.04624307999999999,0.0698729199999999,0.03839524,0.12361332999999997,0.10552095,-0.036408729999999945,0.013687910000000025,0.15742940000000005,-0.02452728000000004,0.134448,0.003906299999999974,0.1933982999999999,-0.01924549999999997,0.14484620000000004,-0.05358558999999996,-0.006859779999999982,-0.04269424999999999,0.014494100000000065,0.06139015008894672,0.21313319127989172
0.024688500000000002,-0.3032619,0.03420390000000001,-0.31426079999999995,0.01795278,-0.32635722,0.026500179999999984,-0.3213763,-0.02143843000000001,-0.3494544,-0.00193639000000001,-0.26599324999999996,-0.05684228000000002,-0.26490519999999995,0.005695889999999981,-0.1368011,-0.01794060000000003,-0.13695446999999994,0.054527979999999976,-0.06378899999999998,0.08303416999999996,-0.17385426999999998,0.020967750000000007,-0.008124699999999985,-0.020967750000000007,0.008124699999999985,0.04061914999999999,0.14091017000000006,-0.022344399999999986,0.19739784999999999,0.011737180000000014,0.27700020000000003,-0.03422613000000002,0.34384795,0.007632279999999991,0.12919214999999995,0.048832089999999995,0.07301210000000002,0.038901679999999994,0.12795073,0.10097476999999999,-0.03689980000000004,0.019651399999999986,0.14903487000000004,-0.02888196999999998,0.13609002999999997,-0.0013766499999999793,0.18927315,-0.011881730000000035,0.14645010000000003,-0.05490589000000001,0.001088050000000007,-0.041935500000000014,0.01624939999999997,0.06499848715272455,0.20960139523855104
0.025816824999999988,-0.29803175,0.032378925,-0.30922806999999997,0.017716025000000024,-0.3221258,0.022555425000000018,-0.31679815,-0.020081044999999964,-0.34510381,-0.0021227950000000106,-0.25690524,-0.057795875,-0.26259322,0.007755485000000006,-0.13127665,-0.01898677500000001,-0.13755125,0.05373852500000004,-0.06643244999999998,0.08431645500000001,-0.17012465,0.021900124999999993,-0.00733505000000001,-0.021900124999999993,0.00733505000000001,0.034136025000000014,0.14941870000000002,-0.015508414999999998,0.20131354999999995,0.008445105000000008,0.28323834999999997,-0.03473627499999998,0.34580528,0.009878280000000017,0.12562858999999998,0.04598304000000003,0.06484420000000002,0.038809099999999985,0.12504197,0.10330323000000002,-0.032573399999999975,0.012235900000000022,0.15675375000000003,-0.025690920000000006,0.13381964999999996,0.006391709999999995,0.19397849999999994,-0.019227859999999986,0.14449173000000004,-0.055673079999999986,-0.005687980000000037,-0.043800249999999985,0.01467010000000002,0.06712813420109334,0.20681853638150136
0.022816645000000024,-0.29693615,0.028722895000000026,-0.30782527,0.01498202500000001,-0.32081833,0.018190454999999994,-0.31508833,-0.022547945000000014,-0.34351635,-0.0060708050000000124,-0.25460977,-0.05955687500000001,-0.26037967,0.0045821249999999925,-0.12968170999999995,-0.022787435000000023,-0.13424577000000004,0.050923985000000005,-0.06499261,0.080459165,-0.16847631000000002,0.021133194999999994,-0.007048069999999962,-0.021133194999999994,0.007048069999999962,0.03139582499999999,0.15419358000000005,-0.01750375500000001,0.20206188999999997,0.006242554999999983,0.28972076999999996,-0.03879369500000002,0.34695613000000003,0.010652930000000005,0.12492806000000006,0.04634186000000001,0.06468909999999994,0.03676943999999999,0.12613389999999997,0.10324660000000002,-0.034230539999999976,0.010262629999999995,0.16124165000000001,-0.025153270000000005,0.1355271899999999,0.003629439999999984,0.19501382,-0.021289940000000007,0.14489424000000006,-0.05348607,-0.0057698999999999945,-0.04226638999999999,0.014096139999999924,0.06515413175413902,0.202804870712599
0.024191950000000018,-0.29723566999999995,0.030372609999999967,-0.3081678499999999,0.016007309999999997,-0.3212372399999999,0.020128580000000007,-0.31530341999999995,-0.022121250000000037,-0.3437508199999999,-0.003893609999999992,-0.25535899999999995,-0.06011579,-0.26000168999999995,0.006742839999999972,-0.12790701999999987,-0.021831390000000006,-0.12959694999999993,0.053065570000000006,-0.06446247999999988,0.08154140999999998,-0.16728406999999995,0.022179989999999983,-0.007484019999999925,-0.022179989999999983,0.007484020000000036,0.03586948000000001,0.15185124000000005,-0.01576373000000003,0.2016898800000001,0.009217649999999966,0.28727798000000004,-0.037057490000000026,0.3477765300000001,0.010636449999999964,0.12745198000000008,0.046322730000000034,0.06344454,0.038284399999999996,0.13040474000000002,0.10337279999999999,-0.03768712000000002,0.013689490000000026,0.15933525999999998,-0.026651830000000043,0.13542674,0.0064162599999999514,0.19420586000000006,-0.021293759999999995,0.14608664999999998,-0.05622218000000001,-0.004642690000000005,-0.044359979999999966,0.01496803999999996,0.06481098638277308,0.20322896963820902
0.023221700000000012,-0.29740439999999996,0.03035465000000004,-0.3087053799999999,0.014887070000000002,-0.3219784399999999,0.02147177,-0.31524371999999995,-0.02280148999999998,-0.34456207999999994,-0.003962369999999993,-0.25529836999999994,-0.059521469999999965,-0.2601507799999999,0.006396890000000044,-0.1282817999999999,-0.021233409999999953,-0.12972839999999997,0.051564810000000016,-0.0661797999999999,0.07818356000000004,-0.16706057999999996,0.022005200000000003,-0.007651099999999911,-0.022005200000000003,0.007651100000000022,0.03611109000000001,0.1479235000000001,-0.015008899999999992,0.20049970000000006,0.012219880000000016,0.2833407000000001,-0.03677519999999995,0.34629390000000004,0.010359260000000037,0.12701657000000005,0.04516791999999997,0.06210199999999999,0.03828806000000001,0.13042237999999995,0.09941697,-0.03733217999999999,0.01410589000000001,0.1555746,-0.023891209999999996,0.13541720000000002,0.006996300000000011,0.19284860000000004,-0.02176629999999996,0.14579419999999998,-0.05555909999999997,-0.004852409999999974,-0.044010400000000005,0.015302199999999933,0.06556965202776434,0.2013999969184707
0.019455869999999986,-0.301855195,0.03042982999999999,-0.314348745,0.01148189999999999,-0.325806935,0.025544659999999997,-0.31978212500000003,-0.026400970000000024,-0.34613177500000003,-0.0009563900000000292,-0.261539375,-0.056726200000000004,-0.256737975,0.00653532999999995,-0.13324027500000002,-0.020218440000000004,-0.12256247500000006,0.051324659999999966,-0.06452267499999997,0.07083202999999999,-0.163166975,0.020897469999999974,-0.00816677499999996,-0.02089747000000003,0.00816677499999996,0.037536549999999946,0.14278642499999994,-0.02154107000000005,0.196350075,0.010647709999999977,0.278069055,-0.03498320000000005,0.34613798500000004,0.0074917199999999795,0.1282991,0.044789330000000016,0.06871760000000005,0.03650776,0.13417549999999995,0.09105047,-0.04060449999999993,0.016639079999999973,0.1509531999999999,-0.02688883999999997,0.13528263000000007,-0.0006436000000000219,0.18818330000000005,-0.013442129999999997,0.14978791000000002,-0.055769809999999975,0.004801400000000011,-0.04179494,0.01633354999999992,0.06404530705762992,0.19434390924161346
0.020231290000000013,-0.30153405999999994,0.03133100999999999,-0.31400939999999994,0.012469569999999985,-0.32541152999999995,0.02653291000000002,-0.31951045999999994,-0.02499851000000003,-0.34581881999999997,-0.0009719300000000097,-0.26158719999999996,-0.05580362,-0.2557055,0.0057513100000000095,-0.13317729999999994,-0.02130649000000001,-0.11956669999999991,0.04965250999999998,-0.06582122999999995,0.06977433999999999,-0.16125854999999994,0.02057526999999998,-0.008516429999999908,-0.02057526999999998,0.00851643000000002,0.03811741000000002,0.14209460000000007,-0.02097346,0.19780390000000003,0.011589709999999975,0.27802760000000004,-0.03575868999999998,0.3472318000000001,0.006723240000000019,0.12840990000000002,0.043901199999999974,0.06735606999999999,0.03449712999999999,0.13613880000000006,0.09108083,-0.04169185000000003,0.01754214000000004,0.15061102999999998,-0.026527700000000043,0.13593299999999997,-0.00039819000000002047,0.18928747,-0.014785229999999983,0.14942790000000006,-0.05483168999999999,0.00588169999999999,-0.04115053999999996,0.017032859999999928,0.06425983184741153,0.1923189950606868
0.02021120000000004,-0.30203811,0.03171207000000004,-0.31471569,0.01223527000000002,-0.3262415,0.02744578000000003,-0.31986938,-0.02518201999999997,-0.34645329,-0.000591559999999991,-0.26151975,-0.055519269999999954,-0.25575755,0.005045970000000011,-0.13368095000000002,-0.021912949999999987,-0.11934531999999998,0.046502900000000014,-0.06937545,0.06969420000000004,-0.16192731999999999,0.020642060000000018,-0.008467850000000055,-0.020642059999999962,0.008467850000000055,0.03800212000000003,0.14230160999999997,-0.020492999999999983,0.19798044999999997,0.01126550000000004,0.28022685,-0.03714771999999994,0.34679525,0.005637530000000002,0.12783879999999997,0.04145693,0.06430550000000002,0.03360631999999997,0.13641223000000002,0.09160715000000003,-0.04258200000000001,0.01736006000000001,0.15076946000000002,-0.02673661999999999,0.13792524000000006,0.00014905999999997865,0.18951259999999992,-0.016654719999999956,0.14881480000000002,-0.05492770999999996,0.005762199999999995,-0.04128411999999998,0.01693570000000011,0.06617037693156655,0.19286045170048863
0.021375464999999982,-0.304574275,0.032830735,-0.317269285,0.013260264999999993,-0.328803715,0.028534995000000007,-0.32255696500000003,-0.02410794500000002,-0.348973145,0.00048141499999998505,-0.263294985,-0.05456219499999998,-0.258223315,0.003672675000000014,-0.13472891500000006,-0.023137585000000016,-0.11993011500000006,0.04602130500000001,-0.07148371500000006,0.06684537499999998,-0.16042171500000002,0.020633595000000005,-0.008062514999999992,-0.020633595000000005,0.008062514999999992,0.037840415000000016,0.14416942499999996,-0.020572564999999987,0.19631693500000003,0.010634415000000008,0.279578985,-0.035945214999999975,0.345003285,0.003191260000000029,0.12856606999999992,0.04234863,0.0632452,0.031424609999999964,0.13829319999999995,0.08998296,-0.04049159999999996,0.01720682000000001,0.15223193999999995,-0.027206000000000008,0.13540956000000004,6.103000000001746e-05,0.18825442000000003,-0.015372649999999988,0.14868634999999997,-0.055043609999999965,0.005071669999999973,-0.04126719000000001,0.016125029999999985,0.06831386702920651,0.18984073838603188
0.02339869499999997,-0.3074906499999999,0.03433739499999994,-0.32013861999999993,0.015075974999999964,-0.33171207999999996,0.02922337499999994,-0.3252125799999999,-0.023353905000000064,-0.35136179999999995,0.000383074999999955,-0.2648391299999999,-0.05418330500000007,-0.26060030999999995,0.001798804999999959,-0.13733529,-0.025143475000000026,-0.12291220999999997,0.04323449499999993,-0.07574254999999996,0.06615292499999997,-0.15954522999999993,0.020478424999999967,-0.007886349999999931,-0.020478425000000022,0.007886350000000042,0.03742727499999993,0.1432153100000001,-0.020146495000000042,0.19389279000000004,0.011559934999999966,0.27759705,-0.03576100500000007,0.34205605000000006,0.001415730000000004,0.12750383999999992,0.04143568999999997,0.061592740000000035,0.029039830000000044,0.13768809999999998,0.0912964,-0.03663301999999996,0.01694884999999996,0.15110166000000003,-0.02586733999999996,0.13438173999999992,0.0003319299999999803,0.18600644,-0.015614510000000026,0.14816326000000002,-0.054566380000000025,0.0042388199999999765,-0.04095684999999999,0.015772699999999973,0.0715702633800163,0.18851611279707337
0.02371266500000002,-0.30591038,0.03538299499999997,-0.31871328,0.015427515000000003,-0.33037373999999997,0.031193444999999986,-0.32314207999999994,-0.022101454999999992,-0.34982773999999994,0.0013137249999999878,-0.26229989,-0.05283315500000002,-0.25869573999999995,0.0008970050000000063,-0.13562244,-0.025126535000000005,-0.12137493999999993,0.042639804999999975,-0.07560383999999998,0.066123665,-0.15668523999999995,0.02032373500000001,-0.007753099999999957,-0.02032373500000001,0.007753100000000068,0.03888032499999999,0.14396682000000005,-0.019013365000000004,0.19421730000000004,0.013145304999999996,0.2820718,-0.034983085000000025,0.34435466000000003,-0.00041671999999998155,0.12667744999999997,0.04174279999999997,0.06001860000000003,0.027706620000000015,0.13732080000000002,0.0912502,-0.03531030000000002,0.018556589999999984,0.15171992,-0.025735019999999997,0.13810497999999993,0.0013103700000000051,0.18646419999999997,-0.01596972000000002,0.15013736,-0.05414688000000001,0.003604150000000028,-0.04064747000000002,0.015506200000000026,0.0714263949726745,0.18577707239784894
0.02386661499999998,-0.31018534500000006,0.035029754999999996,-0.3227463950000001,0.015492834999999983,-0.33461543500000007,0.030264035000000022,-0.32732039500000004,-0.022900684999999976,-0.35423499500000005,0.002101854999999986,-0.2643781050000001,-0.05453081500000001,-0.26243913500000005,0.0010694949999999759,-0.13805447500000012,-0.027294684999999985,-0.12506427500000006,0.041888755,-0.08100177500000005,0.06199451500000003,-0.15895947500000007,0.02101044499999999,-0.007045475000000079,-0.02101044499999999,0.007045474999999968,0.03647209499999998,0.1500320249999999,-0.02249578499999999,0.19545397499999995,0.0072024549999999965,0.27993952499999997,-0.03608070499999999,0.33993652499999993,-0.00103236000000001,0.12632362999999996,0.040819260000000024,0.05705270000000007,0.027236130000000025,0.13737486,0.08928920000000001,-0.033895200000000014,0.015461649999999993,0.15707749999999998,-0.029269639999999986,0.12990750000000006,-0.0014853400000000017,0.18840849999999998,-0.01358492,0.14448255,-0.056632669999999996,0.0019389700000000398,-0.04202088999999998,0.014090950000000046,0.07684684858955569,0.18560028773982037
0.02558511499999999,-0.31144062,0.036908565000000004,-0.32427213,0.016970335000000003,-0.33579281,0.032167104999999974,-0.32832535,-0.021970835000000022,-0.35447171,0.0026273149999999634,-0.2651465,-0.053690015000000035,-0.26174423,-0.00043448500000004,-0.13887455000000004,-0.026686015000000007,-0.12484645000000005,0.04099226499999997,-0.08270895,0.06247291499999996,-0.15946824999999998,0.021084484999999986,-0.007683400000000007,-0.02108448500000004,0.007683400000000007,0.03789943499999998,0.14643209999999995,-0.02237313499999999,0.19678004999999998,0.00873073499999999,0.2785293999999999,-0.03679906500000002,0.33978325,-0.0030618000000000034,0.12627194999999997,0.04142675000000001,0.05616560000000004,0.027004000000000028,0.13689777999999997,0.08915892999999997,-0.034621799999999925,0.016814949999999995,0.15411549999999996,-0.029168699999999992,0.13209729999999997,-0.0012886499999999468,0.18909664999999998,-0.014425930000000031,0.1430032,-0.05631733,0.003402269999999985,-0.04216897000000003,0.015366800000000014,0.07762185811568091,0.18687298679178457
0.02483989000000003,-0.31012669499999995,0.035831290000000016,-0.322969315,0.016010289999999983,-0.33417377499999995,0.03090659000000001,-0.326840195,-0.02328155999999998,-0.352102315,0.00233785000000003,-0.263995475,-0.054633790000000015,-0.259639835,0.0005016700000000096,-0.13936922499999993,-0.027133689999999988,-0.12413205500000002,0.04173646000000003,-0.08210905499999999,0.06347657000000001,-0.15910458499999997,0.021290890000000007,-0.007893115000000006,-0.021290890000000007,0.007893115000000006,0.03731173999999998,0.144964945,-0.02237566000000002,0.19593854500000008,0.00780879000000001,0.27918254500000006,-0.038296269999999966,0.341884045,-0.0018361800000000206,0.12462625000000005,0.04123479000000002,0.057260169999999944,0.027500100000000027,0.13550777999999997,0.09061026,-0.034972529999999946,0.016020849999999975,0.15285806000000002,-0.029502949999999972,0.13421760000000005,-0.0010847700000000127,0.18804543000000007,-0.015920609999999946,0.14594549999999995,-0.056971640000000046,0.004355639999999994,-0.042581780000000014,0.015786230000000012,0.07698069292172224,0.18727988167483872
0.024619080000000015,-0.31203000000000003,0.03609538000000001,-0.32487543,0.015743740000000006,-0.33626147,0.031674919999999995,-0.3281102,-0.023337600000000014,-0.3539141,0.0026217099999999993,-0.26526074000000005,-0.05454173000000001,-0.26120550000000003,-0.00027105999999998964,-0.1405752,-0.025662259999999992,-0.12567420000000007,0.03846384000000003,-0.08505220000000002,0.06664764000000001,-0.16227456,0.021512089999999984,-0.007793200000000056,-0.021512089999999984,0.007793199999999945,0.036363370000000006,0.14498223,-0.02260418999999997,0.19596829999999998,0.007629400000000008,0.27813299999999996,-0.03930473000000001,0.34072769999999997,-0.002892769999999989,0.12468554000000004,0.03873490000000002,0.05552299999999999,0.028879470000000018,0.13553129999999997,0.0923099,-0.03660035999999994,0.014851280000000022,0.15277543000000005,-0.028733969999999998,0.13315076999999997,-0.0010920999999999847,0.18817510000000004,-0.01670054000000004,0.14475939999999998,-0.05716344000000001,0.0040552400000000155,-0.04302417999999997,0.0155864,0.0790968704125675,0.19155986266723643
0.024640849999999992,-0.3118325800000001,0.03626858999999999,-0.32465655000000004,0.015489350000000013,-0.3359531700000001,0.03232356999999997,-0.3274309900000001,-0.02355855000000001,-0.35301217000000007,0.0037889799999999974,-0.2642434800000001,-0.05446135000000002,-0.2609611700000001,-0.000613330000000023,-0.13926309000000003,-0.024690270000000014,-0.12627029000000012,0.03463306999999999,-0.08907165000000006,0.06817825,-0.16571098000000006,0.022037550000000017,-0.0075763500000000095,-0.022037550000000017,0.0075763499999998984,0.03642650999999997,0.14475085,-0.022546029999999995,0.19533314999999996,0.006828630000000002,0.27836238999999996,-0.040051820000000016,0.34109824999999994,-0.00440231000000002,0.12498039000000005,0.03524640000000001,0.050191439999999976,0.029771080000000005,0.13469087999999996,0.09286852000000001,-0.039440689999999945,0.01438895999999995,0.1523272,-0.029597879999999965,0.13361153999999997,-0.0005084799999999778,0.18775680000000006,-0.01750579000000002,0.14576509999999998,-0.05825033000000002,0.0032823100000000105,-0.044075100000000034,0.015152699999999908,0.08246290709258562,0.19536475963737393
0.02474282,-0.30738234999999997,0.035746760000000044,-0.32017425,0.015976670000000026,-0.33165388,0.030727800000000027,-0.32417912,-0.023780599999999985,-0.35019073,0.0009994600000000076,-0.26211714999999997,-0.05495539999999999,-0.25930634999999996,-0.0019712699999999694,-0.13358687999999996,-0.023882799999999982,-0.12311267999999997,0.03565890000000005,-0.08829538000000003,0.07025296000000003,-0.16524125,0.021324200000000015,-0.007834879999999989,-0.02132419999999996,0.007834879999999989,0.03700224000000002,0.14185612000000003,-0.022460659999999966,0.19579562000000006,0.006784620000000019,0.27983137,-0.04110672999999998,0.34390142,-0.002970729999999977,0.12853027,0.03763017000000002,0.04529149999999993,0.031072600000000006,0.13619367,0.09413576000000001,-0.04212857000000003,0.015678040000000004,0.14969100000000002,-0.03021762,0.13797525,-0.0011364600000000058,0.18796074000000007,-0.018646070000000015,0.14810579999999995,-0.055954859999999995,0.002810800000000002,-0.042648399999999975,0.015669759999999977,0.08172744755796554,0.19581042620208583
0.025166944999999996,-0.3061907,0.03639379500000001,-0.31844233999999993,0.017334395000000002,-0.33061306999999995,0.03123416499999998,-0.32381979999999994,-0.02175284500000002,-0.3518708,0.00043939499999995357,-0.26375554999999995,-0.054710225,-0.2628638,-0.0025714450000000055,-0.13769027,-0.02233074500000004,-0.12747429999999993,0.03387437499999996,-0.09913167,0.071291045,-0.16376232999999996,0.021079075000000003,-0.007582099999999925,-0.021079075000000003,0.007582100000000036,0.03806306500000001,0.1410981,-0.022602305000000045,0.19629565000000004,0.005314894999999986,0.27824787000000006,-0.03919993500000002,0.34282670000000004,-0.003010839999999959,0.12606527999999995,0.03644581999999996,0.0385586,0.03237947999999996,0.13538950000000005,0.09362179000000004,-0.03628803000000003,0.016983990000000004,0.14868019999999993,-0.03274817000000002,0.13714977000000006,-0.001523230000000042,0.18871355,-0.016597629999999974,0.14653105,-0.055149619999999955,0.000891749999999969,-0.042158150000000005,0.015164199999999961,0.09243940431047201,0.19465649940559215
0.025486874999999964,-0.3032726349999999,0.03552307499999996,-0.3147128749999999,0.01871250499999999,-0.3275967749999999,0.028406094999999965,-0.3208950949999999,-0.020924945000000028,-0.35083868499999993,-0.0022436850000000508,-0.2608979349999999,-0.055626585000000006,-0.2654114349999999,0.007224544999999971,-0.1384930849999999,-0.020388425000000043,-0.12666503499999993,0.06346092499999995,-0.1558528349999999,0.07409639499999998,-0.1617534349999999,0.02030725499999997,-0.007012264999999962,-0.020307255000000024,0.007012265000000073,0.039187274999999966,0.14043676500000013,-0.022470825000000028,0.19985030500000012,0.005141534999999975,0.27960316500000004,-0.038974655000000025,0.3432667650000001,0.009468230000000022,0.12240485000000001,0.056236379999999975,-0.017359750000000007,0.03523815999999996,0.1387464,0.09448482000000002,-0.035088399999999964,0.018880019999999997,0.1474490300000001,-0.03404573999999999,0.1391663999999999,-0.0021635700000000035,0.19283804000000004,-0.016503829999999997,0.14341645999999997,-0.053382899999999955,-0.004513500000000004,-0.04061450999999999,0.014024530000000035,0.15497017297658858,0.19337505172542938
0.027097410000000044,-0.30157060500000005,0.036673080000000025,-0.312487165,0.021286620000000034,-0.325835925,0.028290780000000015,-0.31930880500000003,-0.01823686999999996,-0.35056216500000004,-0.0035487899999999684,-0.261335505,-0.05486194999999999,-0.26660270500000005,0.01251468,-0.143401985,-0.019512699999999994,-0.12889508500000002,0.07542495000000005,-0.17052714500000005,0.07434181000000001,-0.160174955,0.019457780000000036,-0.007110284999999994,-0.01945777999999998,0.007110284999999994,0.0390972,0.13797001499999995,-0.022444119999999956,0.200452215,0.007726800000000034,0.27814781499999996,-0.03779351999999997,0.34189121499999997,0.01606346999999997,0.11793352000000001,0.06291027000000005,-0.027125160000000037,0.03534925,0.13770762000000003,0.09385451,-0.03127986999999999,0.019639419999999963,0.14508029999999994,-0.031370399999999965,0.14017780000000002,-0.0029863399999999762,0.19334193,-0.015349400000000013,0.14143899999999998,-0.051313160000000024,-0.005267200000000027,-0.038915560000000016,0.014220569999999988,0.1727350405970616,0.19178820246831058
0.02725084,-0.29903008000000003,0.037019210000000025,-0.31076061,0.020625100000000007,-0.32317844,0.02936004000000003,-0.31843042,-0.01917468,-0.34734578,-0.002092499999999997,-0.26095718,-0.05377616000000002,-0.26399100000000003,0.012891980000000025,-0.14287077999999998,-0.017936019999999997,-0.12673568000000002,0.07852947999999998,-0.17079335,0.07560860000000003,-0.15879562000000003,0.01961286000000001,-0.007518620000000031,-0.01961286000000001,0.007518620000000031,0.038303719999999986,0.13863431999999998,-0.022568179999999993,0.20289477999999994,0.006045210000000023,0.28064278,-0.037698189999999965,0.34341422,0.014984480000000022,0.11808640000000004,0.06563749999999996,-0.027922570000000035,0.03584014000000002,0.13725532000000001,0.09354462000000002,-0.03205994000000001,0.018690859999999976,0.14615294,-0.03225850999999996,0.14200846,-0.0029553199999999835,0.1953761599999999,-0.015130009999999972,0.14051944000000005,-0.05168366000000002,-0.0030338200000000204,-0.03922572000000002,0.015037240000000063,0.17357939269624517,0.19164433952326695
0.028240199999999993,-0.296915855,0.03772557999999998,-0.308463295,0.021592959999999994,-0.321127115,0.029750270000000023,-0.31606969500000004,-0.018428339999999988,-0.34538119500000003,-0.0011874299999999893,-0.25851129500000003,-0.05319659999999998,-0.263154475,0.014810800000000013,-0.137973495,-0.01776230000000001,-0.12516525499999998,0.07774017999999999,-0.165213045,0.07547346999999999,-0.15692567500000004,0.01968856000000002,-0.006962745000000048,-0.01968856000000002,0.006962744999999937,0.03746274999999999,0.14183170499999997,-0.02194554999999998,0.20298900499999994,0.006369500000000028,0.285082665,-0.03784812999999998,0.343793005,0.015998230000000002,0.12053780000000003,0.06292937999999998,-0.02723955,0.035434299999999974,0.13798922000000002,0.09323577,-0.03176042000000007,0.017774189999999968,0.14879445000000002,-0.03109324999999996,0.14325096000000004,-0.0022569899999999588,0.19602626,-0.01590258,0.14080400000000004,-0.05200916999999999,-0.004643179999999969,-0.03937712000000004,0.013925489999999985,0.16856200056570989,0.18951312926501238
0.02926485499999998,-0.298467685,0.038250254999999955,-0.310161105,0.022668854999999988,-0.32247998499999997,0.02938959499999999,-0.318114835,-0.01782339500000002,-0.346435715,-0.0021170950000000133,-0.261105315,-0.05254564500000003,-0.263585975,0.015062094999999998,-0.14256993500000004,-0.01640301500000002,-0.12647393500000004,0.07746627499999997,-0.167693135,0.078222935,-0.15958936499999998,0.019224704999999953,-0.007397664999999942,-0.01922470500000001,0.007397665000000053,0.03661313499999996,0.14113901500000003,-0.02180686500000001,0.20350746500000005,0.007382814999999987,0.284427925,-0.03804564500000002,0.342196865,0.01717919000000001,0.11853537999999997,0.062404179999999976,-0.025123199999999957,0.03614263000000001,0.13711203999999994,0.09462595000000001,-0.033115429999999946,0.01738843000000001,0.14853667999999998,-0.029230319999999976,0.14328891,-0.00258216,0.1961098,-0.016238780000000008,0.13868939999999996,-0.050428550000000016,-0.002480659999999968,-0.03844940999999996,0.014795329999999995,0.17054828694122323,0.19334091840526285
0.029436220000000013,-0.2957934849999999,0.038523150000000006,-0.30807525499999994,0.022687950000000012,-0.31948591499999995,0.03016053000000002,-0.3164470549999999,-0.017652679999999976,-0.3429320149999999,-0.002069729999999992,-0.2597364849999999,-0.05169784999999999,-0.26080180499999994,0.011976790000000015,-0.13926191499999996,-0.017990869999999992,-0.1254782149999999,0.06819425000000001,-0.1624407149999999,0.07868238000000005,-0.1553351149999999,0.019044890000000037,-0.008166084999999934,-0.01904488999999998,0.008166085000000045,0.036413570000000006,0.13889468500000013,-0.020742579999999955,0.20821165500000005,0.010199320000000012,0.2842308250000001,-0.03804274999999996,0.3448033850000001,0.014046520000000007,0.12047456999999995,0.05621746,-0.023178799999999944,0.03370698,0.13532359000000005,0.09667325000000004,-0.02985690000000002,0.01736867999999997,0.14706077000000006,-0.026214249999999995,0.14533613999999995,-0.001697689999999974,0.20004557,-0.017300170000000004,0.13659173000000002,-0.04962812,-0.0010653200000000362,-0.03808978000000002,0.01633216999999998,0.16191454860526427,0.19048165713026777
0.02905143999999993,-0.29452845,0.03801156999999994,-0.30702933,0.022022389999999947,-0.3182798,0.029673659999999935,-0.31551512,-0.019171660000000035,-0.34137564,-0.001771970000000067,-0.25953492,-0.05294556000000006,-0.25934686,0.010592749999999929,-0.1429724,-0.018915930000000025,-0.12593759999999998,0.05075086999999995,-0.16826950000000002,0.07833875999999995,-0.1554511,0.01975910999999997,-0.008230900000000041,-0.019759110000000024,0.008230900000000041,0.03504006999999998,0.1383527,-0.021522380000000063,0.20765160000000005,0.011336109999999955,0.2847664,-0.03926275000000007,0.3454505,0.012364719999999996,0.11656252,0.04015812000000002,-0.025297100000000017,0.03402963000000003,0.13340926000000003,0.09725468999999998,-0.029513500000000026,0.01528096000000001,0.14658360000000004,-0.023703960000000024,0.14641369999999998,-0.001763270000000039,0.1994207,-0.017740370000000005,0.13779889999999995,-0.05117358999999999,0.0001880599999999899,-0.03951821999999999,0.016461800000000082,0.16301178692922053,0.1908271186769242
0.029491820000000002,-0.29316589000000004,0.03802327999999999,-0.30583125,0.022067829999999955,-0.31658503000000005,0.029438749999999958,-0.31466693,-0.019143359999999998,-0.33920893,-0.0014852200000000093,-0.25834373,-0.05190142000000003,-0.25826311,0.013808439999999977,-0.13770217000000007,-0.01846175,-0.12421103,0.07167274999999995,-0.15952501000000002,0.07864427999999996,-0.1559197,0.01936926,-0.008292970000000066,-0.01936926,0.008292969999999955,0.035551379999999966,0.13997967,-0.02206524000000004,0.20901696999999997,0.011081110000000005,0.28596727,-0.03990545000000001,0.34672737,0.015293659999999987,0.12064155999999993,0.057864309999999974,-0.021822839999999954,0.03343967000000003,0.13405208000000002,0.09710602999999995,-0.031708669999999994,0.016182119999999967,0.14827264000000007,-0.02447026999999996,0.1459876,-0.0026959800000000422,0.200724,-0.017840209999999967,0.1377104,-0.05041620000000002,8.061999999997571e-05,-0.03873852,0.01658594000000002,0.16002120168509448,0.1912392611674195
0.03028852999999998,-0.29331495999999996,0.03869159,-0.30609601,0.022931529999999978,-0.31666758,0.029912280000000013,-0.31528857,-0.018149300000000035,-0.33945721,-0.001362130000000017,-0.25883933,-0.05105512000000001,-0.25835219,0.015281009999999984,-0.13717007000000003,-0.016996100000000014,-0.12476538999999998,0.07673688000000001,-0.15919972999999998,0.08162783000000001,-0.16008122999999996,0.01912193000000001,-0.00851732999999999,-0.01912193000000001,0.00851732999999999,0.036326389999999986,0.13813257,-0.021707169999999998,0.20874767000000005,0.011013529999999994,0.28457877,-0.03995992000000004,0.34601057,0.01664314,0.12166925999999995,0.061455870000000024,-0.02202965999999995,0.034059019999999995,0.1335868,0.09862393000000003,-0.03531583999999999,0.017204459999999977,0.1466499,-0.025312859999999993,0.14644619999999997,-0.0025852399999999887,0.20023034000000006,-0.01825275000000004,0.13726289999999997,-0.04969298999999999,0.000487139999999997,-0.03824386000000002,0.01703465999999998,0.16132162946506118,0.196407710067938
0.02962419000000005,-0.294350985,0.038263590000000014,-0.30736204500000003,0.022055180000000008,-0.31778073500000004,0.029872530000000008,-0.316746705,-0.018873609999999985,-0.340611425,-0.0014216899999999755,-0.260199065,-0.05068415999999998,-0.259666055,0.015429110000000024,-0.13851430500000006,-0.016648439999999987,-0.12565785500000004,0.07904648000000003,-0.162900775,0.08002271000000005,-0.162492005,0.01896134000000005,-0.008310855000000061,-0.018961339999999993,0.00831085499999995,0.03553591000000006,0.138718295,-0.021809369999999995,0.20728669499999997,0.01092675000000004,0.284787895,-0.03999288999999995,0.344827295,0.0168508,0.12168475999999995,0.06361737,-0.024386469999999938,0.03403571999999999,0.13400819999999997,0.09667115000000004,-0.036834149999999954,0.01657457000000001,0.14702915000000005,-0.02460916000000002,0.14606960000000002,-0.0028480300000000014,0.19897584000000001,-0.018183519999999953,0.1375406,-0.04926247,0.0005330100000000004,-0.03792268000000004,0.016621710000000012,0.16585616483696342,0.1974119022211733
0.029846844999999955,-0.2962010700000001,0.03852652499999998,-0.3097727000000001,0.021696924999999978,-0.3194501600000001,0.030492684999999964,-0.3197934000000001,-0.019582035000000053,-0.3418374000000001,-0.0007928350000000473,-0.2627634600000001,-0.05040457500000001,-0.2609886400000001,0.013258154999999994,-0.14072790000000013,-0.015847625000000032,-0.12852700000000006,0.07584782499999998,-0.1647245000000001,0.08314978499999998,-0.16661920000000008,0.01924397499999997,-0.008522800000000053,-0.019243975000000024,0.008522799999999942,0.03525412499999997,0.13751853999999986,-0.02245287500000004,0.20643029999999984,0.009261124999999981,0.28367114999999987,-0.040719375,0.3431671999999999,0.014050990000000041,0.12203555999999999,0.06258966999999999,-0.02399659999999998,0.034556949999999975,0.13246164000000005,0.09899741000000001,-0.03809220000000002,0.01601015,0.1460413399999999,-0.02599299999999999,0.14615261000000002,-0.0032089000000000145,0.1979074999999999,-0.018266499999999963,0.13673690000000005,-0.04961173999999996,0.0017748200000000103,-0.03848794999999999,0.017045599999999994,0.16614140639140057,0.20287730836872223
0.029777379999999964,-0.28980128,0.03822561999999996,-0.30351987999999996,0.021275939999999938,-0.31277463,0.030239619999999967,-0.31343738,-0.020287900000000025,-0.33447614999999997,-0.0006605800000000217,-0.25629156999999997,-0.04989830000000006,-0.25475791999999997,0.01305973999999993,-0.13264699999999996,-0.015918050000000017,-0.12176467000000002,0.07853185999999995,-0.16187694999999996,0.08064659999999996,-0.16266028,0.01904174999999997,-0.008394499999999971,-0.019041750000000024,0.008394499999999971,0.03515860999999998,0.14180033999999997,-0.021882030000000052,0.20996004000000001,0.009235719999999947,0.288782,-0.04063038000000002,0.3493182,0.013720319999999953,0.12364457000000001,0.06547212000000002,-0.029229950000000005,0.033980250000000045,0.13299324999999995,0.09656464999999997,-0.04089560999999997,0.01611686000000001,0.15019483999999994,-0.025922890000000032,0.14698166000000001,-0.0028402800000000283,0.20156554000000004,-0.01874834999999997,0.13935816,-0.04923772000000004,0.0015336499999999975,-0.03808349999999999,0.016788999999999943,0.164608431271957,0.19798359751901387
0.029189389999999982,-0.2886704,0.03740180999999998,-0.30248417,0.020618860000000017,-0.3115572,0.029246910000000015,-0.31212650000000003,-0.021145540000000018,-0.3326918,-0.0013291999999999748,-0.25392432,-0.04998493999999998,-0.2525264,0.011872190000000005,-0.1294904,-0.015473340000000002,-0.12097950000000002,0.07339023,-0.15907405000000002,0.07834046,-0.16212217,0.01887502000000002,-0.008353500000000014,-0.01887502000000002,0.008353500000000014,0.03523946,0.14065479999999997,-0.021919640000000018,0.20934589999999997,0.009065080000000003,0.288994,-0.04061522000000001,0.3506376,0.01320138999999998,0.12443391999999998,0.061518039999999996,-0.029583650000000017,0.034511599999999976,0.13154689999999997,0.0938138,-0.04114266999999999,0.01636443999999998,0.14900829999999998,-0.026174379999999997,0.1483392,-0.003044619999999998,0.20099239999999996,-0.01869557999999999,0.14129170000000002,-0.04865574,0.001397919999999997,-0.03775004000000004,0.016707000000000027,0.16027661187349387,0.19624679261985228
0.02866223000000001,-0.29036725,0.03661919999999996,-0.30424201000000006,0.01991385000000001,-0.31266578000000006,0.028460439999999976,-0.31462425000000005,-0.02187485,-0.33363532000000007,-0.0008486799999999906,-0.25737607000000007,-0.050870300000000035,-0.25409735000000006,0.010731839999999992,-0.13287925,-0.014513940000000003,-0.12345655,0.0686405,-0.16165975000000005,0.08135587,-0.16980897000000006,0.019551099999999988,-0.00869585000000006,-0.019551099999999988,0.00869584999999995,0.03497119999999998,0.14041104999999998,-0.02349603,0.20991464999999998,0.007518949999999969,0.2874776499999999,-0.041094240000000004,0.34804064999999995,0.011580519999999983,0.12449682000000006,0.05790866,-0.028780500000000042,0.03635636000000003,0.13064080000000006,0.09586981,-0.04635242000000006,0.015420099999999992,0.14910690000000004,-0.02745225000000001,0.14706659999999994,-0.003944930000000013,0.20121880000000003,-0.017598210000000003,0.13812599999999997,-0.050021620000000044,0.0032787200000000127,-0.039102199999999976,0.01739170000000001,0.16064782567955907,0.2050516699707986
0.028868654999999965,-0.28739961499999994,0.03661133499999997,-0.301545615,0.01961233499999998,-0.30948589499999996,0.028639594999999962,-0.311852975,-0.02271272499999999,-0.329658415,0.00016926499999997402,-0.25421167499999997,-0.050604125,-0.25080956499999996,0.01295448499999996,-0.128449115,-0.013203865000000037,-0.12082951499999994,0.07129153499999996,-0.15848031499999998,0.081581815,-0.16835959499999997,0.01985298499999999,-0.008768785000000001,-0.01985298499999999,0.008768785000000001,0.03652413500000001,0.13993205500000006,-0.02188536499999999,0.21039624499999998,0.008064134999999972,0.2882269150000001,-0.04184703500000003,0.35089458500000004,0.012785219999999986,0.12576255999999997,0.05833705,-0.03003119999999998,0.03740025999999996,0.12998005,0.09478568000000004,-0.04753008000000003,0.016671150000000023,0.14870084000000006,-0.02846000000000004,0.14829486000000003,-0.0020323800000000003,0.20162745999999998,-0.019961670000000042,0.14049834000000005,-0.050773389999999974,0.0034021100000000137,-0.03970596999999998,0.017537570000000002,0.1583018213446813,0.20411634342321633
0.02777680499999996,-0.28828185,0.03533968500000001,-0.30267409,0.01802578499999996,-0.31001989,0.027718925000000005,-0.31341073,-0.024209385000000028,-0.3296007,0.0006829449999999904,-0.25591905,-0.05092096500000004,-0.25171641,0.01170296500000001,-0.12867615,-0.01302638500000003,-0.12267351999999998,0.06460812499999996,-0.15230692,0.08455812499999998,-0.17174255,0.020274164999999955,-0.008653950000000021,-0.02027416500000001,0.008653950000000021,0.034808905,0.14212694999999997,-0.022382855000000035,0.20988284999999995,0.008531364999999957,0.28736045,-0.04241958500000004,0.34898655,0.01102002000000002,0.1272429,0.05290515999999995,-0.023630770000000023,0.03789458000000001,0.12904289000000002,0.09758451000000001,-0.049069030000000013,0.014534740000000046,0.1507809,-0.026277540000000044,0.14523350000000002,-0.002108690000000024,0.20122889999999993,-0.020036730000000003,0.13910370000000005,-0.05160391000000003,0.00420263999999998,-0.040548329999999966,0.017307900000000043,0.15033853730531802,0.20864492862011794
0.02782751499999997,-0.2864019700000001,0.03536767499999999,-0.3007001200000001,0.017887094999999964,-0.3078870600000001,0.027980304999999983,-0.3113911000000001,-0.024279015000000015,-0.3270520400000001,0.0018261149999999615,-0.2548231000000001,-0.05113767500000005,-0.2493655500000001,0.00987578499999997,-0.12692612000000014,-0.01296477500000004,-0.12202416000000005,0.053311344999999954,-0.13316016000000008,0.08631498499999996,-0.1712271400000001,0.020841494999999988,-0.00870798000000006,-0.020841495000000043,0.008707979999999949,0.035194794999999945,0.1428685799999999,-0.02188878500000002,0.2084015199999999,0.009014194999999947,0.2886057799999999,-0.042588155000000016,0.35004327999999985,0.008049670000000009,0.12789697999999994,0.043435559999999984,-0.006234039999999941,0.03817290000000001,0.12734139000000005,0.09927976,-0.04920298000000006,0.014353299999999958,0.15157655999999997,-0.0261806,0.1457372,-0.0010472899999999785,0.19969353999999995,-0.020699369999999995,0.14164175999999995,-0.05296379000000001,0.005457549999999978,-0.04168299000000003,0.017415960000000008,0.12861818015263202,0.20942578307220155
0.026746820000000004,-0.2837833,0.03412634999999997,-0.29766236,0.017486200000000007,-0.30552138,0.025981649999999967,-0.30869905000000003,-0.024917560000000005,-0.32600377,-0.0013886000000000176,-0.25396071000000003,-0.05215620000000004,-0.24729613,0.008439140000000012,-0.12921422999999999,-0.013173880000000027,-0.12235383,0.04849464999999997,-0.11967249000000002,0.08552421999999998,-0.16892568000000002,0.02006878000000001,-0.00901527000000002,-0.02006878000000001,0.00901527000000002,0.03587190000000001,0.14233996999999998,-0.02164923000000002,0.20789579999999996,0.01064451999999999,0.28937351,-0.04345365000000001,0.34980480999999997,0.00982774000000003,0.12474648000000005,0.04005550999999996,0.009541739999999965,0.038982320000000015,0.1249423,0.09869810000000001,-0.046571850000000026,0.015803120000000004,0.15135524,-0.02522738000000002,0.14703354000000002,-0.001580450000000011,0.19888052999999994,-0.02180441999999999,0.14190901,-0.050767600000000024,0.006664580000000031,-0.04013756000000002,0.01803054000000004,0.11424994714828231,0.20691269496070683
0.026838795000000026,-0.28426586,0.034185305,-0.29813475999999994,0.017619594999999988,-0.30584914999999996,0.026110065000000016,-0.30909718999999997,-0.02457140499999999,-0.32617099999999993,-0.0007620649999999785,-0.25408122999999994,-0.051803875,-0.24757410999999996,0.009907465000000004,-0.12852357999999997,-0.012047515000000009,-0.12273816999999998,0.05063043500000003,-0.1216317899999999,0.08476282499999999,-0.16936267999999993,0.020171064999999988,-0.009096629999999939,-0.020171064999999988,0.00909663000000005,0.036249115,0.1403091700000001,-0.021719335000000006,0.20805414,0.01008804499999999,0.2882948000000001,-0.04341963500000001,0.35065237000000005,0.010669529999999983,0.12555764999999997,0.040722970000000025,0.006891790000000064,0.03975635999999999,0.12483593999999998,0.09681034,-0.04662450999999995,0.01607805000000001,0.14940580000000003,-0.02616107000000001,0.14798562999999998,-0.0015482700000000182,0.19895750999999995,-0.021700300000000006,0.14259823000000005,-0.05104181000000002,0.006507119999999977,-0.040342129999999976,0.01819325999999999,0.11658445632682984,0.20702378268258984
0.028960319999999984,-0.289481525,0.03739799999999999,-0.304313465,0.01945686000000002,-0.311655725,0.030626319999999985,-0.313381385,-0.02339005999999999,-0.330949645,0.0020044000000000173,-0.255334145,-0.04813965999999997,-0.24996912500000001,0.016128419999999977,-0.135042255,-0.011626369999999997,-0.12669312499999996,0.05002334000000003,-0.12578476500000002,0.08825886,-0.174040025,0.020010899999999998,-0.007916024999999993,-0.020010899999999998,0.007916024999999993,0.03984797000000001,0.13910457499999995,-0.020644849999999992,0.19435617500000002,0.01457681999999999,0.289285115,-0.03992733999999998,0.33375411499999996,0.01412401999999996,0.12029189000000001,0.03389492000000005,0.00925748999999998,0.036513289999999976,0.12327600000000005,0.09988522999999999,-0.047346900000000025,0.019837070000000012,0.14702059999999995,-0.02527115000000002,0.15018054000000003,-0.0006339499999999942,0.18644015000000003,-0.019282489999999985,0.13939793999999994,-0.05014405999999999,0.005365019999999998,-0.040021799999999996,0.015832049999999986,0.12162971028470473,0.21173177622185124
0.027750295000000036,-0.2826391999999999,0.035915715000000015,-0.29552789999999995,0.019092215000000023,-0.30516387999999994,0.027595795000000034,-0.30484460999999996,-0.022915464999999968,-0.3256427499999999,-0.00044936499999997936,-0.25079007999999997,-0.051735425,-0.24451574999999998,0.01148957500000003,-0.13287744999999995,-0.01209001500000001,-0.1233314499999999,0.048949995000000024,-0.11417319999999997,0.08567963500000003,-0.16845246999999997,0.01999036500000001,-0.009172650000000004,-0.01999036500000001,0.009172650000000004,0.03510313500000001,0.13885755,-0.021172864999999985,0.2080152500000001,0.0070776350000000265,0.27989600000000003,-0.04622264500000001,0.3479937500000001,0.011938940000000009,0.11791263000000002,0.037460419999999994,0.018704249999999978,0.03964540999999999,0.12118430000000008,0.09776965000000004,-0.04512102000000007,0.015112769999999998,0.1480302,-0.02802549999999998,0.14103845000000004,-0.0011824999999999752,0.1988426000000001,-0.02504978000000002,0.1399785,-0.05128606000000002,0.006274329999999995,-0.03998073000000002,0.01834530000000001,0.10892096065514385,0.2066805074384481
0.029103244999999944,-0.29037299999999994,0.03788697499999999,-0.30560705999999993,0.019716074999999944,-0.31296889999999994,0.031117824999999988,-0.31589091999999996,-0.02351267500000004,-0.33370891999999996,0.0011457449999999758,-0.25936719999999996,-0.04854882500000002,-0.25237984999999996,0.01600676499999998,-0.13890289999999994,-0.009058545000000029,-0.12961709999999993,0.05356630499999998,-0.1314014,0.094681825,-0.18053709999999995,0.019943974999999947,-0.008843699999999899,-0.019943975000000003,0.00884370000000001,0.04059028499999995,0.13470690000000007,-0.021131615000000048,0.1970501,0.014219024999999996,0.2833335,-0.039620705000000034,0.3330677000000001,0.014861020000000003,0.12046430000000002,0.03755954,0.007501499999999939,0.03949027999999999,0.12276275000000003,0.10374037000000003,-0.05092000000000002,0.02064631,0.14355059999999997,-0.026371259999999952,0.14862659999999994,-0.0011876400000000453,0.1882064,-0.018489089999999986,0.13601760000000007,-0.049694569999999993,0.006987350000000003,-0.03988794999999995,0.01768739999999991,0.12708599806398393,0.22136883573412042
0.0277636,-0.28775545500000005,0.035371560000000024,-0.302032695,0.018569900000000028,-0.309407095,0.027032840000000002,-0.313930865,-0.02418282999999999,-0.33046033500000005,-0.0024439199999999883,-0.26039725500000005,-0.05101752999999998,-0.251770225,0.010955300000000001,-0.137732595,-0.006552100000000005,-0.12912719500000003,0.06417426000000004,-0.14349225500000007,0.09647425000000004,-0.18174239500000006,0.01954929999999999,-0.010217455000000042,-0.01954929999999999,0.010217454999999931,0.036608200000000035,0.135956305,-0.021122139999999956,0.212339555,0.00878905000000002,0.28036880499999994,-0.04404792999999996,0.346442605,0.01339921999999999,0.12266466000000004,0.05321896000000004,-0.005759660000000055,0.04446542999999997,0.12264302999999999,0.10302635000000004,-0.05261520000000003,0.017058900000000043,0.14617376000000004,-0.027819150000000015,0.14441249999999994,-0.0015728399999999643,0.20212210000000008,-0.02292579,0.13410305,-0.04857360999999999,0.008627030000000036,-0.03909859999999998,0.020434909999999973,0.1405473563253383,0.22429901508170963
0.030093935000000016,-0.290049495,0.03854867500000003,-0.305216585,0.02067835499999998,-0.312860625,0.03112569500000001,-0.31502742499999997,-0.022864284999999984,-0.333281755,0.0006894550000000055,-0.257520145,-0.04719494499999999,-0.252579875,0.01855539500000003,-0.13816782500000002,-0.0059137949999999995,-0.13137242500000001,0.06277965499999999,-0.14076337500000002,0.099332755,-0.18044010500000002,0.019319415000000006,-0.008475624999999987,-0.019319415000000006,0.008475624999999987,0.040439275,0.13462297499999998,-0.019835924999999976,0.196621025,0.014622385000000016,0.28312262499999996,-0.03945786499999998,0.333118775,0.017865940000000025,0.11935231999999996,0.04422425999999996,-0.002595550000000002,0.04128114999999999,0.12120745,0.10524655,-0.04906768,0.02111985999999999,0.14309859999999996,-0.02581688999999998,0.14849964999999998,-0.00051650999999997,0.18814540000000002,-0.019621940000000004,0.13649774999999997,-0.047884399999999994,0.004940269999999969,-0.03863883000000001,0.016951249999999973,0.13924381947117118,0.22308628484768353
0.029363485000000022,-0.29150360500000005,0.037652375000000016,-0.30627423500000006,0.02029067499999998,-0.31401261500000005,0.030220954999999994,-0.31575463500000006,-0.022462884999999988,-0.33441531500000005,0.0008727150000000239,-0.2571485050000001,-0.047268284999999965,-0.25458559500000005,0.019823515000000014,-0.1356474350000001,-0.006346254999999967,-0.1330361350000001,0.065503865,-0.14482256500000001,0.09851134500000003,-0.18031973500000004,0.019319984999999984,-0.007981565000000024,-0.019319984999999984,0.007981564999999913,0.038846135000000004,0.13563676499999988,-0.020804845000000016,0.19714946499999997,0.012879075000000018,0.28334942499999993,-0.039307784999999984,0.33288076499999997,0.01895079999999999,0.12150106999999999,0.04568034999999998,-0.00917512999999992,0.04092203,0.12154945999999994,0.1048576,-0.047283599999999926,0.01952615000000002,0.1436183299999999,-0.025967059999999986,0.14771266000000005,-0.0014848600000000323,0.18916790000000006,-0.018502939999999968,0.1357313,-0.04814099999999999,0.0025629100000000293,-0.03863996999999997,0.015963129999999937,0.144424409477257,0.22212969614902658
0.029557929999999955,-0.29176835500000003,0.03797851999999996,-0.306373815,0.020677489999999965,-0.314593785,0.03029571999999997,-0.316007865,-0.022224030000000006,-0.335737655,-7.035000000005232e-05,-0.258266255,-0.04742843000000002,-0.255882125,0.019940449999999943,-0.137919825,-0.005704300000000051,-0.13370458500000004,0.07021753999999997,-0.14926431500000004,0.10020668999999999,-0.18140051499999998,0.019077909999999976,-0.008027415000000038,-0.01907791000000003,0.008027415000000038,0.039736229999999984,0.13545791500000004,-0.02062286000000002,0.196985815,0.012955389999999956,0.28418431499999997,-0.03952230000000001,0.33389121499999996,0.020010799999999995,0.12034643,0.050277090000000024,-0.01134449000000004,0.04172412999999997,0.12217753999999997,0.10591099000000004,-0.04769592999999994,0.020658320000000008,0.14348533000000008,-0.026780840000000028,0.14872639999999993,-0.0015449499999999894,0.18895839999999997,-0.01889943999999999,0.13690539999999995,-0.04735807999999997,0.0023841299999999843,-0.03815582000000001,0.016054830000000075,0.1502102648894106,0.2238565533131539
0.029961324999999983,-0.2914960499999999,0.038066604999999976,-0.3060075499999999,0.021043464999999983,-0.3143001299999999,0.029782664999999986,-0.3157467699999999,-0.022384665000000026,-0.3354110899999999,-0.0005427550000000059,-0.2583223499999999,-0.047473335000000005,-0.25590182999999994,0.020825725000000017,-0.14034994999999995,-0.0049836850000000155,-0.13430769999999992,0.07361782500000003,-0.1570634999999999,0.099214205,-0.1809261499999999,0.01891156500000002,-0.00799704999999995,-0.01891156500000002,0.007997050000000061,0.03965253499999999,0.13533335000000013,-0.020535585000000023,0.19662095000000013,0.01228246500000002,0.2835435100000001,-0.03884821500000002,0.33264641000000006,0.021368480000000023,0.11797239999999998,0.05279210000000001,-0.016713549999999966,0.04248964999999999,0.12159413000000002,0.10419789000000002,-0.04661844999999998,0.02074096999999997,0.14333040000000008,-0.02737006999999997,0.14821015999999998,-0.0016240200000000038,0.18862390000000007,-0.018312629999999996,0.13602545999999993,-0.04693058,0.0024205199999999816,-0.03782313000000004,0.01599410000000001,0.15878785028707357,0.22281308991244858
0.029448130000000017,-0.29196300999999997,0.03805559000000003,-0.3064209,0.02063961000000003,-0.31490388999999996,0.03028745999999999,-0.31615826999999996,-0.022293249999999987,-0.3364138,-0.0005379199999999695,-0.25943046999999997,-0.047256169999999986,-0.25631315,0.017626630000000032,-0.14053625000000003,-0.004368499999999997,-0.13483462000000002,0.06531484999999998,-0.14268375,0.10151880000000002,-0.18188932999999996,0.018859100000000018,-0.007863909999999974,-0.018859100000000018,0.007863909999999974,0.03768478000000003,0.1387507,-0.021280420000000022,0.19677438999999997,0.011652329999999989,0.28499052,-0.03852822,0.33194575000000004,0.01816455,0.11889421999999994,0.04768821999999995,-0.002147499999999969,0.04288766999999999,0.12147852999999997,0.10588730000000002,-0.047054709999999944,0.01882568000000001,0.14661460999999998,-0.02603245000000004,0.14623982000000002,-0.0024213200000000046,0.18891048,-0.01724779999999998,0.13517136000000007,-0.04671825000000002,0.003117319999999979,-0.037718200000000035,0.015727819999999948,0.14259917940047237,0.224715666785624
0.028977870000000017,-0.292539955,0.037579360000000006,-0.307187955,0.019842309999999974,-0.315310755,0.03007957,-0.317213295,-0.023234069999999996,-0.336535605,-0.0004124600000000034,-0.260102005,-0.04756716,-0.256446595,0.016964809999999997,-0.141229355,-0.004952190000000023,-0.13454362500000006,0.06342518000000003,-0.14470525499999998,0.09972935999999999,-0.181217395,0.01903543000000002,-0.007826895,-0.01903543000000002,0.007826895,0.037698180000000026,0.13828404500000002,-0.021379020000000026,0.195288845,0.010384910000000025,0.28428194500000004,-0.03910238999999999,0.32887384499999994,0.01737727,0.11887265000000002,0.04646037000000003,-0.0034758999999999762,0.042614969999999974,0.12190296999999994,0.10468155000000001,-0.04667376999999995,0.018662750000000006,0.14611094000000002,-0.02731327,0.1459979,-0.0023435900000000065,0.18746195,-0.01772336999999996,0.13358499999999995,-0.047154699999999994,0.0036554100000000256,-0.03807086000000004,0.01565379,0.14389626590482496,0.22325505352701022
0.030325219999999986,-0.29431212,0.038850319999999994,-0.30925578,0.020911699999999978,-0.3173059,0.031159150000000024,-0.31840693999999997,-0.022274799999999984,-0.33740067,0.00018055999999999628,-0.25943341999999997,-0.04625307000000001,-0.25711506,0.020991499999999996,-0.1429743,-0.005682399999999976,-0.1349397,0.07904817000000003,-0.16422006,0.10087005999999998,-0.18087779999999998,0.018589840000000024,-0.007656200000000002,-0.018589840000000024,0.007656200000000002,0.03749980000000003,0.13986975000000001,-0.020064250000000006,0.19728590000000001,0.011606999999999978,0.28780990000000006,-0.03926246,0.33355206000000004,0.02081094,0.11645911999999997,0.05805667000000003,-0.021245760000000002,0.04057067000000003,0.12217536000000001,0.10655245999999996,-0.04593809999999998,0.018909960000000003,0.14752595000000002,-0.02589280000000005,0.14794015000000005,-0.0014744099999999816,0.1896297,-0.019198209999999993,0.13626616000000003,-0.046433630000000004,0.0023183599999999638,-0.03717968000000005,0.015312400000000004,0.16783161777355451,0.2231943925460718
0.03063748999999999,-0.29529897499999996,0.038984839999999965,-0.30975617499999997,0.021552059999999984,-0.318214825,0.030883989999999972,-0.31822617499999994,-0.02130981000000004,-0.338118455,0.00024574999999998903,-0.25898077499999994,-0.04628931000000003,-0.257717975,0.022427139999999957,-0.14296691499999992,-0.005816509999999997,-0.13451047500000002,0.08225306999999998,-0.166565945,0.10071071999999998,-0.18011244499999995,0.01857116999999997,-0.007382324999999912,-0.018571170000000026,0.007382325000000023,0.037821859999999985,0.14095647500000008,-0.019875370000000003,0.19670809500000008,0.01230823999999997,0.288481125,-0.03829199,0.333922995,0.022181389999999968,0.11601386000000002,0.05982593000000003,-0.023599030000000076,0.04047280000000003,0.12320749999999997,0.10652722999999997,-0.045601969999999936,0.019250690000000015,0.1483388,-0.025513620000000015,0.14752464999999992,-0.0013041999999999776,0.18932577000000006,-0.018416619999999995,0.13721489999999992,-0.04653506000000002,0.0012627999999999528,-0.037142339999999996,0.014764649999999935,0.17144914483284665,0.2222216417438342
0.031811179999999994,-0.29618256000000004,0.039003460000000045,-0.31014587000000005,0.02303055000000004,-0.3185549000000001,0.029179540000000004,-0.31812258000000004,-0.02033322999999998,-0.3375444000000001,-0.0006075799999999965,-0.25869640000000005,-0.046305949999999985,-0.2569926800000001,0.027172330000000022,-0.14631320000000003,-0.0064920499999999715,-0.1334481700000001,0.09381008000000002,-0.17903160000000007,0.09934792000000003,-0.1791680300000001,0.01807776,-0.007493000000000083,-0.01807776,0.007492999999999972,0.0370374,0.1415737399999999,-0.019455520000000004,0.19749254999999988,0.012600180000000016,0.28953684999999996,-0.03792827999999998,0.3347887999999999,0.02777991000000002,0.11238320000000002,0.06663775,-0.032718400000000036,0.03981390000000001,0.12354451,0.10583997,-0.04571986,0.01895964,0.14906673999999998,-0.02443721999999998,0.14796311000000006,-0.0013777600000000056,0.1899995499999999,-0.018472759999999977,0.13729625,-0.04569836999999999,0.0017037199999999642,-0.03615552,0.014986000000000055,0.1875123344810746,0.2205246708287382
0.03118521000000002,-0.2961637150000001,0.03898031000000002,-0.3106873650000001,0.021900360000000008,-0.3186146050000001,0.030375580000000013,-0.3183557150000001,-0.02101873999999998,-0.3367638650000001,0.00045528000000000235,-0.2579166650000001,-0.04543083999999997,-0.2555555350000001,0.024796380000000007,-0.14380903500000008,-0.0060718599999999845,-0.13219003500000004,0.08777243000000001,-0.1728751650000001,0.09956935,-0.17801753500000006,0.01824766,-0.007569165000000044,-0.01824766,0.007569164999999933,0.037147910000000006,0.14219216499999987,-0.019136159999999958,0.19868776499999996,0.013045550000000017,0.29049512499999997,-0.03843740000000001,0.33716651499999994,0.024341100000000004,0.11410763000000002,0.06297605,-0.029066130000000023,0.03935897999999999,0.12336550000000007,0.10564120999999999,-0.04582750000000002,0.018900250000000007,0.14976132999999991,-0.02410235999999999,0.1483029600000001,-0.0008884999999999588,0.19111860000000003,-0.019301240000000053,0.13847874999999998,-0.045886119999999975,0.002361129999999989,-0.03649532,0.015138329999999978,0.17933144531719172,0.21982554688259073
0.03229926500000002,-0.29471367000000004,0.039599435000000016,-0.30950920000000004,0.022787885000000008,-0.31702774000000006,0.03033952499999998,-0.31764596000000006,-0.021083644999999984,-0.3349017000000001,0.0001502749999999775,-0.25703268000000007,-0.045244265000000006,-0.25339960000000006,0.024127975000000024,-0.14237925000000007,-0.006003574999999983,-0.13014060000000005,0.08594424499999997,-0.17076477000000007,0.098128155,-0.17667147000000005,0.01812003499999998,-0.007877300000000087,-0.01812003499999998,0.007877299999999976,0.03788636499999998,0.14140586,-0.018912755000000003,0.19926986999999996,0.012927305,0.29142974,-0.03893907499999999,0.3376273999999999,0.023977700000000046,0.11465343,0.06181626999999995,-0.028385519999999997,0.03924069000000002,0.12325900000000001,0.10413172999999998,-0.04653087,0.01976633,0.14928316000000008,-0.024959059999999977,0.15002388,-0.0007927200000000245,0.19139256999999998,-0.020026319999999986,0.13835752999999995,-0.04539453999999998,0.0036330800000000107,-0.03624006999999996,0.015754600000000063,0.17644390424473438,0.21810981222033318
0.03308082499999998,-0.296932345,0.040139095000000014,-0.31202027499999996,0.02331189499999997,-0.31931989499999996,0.030413935000000003,-0.32016617499999994,-0.021393225000000016,-0.336718235,5.54150000000031e-05,-0.25880399499999995,-0.045383805,-0.25447505499999995,0.024985394999999966,-0.14369119499999994,-0.006411305000000034,-0.13088545499999993,0.088644275,-0.17456209499999997,0.09666476499999999,-0.17710697499999994,0.018095744999999996,-0.008175935000000023,-0.018095744999999996,0.008175935000000023,0.037363725000000014,0.14047680500000004,-0.019232945,0.20070174500000004,0.013672874999999973,0.2889986050000001,-0.03859584500000002,0.33681040500000003,0.024929979999999963,0.11511280000000002,0.06365888000000003,-0.030870900000000034,0.038972499999999966,0.12358960000000002,0.10307607000000002,-0.046221520000000016,0.019267980000000018,0.14865274000000006,-0.02369085000000004,0.14852180000000004,-0.0011372000000000049,0.19252581000000002,-0.019362900000000016,0.13610866,-0.04543922,0.004328940000000003,-0.03619148999999999,0.016351870000000046,0.18072478890486074,0.21794433095065396
0.03230784500000006,-0.29716028,0.039593285000000034,-0.3119366,0.02256385500000002,-0.31919424,0.030564585000000033,-0.31955908,-0.02151148499999994,-0.33613790000000004,0.0011249550000000386,-0.25805880000000003,-0.04576321499999997,-0.25385929,0.020994935000000048,-0.13909526000000005,-0.00640608499999995,-0.12979216000000005,0.07237541500000005,-0.15610182,0.09687654500000004,-0.17660616,0.018821485000000027,-0.007928080000000004,-0.01882148499999997,0.007928080000000004,0.03783039500000002,0.14173327999999996,-0.019226984999999974,0.19945448,0.01345384500000002,0.29017644,-0.03873688499999994,0.33672747999999997,0.01986998000000001,0.11896353999999998,0.051380480000000006,-0.01700655999999995,0.03935713000000002,0.12406712999999997,0.10328262999999999,-0.04681399999999997,0.01900890999999999,0.14966135999999997,-0.024376549999999997,0.14844316000000002,-0.0004055000000000031,0.19152639999999999,-0.01950989999999997,0.13727299999999998,-0.04688817000000001,0.004199510000000017,-0.03764297,0.015856160000000008,0.1575546909616864,0.21780477469114057
0.03319902999999996,-0.3007415399999999,0.040807729999999987,-0.3157350299999999,0.02303200999999999,-0.3225767499999999,0.03241636999999997,-0.32254989999999994,-0.02097697000000004,-0.33816964999999993,0.0030100899999999653,-0.2599010299999999,-0.045017390000000046,-0.25513575999999993,0.018857179999999973,-0.13856619999999997,-0.006566110000000014,-0.13131393999999996,0.06405157,-0.14827234999999994,0.09726372999999999,-0.17909071999999993,0.01937717,-0.007949499999999943,-0.01937717,0.007949500000000054,0.03759277,0.1403618000000001,-0.01936597000000001,0.19787113000000012,0.014092259999999968,0.2897020400000001,-0.03912817000000002,0.33661170000000007,0.015847090000000008,0.12133482999999995,0.04519439000000003,-0.009706149999999969,0.03845128000000003,0.12382181999999997,0.10382984,-0.04777677999999996,0.0182156,0.14831130000000003,-0.02350051000000003,0.14934024,1.1199999999988997e-05,0.18992163000000006,-0.019762200000000008,0.13874056999999995,-0.04802748000000001,0.004765269999999988,-0.03875434,0.015898999999999996,0.14726270487629411,0.22042945232082395
0.03369324000000001,-0.29999887499999994,0.04106308000000003,-0.31481826499999993,0.023529000000000022,-0.32158097499999994,0.03237562000000005,-0.32109236499999994,-0.020772829999999964,-0.33645892499999996,0.0033155200000000162,-0.258304795,-0.04522229999999994,-0.252877025,0.018055540000000037,-0.13710165499999993,-0.006451829999999936,-0.12982969499999997,0.05736420000000003,-0.13909789499999992,0.09800880000000006,-0.17674779499999993,0.01956703000000004,-0.008061344999999998,-0.019567029999999985,0.008061344999999998,0.037592750000000064,0.14186674500000007,-0.018433399999999933,0.199164805,0.013882680000000036,0.29230236500000006,-0.03854609999999997,0.3389189050000001,0.01474002000000002,0.12120314000000004,0.039308659999999995,-0.0019962399999999825,0.03877047,0.12304733000000001,0.10446063,-0.04691809999999996,0.018025720000000023,0.14992809000000007,-0.023710070000000028,0.15043562,0.001133630000000052,0.19110346,-0.02011270000000004,0.1397541000000001,-0.048537819999999954,0.005427769999999998,-0.039134060000000026,0.016122689999999995,0.13637889681292842,0.21903993706109506
0.03392496500000003,-0.30074316999999995,0.04107755500000004,-0.31520647999999996,0.023989974999999997,-0.32225505,0.03187772500000002,-0.32121362,-0.02051195499999997,-0.33716756999999997,0.0027908050000000073,-0.25854975999999996,-0.045780774999999996,-0.25296685999999996,0.017037035000000034,-0.13792295,-0.0069225149999999624,-0.12985422000000002,0.05417323500000004,-0.13566131999999997,0.09705740500000004,-0.17770571999999996,0.019539145000000036,-0.00804262,-0.01953914499999998,0.00804262,0.037723065,0.14202004000000001,-0.01827573499999996,0.19797128000000008,0.013294705000000018,0.29281118000000006,-0.03779494499999997,0.33864168000000006,0.014246230000000026,0.12062680999999997,0.03713620000000001,0.0022616300000000145,0.03885826000000003,0.12311263999999994,0.10397992,-0.047851499999999936,0.018183919999999965,0.15006266000000001,-0.024428359999999982,0.15079114000000005,0.0012634100000000204,0.18992866000000008,-0.01951921000000001,0.14067039999999997,-0.04857158,0.005582900000000002,-0.039078290000000016,0.01608524,0.13223483950842188,0.2193107413800293
0.03434504500000002,-0.29997242,0.041551965000000024,-0.31463377000000003,0.02430939500000001,-0.32146893000000004,0.032474475,-0.32064600000000004,-0.020137404999999997,-0.33613003,0.002895815000000024,-0.25777140000000004,-0.04495595499999999,-0.25182367000000005,0.017053735000000014,-0.13767297,-0.006644305000000017,-0.1291555000000001,0.05566589500000002,-0.1372308,0.09729259499999998,-0.1768772,0.019271835000000015,-0.008199999999999985,-0.019271835000000015,0.008199999999999985,0.038201945000000015,0.14207099999999995,-0.017302974999999998,0.19925289999999996,0.013776614999999992,0.29287533999999993,-0.037553685,0.33972554999999993,0.01415791999999999,0.12009843000000003,0.038612160000000006,0.0004421700000000195,0.038311649999999975,0.12266816999999997,0.1039369,-0.04772169999999992,0.01893011,0.15027099999999993,-0.024425330000000023,0.15080433999999998,0.0019688600000000167,0.19105289999999997,-0.020250710000000005,0.14047264999999998,-0.047851770000000016,0.005947729999999984,-0.03854367000000003,0.01639999999999997,0.13406518918766197,0.218725481599801
0.034100165000000016,-0.30000635,0.04146533499999999,-0.31440075,0.024227965000000018,-0.32138743,0.032568655,-0.32034759999999995,-0.02013657499999999,-0.33631497,0.0032983850000000148,-0.25863292,-0.04574118500000002,-0.25241177,0.016794525000000005,-0.13909715,-0.0075334450000000275,-0.13029473000000003,0.053418204999999996,-0.13287037000000002,0.09669466500000001,-0.17765349999999996,0.019705315,-0.008313999999999933,-0.019705315,0.008314000000000044,0.038272185000000014,0.14239710000000005,-0.017964915000000026,0.1999225,0.014562114999999987,0.29229950000000005,-0.03725461499999999,0.3401932,0.01349613999999999,0.11953576999999999,0.03662367999999999,0.006226779999999987,0.03820773999999999,0.12211703999999995,0.10422811000000004,-0.04735876999999994,0.018566870000000013,0.1507111,-0.023710070000000028,0.1499024,0.0017403999999999753,0.19160849999999996,-0.019289699999999965,0.14027069999999997,-0.04903957000000003,0.006221150000000009,-0.03941063,0.016627999999999976,0.1290381659034606,0.21939203814234098
0.03324961999999998,-0.3061928200000001,0.03977369999999997,-0.32021504000000006,0.023838159999999997,-0.3278098400000001,0.02936061999999995,-0.32585346000000004,-0.021017440000000054,-0.34302517000000005,0.0002479599999999915,-0.2616652200000001,-0.046432240000000014,-0.25838777000000007,0.018720779999999992,-0.1408530200000001,-0.007907640000000049,-0.13518395000000005,0.06370795999999995,-0.14948882000000008,0.09434995999999995,-0.18315972000000008,0.018775159999999957,-0.007629480000000077,-0.018775160000000013,0.007629479999999966,0.03532832999999996,0.1418310799999999,-0.01981041,0.19693187999999995,0.012757459999999998,0.28822877999999996,-0.03883621000000004,0.3329709799999999,0.01847282,0.12081219999999998,0.04498717999999996,-0.008635799999999971,0.038524599999999964,0.12320382000000002,0.1022576,-0.04797577000000003,0.016553170000000006,0.14946055999999996,-0.022570869999999965,0.14639770000000007,-0.0010352499999999876,0.18930239999999998,-0.019025800000000037,0.13603909999999997,-0.046680200000000005,0.003277450000000015,-0.03755031999999997,0.015258960000000044,0.1488053388191284,0.2218057970650326
0.03315606500000001,-0.30620559,0.03973137500000001,-0.32017093,0.023924255000000005,-0.32812883000000004,0.029084145000000006,-0.32674058,-0.021045784999999984,-0.34472935000000005,-0.000544044999999993,-0.26364803000000003,-0.04692554499999996,-0.26094483,0.019622585000000026,-0.14286809,-0.008052654999999964,-0.13581613000000003,0.06881881500000003,-0.15828549000000003,0.09420571500000002,-0.18378158,0.01861691500000001,-0.007583030000000046,-0.018616914999999956,0.007583029999999935,0.03563049500000004,0.14183181999999994,-0.019625384999999995,0.19690427,0.012538045000000053,0.28779692,-0.03775921499999996,0.33176867,0.02016663000000002,0.12077994000000003,0.04919623000000001,-0.015417400000000026,0.03887288999999999,0.12512869999999998,0.10225836999999999,-0.047965449999999965,0.017013580000000028,0.14941485,-0.023092449999999987,0.14596510000000007,-0.001008470000000039,0.18932124000000006,-0.018133829999999962,0.1348644,-0.046381499999999964,0.0027032000000000167,-0.03723382999999997,0.015166059999999981,0.15884414441099678,0.22214715798445175
0.031741960000000013,-0.3052520800000001,0.03812832999999999,-0.31891236000000006,0.022902959999999972,-0.32691184000000006,0.02740796000000001,-0.32634592000000007,-0.02144210000000002,-0.34455699000000006,-0.0016388199999999853,-0.26478582000000006,-0.04775600000000002,-0.26173309000000006,0.01974967999999999,-0.14553282000000012,-0.008195679999999983,-0.13753352000000008,0.06723851999999997,-0.15746972000000004,0.09615523999999998,-0.18605495000000005,0.018552259999999987,-0.007619820000000055,-0.018552259999999987,0.007619819999999944,0.03559110999999998,0.14135523999999988,-0.020116579999999995,0.19580032999999997,0.012182760000000015,0.2876479799999999,-0.038307270000000004,0.3304520799999999,0.021388499999999977,0.11925299999999994,0.04748883999999998,-0.011936899999999917,0.03956032000000004,0.12419956999999998,0.10435091999999996,-0.048521429999999977,0.017038849999999994,0.14897505999999994,-0.023408349999999967,0.14629274000000003,-0.001564320000000008,0.18818051000000002,-0.01819069000000001,0.13465174999999996,-0.046117180000000035,0.0030527300000000035,-0.037104519999999974,0.015239639999999999,0.157560605618275,0.22509492906505665
0.032211390000000006,-0.30266389999999993,0.03856278999999996,-0.31629215999999993,0.023502439999999958,-0.3243180399999999,0.02779398999999999,-0.32430277999999996,-0.02069291000000001,-0.34266622999999996,-0.0012651700000000377,-0.2636373799999999,-0.047086359999999994,-0.26104332999999996,0.023585469999999997,-0.14538089999999992,-0.006208060000000015,-0.13641075999999996,0.07991656999999996,-0.16628395999999995,0.09676226999999998,-0.18339644999999993,0.01839363999999999,-0.007753299999999963,-0.018393640000000044,0.007753300000000074,0.03769123999999996,0.13873626000000006,-0.019397410000000004,0.1959307,0.012231589999999959,0.2859656300000001,-0.03775215000000004,0.3313163600000001,0.024850640000000035,0.11825648,0.05633109999999997,-0.02090306000000003,0.04087829999999998,0.12463257,0.10297033,-0.04698568999999997,0.01929759999999997,0.14648956000000002,-0.02545965,0.14722937000000003,-0.0010037699999999594,0.18817739999999994,-0.018354740000000036,0.13538566000000007,-0.045821189999999956,0.002594049999999959,-0.03678728000000003,0.015506600000000037,0.17005011342489745,0.22315714313682772
0.03206178500000001,-0.30163532,0.03791144499999999,-0.31508614999999995,0.023531984999999978,-0.32329191999999995,0.02634736500000001,-0.32331518,-0.020798015000000003,-0.34197318,-0.00248221500000001,-0.26283137999999995,-0.047365345,-0.26116933999999997,0.024373115,-0.14529048,-0.007286375000000012,-0.13661402,0.08367998499999996,-0.1699559,0.097271055,-0.18484805999999998,0.01793253499999997,-0.007427579999999989,-0.017932535000000027,0.007427579999999989,0.03593235499999997,0.14319307000000003,-0.01935735500000002,0.19746232000000008,0.012621135000000006,0.28809548000000007,-0.03709343500000001,0.33069796000000007,0.02685533000000001,0.11754089999999995,0.059306869999999956,-0.024665419999999993,0.04007896999999999,0.12455531999999997,0.10455743,-0.04823403999999998,0.01799982,0.15062065000000002,-0.023311219999999966,0.14490241000000004,-0.0014248199999999933,0.1900347400000001,-0.017736079999999987,0.13323564,-0.04488312999999999,0.0016620399999999758,-0.03586507,0.014855159999999978,0.17532307886734394,0.22414680208804605
0.02923113500000002,-0.29787764999999994,0.03404951500000003,-0.3105370799999999,0.020900585000000027,-0.3190963999999999,0.02126384500000006,-0.3207199699999999,-0.023288954999999945,-0.3390382999999999,-0.005578334999999934,-0.2632516999999999,-0.05206676499999996,-0.2610053999999999,0.022075305000000045,-0.14371979999999995,-0.007925504999999944,-0.1353491699999999,0.09757531500000005,-0.17965642999999992,0.09454221500000004,-0.18461719999999993,0.01824556500000002,-0.008525999999999923,-0.018245564999999964,0.008526000000000034,0.03120253500000003,0.1429796000000001,-0.021343134999999958,0.21016880000000004,0.007238245000000032,0.2840920000000001,-0.04050459499999998,0.34313550000000004,0.02765363999999998,0.11953189999999997,0.07550001,-0.03593662999999997,0.044141260000000015,0.12565622999999998,0.10246771999999998,-0.04926803000000002,0.012956970000000012,0.15150560000000002,-0.02396429,0.14111240000000003,-0.003097569999999994,0.2016428,-0.01916146000000002,0.1329667,-0.046488430000000025,0.0022463000000000344,-0.03649112999999998,0.017051999999999956,0.18862352267691165,0.22366353977250827
0.028685379999999983,-0.29431969999999996,0.03381807999999997,-0.30655913,0.020639979999999947,-0.3157153,0.02121027999999997,-0.31630547999999997,-0.023062940000000032,-0.33594056,-0.006064890000000045,-0.26072999999999996,-0.052512590000000026,-0.25776299999999996,0.021073699999999973,-0.14496226999999995,-0.008668090000000017,-0.13330575,0.09432331,-0.17356444999999998,0.09493565999999998,-0.18439934999999996,0.018158699999999972,-0.008573599999999959,-0.018158700000000028,0.008573599999999959,0.031128559999999972,0.14409223999999998,-0.020992340000000054,0.20973514000000004,0.006491379999999991,0.28458150000000004,-0.04093334000000004,0.34533290000000005,0.027138590000000018,0.11576773000000001,0.07324961000000002,-0.028602180000000033,0.04384450000000001,0.12445724999999996,0.10360375,-0.05109359999999996,0.01296986,0.15266583999999994,-0.02463717999999998,0.14048926000000006,-0.002833640000000026,0.20116154000000008,-0.019940999999999987,0.13559776,-0.04644769999999998,0.0029669999999999974,-0.0363174,0.017147199999999918,0.181722393777362,0.22367139668610306
0.02849535999999997,-0.29611532999999995,0.03384413999999997,-0.30816465,0.020773339999999973,-0.31764274,0.021354579999999956,-0.31769555,-0.02246098000000002,-0.33835523999999995,-0.006484980000000029,-0.2617614,-0.05232284000000004,-0.26053306,0.021695459999999944,-0.14575629999999995,-0.009624640000000018,-0.13652105999999997,0.09654213999999994,-0.17590443999999994,0.09325637999999997,-0.18595786999999997,0.017884279999999975,-0.008174099999999962,-0.01788428000000003,0.008174100000000073,0.030697399999999986,0.14180145,-0.021080140000000025,0.20594990000000002,0.007476469999999957,0.2835887,-0.040685510000000036,0.34201346,0.028180439999999973,0.11600510000000003,0.07484668,-0.03014813999999999,0.04269820000000002,0.12401200000000001,0.10288101999999999,-0.04943681,0.012813120000000011,0.14997554999999996,-0.02322093000000003,0.14178725000000003,-0.003195859999999995,0.19777579999999995,-0.01960537000000001,0.13606355999999997,-0.04583786000000001,0.0012283399999999944,-0.035768560000000005,0.016348200000000035,0.1852579981979056,0.2236950336536699
0.029000134999999982,-0.29271301,0.034884544999999934,-0.30470221000000003,0.02159147499999997,-0.31470662,0.022722994999999968,-0.31444143,-0.021414875000000055,-0.33663189,-0.0059252050000000445,-0.25975285,-0.05208184500000007,-0.25862803,0.023922744999999968,-0.14554694999999995,-0.008119755000000062,-0.1342217,0.10250610499999996,-0.17700481,0.09527187499999995,-0.1851913,0.01784795499999997,-0.008321750000000017,-0.017847955000000026,0.008321750000000017,0.03161925499999996,0.14281425000000003,-0.02045025500000003,0.20867071000000004,0.005987824999999947,0.28359104999999996,-0.04013445500000007,0.34406879999999995,0.029847950000000012,0.11420590000000003,0.07858335999999999,-0.03145786000000006,0.04396209000000001,0.12440633000000001,0.10339163000000001,-0.050969600000000004,0.013771299999999986,0.15113600000000005,-0.02563143000000001,0.14077679999999992,-0.002602300000000002,0.20034896000000002,-0.01968420000000004,0.13539808999999992,-0.04615664000000003,0.0011248199999999708,-0.03569591,0.016643500000000033,0.18873520363828816,0.22415038804233955
0.028529285000000015,-0.292612685,0.03506669499999998,-0.304912865,0.020982594999999993,-0.31474046499999997,0.023978325000000023,-0.315273465,-0.021446134999999977,-0.33732028499999994,-0.004724575000000009,-0.26122750499999997,-0.051937975000000025,-0.25960253499999997,0.024654145000000016,-0.1465215649999999,-0.0072690249999999845,-0.13441986499999992,0.10537632499999999,-0.17825182499999997,0.09727594499999997,-0.18511306499999997,0.018269425000000006,-0.008549164999999914,-0.018269425000000006,0.008549165000000025,0.03291082499999998,0.14131308500000006,-0.020795014999999972,0.20918493500000002,0.005771305000000004,0.28102783500000006,-0.04009291500000001,0.343215535,0.029378720000000025,0.11470594000000006,0.08072217999999998,-0.031730260000000066,0.04466895000000004,0.12518267000000005,0.10454496999999996,-0.05069320000000005,0.014641399999999971,0.14986224999999997,-0.027139519999999973,0.13971475,-0.0025255899999999665,0.20063577,-0.019297900000000034,0.1340306,-0.047213400000000016,0.0016249700000000034,-0.03653885000000001,0.01709832999999994,0.19075273219192856,0.22551228759650724
0.029210835000000046,-0.29311812000000004,0.03508573500000001,-0.30554194000000007,0.02157092500000002,-0.31516552000000003,0.02288284500000004,-0.31559933000000007,-0.02188447499999996,-0.33683127000000007,-0.0065597349999999555,-0.26142833000000004,-0.05184523499999999,-0.25891304000000004,0.023313165000000025,-0.1475771400000001,-0.007849214999999965,-0.13559315000000005,0.10141971500000002,-0.17693618000000005,0.09573411500000001,-0.18368570000000006,0.017661335,-0.008822500000000066,-0.017661335,0.008822499999999955,0.031672325,0.13874909999999996,-0.020327734999999958,0.20816495999999995,0.008691065000000053,0.28093689999999993,-0.03951493499999997,0.34346259999999995,0.02987289999999998,0.11385118999999994,0.07810655,-0.029359039999999947,0.043996020000000025,0.12331988999999999,0.10358332999999997,-0.04809255000000001,0.014010990000000001,0.14757160000000002,-0.022981259999999948,0.14218779999999998,-0.0026663999999999577,0.19934246,-0.019187200000000015,0.13529764,-0.045285500000000034,0.0025152900000000034,-0.03532267,0.017645000000000022,0.1878235225507359,0.2234232198047967
0.029771424999999963,-0.2915872049999999,0.035623185,-0.3042050049999999,0.021954974999999988,-0.3136043349999999,0.023462024999999997,-0.31406596499999995,-0.021613395000000035,-0.3347186749999999,-0.0060695450000000095,-0.2594757949999999,-0.051012475,-0.25677627499999994,0.022905924999999994,-0.14595733499999997,-0.006787155000000045,-0.13405223499999996,0.100572575,-0.17658313499999995,0.09569530500000001,-0.18057629499999994,0.017570625000000006,-0.008841934999999967,-0.017570625000000006,0.008841935000000078,0.03203212499999997,0.13881629500000003,-0.01993567500000004,0.20870143500000005,0.008943724999999958,0.2815144650000001,-0.03863401500000002,0.3445362650000001,0.028975470000000003,0.11351845999999993,0.07766665,-0.03062579999999998,0.04422531999999996,0.12272403999999998,0.10248246000000005,-0.04652405999999998,0.01446149999999996,0.14765823,-0.02308840000000001,0.14269817000000007,-0.002365050000000035,0.19985949999999997,-0.01869833999999998,0.13583483000000007,-0.04494292999999999,0.0026995199999999553,-0.03514125000000001,0.017683870000000046,0.18715350352382532,0.2206998793726399
0.03012555,-0.2913729,0.03573638000000001,-0.30380014,0.022833949999999992,-0.3134084,0.02273356999999998,-0.31381783999999996,-0.020342169999999993,-0.33498613,-0.007700829999999992,-0.2602541,-0.04962595000000003,-0.25729302,0.023289019999999994,-0.14888480000000004,-0.0035045799999999794,-0.13538019999999995,0.10176245,-0.17974849999999998,0.10013064999999999,-0.17979444,0.01663245000000002,-0.008787600000000007,-0.01663245000000002,0.008787600000000007,0.030858129999999984,0.14274945000000006,-0.019603399999999993,0.21209063000000006,0.011055109999999979,0.28554007000000003,-0.03744617,0.3451887,0.030989849999999985,0.11136929999999995,0.07847343000000001,-0.03086369999999994,0.04612137000000005,0.12191282000000003,0.10363522999999997,-0.04441424000000005,0.014225679999999963,0.15153705000000006,-0.019803020000000005,0.14279061999999998,-0.0029709499999999722,0.20330303000000005,-0.017842770000000008,0.13309806999999996,-0.04192512000000004,0.002961080000000005,-0.03326490000000004,0.017575200000000013,0.19098362816956324,0.22180353318234497
0.02960863500000005,-0.2889722,0.03520047500000001,-0.30123499,0.02259969500000003,-0.31111213,0.02201047500000003,-0.31141126,-0.020648804999999992,-0.33332467,-0.008197964999999974,-0.25898027,-0.05052828499999995,-0.25592661,0.024797475000000013,-0.14886549000000004,-0.001366444999999994,-0.1353685,0.10126903500000001,-0.18067363000000003,0.10327095500000005,-0.1812883,0.016837625000000023,-0.009027629999999953,-0.016837624999999967,0.009027629999999953,0.03245219500000002,0.14161703000000003,-0.018775194999999967,0.21342547,0.011073735000000029,0.28543476999999995,-0.036705284999999976,0.34621057,0.03299543999999999,0.11011477999999997,0.07647156,-0.031808139999999985,0.04916183999999996,0.12055811,0.10463740000000005,-0.04591980000000001,0.015614569999999994,0.15064465999999999,-0.021378459999999988,0.14381773999999992,-0.0019375699999999996,0.20439784000000005,-0.01793009000000001,0.1327851,-0.04233031999999998,0.0030536600000000136,-0.03367524999999999,0.018055259999999906,0.1912877735522794,0.22504715994960098
0.029769464999999995,-0.28524862999999995,0.03521956500000001,-0.29766841999999993,0.022450804999999963,-0.30760869999999996,0.021765544999999997,-0.30791212999999995,-0.021830365000000018,-0.32968059999999993,-0.008644865000000002,-0.25618104999999997,-0.05059056500000003,-0.25251759999999995,0.024830405,-0.14805479999999993,-0.00024871500000001046,-0.13290365999999998,0.098814385,-0.18037547999999998,0.100608955,-0.17856603,0.016756964999999957,-0.00897110000000001,-0.016756965000000013,0.00897110000000001,0.03262545499999997,0.14234970000000002,-0.01833109500000002,0.2131244,0.011330174999999998,0.2883663000000001,-0.03682509500000003,0.34891866000000005,0.03347527,0.10812625000000003,0.07398398,-0.032320680000000046,0.05034185000000002,0.11961393999999997,0.10085767000000001,-0.04566237000000001,0.015868490000000013,0.15132080000000003,-0.021295279999999972,0.14601660000000005,-0.001574130000000007,0.20415329999999998,-0.01849400000000001,0.13579426000000006,-0.04194570000000003,0.0036634500000000125,-0.03351392999999997,0.01794220000000002,0.19003389608235893,0.22123502052361263
0.028549859999999982,-0.28584557999999993,0.034450690000000006,-0.29806979999999994,0.021473089999999972,-0.30845274999999994,0.021453719999999954,-0.30831196999999994,-0.021965260000000042,-0.33121989999999996,-0.009404259999999998,-0.25713069999999993,-0.05043434000000002,-0.25449281999999995,0.02226868999999998,-0.14898959999999994,0.0012168599999999863,-0.13530129999999996,0.09529287999999997,-0.18041872999999992,0.10270921,-0.18010272999999993,0.016550039999999988,-0.00873769999999996,-0.016550040000000044,0.00873770000000007,0.032784959999999974,0.14186200000000004,-0.018065620000000004,0.21175280000000007,0.010733639999999989,0.28642730000000005,-0.036077040000000005,0.34801453000000004,0.03167294999999998,0.10814109999999999,0.07302418999999999,-0.03142912999999997,0.05165120000000001,0.11919152,0.10149235000000001,-0.044801429999999975,0.016234919999999986,0.1505997,-0.022051319999999985,0.1445653,-0.0015155799999999608,0.2030151,-0.01801142,0.13626172999999997,-0.041030080000000024,0.0026378799999999814,-0.03310008000000003,0.01747540000000003,0.18887776712235477,0.22334609177943412
0.028486929999999966,-0.287181035,0.03472099000000001,-0.299663615,0.021063469999999973,-0.309682955,0.022388489999999983,-0.309634765,-0.02206296000000002,-0.33176478499999995,-0.008250690000000005,-0.258027285,-0.049371810000000016,-0.255595845,0.022132329999999978,-0.149999585,0.0030902600000000113,-0.13816268499999995,0.09414275999999999,-0.18093058499999998,0.10396809000000001,-0.18176848499999998,0.016687689999999977,-0.008511614999999972,-0.016687690000000033,0.008511615000000083,0.03233271999999998,0.14189468500000002,-0.01771276999999999,0.21030971500000006,0.011675920000000006,0.285922315,-0.03486624999999999,0.346165045,0.030383019999999983,0.1080277,0.07201043000000001,-0.030930999999999986,0.05246207000000003,0.11743316000000004,0.10087783,-0.04360580000000003,0.015645030000000004,0.1504063,-0.020656799999999975,0.14402762999999996,-0.001025079999999956,0.20179809999999998,-0.01715348,0.13585532999999994,-0.04112112000000001,0.002431440000000007,-0.03337538000000001,0.017023230000000056,0.18901743063687487,0.22530941769801463
0.027325989999999967,-0.2872726200000001,0.03412661,-0.3001919900000001,0.019446519999999967,-0.3100064600000001,0.02269433999999998,-0.3108012900000001,-0.024047430000000036,-0.3325321900000001,-0.00790666000000001,-0.2599322700000001,-0.05043489000000001,-0.2565937600000001,0.022125420000000007,-0.15207597000000006,0.004476309999999983,-0.13964762000000008,0.09365099999999998,-0.18484726000000007,0.10667827999999996,-0.1846035000000001,0.017321439999999966,-0.008816220000000041,-0.01732144000000002,0.00881621999999993,0.03306758999999998,0.14017990999999985,-0.01803421999999999,0.21061757999999986,0.010695189999999966,0.2836492399999999,-0.03543225999999999,0.34382747999999985,0.030032080000000017,0.10785630000000002,0.07152557999999998,-0.03277129000000001,0.05491119999999999,0.11694614000000003,0.10220196999999998,-0.044955880000000004,0.015746150000000014,0.1489961299999999,-0.022372400000000014,0.14346933000000006,-0.0007127799999999684,0.20180135999999993,-0.017398040000000004,0.1332099,-0.04252823,0.0033385099999999612,-0.03464287999999999,0.01763243999999997,0.19186747711187327,0.22975447470061774
0.02657935,-0.28679269499999993,0.03340784000000002,-0.29947672499999994,0.01898319000000004,-0.309781045,0.021732909999999994,-0.309605545,-0.02469536,-0.332558245,-0.009237389999999956,-0.259104105,-0.05113511999999998,-0.25653988499999997,0.02291918000000004,-0.15209588499999993,0.005758670000000021,-0.1407118249999999,0.09257668000000002,-0.18469500499999997,0.10697641000000002,-0.18434694499999993,0.017137910000000034,-0.008803275,-0.01713790999999998,0.008803275,0.03350055000000002,0.13747967500000002,-0.017019359999999983,0.2092136750000001,0.011844310000000025,0.2822787750000001,-0.03506018999999999,0.34358450500000004,0.032156569999999995,0.10700822000000004,0.06965749999999998,-0.03259912000000004,0.05689379,0.11582806000000007,0.10121774,-0.04363512000000003,0.016362639999999984,0.14628295000000002,-0.021656239999999993,0.14479910000000007,0.00011854999999999505,0.2004104000000001,-0.018040830000000008,0.13437082999999994,-0.04189773000000002,0.002564220000000006,-0.03427582000000001,0.01760655,0.19138680388549725,0.22958957274909236
0.02564933500000005,-0.287055905,0.03304585500000001,-0.300161975,0.01773691500000002,-0.310177235,0.02229921500000004,-0.310214935,-0.025510184999999963,-0.332642105,-0.00846291499999996,-0.259592445,-0.05104974499999998,-0.256919575,0.022548345000000025,-0.15276627500000006,0.0058522150000000495,-0.142211945,0.09125223500000001,-0.186270025,0.109307135,-0.18591087500000003,0.017370615000000034,-0.008738075000000012,-0.017370614999999978,0.008738075000000012,0.03156408500000002,0.13849802499999997,-0.01775822499999996,0.209754675,0.012091335000000036,0.28191592499999996,-0.03434148499999995,0.342582975,0.031011259999999985,0.10682616999999994,0.06870388999999999,-0.03350374999999994,0.05690196000000003,0.11470763,0.10345491999999995,-0.043698930000000025,0.014193469999999986,0.14723609999999998,-0.019472749999999983,0.1434179,-0.0003876099999999827,0.2010166,-0.01658325999999999,0.1328283,-0.04258683000000002,0.002672869999999994,-0.03474123000000001,0.017476150000000024,0.19229167180256895,0.23224010437726944
0.024806680000000025,-0.28518578000000006,0.032688680000000025,-0.29849662000000005,0.016797720000000016,-0.30835496000000007,0.022802280000000008,-0.30907588,-0.025777459999999974,-0.33136868,-0.007688699999999993,-0.25948235000000003,-0.050802849999999955,-0.25623434000000006,0.02385664000000004,-0.15209740000000005,0.007000380000000028,-0.14053156,0.09546364000000002,-0.18393146000000005,0.11063165000000003,-0.18505918000000005,0.017570580000000002,-0.008815600000000035,-0.017570580000000002,0.008815599999999923,0.03256551000000002,0.1389163499999999,-0.017613589999999957,0.2102016,0.012248430000000032,0.28292379999999995,-0.034261759999999974,0.3436545999999999,0.03154534000000003,0.10738494999999998,0.07160699999999998,-0.03183406,0.05780322999999998,0.11570278000000006,0.10363127,-0.044527620000000045,0.014994930000000017,0.14773194999999995,-0.020317079999999987,0.14400745000000004,-4.3009999999954474e-05,0.20138600000000006,-0.016648170000000018,0.13345299999999993,-0.04311414999999996,0.003248009999999968,-0.035141160000000005,0.017631199999999958,0.19165827198350507,0.23242900442290176
0.023503200000000002,-0.28740693,0.03137255,-0.30044445,0.016035430000000017,-0.31059808,0.02113678000000002,-0.31095835,-0.026464829999999995,-0.33426211,-0.009760480000000016,-0.26169782999999996,-0.05228482000000001,-0.25869032999999997,0.02294393,-0.15524114999999994,0.007708510000000002,-0.14471858999999998,0.09419407000000002,-0.18663961,0.11261652999999999,-0.18776941999999996,0.0174744,-0.00909475000000004,-0.0174744,0.00909475000000004,0.03300657000000001,0.1363238,-0.01818795000000001,0.21103125,0.011594949999999993,0.28051725000000005,-0.03499642999999997,0.34231635000000005,0.03270441000000002,0.10645668000000003,0.07125014000000002,-0.03139846000000007,0.05999333000000001,0.11397173999999999,0.10490801999999999,-0.043050829999999984,0.015532170000000012,0.14541855000000004,-0.02141162000000002,0.14419345000000006,-0.0007135500000000072,0.20193649999999996,-0.01680847999999996,0.13128510000000004,-0.042524339999999994,0.0030074999999999963,-0.0349488,0.01818950000000008,0.19341169839833497,0.23596430132130963
0.022771655000000002,-0.28549615,0.030699635000000003,-0.2988284,0.014837674999999995,-0.30840526,0.02101170499999999,-0.30898587,-0.027554575000000026,-0.33104575,-0.008973325000000032,-0.2591231,-0.05211535500000003,-0.25604225,0.025046224999999978,-0.15399525000000003,0.008847534999999962,-0.14383924999999997,0.10194724499999996,-0.18643279000000001,0.115858615,-0.18681014,0.01761990499999999,-0.008958000000000022,-0.01761990499999999,0.008958000000000022,0.03274707499999996,0.13745074999999995,-0.017924164999999992,0.21004765999999997,0.01159831499999997,0.28298866,-0.03438299500000003,0.34255146000000003,0.03401955000000001,0.10512784999999997,0.07690101999999999,-0.03243753999999999,0.06096288999999999,0.11220300000000005,0.10701108000000004,-0.04297089000000004,0.015127169999999968,0.14640874999999998,-0.02114875999999999,0.14553791000000005,-0.00030426000000000064,0.20108965999999995,-0.016458830000000035,0.13250380000000006,-0.04314203,0.0030808499999999683,-0.03523980999999998,0.017916000000000043,0.1964902067712783,0.23694235573330913
0.02210687499999997,-0.28909464500000004,0.029808984999999955,-0.3021128350000001,0.014495015,-0.31178747500000004,0.01953779499999997,-0.3124586550000001,-0.028048915000000008,-0.3347893250000001,-0.01057554500000002,-0.26339470500000006,-0.05331868500000003,-0.25965370500000007,0.024777994999999997,-0.16078092500000007,0.00878717499999998,-0.14846957500000002,0.10255701499999997,-0.19458972500000005,0.117128295,-0.19133561500000007,0.017526934999999966,-0.00927607500000005,-0.01752693500000002,0.00927607499999994,0.03246451499999997,0.13449619499999999,-0.018230455000000034,0.20894006499999995,0.011364654999999946,0.279027025,-0.03399228500000001,0.33885119499999994,0.03535354000000002,0.10261377999999999,0.07777901999999998,-0.03380879999999997,0.06210586000000001,0.11118413000000005,0.10834112000000001,-0.04286604000000005,0.014937580000000006,0.14377227000000004,-0.021099860000000026,0.14453083,-0.000703520000000013,0.19966399,-0.015761829999999977,0.12991112999999999,-0.04274314000000001,0.0037409999999999943,-0.03505386999999999,0.01855214999999999,0.2038903219408143,0.24161349534123505
0.023952289999999987,-0.28877372999999995,0.030481029999999965,-0.30172594999999997,0.016409119999999944,-0.31142725,0.018327309999999986,-0.31207027,-0.027267560000000024,-0.33396264999999997,-0.01258233000000003,-0.26234351,-0.05165611000000003,-0.25931150999999997,0.02390681999999994,-0.15675603,0.00982626999999997,-0.14740065000000002,0.10476420999999997,-0.1870016,0.11701206999999997,-0.18625244999999996,0.016247069999999975,-0.009026749999999972,-0.01624707000000003,0.009026749999999972,0.030198069999999966,0.13630235000000002,-0.01766525000000002,0.20907965000000006,0.013363619999999965,0.28379889,-0.03328798000000005,0.34309005000000004,0.03648914999999997,0.10558748000000001,0.08085739000000003,-0.03024557,0.06148238,0.11191085999999995,0.1071858,-0.038851799999999936,0.013950999999999991,0.1453291,-0.01683445,0.14749654,-0.0014181799999999911,0.2000529000000001,-0.015622730000000029,0.13401039999999997,-0.03907378,0.0030320000000000347,-0.032494140000000005,0.018053499999999945,0.19877205866595563,0.23641481414281038
0.02384483000000004,-0.28822013,0.030260790000000037,-0.30157715,0.015787200000000057,-0.31061197,0.018426440000000044,-0.31183639,-0.02820918999999994,-0.3320598,-0.011739889999999975,-0.26129277,-0.05193985999999995,-0.2570495,0.02476071000000002,-0.15551656999999997,0.008166210000000007,-0.14527966999999997,0.10628455000000003,-0.18422415000000003,0.11651357000000001,-0.18340067999999998,0.01656200000000002,-0.00928023,-0.016561999999999966,0.00928023,0.029997170000000017,0.13583586000000003,-0.01800162999999999,0.20920742999999997,0.013802610000000048,0.28443973,-0.033761209999999986,0.34414307,0.036500599999999994,0.10577620000000004,0.08152384000000001,-0.028707580000000066,0.060106069999999956,0.11176983000000001,0.10834736,-0.03812101000000001,0.013435169999999996,0.14511609000000003,-0.01619455999999997,0.14860386999999997,-0.001439630000000025,0.19992719999999997,-0.015759579999999995,0.13493564000000002,-0.040199969999999974,0.004243270000000021,-0.03312399999999999,0.01856046,0.19661004837868515,0.23416882885912246
0.02446362499999999,-0.28730036,0.03053292499999999,-0.30083535,0.016285824999999976,-0.30972558,0.01823507499999999,-0.31073864,-0.028105894999999992,-0.33046118,-0.012118654999999978,-0.25893879999999997,-0.05139334499999998,-0.25453494,0.023719955000000015,-0.15113661999999994,0.007946504999999993,-0.14106288,0.10571788500000001,-0.17962024999999998,0.11500862499999998,-0.17760623999999997,0.01621292499999999,-0.00936247999999995,-0.01621292499999999,0.00936247999999995,0.03052564499999999,0.13749382,-0.017145524999999995,0.21140594999999995,0.014657095000000009,0.28700157000000004,-0.03316617500000002,0.34678902,0.03583860999999999,0.10780218000000003,0.08199793,-0.028483630000000038,0.05933984999999997,0.11347205999999999,0.10706211999999998,-0.03654335999999997,0.014312720000000001,0.14685629999999994,-0.01586854999999998,0.14950775000000005,-0.0009326000000000056,0.20204347,-0.016020650000000025,0.13538307000000005,-0.03927469,0.004403859999999982,-0.03242584999999998,0.0187249599999999,0.19235084119903015,0.22842153454269776
0.025900630000000036,-0.28728391500000006,0.03206930000000002,-0.300959195,0.01762423000000002,-0.30991788500000006,0.01981911000000003,-0.31087221500000006,-0.02692549999999999,-0.330482865,-0.01180943000000001,-0.25881149500000006,-0.04977872999999999,-0.25396736500000006,0.01799611000000001,-0.14966123500000006,0.007950280000000032,-0.13855718500000003,0.08514383000000003,-0.17559653500000005,0.11364313000000004,-0.17311357500000002,0.01603887000000004,-0.009109664999999989,-0.016038869999999983,0.009109664999999989,0.03074557,0.13817786499999996,-0.015966590000000003,0.20946873499999996,0.016317630000000027,0.288628165,-0.03384484999999998,0.34674770499999996,0.02980554000000002,0.10915026,0.06714772000000002,-0.025935299999999994,0.057729010000000025,0.11541018000000003,0.10569285,-0.03455638999999999,0.014706699999999961,0.14728752999999994,-0.014427939999999972,0.15045030000000004,7.227999999998014e-05,0.20035906999999997,-0.01787825999999998,0.13727897,-0.037969299999999984,0.004844130000000002,-0.03207774000000002,0.018219329999999978,0.18025918389640655,0.2236576185156625
0.026323299999999994,-0.28743730500000003,0.03274260000000001,-0.301241295,0.018146649999999986,-0.310342055,0.02078985,-0.310526265,-0.026072150000000016,-0.330544875,-0.011324539999999994,-0.25703625500000005,-0.049407599999999996,-0.252407135,0.0162119,-0.14640073500000006,0.005870199999999992,-0.13453416500000004,0.07988773999999998,-0.17158465500000003,0.11080111999999998,-0.16758786500000006,0.01598949999999999,-0.009088535000000064,-0.01598949999999999,0.009088534999999953,0.031408999999999965,0.13962192499999992,-0.015496200000000016,0.21107871499999997,0.017315849999999966,0.29068016499999993,-0.033525479999999996,0.34965826499999997,0.027536439999999995,0.11063551999999999,0.06367583999999998,-0.02518391999999997,0.05527779999999999,0.11787296999999997,0.10493091999999998,-0.03305370000000002,0.015419499999999975,0.14871046,-0.014093149999999999,0.15105824,0.0004932999999999743,0.20199018000000002,-0.01802927999999998,0.13857955,-0.03808306,0.004629120000000042,-0.03197899999999998,0.018177070000000017,0.1746080584914453,0.21746358692191295
0.026843059999999974,-0.29263515500000004,0.032445,-0.306415305,0.018365399999999976,-0.31515456500000005,0.01950122999999998,-0.314744365,-0.026851669999999994,-0.33355276500000003,-0.011354609999999987,-0.25905774500000006,-0.05006777000000001,-0.254080275,0.017252329999999982,-0.148394825,0.005620079999999972,-0.136302225,0.08079726999999998,-0.17776547500000006,0.11022111000000001,-0.17155720500000005,0.016204549999999984,-0.009125875000000061,-0.016204549999999984,0.00912587499999995,0.030294229999999978,0.13907317499999994,-0.01585144999999999,0.210259215,0.016684399999999988,0.2891494149999999,-0.033746339999999986,0.34659047499999995,0.02860693999999997,0.11066292000000005,0.06354494,-0.029370650000000054,0.05568784999999998,0.11777805000000002,0.10460103000000004,-0.03525498000000005,0.014089679999999993,0.14819905,-0.01360982999999999,0.15007623999999997,0.0003530999999999951,0.20113334000000005,-0.017894889999999997,0.13633125999999995,-0.038713160000000024,0.004977470000000039,-0.03240909999999997,0.01825175000000001,0.18058663894418767,0.2205217061985554
0.027864620000000007,-0.29467974499999994,0.03275576000000002,-0.30792537499999995,0.019678799999999996,-0.31681267499999993,0.01862332,-0.31501721499999996,-0.025881409999999994,-0.33393037499999995,-0.01226084999999999,-0.25795702499999995,-0.04999903,-0.252830935,0.016186719999999988,-0.1480245149999999,0.005557240000000019,-0.1339331749999999,0.07923925000000004,-0.18293862499999997,0.10957201999999999,-0.17268322499999994,0.01589644000000001,-0.009212174999999934,-0.01589644000000001,0.009212175000000045,0.030716520000000025,0.13806687500000003,-0.015533419999999964,0.20962129500000004,0.016385260000000013,0.288482295,-0.03423818000000001,0.34646342500000005,0.028447569999999978,0.10993251000000004,0.06305253000000005,-0.034914110000000054,0.05555627000000002,0.11889776000000007,0.10401477999999997,-0.038750050000000036,0.014820080000000013,0.14727904999999997,-0.014331260000000012,0.15041541999999997,0.0003630200000000472,0.20040912,-0.018704760000000042,0.13684213,-0.03773818000000001,0.005126089999999972,-0.03179288000000002,0.018424349999999978,0.18491400976750955,0.22097119947163157
0.029378124999999977,-0.29326332499999996,0.034127925,-0.306566825,0.021056114999999986,-0.314735365,0.020266475000000006,-0.313696985,-0.024429794999999976,-0.33098432499999997,-0.010078454999999986,-0.256262325,-0.049163185,-0.250139605,0.011618825,-0.14334182500000003,0.005511975000000002,-0.12964997499999997,0.05875078500000003,-0.18000622499999996,0.108380745,-0.16934356499999997,0.01667669500000002,-0.009396175000000007,-0.01667669500000002,0.009396175000000007,0.03271302500000001,0.13807417499999997,-0.01467495499999999,0.21138067500000002,0.016890475000000016,0.291489675,-0.033559074999999994,0.349926375,0.021697279999999985,0.11292049999999998,0.04713196000000003,-0.03666439999999993,0.05467516,0.12048963000000001,0.10286877,-0.03969359,0.016036329999999988,0.14747034999999997,-0.01582254999999999,0.15341550000000004,0.0020017400000000296,0.2019845,-0.018884120000000004,0.1385457,-0.03908473000000001,0.006122720000000026,-0.03335339000000004,0.018792350000000013,0.17572142217251313,0.21814503880359323
0.030814410000000014,-0.2936128100000001,0.03588237999999999,-0.3072074500000001,0.02227448999999998,-0.3154740900000001,0.022407909999999975,-0.3136070500000001,-0.023800490000000007,-0.33107773000000007,-0.008616869999999999,-0.2548070500000001,-0.04851502000000002,-0.24879715000000008,0.008477679999999987,-0.13999095000000006,0.004952579999999984,-0.1263555500000001,0.042558910000000005,-0.1787858000000001,0.10518047000000003,-0.1660914100000001,0.017134189999999994,-0.009375250000000057,-0.017134189999999994,0.009375249999999946,0.03318285999999998,0.13755788999999996,-0.014306790000000014,0.21238044999999994,0.01873794000000001,0.2914771099999999,-0.034007640000000006,0.3514115499999999,0.017094549999999986,0.11481610000000003,0.03408123000000002,-0.03879485000000005,0.053467600000000004,0.12244159999999998,0.10022789000000004,-0.03973586000000001,0.016048669999999987,0.14693314000000002,-0.014444919999999972,0.1539192199999999,0.00282739999999998,0.2030052,-0.019700849999999992,0.13903109999999996,-0.03989815000000002,0.0060099000000000125,-0.03426837999999999,0.018750500000000003,0.1713077664275059,0.21389115180967916
0.032103675,-0.295559355,0.03691052499999997,-0.30886387500000007,0.02367256499999998,-0.317727305,0.022585854999999988,-0.31356707500000003,-0.022352655,-0.33205324500000005,-0.008724014999999974,-0.25322199500000003,-0.04783989500000002,-0.24787512500000003,0.009304864999999996,-0.13941227500000009,0.00489746499999999,-0.1244297350000001,0.04942049500000001,-0.17479297500000002,0.10544002499999999,-0.16756543500000004,0.016784595000000013,-0.008835525000000066,-0.016784595000000013,0.008835524999999955,0.032958825000000025,0.142054825,-0.01502405499999998,0.21055422499999998,0.020467824999999995,0.293469125,-0.03338564500000002,0.35172852499999996,0.01802887999999997,0.11380971999999995,0.04011563000000001,-0.03538069999999993,0.05273736000000001,0.12344538999999993,0.10054256,-0.043135699999999944,0.01617423000000001,0.15089035000000006,-0.01249100000000003,0.1514143,0.0017605400000000326,0.20171870000000003,-0.01836159000000004,0.14117429999999997,-0.03911588000000005,0.0053468700000000036,-0.033569190000000027,0.01767105000000002,0.1691359724579975,0.2146069813008561
0.03270091000000003,-0.29788462,0.03769089000000003,-0.31200815000000004,0.02354586000000003,-0.31992042000000004,0.023895160000000026,-0.31706814,-0.022432939999999957,-0.33329722,-0.007584109999999977,-0.25575865000000003,-0.046770199999999984,-0.24827386,0.011736020000000014,-0.13962152000000005,0.00405736000000001,-0.12339906,0.06598414000000002,-0.17034985000000002,0.10529072,-0.16825796000000004,0.016643960000000013,-0.009289479999999961,-0.016643959999999958,0.009289479999999961,0.03328378000000004,0.14253857999999997,-0.015474439999999978,0.21143398000000002,0.02121328,0.29321803999999996,-0.033094739999999956,0.35144188,0.01932012999999999,0.11613712999999998,0.05424812000000001,-0.03072832999999997,0.050827559999999994,0.12487480000000001,0.10123336,-0.044858900000000035,0.016639820000000027,0.15182805999999993,-0.01207050000000004,0.15067946,0.0011695199999999795,0.20214450000000006,-0.017620299999999978,0.14000789999999996,-0.03918609000000001,0.007484790000000019,-0.03328791999999997,0.018578959999999922,0.16844849701605924,0.2153860711310181
0.033743069999999986,-0.30047527,0.03755463999999997,-0.31440242,0.024643609999999982,-0.32232361,0.021998689999999987,-0.31982167,-0.022175410000000062,-0.33558477000000003,-0.009157880000000063,-0.25781937,-0.04664221000000002,-0.25032297000000003,0.015959159999999972,-0.14014397,0.002714559999999977,-0.12385986999999998,0.08322704999999997,-0.16860737000000003,0.10191361999999998,-0.17051725,0.015805739999999957,-0.00914497000000003,-0.015805740000000013,0.00914497000000003,0.031946189999999985,0.14428662999999997,-0.016367870000000062,0.21036433,0.021272969999999947,0.29355182999999996,-0.03352498000000004,0.34978683,0.025117040000000035,0.11767539999999999,0.06726789,-0.028463400000000028,0.049356769999999994,0.12646310000000005,0.09919906,-0.046657380000000026,0.01614045000000003,0.1534316,-0.010673220000000039,0.1492652,-0.0005621300000000495,0.20121935999999996,-0.017157109999999975,0.1394225,-0.037484329999999955,0.007496399999999959,-0.03161147999999997,0.01828994000000006,0.17312969143354962,0.2147937639088668
0.034010765,-0.294757665,0.03746812500000002,-0.308577135,0.025233384999999997,-0.316651325,0.021270095000000044,-0.312452295,-0.02159550499999996,-0.328631325,-0.009259934999999997,-0.24968666499999997,-0.046802224999999975,-0.241380865,0.019760045000000004,-0.132398165,0.0034259249999999963,-0.11515506499999995,0.08589512500000002,-0.159959625,0.10170612500000004,-0.16493056499999997,0.015568825000000008,-0.009671464999999935,-0.015568824999999953,0.009671465000000046,0.032988395000000004,0.14289833500000004,-0.01467379499999999,0.213461935,0.022417275000000014,0.295905965,-0.03216871499999996,0.356450935,0.02901998,0.11728849999999996,0.06613508000000001,-0.027561459999999982,0.05022814999999997,0.12622580000000005,0.09828020000000004,-0.04977550000000003,0.017419569999999995,0.15256979999999998,-0.01057111999999999,0.15300762999999995,0.0008950299999999634,0.20379046999999995,-0.01749491999999997,0.14298900000000003,-0.03754228999999998,0.008305799999999974,-0.03113764999999996,0.01934292999999998,0.16592865788607952,0.21033136422707718
0.033711924999999976,-0.2991749000000001,0.03752915499999998,-0.31296592000000006,0.02488602499999998,-0.32120083000000005,0.021930084999999988,-0.31615970000000004,-0.021530585000000046,-0.33293264000000006,-0.007892295000000049,-0.2515581700000001,-0.04747771500000003,-0.24523963000000004,0.021544204999999983,-0.13197420000000004,0.0013848349999999732,-0.11779170000000005,0.09165216499999995,-0.16310866000000007,0.09939183499999998,-0.16740342000000008,0.016222044999999963,-0.009300500000000045,-0.016222045000000018,0.009300499999999934,0.033895804999999946,0.1418951999999999,-0.015796675000000038,0.21154689999999998,0.02271474499999998,0.29356759999999993,-0.032443745000000024,0.35341749999999994,0.029436500000000032,0.11958397000000004,0.07010795999999997,-0.03113446000000003,0.048862550000000005,0.12744793,0.09800700000000001,-0.049611720000000026,0.017673759999999983,0.15119569999999993,-0.011181059999999965,0.15167240000000004,0.0004253699999999805,0.20224640000000005,-0.016647069999999986,0.14187059999999996,-0.03958541999999998,0.006318540000000039,-0.03244408999999998,0.01860099999999998,0.171308648601873,0.2111654436502829
0.033791085,-0.2984794500000001,0.03762916500000002,-0.3124026200000001,0.024972804999999987,-0.3204026100000001,0.022226984999999977,-0.31563395000000005,-0.021217164999999982,-0.33199845000000006,-0.0076466450000000075,-0.25031109000000007,-0.047391764999999975,-0.24388092000000006,0.020298454999999993,-0.12910915000000012,0.0006611650000000191,-0.11604835000000002,0.09080344499999998,-0.16111795000000007,0.09918073500000002,-0.16593318000000007,0.01625758500000002,-0.009576050000000058,-0.01625758500000002,0.009576049999999947,0.03530298500000001,0.13982114999999995,-0.015642135,0.21220967999999996,0.022243805000000005,0.29356404999999997,-0.032505565000000014,0.35493544999999993,0.0279451,0.12120193999999995,0.07050498999999999,-0.03200879999999995,0.048052929999999994,0.12783257000000003,0.09851957,-0.04988483000000005,0.01904539999999999,0.1493972,-0.013059180000000004,0.15374290000000002,0.0006154500000000174,0.20263363,-0.016863430000000013,0.14272576999999997,-0.03974511999999997,0.006430170000000013,-0.03251517000000004,0.019152100000000005,0.16888467277627534,0.21007021573658488
0.03393782499999998,-0.3009271500000001,0.03761700499999998,-0.3150387500000001,0.02484520499999998,-0.32278065000000006,0.022060144999999975,-0.3182854100000001,-0.02190399500000001,-0.33388085000000006,-0.007864795000000036,-0.2522192000000001,-0.04763255500000002,-0.24506543000000008,0.019152124999999964,-0.13010619000000012,0.00015746499999996777,-0.1169848200000001,0.08845167500000001,-0.1619176000000001,0.09745736500000002,-0.1676690300000001,0.01635487499999999,-0.009716150000000034,-0.01635487499999999,0.009716149999999923,0.035076155,0.1392545999999999,-0.01634912500000002,0.21223439999999993,0.02200095499999999,0.2918155499999999,-0.03359979499999999,0.3537207499999999,0.02701692,0.12211300999999997,0.06929955000000004,-0.031811409999999984,0.04779001999999999,0.12808060999999998,0.09729990000000005,-0.05068421000000001,0.018721280000000007,0.14897074999999993,-0.013075200000000009,0.15256095000000003,5.749999999971056e-06,0.20251825,-0.017250669999999968,0.14148634999999998,-0.039767759999999985,0.007153770000000004,-0.03270974999999998,0.019432299999999958,0.1684138650834382,0.21075751008552462
0.033555959999999996,-0.3001429149999999,0.03753196999999997,-0.3141194749999999,0.024607239999999975,-0.3223775549999999,0.02225035999999997,-0.3167089149999999,-0.022083310000000023,-0.3336651849999999,-0.008268990000000032,-0.24955236499999994,-0.04821396,-0.24437849499999992,0.01582365999999996,-0.12422661499999987,-0.0018215500000000051,-0.11664204499999997,0.08016025999999998,-0.15106393499999993,0.09685895,-0.16750027499999992,0.016336230000000007,-0.009423784999999962,-0.016336230000000007,0.009423785000000073,0.03478350999999996,0.14022858500000013,-0.015800530000000035,0.21218578500000007,0.022528469999999967,0.2922524850000001,-0.03310257,0.3548436850000001,0.024092649999999993,0.12532575000000007,0.06433660000000002,-0.026837320000000053,0.046392409999999995,0.12773644999999995,0.0986805,-0.05085822999999995,0.018447279999999955,0.1496523700000001,-0.012255039999999995,0.1520239,0.0005356999999999723,0.202762,-0.017302039999999963,0.1426579,-0.03994496999999997,0.005173870000000025,-0.032672460000000014,0.018847570000000036,0.15535584603568478,0.21003635823855832
0.03400072000000004,-0.2994765800000001,0.037183049999999995,-0.3130910800000001,0.025376110000000007,-0.32190615000000006,0.02102432000000004,-0.3149105800000001,-0.021366830000000003,-0.3331901000000001,-0.006444689999999975,-0.24555130000000008,-0.048403169999999995,-0.2440804700000001,0.031056230000000018,-0.12061905000000006,-0.0009146899999999958,-0.11526670000000006,0.10482845000000002,-0.16655385000000006,0.09800252000000004,-0.17395335000000006,0.016490100000000008,-0.008497550000000076,-0.016490100000000008,0.008497549999999965,0.032400450000000025,0.14336824999999986,-0.01579237,0.21231971999999988,0.02230257000000002,0.2941292499999999,-0.03391948,0.3556956499999999,0.03750091999999999,0.12493225000000002,0.07377222,-0.0459348,0.04748848,0.12881377000000005,0.09891721000000003,-0.05868665000000001,0.015910350000000018,0.15186579999999994,-0.010097880000000004,0.15076100000000003,0.0006977300000000075,0.2038221699999999,-0.018127110000000002,0.14337593000000004,-0.04195848000000002,0.0014708299999999785,-0.032980200000000015,0.01699510000000004,0.1810675510697941,0.2153993754523778
0.03472467499999998,-0.301399,0.037568875,-0.31491134,0.02627067500000002,-0.32380384,0.021204675000000006,-0.31691742,-0.020519575000000012,-0.33542479999999997,-0.0033970950000000166,-0.2470814,-0.04853954500000002,-0.24640439999999997,0.042577544999999994,-0.12176125999999998,-0.0007419750000000058,-0.11698129999999995,0.10951624500000001,-0.17237589999999997,0.092507475,-0.17718183999999998,0.017281674999999996,-0.008188199999999979,-0.017281674999999996,0.008188199999999979,0.03141234500000001,0.14233010000000001,-0.015087565000000025,0.21164702999999996,0.02348307500000002,0.29255660000000006,-0.03270759499999998,0.3536188,0.04597464000000001,0.12532014000000002,0.06693870000000002,-0.05061463999999999,0.04779757000000001,0.1294231,0.09324945000000001,-0.060200540000000025,0.014130670000000012,0.1505183,-0.007929269999999988,0.15022650000000004,0.0021941099999999714,0.20345882999999998,-0.017620029999999953,0.14197177000000005,-0.04514245,0.0006770000000000387,-0.03456334999999999,0.016376399999999958,0.18832104697663216,0.2154430532352438
0.03414207500000005,-0.3023194,0.03675884500000004,-0.31548541,0.02583284500000005,-0.32483333000000003,0.020580415000000074,-0.31696596000000005,-0.02096295499999995,-0.33668113000000005,-0.00017759499999997486,-0.24500277000000004,-0.05018675499999997,-0.24798073000000004,0.05371177500000007,-0.11523983000000004,-0.0002165149999999727,-0.11779219000000007,0.11222758500000007,-0.17580183000000005,0.09161159500000005,-0.18244341000000003,0.01871538500000003,-0.007370470000000018,-0.018715384999999973,0.007370470000000018,0.03076484500000004,0.14203734,-0.015330404999999936,0.21085637000000002,0.022732165000000026,0.2916674,-0.03332388499999994,0.35239666999999997,0.05388937000000005,0.12976294,0.05851581,-0.060562000000000005,0.04997024,0.13018853999999996,0.09182811000000002,-0.06465121999999995,0.012049460000000012,0.14940781000000003,-0.008032680000000014,0.14963006,0.0033849800000000374,0.2034859,-0.017993480000000006,0.14154029999999995,-0.05000916,-0.0029779600000000017,-0.03743077,0.014740940000000036,0.19264904510609343,0.21954806206517702
0.03224811000000005,-0.30048743000000006,0.03573249000000006,-0.31370695000000004,0.02395519000000007,-0.32343641000000006,0.020547390000000054,-0.3153365000000001,-0.022396009999999966,-0.33610725,-0.0011442099999999789,-0.24489301000000002,-0.051461909999999944,-0.24737510000000007,0.05060136000000004,-0.11692071000000004,-0.0013279299999999772,-0.11733355000000001,0.10777079000000006,-0.17440441000000007,0.09000993000000007,-0.18215375000000006,0.01888704000000002,-0.007366300000000048,-0.018887039999999966,0.007366299999999937,0.03059781000000006,0.14388584999999998,-0.016712009999999944,0.2117043099999999,0.02175727000000005,0.29274374999999997,-0.03438302999999998,0.3530451499999999,0.05174557000000002,0.12797229999999998,0.05716943000000002,-0.057483700000000026,0.05013397999999997,0.13004155000000006,0.09133786000000005,-0.06482020000000005,0.011710770000000037,0.15125215000000003,-0.008840540000000008,0.1488579,0.0021750300000000222,0.20433800999999996,-0.017671020000000037,0.14134084000000002,-0.050317699999999965,-0.002482090000000048,-0.03777407999999999,0.014732599999999985,0.18921429968803788,0.2185781311732338
0.032328100000000026,-0.30107357999999995,0.03587134000000003,-0.31426479999999996,0.024070130000000023,-0.32414841999999994,0.02075769999999999,-0.31587889999999996,-0.022433900000000007,-0.33702671999999995,-0.0007817999999999992,-0.24503093999999997,-0.0519599,-0.24823998999999997,0.05053350000000001,-0.11468121999999992,-0.003346669999999996,-0.11867201999999999,0.10125962999999999,-0.17014073999999996,0.08615790000000001,-0.18510269999999995,0.01912834000000002,-0.007229679999999905,-0.019128339999999966,0.007229680000000016,0.03014933000000003,0.14314711000000002,-0.01675732000000002,0.21101288000000007,0.022079840000000017,0.29156745000000006,-0.034443999999999975,0.35137088000000005,0.05131530000000001,0.13034972000000006,0.05072612999999998,-0.05545952000000004,0.04861323000000001,0.12956796999999998,0.08950457,-0.06643067999999996,0.011020990000000008,0.15037678999999993,-0.008069490000000012,0.14842034000000004,0.002371019999999946,0.20378320000000005,-0.017686679999999955,0.14035799999999998,-0.051178100000000004,-0.003209049999999991,-0.03825667999999999,0.014459359999999921,0.1824433124764723,0.2192645359601091
0.032415150000000004,-0.30039702,0.03600753000000001,-0.3132902,0.02423719000000002,-0.32296844,0.020182699999999998,-0.31568752000000005,-0.02228247,-0.3359402,-0.006347209999999992,-0.24933036000000003,-0.05065879000000001,-0.24666302,0.029624029999999968,-0.11887630000000005,-0.0029676499999999884,-0.11867139999999998,0.07907736999999998,-0.13657130000000006,0.08412778999999998,-0.18662392000000005,0.017389089999999996,-0.008365400000000078,-0.017389089999999996,0.008365399999999967,0.03209668999999998,0.142239,-0.01625597000000001,0.20850269999999993,0.021591909999999992,0.29067714999999994,-0.03438966999999998,0.35170049999999997,0.03597123999999996,0.13045405999999998,0.04945334000000001,-0.017695000000000016,0.04769114000000002,0.12799162000000003,0.08709543999999997,-0.06795252000000007,0.014707599999999987,0.15060440000000008,-0.010504779999999991,0.14843814999999994,0.0011331199999999875,0.20013729999999996,-0.018133699999999975,0.14319780000000004,-0.04431158000000002,0.002667340000000018,-0.03477817999999999,0.016730800000000046,0.14227507400865547,0.2198329180059183
0.03187129000000005,-0.29994753,0.03557276000000004,-0.31234690000000004,0.024310860000000045,-0.32275213,0.019675400000000065,-0.31473511000000004,-0.021653589999999945,-0.33695268,-0.0062278799999999634,-0.24904753000000002,-0.051848039999999984,-0.24826827,0.033517900000000045,-0.11887203000000002,-0.0052451199999999365,-0.11980310000000005,0.08428276000000001,-0.13697023000000008,0.08249676000000006,-0.18832796000000002,0.017558220000000013,-0.00798873,-0.017558219999999958,0.00798873,0.03130984000000003,0.14324037,-0.016465039999999986,0.20793142999999992,0.021893140000000033,0.29087332,-0.03374576999999995,0.35079446999999997,0.03974578000000001,0.1301755,0.05076485999999997,-0.018098200000000064,0.04660292000000005,0.12846516999999996,0.08774188,-0.06852485999999997,0.01375162000000002,0.1512291,-0.0094167,0.14763294999999999,0.0010931799999999714,0.19994269999999992,-0.017280729999999966,0.14286304000000005,-0.04562016000000002,0.0007792600000000038,-0.03511643999999997,0.01597746,0.145218427138093,0.2203434632462613
0.030905980000000055,-0.299482235,0.03540610000000005,-0.311418635,0.024130120000000033,-0.322354235,0.019604650000000057,-0.314420375,-0.02091301999999995,-0.338074635,-0.01143094999999994,-0.25191901499999997,-0.051747549999999976,-0.24836637499999997,0.014454020000000012,-0.125066825,-0.007103349999999953,-0.11670072499999995,0.06670715000000005,-0.141263735,0.07982622000000006,-0.188174175,0.01619290000000001,-0.008628474999999969,-0.016192899999999955,0.008628474999999969,0.03398425000000005,0.144081825,-0.017572949999999976,0.20855412500000003,0.02042459000000002,0.290314485,-0.03334356999999999,0.351110625,0.02588496999999995,0.12685218999999998,0.052253130000000036,-0.01619691000000001,0.04464420000000002,0.13166565000000002,0.08692957000000001,-0.07147345000000005,0.01779135000000004,0.15271029999999997,-0.013559660000000029,0.14623266000000001,-0.0013800500000000215,0.19992565000000007,-0.015770620000000013,0.14255649999999997,-0.040316600000000036,0.003552639999999996,-0.032385799999999965,0.017256949999999938,0.14192886122396006,0.2189770637591912
0.03242710500000001,-0.30194972,0.03593656500000003,-0.31338192,0.026400745000000003,-0.32436697999999997,0.018737055000000002,-0.31722713999999996,-0.018462054999999977,-0.34111978,-0.010987994999999973,-0.25462757999999996,-0.05187058499999997,-0.25106400999999995,0.021924145000000006,-0.12614477999999996,-0.007603415000000002,-0.11864093999999992,0.07798493500000003,-0.13252553999999994,0.08150801499999999,-0.19095790999999995,0.016008855000000044,-0.008690379999999998,-0.01600885499999999,0.008690379999999998,0.03432882500000001,0.14157902,-0.01695027499999996,0.2050183200000001,0.021233205000000033,0.28653606,-0.03197361500000001,0.34773602000000003,0.03291213999999998,0.1284828,0.05606079000000003,-0.006380759999999985,0.04426716999999997,0.13242307000000003,0.08911142999999999,-0.07231697000000004,0.018319969999999963,0.1502694,-0.013095619999999975,0.14495703999999998,-0.0009414199999999706,0.1963279400000001,-0.015023340000000052,0.14271769999999995,-0.040882589999999996,0.003563570000000016,-0.03201771000000003,0.017380759999999995,0.1384780897629368,0.22219131313919763
0.03201950999999997,-0.304694575,0.03447667999999998,-0.315486205,0.026051839999999993,-0.327916605,0.015705509999999978,-0.319814305,-0.014498580000000039,-0.345970795,-0.011795420000000056,-0.25802530500000004,-0.05448420000000004,-0.253724055,0.019801139999999995,-0.139601635,-0.012402560000000007,-0.11848977500000002,0.07473758999999996,-0.14569751500000006,0.07858506999999998,-0.19351221500000004,0.017143799999999987,-0.009855724999999982,-0.017143800000000042,0.009855724999999982,0.03138405999999999,0.13807787500000002,-0.015601200000000037,0.202844625,0.019164759999999947,0.27867497499999994,-0.031253680000000006,0.34259535499999993,0.03159656000000005,0.11842367000000004,0.05493644999999997,-0.0060958800000000535,0.04208164000000003,0.13523427999999998,0.09098762999999999,-0.07502244000000002,0.014240260000000005,0.1479336,-0.012219300000000044,0.14059709999999992,0.001542600000000005,0.19298890000000002,-0.01565247999999997,0.13975072999999993,-0.04268877999999998,0.004301250000000034,-0.03428760000000003,0.019711449999999964,0.14754672669011745,0.22477218593794143
0.03392037000000003,-0.30645691,0.03740261,-0.31805993,0.028144040000000037,-0.32884212,0.01990154999999999,-0.32263295000000003,-0.016035849999999963,-0.34597252,-0.012037629999999966,-0.25971165,-0.050269129999999995,-0.25520168,0.017761830000000034,-0.13445275,-0.010615910000000006,-0.12057669000000004,0.07557241000000003,-0.14845390000000003,0.08326409000000001,-0.18552459999999998,0.015062130000000007,-0.009103050000000001,-0.015062130000000007,0.009103050000000001,0.03403459000000003,0.13788475,-0.016151150000000003,0.20382171000000004,0.02121059000000003,0.28203080999999997,-0.031965699999999986,0.34251325,0.02979946,0.1252589,0.05781058,-0.014001150000000018,0.03965321999999999,0.13462498999999994,0.09388000000000002,-0.06494790999999994,0.018972460000000024,0.1469878,-0.012824000000000002,0.14414605999999996,-0.001089019999999996,0.19471866000000004,-0.015814549999999983,0.13869153999999995,-0.03823150000000003,0.00450997000000003,-0.030124260000000014,0.018206100000000003,0.15192153692416657,0.21805496482311726
0.03526712999999998,-0.30649875000000004,0.03888542999999994,-0.31862669000000005,0.02938938999999996,-0.32889511000000005,0.021554929999999972,-0.32311623,-0.01448290000000002,-0.34530678000000004,-0.012860530000000037,-0.25830027,-0.04791595000000004,-0.25280332,0.010847999999999969,-0.13313765,-0.011562370000000044,-0.11616015000000002,0.07158762999999996,-0.15256745000000005,0.08231351999999997,-0.17553633000000002,0.01400796999999998,-0.009572650000000071,-0.014007970000000036,0.00957264999999996,0.03573846999999997,0.13493075,-0.015106990000000042,0.20424580999999997,0.02152626999999996,0.28037018,-0.031238510000000053,0.34315575,0.023708530000000005,0.12516262,0.06073962999999999,-0.019429800000000053,0.036353579999999996,0.13664316999999998,0.09387589000000002,-0.05937618,0.021730499999999986,0.14450340000000006,-0.014212200000000008,0.14543943000000004,-0.001099020000000006,0.19467316,-0.01613152000000001,0.13890994,-0.035055420000000004,0.0054969500000000004,-0.028015940000000017,0.019145300000000032,0.15415229506159028,0.20866998804921733
0.03604603000000001,-0.3078059999999999,0.03945059000000001,-0.3197008499999999,0.030450189999999988,-0.33031009999999994,0.021610530000000017,-0.32391646999999996,-0.013426789999999966,-0.34682205999999993,-0.013174709999999978,-0.2584679999999999,-0.04830909,-0.2545273999999999,0.011023790000000033,-0.13521436999999992,-0.013631139999999986,-0.11684313999999996,0.07448541000000003,-0.16738734999999993,0.08361709,-0.17288947999999993,0.013978539999999984,-0.009493899999999944,-0.013978539999999984,0.009493900000000055,0.035753040000000014,0.13488825000000004,-0.015154930000000011,0.20582356000000002,0.020956809999999992,0.27962490000000007,-0.03136911999999997,0.34154590000000007,0.02419850000000001,0.12325363,0.06346162,-0.03217298000000002,0.03467795000000001,0.13768425999999995,0.09724822999999999,-0.05604633999999997,0.02177450000000003,0.14438215,-0.014796230000000021,0.14473665000000002,-0.0011763900000000271,0.19632965999999996,-0.01621418999999996,0.13572234000000005,-0.03513438000000002,0.003940600000000016,-0.027957079999999968,0.0189878,0.1690899845351563,0.20685406521342842
0.03640123500000003,-0.3060813700000001,0.03922189500000001,-0.31743239000000006,0.03136716500000003,-0.32848392000000004,0.020468135000000054,-0.32149272000000007,-0.012207314999999996,-0.34548636000000005,-0.014284804999999956,-0.25569146000000004,-0.04802138499999997,-0.25356837000000004,0.015066875000000035,-0.13414987,-0.014285424999999963,-0.11416792000000009,0.08838283500000005,-0.17523827000000003,0.08383475500000004,-0.16944449000000006,0.013214965000000023,-0.00911148000000006,-0.013214964999999967,0.00911147999999995,0.03571750500000004,0.13587943999999996,-0.014542234999999959,0.20492997999999996,0.020753665000000032,0.28065392999999994,-0.03208134499999998,0.34276697999999994,0.02935167999999999,0.12154159000000003,0.07331596000000001,-0.041088400000000025,0.03373596000000001,0.13940044999999995,0.09812018,-0.05527656999999997,0.022502540000000015,0.14499092000000002,-0.014963840000000006,0.14477448999999998,-0.0013272699999999915,0.1958185,-0.017539110000000024,0.137837,-0.033736580000000016,0.002123089999999994,-0.02642992999999999,0.01822296000000001,0.18234121595525515,0.20322618575055554
0.03473972000000003,-0.30414957,0.03814654000000001,-0.31468424,0.030352140000000027,-0.32688487,0.019835240000000032,-0.31798246999999996,-0.012535439999999953,-0.34499648,-0.01391015999999995,-0.25268587,-0.04977361999999996,-0.2529801,0.017684120000000025,-0.13247390000000003,-0.01620060999999995,-0.11037724999999998,0.09306728000000003,-0.17378633999999998,0.07505976000000003,-0.16012523,0.01356451000000003,-0.008200650000000032,-0.013564509999999974,0.008200650000000032,0.03341906,0.14255536000000002,-0.016920609999999947,0.20669309999999996,0.016884080000000024,0.28624916,-0.03201810999999999,0.3434937,0.031594279999999975,0.12021196999999995,0.07538316,-0.04131243999999995,0.033573010000000014,0.14260285,0.09126036999999998,-0.049747980000000025,0.01985454999999997,0.15075601000000005,-0.016534979999999977,0.14369379999999998,-0.003356099999999973,0.19849244999999993,-0.015097500000000041,0.13680060000000005,-0.035863460000000014,-0.00029423000000000643,-0.027129020000000004,0.016401300000000063,0.18368263709574997,0.19023107819388324
0.03616315000000003,-0.30473176,0.039622710000000005,-0.31462014,0.032544550000000005,-0.32772935000000003,0.02093027000000003,-0.31778270000000003,-0.010241699999999965,-0.34714974000000004,-0.01295168999999996,-0.25274778000000003,-0.049243349999999964,-0.25500265,0.02139397000000004,-0.13173040000000003,-0.015970779999999962,-0.11014959999999996,0.09528375,-0.16756026000000002,0.06603885000000004,-0.14938436,0.013530949999999986,-0.007790599999999981,-0.013530949999999986,0.007790599999999981,0.034696000000000005,0.14069759999999998,-0.016661480000000006,0.20523400000000003,0.01790573000000001,0.28500183999999995,-0.030757319999999977,0.3420681,0.03434566,0.12101738000000001,0.07388977999999996,-0.03582985999999999,0.03327257,0.14485305000000004,0.08200963,-0.039234760000000035,0.02116505000000002,0.14848819999999996,-0.016790269999999996,0.14430423999999997,-0.0031305300000000202,0.19744340000000005,-0.01409583999999997,0.13683409999999996,-0.03629166,-0.0022548699999999644,-0.027061899999999972,0.015581199999999962,0.1794710688784006,0.17616844531028136
0.03530446499999995,-0.306674875,0.040564884999999995,-0.316791495,0.031965014999999986,-0.330168355,0.023397734999999975,-0.319685635,-0.008931255000000027,-0.349698205,-0.013587935000000051,-0.25613974500000003,-0.04859311500000002,-0.254957345,0.016188434999999946,-0.14018397500000002,-0.013402115000000048,-0.11241797499999995,0.09366096499999998,-0.172628375,0.08130299499999999,-0.15985231499999997,0.01330996499999998,-0.00904922500000005,-0.013309965000000035,0.00904922500000005,0.03413446499999995,0.13015852500000002,-0.018241265000000007,0.20265275500000002,0.013127144999999951,0.27269952499999994,-0.034575175000000014,0.339444525,0.029776369999999996,0.11595577000000001,0.07747253000000004,-0.032444399999999984,0.03519099999999997,0.14253937000000005,0.09470511000000004,-0.04743434000000002,0.020824499999999968,0.13920775000000007,-0.021007319999999996,0.14254099999999992,-0.004931299999999972,0.19360352999999997,-0.016333910000000007,0.13679176999999998,-0.03500517999999997,0.0011824000000000279,-0.026619930000000014,0.0180984500000001,0.1822482414612621,0.19359582230599193
0.03721174500000002,-0.30395338,0.04237101500000001,-0.31362426,0.03446039500000003,-0.3271811,0.024650275,-0.31670165,-0.0057003849999999745,-0.34721463999999996,-0.013839215000000016,-0.25578606,-0.046597865000000016,-0.25436315,0.013673815000000034,-0.14043397999999996,-0.009546985000000008,-0.11407113000000002,0.08928486499999999,-0.16696334000000002,0.08970979500000004,-0.15981421,0.012862655,-0.009400720000000029,-0.012862655,0.009400720000000029,0.03585705500000003,0.12913282000000004,-0.016462264999999976,0.20521962000000005,0.01499601500000003,0.27319032,-0.03415048500000001,0.34122962,0.02751303000000005,0.11535208000000002,0.07561104999999996,-0.026529360000000057,0.03705088000000001,0.14029201999999996,0.09925678000000004,-0.04574307999999999,0.022994400000000026,0.13853354000000007,-0.020861039999999997,0.14405749999999995,-0.0035996099999999753,0.19581890000000002,-0.017688220000000032,0.13600999999999996,-0.03275865,0.0014229099999999995,-0.02572531,0.018801440000000058,0.17511805561548613,0.19787571865670486
0.03770118,-0.29753341499999997,0.04184231000000005,-0.30715924499999997,0.03488121000000005,-0.320508115,0.023473800000000045,-0.31190862499999994,-0.006523519999999949,-0.342108865,-0.01434808999999998,-0.25193288499999994,-0.04684316999999999,-0.25258026499999997,0.00762841000000003,-0.1325753249999999,-0.007786179999999976,-0.11130566499999994,0.06555900000000003,-0.16401099499999994,0.08908878000000003,-0.15263746499999997,0.013166250000000046,-0.00854796499999999,-0.01316624999999999,0.00854796499999999,0.03786841000000002,0.137906835,-0.015696319999999986,0.20798117500000002,0.01840195,0.2864548050000001,-0.030786219999999975,0.34612733500000004,0.02197650000000001,0.11935756000000003,0.057930590000000004,-0.03143567000000003,0.039056990000000014,0.14127460000000003,0.09687496000000001,-0.04133180000000003,0.024702159999999973,0.1464548,-0.01946646000000002,0.14854797000000008,-0.0025300699999999954,0.19943321000000003,-0.01508989999999999,0.13814616000000002,-0.03249508000000001,-0.0006473800000000307,-0.026332500000000036,0.01709592999999998,0.16405411896488117,0.19088434719637384
0.039312440000000004,-0.2890652,0.04283611999999998,-0.29852967,0.03675507,-0.3119713,0.023585899999999993,-0.3031054,-0.005433330000000014,-0.33344599,-0.014584900000000012,-0.24382146,-0.04563124000000002,-0.24468439000000003,0.006413029999999986,-0.12834552,-0.004805800000000027,-0.10591455000000005,0.05380419999999997,-0.16067947999999999,0.09332005999999998,-0.14612647,0.0128085,-0.008147820000000028,-0.0128085,0.008147820000000028,0.03795426000000002,0.14289604,-0.014165470000000013,0.20944330999999994,0.02060456999999999,0.29422548000000004,-0.030695570000000005,0.35395358,0.020997929999999998,0.11547594,0.04739116999999998,-0.032333959999999995,0.04082543999999999,0.13876983999999998,0.09812586000000001,-0.04021191999999996,0.025145760000000017,0.15104386000000003,-0.01734969000000003,0.15132944000000004,-0.0013569700000000129,0.2012954899999999,-0.016530099999999992,0.14451027000000005,-0.031046340000000006,-0.0008629300000000395,-0.025617,0.016295640000000056,0.15794478377219548,0.18725337861485358
0.03971760499999999,-0.288672265,0.04329101499999999,-0.297580725,0.037660974999999985,-0.311224075,0.023808045,-0.302916555,-0.004024134999999984,-0.333819225,-0.01444198499999999,-0.246987925,-0.04546223500000002,-0.24702689499999997,0.005114955000000032,-0.13344308500000002,-0.0022223149999999747,-0.10841998499999994,0.044071114999999994,-0.167727945,0.096746375,-0.150822905,0.013091754999999983,-0.008317675000000024,-0.013091754999999983,0.008317675000000024,0.03756956500000003,0.14078297500000003,-0.014179954999999966,0.20913277500000005,0.01984883500000001,0.292248215,-0.03058491499999999,0.352451175,0.019556940000000023,0.11354483999999998,0.03895615999999996,-0.03428485999999997,0.04323992000000004,0.13860691000000003,0.09896868999999997,-0.042402920000000066,0.024477810000000044,0.14910065000000006,-0.017720730000000018,0.15146523999999995,-0.0010881999999999836,0.20081510000000002,-0.016404960000000024,0.14331839999999996,-0.031020250000000027,-3.896999999997153e-05,-0.026183509999999965,0.01663535000000005,0.1623925950512599,0.1933652993808178
0.040792720000000005,-0.28614369,0.044352820000000015,-0.29491018999999996,0.039125189999999976,-0.30874501,0.024790639999999975,-0.30029731,-0.0017699999999999938,-0.33177298,-0.013685360000000035,-0.24511634999999998,-0.04377246000000001,-0.24567150999999998,0.007109240000000017,-0.13344844999999994,-0.0005166300000000179,-0.10824391,0.04670283999999997,-0.16842267,0.09819708999999999,-0.14965211,0.012789439999999985,-0.00826165000000001,-0.012789439999999985,0.00826165000000001,0.038849109999999965,0.14143892999999996,-0.013078519999999982,0.21106418999999998,0.020308280000000012,0.29342935000000003,-0.03140748999999998,0.35417089,0.020794600000000052,0.11166790000000004,0.03959359999999995,-0.034974220000000056,0.043255829999999995,0.13742759999999998,0.09871372,-0.041408200000000006,0.02605966999999998,0.14970057999999997,-0.018540829999999953,0.15199042000000007,-0.0002890799999999971,0.20280253999999998,-0.01832897,0.14310670000000003,-0.030087099999999978,-0.000555159999999999,-0.02557887999999997,0.01652330000000002,0.16371215906889872,0.1930149357919705
0.04169716000000001,-0.283218875,0.04501311000000002,-0.291586015,0.0404659,-0.305903045,0.02493084000000001,-0.297150875,-0.00019816000000000278,-0.329813535,-0.013759419999999967,-0.24246637499999996,-0.04283950999999997,-0.244661305,0.010624640000000019,-0.13122370500000002,0.0007865599999999917,-0.10793917499999994,0.05311467000000003,-0.16807061499999998,0.09595293999999999,-0.14912837499999998,0.012285639999999987,-0.007905574999999998,-0.012285639999999987,0.007905574999999998,0.03960539000000002,0.14163038500000003,-0.01188306,0.21066942499999997,0.01970048000000002,0.293365325,-0.03143088999999999,0.355682225,0.024384059999999985,0.11124266999999993,0.04249003000000001,-0.036846909999999955,0.04362606999999996,0.13672213000000005,0.09516638,-0.04118920000000004,0.02731975000000003,0.14953596000000002,-0.019904909999999998,0.15173493999999998,0.0004025799999999857,0.20276384999999997,-0.01954782999999999,0.14501280000000005,-0.029080090000000003,-0.0021949300000000393,-0.024571279999999973,0.015811149999999996,0.16528717351610347,0.19072297096317184
0.04194463500000006,-0.28478137,0.04437220500000005,-0.29206636999999996,0.04167443500000001,-0.30627593,0.022944395000000062,-0.29755014999999996,0.00285553500000002,-0.33002421,-0.01435014499999998,-0.24456772,-0.04250382499999994,-0.24652524999999997,0.010933035000000035,-0.13577994999999998,0.0009326950000000389,-0.11122454999999998,0.05880451500000006,-0.17208057999999998,0.09905207500000002,-0.15525835,0.011948265000000013,-0.007957149999999968,-0.011948264999999958,0.007957149999999968,0.03976545500000006,0.13992715,-0.01229291499999996,0.20819305,0.01718663500000006,0.29155205000000006,-0.031162264999999967,0.35441345,0.025283180000000016,0.10878777,0.04787148000000002,-0.03630063,0.04343651999999998,0.1353007,0.09811937999999998,-0.04403380000000001,0.027817190000000047,0.14788429999999997,-0.02257882,0.15162490000000006,-0.0003446500000000019,0.20023590000000002,-0.018869350000000007,0.14622040000000003,-0.02815367999999996,-0.001957529999999985,-0.02389652999999997,0.015914299999999937,0.17068101370400696,0.19738382639002006
0.04240536499999997,-0.28836099500000006,0.04474687500000002,-0.29548034500000003,0.042059715,-0.30932185500000003,0.023518645000000005,-0.30052206500000006,0.0044440849999999865,-0.33222269500000007,-0.012051354999999986,-0.24689871500000005,-0.041688555000000016,-0.24973699500000007,0.017265615000000012,-0.136226795,0.00028964500000000504,-0.1151069950000001,0.079632425,-0.17034411500000007,0.09853621499999998,-0.15951392500000006,0.012248425000000007,-0.00785434500000004,-0.012248425000000007,0.00785434499999993,0.03970980499999999,0.13900643499999998,-0.013024054999999979,0.2075034349999999,0.015502895000000017,0.28763200499999997,-0.031550754999999986,0.35163700499999995,0.029316969999999998,0.11067192000000003,0.062366809999999995,-0.03411732000000006,0.04197820000000002,0.13462999999999997,0.09824656999999998,-0.044406929999999956,0.02746137999999998,0.14686078000000002,-0.02420690999999997,0.14862556999999998,-0.0007756299999999716,0.19964908999999997,-0.018526700000000007,0.14413357000000004,-0.02963720000000003,-0.0028382800000000263,-0.024496850000000014,0.01570868999999997,0.17590772811520508,0.2007121676997249
0.045123354999999976,-0.283791155,0.04684372499999995,-0.290610905,0.045019435,-0.304507825,0.02483193499999997,-0.295353975,0.008336624999999986,-0.327193165,-0.00962380500000004,-0.24212938499999997,-0.03843212500000004,-0.246522625,0.027075634999999987,-0.130592425,0.0031245549999999733,-0.110869255,0.10678284499999996,-0.162843585,0.10342280499999995,-0.15976076499999997,0.011608874999999963,-0.007190024999999989,-0.011608875000000018,0.007190024999999989,0.03952612499999997,0.144299175,-0.01095185500000001,0.20718857499999999,0.016088574999999994,0.293408425,-0.031057025000000016,0.355599675,0.03669944000000003,0.11153695999999996,0.07970720999999997,-0.03225116,0.04155668000000001,0.13565337,0.10029824999999998,-0.04889150999999997,0.027917250000000005,0.1514892,-0.023437549999999974,0.14910924999999997,0.0006570200000000082,0.19999855,-0.020105170000000006,0.14841110000000002,-0.02880832,-0.0043932400000000205,-0.02321774999999998,0.014380049999999978,0.18244482811588414,0.2027433197055984
0.04672540999999997,-0.28376164500000006,0.04750530999999997,-0.29034375500000004,0.04681286000000001,-0.30383208500000003,0.024472979999999978,-0.29535415500000006,0.010807459999999991,-0.32610362500000006,-0.008010469999999992,-0.24241718500000004,-0.036860820000000016,-0.24771681500000003,0.03036412999999999,-0.12869438500000008,0.003377209999999964,-0.112970385,0.10950040999999999,-0.16148368500000004,0.10255884999999998,-0.16271486500000004,0.01164483999999999,-0.006893245000000103,-0.01164483999999999,0.006893244999999992,0.03895459000000001,0.1451996149999999,-0.010587120000000005,0.20757827499999992,0.015701889999999996,0.2941515149999999,-0.03157162000000002,0.35513511499999995,0.03837459999999998,0.11372279999999996,0.07913628,-0.032789299999999966,0.04023802999999998,0.13474643000000003,0.09918164000000002,-0.049744480000000035,0.02730975000000002,0.15209286,-0.023252700000000015,0.14895190000000003,0.0010577199999999842,0.20068502999999993,-0.020984500000000017,0.14755684000000002,-0.028850350000000025,-0.00529963,-0.02328967999999998,0.013786490000000096,0.18295878420950026,0.2044734549700479
0.048579660000000024,-0.2786656449999999,0.04871268000000001,-0.2848653749999999,0.04890198000000001,-0.2981783549999999,0.025078120000000037,-0.2897572949999999,0.01345198000000003,-0.3199700249999999,-0.005894819999999967,-0.23772303499999992,-0.03427528999999996,-0.2432732949999999,0.03566933,-0.12390277499999991,0.005118520000000015,-0.1081366749999999,0.11181426,-0.1599445149999999,0.10058680000000003,-0.16139353499999992,0.01135448,-0.006507474999999929,-0.01135448,0.00650747500000004,0.03729564000000002,0.14977382500000014,-0.009305059999999976,0.2102283250000001,0.01685238,0.2981633750000001,-0.031312289999999965,0.3597272250000001,0.041564149999999966,0.11382026,0.07614493,-0.03604173999999999,0.039393809999999974,0.13513661999999999,0.09546828000000002,-0.05325686000000002,0.02594116000000002,0.15628130000000007,-0.02044326000000002,0.14838954999999998,0.002049420000000024,0.20372085000000006,-0.02200722999999999,0.1494989,-0.02838046999999999,-0.0055502599999999735,-0.02270896,0.01301494999999997,0.18339872584511047,0.20179593486256975
0.04822411500000001,-0.280429555,0.048523095000000016,-0.286370215,0.04881264499999999,-0.29957172499999996,0.02483627500000002,-0.29077523499999997,0.015236885000000033,-0.32053071499999997,-0.006348794999999963,-0.24050075499999995,-0.03277825499999998,-0.24463865499999998,0.027023345000000032,-0.12873815499999997,0.004014965000000037,-0.10978728500000001,0.09517988500000002,-0.16131635499999997,0.09838324500000001,-0.164289415,0.011024325000000001,-0.006270404999999979,-0.011024325000000001,0.006270404999999979,0.034950745000000005,0.15237174500000006,-0.011105955,0.20883794499999997,0.015437864999999995,0.298949005,-0.03265559499999998,0.358068645,0.033372139999999995,0.11176259999999999,0.06815653999999999,-0.0325782,0.036793220000000015,0.13485136999999997,0.09436827999999997,-0.05450212999999998,0.023926420000000004,0.15864215000000004,-0.01951288000000001,0.14657725999999993,-8.16299999999992e-05,0.20256754,-0.02154963999999998,0.14923070000000005,-0.026429460000000016,-0.004137900000000028,-0.022048650000000003,0.012540809999999958,0.1764125984455648,0.20263432229446543
0.048566650000000045,-0.28298941499999997,0.04884179000000005,-0.28836677499999996,0.049758150000000057,-0.30212950499999996,0.024502320000000022,-0.292283295,0.017449450000000033,-0.32322183499999996,-0.007892349999999937,-0.24270290499999997,-0.03079731999999996,-0.247524415,0.01838525000000002,-0.129048975,0.005537050000000043,-0.11419001500000003,0.07482155000000007,-0.143585415,0.09757839000000007,-0.16712275499999996,0.010116830000000021,-0.005515724999999971,-0.010116829999999966,0.005515724999999971,0.03219505000000006,0.155526485,-0.012235269999999965,0.20525822500000002,0.01554690000000003,0.300704725,-0.03310630999999997,0.355377225,0.026277599999999957,0.11365392999999996,0.05643630000000005,-0.014536439999999984,0.036334370000000005,0.13333439999999996,0.09204134000000003,-0.05293273999999992,0.022078220000000037,0.16104220999999996,-0.016648150000000028,0.14517824000000001,-0.002118439999999999,0.19974250000000005,-0.020871040000000007,0.150119,-0.022904970000000024,-0.004821510000000029,-0.020233659999999987,0.011031449999999943,0.15247931035709242,0.20347556410428938
0.05003407500000001,-0.28082818499999995,0.05034294500000003,-0.28589094499999995,0.05182817500000003,-0.299699195,0.025863615000000006,-0.290627755,0.020890834999999996,-0.321783285,-0.0076432550000000155,-0.24381792499999994,-0.02734670499999997,-0.24710582499999995,0.016589905000000016,-0.13005642499999992,0.00819951499999999,-0.11605102499999997,0.066813075,-0.12541382499999998,0.09832644499999998,-0.16819418499999994,0.009080974999999991,-0.005791325000000014,-0.009080974999999991,0.005791325000000014,0.031846275000000035,0.15275981500000002,-0.010444644999999975,0.20366772500000008,0.017464635000000006,0.298908375,-0.03281328499999997,0.35555257500000004,0.02423316000000003,0.11376150000000002,0.050223169999999984,0.004642599999999941,0.03554621999999996,0.13105479999999997,0.09012693,-0.052143159999999966,0.022765300000000044,0.15855114000000003,-0.014381640000000029,0.14614855999999998,-0.0013636699999999835,0.19787640000000006,-0.022368639999999995,0.15188484999999996,-0.019703449999999956,-0.0032879000000000103,-0.018161949999999982,0.011582650000000028,0.1328252155152025,0.20446836322770442
0.05318867999999993,-0.27741834,0.05281644999999996,-0.28287287,0.05504004999999995,-0.29557156999999995,0.027532719999999955,-0.28771069,0.025164649999999955,-0.31612667,-0.0053129500000000385,-0.24222421,-0.022380620000000018,-0.24310826999999996,0.017961499999999964,-0.12958572999999995,0.010178169999999931,-0.11614517000000002,0.06477030999999994,-0.11184636999999997,0.09855546999999998,-0.16161184999999995,0.00817578999999996,-0.006251029999999935,-0.008175790000000016,0.006251030000000046,0.029959549999999946,0.15163500000000008,-0.00913108000000007,0.20580273000000004,0.021601379999999948,0.29794813,-0.030439290000000063,0.35866613,0.023274450000000002,0.11263848000000004,0.04680880999999998,0.017739359999999982,0.03255878999999995,0.12696309999999994,0.08837730000000005,-0.045466679999999926,0.021783759999999985,0.15788603,-0.008358169999999998,0.1463131299999999,-0.000955290000000053,0.1995517,-0.021308209999999994,0.15286339999999998,-0.01706766999999998,-0.0008840599999999643,-0.016351579999999977,0.012502059999999982,0.11980532343659027,0.19892085949714272
0.05529503000000002,-0.27819420000000006,0.05465226000000001,-0.2834808000000001,0.05720092999999998,-0.29624900000000004,0.02884983000000002,-0.2880695000000001,0.02734608999999999,-0.31631650000000006,-0.004559709999999995,-0.2433762200000001,-0.01980019999999999,-0.24432256000000008,0.01870326,-0.1286406000000001,0.013408110000000029,-0.11619930000000012,0.062453460000000016,-0.11124440000000002,0.098974,-0.1623963300000001,0.00782271000000001,-0.006137300000000012,-0.00782271000000001,0.006137299999999901,0.029247269999999992,0.15090819999999994,-0.008270789999999972,0.2058287299999999,0.024863670000000004,0.2956255,-0.03092285,0.35858309999999993,0.023262969999999994,0.11473561999999998,0.04375020000000002,0.017396200000000084,0.03320831000000002,0.12812325999999996,0.08556588999999998,-0.04619702999999997,0.02142455999999998,0.15704549999999995,-0.0043835999999999875,0.14471730000000005,-0.00044807999999996184,0.19969143,-0.02265206000000003,0.15275437000000003,-0.015240489999999995,-0.00094633999999999,-0.01564542000000002,0.012274599999999913,0.11845683313330853,0.1995222336177124
0.06311319999999998,-0.27446596,0.06320224999999996,-0.28143224,0.06481584999999995,-0.29313314,0.03869602999999999,-0.28616446,0.03554961999999995,-0.31324473,0.0020232899999999554,-0.23990436000000004,-0.006469030000000042,-0.24311826000000003,0.02858788999999995,-0.12430400000000008,0.022614669999999948,-0.11756425999999998,0.06517548999999995,-0.10158425999999998,0.10678026999999995,-0.15843206000000004,0.0057284699999999855,-0.004400190000000026,-0.005728470000000041,0.004400190000000026,0.03351844999999998,0.15562173999999995,-0.0010510900000000323,0.19749393999999998,0.03716752999999995,0.30710614,-0.02104591,0.35385263999999994,0.026564599999999994,0.11560035999999996,0.0365876,0.0227197400000001,0.02908369999999999,0.12555400000000005,0.08416560000000001,-0.040867800000000065,0.027789979999999992,0.16002192999999998,0.0036490799999999712,0.15148440000000007,0.004677380000000009,0.19309374999999995,-0.01999481999999997,0.15635869999999996,-0.008492319999999998,-0.0032138999999999918,-0.011456940000000027,0.008800380000000052,0.11392406088550955,0.1979205856308285
0.06358610999999997,-0.26984082000000004,0.06397744,-0.27658183000000003,0.06506862000000002,-0.28815315,0.04030246999999998,-0.28118000000000004,0.03578631999999998,-0.30809980000000003,0.006101870000000009,-0.2368674,-0.006794670000000003,-0.24143040000000004,0.029983170000000003,-0.11864574000000006,0.024083630000000023,-0.11667159999999999,0.056807300000000005,-0.0923465,0.10585334000000002,-0.15490107000000003,0.007483110000000015,-0.00381980000000004,-0.007483110000000015,0.003819799999999929,0.031524070000000015,0.15958549999999994,-0.0036236700000000233,0.2002946,0.036753550000000024,0.3118259,-0.02134613000000002,0.35804766,0.023881299999999994,0.11822165999999995,0.02682413,0.026299240000000057,0.030878300000000025,0.12475880000000006,0.08176971,-0.03822947000000004,0.02404096,0.16340529999999998,0.0052294800000000086,0.15224040000000005,0.0038594399999999918,0.19647480000000006,-0.017722459999999995,0.15775306,-0.012896540000000012,-0.004563000000000039,-0.01496622000000003,0.007639599999999969,0.10134027990905735,0.19503196013002433
0.07022652000000001,-0.26843375,0.0706752,-0.27540370000000003,0.07171526,-0.28705512000000005,0.04640103000000001,-0.28004865000000007,0.042338490000000006,-0.30706583000000004,0.009315699999999982,-0.23601072000000006,0.00011263000000000245,-0.24154445000000008,0.03281173999999998,-0.1136841500000001,0.03292772999999999,-0.11585865000000006,0.06308434000000002,-0.08671845,0.11364005999999999,-0.15467059000000005,0.006546759999999985,-0.0035231500000000304,-0.006546759999999985,0.0035231499999999194,0.03397055999999998,0.16011664999999997,0.00015879000000001975,0.20079744999999993,0.04162952999999997,0.31208864999999997,-0.019452899999999995,0.35805374999999995,0.023496039999999996,0.12232656999999997,0.03027260000000004,0.026965700000000092,0.032815099999999986,0.12568580000000001,0.08071233,-0.03881193999999999,0.027423799999999998,0.1636398,0.007658969999999987,0.151972,0.0067055500000000046,0.1972743,-0.019611690000000015,0.15725630000000002,-0.00920306999999998,-0.0055337300000000145,-0.01309351999999997,0.00704629999999995,0.10058805045504361,0.19867091150165891
0.07446225000000001,-0.2663045100000001,0.07527153000000003,-0.2729518500000001,0.07659920000000003,-0.28526192000000006,0.050451440000000014,-0.2777755500000001,0.04725613000000001,-0.3066038900000001,0.010297080000000014,-0.23608835000000006,0.0037756700000000087,-0.2427874100000001,0.032639130000000016,-0.11244218000000006,0.03885482000000001,-0.1170675000000001,0.06172349999999999,-0.08253990000000011,0.11782144,-0.1531717500000001,0.005914670000000011,-0.0033442500000000486,-0.005914670000000011,0.0033442499999999376,0.035328230000000016,0.16186414999999987,0.0024992000000000347,0.2040727899999999,0.045572539999999995,0.31689418999999996,-0.016786259999999997,0.36283690999999996,0.022342050000000002,0.12364617,0.02908436999999997,0.029902279999999948,0.03507915,0.12571991,0.07896661999999999,-0.036104250000000004,0.029413560000000005,0.16520839999999992,0.010244309999999979,0.1550300400000001,0.008413870000000045,0.20072853999999996,-0.019285460000000032,0.15876412000000006,-0.006521410000000005,-0.006699060000000034,-0.011829340000000022,0.006688499999999986,0.0968843459228136,0.19951912984456432
0.07933686499999998,-0.26892082,0.07947030499999996,-0.27537337,0.08188505499999998,-0.28694167,0.053459624999999955,-0.28122575,0.05382968499999996,-0.30826027,0.011176924999999949,-0.24128080000000002,0.011111364999999984,-0.24623737,0.030697534999999998,-0.11780226999999999,0.046980244999999976,-0.12040753000000004,0.06220884499999996,-0.08361996999999999,0.12601394499999996,-0.15370920999999999,0.004075424999999966,-0.0034912299999999563,-0.004075425000000021,0.0034912299999999563,0.03675894499999999,0.15811293000000004,0.006549934999999951,0.19998433000000004,0.04710620499999996,0.3120231,-0.015505835000000023,0.35581113,0.01952061000000005,0.12347853000000003,0.03151130999999996,0.0341823,0.03586887999999999,0.12582983999999997,0.07903369999999998,-0.033301679999999945,0.03268352000000002,0.16160416,0.01034725999999997,0.15391016999999996,0.010625359999999973,0.1964931000000001,-0.022055769999999975,0.15582679999999993,-6.555999999996454e-05,-0.0049565699999999935,-0.008150849999999987,0.006982459999999913,0.09899550239725037,0.2040471085881652
0.08194734000000004,-0.27977999,0.08182696,-0.28598778,0.08496159000000003,-0.29688913,0.05474644000000001,-0.29237508,0.0580774,-0.31810243,0.010300340000000019,-0.25207268,0.015599240000000014,-0.25645449,0.022467760000000003,-0.12808023000000002,0.05251527,-0.13280093000000004,0.06148866000000003,-0.09064532999999997,0.13323158000000002,-0.16284167,0.0024195599999999873,-0.003521329999999989,-0.0024195599999999873,0.003521329999999989,0.033531160000000004,0.15848046999999998,0.006817440000000008,0.19949037000000003,0.03974433999999999,0.30863997,-0.01326976000000002,0.34870471000000003,0.012167419999999984,0.12399244999999998,0.039020900000000025,0.03743490000000005,0.03691602999999999,0.12365355999999994,0.08071631000000001,-0.030040739999999955,0.031111600000000017,0.16200179999999997,0.006213179999999985,0.1501595,0.009236999999999995,0.19596904000000004,-0.020087200000000027,0.14921434,0.005298899999999995,-0.004381809999999986,-0.0048391199999999746,0.007042659999999978,0.10526039117735599,0.21465758675690827
0.08377730500000002,-0.284140425,0.08324476500000005,-0.290506145,0.08700129500000003,-0.301363785,0.05494689500000005,-0.29728927499999996,0.060327255000000024,-0.322846525,0.008536135000000056,-0.255274195,0.018402635000000056,-0.26122456499999996,0.018053175000000032,-0.12693636499999994,0.055168205000000026,-0.13818692499999996,0.061770495000000036,-0.09386497500000002,0.13408285500000006,-0.167120895,0.0008777650000000303,-0.0034679250000000383,-0.0008777649999999748,0.0034679250000000383,0.032785885000000015,0.15385533500000004,0.008197305000000044,0.196733975,0.03885739500000002,0.303405825,-0.009766194999999978,0.343300375,0.009517039999999977,0.12833783000000004,0.043717320000000004,0.03307138999999992,0.03676556999999997,0.12303764,0.07891465000000003,-0.02893397000000003,0.031908119999999984,0.15732326000000008,0.006071510000000002,0.14955048999999998,0.009075070000000018,0.19326604999999997,-0.01796350000000002,0.14656639999999999,0.0098665,-0.005950369999999983,-0.0017555300000000051,0.006935850000000077,0.10899335399718368,0.21751991738637824
0.08538921500000002,-0.27214672000000006,0.08411405500000002,-0.27870624000000005,0.08938674500000005,-0.28973405,0.05448715500000001,-0.28892203000000005,0.06331951499999999,-0.31490473,0.005644395000000024,-0.25253960000000003,0.023166725,-0.25906454000000007,0.017679915000000046,-0.11868640000000008,0.06078199500000003,-0.13462770000000002,0.06419519500000004,-0.0875026000000001,0.136173535,-0.16504490000000005,-0.0012227750000000093,-0.003441699999999992,0.0012227750000000093,0.003441699999999992,0.03439279500000003,0.15333615,0.00869051500000001,0.19994645,0.047443915,0.3051775,-0.013066104999999995,0.346881,0.012035520000000022,0.13385319999999995,0.04651527999999999,0.031183799999999984,0.037615270000000034,0.12443684000000005,0.07539153999999998,-0.030417200000000033,0.03561557000000004,0.15677785,0.013051119999999972,0.15184134999999999,0.0074677400000000005,0.19650475,-0.021756620000000004,0.14693455,0.017522329999999975,-0.006524940000000035,0.0024455500000000185,0.006883399999999984,0.1065164105090428,0.21586903901240126
0.08946584500000004,-0.27227456999999994,0.08778770500000005,-0.2794611699999999,0.09281205500000006,-0.28960853,0.05766784500000005,-0.29039217999999994,0.06666572500000006,-0.31397594999999995,0.00989906500000004,-0.25357894999999997,0.027151185000000022,-0.25987176999999995,0.020079875000000025,-0.1183728799999999,0.06508373500000003,-0.1378845299999999,0.06542866500000005,-0.08698298999999998,0.13958668500000004,-0.16521956999999993,-0.0011739849999999885,-0.003294669999999944,0.001173985000000044,0.003294670000000055,0.031682085000000026,0.1549466100000001,0.008818555000000061,0.20134087,0.043805885000000044,0.3046806700000001,-0.010677944999999966,0.34539867,0.010180809999999985,0.13520607000000007,0.04534879000000003,0.03138988999999992,0.03793255000000001,0.12198724000000005,0.07450295000000001,-0.027335040000000033,0.032856070000000015,0.15824128000000004,0.012123800000000018,0.14973406,0.007644570000000017,0.19804619999999995,-0.019496500000000028,0.1440578,0.017252119999999982,-0.006292819999999977,0.0023479700000000325,0.006589339999999999,0.10695628963013307,0.21807137502218762
0.09368849000000001,-0.26564676000000004,0.09149839999999998,-0.27302239,0.09671592000000001,-0.28269387,0.06115128999999997,-0.28379167000000005,0.07091522,-0.30601276000000005,0.014375550000000015,-0.24788223000000004,0.03217575,-0.25530646,0.02479498999999996,-0.11374653000000001,0.07099171999999998,-0.13771023000000004,0.06839907,-0.08096783000000007,0.1451424,-0.16256813000000003,-0.0009950499999999973,-0.002826370000000078,0.0009950499999999973,0.002826369999999967,0.034586989999999984,0.15485061999999994,0.010543609999999981,0.19993786999999996,0.050298449999999995,0.30445517,-0.010556100000000013,0.34643356999999997,0.010419439999999947,0.13413570000000002,0.043604080000000045,0.03277869999999994,0.03881596999999998,0.11759622999999997,0.07415068000000002,-0.02485789999999999,0.03558203999999998,0.15767699000000002,0.01571146000000001,0.14960455000000006,0.009548559999999984,0.1971115,-0.021099709999999994,0.1464957,0.017800199999999988,-0.007424229999999976,0.0019900999999999947,0.005652740000000045,0.10450661061151108,0.21939416387468583
0.09321391499999998,-0.257947455,0.092109565,-0.265743505,0.095165795,-0.27570908499999996,0.06417384500000001,-0.277033335,0.069231965,-0.299643885,0.019180415000000006,-0.241360525,0.03323659499999998,-0.25115315499999996,0.02808786499999999,-0.10948388499999995,0.07537809499999998,-0.13699978499999999,0.068210465,-0.07145448499999996,0.145849585,-0.152959505,0.00036999500000001184,-0.0017836150000000162,-0.00036999500000001184,0.0017836150000000162,0.033565045000000016,0.164555365,0.00746891500000002,0.20508598499999997,0.048733625,0.30990557500000004,-0.011603735000000004,0.353793115,0.008907449999999983,0.13187664000000004,0.04012260000000001,0.03802939999999999,0.0421415,0.11415336999999998,0.07047149000000003,-0.01595972000000001,0.033195050000000004,0.16633898000000003,0.015168579999999987,0.14535021000000004,0.007838910000000032,0.20330236999999995,-0.019072650000000024,0.14870713000000002,0.014056179999999974,-0.009792629999999969,-0.0007399900000000237,0.0035672300000000323,0.09724381469470328,0.21289809478412625
0.09509712999999997,-0.25292125000000004,0.09464890999999998,-0.26079287,0.09655952999999995,-0.27034745000000004,0.06859360999999997,-0.27194525,0.07095557999999996,-0.29369485,0.024680079999999938,-0.23780605000000005,0.035867509999999936,-0.24856608000000002,0.030489629999999934,-0.10606385000000007,0.07752355999999994,-0.13664949999999998,0.06736585999999994,-0.06634185000000004,0.15047025999999997,-0.14729963000000001,0.001543289999999975,-0.0015337500000000004,-0.0015432900000000305,0.0015337500000000004,0.03204680999999998,0.15932084999999996,0.005432409999999943,0.20155725000000002,0.04975014999999994,0.30357002,-0.014970590000000061,0.35533832,0.005809549999999997,0.13174219999999998,0.03687623000000001,0.039722000000000035,0.04165605,0.11191658000000004,0.07294670000000003,-0.010650130000000035,0.030503520000000006,0.16085459999999996,0.017703339999999956,0.14424917000000004,0.006975699999999974,0.20002350000000002,-0.020403000000000004,0.15378106999999996,0.011187429999999998,-0.010760029999999976,-0.0030865800000000054,0.0030675000000000008,0.09237261795042348,0.21274278926870097
0.10079200500000002,-0.25498229,0.09982496500000004,-0.26319173,0.10214932500000001,-0.27180735,0.07275219500000002,-0.27376333,0.07746986500000003,-0.29305688,0.028104915000000008,-0.23958841000000003,0.04232390500000005,-0.24867935000000002,0.031540345000000025,-0.10757545000000002,0.08292622500000002,-0.13845375000000004,0.07066496500000002,-0.06413844999999996,0.15601448500000004,-0.14567298,0.0007192050000000005,-0.0018894499999999592,-0.0007192050000000005,0.0018894499999999592,0.03218538500000001,0.15597804999999998,0.007724095000000042,0.20105158999999995,0.05110339500000005,0.29987955,-0.013356254999999984,0.3540141,0.003435430000000017,0.13201296,0.03912462,0.04343700000000006,0.04060231999999997,0.11022559999999998,0.07308826000000002,-0.007219229999999965,0.03146618000000001,0.15786749999999994,0.01891801000000004,0.14390150000000002,0.008443300000000042,0.19916214,-0.021080350000000025,0.15296251000000005,0.014218990000000042,-0.009090939999999992,-0.001438410000000001,0.0037788999999999184,0.09363411420512079,0.21526755521564553
0.09993213000000001,-0.25262692,0.09795889000000002,-0.26127829999999996,0.10117531000000002,-0.26869329999999997,0.06997124999999998,-0.27561157,0.07798602999999998,-0.29075865999999995,0.026950980000000013,-0.24449713999999995,0.044944649999999975,-0.24761209999999995,0.027687430000000013,-0.11589519999999998,0.08155458999999998,-0.14175159999999998,0.06455689999999997,-0.05521149999999997,0.16048418999999997,-0.14855961999999995,-0.000901350000000023,-0.0030092999999999925,0.000901350000000023,0.0030092999999999925,0.025620069999999995,0.16045500000000001,0.006125050000000021,0.20801210000000003,0.043036189999999974,0.2963667,-0.018677,0.35426507000000007,0.0007364499999999996,0.12860193999999997,0.03686946999999996,0.06068370000000001,0.03660994000000001,0.10586049999999997,0.07892959999999999,-0.00680801999999997,0.026521420000000018,0.1634643,0.01741611999999998,0.13591169999999997,0.005223699999999998,0.20500280000000004,-0.02480205000000002,0.14625297000000004,0.01799366999999996,-0.00311496,0.001802700000000046,0.006018599999999985,0.0837248599754129,0.2200904821486653
0.10388902,-0.24816806000000002,0.10141604999999998,-0.25644160000000005,0.10557896,-0.26413645,0.07207373,-0.27082784000000004,0.08258455999999997,-0.2863624,0.027632749999999984,-0.24244623000000004,0.04877212999999997,-0.24451728000000006,0.030020119999999983,-0.11721380000000003,0.08683126999999996,-0.13879312000000005,0.06548398999999999,-0.047504350000000084,0.16522013999999996,-0.13766892000000003,-0.0017564600000000152,-0.0031214999999999993,0.0017564599999999597,0.0031214999999999993,0.028491319999999987,0.16040349999999992,0.010088739999999985,0.20826559999999994,0.046412110000000006,0.2981463999999999,-0.018390679999999993,0.3564231,0.0023873699999999998,0.12523243,0.03546387000000001,0.06970944999999995,0.03805913999999999,0.10572416000000001,0.07838887,0.0011242000000000196,0.030247780000000002,0.16352499999999992,0.01792079000000002,0.1377429,0.008332280000000025,0.20514409999999994,-0.028479419999999978,0.14815750000000005,0.021139379999999985,-0.0020710500000000187,0.003512919999999975,0.0062429999999999986,0.08056745925201445,0.2157366845089606
0.10562646000000003,-0.245125025,0.10375776000000003,-0.254266505,0.10711061999999999,-0.261636295,0.07509252999999999,-0.269627755,0.08535669000000001,-0.284344415,0.02729766,-0.24264467499999998,0.05417112000000002,-0.24334610499999998,0.026895200000000008,-0.117611625,0.09177739000000001,-0.13764039500000003,0.06472838000000003,-0.03916602499999999,0.16771436,-0.13046972499999998,-0.003516740000000018,-0.0031274249999999615,0.003516740000000018,0.0031274249999999615,0.02700459999999999,0.16166153500000002,0.010438920000000018,0.20938887500000003,0.04870964,0.296858815,-0.01724681,0.354394345,-0.0004024599999999934,0.12503304999999998,0.03783318000000002,0.0784456,0.03760627,0.10570570999999995,0.07593696999999999,0.007170670000000046,0.030521340000000008,0.16478895999999998,0.02170504000000001,0.13519727999999998,0.00692218,0.20626145000000007,-0.02768573000000002,0.14500546999999997,0.026873460000000016,-0.0007014300000000029,0.007033480000000036,0.006254849999999923,0.07717627286786016,0.21168149872340492
0.10351127500000001,-0.23898107000000007,0.10150649499999997,-0.24858390000000008,0.10493349499999999,-0.2549841000000001,0.073190125,-0.2660418000000001,0.084200475,-0.2782819000000001,0.024368394999999987,-0.2424581400000001,0.05579793500000002,-0.23870287000000007,0.019307224999999983,-0.12515733000000007,0.09170931500000001,-0.1363748400000001,0.053482395000000016,-0.03513720000000009,0.167205695,-0.11930994000000006,-0.004944565000000012,-0.003795100000000051,0.004944565000000012,0.00379509999999994,0.024151715000000018,0.16135769999999994,0.008531495,0.21114285999999993,0.04578885500000002,0.29939605999999996,-0.020367444999999984,0.3577324999999999,-0.005061170000000004,0.11730081000000003,0.03417517000000003,0.09002012999999998,0.03591137999999999,0.10232802999999996,0.07549637999999997,0.01706490000000005,0.02909628000000003,0.1651528,0.02163714,0.13803836000000003,0.003586929999999988,0.20734776,-0.028898939999999984,0.14658963999999997,0.031429540000000034,0.0037552700000000327,0.009889130000000024,0.007590199999999991,0.06630261599101205,0.20367504801098854
0.10585976000000002,-0.24195343999999996,0.10260916000000003,-0.25135493999999997,0.10715821000000003,-0.25756362,0.07199496,-0.272304,0.08626008000000002,-0.28261513,0.018128220000000028,-0.25097716,0.06096351,-0.24333911999999996,-0.002915769999999984,-0.13436868000000002,0.09777802000000002,-0.14435057999999995,0.02650303000000004,-0.02601827999999995,0.17469747999999996,-0.12387832999999993,-0.00798403999999997,-0.005580220000000025,0.007984040000000026,0.005580220000000025,0.023861650000000012,0.15959367000000002,0.007524340000000018,0.21031042,0.04541135000000002,0.28906735000000006,-0.02515693999999996,0.35687802,-0.021043990000000012,0.11660847999999996,0.029418800000000023,0.10835040000000007,0.03681451000000002,0.09898854000000001,0.07691945999999994,0.020472250000000025,0.03184568999999998,0.16517389000000005,0.021549700000000005,0.12947368000000004,-0.0004597000000000073,0.20473019999999997,-0.03268127999999998,0.14656760000000002,0.04283528999999997,0.007638040000000013,0.015968079999999996,0.01116044000000005,0.04008830619705075,0.21107554866619693
0.11170642999999997,-0.23441827499999995,0.10803739999999995,-0.24419551499999997,0.11324562999999993,-0.24998497499999994,0.07648952999999997,-0.26555725499999994,0.09221427999999998,-0.27512227499999997,0.02102499999999996,-0.24456750499999996,0.06724457999999994,-0.23684963499999995,-0.0005935000000000246,-0.124151275,0.10778831999999994,-0.13654121499999994,0.03163759999999993,-0.018638474999999932,0.18365483999999999,-0.11318397499999999,-0.008998300000000015,-0.005870074999999919,0.008998299999999959,0.00587007500000003,0.02571903999999997,0.161458165,0.008599359999999945,0.21627152500000002,0.04694436999999996,0.293356725,-0.022120300000000037,0.3645783250000001,-0.021618499999999985,0.12041622999999996,0.03223109999999996,0.10551280000000007,0.040543739999999995,0.10030842000000001,0.07586652000000005,0.023357239999999946,0.034717339999999985,0.1673282399999999,0.021225329999999987,0.13189856,-0.0003989400000000143,0.21040145,-0.030719659999999982,0.14830680000000007,0.04621957999999998,0.0077178700000000156,0.017996599999999974,0.01174014999999995,0.042594699287235215,0.2113735408847903
0.11294515,-0.23466147999999992,0.10924666999999999,-0.24493812999999992,0.11409734999999999,-0.24999751999999992,0.07751144999999998,-0.26632286999999993,0.09291044999999998,-0.2741387099999999,0.01970791999999999,-0.24487988999999993,0.07017054999999994,-0.23600084999999993,-0.012527850000000007,-0.1268018999999999,0.11208468999999999,-0.1414508699999999,0.005549369999999942,-0.011077689999999918,0.18530294999999997,-0.11194561999999986,-0.009895750000000036,-0.005840149999999933,0.009895749999999981,0.005840150000000044,0.024006649999999963,0.16116045000000012,0.00744497999999999,0.21538055000000011,0.044436689999999945,0.29486460000000014,-0.02225539000000004,0.36210125000000004,-0.03223577,0.11807799000000002,0.01807721999999995,0.11572421,0.041914140000000044,0.09454998000000003,0.07321825999999998,0.02950525000000004,0.0339024,0.16700060000000005,0.020430039999999983,0.13370415000000002,-0.002450769999999991,0.20954040000000007,-0.02970037000000003,0.14672069999999993,0.05046262999999995,0.008879040000000005,0.019791500000000017,0.011680299999999977,0.01630900233202507,0.2112845792440444
0.11232472500000001,-0.233948355,0.107499495,-0.24474910500000002,0.113705675,-0.24910302499999998,0.074062715,-0.267013325,0.09339089499999997,-0.272555895,0.014586765000000002,-0.246304725,0.07421684499999998,-0.23488152499999998,-0.03374385499999999,-0.13094506500000003,0.115736495,-0.14177328500000003,-0.04701317500000002,-0.0035501749999999888,0.18411644499999996,-0.10233986500000003,-0.01206438500000001,-0.005706074999999977,0.01206438500000001,0.005706074999999977,0.01984714500000001,0.16169464499999997,0.0050006949999999994,0.21485673500000002,0.042915865,0.295947905,-0.025172214999999998,0.362628635,-0.04833061999999999,0.11535965999999997,-0.013269320000000029,0.12739489000000004,0.04151965000000002,0.09310823999999995,0.06837994999999997,0.03943342,0.03191153000000002,0.16740071999999995,0.023068719999999987,0.13425326000000004,-0.007063690000000011,0.20915066000000004,-0.030172909999999997,0.14777189999999996,0.059630079999999974,0.011423200000000022,0.02412877000000002,0.011412149999999954,0.03501522279343801,0.20316455522735058
0.115880325,-0.22990933500000005,0.110741445,-0.24077601500000007,0.11711723499999999,-0.24528836500000006,0.07659075500000001,-0.26369942500000004,0.09565948499999999,-0.2696081450000001,0.013903455000000009,-0.24252686500000004,0.07864691499999998,-0.23296936500000004,-0.03932594500000003,-0.12661991500000003,0.123187465,-0.14048031500000008,-0.05913131500000002,-0.0003437150000000777,0.18452234500000003,-0.09387282500000005,-0.013403015000000018,-0.0053258350000000565,0.013403015000000018,0.0053258349999999455,0.020469915000000005,0.162050335,0.004972205000000007,0.21577973499999992,0.04300965499999998,0.29729058499999994,-0.023959814999999995,0.3625533849999999,-0.05322940000000004,0.11590695000000001,-0.01980536999999999,0.12627619999999995,0.04454055000000001,0.09248904999999996,0.061334880000000036,0.04660749000000003,0.03387293000000002,0.16737617000000005,0.022539739999999975,0.13524024999999995,-0.00843081000000001,0.21045389999999997,-0.028932020000000003,0.14677364999999998,0.06474345999999997,0.009557499999999997,0.026806030000000036,0.010651670000000002,0.045998901514975335,0.19779332457250548
0.109703265,-0.21838689999999994,0.105523425,-0.22952734999999996,0.111099685,-0.23397191999999994,0.07374372499999998,-0.2522497799999999,0.090808475,-0.25868474999999996,0.020856724999999965,-0.23546072999999995,0.06987282499999997,-0.22314599999999996,0.014972445000000001,-0.13233667999999993,0.11092362499999997,-0.12752741999999995,0.05314392499999998,-0.02308603999999992,0.178103055,-0.0818139,-0.010710174999999988,-0.004493299999999922,0.010710174999999988,0.004493300000000033,0.013493525000000006,0.16818870000000008,-5.515000000011483e-06,0.2183695000000001,0.04120099499999996,0.31464080000000005,-0.024476235000000013,0.3680896,-0.005884279999999964,0.10312405000000002,0.03817147999999998,0.10925064000000001,0.0410508,0.09561858000000001,0.06717943000000004,0.04571351999999995,0.024203699999999995,0.172682,0.027707469999999956,0.14645209999999997,-0.01071569,0.21387620000000007,-0.02447072,0.1497200999999999,0.04901610000000001,0.012314729999999996,0.021420349999999977,0.008986599999999956,0.06650591001946816,0.18833297386951234
0.11085497999999999,-0.22073233000000003,0.10610673000000004,-0.23217710000000003,0.11215898000000002,-0.23613059000000003,0.07376113000000001,-0.25432129000000003,0.09247863,-0.25950873,0.02489832000000003,-0.23678019,0.06997227,-0.22522459,0.02427267999999999,-0.13728621000000002,0.11178895,-0.13384909,0.06055917999999999,-0.036786089999999994,0.18006891000000003,-0.08400609000000003,-0.00943598000000001,-0.004393250000000015,0.00943598000000001,0.004393250000000015,0.012256770000000028,0.16419103999999995,-0.002135879999999979,0.21662978,0.04015052000000002,0.31207531,-0.02461995,0.36590155999999996,-0.0006256400000000384,0.09949397999999998,0.0362865,0.10050012000000003,0.041816679999999995,0.0913755,0.06827996000000003,0.04984299999999997,0.02169275000000004,0.16858428999999997,0.027893749999999995,0.14788427000000004,-0.01157185999999999,0.21223652999999998,-0.022484070000000023,0.14927177999999997,0.045073949999999974,0.0115556,0.01887196000000002,0.00878650000000003,0.07712728769178388,0.19217190250611693
0.11532170999999997,-0.22354876,0.10871840999999999,-0.23506342000000002,0.11667024999999998,-0.23833288000000002,0.07327684999999995,-0.25879650000000004,0.09795424999999996,-0.26123252,0.018775149999999963,-0.23939629,0.08062408999999998,-0.23007565000000002,-0.01735498000000002,-0.13222574000000004,0.12140434999999994,-0.14838462000000002,-0.026740710000000056,-0.016043740000000084,0.18354755,-0.08649214000000005,-0.013257850000000015,-0.005141820000000075,0.01325784999999996,0.005141819999999964,0.013526309999999986,0.16296312000000002,0.001008949999999953,0.21780261999999995,0.040714519999999976,0.30207452,-0.02712290000000006,0.36767426999999997,-0.03613012999999998,0.10717054999999998,-0.009385730000000037,0.11618199999999995,0.04078025999999996,0.08169103,0.062143200000000065,0.06189247999999997,0.02678416,0.1681049400000001,0.02718820999999999,0.1391114,-0.012248900000000007,0.21266079999999998,-0.028131850000000014,0.14987165000000002,0.06184894000000002,0.009320639999999991,0.026515699999999975,0.010283640000000038,0.01733895537412797,0.1933788110196451
0.11420412500000005,-0.22476990500000005,0.10779624500000007,-0.23617910500000006,0.11503534500000007,-0.24007015500000006,0.07298569500000007,-0.25970530500000005,0.09559093500000004,-0.26341020500000006,0.022964405000000077,-0.24022998500000003,0.07725476500000006,-0.23259700500000002,0.004976115000000059,-0.13725387500000003,0.12134181500000008,-0.15071716500000004,0.011196305000000073,-0.03401850500000003,0.1832517250000001,-0.08821326500000004,-0.011350884999999977,-0.004687845000000079,0.011350885000000033,0.004687844999999968,0.011906045000000032,0.164284235,-0.0019047949999999592,0.21638189499999994,0.03963072500000003,0.302757445,-0.028421054999999973,0.364812135,-0.017988290000000018,0.10297611000000001,0.006220190000000014,0.10323536999999999,0.044087050000000017,0.08187983999999998,0.06190991000000001,0.0625039,0.02325693000000001,0.16897208000000008,0.02772468,0.13847321,-0.013255679999999992,0.21169404999999997,-0.026516260000000014,0.14843024000000005,0.05429035999999998,0.007632980000000011,0.02270177000000001,0.009375690000000048,0.036995450976190294,0.19539834961416055
0.11542454000000002,-0.22393833000000002,0.10908906000000002,-0.23559488,0.11631496000000002,-0.23921548000000004,0.0742778,-0.259589,0.09689362000000001,-0.26270808,0.02159384000000003,-0.24003224,0.08014686000000004,-0.23194014000000002,-0.003178879999999995,-0.13606817999999998,0.12471436000000002,-0.15031897,-0.0032536599999999916,-0.03678020000000004,0.18569217000000005,-0.08579426000000001,-0.01241985999999995,-0.005064599999999975,0.012419860000000005,0.005064599999999975,0.01123921,0.16094370000000002,-0.002573329999999985,0.21816899999999995,0.03990988000000001,0.2999961,-0.02847833999999999,0.36681569999999997,-0.024772720000000026,0.10396406000000002,-7.477999999999652e-05,0.09928797999999994,0.04456749999999998,0.08162117000000002,0.06097781000000002,0.06452470999999999,0.02365906999999995,0.1660083,0.02867067000000001,0.13905239999999996,-0.01499318999999999,0.21310439999999997,-0.025905010000000006,0.14864670000000002,0.05855302000000001,0.008092099999999991,0.024839719999999954,0.01012919999999995,0.03301361091731717,0.19564924189282135
0.12053365500000002,-0.23229995499999995,0.114563315,-0.24406564499999994,0.121273835,-0.24776435499999994,0.08016927500000004,-0.26678279499999996,0.09952746500000004,-0.27122253499999993,0.019929185000000016,-0.23871847499999993,0.08327241500000004,-0.23845491499999993,-0.030610814999999958,-0.1116439749999999,0.128143265,-0.15758517499999997,-0.056599605,0.007530825000000019,0.190488655,-0.09296097499999989,-0.012734244999999977,-0.004228924999999939,0.012734245000000033,0.00422892500000005,0.016954585000000022,0.155692775,0.00011868500000000726,0.21602537500000007,0.044239355000000036,0.292692265,-0.027212754999999977,0.3598637250000001,-0.050539999999999974,0.12707450000000003,-0.02598879000000004,0.11917479999999991,0.04487084999999996,0.08086973999999997,0.06234539,0.06462420000000008,0.02968883,0.15992169999999994,0.027284770000000014,0.13699949,-0.012615560000000026,0.21179645000000002,-0.027331439999999985,0.14383835,0.06334323000000003,0.000263559999999996,0.02546849000000001,0.008457849999999989,0.04541433174662048,0.20258950351994567
0.11793372000000002,-0.23044170000000008,0.11180451000000002,-0.24188362000000008,0.11876197,-0.24591918000000007,0.07756182,-0.2644994100000001,0.09779045000000003,-0.2693173100000001,0.020934039999999987,-0.2387869800000001,0.08199012,-0.23763518000000006,-0.021461530000000006,-0.12197935000000004,0.12745383,-0.1600073500000001,-0.052490029999999965,-0.006030850000000032,0.18717127,-0.09104492000000008,-0.012356250000000013,-0.003983550000000058,0.012356250000000013,0.003983549999999947,0.012111130000000025,0.1550579499999999,-0.0011584499999999776,0.21363844999999992,0.03992783999999999,0.2919456799999999,-0.03016112999999998,0.3603831499999999,-0.042395569999999994,0.11680763000000005,-0.03102849999999996,0.11594850000000001,0.04546370999999999,0.07762782999999995,0.05971744000000001,0.06896243000000002,0.02446738000000004,0.15904149999999995,0.027816709999999967,0.13688772999999999,-0.01351469999999999,0.20965489999999998,-0.029002680000000003,0.14674469999999995,0.06105608000000001,0.0011518000000000361,0.024712500000000026,0.007967100000000005,0.04018596439527607,0.19897412225749683
0.11795814500000001,-0.22926421999999996,0.11245377499999998,-0.24056154999999996,0.118851025,-0.24520261999999993,0.07915277500000001,-0.26438154999999997,0.098256395,-0.27055181999999994,0.021099464999999984,-0.24018822999999995,0.08325143499999998,-0.23935234999999994,-0.020248335000000006,-0.12673294999999996,0.129202555,-0.16007621999999994,-0.04810582499999999,-0.019528289999999893,0.18810799499999997,-0.09341604999999997,-0.012719674999999986,-0.003792649999999953,0.012719674999999986,0.003792650000000064,0.013356395000000021,0.15497165000000002,-0.0009044249999999865,0.2117967500000001,0.04124863499999998,0.28857748000000005,-0.02970875500000003,0.3567299500000001,-0.04134779999999999,0.11345527999999999,-0.027857489999999985,0.10720466000000006,0.04595112000000001,0.07927613,0.058905439999999976,0.06666016999999996,0.026076070000000007,0.15876429999999997,0.027892239999999957,0.13360583000000004,-0.013624099999999972,0.20800410000000003,-0.028804330000000045,0.14493319999999998,0.06215197,0.0008358800000000111,0.02543934999999997,0.007585300000000017,0.038727121995212846,0.20052579422137293
0.11831981999999996,-0.22377921499999998,0.11217650000000001,-0.23525963499999997,0.11923265999999999,-0.23970679499999997,0.07765289999999997,-0.25804256499999995,0.09963299999999997,-0.26335469499999997,0.02159042,-0.23452456499999996,0.08496989999999999,-0.23254756499999996,-0.01018547000000003,-0.12493796499999998,0.13079849999999998,-0.15397230499999998,-0.025014179999999997,-0.02486666500000001,0.1889946,-0.08632350499999997,-0.013640900000000011,-0.003953564999999992,0.013640900000000011,0.003953564999999992,0.01198697999999998,0.15772937500000006,0.00039304000000001116,0.21373323500000008,0.04162943999999996,0.2936096650000001,-0.028110460000000004,0.361351595,-0.03177589000000003,0.10958659999999998,-0.014828709999999967,0.10007129999999997,0.0458286,0.07857525999999998,0.05819610000000003,0.06764880000000001,0.025627879999999992,0.16168294000000005,0.02964245999999998,0.13588029000000001,-0.01324786,0.20977967000000008,-0.028503500000000015,0.14761835999999995,0.06337947999999999,0.0019770000000000065,0.027281800000000023,0.007907129999999984,0.023805655831511983,0.1972279632087572
0.11839502000000002,-0.22625522499999995,0.11116798,-0.23817922499999994,0.11957583999999999,-0.24186151499999997,0.07568414000000001,-0.26112323499999995,0.10012518000000004,-0.26558782499999994,0.015491890000000008,-0.22982515499999995,0.08947085999999999,-0.23489662499999997,-0.03479320999999996,-0.09592702499999994,0.13316926,-0.15512960499999995,-0.06137568999999998,0.014940365000000067,0.18995050999999996,-0.090199845,-0.016532820000000004,-0.0031174849999999754,0.016532820000000004,0.0031174850000000864,0.013655440000000019,0.1565424150000001,0.0028768600000000366,0.21376781500000008,0.043236,0.2902999150000001,-0.02800883999999998,0.35865991500000005,-0.05028509999999997,0.13389813,-0.02658248000000002,0.11086739000000001,0.043698400000000026,0.07976702000000002,0.05678124999999995,0.06492975999999995,0.030188260000000022,0.15965990000000008,0.029580559999999978,0.13375749999999997,-0.013655959999999967,0.21065033,-0.030885700000000016,0.14489209999999997,0.07397896999999998,-0.005071470000000022,0.03306564000000001,0.006234970000000062,0.048342206574166637,0.19693100132601013
0.11955886999999998,-0.22670252000000002,0.11182926999999998,-0.23852640000000003,0.12089366999999995,-0.24239542000000003,0.07548823999999998,-0.26035368000000003,0.10022043999999997,-0.26584892,0.012563569999999968,-0.22273254000000003,0.09039516999999997,-0.23489466000000003,-0.04203513000000003,-0.07706106000000001,0.13301809999999997,-0.15622342,-0.06295467000000005,0.019350230000000024,0.18850177,-0.09414551999999998,-0.01781109000000003,-0.0021867199999999754,0.017811089999999974,0.0021867199999999754,0.014749849999999953,0.15570384000000004,0.0032333699999999577,0.21238261999999997,0.04351522999999996,0.28962451,-0.026954930000000044,0.35417427999999995,-0.0545987,0.14567148000000002,-0.020919540000000014,0.09641129000000004,0.04262293,0.07867124000000003,0.05548367000000004,0.06207790000000002,0.03256093999999998,0.15789056,0.028765380000000007,0.13392066999999996,-0.014577720000000016,0.2101959,-0.0301883,0.14179165999999999,0.0778316,-0.012162119999999998,0.03562218,0.004373439999999951,0.050017827127124395,0.1959979813729723
0.11994822,-0.22720612,0.11240263,-0.23886328,0.12119181000000001,-0.24319926000000003,0.07642664999999998,-0.26113302000000005,0.09990604999999997,-0.26778853,0.01250332999999998,-0.22271732,0.09045658000000001,-0.23738125000000004,-0.043410000000000004,-0.07387442,0.13372413,-0.15744808000000005,-0.06389874000000001,0.019558960000000014,0.18962785000000004,-0.09489292000000005,-0.017760849999999995,-0.0017384799999999867,0.017760849999999995,0.0017384799999999867,0.014921669999999998,0.15657001999999998,0.0027658099999999797,0.21202175999999995,0.04339514999999999,0.28856691999999995,-0.02760552999999999,0.35306421999999993,-0.05591332999999998,0.1488429,-0.020488740000000005,0.09343338000000001,0.04326754999999999,0.07993317,0.055903720000000046,0.06255516,0.03268251999999999,0.15830849999999996,0.028473479999999995,0.13199689999999997,-0.014995040000000015,0.21028327999999996,-0.03037133999999997,0.14104245999999998,0.07795325000000003,-0.014663930000000047,0.03552169999999999,0.0034769599999999734,0.05081619667198345,0.19716970648393234
0.12094381999999998,-0.22056037500000003,0.11497321999999999,-0.23265299500000003,0.12196857,-0.23653042500000004,0.08162066000000001,-0.25668260500000006,0.10090189999999999,-0.26266610500000004,0.015382499999999966,-0.22182843500000005,0.09211601999999997,-0.23013883500000004,-0.042008729999999994,-0.076145625,0.13614507999999997,-0.14378547500000005,-0.06456354000000003,0.023779145,0.19421442,-0.08515700500000001,-0.017536339999999984,-0.00295409499999999,0.017536339999999984,0.00295409499999999,0.01406683999999997,0.1561212449999999,0.003383780000000003,0.21570959499999998,0.04046499999999997,0.2906580449999999,-0.02808640000000001,0.35832294499999995,-0.05739122999999996,0.14568281000000005,-0.022554810000000036,0.09992477,0.04402906000000001,0.08635335999999999,0.058069340000000025,0.058628470000000044,0.03160317999999995,0.1590753399999999,0.026398160000000004,0.1345368,-0.01415255999999998,0.2127555,-0.031470180000000014,0.14261334999999997,0.07673352,-0.008310399999999996,0.03507267999999997,0.00590818999999998,0.054094580696568896,0.19743026590595578
0.12141237999999999,-0.21601189999999998,0.11559192000000001,-0.22810360000000002,0.12234974999999998,-0.2320606,0.08247458000000002,-0.25181570000000003,0.10148088,-0.2579184,0.016870930000000006,-0.21879553000000002,0.09277607999999998,-0.22555287000000002,-0.038345819999999975,-0.07547110000000001,0.13893857999999998,-0.13720162000000002,-0.062420419999999976,0.02717075999999996,0.19471378,-0.0782391,-0.017241879999999987,-0.0030329999999999524,0.017241879999999987,0.0030329999999999524,0.01441735999999999,0.15851329999999997,0.0034536800000000145,0.21720414,0.04085145000000001,0.29489957,-0.028015820000000025,0.3624735,-0.05521674999999998,0.14332443,-0.0240746,0.10264185999999997,0.046162499999999995,0.08835124999999999,0.055775200000000025,0.05896252000000002,0.03165923999999998,0.16154629999999992,0.02643409000000002,0.13638627000000003,-0.013788199999999973,0.21417114000000004,-0.03146950000000004,0.14526936000000001,0.07590514999999998,-0.006757340000000001,0.034483759999999974,0.006065999999999905,0.05434489483538627,0.1951958747720351
0.12205335,-0.22610277000000006,0.11583911999999996,-0.23803127000000007,0.12259484999999998,-0.24229917000000006,0.08207533,-0.25996113000000004,0.09997154999999996,-0.26669835000000003,0.01622014999999999,-0.22169673000000006,0.09148099999999998,-0.23236612000000006,-0.040130410000000005,-0.07369865000000009,0.13937076999999998,-0.14532089000000004,-0.06446383,0.02456444999999996,0.19514645000000003,-0.08523205,-0.016833690000000012,-0.0024439100000001046,0.016833690000000012,0.0024439099999999936,0.014001609999999998,0.15450324999999998,0.0021553899999999793,0.21217504999999992,0.04084968,0.2878125899999999,-0.028323450000000028,0.35399715,-0.056350559999999994,0.14799807999999998,-0.024333419999999994,0.09826310000000005,0.04788977,0.08704523000000003,0.05577568000000005,0.06008884000000003,0.03083530000000001,0.15694716000000009,0.02684807,0.13330933999999994,-0.014678300000000033,0.20973113999999993,-0.030478840000000007,0.14182210000000006,0.07526084999999999,-0.01066939,0.033667380000000025,0.004887820000000098,0.05475474177008967,0.19870207432419826
0.12281250999999999,-0.22571402499999998,0.11671173000000001,-0.23758584499999996,0.12336771000000002,-0.24187776499999997,0.08308412999999998,-0.260109125,0.10081339,-0.26680854499999995,0.01781453999999999,-0.224025425,0.09157531000000002,-0.23311694499999996,-0.036321170000000014,-0.07983279499999996,0.13908198,-0.14592847499999995,-0.06469208999999998,0.02348262499999998,0.19508976000000006,-0.08421218499999994,-0.016408509999999987,-0.0024645949999999583,0.016408509999999987,0.0024645950000000694,0.013026509999999991,0.15555245500000003,0.003237570000000023,0.21144318500000003,0.04081464000000001,0.29143071500000006,-0.02824131000000002,0.3549859550000001,-0.054135710000000004,0.14419263000000004,-0.028370919999999966,0.10331541999999994,0.04750666999999997,0.08718847000000002,0.05600778000000006,0.06171629000000001,0.02943501999999998,0.15801705,0.027788130000000022,0.13587826000000003,-0.013170939999999964,0.20897858999999996,-0.03147888000000004,0.14354277000000004,0.07376077000000003,-0.009091519999999964,0.032817019999999975,0.004929190000000028,0.05481388805170452,0.1985946960337333
0.12250747000000006,-0.22270134999999996,0.11689765000000002,-0.23430456999999993,0.12323330000000005,-0.23895181999999993,0.08393811000000001,-0.25747458999999995,0.10109845000000006,-0.26494251999999996,0.018656030000000046,-0.22476024999999994,0.09171621000000002,-0.23186750999999994,-0.03312186999999994,-0.0873288499999999,0.13918088000000006,-0.14568470999999994,-0.06394194999999997,0.01982702000000003,0.19394429000000002,-0.0830432499999999,-0.016286299999999976,-0.0027242499999999836,0.01628630000000003,0.0027242500000000947,0.011956820000000035,0.15552755000000007,0.0032351200000000357,0.21210295,0.04075207000000003,0.2912571500000001,-0.028795819999999972,0.35709370000000007,-0.05177789999999999,0.13743140000000004,-0.030820080000000027,0.10715586999999993,0.04746467000000004,0.0861828,0.05476340999999996,0.06264146000000004,0.02824312000000001,0.15825180000000005,0.028795249999999994,0.1357296,-0.013051179999999996,0.20937869999999992,-0.03203094000000001,0.14499075000000006,0.07306017999999997,-0.007107260000000004,0.03257260000000001,0.005448500000000078,0.05272210879256822,0.1972775341165083
0.12129971,-0.22266955999999993,0.11535339,-0.23419285999999995,0.12212426999999998,-0.23892703999999992,0.08193021,-0.25710009999999994,0.09946296999999998,-0.2648472799999999,0.016344210000000026,-0.22247742999999992,0.09022425,-0.23161991999999992,-0.03652928999999999,-0.08140295999999991,0.13687307999999998,-0.14623277999999995,-0.06594108999999998,0.021242740000000038,0.19244267000000004,-0.08313398999999988,-0.016596239999999984,-0.0026383999999999297,0.016596239999999984,0.0026384000000000407,0.01127476999999999,0.15294024000000006,0.001965209999999995,0.21136999000000012,0.03949521,0.2899650400000001,-0.03030780999999999,0.3569352400000001,-0.05287350000000002,0.14107447,-0.029411799999999988,0.10264569999999995,0.046648829999999974,0.08538713999999997,0.05556959000000006,0.06309879000000007,0.027871009999999974,0.15557864,0.028220440000000013,0.13702480000000006,-0.01463102999999999,0.20873159000000008,-0.032273019999999986,0.14556524999999998,0.07388003999999998,-0.009142490000000003,0.03319247999999997,0.00527679999999997,0.05481991489615884,0.19564986539749268
0.120832565,-0.22771423999999996,0.11442138499999999,-0.23936056999999994,0.12167304500000004,-0.24387221999999997,0.08033621499999999,-0.26182691999999996,0.099250055,-0.26904491999999997,0.01542300499999999,-0.22498361999999994,0.090517405,-0.23560496999999997,-0.03740936499999997,-0.07845261999999997,0.13798105500000002,-0.14809106999999994,-0.06505888500000001,0.019003219999999987,0.192933385,-0.08389192000000001,-0.016850354999999984,-0.002414880000000008,0.01685035500000004,0.002414880000000008,0.011431725000000004,0.15156788,0.0011583850000000395,0.20973063000000003,0.040223885000000015,0.28668818000000007,-0.030401045000000015,0.35219948,-0.05283236999999996,0.14653099999999997,-0.02764952000000004,0.09745583999999996,0.047463650000000024,0.08751390000000003,0.054952329999999994,0.06419914999999993,0.028282079999999987,0.15398276,0.02879216000000001,0.13512030000000008,-0.01569197,0.20731575000000002,-0.031559430000000055,0.14246884999999998,0.0750944,-0.01062135000000003,0.03370071000000002,0.004829760000000016,0.05275222623141987,0.19609716260114754
0.11814683499999995,-0.223112345,0.11174947499999999,-0.234173705,0.11919945499999995,-0.239644405,0.07752880499999998,-0.25534582499999997,0.09664434499999996,-0.26467100499999996,0.012565254999999942,-0.217616435,0.08835507499999995,-0.231016455,-0.040468225000000024,-0.07456263499999993,0.13439932499999996,-0.14713590499999996,-0.06612332500000001,0.021567294999999986,0.189410215,-0.08234223499999993,-0.017431675000000035,-0.0016847549999999822,0.01743167499999998,0.0016847549999999822,0.007777574999999981,0.15420739500000002,-0.0007932750000000377,0.207816035,0.036845954999999986,0.289110925,-0.03170376500000005,0.35422554500000003,-0.053033479999999966,0.14305380000000006,-0.025655099999999986,0.09612992999999992,0.04604425000000001,0.08388055000000005,0.055010890000000034,0.06479367000000003,0.025209250000000016,0.15589215,0.029068380000000005,0.13490353,-0.018224950000000018,0.20613128000000003,-0.030910490000000013,0.14640951000000002,0.07578982000000001,-0.013400020000000012,0.034863350000000015,0.0033695099999999645,0.05395863794542071,0.19140834169124316
0.11633386500000004,-0.22425809500000005,0.11036076500000003,-0.23490256500000006,0.11777986500000004,-0.24056893500000004,0.07683937500000004,-0.25750240500000005,0.09680580500000002,-0.267373065,0.013346845000000052,-0.22342481500000005,0.08763678500000005,-0.23618429500000004,-0.04003105499999998,-0.079545435,0.13338904500000004,-0.14951136500000006,-0.06537945499999998,0.019846634999999946,0.18829962500000008,-0.085300865,-0.016756424999999964,-0.0015639650000000005,0.01675642500000002,0.0015639650000000005,0.007024845000000057,0.15513503499999992,-0.0037361449999999685,0.207227135,0.035874505000000056,0.28652353499999994,-0.03361107499999999,0.35122639499999997,-0.053377900000000034,0.14387938000000006,-0.025348399999999993,0.09939206999999994,0.04575225999999999,0.08667292999999998,0.05491058000000004,0.06421050000000006,0.02378127000000002,0.15669899999999992,0.02884966,0.13138850000000002,-0.020492569999999988,0.20566317,-0.029874930000000022,0.14399925999999996,0.07428994,-0.01275947999999999,0.03351284999999998,0.003127930000000001,0.0531282677935287,0.19228252171523266
0.11699947999999999,-0.2197126399999999,0.11049429999999999,-0.2302938699999999,0.11849151999999996,-0.23639007999999995,0.07610853000000001,-0.2529409199999999,0.09778581999999997,-0.26363092999999993,0.01200724999999997,-0.2184139499999999,0.08956051999999998,-0.23445137999999993,-0.04294707000000003,-0.07028319999999988,0.13543565999999996,-0.14671337999999995,-0.06465093999999999,0.029175700000000027,0.19084812999999995,-0.07885189999999997,-0.01775114,-0.0007811999999999264,0.01775114,0.0007812000000000374,0.007829979999999959,0.16025830000000008,-0.0027412900000000073,0.20822716000000008,0.03713867999999998,0.29098445000000006,-0.03289898000000002,0.35352970000000006,-0.05495432,0.14813075000000003,-0.02170386999999996,0.0994588999999999,0.04587513999999998,0.08773799999999998,0.05541246999999999,0.06786147999999997,0.025581119999999957,0.1610395,0.02930870000000002,0.13072614999999999,-0.020492430000000006,0.20744596000000004,-0.030157690000000015,0.14530253999999998,0.07755327000000001,-0.01603743000000002,0.03550228,0.0015623999999999638,0.05565076008151188,0.19053608204922784
0.11617213500000001,-0.22375951,0.10957180500000002,-0.23460797,0.11747730499999998,-0.24036089,0.074966005,-0.2566877,0.09686714499999999,-0.26617882000000004,0.010920305000000019,-0.22179383000000003,0.089827445,-0.2341317,-0.04429066500000001,-0.08059075000000004,0.13476273500000002,-0.14725519000000004,-0.06657457500000002,0.024342589999999942,0.189974965,-0.08082641000000002,-0.018360374999999984,-0.0010825500000000154,0.018360374999999984,0.0010825500000000154,0.004387464999999979,0.15937488999999994,-0.003976794999999977,0.20447808,0.035545465,0.28873574999999996,-0.03390333499999998,0.35077145,-0.055210970000000026,0.14120307999999998,-0.022283910000000018,0.10493333999999999,0.04493529000000002,0.08687650999999996,0.05521222999999997,0.06642878000000002,0.022747839999999964,0.16045743999999995,0.03115800000000002,0.12936086000000002,-0.022337169999999962,0.20339553,-0.02992654,0.14629336999999998,0.07890713999999999,-0.012337869999999973,0.03672074999999997,0.002165100000000031,0.054507309836934734,0.19015952573865375
0.11920734500000002,-0.21803558999999995,0.11285631499999998,-0.22876090999999993,0.12083451500000003,-0.23406994999999992,0.07826991500000002,-0.25196367999999997,0.101662745,-0.26020112999999995,0.014784025000000034,-0.22348228999999992,0.09266172500000003,-0.23047294999999995,-0.04054511500000002,-0.09413044999999998,0.137666575,-0.14282751999999993,-0.06382588499999997,0.006515450000000089,0.19203289499999998,-0.07419649999999989,-0.01791520499999999,-0.0018153499999999934,0.01791520499999999,0.0018153500000001044,0.007594095000000023,0.16127435,-0.0010855349999999708,0.2065624800000001,0.03621696499999999,0.29236965000000004,-0.030451455000000016,0.35453405000000004,-0.055329140000000054,0.12935183999999994,-0.02328076999999995,0.10064590000000007,0.045004849999999985,0.08764543000000002,0.05436631999999997,0.06863102000000004,0.025509300000000013,0.1630897,0.028622869999999967,0.13109530000000003,-0.01900073999999996,0.20474713,-0.029365920000000045,0.14797156999999994,0.0778777,-0.006990660000000037,0.03583040999999998,0.0036307000000000977,0.046660398269864775,0.18998623979477725
0.12095163000000003,-0.21414462500000003,0.11517610000000006,-0.22506146500000002,0.12232325000000005,-0.22967586499999998,0.08212946000000004,-0.24904996499999998,0.10302658000000003,-0.25561464500000003,0.02119150000000003,-0.22309012500000003,0.09196708000000003,-0.22498886499999998,-0.03280104999999994,-0.10044886500000005,0.13734192000000006,-0.139736425,-0.061828249999999974,0.015641635000000043,0.19434720000000005,-0.07140211500000004,-0.015696899999999958,-0.002790135000000027,0.015696900000000014,0.002790135000000027,0.010348300000000032,0.16402818500000005,-0.0005474299999999599,0.21286643500000002,0.03586678000000004,0.29368957500000004,-0.030159139999999973,0.363790835,-0.05399254999999997,0.12264125999999997,-0.02902720000000003,0.1160905000000001,0.04537484000000003,0.08525243999999998,0.05700527999999999,0.06833430999999995,0.02604519999999999,0.16681832000000008,0.02551848000000001,0.12966139,-0.016244329999999974,0.2100763,-0.029611710000000013,0.15092439999999996,0.07077558,-0.0018987399999999544,0.03139379999999997,0.005580270000000054,0.04967727446383713,0.19344358260266098
0.12165041000000004,-0.21915932000000005,0.11563945000000003,-0.23001727000000005,0.12295653000000001,-0.23466134000000005,0.08172875000000002,-0.2533931200000001,0.10392071000000003,-0.25945720000000005,0.019602580000000036,-0.22775522000000004,0.0933754,-0.22975630000000008,-0.03670249999999997,-0.11668102000000002,0.13746671,-0.14562708000000008,-0.05557023,-0.03551692000000006,0.19522934999999997,-0.0762005200000001,-0.01651015,-0.002665520000000088,0.01651015,0.002665519999999977,0.011025449999999992,0.1611092799999999,0.00010845000000003768,0.20816397999999992,0.03557385000000002,0.28895247999999996,-0.029711679999999963,0.35887044999999995,-0.05630508000000001,0.11107420000000001,-0.018867730000000027,0.08116409999999996,0.044091309999999995,0.08412922,0.057762639999999976,0.06942655999999997,0.027535599999999993,0.1637748,0.024548400000000026,0.12784320000000005,-0.016401699999999964,0.20549845999999994,-0.02982013,0.15070647000000004,0.07377281999999996,-0.002001080000000044,0.0330203,0.005331040000000065,0.05103826340664814,0.19534688304122388
0.12138086499999995,-0.22193294000000002,0.11495642499999997,-0.23281264000000002,0.12255120499999994,-0.23734748000000006,0.08051568499999995,-0.25479892000000004,0.10335195499999994,-0.26063856,0.018716454999999965,-0.22602274000000006,0.09301248499999998,-0.22992574000000005,-0.04071453500000005,-0.10507047000000003,0.13625741499999994,-0.14556059000000005,-0.060033325000000026,-0.005669590000000002,0.19506108499999997,-0.07616597000000003,-0.01657140500000004,-0.002251090000000011,0.016571404999999984,0.002251090000000011,0.01001784499999997,0.16315901,-0.0011766250000000422,0.20770001999999999,0.03621059499999996,0.2891782599999999,-0.03106427500000003,0.35833945999999994,-0.05943099000000002,0.12095227000000003,-0.019318789999999975,0.09940088000000002,0.04324492999999996,0.08436515,0.05880367000000003,0.06939462000000002,0.02658925000000001,0.1654101,0.026192749999999987,0.12601924999999992,-0.017748030000000026,0.20544892999999997,-0.029887649999999988,0.15063943999999996,0.07429603000000001,-0.00390299999999999,0.03314281000000002,0.004502180000000022,0.043596153870913874,0.19495589543675257
0.12043356500000002,-0.21932272000000003,0.11437064499999999,-0.23007179,0.12166166500000003,-0.23419267,0.08022981500000004,-0.25434310000000004,0.10311564500000003,-0.25802897,0.021671775000000004,-0.23710693,0.09223842500000001,-0.22552485,-0.028052754999999985,-0.14997599,0.137982365,-0.14026282,-0.05662769499999998,-0.050239000000000034,0.195630015,-0.07463083000000004,-0.015517294999999987,-0.00416192999999998,0.015517294999999987,0.00416192999999998,0.007253524999999983,0.16516067999999995,-0.002323204999999995,0.20789022999999995,0.03605785500000003,0.29113992999999994,-0.03269145499999998,0.36022343,-0.04972452999999999,0.08713093999999999,-0.028574939999999993,0.09973698999999997,0.04574393999999998,0.08526202999999999,0.057647649999999995,0.06563198999999997,0.02277081999999997,0.16932260999999993,0.028804330000000045,0.12597925,-0.01784049999999998,0.20372829999999997,-0.030368249999999986,0.15233320000000006,0.07056665000000001,0.011582079999999995,0.031034589999999973,0.00832385999999996,0.06175080054497192,0.19659321182130374
0.11953957500000001,-0.21920230000000002,0.11308927499999999,-0.23009942,0.12034757500000004,-0.2340334,0.07821752500000001,-0.25348191999999997,0.101693225,-0.25596797,0.02109228499999999,-0.23742152,0.09226352500000001,-0.22181826,-0.024684115000000006,-0.16250275999999997,0.140005755,-0.13501101999999998,-0.05112810499999998,-0.08203561999999998,0.19537802500000007,-0.07469302,-0.015823644999999997,-0.004532219999999976,0.015823644999999997,0.004532219999999976,0.0046809250000000024,0.16644424999999996,-0.0034798749999999656,0.20759684,0.033554425,0.29270448000000004,-0.03408403500000001,0.36214132,-0.045776399999999995,0.07491876000000003,-0.026443989999999973,0.08046713999999999,0.04774223,0.08680724000000001,0.05537227000000006,0.06031799999999998,0.02050457,0.17097646999999994,0.028873499999999996,0.12626023000000008,-0.019303519999999963,0.20306462000000003,-0.030604160000000047,0.15454447999999998,0.07117124000000002,0.015603260000000008,0.031647289999999995,0.009064439999999951,0.08516561458388942,0.1962559910684054
0.11740080499999994,-0.21260539499999997,0.11117277499999995,-0.22330096499999996,0.11807967499999994,-0.227545145,0.07693190499999997,-0.24644127499999996,0.09943310499999997,-0.249702245,0.019332974999999974,-0.229737645,0.09060097499999997,-0.217420995,-0.029375125000000057,-0.151324725,0.13541535499999996,-0.129092755,-0.05102764500000001,-0.08344859500000001,0.19171450499999998,-0.06883335499999998,-0.015959875000000012,-0.003877934999999999,0.015959874999999957,0.003877934999999999,0.0021414249999999746,0.17268127499999997,-0.006044105000000022,0.211578665,0.030985634999999956,0.30027586500000003,-0.036936155000000026,0.368589755,-0.04870810000000003,0.07841292,-0.021652519999999953,0.06787612999999998,0.04481437999999999,0.08832824,0.05629915000000002,0.06025940000000002,0.018101299999999987,0.17655920999999997,0.02884420999999998,0.12759459000000006,-0.02200397999999998,0.20770073,-0.030892050000000004,0.15701109000000002,0.071268,0.012316649999999985,0.03191974999999997,0.007755869999999998,0.08695538180934233,0.19020152906825172
0.11446675499999998,-0.20882310999999998,0.10813025500000001,-0.22042594999999998,0.115058685,-0.22312319000000003,0.07421043500000002,-0.24324119,0.09495469499999998,-0.24380269999999998,0.019041454999999985,-0.22563614999999998,0.08495005499999997,-0.21055615,-0.025872145000000013,-0.15158475,0.12746075499999998,-0.11790705000000001,-0.045590375000000016,-0.09658504999999995,0.185645785,-0.06205055000000004,-0.01450800499999999,-0.0029377499999999612,0.01450800499999999,0.0029377499999999612,-0.0009483450000000171,0.17332285000000003,-0.011038185000000034,0.21483834999999996,0.029021295000000003,0.31207925000000003,-0.037825074999999986,0.37075219000000004,-0.0449136,0.07405139999999999,-0.019718230000000003,0.05499970000000004,0.04251070000000001,0.09264909999999998,0.058185030000000026,0.055856499999999976,0.013559659999999973,0.1762606,0.02996964000000002,0.1387564,-0.025546190000000024,0.2119006,-0.026786889999999952,0.15591384000000008,0.06590859999999998,0.015079999999999982,0.02901600999999998,0.0058754999999999225,0.09867081899987909,0.1830617897875425
0.11603005,-0.2115034,0.10897810000000002,-0.22307132000000002,0.11665785000000001,-0.22566575,0.07370083,-0.24477683,0.09655944999999999,-0.24486578999999997,0.019012150000000005,-0.22550372000000002,0.08579053000000003,-0.21173611999999997,-0.02632711999999998,-0.14970520999999998,0.12781648,-0.11966365000000001,-0.04157801,-0.10010741000000001,0.18659547999999998,-0.062392389999999964,-0.014687950000000005,-0.002834749999999997,0.014687950000000005,0.002834749999999997,0.0005940500000000126,0.17187215,-0.010341509999999998,0.21380665,0.030102469999999992,0.31021095,-0.036964969999999986,0.36998644999999997,-0.04533926999999999,0.07579851000000004,-0.015250890000000017,0.04959779999999997,0.04202594999999998,0.09207246999999996,0.05877899999999997,0.057271260000000046,0.015282000000000018,0.1747069,0.02950841999999998,0.13833879999999998,-0.025029460000000003,0.2109719,-0.026623459999999988,0.15617979999999998,0.06677838000000003,0.013767600000000046,0.02937590000000001,0.005669499999999994,0.10092098746187139,0.18386619771801582
0.11414289,-0.2056263650000001,0.10721301,-0.2170763950000001,0.11495640000000001,-0.21949008500000006,0.07268776999999998,-0.23945481500000004,0.09584334,-0.23932006500000008,0.019375819999999988,-0.22178290500000009,0.08526613,-0.20772816500000008,-0.027126560000000022,-0.14643002500000007,0.12547564,-0.11683008500000008,-0.048066359999999975,-0.08850986500000002,0.18518786999999998,-0.058376465000000044,-0.014521070000000025,-0.0026872650000000498,0.014521070000000025,0.0026872649999999387,-0.0012377000000000082,0.17490903499999988,-0.010990149999999976,0.21546193499999988,0.028349930000000023,0.315900635,-0.03869707,0.3752261349999999,-0.04650238000000001,0.07535288000000001,-0.020939799999999953,0.057920160000000054,0.040209510000000004,0.09089807999999999,0.05971222999999998,0.05845362000000004,0.013283370000000017,0.17759629999999993,0.02958763000000003,0.1409916000000001,-0.02551122,0.21277466999999994,-0.027706920000000024,0.15976420000000002,0.06589031000000001,0.01405474000000001,0.02904214000000005,0.0053745299999999885,0.09214556501505697,0.18126206371922637
0.11666594000000002,-0.211882055,0.10988961000000003,-0.22351578500000002,0.11719380000000001,-0.226096515,0.07499418000000002,-0.244760335,0.09766858000000006,-0.244956795,0.01880924000000006,-0.224125385,0.08809911000000004,-0.211679045,-0.029647819999999936,-0.145382165,0.12952553000000006,-0.11861503500000004,-0.038437419999999944,-0.098511515,0.18790834,-0.06336601500000005,-0.015458749999999966,-0.002528584999999972,0.015458750000000021,0.002528584999999972,0.001822160000000017,0.17136718500000003,-0.009699299999999966,0.21118882500000002,0.03002836000000003,0.309788135,-0.037334319999999976,0.36876398499999996,-0.048457059999999996,0.07874322,-0.008789600000000009,0.046870650000000014,0.04142642000000002,0.09306400999999997,0.05838280999999995,0.05524901999999998,0.017280909999999983,0.17389577,0.028206200000000015,0.13842095,-0.025158049999999987,0.20866024000000005,-0.02763502000000001,0.15757515999999994,0.06928986999999998,0.01244634,0.030917499999999987,0.005057169999999944,0.0986951980916691,0.18461029061330275
0.11630055999999994,-0.21675109000000004,0.10978281999999995,-0.22857535,0.11671039999999999,-0.23166328000000003,0.0750072,-0.24868085,0.09767389999999998,-0.2505927,0.014480839999999995,-0.22106200000000004,0.08991486999999998,-0.21898311000000004,-0.04364737000000002,-0.12396625000000006,0.12788936999999995,-0.12307107,-0.029103400000000057,-0.10332101000000005,0.18777549999999998,-0.06919240000000004,-0.017272100000000012,-0.0010434500000000568,0.017272099999999957,0.0010434499999999458,0.004292529999999961,0.17130780999999995,-0.010833130000000024,0.20887314999999995,0.030152659999999942,0.30694055,-0.03745770000000004,0.36475864999999996,-0.058128210000000013,0.09709574999999998,0.014543969999999962,0.02064524000000001,0.03797449999999997,0.09591204000000003,0.05988613000000004,0.05387866999999996,0.021564629999999974,0.17235126,0.02586012999999998,0.13563274000000003,-0.02810522999999998,0.2078297,-0.026624570000000014,0.1558855,0.07543402999999999,0.00207889,0.03454419999999997,0.0020869000000000026,0.10295959857751777,0.18440304779689112
0.11831121499999997,-0.22162815000000002,0.11181407499999996,-0.23366150000000002,0.11847291499999996,-0.23665375000000005,0.07671819499999999,-0.25234735,0.09910743499999997,-0.25409582000000003,0.014947345,-0.22159037000000004,0.09123422499999995,-0.22124365000000001,-0.044371675,-0.12100765000000002,0.12887831499999997,-0.12554327000000004,-0.02319978500000003,-0.10559750000000001,0.18894444499999996,-0.07146609000000004,-0.017470405000000022,-0.0008969899999999864,0.017470404999999967,0.0008969899999999864,0.00641237499999997,0.16935924999999996,-0.009717625000000008,0.20718165,0.031928794999999954,0.30583194999999996,-0.036058225,0.36254135,-0.05931902,0.10058272000000001,0.02117188999999997,0.015410150000000011,0.03764409000000002,0.09570037999999997,0.060066129999999995,0.05407718,0.023882779999999992,0.17025623999999995,0.025516419999999984,0.1364727,-0.027188029999999974,0.20628466,-0.026340599999999992,0.1553597,0.07628687999999995,0.00034672000000002257,0.03494080999999999,0.0017939799999999728,0.10485715325834716,0.18611760191074891
0.11889633500000002,-0.22413643000000005,0.11349320499999999,-0.23686373000000005,0.11875092500000001,-0.24005763000000002,0.07973861500000001,-0.25728853,0.09881066500000002,-0.26046425000000006,0.01303148500000001,-0.22383845000000002,0.09220456500000002,-0.22830223000000005,-0.05023438499999999,-0.10245203000000003,0.128121015,-0.13473547000000002,-0.016770184999999993,-0.049769790000000036,0.18980498500000004,-0.07395378000000008,-0.018467785000000014,-0.0004642300000000654,0.018467785000000014,0.0004642299999999544,0.007685035000000007,0.16953487,-0.010334494999999999,0.20731940999999998,0.034799935000000004,0.30763496999999995,-0.034795715000000005,0.35825916999999996,-0.06326587,0.12138642,0.0334642,0.05268223999999999,0.03591644999999999,0.09356676000000003,0.06168397000000003,0.060781689999999944,0.02615282000000002,0.16999910000000007,0.027114899999999997,0.13810009999999995,-0.028802280000000013,0.20685518000000003,-0.024461220000000006,0.15093975999999998,0.07917308,-0.004463780000000028,0.03693557000000003,0.0009284600000000198,0.04933477569294906,0.18680063253693793
0.12179188000000002,-0.22969140000000005,0.11527144,-0.24203538000000002,0.12144833,-0.24542137000000003,0.07966942999999999,-0.26142810000000005,0.10292467999999999,-0.26386575,0.013252340000000029,-0.22643332000000005,0.09809990000000002,-0.23131953000000005,-0.04824136000000001,-0.10573562000000003,0.13434788000000003,-0.14347625000000003,-0.012809719999999969,-0.05601034999999999,0.19257494000000003,-0.0810649,-0.02037538,-0.0018901500000000349,0.02037538,0.0018901499999999238,0.00858106000000003,0.16829634999999998,-0.004041120000000009,0.20465674999999994,0.03728177999999999,0.29850915,-0.03214488999999998,0.35730255,-0.06149370000000004,0.12069770000000002,0.03543164000000004,0.049725270000000044,0.03624798000000001,0.08784328000000002,0.05822706,0.06241135000000003,0.028956440000000028,0.17018650000000002,0.028700719999999957,0.13021280000000002,-0.024416500000000008,0.20276660000000002,-0.028103769999999972,0.15264580000000005,0.08484755999999999,-0.004886210000000002,0.04075076,0.0037802999999999587,0.05464645696909906,0.19113929157736276
0.12068509499999996,-0.22327105000000003,0.11395793499999995,-0.23559865000000002,0.12031530499999998,-0.23871755000000006,0.07791175499999997,-0.25484762000000005,0.10192432499999998,-0.25625029000000005,0.01192303499999997,-0.22160225000000006,0.09671727499999999,-0.22427118000000007,-0.047396165000000046,-0.10689688000000008,0.12815155499999997,-0.13403920000000002,0.000753814999999991,-0.07840975000000006,0.18868561500000003,-0.07483208000000008,-0.020771225000000004,-0.002308050000000006,0.020771225000000004,0.002308050000000006,0.007046214999999967,0.1708040799999999,-0.004203205000000043,0.20747134999999994,0.03518792499999995,0.3047738,-0.034065045000000016,0.36474555,-0.059319200000000016,0.11470536999999997,0.04814998000000004,0.028487130000000027,0.03143427999999998,0.09023198000000004,0.060534060000000056,0.059207119999999946,0.02781743999999997,0.17311212999999992,0.028141709999999986,0.13396972000000007,-0.024974430000000047,0.20516329999999994,-0.029861839999999973,0.15727420000000003,0.08479424000000002,-0.002668930000000014,0.04154245000000001,0.004616100000000012,0.0790872688230641,0.18478593568096308
0.11872158,-0.22280948999999994,0.11163408000000002,-0.23509799999999997,0.11873588000000002,-0.23799141999999995,0.07507058,-0.25507778,0.10112443000000004,-0.25574036999999994,0.010739529999999997,-0.22291173999999997,0.09493908000000001,-0.22374566999999995,-0.04801111999999996,-0.10899167999999992,0.12208825000000001,-0.13345968999999996,-0.00044807999999996184,-0.07951491999999993,0.18237862000000005,-0.07946675999999997,-0.020838319999999966,-0.002538079999999998,0.02083832000000002,0.002538079999999998,0.0053442800000000346,0.16961398000000005,-0.005211719999999975,0.20585228,0.03365516000000002,0.30363494,-0.03480141999999997,0.36406788,-0.05875064999999996,0.11392006000000005,0.04756304,0.02947675999999999,0.02714917,0.09028597999999999,0.06029037000000004,0.053992929999999995,0.0261826,0.17215206000000005,0.028310879999999983,0.13402095999999997,-0.026050039999999997,0.2033142,-0.029589699999999997,0.1582156,0.08419955000000001,-0.0008339299999999827,0.04167663999999999,0.005076159999999996,0.07963162552430529,0.18116308207666265
0.11850749,-0.227398465,0.11143499000000001,-0.239622605,0.11964542,-0.242571425,0.07452240999999998,-0.260279965,0.10323882000000001,-0.26176072499999997,0.010616029999999999,-0.22849438500000002,0.09473693,-0.227552875,-0.051072110000000004,-0.10265002499999998,0.12164398999999998,-0.135497345,-0.02438804,-0.030793825000000052,0.18029642,-0.08501302499999996,-0.020648659999999985,-0.0027748749999999545,0.020648659999999985,0.0027748749999999545,0.004041459999999997,0.16560002500000004,-0.006072909999999987,0.20273467499999998,0.03428236000000001,0.29954657500000004,-0.03440741000000003,0.357476975,-0.06168814,0.12584436000000004,0.026684070000000004,0.07185619999999993,0.026907059999999983,0.09205553,0.05865243000000003,0.05048432000000003,0.024690119999999982,0.1683749,0.030240900000000015,0.13394655,-0.026721569999999972,0.19995980000000002,-0.02833450000000004,0.1547423,0.0841209,0.0009415100000000343,0.04129731999999997,0.005549749999999909,0.028267375574801874,0.18219254282057648
0.11865482,-0.22905366999999993,0.11241947999999996,-0.24171541999999996,0.11904632999999998,-0.24421469999999995,0.07684874999999997,-0.26200457999999993,0.10181748999999995,-0.26243512999999996,0.011487349999999952,-0.22995549999999992,0.09385389,-0.22530572999999993,-0.051539250000000036,-0.10525646,0.11903654999999996,-0.12955485999999994,-0.021032010000000045,-0.03288413999999995,0.17486888,-0.08614929999999998,-0.020136350000000025,-0.003522999999999943,0.02013634999999997,0.003523000000000054,0.004730819999999969,0.16458473000000007,-0.006425850000000011,0.20401124000000004,0.03472234999999996,0.2995607600000001,-0.03500819000000005,0.35896645000000005,-0.06302659999999999,0.12469903999999993,0.03050723999999999,0.07237232000000005,0.025182659999999968,0.09575086999999999,0.05583233000000004,0.043405559999999954,0.024867169999999994,0.16810773,0.02999152999999999,0.13497603000000002,-0.02656219999999998,0.20048823999999998,-0.02858234000000004,0.15495521,0.08236654000000004,0.0046497699999999975,0.040272699999999995,0.007045999999999997,0.029374797853520634,0.1788386905216288
0.11559108500000004,-0.21905098,0.110318935,-0.23239759,0.11561048500000004,-0.23431502999999998,0.076465265,-0.25371423,0.09743096500000004,-0.25324913,0.009939145000000038,-0.22444961000000002,0.09001860500000003,-0.21555505000000003,-0.052949654999999984,-0.10532753000000006,0.11086406500000001,-0.10960267000000001,-0.010294214999999995,-0.044786329999999985,0.16741116499999997,-0.07453993000000003,-0.019965034999999964,-0.0026128699999999894,0.01996503500000002,0.0026128699999999894,0.0004316650000000255,0.16863872999999996,-0.011916654999999998,0.20718601000000003,0.030488614999999997,0.31126144,-0.03662263499999996,0.36432953999999995,-0.06288880000000002,0.11912207999999996,0.04265543999999999,0.06054120000000007,0.020845459999999982,0.10595238000000001,0.05654709999999996,0.03506273999999998,0.02039669999999999,0.17125159999999995,0.03005694999999997,0.14262271000000004,-0.03188169000000002,0.20457314000000004,-0.02470597999999996,0.15714352999999992,0.08007945999999999,0.008894559999999996,0.039930069999999984,0.005225739999999979,0.04326806545067619,0.1664118859932093
0.11496557000000007,-0.2200856049999999,0.11028831000000006,-0.23320908499999993,0.11526273000000004,-0.2353182849999999,0.07774375000000006,-0.25515539499999995,0.09759799000000002,-0.2555656249999999,0.011939990000000067,-0.2268549649999999,0.08929293000000005,-0.2168588449999999,-0.05408332999999993,-0.10168532499999994,0.11019124000000002,-0.10784105499999996,-0.03183172999999995,-0.01107202499999993,0.16445149000000003,-0.0734573249999999,-0.018868039999999975,-0.00258912499999997,0.01886804000000003,0.002589125000000081,0.00036533000000005256,0.16872324500000002,-0.011325709999999933,0.2068442250000001,0.031070690000000067,0.31008887500000004,-0.036829699999999965,0.3627311750000001,-0.06602332,0.12516963999999997,0.022251599999999983,0.09061330000000001,0.020898309999999976,0.10901778999999995,0.05426025000000001,0.03438373000000006,0.019233370000000027,0.17131237,0.030705360000000015,0.14136563000000002,-0.030193749999999964,0.20425510000000002,-0.025503990000000032,0.15588694999999997,0.07735293999999998,0.009996119999999997,0.037736080000000005,0.005178250000000051,0.01549247723335744,0.16424860264703928
0.11548250999999998,-0.22328019499999996,0.11061765999999995,-0.23644317499999995,0.11595015999999997,-0.23846897499999997,0.07785635999999996,-0.259182635,0.09849017999999998,-0.25928277499999997,0.012827749999999971,-0.23166102499999996,0.08958885,-0.21874433499999996,-0.0533942,-0.10249903500000002,0.11095692999999995,-0.10395261499999997,-0.041411820000000044,-0.0009640149999999847,0.16271322999999993,-0.07592132499999993,-0.018523270000000036,-0.0030951249999999764,0.01852326999999998,0.0030951250000000874,0.0010130099999999809,0.16659256500000008,-0.010751640000000007,0.206816765,0.031082479999999968,0.3053078250000001,-0.037217270000000024,0.36068198500000004,-0.06622194999999997,0.12916198999999995,0.01198237999999996,0.10153502000000003,0.021368079999999956,0.11479171999999999,0.05175629999999998,0.028031290000000042,0.019536280000000017,0.16968769000000006,0.030069469999999987,0.13871526,-0.029274909999999987,0.20372163999999993,-0.026465630000000018,0.15386522000000002,0.07676110000000003,0.012916690000000008,0.03704654000000002,0.006190250000000064,0.022987547736428963,0.1644212393074693
0.11792300499999997,-0.22841509,0.11284424499999995,-0.24083547,0.11852208499999994,-0.24395192999999998,0.07917238499999996,-0.26243143,0.10204793499999998,-0.26416571,0.01371228499999999,-0.23378216000000002,0.09327055499999998,-0.22142996000000004,-0.050855655000000055,-0.10456012999999997,0.11501256499999996,-0.10815233000000002,-0.03783764500000003,-0.005053089999999982,0.16042203499999996,-0.08141206000000001,-0.019399955000000024,-0.004306629999999978,0.01939995499999997,0.004306629999999978,0.004098604999999977,0.16504686999999996,-0.0066827450000000455,0.20259057000000003,0.034577624999999945,0.29672376999999994,-0.03644846500000004,0.35974227000000003,-0.06456794000000005,0.12922203000000004,0.013018010000000024,0.09950703999999999,0.02174200999999998,0.11327763000000002,0.04540947000000001,0.02674027000000001,0.02349856,0.16935349999999993,0.030479019999999968,0.13167689999999999,-0.026082700000000014,0.19828394000000005,-0.029765719999999996,0.1571517,0.07955826999999999,0.01235219999999998,0.03879990999999999,0.008613259999999956,0.018452794234687066,0.16503006048245422
0.11510595499999998,-0.22233703999999993,0.10991549499999997,-0.2353033699999999,0.11558961499999998,-0.2377291199999999,0.07643365499999999,-0.2571444799999999,0.097167485,-0.2580600699999999,0.010991275000000023,-0.22807108999999992,0.088086155,-0.2164361199999999,-0.05485646500000002,-0.09622126999999991,0.10809647499999997,-0.10060017999999993,-0.04512429499999998,0.00814074000000009,0.15940159499999995,-0.07021456999999987,-0.018780465000000024,-0.0029218799999999323,0.01878046499999997,0.0029218800000000433,-0.0009239650000000266,0.16725582000000006,-0.010994734999999978,0.20726618000000008,0.030039874999999994,0.30797488000000006,-0.03878026499999998,0.36293558000000004,-0.06584774000000004,0.13184982,0.00973217000000004,0.10436201,0.02001031999999997,0.11583593999999997,0.05130511999999998,0.030385610000000063,0.017856499999999997,0.1701777,0.03096384000000002,0.14071906,-0.029775199999999946,0.20434430000000003,-0.027785530000000003,0.15566939999999996,0.07709487999999998,0.011634970000000022,0.03756092999999999,0.005843759999999976,0.02857234572682646,0.15850313095039917
0.11291571999999994,-0.22204034,0.10739665999999998,-0.23489389,0.11377432999999998,-0.23712264,0.0736848,-0.2576811,0.09586054,-0.25834004,0.00987764999999996,-0.22973219,0.08593141999999998,-0.21842322000000003,-0.05509190000000003,-0.09695714,0.10391463999999995,-0.103329,-0.05051880000000003,0.011661530000000031,0.15609339999999994,-0.06606824,-0.01850750000000001,-0.0029717099999999608,0.018507499999999955,0.0029717099999999608,-0.0025645500000000543,0.16690936,-0.011592630000000048,0.20865206000000003,0.028880379999999983,0.30926546,-0.04020003000000005,0.36293675999999997,-0.06496954999999999,0.13277505,0.004573099999999997,0.10861867000000003,0.017983219999999966,0.11509422000000002,0.05217875999999999,0.037260760000000004,0.015942949999999956,0.16988106999999997,0.03144493000000004,0.14235609999999999,-0.030100130000000003,0.20568035000000007,-0.028607400000000005,0.15428469999999994,0.07605377000000002,0.011308969999999974,0.037014999999999965,0.0059434199999999215,0.03519737263756488,0.15393633286138944
0.11331725499999995,-0.21373477999999996,0.10750415499999993,-0.22674512999999996,0.11349935499999997,-0.22886559,0.07384625499999997,-0.24935898,0.09307845499999995,-0.24929576999999997,0.011874484999999935,-0.22192987999999997,0.08292232499999996,-0.20847034999999997,-0.05084322500000005,-0.10163940999999999,0.10377188499999995,-0.09477380999999996,-0.06128124500000004,-0.004715510000000034,0.1505378049999999,-0.05511980999999999,-0.016877485000000025,-0.002924139999999964,0.01687748499999997,0.002924139999999964,-0.0033719950000000165,0.17649489000000007,-0.013409715000000044,0.21651609000000005,0.02777673499999994,0.32172119,-0.03995986500000004,0.37268909000000006,-0.06271770999999998,0.12029046999999998,-0.010438019999999992,0.09692389999999995,0.02084955999999999,0.11369654000000001,0.04676591999999996,0.03965399999999997,0.013505490000000009,0.17941903000000003,0.031148729999999958,0.14522629999999992,-0.030287200000000014,0.21359195000000009,-0.026550149999999995,0.156173,0.07104784000000003,0.013459529999999997,0.033754969999999995,0.005848279999999928,0.04443987970972133,0.14571952948765957
0.11315466000000002,-0.21816444499999993,0.10712598000000001,-0.23083822499999995,0.11380768000000002,-0.23347962499999997,0.07273314000000003,-0.25314752499999993,0.09399764000000005,-0.25471294499999997,0.00899852000000001,-0.22314819499999994,0.08403681000000002,-0.21526435499999996,-0.05401773999999998,-0.09336412499999991,0.10284282,-0.1065980849999999,-0.05419647,0.016121875000000063,0.14861596000000005,-0.0592451249999999,-0.018271679999999957,-0.002357424999999913,0.018271680000000012,0.002357425000000024,-0.0016844199999999643,0.17211117500000006,-0.012094319999999992,0.21288687500000003,0.02871925000000003,0.31803142500000003,-0.039296799999999965,0.3675495750000001,-0.06301625999999999,0.12978407000000003,-0.00017873000000001582,0.10948599999999997,0.018806009999999984,0.10866627000000006,0.045773140000000045,0.04735296,0.016587259999999993,0.17446859999999997,0.030403669999999994,0.14592024999999997,-0.030366000000000004,0.21052945,-0.027202479999999973,0.15466270000000004,0.07503829000000001,0.007883839999999975,0.03654335999999997,0.004714849999999937,0.04039894881100376,0.14416832348064848
0.11157430000000002,-0.22674284999999994,0.10617996000000002,-0.23931049999999993,0.11256353000000002,-0.24238906999999993,0.07257714999999998,-0.2625199999999999,0.09390812999999998,-0.26536885999999993,0.008247930000000014,-0.23263571999999993,0.08413256000000002,-0.22586699999999993,-0.05553224000000001,-0.09959209999999996,0.10286630000000002,-0.11531425999999989,-0.054100970000000026,0.012249400000000077,0.14699354999999997,-0.06769989999999992,-0.018414770000000025,-0.0021787999999999252,0.018414770000000025,0.0021788000000000363,-0.0014015099999999947,0.16656040000000005,-0.013453300000000001,0.20732497000000005,0.029121229999999998,0.30848510000000007,-0.039423549999999974,0.3574193600000001,-0.06378017000000002,0.13304361999999997,0.0014312699999999845,0.11184150000000004,0.01873374,0.11055274000000004,0.04412724999999995,0.04761435999999997,0.01701326000000003,0.16873919999999998,0.030522739999999993,0.14192470000000001,-0.031868070000000026,0.20514617000000002,-0.025970249999999973,0.15009439000000002,0.07588463000000001,0.006768720000000006,0.03682954000000005,0.0043575999999999615,0.03849256844742892,0.14634047758558935
0.11182137000000003,-0.23209077000000006,0.10577001000000003,-0.2452136900000001,0.11273111000000002,-0.24731687000000008,0.07131796000000001,-0.2672739700000001,0.09459443000000006,-0.2677406400000001,0.007754130000000026,-0.2350905900000001,0.08579243000000003,-0.2247355000000001,-0.05515248999999994,-0.10185808000000007,0.10543717000000002,-0.11175284000000008,-0.05428706999999994,0.012423689999999876,0.14885627,-0.0673283400000001,-0.01910320999999998,-0.002813400000000077,0.019103210000000037,0.002813399999999966,-0.0010899499999999507,0.16421985999999988,-0.012163889999999955,0.20644139999999989,0.03011708000000002,0.30704449999999994,-0.03922391999999997,0.35693650999999993,-0.06290661999999997,0.13323251000000003,0.0008654200000000056,0.11428176999999995,0.019644739999999994,0.11298266000000001,0.04341909999999999,0.04442449999999998,0.01801326000000003,0.16703325999999996,0.03120702999999997,0.14282464000000006,-0.03126709999999999,0.20362799999999992,-0.027060030000000013,0.15049511000000004,0.0780383,0.010355090000000011,0.03820642000000002,0.005626800000000043,0.03834152991428088,0.14749820429276828
0.10968096,-0.23093102000000004,0.10385701999999997,-0.24426994000000002,0.10994077999999996,-0.24638185,0.06975428,-0.2657932,0.09078675999999997,-0.26594472,0.005571229999999983,-0.23291925000000002,0.08335359999999997,-0.22226440000000003,-0.05768040000000002,-0.10265820000000003,0.10314646999999999,-0.10829893000000002,-0.04901656000000004,-0.0006294000000000022,0.14840075999999996,-0.06374920000000006,-0.0191153,-0.0028143999999999947,0.0191153,0.0028143999999999947,-0.002733130000000028,0.1669623,-0.01392504,0.20758392999999997,0.028645759999999965,0.31181636,-0.04061555,0.36110493,-0.06325163,0.13026105,0.008663839999999978,0.10202880000000003,0.019792870000000018,0.11396547000000001,0.045254289999999975,0.044549729999999954,0.016382169999999974,0.1697767,0.03137888999999999,0.14485406,-0.03304034,0.20476952999999998,-0.02669051,0.15352100000000002,0.07778236999999999,0.010654849999999993,0.0382306,0.005628799999999989,0.029980986884817557,0.14541472763228488
0.10943772000000002,-0.23250865999999998,0.10355235000000002,-0.24539378,0.11036545000000003,-0.24775907000000003,0.06908795000000001,-0.26665556,0.09162928000000004,-0.26753148,0.005874250000000025,-0.23548266,0.08210407000000003,-0.2222753,-0.056505749999999966,-0.1021472,0.10469992,-0.1021978,-0.05755136999999999,0.007977640000000008,0.15170245000000004,-0.06395189999999995,-0.018410519999999986,-0.00332140000000003,0.01841052000000004,0.00332140000000003,-0.0022917000000000076,0.16628434999999997,-0.013354150000000009,0.20904279999999997,0.02964585000000003,0.3111113,-0.039563849999999956,0.36245117000000004,-0.06237999999999999,0.13333546000000002,-0.0010456200000000249,0.11012484,0.022595849999999973,0.1200775,0.04700253000000004,0.038245900000000055,0.016118819999999978,0.16960575,0.03193755000000004,0.14482695,-0.03176467000000005,0.20572139999999994,-0.026209699999999947,0.15340837000000007,0.07622982,0.013207360000000001,0.03682104000000003,0.00664280000000006,0.040739102145777605,0.1493065152497201
0.10757770000000005,-0.23931203,0.10294412000000003,-0.25208438000000005,0.10866882000000005,-0.25404111,0.07032688000000004,-0.27212611000000003,0.08931221000000006,-0.27338115,0.005156350000000032,-0.24212837000000004,0.07940791000000003,-0.22510475000000002,-0.05699000999999998,-0.10599786,0.10113968000000001,-0.09803987000000003,-0.05823254999999994,0.010569669999999975,0.14882357000000002,-0.06430459,-0.017554269999999983,-0.004144370000000008,0.01755427000000004,0.004144370000000008,-0.0030202099999999676,0.16133862,-0.01203046999999996,0.20700973,0.031858350000000035,0.3117014699999999,-0.03897587999999996,0.36103116999999996,-0.06214636000000001,0.13613051000000004,-0.0012425399999999587,0.11656752999999997,0.021731769999999984,0.12706488,0.04768389000000001,0.033735280000000034,0.014534060000000015,0.16548299,0.03487856,0.15036284999999994,-0.029584739999999998,0.20286536,-0.026945410000000003,0.15402143999999995,0.07425156,0.017023620000000017,0.03510854000000002,0.008288740000000017,0.043257663331252603,0.14804353835129583
0.10476638999999999,-0.23397961499999997,0.10090232999999998,-0.24637177500000002,0.10605103999999999,-0.249100535,0.06976360999999998,-0.267844915,0.08641134,-0.270468295,0.005259789999999986,-0.24254367500000001,0.07604806000000003,-0.22175115499999998,-0.052070669999999986,-0.12766831499999998,0.09891623999999999,-0.093326715,-0.05889126,-0.04580804500000002,0.14944618999999998,-0.06328151500000001,-0.01660581,-0.00456455499999997,0.01660581,0.00456455499999997,-0.0036871099999999934,0.16423548499999996,-0.012592539999999985,0.20964833500000002,0.031220210000000026,0.31441685500000005,-0.04004411000000002,0.367032385,-0.05733045999999997,0.11487536000000004,-0.006820590000000015,0.08186026999999996,0.02286817999999996,0.12842443999999997,0.05052994999999999,0.030045199999999994,0.012918700000000005,0.16880003999999993,0.03490732000000002,0.1501813700000001,-0.029198349999999984,0.20508378000000005,-0.027451570000000036,0.15738405,0.07078827000000004,0.020792520000000037,0.03321162,0.00912910999999994,0.05906847508682279,0.14916318504573872
0.10378841,-0.22787073500000005,0.09932052999999996,-0.24005983500000005,0.10455784999999995,-0.24231800500000006,0.06781683,-0.2620013950000001,0.08249164999999997,-0.2626290050000001,0.008686949999999971,-0.24137343500000008,0.07044848999999997,-0.21180463500000007,-0.03709255,-0.1470001350000001,0.09654454999999995,-0.08364023500000006,-0.06193965000000001,-0.07360123500000004,0.14662411999999997,-0.058330435000000014,-0.014073950000000002,-0.00589659500000006,0.014073950000000002,0.005896594999999949,-0.006764290000000006,0.1715682649999999,-0.011559630000000043,0.21920606499999995,0.028500919999999985,0.324921865,-0.040127630000000025,0.3794817049999999,-0.04577949999999997,0.0943733,-0.02484710000000001,0.07339890000000004,0.026096059999999976,0.1281644,0.05007957000000002,0.02530980000000005,0.007309659999999996,0.17746485999999995,0.03526520999999999,0.1533536000000001,-0.025633580000000045,0.21330947,-0.028567999999999982,0.16027563999999994,0.061761540000000004,0.029568800000000006,0.028147900000000003,0.011793190000000009,0.08291588215788094,0.1472910688047642
0.102305975,-0.22534818499999998,0.09877577500000001,-0.23743683499999996,0.10276565500000001,-0.24007466499999996,0.068819945,-0.25904515499999997,0.07908167499999996,-0.260750385,0.00815743499999999,-0.237114985,0.06694802499999997,-0.20795375499999996,-0.038214265000000025,-0.14268714499999996,0.09276884499999999,-0.07927054499999997,-0.06251329500000002,-0.06925658499999998,0.148699645,-0.05649058499999993,-0.013421655000000032,-0.005827244999999981,0.013421654999999977,0.005827244999999981,-0.009557725000000017,0.173706515,-0.012605485000000027,0.219914975,0.026389455000000006,0.329193215,-0.03992072499999999,0.38324721500000003,-0.046371700000000016,0.09442784000000004,-0.02429903,0.07343055999999998,0.025820820000000022,0.12868321,0.0559308,0.022779960000000044,0.0038639300000000154,0.17953376,0.03594718000000002,0.15548669999999998,-0.026027140000000004,0.21408773000000003,-0.027315239999999963,0.16333224000000002,0.058790589999999976,0.029161230000000038,0.02684331000000001,0.011654489999999962,0.08020766977493611,0.14894175544268637
0.102642925,-0.24547680500000008,0.09757946499999998,-0.2569066850000001,0.10238993499999999,-0.2615521050000001,0.06502760499999999,-0.27770373500000006,0.07810724499999999,-0.28155377500000006,0.008094765000000004,-0.24590152500000007,0.063555305,-0.22608780500000009,-0.041960834999999974,-0.13239002500000008,0.08906546500000001,-0.10491606500000006,-0.06427949500000002,-0.028880905000000068,0.15675406500000005,-0.08002030500000012,-0.012143734999999989,-0.005403965000000066,0.012143734999999989,0.005403964999999955,-0.005424164999999981,0.16883649499999998,-0.013025455000000019,0.20529959499999995,0.02810642499999999,0.3002098449999999,-0.04374453499999997,0.3635517949999999,-0.05005559999999998,0.11351149999999999,-0.022318660000000046,0.10350912000000001,0.025510160000000004,0.12117174000000003,0.06768860000000004,0.024895759999999933,0.006719570000000008,0.17424046000000004,0.03353058999999997,0.13137334999999994,-0.025169190000000008,0.19989563,-0.030719079999999954,0.15825219999999995,0.05546054,0.01981371999999998,0.024287469999999978,0.010807930000000021,0.05717782946685895,0.16795670110996413
0.10446897,-0.255031705,0.09990183000000002,-0.266162905,0.10442155000000003,-0.271476975,0.06777892000000002,-0.285805735,0.07894731000000005,-0.29195987500000004,0.010311370000000042,-0.24872842500000003,0.06050977000000002,-0.234545175,-0.039875689999999964,-0.11564227500000002,0.08467035,-0.11294672500000003,-0.05917434999999999,0.01220132499999993,0.15492915000000007,-0.09107253500000001,-0.010465679999999977,-0.0049314750000000185,0.010465680000000033,0.0049314750000000185,-0.0014744700000000055,0.16598078500000002,-0.01264812999999998,0.20418452499999995,0.03185880000000002,0.29584428499999993,-0.04050537999999998,0.35947796499999995,-0.050187060000000006,0.13308615000000001,-0.019298660000000023,0.12784359999999995,0.024160579999999987,0.12159844999999997,0.07025880000000007,0.021874190000000016,0.008991209999999972,0.17091226000000004,0.033333270000000026,0.1298634999999999,-0.023113810000000012,0.19925304999999993,-0.02785725,0.15529344,0.050198399999999976,0.014183250000000036,0.02093136000000001,0.009862950000000037,0.05163397494875733,0.1734545015285594
0.10614619999999997,-0.25933684999999995,0.10255179999999997,-0.27030404999999996,0.10560318000000002,-0.27701422,0.07203765000000001,-0.28786881999999997,0.07832568000000001,-0.29783408,0.01214208,-0.24482064999999997,0.058669130000000014,-0.23987713,-0.038102970000000014,-0.10059814999999994,0.08354857999999998,-0.11955238000000001,-0.05516206000000001,0.02510012000000006,0.16135630999999995,-0.09901623999999998,-0.009052820000000017,-0.0036702800000000257,0.009052820000000017,0.0036702800000000257,0.004040700000000008,0.16480022000000005,-0.008604659999999986,0.20137792,0.038026019999999994,0.29498429000000004,-0.04039605000000002,0.35751367,-0.05024505000000001,0.14422250000000003,-0.01705909,0.12569827,0.02487944999999997,0.12032474999999998,0.07780772999999996,0.020536140000000036,0.013093520000000025,0.16847050000000008,0.033985319999999986,0.13018406999999999,-0.017657480000000003,0.19770763999999996,-0.03179139000000003,0.15613575000000002,0.046527050000000014,0.004943519999999979,0.018105640000000034,0.0073405600000000515,0.05434885398550372,0.18368689244442696
0.10212258000000002,-0.265248245,0.09920466,-0.276064875,0.10188819999999998,-0.283202295,0.06954389999999999,-0.293626695,0.07491910000000002,-0.305279555,0.00877005000000003,-0.248968825,0.05473116,-0.24648848499999998,-0.04208793999999999,-0.096348125,0.07762644000000002,-0.123945525,-0.058523769999999975,0.02714427500000005,0.15020543000000003,-0.10667598499999997,-0.008921899999999983,-0.003906725,0.008921899999999983,0.003906725,0.0058027199999999834,0.158770175,-0.008900550000000007,0.20200294500000004,0.03762300000000002,0.29091397500000005,-0.04051536,0.355832775,-0.05085799000000002,0.1526207,-0.016435829999999985,0.12349240000000006,0.022895280000000018,0.12254295999999998,0.07257899000000001,0.017269540000000028,0.014724619999999966,0.1626769,0.031820280000000034,0.13214380000000003,-0.01782244999999999,0.19809622000000005,-0.03161480999999999,0.15382982999999995,0.04596110999999997,0.0024803400000000253,0.017843799999999965,0.00781345,0.058519313978351646,0.1794145244962208
0.10168887999999998,-0.25847742500000004,0.10085694,-0.26936365500000004,0.10236128,-0.27601749500000006,0.07475147999999998,-0.284419305,0.07455929,-0.298583015,0.013496830000000015,-0.24115000500000006,0.049191969999999974,-0.24345007500000004,-0.03243784999999999,-0.08414153499999999,0.06809165,-0.11574594500000002,-0.05319569000000002,0.03179486499999995,0.14725895,-0.10070161500000008,-0.0057908700000000035,-0.002412575000000028,0.0057908700000000035,0.002412574999999917,0.007364349999999964,0.15922852499999995,-0.004084420000000033,0.20703922499999994,0.04304816,0.30979998499999994,-0.03089808999999999,0.365973325,-0.045934680000000006,0.15700847000000007,-0.020757840000000027,0.11593639999999994,0.01889968000000003,0.12770413000000003,0.0791673,0.01504432999999994,0.013155219999999967,0.16164109999999998,0.03568381000000004,0.15057146,-0.009875290000000037,0.20462665000000002,-0.026813669999999956,0.15893410000000008,0.03569513999999996,-0.0023000699999999874,0.011581740000000007,0.004825149999999945,0.05845824074145577,0.17505928663810583
0.09886875,-0.26712084499999994,0.09789555,-0.27659184499999995,0.09892309999999999,-0.28485149499999995,0.07219647000000001,-0.29179042499999996,0.0698493,-0.3079579149999999,0.01781659000000002,-0.24881258499999992,0.03848453000000002,-0.25122752499999995,-0.024475319999999967,-0.08711499499999997,0.056943789999999994,-0.12145799499999999,-0.05499029999999999,0.02863445500000006,0.14452608,-0.11920674499999995,-0.0006835900000000117,-0.0036798149999999197,0.0006835900000000117,0.0036798150000000307,0.009059350000000022,0.15675325500000004,-0.005248409999999981,0.20568132500000003,0.04150908000000003,0.29434591500000007,-0.037002429999999975,0.3619998550000001,-0.04229190999999999,0.16169758999999995,-0.030514980000000025,0.11574945000000003,0.018459259999999977,0.12976952999999997,0.08758229000000001,0.002251250000000038,0.009742940000000033,0.16043306999999996,0.03244973000000001,0.13759266000000003,-0.005931999999999993,0.20200151,-0.031754019999999994,0.15631853000000007,0.020667939999999996,-0.002414940000000032,0.0013671800000000234,0.00735962999999995,0.06319359775053954,0.18918712577243116
0.09803870999999997,-0.264393085,0.09790710999999996,-0.27466239500000006,0.09561207999999999,-0.28343802500000004,0.07336667999999996,-0.28951782500000006,0.06495265,-0.30484732500000006,0.028067479999999978,-0.24890186500000006,0.030087980000000014,-0.24833770500000002,0.02108368999999999,-0.115871065,0.05111397000000001,-0.12281727500000006,0.052051879999999995,-0.05288558500000007,0.14591762999999996,-0.12096988500000005,0.003785790000000011,-0.004435124999999984,-0.003785790000000011,0.004435124999999984,0.014185549999999991,0.159066975,-0.007213620000000032,0.20635987499999997,0.03775338,0.296385715,-0.03641749,0.3661634349999999,-0.00698378999999999,0.13303080000000006,0.030968190000000007,0.06298547999999993,0.021025989999999994,0.12552042999999996,0.09480365999999996,0.0018473900000000043,0.01039975999999998,0.16350209999999998,0.023567830000000012,0.13731874,-0.0034278300000000206,0.20192475,-0.029203869999999965,0.15980355999999996,0.002020500000000036,0.0005641600000000357,-0.007571580000000022,0.008870249999999968,0.06838905261881982,0.19528832656561043
0.08998417999999997,-0.277155555,0.09105929999999995,-0.286766525,0.08790835999999996,-0.296367805,0.06845134999999997,-0.298677305,0.05509499999999995,-0.317518955,0.022186279999999947,-0.255561025,0.01825084999999993,-0.256763425,0.008748099999999925,-0.11654878499999999,0.04024371999999993,-0.13105842499999998,0.021353899999999926,-0.04422575500000003,0.13759645999999998,-0.13658357499999996,0.0062821799999999706,-0.0046632249999999376,-0.006282180000000026,0.004663225000000049,0.010913399999999962,0.15117077499999998,-0.011967330000000054,0.20364027500000004,0.03471204999999994,0.290611175,-0.04098424000000006,0.359812075,-0.013438180000000022,0.13901224,0.0126058,0.07232302999999995,0.021992869999999998,0.125705,0.09735274000000005,-0.005525149999999979,0.0046312199999999915,0.15583399999999992,0.023798649999999977,0.13944040000000002,-0.005685150000000028,0.19897705,-0.029016910000000007,0.15617179999999997,-0.0039354300000000175,-0.0012023999999999924,-0.012564359999999997,0.009326449999999986,0.04233616094734271,0.20162272083892133
0.08684225499999998,-0.28113918,0.09034733499999997,-0.29193185,0.08507215499999998,-0.3019326,0.06961535499999999,-0.30261013999999997,0.05077041500000001,-0.32489974,0.013532084999999971,-0.25475777,0.017477734999999994,-0.26073685999999996,-0.012595075000000011,-0.10774339999999993,0.03455291500000002,-0.13500592999999994,-0.007959325000000017,-0.02148149999999993,0.129645385,-0.14102459999999994,0.003399474999999985,-0.0034798999999999802,-0.003399474999999985,0.0034798999999999802,0.011494025000000019,0.15223340000000007,-0.011776465000000014,0.20323170000000002,0.035043904999999986,0.2957638,-0.03452664500000002,0.3555768,-0.026127159999999983,0.14701437000000006,0.004635749999999994,0.0862619,0.017075180000000023,0.12573093000000002,0.09509246999999998,-0.006018670000000004,0.008094550000000034,0.15571330000000005,0.023549879999999968,0.14353039999999995,-0.008376990000000029,0.19975180000000003,-0.02275018000000001,0.1523451,0.003945650000000023,-0.005979089999999965,-0.00679894999999997,0.0069597999999999605,0.021285674525370304,0.19642424822986995
0.08308363000000002,-0.2805180299999999,0.08778462000000004,-0.29140886999999993,0.08037606000000003,-0.30170499999999995,0.06917605000000004,-0.30115195999999994,0.04560778000000004,-0.32411539999999994,0.016674480000000047,-0.25338659999999996,0.010076820000000042,-0.25899085999999993,-0.0008347199999999555,-0.11635819999999997,0.024777240000000034,-0.13403919999999991,0.023889980000000033,-0.05306769999999994,0.12164140000000001,-0.14325725999999994,0.006282060000000034,-0.0038937999999999473,-0.006282059999999978,0.0038938000000000583,0.01787240000000001,0.15322170000000002,-0.012343169999999959,0.20285150000000007,0.034145600000000054,0.29806920000000003,-0.033249999999999946,0.3576737000000001,-0.017509200000000003,0.1370284,0.02472469999999999,0.06329050000000003,0.014700419999999992,0.12495166000000002,0.09686415999999998,-0.009218060000000028,0.011590339999999977,0.15711549999999996,0.016273200000000043,0.14484750000000002,-0.006061109999999981,0.19895770000000002,-0.020906829999999987,0.15482220000000002,-0.006597660000000005,-0.005604259999999972,-0.012564120000000012,0.007787600000000006,0.05223132477676973,0.19498165574611165
0.08397818000000001,-0.27973357499999996,0.08836015000000003,-0.29000759499999995,0.08115421,-0.30057245499999996,0.07104897999999998,-0.30091503499999994,0.046623479999999995,-0.32395726499999994,0.019782279999999985,-0.251512435,0.007321179999999983,-0.258066135,-0.019689159999999983,-0.09366933499999996,0.02130173000000002,-0.129172595,-0.03868425999999997,0.009101965000000045,0.12231352000000001,-0.14586776499999998,0.009509099999999993,-0.00507876499999993,-0.009509099999999993,0.005078765000000041,0.024959779999999987,0.15278516500000006,-0.006141679999999983,0.2128385650000001,0.04119382999999999,0.29098406500000007,-0.035632090000000005,0.36272206500000004,-0.03947143999999997,0.15784310000000001,-0.018995099999999987,0.10277130000000001,0.013980550000000036,0.12889353999999997,0.10101178999999999,-0.01669516999999998,0.015450679999999994,0.15786392999999999,0.01623405,0.1381989,0.00336742000000001,0.20775980000000005,-0.029490410000000022,0.14988349999999995,-0.012461100000000003,-0.006553699999999996,-0.019018199999999985,0.01015752999999997,0.050236371797956265,0.20040473562943892
0.07274277000000001,-0.29027554499999997,0.07821964999999997,-0.299963715,0.06880565,-0.311972615,0.06230511,-0.309050915,0.03183219999999998,-0.334906155,0.01597504999999999,-0.260672085,-0.008701879999999995,-0.264425585,-0.007124289999999978,-0.12522018499999998,0.008132150000000005,-0.13951068499999997,0.00342205000000001,-0.04547431499999999,0.11530335000000003,-0.159322525,0.012610029999999994,-0.006019615000000034,-0.012610029999999994,0.006019615000000034,0.02115339999999999,0.14502331499999999,-0.014779380000000009,0.20476606500000005,0.029438750000000014,0.27865734500000006,-0.04359225,0.354239615,-0.023099339999999968,0.13545190000000001,0.010546339999999987,0.07974587,0.01683403,0.12491490000000005,0.10717120000000002,-0.019811840000000025,0.008543369999999995,0.15104293000000002,0.008285350000000025,0.13363403000000007,-0.0021693500000000143,0.19874645000000002,-0.02881286999999999,0.14947354999999996,-0.024676929999999986,-0.0037535000000000207,-0.02522005999999999,0.012039230000000067,0.04051039778341353,0.20904510528305612
0.06987525,-0.29411939000000004,0.07568430999999998,-0.30374592,0.06580492999999998,-0.31632772000000003,0.05976024999999996,-0.31322575,0.029411279999999984,-0.34035886,0.013056419999999958,-0.264428,-0.010842710000000033,-0.27095685,-0.002160070000000014,-0.13140742000000005,0.003580899999999998,-0.14644716000000002,0.03859371,-0.06951538000000002,0.11221344999999999,-0.16794694,0.011759949999999963,-0.005550480000000024,-0.011759950000000019,0.005550480000000024,0.02310687,0.14701834000000003,-0.014362490000000006,0.20105364000000003,0.03135370999999998,0.27571117999999994,-0.04003522000000004,0.34941318,-0.015216489999999971,0.13302057999999994,0.04075378000000002,0.06189204000000004,0.014423610000000031,0.12450969,0.10863255,-0.02149977999999997,0.011346920000000038,0.15256882000000005,0.008246839999999978,0.12869283999999992,-0.0026025399999999865,0.19550316,-0.025672730000000032,0.14835953999999996,-0.02389912999999999,-0.0065288500000000305,-0.023519899999999982,0.011100960000000049,0.06936540281543531,0.21323873628920334
0.06297167000000004,-0.292498835,0.07198643000000005,-0.30325978500000006,0.05848654000000003,-0.316061915,0.060795590000000066,-0.310566985,0.021673730000000058,-0.34078203500000004,0.015847990000000034,-0.257475675,-0.01686624999999997,-0.26999410500000004,0.007924670000000023,-0.126338395,-0.005506609999999967,-0.14651673500000006,0.046998010000000034,-0.08159187499999998,0.10034959000000004,-0.16495188500000002,0.013866350000000027,-0.003747194999999981,-0.013866349999999972,0.003747194999999981,0.02748529000000005,0.150608065,-0.01869035999999996,0.19481456499999994,0.02917529000000002,0.28581139499999997,-0.03502893999999995,0.34300860499999997,-0.007923320000000011,0.13113728000000002,0.03907334000000001,0.04474652000000001,0.011359640000000004,0.12347736999999998,0.10585620000000001,-0.018435149999999956,0.013618940000000024,0.15435526,0.0016899999999999693,0.13520332999999995,-0.00482400999999999,0.19106736999999996,-0.01633857999999999,0.14819404000000003,-0.032714240000000006,-0.012518430000000025,-0.0277327,0.007494389999999962,0.08460201592549672,0.20372692640623136
0.054988955000000006,-0.29303612999999995,0.06425708499999999,-0.30432303,0.048986854999999996,-0.31570071,0.05518171500000002,-0.31143912999999995,0.011699314999999988,-0.33832857,0.014806415000000017,-0.25603471,-0.025041184999999966,-0.26713549999999997,0.003723265000000031,-0.12451148000000001,-0.017065435000000018,-0.14505972999999994,0.055358854999999985,-0.08624222999999998,0.08730968500000003,-0.16376304999999997,0.01603695500000002,-0.00449157,-0.01603695500000002,0.00449157,0.02998711500000001,0.14533001,-0.02360793499999997,0.19227577000000007,0.02130979500000002,0.28319757,-0.038709885,0.34416887000000007,-0.011083149999999986,0.13152323,0.051635589999999953,0.03826925000000003,0.007975749999999948,0.12207577000000003,0.10437512000000004,-0.018703320000000023,0.01395015999999999,0.14982158,-0.008677319999999988,0.13786756,-0.007570979999999949,0.18778420000000007,-0.01510195000000003,0.1518931,-0.03984759999999998,-0.011100789999999972,-0.03207391000000004,0.00898314,0.09071594253517731,0.19745922402013535
0.05330480999999998,-0.290593265,0.062115509999999985,-0.302320365,0.046904769999999985,-0.31249040499999997,0.05315375,-0.31068973499999997,0.008737209999999995,-0.33477470499999995,0.01549735000000002,-0.257807105,-0.029445359999999976,-0.263236035,0.007581469999999979,-0.12944873499999998,-0.019970659999999973,-0.13951383499999992,0.05302306000000001,-0.093014135,0.08708687999999998,-0.162540405,0.017928590000000022,-0.006212504999999924,-0.017928590000000022,0.006212505000000035,0.03543528000000001,0.13859156500000003,-0.02312502999999999,0.19387866500000006,0.02353327999999999,0.28106340500000004,-0.03847739,0.345025665,-0.007915880000000042,0.12835837,0.04544159000000003,0.036434599999999984,0.009474700000000003,0.12372220000000006,0.10705753999999995,-0.02302657000000008,0.01750668999999999,0.14480406999999995,-0.011902000000000024,0.14247184000000002,-0.005196439999999969,0.18766616000000003,-0.01535236000000001,0.15114699999999992,-0.04494271,-0.0054289299999999985,-0.035857180000000044,0.012425009999999959,0.09362769245921748,0.19876064392326015
0.04641325000000002,-0.28542853999999995,0.05608608000000004,-0.2974075,0.03988248000000005,-0.30792768,0.048974760000000006,-0.30556336999999995,0.0030153500000000277,-0.3305955,0.013487440000000017,-0.25236813999999996,-0.03360071999999997,-0.25735979999999997,0.00828928000000001,-0.12618474000000002,-0.02435761999999997,-0.13123069999999992,0.05371500000000001,-0.0956768,0.08281691000000002,-0.16094218,0.018342330000000018,-0.006034800000000007,-0.018342329999999962,0.006034800000000007,0.03492651000000002,0.14551999999999998,-0.023979649999999963,0.19718010000000008,0.020409860000000057,0.29030164,-0.04011239999999999,0.35253770000000006,-0.005198160000000007,0.12618339999999995,0.04542572,0.03050794000000001,0.009243100000000004,0.12612910000000005,0.10717452999999999,-0.029711480000000068,0.016584180000000004,0.1515548,-0.014516649999999964,0.14478164000000004,-0.005637320000000001,0.19114530000000007,-0.01613275000000003,0.15535759999999998,-0.04708815999999999,-0.004991660000000009,-0.03668465999999998,0.012069600000000014,0.09636863570129496,0.19522936174484104
0.043049720000000014,-0.287065815,0.052474999999999994,-0.299410365,0.03622928000000003,-0.30951262500000004,0.04543252000000003,-0.30799816500000005,-0.0011300199999999538,-0.332019285,0.010947819999999997,-0.25436076500000004,-0.03662779999999999,-0.25823832500000005,0.00813889000000001,-0.13235871500000007,-0.02758847999999997,-0.13258226500000003,0.051222740000000044,-0.115997715,0.07771209000000001,-0.16359916500000005,0.018565920000000014,-0.006405635000000021,-0.018565919999999958,0.006405635000000021,0.03670084000000001,0.14284606499999997,-0.023395719999999953,0.196433835,0.022809720000000033,0.288728075,-0.04021554999999999,0.349981805,-0.0028089299999999873,0.12200204999999997,0.043083850000000035,0.01636100000000007,0.009039320000000017,0.12565606,0.10530056999999998,-0.031016900000000014,0.01813492,0.1492517,-0.013891119999999979,0.14588201,-0.004829799999999995,0.19002819999999998,-0.016819830000000036,0.15354796999999998,-0.047575619999999985,-0.003877560000000002,-0.03713183999999997,0.012811270000000041,0.11435423862384288,0.19537422356237302
0.041050024999999934,-0.27960992500000004,0.05010152499999998,-0.292124025,0.03402952499999995,-0.302242605,0.042846864999999956,-0.300228525,-0.0029096250000000268,-0.323825425,0.00918519499999998,-0.246705505,-0.03648683500000005,-0.25124192500000003,0.011933684999999972,-0.13193102499999998,-0.026756435000000023,-0.12448552499999999,0.06415582499999994,-0.14517837500000003,0.07503497499999995,-0.15571454500000004,0.017903654999999963,-0.00605002500000007,-0.01790365500000002,0.006050024999999959,0.03997525499999999,0.14964337500000002,-0.019939415000000016,0.20128002499999997,0.026174424999999946,0.29614034499999997,-0.038228745000000064,0.356948775,0.0027484899999999923,0.11477448000000001,0.05222213999999997,-0.013247350000000047,0.009730400000000028,0.12675640000000005,0.10179140999999997,-0.031229020000000052,0.022071600000000025,0.1556934000000001,-0.013800830000000042,0.14649696999999995,-0.0020357599999999976,0.19523000000000001,-0.018289330000000048,0.15566875000000002,-0.04567203000000003,-0.004536420000000041,-0.03580730999999998,0.012100050000000029,0.14661500947526276,0.18656196036052416
0.037189105,-0.274319855,0.04650191499999995,-0.286935865,0.029977184999999962,-0.297110205,0.040371985,-0.296478705,-0.006059715000000021,-0.319720175,0.007115344999999995,-0.24498510500000004,-0.04121016500000002,-0.24750116500000002,0.004210004999999961,-0.12690216500000007,-0.030543315000000015,-0.11827975499999999,0.05721513499999997,-0.144130025,0.071586555,-0.15406910500000004,0.01889248499999996,-0.007625345000000006,-0.018892485000000014,0.007625345000000006,0.03820898499999997,0.15048849499999994,-0.019921215000000048,0.21534439500000002,0.02679840499999997,0.29423419500000003,-0.04319747500000004,0.368029595,-0.002905340000000034,0.11808293999999997,0.05300513000000001,-0.017227859999999928,0.010666850000000005,0.12922141000000004,0.10212987000000001,-0.03578935000000005,0.019316500000000014,0.15811383999999995,-0.011410580000000003,0.1437457000000001,-0.0010287300000000332,0.20771905000000002,-0.023276259999999993,0.15268519999999997,-0.048325510000000016,-0.0025160599999999866,-0.03778496999999997,0.015250690000000011,0.1417820622114268,0.1852877541558646
0.035852629999999996,-0.27881055,0.04605437999999995,-0.29228750000000003,0.02789648,-0.30224121,0.04128752999999996,-0.30181145,-0.008673150000000018,-0.32487445,0.00803838999999995,-0.24792415,-0.04270763000000005,-0.25133935,0.006413049999999976,-0.12688564999999996,-0.032340720000000045,-0.12220969999999998,0.06671781999999998,-0.14778361,0.06828484999999995,-0.15846169,0.019627319999999948,-0.007765200000000028,-0.019627320000000004,0.007765200000000028,0.04035337,0.14561161,-0.020514230000000022,0.21285191000000003,0.02679764999999995,0.28834625,-0.043621450000000006,0.36255905,-0.0016253399999999751,0.12103850000000005,0.06030477000000001,-0.02089796000000005,0.010366910000000007,0.12912965000000004,0.10062557,-0.03625199000000001,0.02072605000000005,0.15337681000000003,-0.013555720000000049,0.14273464000000002,-0.0008869100000000185,0.20508671,-0.023107219999999984,0.14970713999999996,-0.05074602,-0.003415200000000007,-0.03925463999999995,0.015530400000000055,0.14772498207540286,0.18804235850781334
0.03492160000000005,-0.28339995,0.04519852000000002,-0.29674458,0.026718550000000008,-0.30645441,0.041007000000000016,-0.30487912,-0.009676499999999977,-0.32756894999999997,0.009546120000000047,-0.24945088999999998,-0.04399049999999999,-0.25413867,0.011158900000000027,-0.12734215000000004,-0.033380759999999954,-0.12659527999999998,0.07033914000000002,-0.15112143,0.06700790000000001,-0.16250355,0.020660100000000015,-0.007876349999999976,-0.02066009999999996,0.007876349999999976,0.04446616000000003,0.13816344999999997,-0.017518469999999953,0.20774555000000006,0.031680960000000036,0.28251108999999996,-0.04216619999999999,0.35814265,0.0016127799999999803,0.12210873999999994,0.059180239999999995,-0.023779279999999958,0.010609740000000034,0.12754339000000003,0.10038865999999996,-0.03590827000000002,0.023806060000000018,0.14603979999999994,-0.012785199999999997,0.14434764,0.0031416300000000064,0.19986920000000008,-0.024647730000000034,0.15039709999999995,-0.053536620000000035,-0.00468778000000003,-0.041320199999999974,0.015752699999999953,0.15161517061141344,0.19161155640516567
0.03453215000000004,-0.28674921999999997,0.044372520000000026,-0.29986987,0.02618613000000003,-0.30987081,0.03965221000000002,-0.30788784999999996,-0.011422669999999968,-0.3311283,0.009770110000000054,-0.25123385,-0.046573439999999966,-0.25675887,0.015789700000000018,-0.12720535,-0.03474596999999996,-0.12751451000000003,0.07310285000000005,-0.15130915,0.06477423000000004,-0.16546678999999997,0.021483850000000027,-0.00779905000000003,-0.02148384999999997,0.00779905000000003,0.04636596000000004,0.13855805,-0.015927889999999945,0.20723405000000006,0.03187056000000005,0.2796345,-0.041677669999999944,0.35472205,0.006019589999999964,0.12402849999999999,0.057313150000000035,-0.02410380000000001,0.011827470000000007,0.12924435999999995,0.0995202,-0.03795227999999995,0.024882110000000013,0.14635710000000002,-0.014495399999999992,0.14107645000000002,0.005555960000000026,0.19943500000000003,-0.02574978,0.14748799999999995,-0.05634355000000002,-0.005525019999999992,-0.0429677,0.01559810000000006,0.15251121258127218,0.19354975504038233
0.030581945,-0.2869676599999999,0.04010682500000001,-0.3003480699999999,0.02216984500000002,-0.3097330299999999,0.03521268500000002,-0.30924519999999994,-0.015996585000000008,-0.33117486999999995,0.005815685000000015,-0.2524539499999999,-0.05044111499999998,-0.25585889999999994,0.011442145000000015,-0.12801523999999997,-0.04003051499999999,-0.12540819999999997,0.070382055,-0.15118416999999995,0.058993285000000006,-0.16171436999999994,0.021386614999999998,-0.008337999999999957,-0.021386614999999998,0.008338000000000068,0.04488778500000001,0.1410439400000001,-0.01936218500000003,0.21116874000000008,0.029686714999999975,0.2830160600000001,-0.04431411499999999,0.3548545000000001,0.00562646,0.12443870999999995,0.058939909999999984,-0.023168929999999976,0.010410599999999992,0.13045069999999998,0.0990238,-0.03630616999999997,0.023501170000000016,0.14938194000000005,-0.015201070000000039,0.14197212000000003,0.002024429999999966,0.20283074,-0.024951929999999956,0.14368576,-0.056256799999999996,-0.0034049500000000177,-0.042773229999999995,0.016676000000000024,0.15101516951770938,0.18809236259515405
0.029707344999999996,-0.28843890000000005,0.039446024999999996,-0.30213911000000004,0.021111245,-0.3115218700000001,0.03489765499999997,-0.31125225000000006,-0.017130044999999983,-0.3332809300000001,0.005636244999999984,-0.25405971000000005,-0.051496595000000034,-0.25799010000000006,0.012869684999999964,-0.1273517500000001,-0.04111084500000001,-0.12622462000000012,0.07330793499999999,-0.1529561100000001,0.06116533499999999,-0.16386925000000008,0.021645935000000005,-0.008453950000000043,-0.021645935000000005,0.008453949999999932,0.04631128499999998,0.13942201999999992,-0.017919275000000012,0.21025510999999997,0.032132885,0.28437431999999996,-0.042956775,0.35341234999999993,0.00723343999999998,0.12670795999999995,0.06043825000000003,-0.025604359999999993,0.010385750000000027,0.13176547999999993,0.10227618,-0.03764462999999996,0.024665349999999975,0.14787596999999997,-0.01417839999999998,0.14495230000000003,0.0037266599999999928,0.20180116000000003,-0.02503749999999999,0.14315723999999996,-0.05713284000000002,-0.003930390000000006,-0.04329187000000001,0.016907899999999976,0.1534595597825877,0.19118836705524972
0.027409140000000054,-0.289858095,0.03722192000000002,-0.303514825,0.01902592000000003,-0.313114455,0.03265316000000007,-0.312847675,-0.01919157999999993,-0.335321375,0.0025696800000000186,-0.255534975,-0.053334529999999936,-0.259076735,0.008179930000000057,-0.12899421499999997,-0.04289847999999996,-0.12453277500000004,0.06860006000000002,-0.159394875,0.05880586000000004,-0.160849615,0.021405580000000035,-0.008479824999999996,-0.02140557999999998,0.008479824999999996,0.04642702000000004,0.14063037499999997,-0.020468709999999946,0.21069852499999997,0.03296268000000002,0.283022125,-0.043849049999999945,0.352021825,0.005610250000000039,0.12654076000000003,0.06042012999999996,-0.030400660000000024,0.010436049999999975,0.13454395999999996,0.10170434,-0.03631683999999996,0.025021440000000006,0.14911019999999997,-0.013464340000000019,0.14239175000000004,0.0009368700000000341,0.20221869999999997,-0.02338034,0.14132330000000004,-0.055904209999999954,-0.003541760000000005,-0.042811160000000015,0.016959649999999993,0.15812233004535728,0.1873668443390858
0.024269359999999962,-0.28999289000000006,0.03354267999999999,-0.30346434000000005,0.015847609999999956,-0.3129681000000001,0.028902189999999994,-0.31334823000000006,-0.022624690000000003,-0.3354680500000001,0.001120809999999972,-0.2549086400000001,-0.05605579000000005,-0.25849482000000007,0.009532049999999959,-0.12740742000000005,-0.04618404000000004,-0.1216689700000001,0.07028033,-0.1633156200000001,0.054413129999999976,-0.15857227000000007,0.02158985999999996,-0.008554330000000054,-0.021589860000000016,0.008554329999999943,0.045124969999999986,0.14169012999999997,-0.02151979000000004,0.2133459299999999,0.026442579999999993,0.2807356299999999,-0.04816274000000004,0.3513904299999999,0.008411239999999987,0.12750122000000003,0.06074828000000004,-0.03590820000000006,0.009871750000000012,0.13682584999999997,0.10059717000000001,-0.03690329999999997,0.023535110000000026,0.15024446000000002,-0.018682389999999993,0.13904549999999993,7.006999999997765e-05,0.20479159999999996,-0.02664295,0.13804450000000001,-0.05717660000000002,-0.0035861799999999944,-0.04317971999999998,0.017108659999999998,0.16224000354809237,0.18359671815285836
0.023560584999999967,-0.29194135,0.03254270499999995,-0.30546475,0.014795404999999984,-0.31458218,0.02790722499999998,-0.31527106,-0.02405721500000002,-0.33628825,0.0014414049999999512,-0.25601996,-0.05727836500000005,-0.25907839,0.009739604999999985,-0.12899282999999995,-0.04848029500000001,-0.12192908999999996,0.06722903499999999,-0.16283896999999997,0.05124202499999997,-0.15494249,0.022088554999999954,-0.008531830000000018,-0.02208855500000001,0.008531830000000018,0.04551687499999996,0.14222977000000003,-0.021217465000000046,0.21225406999999996,0.02662170499999994,0.28055312,-0.04794743500000004,0.34985747,0.008298200000000033,0.12702713000000004,0.05748943000000001,-0.033846140000000025,0.008798070000000047,0.13714930000000003,0.09972231999999998,-0.033013400000000026,0.023428320000000002,0.15076160000000005,-0.018895170000000017,0.13832334999999996,0.0008710899999999633,0.20372223999999994,-0.026729969999999992,0.13760340000000004,-0.058719770000000004,-0.003058430000000001,-0.044177109999999964,0.017063660000000036,0.16077424044171376,0.1791681535948808
0.023677530000000002,-0.2955027249999999,0.03302007999999995,-0.3094379949999999,0.014830079999999968,-0.3179983549999999,0.02894234999999995,-0.3190775549999999,-0.02385831000000005,-0.33908835499999995,0.0020523100000000016,-0.25884157499999993,-0.057463070000000005,-0.25953297499999994,0.01001647,-0.13464111499999998,-0.04921692,-0.12319994499999998,0.06795838999999998,-0.16781397499999995,0.051319329999999996,-0.15442937499999992,0.02226286999999999,-0.009392624999999932,-0.022262870000000046,0.009392625000000043,0.04719274999999995,0.13643992500000013,-0.020625770000000043,0.21178692500000007,0.02573681,0.2745237250000001,-0.04738140000000002,0.3470628250000001,0.007964159999999998,0.12420045999999996,0.05794191999999998,-0.03317285999999997,0.008246150000000008,0.13633302999999997,0.10053625,-0.031229429999999947,0.02492987999999996,0.14583255000000006,-0.02145593999999995,0.13808379999999998,0.0016371000000000024,0.20239430000000003,-0.026755629999999975,0.1352759,-0.05951538000000001,-0.0006914000000000087,-0.044525740000000036,0.018785249999999976,0.1648799705358201,0.17958838448195916
0.022849229999999998,-0.298578345,0.03185752000000003,-0.313052355,0.013315800000000044,-0.321102225,0.02762210000000004,-0.322149185,-0.026132909999999954,-0.340587555,0.001548890000000025,-0.259588205,-0.05828061999999995,-0.259699605,0.008804950000000034,-0.13363065500000004,-0.05011082,-0.12332482499999997,0.06614471000000005,-0.16783482500000002,0.05072901000000002,-0.15722530499999998,0.022409920000000028,-0.009388174999999999,-0.022409919999999972,0.009388174999999999,0.04569455,0.136797375,-0.02156248999999999,0.21093367500000004,0.02578697000000002,0.27303397500000004,-0.04801412999999999,0.345483875,0.007256060000000009,0.12595754999999997,0.05733976000000002,-0.03420416999999998,0.00816979999999995,0.13637478000000003,0.10083983000000002,-0.03390048000000001,0.023284629999999973,0.14618555,-0.01990757999999998,0.13623660000000004,0.0008474299999999824,0.20154550000000004,-0.02645164,0.13455019999999995,-0.059829509999999975,-0.00011139999999998373,-0.04481984,0.018776349999999997,0.16437175168673784,0.18195976148383822
0.022768259999999985,-0.3007804,0.03179343999999995,-0.3152777,0.01329060999999998,-0.3233585,0.027488769999999996,-0.32394913,-0.02599577000000003,-0.3423869,0.0015562299999999918,-0.26147544,-0.058173870000000016,-0.26110417,0.009437529999999972,-0.13497119999999996,-0.05127510000000002,-0.12375804999999995,0.06377300999999996,-0.16601053,0.04733240999999999,-0.15522024,0.022340269999999995,-0.009532960000000035,-0.02234027000000005,0.009532960000000035,0.04509746999999997,0.13428775000000004,-0.020835640000000044,0.20947329999999997,0.029073599999999977,0.27109154999999996,-0.04650414000000003,0.3442944,0.00788129999999998,0.12650424000000005,0.05433547999999999,-0.03103933000000003,0.0068987699999999985,0.13734612000000007,0.09860751000000001,-0.031462190000000057,0.022757199999999977,0.14382071000000007,-0.016023869999999996,0.13680379999999992,0.0015046300000000068,0.19994033999999994,-0.025668499999999983,0.13482110000000003,-0.05973010000000001,0.0003712699999999791,-0.044680540000000046,0.01906592000000007,0.1618700153117077,0.17887956632500654
0.021770189999999967,-0.3016039000000001,0.03119862999999995,-0.3162909200000001,0.012201059999999986,-0.3245998400000001,0.027372729999999956,-0.3244156000000001,-0.027092090000000013,-0.3434941800000001,0.0018142899999999407,-0.2609266700000001,-0.05917822000000006,-0.2609664300000001,0.01102692999999999,-0.1350880000000001,-0.05221634000000003,-0.12372890000000003,0.06419522999999999,-0.1656537400000001,0.04538638999999994,-0.15409800000000007,0.022666319999999962,-0.009355300000000066,-0.022666320000000018,0.009355299999999955,0.04481115999999996,0.13488175999999996,-0.021594640000000054,0.20887809999999996,0.029500679999999946,0.2723568299999999,-0.04649009000000004,0.3439555999999999,0.00921264000000005,0.12583866999999999,0.0531683,-0.030565740000000008,0.006961880000000031,0.13723753000000005,0.09760272999999997,-0.030369100000000038,0.02214484,0.14423706000000003,-0.015310480000000015,0.13747506999999992,0.0010716799999999638,0.1995228,-0.024895449999999986,0.13507749999999996,-0.06099251,-3.9759999999999796e-05,-0.04533263999999998,0.01871060000000002,0.1617215282892841,0.1770540951778131
0.022601274999999976,-0.30290779,0.03172567499999995,-0.31785577000000004,0.012873334999999986,-0.32588895,0.027276774999999975,-0.32559823,-0.027185824999999997,-0.34397539,0.0010109749999999695,-0.26083502000000003,-0.059795125000000005,-0.26067218000000003,0.00844361499999996,-0.13313914999999998,-0.05416742500000005,-0.12241055,0.06431021499999995,-0.16653022,0.04561354499999998,-0.15424775000000002,0.02266104499999999,-0.00950945000000003,-0.022661045000000046,0.00950945000000003,0.044913994999999984,0.13685115000000003,-0.022947775000000004,0.21087924999999996,0.03146694499999997,0.27605555000000004,-0.045800905,0.34411735,0.00743263999999999,0.12769587000000004,0.05586659999999999,-0.03339107000000002,0.005627699999999958,0.13826163000000002,0.09978097000000002,-0.03183720000000001,0.022252949999999994,0.14636060000000006,-0.013447050000000016,0.1392044,-0.0002867299999999573,0.20136979999999993,-0.02285313,0.13323810000000003,-0.060806099999999974,0.00016283999999999743,-0.04532209000000004,0.01901890000000006,0.16245053269559256,0.17741995432168312
0.022712855000000032,-0.30879035000000005,0.03218507500000001,-0.32401047000000005,0.012846495000000013,-0.3321808500000001,0.027965035000000027,-0.33125713000000007,-0.027462814999999974,-0.34992224000000005,0.0010123550000000203,-0.2651726300000001,-0.059949105,-0.2641725200000001,0.008191735000000033,-0.1371817300000001,-0.054139314999999966,-0.12371102000000012,0.06425311500000003,-0.17129874000000006,0.04497539500000003,-0.1569265700000001,0.022757234999999987,-0.00974843000000003,-0.022757234999999987,0.009748429999999919,0.045222965000000004,0.13641658999999995,-0.022876145000000014,0.21171162999999993,0.03156319499999999,0.27254608999999996,-0.046516804999999994,0.3400628299999999,0.007179380000000013,0.12799089999999996,0.056061379999999994,-0.03411700999999995,0.005809790000000037,0.14046149999999996,0.09911471,-0.03321554999999998,0.022465730000000017,0.14616501999999998,-0.013659770000000016,0.13612950000000001,-0.0001189100000000276,0.2019632,-0.02364065999999998,0.1283512,-0.06096146000000002,0.0010001099999999985,-0.045514469999999974,0.01949685999999995,0.16679451645084292,0.17991182504692932
0.022687449999999998,-0.31152538,0.03201864999999998,-0.32700922000000004,0.012245190000000017,-0.33485811000000004,0.028031780000000006,-0.33346038,-0.028470830000000003,-0.35122042000000003,0.001307920000000018,-0.26456335000000003,-0.06024621000000002,-0.26563095000000003,0.006864199999999987,-0.13564993999999997,-0.05529855,-0.12648848000000001,0.06451954999999998,-0.17630460000000003,0.049341630000000025,-0.16031627999999998,0.023101230000000028,-0.009138980000000019,-0.023101229999999973,0.009138980000000019,0.04456182000000003,0.13914516999999993,-0.024155480000000007,0.21005867,0.03332381000000001,0.27213502,-0.047709329999999994,0.33844862,0.005556279999999969,0.12891341000000006,0.057655349999999994,-0.040654660000000065,0.00494766000000002,0.13914247000000002,0.10464018000000003,-0.03382779999999996,0.02146059,0.14828414999999995,-0.01123801000000002,0.13298985000000008,-0.0010542500000000343,0.20091968999999998,-0.023553849999999987,0.12838994999999997,-0.06155413000000004,-0.0010676000000000019,-0.04620246,0.018277960000000038,0.17222027099504517,0.18429067558248083
0.02386866999999998,-0.30960452,0.033209580000000016,-0.32548907,0.013042319999999996,-0.33291953999999996,0.02975230000000001,-0.33177282999999996,-0.027700680000000033,-0.3485945,0.004231099999999988,-0.26144618,-0.05974172,-0.26311892,0.008992630000000001,-0.13085170000000002,-0.05653471999999998,-0.12325869999999994,0.06350321999999997,-0.1712221,0.04951865999999999,-0.15454879999999993,0.02377311999999998,-0.008952599999999977,-0.02377311999999998,0.008952599999999977,0.04492301999999998,0.14109784000000003,-0.023383299999999996,0.21125380000000005,0.03346623999999998,0.2753782,-0.04702080000000003,0.3415038,0.004761530000000014,0.13059447999999996,0.05451058999999997,-0.04037039999999997,0.0032070000000000154,0.13986022000000004,0.10605337999999997,-0.03129009999999999,0.0211499,0.15005044,-0.01145678,0.13428036,0.0003898199999999852,0.20230120000000007,-0.023637500000000033,0.13024999999999998,-0.06397281999999999,-0.0016727400000000059,-0.04754623999999996,0.017905199999999954,0.16706247776284178,0.17917698741057225
0.025629415000000044,-0.31012943499999995,0.03487397500000006,-0.326292215,0.014586315000000016,-0.33324199499999996,0.031141925000000015,-0.332304385,-0.02659700499999995,-0.348011015,0.004764695000000041,-0.261457705,-0.05860908499999995,-0.26193263499999997,0.008729595000000034,-0.13092723499999992,-0.05634368499999998,-0.12176259499999997,0.06582568500000002,-0.17092879499999997,0.04957629500000005,-0.15269793499999995,0.02354462500000004,-0.00918956500000001,-0.023544624999999986,0.00918956500000001,0.04517223500000006,0.14169303500000008,-0.022734984999999985,0.21227780500000004,0.034419195000000014,0.27799966500000006,-0.04598746499999995,0.34210846500000003,0.003964899999999993,0.13053047000000007,0.05709608999999999,-0.04000156000000005,0.002265399999999973,0.14017004,0.10591998000000002,-0.030935339999999978,0.02162761000000002,0.1508826000000001,-0.010753040000000047,0.13630662999999998,0.0008096400000000004,0.20308824000000003,-0.023252479999999964,0.12983066,-0.06337377999999999,-0.00047492999999998453,-0.04708925000000003,0.01837913000000002,0.16717435974370137,0.1776351080104842
0.025647130000000018,-0.3108145050000001,0.03482078999999999,-0.32709855500000007,0.014553340000000026,-0.33400947500000006,0.031182700000000008,-0.33367102500000007,-0.026471980000000006,-0.34924180500000007,0.005773510000000037,-0.26259646500000006,-0.05883151999999997,-0.26308969500000007,0.00963014000000001,-0.1323693250000001,-0.05800593999999998,-0.1216968650000001,0.06798902000000001,-0.17096856500000007,0.048848780000000036,-0.1513647250000001,0.023814439999999992,-0.009027875000000019,-0.023814439999999992,0.009027874999999908,0.04416696000000003,0.14572677499999998,-0.024087009999999964,0.2144422749999999,0.03275202999999999,0.27964627499999994,-0.046648739999999966,0.34155907499999993,0.003856629999999972,0.13022713999999996,0.05835888,-0.03859923999999998,0.0008255799999999924,0.14139282999999997,0.10685472000000001,-0.02966785999999999,0.02035252000000004,0.15475465,-0.011414930000000045,0.13391949999999997,-0.000272569999999972,0.2054144,-0.022561730000000002,0.12711680000000003,-0.06460503000000001,-0.0004932300000000112,-0.047628879999999985,0.018055749999999926,0.16785762001128374,0.17608443904992968
0.02593917999999995,-0.31351303999999997,0.034964709999999954,-0.32977382,0.014626509999999981,-0.33655229999999997,0.031269909999999956,-0.3362521,-0.026538620000000013,-0.35121884999999997,0.005912459999999953,-0.2650554,-0.05834326000000001,-0.26506623999999995,0.005652699999999955,-0.13539239999999997,-0.057799420000000046,-0.12367289999999997,0.059388459999999976,-0.1677901,0.04657751999999998,-0.15027659999999998,0.02389791999999996,-0.008789199999999942,-0.023897920000000017,0.008789200000000053,0.044187759999999965,0.14560630000000008,-0.02439967000000004,0.211125,0.03281972,0.27783610000000003,-0.04696515000000001,0.3394846,-0.00025975999999999777,0.12966300000000003,0.05373576000000002,-0.03239770000000003,0.0005438399999999621,0.14139333999999998,0.10437694000000003,-0.026603700000000008,0.020289840000000003,0.15439550000000002,-0.011368039999999968,0.13222979999999995,-0.000501750000000023,0.20233579999999995,-0.02256547999999997,0.12835960000000002,-0.06425571999999996,-1.083999999995644e-05,-0.04779583999999998,0.017578399999999994,0.16291367232464443,0.173979068777924
0.027061449999999987,-0.31438045,0.036039600000000005,-0.33060470000000003,0.015760260000000026,-0.33736778,0.03203065999999999,-0.33642248,-0.025642799999999966,-0.35131706,0.006046130000000038,-0.2648371,-0.057842179999999965,-0.26418764,0.004593100000000017,-0.13647575,-0.05813006999999998,-0.12261909999999998,0.05938500000000002,-0.16829670000000002,0.044210570000000005,-0.14883895000000003,0.02377299999999999,-0.00889580000000001,-0.02377299999999999,0.00889580000000001,0.04455609999999999,0.1448878,-0.024618019999999963,0.21030824000000004,0.03347038000000002,0.27747815,-0.04651327999999999,0.3386709,-0.0014530300000000218,0.12836134999999999,0.054791900000000004,-0.031820950000000015,-0.00028789000000001286,0.14156854000000002,0.10234063999999998,-0.026219850000000045,0.0207831,0.15378360000000002,-0.011085719999999966,0.13259034999999997,-0.0008450199999999741,0.20141244000000003,-0.021895260000000027,0.12836265999999996,-0.06388831,0.0006494599999999906,-0.04754599999999998,0.01779160000000002,0.1633305282695492,0.1717615124162203
0.02680069500000004,-0.31283574000000003,0.03573875500000001,-0.32869859,0.015629555000000017,-0.33592177,0.03148203500000002,-0.33408634000000004,-0.02612494500000001,-0.34995095000000004,0.005517574999999997,-0.26221557,-0.058846624999999986,-0.26236965,0.0031809750000000303,-0.13381967000000006,-0.05780327499999999,-0.12102457,0.05674973500000002,-0.16526747000000003,0.04544478500000004,-0.14709932999999997,0.023901225000000026,-0.008710969999999985,-0.02390122499999997,0.008710969999999985,0.04354467500000003,0.14624808999999994,-0.02585932499999999,0.21108912999999996,0.02937505500000004,0.27874493,-0.04725319499999997,0.34018843,-0.0023365999999999665,0.12839589999999995,0.05356875999999999,-0.03144779999999997,0.0010433499999999984,0.14134508,0.10324806000000003,-0.026074759999999975,0.019643450000000007,0.15495905999999993,-0.014169619999999994,0.13249684000000006,-0.001958100000000018,0.20237815999999997,-0.02139386999999998,0.12909930000000003,-0.06436419999999998,-0.00015408000000000088,-0.047802449999999996,0.01742193999999997,0.15996550347331176,0.1705453566914388
0.02823527500000006,-0.31090269,0.03666250500000001,-0.32619036999999995,0.01734153500000002,-0.33365768999999995,0.03163646500000006,-0.33122132,-0.02458766499999998,-0.34755539999999996,0.0057950350000000594,-0.25953646999999996,-0.058132534999999985,-0.26065431,0.0058806150000000335,-0.13030750000000002,-0.05720369499999994,-0.11842527000000003,0.06057246500000002,-0.16293612999999996,0.04592403500000003,-0.14488506999999995,0.023687435000000034,-0.008467669999999927,-0.02368743499999998,0.008467670000000038,0.04410528500000005,0.14763718000000003,-0.024143464999999975,0.21109113000000002,0.029777785000000057,0.28095313,-0.04704036499999997,0.34208923,8.557999999997401e-05,0.12922896999999994,0.054691849999999986,-0.032628629999999936,0.0009288400000000419,0.14222903999999997,0.10312772999999997,-0.026459799999999922,0.020417850000000015,0.15610484999999996,-0.014327499999999993,0.13331594999999996,-0.00045602999999999616,0.20262345999999998,-0.022896899999999998,0.1309981,-0.06392757000000004,-0.0011178400000000366,-0.04737487000000001,0.016935339999999965,0.15881124195998378,0.1684126468560734
0.028637665000000034,-0.30724144000000003,0.036773064999999994,-0.32222584000000004,0.017948094999999997,-0.33005014,0.03125526500000003,-0.32710919,-0.024142204999999972,-0.34416595,0.005454395000000001,-0.25554557,-0.05782309499999999,-0.25734213,0.006988765000000008,-0.12781007,-0.05610290499999998,-0.11500997000000002,0.060853565,-0.16118044000000004,0.04798963500000003,-0.14287064000000005,0.023376585000000005,-0.007977930000000022,-0.023376585000000005,0.007977930000000022,0.043293324999999994,0.15102353000000002,-0.023760314999999976,0.21013592999999997,0.02794486500000004,0.28580273,-0.047838775,0.34524223,0.0015343700000000071,0.1277355,0.05386479999999999,-0.03337037000000004,0.0017201900000000103,0.14233215999999999,0.10409254000000001,-0.027860670000000032,0.01991673999999999,0.15900146000000004,-0.015348459999999953,0.1347792,-0.00038372999999997104,0.20215799999999995,-0.024078460000000024,0.1351063,-0.06327748999999999,-0.0017965600000000026,-0.04675317000000001,0.015955860000000044,0.1577197929881361,0.16687848401796238
0.028767509999999996,-0.30325556000000004,0.036990330000000016,-0.31786630000000005,0.018520370000000008,-0.32635847,0.031090950000000006,-0.32240630000000003,-0.023616329999999963,-0.34109178,0.00464572000000002,-0.25244564,-0.05806500999999997,-0.2547516,0.007902279999999984,-0.12659985000000007,-0.055394429999999995,-0.11303730000000001,0.06160609,-0.16166246,0.04762219000000001,-0.1411496,0.02318745,-0.00800820000000002,-0.02318745,0.00800820000000002,0.04395455000000004,0.15054106999999994,-0.02351821999999998,0.21085509999999996,0.029977850000000028,0.28808639999999996,-0.047046770000000016,0.3476969,0.003256559999999964,0.12584578999999996,0.05370381000000002,-0.03506260999999994,0.002670579999999978,0.14171430000000002,0.10301662,-0.02811229999999998,0.02076710000000004,0.15854926999999996,-0.013976700000000009,0.13754533000000002,-0.00033076999999998025,0.20284689999999994,-0.023528550000000037,0.1368418,-0.06271072999999999,-0.002305959999999996,-0.0463749,0.01601640000000004,0.15838441689635127,0.16511224793385135
0.02912182499999999,-0.29980707,0.037798865000000015,-0.31425628,0.01916678500000002,-0.32311365000000003,0.03227502500000001,-0.3192744,-0.02260557499999999,-0.3390618,0.005163154999999975,-0.25145652,-0.05804092500000002,-0.25390532,0.00898832500000002,-0.12617356000000002,-0.055149375,-0.11128072,0.06271072500000002,-0.16165727000000002,0.050469825000000024,-0.14037847999999997,0.023332195,-0.008020220000000022,-0.023332195,0.008020220000000022,0.04373242500000002,0.15167527999999997,-0.023678105000000005,0.21210938000000001,0.03070308500000002,0.29032888,-0.046511004999999994,0.34947878,0.0038251700000000444,0.12528296,0.053722400000000003,-0.03548371,0.0028915500000000205,0.1426246,0.10561920000000002,-0.029097759999999973,0.02040023000000002,0.1596955,-0.01302934,0.13865360000000004,-0.0003459100000000048,0.20408916,-0.02283289999999999,0.13736939999999997,-0.06320408,-0.0024487999999999732,-0.04666439,0.016040440000000045,0.15860331572089972,0.16573748012374992
0.029152734999999985,-0.29814797000000004,0.03800480500000003,-0.31247453000000003,0.01968218500000002,-0.32150306,0.032446695000000025,-0.318437,-0.021534394999999984,-0.33875929000000005,0.004615754999999999,-0.25330116,-0.05749271499999997,-0.25406243000000006,0.009140625000000013,-0.12840759000000002,-0.053296905000000006,-0.10980599000000002,0.06067903499999999,-0.16403227000000004,0.05188913500000003,-0.14155393000000005,0.02304621499999998,-0.00862932999999999,-0.02304621499999998,0.00862932999999999,0.04479463500000003,0.14971442000000001,-0.022550094999999992,0.21435243999999998,0.032856775000000005,0.28730007,-0.04493771499999999,0.34957236999999997,0.004524870000000014,0.12489357000000001,0.05153840999999998,-0.03562468000000002,0.0041958099999999665,0.14425644000000004,0.10518604000000004,-0.03174794000000003,0.021748420000000046,0.15834375,-0.011937860000000022,0.13758565,0.0004961199999999888,0.20572311,-0.022387619999999997,0.13521993,-0.06210846999999997,-0.0007612700000000361,-0.04609242999999996,0.01725865999999998,0.15989466189274743,0.16784015688699208
0.028301020000000066,-0.29748858999999994,0.03760397000000004,-0.3123180099999999,0.018560140000000058,-0.32062582999999995,0.03307819000000006,-0.31960904999999995,-0.022035839999999973,-0.3385173799999999,0.005643960000000059,-0.25591878999999995,-0.056947679999999945,-0.25500000999999994,0.009753820000000024,-0.1317198999999999,-0.05139833999999993,-0.11214184999999988,0.06092914000000005,-0.16643212999999996,0.05320504000000004,-0.14400604999999989,0.023344940000000036,-0.008993449999999958,-0.02334493999999998,0.00899345000000007,0.04568836000000004,0.14757955000000011,-0.022762299999999958,0.21452245000000003,0.03309538000000006,0.2845673500000001,-0.04471147999999997,0.34753315000000007,0.004109859999999965,0.12419889000000006,0.051175320000000024,-0.034712230000000066,0.005549340000000014,0.14285816000000007,0.10460337999999997,-0.03186420000000001,0.022343420000000003,0.15657300000000007,-0.012592979999999976,0.1369878,0.0005826400000000231,0.20552899999999996,-0.021949180000000013,0.13301070000000004,-0.06259164,0.0009187800000000079,-0.04668988000000002,0.017986900000000028,0.1618626270940343,0.17108111069972157
0.026437545000000007,-0.29578611000000005,0.03592926499999999,-0.31023183000000004,0.017346145000000035,-0.31859019000000005,0.031880445000000035,-0.31932699000000003,-0.02189877499999998,-0.3387497300000001,0.005296495000000012,-0.25833395000000003,-0.05734842499999998,-0.2568043300000001,0.011429045000000027,-0.13605767000000002,-0.050237715000000016,-0.11425518000000001,0.06160146500000002,-0.17158443000000007,0.056124624999999984,-0.14865283000000007,0.023343025000000017,-0.008988970000000096,-0.023343025000000017,0.008988969999999985,0.04508659500000001,0.14676736999999995,-0.024177654999999965,0.21355241999999997,0.029427344999999994,0.2837364699999999,-0.046195354999999994,0.34540766999999994,0.006132550000000014,0.12227628000000001,0.050172419999999995,-0.035526760000000046,0.0071107099999999646,0.14254915000000007,0.10636234,-0.03439765000000006,0.02174356999999999,0.15575634000000005,-0.015659250000000013,0.13696909999999995,-0.0008346299999999474,0.20456344999999998,-0.02201770000000003,0.13185524999999998,-0.06264491999999999,0.0015296199999999538,-0.046686050000000034,0.01797794000000008,0.16703589986540374,0.17653907358928367
0.027379219999999982,-0.29422129,0.03707917999999999,-0.30884422000000006,0.018305720000000025,-0.31769562,0.03286504000000001,-0.31757725000000003,-0.021478879999999978,-0.33817831000000004,0.0048519200000000096,-0.25646185000000005,-0.05720017999999999,-0.25628961000000006,0.011467600000000022,-0.13145295,-0.04921850999999999,-0.11523895000000006,0.06391701999999999,-0.16448498000000006,0.059406479999999984,-0.15045415000000006,0.02316948000000002,-0.00918635000000001,-0.02316948000000002,0.00918635000000001,0.045516920000000016,0.14455388999999996,-0.02381097999999998,0.21508799999999995,0.032218919999999984,0.28002105,-0.04502267999999998,0.34497164999999996,0.006615680000000013,0.12500890000000003,0.05244941999999997,-0.033032030000000046,0.007981669999999996,0.14105066,0.10862498999999998,-0.0352152,0.022347439999999996,0.15374023999999997,-0.013298000000000032,0.13546716000000003,-0.0006414999999999615,0.20590164999999994,-0.0212117,0.12988365000000002,-0.0620521,0.00017223999999999018,-0.04633896000000004,0.01837270000000002,0.16055536894146055,0.17973279725796187
0.02704764999999998,-0.29168565,0.03671384999999999,-0.30588738000000004,0.01849164999999997,-0.31514400000000004,0.03232850999999998,-0.31502530000000006,-0.020800030000000025,-0.33671886000000006,0.004380129999999982,-0.25547877,-0.057507399999999986,-0.25559506000000004,0.013421230000000006,-0.1312196,-0.049718050000000014,-0.11410973000000002,0.06567289999999998,-0.16396043000000005,0.05992819999999999,-0.14982954000000004,0.023009449999999987,-0.009253000000000067,-0.023009449999999987,0.009252999999999956,0.04624648999999997,0.14468284999999992,-0.02271265,0.21572229999999992,0.03336315000000001,0.27928843999999997,-0.044154499999999985,0.34523119999999996,0.009041100000000024,0.12425917000000003,0.05225166999999997,-0.032740830000000054,0.007789349999999973,0.14148533000000002,0.10964625,-0.03571981000000002,0.023237039999999987,0.15393584999999999,-0.012883339999999965,0.13460559000000005,0.00029679999999998596,0.20646929999999997,-0.021441849999999985,0.12950890000000004,-0.06188752999999997,-0.00011629000000001888,-0.046018899999999974,0.018506000000000022,0.1604822696222464,0.1794043152222769
0.02694664499999999,-0.2854504299999999,0.036649354999999995,-0.2990607699999999,0.019068905000000025,-0.3087668499999999,0.032206925,-0.30886614999999995,-0.019496815,-0.33193811999999995,0.004314044999999989,-0.25104924999999995,-0.056752935000000004,-0.2526917799999999,0.013083924999999996,-0.12847999,-0.05066584499999999,-0.11117568999999994,0.06197438500000002,-0.16031094999999995,0.053062865000000015,-0.14212545,0.022546695000000005,-0.008360849999999975,-0.022546695000000005,0.008360850000000086,0.044997885000000015,0.14888021000000007,-0.023311895000000027,0.21430298000000003,0.029721025000000012,0.28943589000000003,-0.044925115000000015,0.34800395000000006,0.008769880000000008,0.12256925999999996,0.048890460000000024,-0.031830959999999964,0.006087090000000017,0.14151608999999998,0.10372871,-0.03094976000000005,0.02245119000000001,0.15724106000000004,-0.015276860000000003,0.14055567999999996,-0.0007652000000000214,0.20594212999999995,-0.02161321999999999,0.13370097000000003,-0.06106697999999999,-0.0016425299999999754,-0.04509339000000001,0.01672170000000006,0.15698208696773686,0.16841298064900942
0.02686142500000005,-0.28123610000000004,0.03753382500000002,-0.29444348000000004,0.019430725000000038,-0.30525290000000005,0.033349885000000024,-0.30320605,-0.018158474999999952,-0.32838818000000003,0.0029509250000000486,-0.24679606000000004,-0.05545582499999996,-0.24778145000000001,0.01289175500000006,-0.13075270000000005,-0.05002455499999997,-0.10767009999999999,0.06751377500000005,-0.15652373000000003,0.05616952500000005,-0.13728505000000002,0.021402825000000014,-0.008553699999999997,-0.02140282499999996,0.008553699999999997,0.04335282500000004,0.14454245999999993,-0.021113444999999953,0.2105764,0.02908785500000005,0.2799241,-0.04515685499999994,0.3466321299999999,0.009940830000000012,0.11604335999999998,0.05462201999999999,-0.025771029999999973,0.005431269999999988,0.14011135000000002,0.10619408000000002,-0.02961495000000003,0.021950000000000025,0.15309615999999993,-0.014264969999999988,0.13538164000000008,0.00028938000000000574,0.2020227,-0.024043409999999987,0.13605572999999993,-0.05840675000000001,-0.000985389999999975,-0.04280564999999997,0.017107399999999995,0.15498822370781404,0.16518598755973526
0.026114409999999977,-0.28251635499999994,0.03594446000000001,-0.29616495499999995,0.018304459999999967,-0.30595954499999994,0.03170218999999996,-0.306603325,-0.020005529999999994,-0.329889175,0.0029709900000000067,-0.24970647499999998,-0.05707223,-0.250319205,0.010868429999999984,-0.12843769500000002,-0.05174562999999999,-0.10821556499999996,0.06113466000000001,-0.15605162499999997,0.05456983999999998,-0.14020082499999997,0.022084590000000015,-0.008623724999999971,-0.022084590000000015,0.008623725000000082,0.04587643999999996,0.1484873750000001,-0.02199139,0.21310067500000007,0.02926150999999999,0.2885660750000001,-0.044574060000000026,0.34950447500000004,0.007897439999999978,0.12126877999999996,0.05026623000000002,-0.027613929999999953,0.005326600000000015,0.14210364000000003,0.10631546999999997,-0.031985260000000015,0.023791849999999948,0.15711110000000006,-0.016614929999999972,0.1400787,9.320000000001549e-05,0.20447695,-0.022582670000000027,0.13640379999999996,-0.06004322000000001,-0.0006127300000000058,-0.04416918000000003,0.017247450000000053,0.15251194597609363,0.16740564005232145
0.026605620000000052,-0.28534335,0.03638705000000003,-0.29899052000000004,0.018783080000000008,-0.30836663000000003,0.03229757000000005,-0.30978215000000003,-0.019259979999999954,-0.33218395,0.004308590000000001,-0.25287703,-0.05700324999999995,-0.25289121000000003,0.012752310000000044,-0.13038835000000004,-0.05221978999999999,-0.10996945000000002,0.06456299000000004,-0.15861800000000004,0.05484648000000003,-0.14166948000000001,0.02253675000000005,-0.008868250000000022,-0.022536749999999994,0.008868250000000022,0.04580887,0.14929410999999992,-0.022971379999999986,0.21584198,0.02983032000000002,0.28512324999999994,-0.04406420999999999,0.34679255,0.008443720000000043,0.12248867999999996,0.05181068,-0.028229649999999995,0.004783459999999962,0.14292176,0.10706627000000002,-0.03170002999999999,0.02327211999999995,0.15816235999999995,-0.01597854999999998,0.13582914000000001,-0.0004346299999999914,0.20697372999999997,-0.021092830000000007,0.13095057,-0.06131183999999995,-1.418000000003028e-05,-0.045073500000000044,0.017736500000000044,0.1555351808228611,0.16926243658527965
0.026833859999999987,-0.28405252499999994,0.03662324,-0.29758658499999996,0.018854170000000003,-0.30708306499999993,0.03265515000000002,-0.307896845,-0.019305410000000023,-0.33044482499999994,0.004672759999999998,-0.251159125,-0.05696209000000002,-0.251888305,0.012286450000000004,-0.12868746499999995,-0.052893369999999995,-0.10900017499999992,0.06135878,-0.15565344499999995,0.05493714999999999,-0.13908722499999993,0.022726509999999978,-0.008621125000000007,-0.022726509999999978,0.008621125000000007,0.04625942999999999,0.14837487500000002,-0.022092690000000026,0.21288022500000003,0.03192364999999997,0.2852530750000001,-0.04402419000000002,0.34760317500000004,0.007613690000000006,0.12247166000000004,0.04907233,-0.02696598,0.004068720000000026,0.14288813000000006,0.10783051999999999,-0.030087050000000004,0.023532920000000013,0.15699600000000002,-0.01433578000000002,0.13687820000000006,0.0006338199999999516,0.20425910000000003,-0.021931499999999993,0.13472295,-0.06163485000000002,-0.0007291799999999959,-0.045453019999999955,0.017242250000000015,0.15202287791623761,0.16688139723863196
0.027530504999999983,-0.28489513000000005,0.03686668500000001,-0.29856173,0.01967306499999999,-0.30772228,0.03215865499999998,-0.30923222,-0.01857861500000002,-0.33100680000000005,0.0032082050000000195,-0.25178323,-0.05588675500000001,-0.25158973,0.011634845000000005,-0.12892176,-0.053310315,-0.10794990000000004,0.06725810500000001,-0.15522740000000002,0.05306656500000001,-0.13799555000000008,0.021760685000000002,-0.00885720000000001,-0.021760685000000002,0.00885720000000001,0.04665245499999998,0.1480317,-0.021796444999999998,0.21277086999999995,0.033214314999999994,0.2840832999999999,-0.04367241500000002,0.34669099999999997,0.008426639999999985,0.12286147000000003,0.05562326000000001,-0.02630564000000002,0.002576440000000013,0.14363982999999997,0.10637688000000001,-0.030045650000000035,0.02489176999999998,0.1568889,-0.013438139999999987,0.13605159999999994,-3.5759999999995795e-05,0.20391366999999994,-0.021875970000000022,0.13392013000000003,-0.05909496000000003,0.0001935000000000131,-0.043521370000000004,0.01771440000000002,0.15327834378899194,0.1648176189766283
0.02670794999999998,-0.284425935,0.03602574999999997,-0.297897255,0.019365179999999982,-0.307286685,0.031024689999999966,-0.308475465,-0.018414150000000018,-0.330943235,0.001914199999999977,-0.251581335,-0.056279820000000036,-0.250674695,0.011694309999999986,-0.130343765,-0.05289061000000006,-0.10801503499999998,0.06685454999999996,-0.15354473500000004,0.05354531999999995,-0.137017135,0.021392949999999966,-0.009203705000000006,-0.02139295000000002,0.009203705000000006,0.04652248999999997,0.14720726500000003,-0.022087820000000036,0.214688365,0.033270949999999966,0.283543965,-0.043326920000000047,0.346720665,0.009780110000000009,0.12123757000000002,0.05516023999999997,-0.023200970000000043,0.003389209999999976,0.14265966000000002,0.10643593000000001,-0.02900210000000003,0.025129540000000006,0.15641097000000004,-0.013251540000000006,0.13633669999999998,-0.0006948700000000141,0.20548465999999999,-0.02123910000000001,0.1320323,-0.05819402000000001,0.0009066400000000141,-0.04278589999999999,0.018407410000000013,0.15133106097566656,0.16430544227413316
0.02642688999999998,-0.28583819,0.03566430999999998,-0.29936578999999996,0.019152809999999965,-0.30869171,0.030504989999999954,-0.31009052,-0.01854954000000003,-0.33241618,0.0012815499999999647,-0.2531139,-0.05661791000000005,-0.25199369,0.010541369999999994,-0.13163731,-0.05346397000000003,-0.10900504999999994,0.06703918999999997,-0.15597325,0.05482728999999997,-0.13921819000000002,0.021328409999999964,-0.00931134999999994,-0.02132841000000002,0.009311350000000052,0.04620303999999997,0.14740965000000006,-0.022805160000000047,0.21506605,0.033821639999999986,0.28274204999999997,-0.04315341000000006,0.34521475,0.00925982000000003,0.12147659,0.056497819999999976,-0.02433594,0.0031539400000000217,0.14298864000000006,0.10829126,-0.030213140000000083,0.02487463000000001,0.156721,-0.012381399999999987,0.1353323999999999,-0.0014767500000000267,0.20575469999999996,-0.020348250000000012,0.1301487,-0.057899460000000014,0.0011202100000000104,-0.042656819999999984,0.018622699999999992,0.15362027314068422,0.16691529257411264
0.026157454999999996,-0.28650352,0.03542508500000002,-0.30013955,0.018714935000000044,-0.30937192,0.03032149500000003,-0.3109279,-0.01930986499999998,-0.33295663999999997,0.0009720149999999927,-0.25402885999999997,-0.05701873499999999,-0.25247303,0.008962534999999994,-0.13258356000000004,-0.054016094999999986,-0.10954640000000004,0.062736285,-0.15632239999999997,0.052736035000000014,-0.14009729999999998,0.021426395000000042,-0.009308459999999963,-0.021426394999999987,0.009308459999999963,0.04602827500000001,0.14770305000000006,-0.022891384999999986,0.21488386000000004,0.03344303500000001,0.2838334,-0.043583225,0.3446517,0.007990520000000001,0.12144529999999992,0.05377375000000001,-0.023738839999999928,0.003002640000000001,0.14292662999999994,0.10675213,-0.030550899999999936,0.024601879999999965,0.15701151000000002,-0.012585239999999998,0.13613034999999996,-0.0014649899999999993,0.20557540000000007,-0.020691840000000017,0.12976783999999997,-0.05799074999999998,0.0015558299999999803,-0.04285279000000003,0.018616919999999926,0.15270758188818162,0.16679972165648982
0.02597246999999997,-0.2881269,0.03522439999999999,-0.30178573000000003,0.018673829999999947,-0.31122799,0.02980784999999997,-0.31249078,-0.01948947000000001,-0.33501329,0.00012038999999997024,-0.25550735,-0.05726345000000005,-0.25405895,0.008693269999999975,-0.13405709,-0.053968070000000035,-0.11140989000000001,0.06206117999999994,-0.16092949,0.05084897999999999,-0.14340245000000007,0.021240129999999968,-0.009493450000000014,-0.021240130000000024,0.009493450000000014,0.046327329999999944,0.14519799999999994,-0.02286271000000001,0.21475774999999997,0.034896389999999944,0.28092655,-0.042803950000000035,0.34324075,0.008572880000000005,0.12145026000000003,0.05336790999999996,-0.02687240000000002,0.0032953800000000144,0.14264906,0.10481705000000002,-0.03199256000000006,0.025087199999999976,0.15469144999999995,-0.01143094,0.13572855000000006,-0.0016225799999999846,0.20526429999999996,-0.019941240000000027,0.128483,-0.05738384000000002,0.0014484000000000163,-0.04248025999999999,0.01898690000000003,0.15684142416461314,0.16903844538270613
0.02641481000000001,-0.28810801500000005,0.035629840000000024,-0.30195921500000006,0.018967840000000014,-0.31124019500000005,0.030127260000000045,-0.31276129500000005,-0.019606979999999996,-0.33492514500000004,1.4100000000016877e-05,-0.2556210950000001,-0.056975059999999966,-0.25396081500000006,0.009101040000000005,-0.13285449500000002,-0.05363032000000001,-0.11091909500000008,0.06355476000000004,-0.16324389500000003,0.04963732000000004,-0.1460186950000001,0.02115199000000001,-0.009613455000000104,-0.02115199000000001,0.009613454999999993,0.04673052,0.144592045,-0.022467939999999964,0.21549254499999992,0.03539460999999999,0.2811351449999999,-0.04333302,0.34371650499999995,0.009086939999999988,0.12276660000000006,0.05445372000000004,-0.03038940000000001,0.003344739999999957,0.14304171999999998,0.10326764000000005,-0.03509960000000001,0.025578529999999988,0.1542055000000001,-0.011335910000000005,0.13654309999999992,-0.0013159499999999547,0.20587908999999993,-0.020865080000000036,0.12822396000000003,-0.05698915999999998,0.001660280000000014,-0.04230398000000002,0.019226910000000097,0.1593747376414044,0.17097512252926925
0.02643688999999999,-0.28813160000000004,0.03543426999999999,-0.3017690600000001,0.019185090000000016,-0.3112297500000001,0.029537110000000033,-0.31244587000000007,-0.01950193,-0.33499332000000004,-0.0004007899999999842,-0.25550370000000006,-0.05715948999999998,-0.25399055000000004,0.010349610000000009,-0.1322951000000001,-0.052588619999999975,-0.11084100000000008,0.06400209000000001,-0.16371475000000008,0.05075716000000002,-0.14813523000000006,0.021096210000000004,-0.00965590000000005,-0.021096210000000004,0.00965589999999994,0.04681035,0.14395229999999992,-0.022044129999999995,0.2157164399999999,0.03547387000000002,0.2800239499999999,-0.04345572999999997,0.34391189999999994,0.010750399999999993,0.12320859999999995,0.05365248,-0.031419649999999966,0.004570870000000005,0.14314954999999996,0.10334578,-0.037294229999999984,0.025714139999999996,0.15360819999999997,-0.011336479999999982,0.13607165,-0.000947919999999991,0.20606053999999996,-0.021411599999999975,0.12819546000000004,-0.056758699999999995,0.0015131500000000186,-0.04219242000000001,0.01931179999999999,0.15992199286494935,0.17338093172847413
0.025778689999999993,-0.290225955,0.03508452000000001,-0.304169955,0.017932539999999997,-0.313447555,0.029723789999999972,-0.314918255,-0.021031579999999994,-0.336782955,-0.0008352400000000149,-0.257604155,-0.057488439999999974,-0.256346705,0.006173470000000014,-0.131633455,-0.052151170000000024,-0.11380571500000003,0.05727607000000001,-0.160348325,0.05431635000000001,-0.151636455,0.021243610000000024,-0.009620905000000013,-0.021243610000000024,0.009620905000000013,0.04660988999999999,0.140005885,-0.020834589999999986,0.21089488499999998,0.035021250000000004,0.27702374500000004,-0.04204076000000001,0.342910645,0.007008710000000029,0.1259707,0.0511026,-0.028714870000000003,0.0053372699999999496,0.14254098999999998,0.10646752000000004,-0.037830739999999974,0.025366279999999963,0.14962679,-0.011588639999999983,0.13701786000000005,0.0004090200000000377,0.20127397999999996,-0.021206170000000024,0.13201576000000004,-0.05665319999999996,0.0012574499999999933,-0.04248722000000005,0.019241810000000026,0.1549744924608821,0.17808212630517192
0.025932330000000003,-0.290480775,0.03518567,-0.304478595,0.01788919,-0.313608505,0.02979634999999997,-0.314837825,-0.02128722999999999,-0.336306315,-0.00043418000000000623,-0.257092695,-0.05739205000000003,-0.255745775,0.007215099999999974,-0.13157487499999998,-0.05157877999999999,-0.11356427499999999,0.06026481,-0.162860825,0.05328784999999997,-0.15279082499999996,0.021325329999999976,-0.009603275000000022,-0.02132533000000003,0.009603275000000022,0.04685507,0.14064587500000003,-0.020196660000000033,0.211355285,0.03463052,0.27732678499999996,-0.04153515000000002,0.342961925,0.0076492799999999805,0.12551782,0.05304971000000003,-0.03128595000000001,0.005813270000000037,0.14218150000000002,0.10486662999999996,-0.03922654999999997,0.025529740000000023,0.15024915000000005,-0.01222455,0.13668090999999993,0.0011286699999999983,0.20175200999999998,-0.021338489999999988,0.13160664,-0.05695787000000002,0.0013469199999999737,-0.04265066000000001,0.019206550000000044,0.15812703669731148,0.1787147737164513
0.025970040000000028,-0.2885216750000001,0.035342870000000026,-0.30287793500000004,0.017655120000000024,-0.3119788150000001,0.029971020000000015,-0.31335303500000006,-0.02215501999999997,-0.3346923850000001,-0.0004424199999999434,-0.25597515500000007,-0.05765363999999995,-0.25392886500000006,0.007454420000000017,-0.13014867500000005,-0.050368179999999985,-0.11275423500000004,0.058280370000000026,-0.15695419500000007,0.053902770000000044,-0.15230873500000008,0.02144132000000004,-0.009747295000000045,-0.021441319999999986,0.009747294999999934,0.04688730000000002,0.1422625649999999,-0.019923779999999947,0.21349656499999992,0.03540882000000001,0.280741865,-0.04091807999999997,0.34498736499999993,0.00789683999999996,0.12582648000000002,0.05082595000000001,-0.026805520000000027,0.007285459999999966,0.14117463000000002,0.10427095000000003,-0.03955450000000005,0.02544597999999998,0.15200985999999994,-0.011478480000000013,0.13847930000000008,0.0015175400000000394,0.20374926999999998,-0.02099430000000002,0.13149080000000002,-0.05721122000000001,0.002046290000000006,-0.04288264000000003,0.01949458999999998,0.1517464563425206,0.17871454545528467
0.025145890000000004,-0.28830874999999995,0.03434203000000002,-0.30265798999999993,0.016792299999999982,-0.3117166699999999,0.028731110000000004,-0.3134041999999999,-0.023489470000000012,-0.3346686299999999,-0.0008953300000000275,-0.25611846999999993,-0.05847257,-0.2538665499999999,0.010234840000000023,-0.1303257499999999,-0.049531729999999996,-0.11377044999999997,0.06255830000000001,-0.15841104999999994,0.05069233000000001,-0.15480508999999998,0.02149833000000001,-0.009819299999999975,-0.02149833000000001,0.009819300000000086,0.04654152,0.14114490000000002,-0.020653829999999984,0.21388272000000008,0.03375256999999998,0.28016675,-0.04196772999999998,0.34515855000000006,0.01113017000000005,0.12579272000000002,0.05232345999999999,-0.028085300000000035,0.008940840000000005,0.14009609999999995,0.10022406,-0.04103464000000001,0.025043189999999993,0.1509642,-0.012788950000000021,0.13902185,0.0008445000000000258,0.20406342,-0.021313899999999997,0.13127582999999998,-0.057577239999999974,0.0022519200000000184,-0.04299666000000002,0.01963860000000006,0.15416040122049304,0.1797572840641172
0.023944140000000003,-0.28839761,0.03360837999999999,-0.30256146,0.015799549999999996,-0.31195891,0.028613149999999976,-0.31326416,-0.02375179999999999,-0.33560383,-3.213000000001909e-05,-0.25677871,-0.058825300000000025,-0.25492695,0.013785239999999976,-0.13112977000000003,-0.046975370000000016,-0.11556043000000005,0.06508619999999998,-0.15721803,0.053168360000000026,-0.16083883,0.02188578000000002,-0.009668969999999999,-0.02188578000000002,0.009668969999999999,0.04717880000000002,0.14066966999999997,-0.019832550000000004,0.21265977000000003,0.03314325000000001,0.27877187000000003,-0.04123258000000002,0.34440187,0.013817369999999995,0.12564894,0.05130096000000001,-0.026088259999999974,0.011849930000000009,0.13936651999999994,0.10014373000000004,-0.04527839999999994,0.02529302,0.15033863999999997,-0.014035550000000008,0.13810220000000006,0.002053230000000017,0.20299080000000003,-0.021400030000000014,0.13174209999999997,-0.058793170000000006,0.0018517600000000356,-0.04377156000000004,0.019337939999999998,0.15374329707359602,0.18629555494423264
