0,1,2,3,4,5,6,7,8,9,10,11,12,13,14,15,16,17,18,19,20,21,22,23,24,25,26,27,28,29,30,31,32,33,34,35,36,37,38,39,40,41,42,43,44,45,46,47,48,49,50,51,52,53,54,55
0.10075075500000003,-0.22877963000000007,0.10336658500000001,-0.2346020000000001,0.09921054500000004,-0.2431264700000001,0.08796428500000003,-0.24440836000000005,0.070183985,-0.2656573000000001,0.06994275500000002,-0.2053723500000001,-0.0017432749999999886,-0.22966122000000005,0.08700408500000001,-0.11281570000000007,-0.057723415,-0.1423400600000001,0.13598228499999998,-0.03978120000000007,0.011132845000000002,-0.051495200000000074,0.023475245000000033,0.0010278999999999705,-0.023475244999999978,-0.0010279000000000815,0.029576345000000004,0.14371279999999997,-0.034809215000000004,0.16418219999999994,0.014285605000000035,0.2953921999999999,-0.050989254999999956,0.30932624,0.017061329999999986,0.09255665000000002,0.04897819999999997,0.0730345,-0.05598014000000001,0.08732115999999995,0.06885626,0.09084486000000003,0.0061010999999999704,0.1426849,-0.01529073999999997,0.1516793999999999,-0.011333970000000027,0.16521010000000003,-0.01618003999999995,0.14514404000000003,-0.07168603000000001,-0.024288869999999962,-0.04695049000000001,-0.002055800000000052,0.11967964192949272,0.061193694632193096
0.09811693499999996,-0.22840795500000005,0.10038268499999997,-0.2342959950000001,0.09660623499999998,-0.24321307500000006,0.08462566499999996,-0.24397820500000006,0.06793939499999996,-0.26532525500000004,0.07126766499999998,-0.20356387500000006,-0.004207314999999989,-0.2304803450000001,0.08444639500000001,-0.1111894750000001,-0.059729365000000034,-0.1468495150000001,0.135098335,-0.04065353500000002,0.006713214999999995,-0.05379772500000002,0.025134294999999973,0.00135337499999999,-0.02513429500000003,-0.001353375000000101,0.026009265000000004,0.14426832499999998,-0.03479269500000004,0.16963886499999992,0.010593114999999986,0.28513347499999997,-0.05106016499999999,0.31443212499999995,0.013178730000000027,0.09237439999999997,0.050651940000000006,0.07053594000000007,-0.055522050000000045,0.08363082999999999,0.06644258000000003,0.09305179000000008,0.0008749700000000304,0.14291494999999999,-0.015416150000000017,0.14086515,-0.009658400000000011,0.17099224000000002,-0.01626746999999995,0.14479326000000003,-0.07547497999999997,-0.026916470000000026,-0.05026859,-0.002706750000000091,0.11771436013023097,0.06135693718009882
0.09954385999999998,-0.2270852499999999,0.10187442999999996,-0.23292149999999995,0.09799149000000001,-0.24190974999999992,0.08609224999999998,-0.2428730899999999,0.06915452,-0.2642704099999999,0.07348167,-0.20397324999999994,-0.004144289999999995,-0.22982437999999994,0.08787503000000002,-0.11232904999999993,-0.05950989000000001,-0.14478824999999995,0.13659723000000001,-0.038419749999999975,0.007151620000000025,-0.05191924999999997,0.02583650999999998,0.0012330500000000688,-0.02583650999999998,-0.0012330499999999578,0.026570189999999994,0.14470395000000003,-0.034735110000000013,0.17004419000000004,0.010680299999999976,0.2858282500000001,-0.05054072999999998,0.3156371800000001,0.014393360000000022,0.09164420000000001,0.04872219999999999,0.07390929999999996,-0.055365600000000015,0.08503612999999999,0.06666151000000003,0.09286899999999998,0.0007336800000000143,0.14347089999999996,-0.015889890000000018,0.1411243000000001,-0.008898600000000034,0.17127724,-0.015805619999999965,0.14559299000000003,-0.07762596,-0.02585113,-0.05167301999999996,-0.0024661000000000266,0.11764472637036652,0.06047567768398219
0.10347935499999994,-0.22761431999999998,0.10634959499999996,-0.23332592999999996,0.10168614499999995,-0.24221443999999998,0.09133153499999996,-0.24307346999999996,0.07232901499999994,-0.26512343,0.07402601499999995,-0.20404231999999994,-0.0006609250000000344,-0.23088929999999996,0.09232479499999996,-0.11068929999999999,-0.05681437500000003,-0.14530813999999992,0.140704995,-0.03524936000000001,0.012305164999999951,-0.052103699999999975,0.024440974999999976,0.0016612999999999767,-0.02444097500000003,-0.0016612999999999767,0.028902494999999973,0.14450450000000004,-0.03547280500000005,0.16331090000000004,0.013518244999999984,0.29368930000000004,-0.051189205000000015,0.30735730000000006,0.018298780000000014,0.09335301999999995,0.04838020000000004,0.07543993999999998,-0.056153449999999994,0.08558116000000004,0.06911953999999998,0.09320443999999994,0.004461519999999997,0.14284320000000006,-0.015384249999999988,0.1491848,-0.01103183000000002,0.1649722,-0.015716399999999964,0.14404640000000002,-0.07468693999999998,-0.02684698000000002,-0.04888195000000001,-0.0033225999999999534,0.1219824543456804,0.06240764795006777
0.10057655500000001,-0.22895205000000002,0.10341807500000005,-0.23515344000000005,0.09843340499999997,-0.24420014,0.089105135,-0.24535769000000002,0.06919407500000002,-0.26707074000000003,0.076098675,-0.20259395000000002,-0.00250172500000001,-0.23321462000000004,0.08997757499999998,-0.10770687000000001,-0.059020605000000004,-0.15174427000000001,0.14035467500000004,-0.03544504000000004,0.0062953550000000025,-0.05533646999999997,0.02609062499999998,0.0023862700000000236,-0.02609062499999998,-0.0023862700000000236,0.02584445499999999,0.14575333000000001,-0.03545978500000002,0.16767537999999993,0.010312205000000019,0.28394389,-0.05162024500000001,0.31141683,0.013878899999999972,0.09488708000000001,0.050377100000000063,0.07226182999999997,-0.056518879999999994,0.08147035000000002,0.06531596,0.09640780000000004,-0.00024616999999999,0.14336706,-0.01553224999999997,0.13819055999999996,-0.009369160000000043,0.17006164999999995,-0.016160459999999988,0.14374145000000005,-0.07860040000000001,-0.030620670000000016,-0.05218124999999996,-0.004772540000000047,0.12036395282109431,0.06206911776882602
0.10129761000000004,-0.22596458000000003,0.10268681000000002,-0.23213129999999998,0.09907871000000001,-0.24004278,0.08645001000000002,-0.24383525,0.06901880999999999,-0.26160366,0.07624231000000004,-0.2026173,-0.002468649999999961,-0.22892057999999998,0.09104941,-0.11267585000000002,-0.05869168999999996,-0.15252690000000002,0.13951201000000002,-0.03705966999999999,0.0056248899999999935,-0.054777450000000005,0.026076050000000017,0.0016914000000000096,-0.026076049999999962,-0.0016914000000000096,0.02387550999999999,0.14517086,-0.038028269999999975,0.16891350000000005,0.009286369999999988,0.28074776999999995,-0.05274569000000001,0.31106049999999996,0.014807099999999962,0.08994144999999998,0.04846260000000002,0.07561618000000003,-0.05622304,0.07639367999999996,0.06431657999999996,0.09774945000000002,-0.0022005400000000286,0.14347946,-0.01458914,0.13557690999999994,-0.011952220000000013,0.17060490000000006,-0.014717420000000037,0.1421469999999999,-0.07871096,-0.026303279999999984,-0.05215209999999998,-0.003382800000000019,0.11987227555722174,0.061831046420759345
0.10137702499999995,-0.22440761499999995,0.102574895,-0.23033514499999996,0.09947605499999995,-0.23826873499999995,0.085787575,-0.24206143499999994,0.06976969500000002,-0.25982517499999996,0.075935315,-0.20250856499999997,-0.0024120650000000188,-0.227471565,0.090916055,-0.11342915499999995,-0.058236885000000016,-0.1501226149999999,0.13982940500000002,-0.035285214999999925,0.006297335000000015,-0.05293051500000001,0.025992915000000005,0.0014203449999999895,-0.025992915000000005,-0.0014203449999999895,0.02406235499999998,0.145179285,-0.03806204499999999,0.16966792500000005,0.008766855000000018,0.281732285,-0.052930645,0.31300188500000004,0.014980739999999992,0.08907941000000003,0.04891335000000002,0.07814394000000002,-0.05582482,0.07734895000000008,0.06453422000000003,0.09719209999999989,-0.0019305600000000256,0.14375894,-0.015295499999999962,0.13655300000000004,-0.012069129999999983,0.17108827000000004,-0.01486860000000001,0.14333395999999998,-0.07834738000000002,-0.024963000000000013,-0.05198583000000001,-0.002840689999999979,0.11960787846305818,0.06079439002483209
0.10142764000000004,-0.22678498000000002,0.10350164000000006,-0.23256405000000002,0.10013404000000004,-0.24139501000000002,0.08716776000000004,-0.24309249000000005,0.07181064000000004,-0.26411955000000004,0.07492392000000003,-0.20521365000000003,-0.002152929999999942,-0.23183487000000003,0.08798264000000006,-0.11323205000000003,-0.05941662999999997,-0.14928905000000003,0.13789374,-0.0375664,0.005260940000000047,-0.05447595000000005,0.02575396000000002,0.0015093499999999649,-0.025753959999999965,-0.001509350000000076,0.02564751000000004,0.14405294999999996,-0.035795459999999946,0.16895624999999992,0.00915520000000003,0.28360368999999996,-0.05213750999999994,0.31337925,0.013058720000000024,0.0919816,0.04991109999999993,0.07566565000000003,-0.05726370000000003,0.08254581999999999,0.06467757000000002,0.09481309999999998,-0.00010644999999998017,0.1425436,-0.01649231000000001,0.13955074,-0.010041499999999981,0.1704656,-0.016342049999999997,0.14442300000000008,-0.07707684999999997,-0.02662122,-0.051507919999999985,-0.003018700000000041,0.11875287152953772,0.06137902522499032
0.10123272999999999,-0.22556625000000002,0.10323414000000009,-0.23130063,0.09997072000000007,-0.24018927,0.08682766000000003,-0.24136309,0.07175007000000005,-0.26255642,0.07500619000000003,-0.20292903,-0.002313679999999929,-0.23038785,0.08825716000000006,-0.10999374000000006,-0.060015409999999936,-0.1477075,0.13776489000000003,-0.03566267000000001,0.005161890000000058,-0.052787570000000006,0.025770510000000024,0.0016904300000000205,-0.02577050999999997,-0.0016904300000000205,0.02528971000000002,0.14452462999999993,-0.03548726999999996,0.16878183000000002,0.008673840000000044,0.28475768999999995,-0.052311249999999976,0.31439083,0.013250970000000029,0.09293528999999995,0.04950772999999997,0.07433107000000005,-0.05770173000000001,0.08268035000000001,0.0651773,0.09491992999999999,-0.00048080000000000345,0.1428341999999999,-0.016615869999999977,0.14023306000000002,-0.009716759999999991,0.17047226000000004,-0.016823980000000016,0.145609,-0.07731986999999996,-0.027458819999999995,-0.05154101999999999,-0.003380860000000041,0.11805928693327943,0.05973048707268006
0.10066856000000002,-0.22746409999999995,0.10283636000000007,-0.2329232,0.09974236000000003,-0.24217061999999995,0.08639682000000004,-0.24272637999999996,0.07196579000000003,-0.26489468,0.07405252000000007,-0.20461832999999996,-0.0025253899999999607,-0.23270683999999997,0.08748088000000004,-0.11148497000000002,-0.059951089999999985,-0.15005996,0.13760552000000004,-0.03719075999999999,0.004281860000000026,-0.05543275999999997,0.025567890000000038,0.001732599999999973,-0.025567889999999982,-0.001732599999999973,0.025098420000000066,0.1422196,-0.03583409999999998,0.16718445000000004,0.008923980000000054,0.282212,-0.05235303999999996,0.31218580000000007,0.013428359999999973,0.09313335999999994,0.05012464,0.07429421000000003,-0.057425700000000024,0.08264687999999998,0.06423295000000001,0.09462720000000002,-0.00046946999999997185,0.14048700000000003,-0.016174440000000012,0.13999240000000002,-0.010266209999999998,0.16891705,-0.016518939999999982,0.14500135000000003,-0.07657791000000003,-0.02808851000000001,-0.05113578000000002,-0.003465199999999946,0.11860631724198545,0.0614387073357513
0.10055235500000004,-0.22819088000000004,0.10284045499999994,-0.23365532000000006,0.09959091499999995,-0.24297993000000007,0.08664125499999997,-0.24366780000000005,0.07172383500000001,-0.26608590000000004,0.07439930499999997,-0.20540218000000005,-0.002621344999999997,-0.23422538000000004,0.08872635499999998,-0.11158706000000007,-0.05965606499999998,-0.15152575000000001,0.13806635499999997,-0.03813596000000008,0.0043426950000000075,-0.05706230000000001,0.02567820500000001,0.0020107999999999793,-0.02567820500000001,-0.0020108000000000903,0.023965404999999995,0.14368704999999993,-0.036205144999999994,0.16725789999999996,0.009045254999999974,0.28264389999999995,-0.05177164499999998,0.31047826,0.014327050000000008,0.09381511999999997,0.049339999999999995,0.07345109999999999,-0.05703471999999998,0.08269963000000002,0.06399875999999999,0.09446345,-0.0017128000000000143,0.14167624999999995,-0.014920150000000021,0.13895685000000002,-0.010526939999999985,0.16926870000000005,-0.015566499999999983,0.14322036000000005,-0.07702064999999997,-0.028823199999999993,-0.05135641000000002,-0.0040216000000000696,0.11934344807705237,0.06270504038002042
0.10052591999999999,-0.22766616500000003,0.10255805999999995,-0.233043045,0.09953097999999999,-0.242477355,0.08607076000000002,-0.24268844500000003,0.07153849000000001,-0.265247135,0.0744936,-0.20343549500000002,-0.00282762999999997,-0.23346561500000002,0.08930100000000002,-0.10860409500000001,-0.059557309999999974,-0.15112809500000002,0.13843412000000005,-0.036690895,0.005170620000000015,-0.056166355,0.025771519999999992,0.0022474550000000093,-0.025771519999999992,-0.0022474550000000093,0.02467094000000003,0.14373140499999992,-0.03590702000000001,0.16653424500000003,0.008635170000000025,0.28237600499999993,-0.05216909999999997,0.310542505,0.014807400000000026,0.09483140000000001,0.04913312000000003,0.07191320000000001,-0.056729680000000005,0.08233752,0.06472792999999999,0.09496174000000002,-0.0011005799999999621,0.14148394999999991,-0.016035770000000005,0.1386446,-0.01013550000000002,0.16878170000000003,-0.016262079999999957,0.14400826,-0.07732122999999996,-0.030030119999999993,-0.051543039999999984,-0.004494910000000019,0.11920174721656773,0.06216642023624651
0.105031665,-0.2228129450000001,0.107242585,-0.22808247500000006,0.10392087499999997,-0.2371870250000001,0.090936925,-0.2380789450000001,0.07565334499999998,-0.2605818750000001,0.07445037500000001,-0.2015698050000001,0.0012331250000000016,-0.22951572500000011,0.09268112499999998,-0.10882937500000012,-0.055335725,-0.14633350500000009,0.13873016499999996,-0.03471743500000013,0.011016195000000006,-0.05148040500000006,0.024146675000000006,0.0018688449999999523,-0.024146675000000006,-0.0018688450000000634,0.031108584999999966,0.14490592499999988,-0.033450674999999985,0.16434669499999988,0.014220524999999984,0.29580529499999986,-0.050954935000000035,0.3098931949999999,0.018230749999999962,0.09274042999999998,0.046049039999999986,0.07411193999999999,-0.056568850000000004,0.08318222000000003,0.06635192000000001,0.09485310000000002,0.00696190999999996,0.14303707999999993,-0.016888059999999983,0.15089936999999998,-0.009303999999999979,0.16621553999999994,-0.01750426000000005,0.14554650000000002,-0.07321725000000001,-0.027945920000000013,-0.04829335000000001,-0.0037376900000000157,0.12028271723243741,0.06080899861262723
0.10525643999999995,-0.22384346999999993,0.10757774000000003,-0.2291634199999999,0.10411346000000005,-0.23824424999999994,0.09151235000000002,-0.23895994999999992,0.07588634,-0.2614962599999999,0.075567,-0.2018044699999999,0.0012303000000000175,-0.2301457999999999,0.09497103000000001,-0.10845389999999988,-0.05481800000000003,-0.14736176999999995,0.14021367,-0.03473955999999989,0.011165439999999971,-0.05368369999999989,0.024500369999999994,0.001943000000000028,-0.024500369999999994,-0.001942999999999917,0.031405740000000015,0.14424060000000005,-0.03346150000000003,0.16390877000000004,0.014508540000000014,0.2945063000000001,-0.05038739000000003,0.3084829000000001,0.019404030000000017,0.09335057000000002,0.04524264,0.07371433999999999,-0.05604830000000005,0.08278402999999995,0.06598344,0.09367807000000006,0.006905370000000022,0.14229760000000002,-0.0168972,0.15026570000000006,-0.00896113000000004,0.16585176999999995,-0.01692589,0.14457413000000008,-0.07433669999999998,-0.028341329999999998,-0.04900073999999999,-0.003885999999999945,0.12138854148989352,0.06284226316298686
0.10576557500000006,-0.22325920999999987,0.10785452500000003,-0.2286467499999999,0.10457107499999996,-0.2375680799999999,0.09152937500000002,-0.23860802999999992,0.076128105,-0.2606780799999999,0.07556047500000002,-0.20139690999999987,0.0016774949999999733,-0.2292688499999999,0.09490285500000001,-0.10896687999999988,-0.05457820499999999,-0.14638244999999994,0.139046075,-0.03678724999999994,0.011968115000000001,-0.05196987999999991,0.024337624999999974,0.0019139500000000531,-0.024337624999999974,-0.001913949999999942,0.031123644999999978,0.1449145100000001,-0.033140594999999995,0.16415695000000008,0.014482415000000026,0.2952718200000001,-0.050543155000000006,0.3087800500000001,0.019342379999999992,0.09243003,0.04414321999999998,0.07217962999999994,-0.056255699999999964,0.08288639999999997,0.06654631999999999,0.09441257000000003,0.006786020000000004,0.14300056000000005,-0.01664122999999995,0.15035730999999997,-0.008802970000000021,0.16607090000000002,-0.01740256000000001,0.1446231,-0.07388298000000004,-0.02787194000000004,-0.04867524999999995,-0.003827899999999995,0.12106118859007829,0.0618360969427445
0.10480943499999995,-0.22672575000000006,0.10724218500000005,-0.23227420000000004,0.10342553500000001,-0.24091970000000007,0.09140986499999998,-0.24228970000000005,0.07512945500000001,-0.2637921200000001,0.07548048499999999,-0.20549905000000007,0.0008713850000000023,-0.23165884000000003,0.09425604500000001,-0.11354000000000009,-0.05498424499999999,-0.14750560000000001,0.14106498499999998,-0.037789300000000026,0.012881485000000026,-0.05336340000000006,0.024590584999999998,0.0015117000000000047,-0.024590584999999998,-0.0015117000000000047,0.03026926499999999,0.14312899999999995,-0.034300054999999996,0.1635373,0.013991715000000016,0.2920876,-0.050133435000000004,0.3062928399999999,0.018775560000000024,0.09195904999999999,0.046808939999999966,0.07575070000000006,-0.05585562999999999,0.08415324000000002,0.06786573000000001,0.09414219999999995,0.0056786799999999915,0.14161729999999995,-0.016277549999999974,0.14895860000000005,-0.009709469999999998,0.165049,-0.015833380000000008,0.1427555399999999,-0.07460909999999998,-0.02615978999999996,-0.049181169999999996,-0.0030234000000000094,0.12292621549677676,0.06397464203084616
0.10096206000000002,-0.22793659999999993,0.10302521000000003,-0.23370566999999992,0.09948256,-0.24277987999999995,0.08688292999999997,-0.24372759999999993,0.07088909999999998,-0.26529839999999993,0.07519819,-0.20424651999999993,-0.0023463799999999813,-0.2332535699999999,0.09014682000000002,-0.11052589999999995,-0.05752111999999998,-0.15132933999999987,0.13840966000000005,-0.0396882999999999,0.007762160000000018,-0.054663099999999964,0.025967489999999982,0.002002700000000024,-0.025967489999999982,-0.002002699999999913,0.026351559999999996,0.14436025000000008,-0.03441865999999999,0.1683565400000001,0.010352890000000003,0.28401816000000013,-0.05141471000000003,0.31290090000000004,0.014948630000000018,0.09372061999999998,0.04826284000000003,0.07083760000000006,-0.05517474,0.08192423000000004,0.06528328,0.0966662399999999,0.0003840700000000141,0.14235755000000005,-0.015998669999999993,0.13965791000000005,-0.008451170000000008,0.17035924000000002,-0.01699605000000004,0.14454435999999993,-0.07754456999999998,-0.02900704999999998,-0.051934979999999964,-0.004005399999999937,0.11992239605390191,0.06253644551205724
0.10349324000000004,-0.22845047000000002,0.10598241000000008,-0.23369508,0.10237113000000003,-0.24286039999999998,0.09000403000000001,-0.24358995,0.07390011000000002,-0.26635824999999996,0.07313409000000004,-0.20662756999999998,-0.00029521999999998494,-0.23388750999999997,0.09183881000000005,-0.11384950999999999,-0.05543514999999999,-0.14856671,0.13991151000000002,-0.04050010000000004,0.012984190000000007,-0.054856449999999946,0.024213910000000005,0.0016698499999999727,-0.02421390999999995,-0.0016698499999999727,0.029391810000000018,0.14295815,-0.034980649999999947,0.16287268,0.013991410000000037,0.29090839999999996,-0.05052658999999998,0.30511075,0.018704720000000008,0.09277806,0.04807269999999997,0.07334940999999995,-0.055139930000000004,0.08532079999999997,0.06841934,0.09371026000000005,0.005177900000000013,0.14128830000000003,-0.01540039999999998,0.14795024999999995,-0.010766739999999997,0.16454252999999996,-0.015545940000000036,0.14223807,-0.07342931000000003,-0.027259939999999983,-0.048427819999999955,-0.0033396999999999455,0.12314316598481015,0.06490387556355932
0.09946251,-0.22922135000000005,0.10173784999999996,-0.23476698000000007,0.09807495999999999,-0.24381079000000005,0.08568217,-0.24528532000000003,0.06956748999999995,-0.26668762000000007,0.07255546999999996,-0.20834385000000005,-0.0032513900000000207,-0.23393749000000003,0.08561326999999996,-0.11679842000000007,-0.05797125000000003,-0.14841838000000007,0.13572500999999998,-0.04441841000000002,0.007132969999999961,-0.05481358000000003,0.025476410000000005,0.001266949999999989,-0.025476410000000005,-0.001266949999999989,0.02531553999999997,0.14300254999999995,-0.034655519999999995,0.16834812,0.00981770999999998,0.28160098999999994,-0.05168269000000003,0.3118512499999999,0.013057800000000008,0.09154542999999998,0.050111740000000016,0.07238001000000005,-0.05471986000000001,0.08551910999999995,0.06510421999999999,0.09360480000000004,-0.00016087000000003515,0.14173559999999996,-0.01549782999999999,0.13859844,-0.00917910999999999,0.16961506999999998,-0.017027170000000036,0.14350312999999992,-0.07580685999999998,-0.025593639999999973,-0.05095282000000001,-0.002533899999999978,0.11933945667837437,0.0626946030240347
0.09986518999999994,-0.23100303000000005,0.10358098999999998,-0.23642619000000004,0.09853322999999997,-0.24559559000000003,0.08978913999999993,-0.24635832000000008,0.07076556999999994,-0.26939328000000007,0.07192570999999998,-0.20921223000000005,-0.0017572500000000435,-0.23426877000000007,0.08909118999999993,-0.11697615000000006,-0.05620958000000004,-0.1443011500000001,0.13705448999999992,-0.045467980000000074,0.013395389999999952,-0.053829950000000015,0.024238659999999967,0.001222449999999986,-0.024238660000000023,-0.001222450000000097,0.028942239999999952,0.14121834999999994,-0.035488440000000065,0.16211354999999994,0.01325088999999996,0.28858344999999996,-0.05110987000000006,0.3045685199999999,0.017165479999999955,0.09223608,0.047963299999999987,0.07150816999999998,-0.05445232999999999,0.08996761999999997,0.06960496999999999,0.09047120000000008,0.004703579999999985,0.13999589999999995,-0.015691349999999993,0.14736510000000003,-0.011249780000000043,0.16333600000000004,-0.015621429999999992,0.14245496999999996,-0.07368296000000002,-0.025056540000000016,-0.04847731999999999,-0.002444900000000083,0.12209589572206674,0.06468284761551929
0.09983984000000007,-0.22902944999999997,0.10317924,-0.23478612999999998,0.09823059000000006,-0.24355679999999996,0.08911459000000005,-0.24491208999999997,0.07013424000000007,-0.26689177999999997,0.07171552000000003,-0.20659631999999994,-0.0013715599999999384,-0.23225232999999995,0.08906794000000007,-0.11182251999999993,-0.05618145999999996,-0.14255094999999995,0.13696240000000004,-0.043142849999999955,0.01281248000000007,-0.050128749999999944,0.023972340000000036,0.0013323499999999822,-0.02397233999999998,-0.0013323499999999822,0.02841522000000002,0.14309295,-0.03458705999999995,0.16406598000000006,0.013284520000000022,0.29202455000000005,-0.05040738999999994,0.30728098000000004,0.017352420000000035,0.09477380000000002,0.04789445999999997,0.06867966999999997,-0.05480990000000002,0.08970138,0.06899394000000003,0.09242220000000001,0.004442879999999982,0.14176060000000001,-0.015130699999999997,0.14893160000000005,-0.010614719999999966,0.16539833000000004,-0.015820329999999994,0.14321499999999998,-0.07308707999999997,-0.025656010000000007,-0.04794468000000002,-0.0026646999999999643,0.12142815601763701,0.061108196139244696
0.10057685500000002,-0.22845374499999999,0.10330278500000001,-0.23431121500000002,0.09880501500000005,-0.242634295,0.08826816500000007,-0.243872305,0.07040140500000003,-0.26455243500000003,0.07129851500000006,-0.20531123500000004,-0.001117964999999943,-0.22962337500000002,0.08760741500000002,-0.11081557500000006,-0.055932274999999976,-0.13925267500000005,0.13593802500000007,-0.043729624999999994,0.014323125000000048,-0.048629304999999956,0.02379891500000003,0.001089074999999995,-0.023798914999999976,-0.001089074999999995,0.02885714500000003,0.14454547500000003,-0.03357424499999995,0.16503856500000003,0.013699585000000014,0.294453525,-0.049231884999999975,0.30932052499999996,0.01630889999999996,0.09449565999999998,0.04833061000000005,0.06708595000000006,-0.05481431000000003,0.09037069999999997,0.07025540000000002,0.09062337000000009,0.005058229999999997,0.14345640000000004,-0.015157560000000014,0.14990804999999996,-0.009775329999999971,0.16612764000000002,-0.015657640000000028,0.14428195999999993,-0.07241648,-0.024312139999999982,-0.04759783000000001,-0.00217814999999999,0.12076380194943395,0.060937372787268226
0.10084934500000003,-0.22856873,0.10275547500000004,-0.23504957999999998,0.09866917500000005,-0.24256711999999997,0.08714767500000004,-0.24638074999999998,0.06948627500000004,-0.26420014999999997,0.07152520500000004,-0.20661521,-0.00021777499999997563,-0.22931092999999997,0.08803223500000001,-0.11236524999999997,-0.054444124999999954,-0.14228315000000002,0.13515351500000006,-0.04701089999999997,0.01650457500000002,-0.05209094999999997,0.023531575000000027,0.00036314999999997877,-0.02353157499999997,-0.00036314999999997877,0.028260375000000004,0.14271378,-0.03336594499999995,0.16966575000000006,0.015451535000000016,0.28839970000000004,-0.047189754999999944,0.31174391,0.016507029999999978,0.09424996000000002,0.04712128000000004,0.06535435,-0.05422634999999998,0.08702777999999994,0.07094869999999998,0.09019220000000006,0.0047287999999999775,0.14235063000000003,-0.012808839999999988,0.14568592000000002,-0.009834369999999981,0.17002890000000004,-0.013823809999999992,0.14207815999999995,-0.07174298000000001,-0.022695719999999975,-0.04706315,-0.0007262999999999575,0.12125905369400712,0.065411456180569
0.10151106999999998,-0.22610924500000001,0.10292414,-0.23237964500000002,0.09978096000000003,-0.23987108499999998,0.08602974000000002,-0.243763925,0.07066534000000002,-0.261344585,0.06943206000000002,-0.20613500499999998,0.0006182000000000132,-0.226142265,0.08507028999999999,-0.11278337500000002,-0.05204656000000002,-0.13598872500000003,0.13420933999999995,-0.04595302499999998,0.01841448000000001,-0.04703622500000004,0.022675590000000023,-0.0001574749999999625,-0.022675589999999968,0.0001574749999999625,0.029694639999999994,0.14423677499999998,-0.03188446,0.171829275,0.017021339999999996,0.29134350499999995,-0.04523906,0.31533830500000004,0.015638229999999975,0.09335162999999996,0.04913904999999996,0.06683035000000004,-0.05266476000000003,0.09015353999999998,0.07046104000000003,0.08895249999999999,0.007019049999999971,0.14439424999999995,-0.012673299999999998,0.14710672999999996,-0.009208870000000036,0.17167180000000004,-0.013354599999999994,0.14350903000000004,-0.06881386,-0.020007260000000027,-0.04535117999999999,0.000314949999999925,0.1205695226367965,0.06257506829636623
0.09844902000000005,-0.22537389999999996,0.10070535000000003,-0.23146119999999992,0.09645092000000005,-0.2391727899999999,0.08556582000000001,-0.24328466999999993,0.06750115000000007,-0.26146307999999996,0.06845382000000005,-0.20651459999999994,-0.00107509999999994,-0.2260999999999999,0.08144262000000002,-0.11460178999999993,-0.053823419999999955,-0.13384975,0.12931707000000003,-0.0494059899999999,0.017039950000000026,-0.04830354999999997,0.022950720000000036,-4.0949999999928544e-05,-0.02295071999999998,4.0950000000039566e-05,0.02908702000000002,0.14607055000000002,-0.03293839999999998,0.17124115000000006,0.015138650000000031,0.2928928500000001,-0.047610919999999946,0.31692795000000007,0.012988799999999967,0.09191281000000001,0.04787445000000001,0.06519580000000003,-0.052748320000000015,0.09225024999999992,0.07086336999999998,0.08554620000000002,0.0061362999999999834,0.14611149999999995,-0.013948369999999988,0.14682230000000007,-0.009987679999999999,0.17120020000000002,-0.014672519999999967,0.1456868,-0.06952892,-0.019585399999999975,-0.045901440000000016,8.189999999996811e-05,0.11726341111584677,0.06274108994350434
0.09494426,-0.23066409000000004,0.09771087,-0.23657799000000007,0.09347520999999998,-0.24543896000000004,0.08269377,-0.24742319000000007,0.06526694999999999,-0.26849532000000004,0.06667409999999996,-0.20983276000000006,-0.004954049999999988,-0.23074776000000008,0.07502668000000001,-0.11633736000000006,-0.05579050000000002,-0.13248979000000005,0.12359272999999998,-0.059794430000000065,0.014803369999999982,-0.04973579000000006,0.02415581,6.633999999994256e-05,-0.02415581,-6.634000000005358e-05,0.027168130000000013,0.14464910999999991,-0.031704940000000015,0.17257815999999992,0.010611309999999985,0.28554267,-0.04893093000000004,0.31824935,0.008352580000000054,0.0934954,0.04856604999999997,0.05654292999999999,-0.05083645000000003,0.09825797000000003,0.07059387,0.082754,0.0030123200000000128,0.14458276999999997,-0.016556820000000028,0.14089356000000008,-0.007549130000000015,0.17264449999999998,-0.017225990000000024,0.14567119000000006,-0.07162814999999995,-0.020915000000000017,-0.04831162,-0.00013267999999999613,0.11606469249551864,0.06312584232764659
0.09347467500000001,-0.23135330000000004,0.09597687499999996,-0.23692760000000007,0.09243549499999998,-0.24610945000000006,0.080427215,-0.24754205000000007,0.06493535499999997,-0.26935280000000006,0.06473325499999999,-0.21058014000000003,-0.005427285000000004,-0.23210594000000007,0.07369811499999995,-0.11523080000000008,-0.05572210500000002,-0.1312204600000001,0.12195655500000002,-0.061210100000000045,0.015610595000000005,-0.04807740000000005,0.023707674999999984,0.00013479999999999048,-0.02370767500000004,-0.0001348000000001015,0.026898694999999972,0.14372045,-0.030996245000000033,0.17170759999999996,0.010961654999999959,0.28519629999999996,-0.049097375,0.31881636999999996,0.008964859999999963,0.09534933999999995,0.04825844000000007,0.05402070000000003,-0.05029482000000002,0.10088547999999997,0.07133270000000003,0.08314306000000005,0.003191019999999989,0.14358565,-0.015937040000000013,0.14147584999999996,-0.007288569999999994,0.17184240000000006,-0.018101129999999965,0.14710877,-0.07016054,-0.02152580000000004,-0.04741535000000002,-0.000269600000000092,0.11582762700351075,0.06200338096066132
0.09360990000000002,-0.23282092,0.09638292000000004,-0.23883983000000003,0.09191743000000002,-0.24752925000000003,0.08140176999999998,-0.25068565000000004,0.06301905000000002,-0.27115705,0.06372682000000002,-0.21410275,-0.005372219999999983,-0.23251645000000004,0.07190556000000004,-0.11964125000000003,-0.05324639999999997,-0.12985124999999997,0.11938287000000003,-0.06686281000000005,0.01946735999999999,-0.049700610000000034,0.023448000000000024,-0.0005536499999999611,-0.02344799999999997,0.0005536499999999611,0.026863760000000014,0.14179021999999997,-0.030158499999999977,0.17182335000000004,0.011823499999999987,0.28472244999999996,-0.047959699999999994,0.31784714999999997,0.008178740000000018,0.09446149999999998,0.047477309999999995,0.05277843999999998,-0.04787417999999999,0.10266520000000007,0.07271375999999996,0.08015063999999994,0.00341575999999999,0.14234386999999993,-0.015040260000000027,0.14293223,-0.006710500000000008,0.17126970000000008,-0.017801200000000017,0.14602379999999993,-0.06909904,-0.018413700000000033,-0.04689599999999999,0.0011072999999999222,0.1166207699418183,0.06608493604504127
0.09140849499999998,-0.23213350500000002,0.09462913499999998,-0.23798456499999998,0.08970308499999996,-0.247007205,0.08028644499999998,-0.24981227500000003,0.060668644999999966,-0.271115005,0.061439314999999994,-0.21410277500000002,-0.006715025000000041,-0.231799105,0.06874465499999999,-0.12053975500000003,-0.052481885000000006,-0.12738080500000004,0.11530141499999996,-0.06893120500000005,0.020556954999999988,-0.04919670499999995,0.023178215000000002,-0.0007439550000000184,-0.023178215000000002,0.0007439550000000184,0.026152554999999966,0.14248243500000002,-0.030328634999999993,0.173078795,0.012277545,0.285822495,-0.04736468500000002,0.31987676499999995,0.0073053399999999935,0.09356302,0.046556759999999975,0.051608549999999975,-0.045766859999999965,0.10441829999999996,0.07303884,0.07818410000000009,0.0029743399999999642,0.14322639000000004,-0.013875009999999965,0.14334006,-0.007150419999999991,0.17233484,-0.017036050000000025,0.14679796999999994,-0.06815434000000004,-0.017696329999999982,-0.046356430000000004,0.0014879100000000367,0.1146131974983793,0.06638399367441293
0.089413925,-0.23239480000000007,0.091954335,-0.23829418000000008,0.087248985,-0.24692538000000008,0.07722578499999999,-0.25212002000000006,0.056867484999999995,-0.27127814000000006,0.05965743499999998,-0.21569392000000004,-0.008305245000000017,-0.23171642000000003,0.06620926499999996,-0.12340080000000009,-0.051959085000000016,-0.12748880000000007,0.109925985,-0.0719590000000001,0.02249258500000001,-0.04934870000000002,0.023099884999999987,-0.0008318000000000492,-0.023099884999999987,0.0008317999999999381,0.023202314999999973,0.1424441999999999,-0.033739165000000015,0.172697,0.011208004999999965,0.28406864,-0.04975565500000001,0.3202827599999999,0.006551829999999981,0.09229311999999995,0.04371672000000004,0.05144179999999998,-0.04365384,0.10422761999999997,0.07445167000000003,0.07814010000000005,0.0001024299999999867,0.14327599999999996,-0.011994310000000008,0.14162444000000007,-0.010639280000000029,0.17186520000000005,-0.016016489999999994,0.1475857599999999,-0.06796268,-0.016022499999999995,-0.04619976999999997,0.0016635999999999873,0.11224014531819715,0.06779937979768617
0.08773600500000006,-0.23559355500000007,0.08989530500000004,-0.24130829500000006,0.08603021500000002,-0.25006067500000007,0.07426568500000003,-0.25547612500000005,0.05591383500000002,-0.27493956500000005,0.05629083500000004,-0.21982690500000007,-0.009038894999999936,-0.23484945500000004,0.06369483500000006,-0.12740442500000004,-0.050038344999999984,-0.1278696250000001,0.10879849500000005,-0.07922497500000003,0.027803415000000054,-0.05227127500000006,0.02233612500000004,-0.0010497250000000014,-0.022336124999999984,0.0010497250000000014,0.022409495000000057,0.14206341499999997,-0.03374434499999995,0.1722272749999999,0.01124730500000004,0.282548975,-0.04949036499999998,0.31693867499999995,0.007404000000000022,0.09242248000000003,0.04510365999999999,0.04817945000000001,-0.04099945000000005,0.10697982999999994,0.07784176000000004,0.07559835000000004,7.337000000001703e-05,0.14311313999999997,-0.011162190000000016,0.14048556,-0.011408219999999969,0.1711775499999999,-0.015746020000000027,0.14471140000000005,-0.06532972999999997,-0.015022549999999968,-0.044672250000000024,0.0020994500000000027,0.11656376426050853,0.07319222986363792
0.08626210500000003,-0.23528855000000004,0.087456965,-0.24067647000000003,0.085188025,-0.24954135,0.06984030499999999,-0.25370908000000003,0.05581563500000003,-0.27321667,0.053038925000000015,-0.21877888,-0.009805265000000007,-0.23312578,0.06038707500000001,-0.12684574999999998,-0.049271224999999974,-0.12604795000000002,0.10413753500000006,-0.08353168,0.029841665000000017,-0.05459825000000007,0.021628024999999995,-0.0013065500000000174,-0.021628024999999995,0.0013065500000000174,0.021876455000000017,0.14152591999999997,-0.03387394499999996,0.17312384999999997,0.011057705000000029,0.28225575,-0.04901683499999998,0.31923404999999994,0.007348149999999998,0.09193313000000003,0.04375046000000005,0.04331406999999998,-0.03946595999999997,0.10707782999999998,0.07911288999999999,0.07144969999999995,0.0002484300000000217,0.14283247,-0.010818749999999988,0.14072983000000006,-0.012245919999999966,0.17181729999999995,-0.01514289000000002,0.14611019999999997,-0.06284419000000002,-0.014346899999999996,-0.04325604999999999,0.002613100000000035,0.11648515460760228,0.0759899707312492
0.08616536999999996,-0.23660183499999998,0.08669498999999997,-0.24212677499999996,0.08510561,-0.25077400499999997,0.06793495999999999,-0.25377929499999996,0.055625709999999995,-0.27258715499999997,0.05124771,-0.21673012499999994,-0.009122070000000038,-0.23084450499999998,0.058802489999999985,-0.12404934499999998,-0.045689160000000006,-0.12366737499999991,0.10228845999999997,-0.08662704499999996,0.03429367999999999,-0.05544493499999992,0.02089909000000001,-0.001389124999999991,-0.02089909000000001,0.001389124999999991,0.021896870000000013,0.14102532499999998,-0.03254646,0.17342498500000003,0.01115461000000001,0.282188565,-0.04832217,0.3206073850000001,0.007554779999999983,0.09268077999999996,0.043485969999999985,0.03742230000000002,-0.03656708999999997,0.10717713000000006,0.07998284,0.06822244,0.0009977800000000037,0.14241444999999997,-0.010742260000000003,0.14116324000000002,-0.01164736999999999,0.17203586000000004,-0.01577571,0.14718240000000005,-0.06036978000000004,-0.014114380000000037,-0.04179818000000002,0.002778249999999982,0.11785470951524715,0.07922343236919548
0.08513283500000002,-0.23919970500000004,0.08549571500000003,-0.244548475,0.084464455,-0.25349197500000004,0.06589093499999998,-0.256028435,0.055216615000000024,-0.275425495,0.04812097500000001,-0.220009595,-0.010130705000000018,-0.23194363500000004,0.05412345499999999,-0.12766453499999997,-0.04491442499999998,-0.12026903499999997,0.10046928500000002,-0.08948953500000001,0.039520215000000025,-0.05661327500000002,0.020324885000000015,-0.0019505650000000152,-0.020324885000000015,0.0019505650000000152,0.022387975000000004,0.140552935,-0.03308651499999998,0.17344206500000003,0.012562094999999995,0.280444865,-0.04711324499999997,0.320301115,0.006002479999999977,0.09234506000000003,0.04634583000000003,0.03817499999999996,-0.03478371999999996,0.11167460000000007,0.08443464,0.06365575999999995,0.0020630899999999897,0.1425035,-0.009825880000000009,0.13989193,-0.012761629999999968,0.17149150000000002,-0.014026729999999987,0.14685905,-0.05825168000000003,-0.011934040000000035,-0.04064977000000003,0.0039011300000000304,0.11868528181716931,0.08373266596469749
0.08311922999999999,-0.24000429999999995,0.08325222999999998,-0.24527189999999993,0.08245452999999997,-0.25444209999999995,0.06310326999999999,-0.25670856,0.05241806999999998,-0.27640667999999996,0.04476664999999996,-0.22098916999999996,-0.012022540000000026,-0.23093914999999998,0.052732069999999964,-0.12868585999999993,-0.04297815000000005,-0.11581589999999997,0.09881003,-0.09240993999999991,0.041282249999999965,-0.05812819999999996,0.019876789999999978,-0.0023355999999999932,-0.019876790000000033,0.0023355999999999932,0.02244022999999995,0.13869575,-0.03299339000000001,0.17211565000000006,0.012407429999999942,0.2801388,-0.046988270000000054,0.3201414,0.00796542,0.09230331000000003,0.04607796000000003,0.03627592000000002,-0.030955610000000022,0.11512325000000001,0.08426040000000001,0.05768770000000001,0.0025634399999999724,0.14103135,-0.010032800000000008,0.14144305000000001,-0.013116599999999978,0.16978005000000007,-0.013994880000000043,0.14802574999999996,-0.05678918999999999,-0.009949980000000025,-0.03975358000000001,0.0046711999999999865,0.11976578435986293,0.08600174000659286
0.08045401499999999,-0.23984348,0.08073099500000003,-0.24496975,0.079855915,-0.25433504,0.06066387499999998,-0.25628044,0.04989307500000001,-0.27642085,0.041535904999999984,-0.22127553,-0.01359490499999999,-0.23047804,0.046766695000000025,-0.1300833,-0.042753284999999974,-0.11549070000000006,0.09234357500000001,-0.09337034,0.04181927499999999,-0.060671299999999984,0.01949342500000001,-0.002494500000000066,-0.01949342500000001,0.002494499999999955,0.02237265500000002,0.14049564000000003,-0.03419930500000001,0.17378464999999998,0.012198445000000002,0.2820148,-0.04776338499999999,0.32269479999999995,0.005230790000000041,0.09119222999999999,0.045576879999999986,0.03671296000000002,-0.029158379999999984,0.11498733999999994,0.08457255999999996,0.054819400000000074,0.0028792300000000104,0.1429901400000001,-0.010174210000000017,0.14151915999999998,-0.014705880000000005,0.17129015000000003,-0.013564079999999978,0.14891014999999996,-0.055130809999999975,-0.009202509999999997,-0.03898685000000002,0.004989000000000021,0.11647129539387843,0.08802934437407785
0.077089925,-0.23768424999999999,0.07767728500000004,-0.24297884999999997,0.07665304500000003,-0.25221606999999996,0.05832938500000001,-0.25465429,0.04804418500000002,-0.27478257,0.03975145499999999,-0.22058719,-0.014126704999999962,-0.22921376999999998,0.043171085,-0.12880574999999994,-0.040482154999999964,-0.11146042,0.08891462500000002,-0.09520834999999994,0.045876005,-0.059892449999999986,0.019261024999999987,-0.0023355200000000353,-0.019261024999999987,0.0023355200000000353,0.02271435500000002,0.14404145000000002,-0.035350045,0.17473435000000004,0.012799325000000028,0.2853795,-0.04767437499999999,0.32425138,0.003419630000000007,0.09178144000000005,0.04574354000000003,0.0335974,-0.026355450000000002,0.11775334999999998,0.08635815999999996,0.05156797000000002,0.003453330000000032,0.14637697000000005,-0.009915029999999991,0.14133805,-0.01608902000000001,0.17239883,-0.012324329999999994,0.14951702999999994,-0.05387815999999995,-0.008626579999999995,-0.038522049999999974,0.004671040000000071,0.11609042400288186,0.0900841435966497
0.07429894999999997,-0.24040263500000003,0.07465314999999995,-0.24606278500000006,0.07320517999999998,-0.25494763500000006,0.05515068999999995,-0.25789755500000006,0.04328964999999996,-0.276804205,0.03676199999999996,-0.22349601500000005,-0.01706838000000005,-0.22970928500000004,0.040028569999999986,-0.13297158500000006,-0.04011685000000004,-0.112194185,0.08666112999999998,-0.10148848500000007,0.047605149999999985,-0.06567278500000007,0.019349099999999952,-0.0030670150000000618,-0.019349100000000008,0.0030670149999999508,0.02276374999999997,0.14120031499999997,-0.03604435,0.17498291499999996,0.011686799999999997,0.282951015,-0.047559850000000015,0.325067915,0.003266570000000024,0.09052442999999999,0.04663255999999999,0.031483099999999986,-0.023048469999999988,0.11751510000000004,0.08772200000000002,0.046521399999999935,0.003414650000000019,0.14426733000000003,-0.011076949999999974,0.1417507,-0.016695249999999995,0.1719159,-0.011515500000000012,0.15008500000000002,-0.05383038000000001,-0.006213269999999993,-0.03869819999999996,0.0061340300000000125,0.11923797691877284,0.09595848944779456
0.073409995,-0.24051867000000005,0.07396574500000003,-0.24617530000000004,0.07242874500000002,-0.25543090000000007,0.054264685000000035,-0.25841777000000005,0.04202161500000001,-0.27810965000000004,0.03420261500000005,-0.22513513000000007,-0.017661824999999964,-0.22966747000000004,0.037320865000000036,-0.13390086,-0.03514978499999999,-0.10820625000000006,0.08387337500000003,-0.10548894000000009,0.053983115000000026,-0.06853940000000003,0.01894636500000002,-0.0033315000000000428,-0.018946364999999965,0.0033314999999999317,0.02367048500000002,0.14090576,-0.03624728499999996,0.17458419999999997,0.01266373500000001,0.2824793,-0.045912784999999956,0.3233071999999999,0.003118249999999989,0.09123427000000006,0.04655250999999999,0.028411919999999924,-0.017487960000000025,0.12146121999999998,0.08913290000000001,0.03966685000000003,0.004724119999999998,0.14423726000000003,-0.01100675000000001,0.14157354,-0.017300919999999997,0.17125270000000004,-0.009665499999999994,0.14872299999999994,-0.05186444000000001,-0.004532339999999968,-0.037892729999999986,0.0066629999999999745,0.12104403816336314,0.10239206668429147
0.07240827500000002,-0.2407764,0.07343824500000001,-0.24691443999999996,0.07067172500000002,-0.25595991999999995,0.054861795000000046,-0.25864615999999996,0.03930325500000004,-0.27788195,0.03400985500000003,-0.22301896999999998,-0.01790492499999996,-0.22869452999999995,0.03612557500000002,-0.1303508,-0.033812324999999976,-0.10917204000000003,0.082916035,-0.10766969999999998,0.05330641500000005,-0.07037320000000002,0.019005255,-0.0032807999999999726,-0.019005255,0.0032807999999999726,0.023444575000000023,0.1397752,-0.03600899499999999,0.17560189999999998,0.013138075000000027,0.2819461,-0.045564574999999996,0.3251984,0.0021157199999999876,0.09266817,0.04679045999999998,0.02268110000000001,-0.015907400000000016,0.11952248999999993,0.08711874000000003,0.03879884,0.004439320000000024,0.14305599999999996,-0.010306499999999996,0.1421709,-0.01700373999999999,0.1723211,-0.009555580000000008,0.14959650000000002,-0.051914779999999994,-0.005675559999999968,-0.03801051,0.006561599999999945,0.12239946994745689,0.1032176793683568
0.07580920499999999,-0.24078083,0.07808643500000001,-0.24656403,0.074787675,-0.25750381,0.05947967500000001,-0.25664505000000004,0.042950674999999994,-0.28050525000000004,0.036427074999999975,-0.22437218000000003,-0.018051065000000033,-0.22818383000000003,0.042871594999999985,-0.12929645,-0.02308237499999999,-0.10299944999999999,0.086723675,-0.11013481000000003,0.063231135,-0.07487564999999996,0.020881625000000015,-0.004079950000000054,-0.020881625000000015,0.004079949999999943,0.02692952500000001,0.14342524999999995,-0.02582922500000001,0.17943820999999993,0.020991234999999997,0.28426505,-0.03631562500000002,0.32827087999999993,0.006444520000000009,0.09507573000000002,0.043852080000000015,0.01916163999999998,-0.0050313099999999555,0.12518438000000004,0.08631350999999998,0.028123800000000032,0.006047899999999995,0.1475052,-0.005938290000000013,0.14083980000000007,-0.0049475999999999964,0.17535826,-0.010486400000000007,0.14883267,-0.05447814000000001,-0.0038116499999999998,-0.04176325000000003,0.008159899999999998,0.12483112143140465,0.11536439297364498
0.075005655,-0.24327403500000006,0.076945755,-0.24912232500000003,0.074004295,-0.259810415,0.057765244999999965,-0.25978091500000006,0.042242255000000006,-0.282811075,0.03415657499999997,-0.228454025,-0.017885205000000015,-0.22987783500000003,0.041005495,-0.134814855,-0.021673225000000018,-0.10445405500000005,0.08508101499999998,-0.11447725500000006,0.06525492499999996,-0.08147642500000007,0.020164844999999987,-0.004607884999999978,-0.020164845000000042,0.004607884999999978,0.027661924999999976,0.14249874499999993,-0.024437965000000006,0.17953100499999997,0.022292254999999983,0.282630115,-0.03614747500000004,0.32747054499999995,0.006848920000000036,0.09363917,0.04407551999999998,0.020337599999999956,-0.003788020000000003,0.12542377999999998,0.08692814999999998,0.02297762999999997,0.007497079999999989,0.1471066299999999,-0.005369669999999993,0.1401313700000001,-0.004273119999999964,0.17492312,-0.011709510000000034,0.14793953999999998,-0.05204177999999998,-0.0014238100000000253,-0.04032969000000003,0.009215769999999956,0.12761421390921082,0.12127260834594517
0.07293210000000006,-0.24639244000000005,0.07380289000000007,-0.25168104,0.07288078000000003,-0.26259069,0.05251745000000002,-0.26198239,0.04207203000000004,-0.28541319000000004,0.030299630000000022,-0.23148404,-0.018946789999999936,-0.23258637000000004,0.040698380000000034,-0.13702042000000003,-0.019492499999999968,-0.10638756999999999,0.08446433000000003,-0.11845537000000006,0.06798527000000004,-0.08693347000000007,0.01925423000000004,-0.00470917000000004,-0.019254229999999983,0.004709169999999929,0.027307830000000033,0.14091878000000002,-0.024210299999999962,0.17845592999999993,0.02298281000000002,0.28017863,-0.03458446999999998,0.3256597299999999,0.010398750000000012,0.09446361999999997,0.04376595,0.018565049999999972,-0.0005457100000000326,0.12619880000000006,0.08747777000000001,0.01945409999999992,0.008053599999999994,0.14562795000000006,-0.004325020000000013,0.13925984999999996,-0.004956069999999979,0.17374676,-0.010374170000000016,0.1472038,-0.04924641999999996,-0.0011023300000000402,-0.03850846000000002,0.00941833999999997,0.13111275741303743,0.12652708732291124
0.07224418000000005,-0.25074261000000003,0.07251554000000004,-0.25574067000000006,0.07220184000000002,-0.26682207,0.04999846000000002,-0.26359591000000004,0.04131701000000004,-0.28716845,0.029447340000000044,-0.23111175000000006,-0.019797659999999995,-0.23319119000000005,0.04257911000000003,-0.13619581000000003,-0.016974099999999992,-0.10738524999999999,0.08556026,-0.12242320000000007,0.06916520000000004,-0.09303455000000005,0.01931018000000001,-0.00427172000000009,-0.019310179999999955,0.004271719999999979,0.02692768000000001,0.14154904999999995,-0.023461759999999998,0.17605379,0.02404391,0.27963479999999996,-0.03278801999999997,0.32265904999999995,0.013131769999999987,0.09491594000000003,0.04298114999999997,0.013772609999999963,0.0028235600000000027,0.12580594000000006,0.08613930000000003,0.014350699999999939,0.007617499999999999,0.14582077000000004,-0.0028837700000000077,0.13808575,-0.004151580000000044,0.17178207,-0.009326259999999975,0.14660525999999996,-0.04924500000000004,-0.002079439999999988,-0.038620359999999965,0.008543440000000069,0.13545790979561434,0.13151579010695752
0.07189562,-0.25225508,0.07194887999999999,-0.25726708,0.0717196,-0.26810266,0.049016179999999965,-0.26624073,0.04017155,-0.28894228,0.026863650000000017,-0.23577584000000001,-0.019984290000000016,-0.23519290999999998,0.038605279999999964,-0.14197068000000002,-0.015326359999999983,-0.10844677999999996,0.08191618,-0.12934707999999995,0.07147179999999997,-0.09624122000000002,0.018746299999999994,-0.005132119999999962,-0.018746299999999994,0.005132119999999962,0.02885095999999998,0.13746342,-0.021616320000000022,0.17583276999999997,0.02565607999999997,0.27490278,-0.03211883999999998,0.32063732,0.011741629999999947,0.09380516,0.04331090000000004,0.012623600000000068,0.004657930000000032,0.12674613,0.08679815999999996,0.012205559999999949,0.010104659999999988,0.14259553999999997,-0.003194880000000011,0.13743936,-0.0028700200000000287,0.17070065,-0.01050251999999996,0.14480455000000003,-0.04684794000000003,0.000582930000000037,-0.03749259999999999,0.010264239999999925,0.13935490672027304,0.1357050464439904
0.06837776499999998,-0.25098334000000005,0.068163105,-0.2568325,0.067424015,-0.26657133000000005,0.045999715,-0.26586060000000006,0.03620509500000002,-0.28602327000000005,0.02511624499999998,-0.23155790000000004,-0.020122664999999984,-0.23218302000000002,0.03616718499999999,-0.13946844000000003,-0.020237074999999993,-0.10673370000000004,0.07868332500000003,-0.12584460000000008,0.06892452500000001,-0.09209586000000003,0.017485185000000014,-0.004350000000000076,-0.017485185000000014,0.004349999999999965,0.02823842500000001,0.13859782999999992,-0.029242564999999998,0.17621443999999997,0.02322286499999998,0.276335,-0.036091134999999996,0.31932419999999995,0.011050940000000009,0.09208946000000001,0.042516140000000036,0.013623839999999943,-0.00011441000000000923,0.12544931999999998,0.08916160000000001,0.014637840000000013,0.010753239999999997,0.14294783,-0.00501556000000003,0.13773717000000008,-0.011757379999999984,0.17186444,-0.006848569999999998,0.14310975999999997,-0.045238909999999966,-0.000625119999999979,-0.03497037000000003,0.008700000000000041,0.13603731167815544,0.12949301870534838
0.06772723000000003,-0.2547364549999999,0.06733694000000001,-0.26122945499999994,0.06586977,-0.27021974499999996,0.04527178000000004,-0.27039608499999995,0.033434469999999994,-0.28845223499999995,0.024968440000000036,-0.23446318499999996,-0.020760799999999968,-0.23341241499999993,0.03613120000000003,-0.14078841499999994,-0.01902082999999999,-0.10724311499999994,0.0794088,-0.12696811499999994,0.07043543000000002,-0.09520995499999996,0.017774900000000038,-0.004408714999999952,-0.017774899999999982,0.004408715000000063,0.026903380000000032,0.141179885,-0.030370960000000002,0.1765500350000001,0.023932780000000042,0.2774853850000001,-0.03552894000000001,0.3159847250000001,0.011162759999999994,0.09367477000000002,0.04327759999999997,0.013820300000000008,0.0017399699999999796,0.12616929999999998,0.08945626000000001,0.012033159999999987,0.009128479999999994,0.14558859999999996,-0.00297059999999999,0.13630550000000008,-0.01259606000000002,0.17214132000000004,-0.0051579800000000064,0.13943468999999997,-0.045729240000000004,0.0010507700000000342,-0.03554980000000002,0.008817430000000015,0.1371843437042653,0.13305991782380525
0.06750826500000001,-0.254516205,0.06728826500000001,-0.260907385,0.06606732500000001,-0.270216975,0.045055075,-0.269694035,0.03395764499999998,-0.28862670500000004,0.023934165000000007,-0.234463035,-0.020608564999999968,-0.232135145,0.03632755500000001,-0.141504305,-0.01583404500000002,-0.10373960500000001,0.07833172500000002,-0.12890730500000003,0.071973605,-0.09545785500000004,0.01747886500000001,-0.004754064999999974,-0.01747886500000001,0.004754064999999974,0.02952332499999999,0.13848259500000004,-0.028720095,0.175784595,0.025676654999999993,0.27525245499999995,-0.03341873499999998,0.31597519500000004,0.012393390000000004,0.09295872999999999,0.04200417000000001,0.01259699999999997,0.004774519999999949,0.12839553999999997,0.08780765000000001,0.008281749999999977,0.012044459999999979,0.14323666000000002,-0.0038466699999999965,0.1367698599999999,-0.011241229999999991,0.17103053000000001,-0.004698639999999976,0.14019060000000005,-0.044542729999999975,0.002327889999999999,-0.03495773000000002,0.009508129999999948,0.13826459262109447,0.13432860194012033
0.06466774499999994,-0.25867305000000007,0.06464081499999996,-0.2649596200000001,0.06366717499999996,-0.2742837800000001,0.042410584999999945,-0.2730129500000001,0.03259956499999994,-0.2921934000000001,0.022332664999999974,-0.2384866000000001,-0.02253258500000005,-0.23386735000000008,0.037496804999999966,-0.14912275000000008,-0.01758182500000005,-0.10508335000000013,0.07793962499999996,-0.13260385000000008,0.07140689499999997,-0.09867325000000005,0.017478194999999974,-0.00516155000000007,-0.01747819500000003,0.005161549999999959,0.027094184999999937,0.13882930999999987,-0.03061932500000003,0.17680624999999994,0.02646554499999998,0.2724006899999999,-0.03344285500000005,0.31331144999999994,0.015164139999999993,0.08936385000000002,0.04044281999999999,0.016518900000000003,0.0049507599999999985,0.12878399999999995,0.08898872000000002,0.006410100000000085,0.009615989999999963,0.14399085999999994,-0.0006286399999999581,0.13357138000000002,-0.01314113,0.17164469999999998,-0.0028235300000000185,0.1365052,-0.04486525000000002,0.004619250000000019,-0.034956390000000004,0.01032310000000003,0.14105716694636575,0.13668293571381945
0.06495099999999998,-0.25925354000000006,0.06517158,-0.26572028000000003,0.06371218000000001,-0.27523072000000004,0.043431379999999964,-0.27389271000000004,0.032024709999999956,-0.29358042000000006,0.021944760000000008,-0.23799488000000002,-0.022055060000000015,-0.23504473000000004,0.037180279999999954,-0.14559234,-0.016612470000000046,-0.10457178,0.07855447999999998,-0.1330158800000001,0.07286103999999999,-0.09956152000000007,0.017239779999999982,-0.004772019999999988,-0.017239780000000038,0.004772019999999988,0.028242820000000002,0.13894162,-0.02906364,0.17476362,0.02894517999999996,0.27282551999999993,-0.03274262,0.3117167799999999,0.015235519999999947,0.09240254000000003,0.04137420000000003,0.0125764599999999,0.005442589999999969,0.13047295000000003,0.08947351000000003,0.005010259999999933,0.01100304000000002,0.14371363999999998,0.0007023599999999575,0.13388389999999994,-0.011823859999999964,0.16999160000000002,-0.0036789799999999984,0.1369531599999999,-0.04399982000000002,0.0029501499999999847,-0.03447956000000002,0.009544039999999976,0.14214774026972649,0.13785370990148949
0.06453591499999994,-0.259926405,0.06466276499999996,-0.266568185,0.06324074499999993,-0.27568962500000005,0.042922654999999976,-0.275450585,0.03163574499999994,-0.294159225,0.02179291499999997,-0.24046155500000005,-0.022365555000000037,-0.234980825,0.03708291499999994,-0.14819842500000002,-0.016980885000000057,-0.10241772500000002,0.07790047499999997,-0.133340825,0.07192151499999994,-0.10018569500000007,0.01731281499999998,-0.005321325000000043,-0.017312815000000037,0.005321324999999932,0.02989594499999998,0.13767480499999996,-0.02843788500000005,0.174729075,0.030022634999999964,0.271462145,-0.03139198500000007,0.311120375,0.01528999999999997,0.09226313000000003,0.04081756000000003,0.014857600000000026,0.00538466999999998,0.1325631,0.08890239999999999,0.0022320299999999405,0.012583129999999998,0.14299613,0.00012668999999998487,0.13378734000000003,-0.011125070000000015,0.16940775000000008,-0.002954100000000015,0.1363913,-0.044158470000000005,0.005480730000000045,-0.03462563000000002,0.010642649999999976,0.1416328243188195,0.13818283873125958
0.06487057000000002,-0.26130677,0.06535307000000001,-0.267925,0.06363499,-0.27728590000000003,0.04390356000000001,-0.27694452,0.031633290000000036,-0.29642442,0.02150861000000004,-0.24184072,-0.02295621999999997,-0.23646856,0.03653803,-0.1499602,-0.017756820000000006,-0.10349280000000005,0.07847086000000003,-0.13461100000000004,0.07188475,-0.10160559999999996,0.017369030000000008,-0.005492900000000023,-0.017369030000000008,0.005492900000000023,0.03176218000000003,0.13627330000000004,-0.02766331999999999,0.17396506,0.031409469999999995,0.26960702999999997,-0.02989008999999998,0.30964859999999994,0.01502941999999996,0.09188052000000002,0.04193283000000003,0.015349199999999952,0.005199399999999965,0.13297575999999994,0.08964157,0.0018872000000000888,0.014393150000000021,0.14176620000000006,-0.00035271000000003383,0.13333372999999993,-0.010294289999999984,0.16847215999999998,-0.002226769999999989,0.13568353999999994,-0.04446483000000001,0.005372160000000015,-0.034738060000000015,0.010985800000000046,0.14284578179616964,0.1394142243335966
0.063355135,-0.2627546499999999,0.06428266499999996,-0.2693912499999999,0.06241196499999996,-0.27877960999999996,0.04325010499999998,-0.2792498499999999,0.031009165000000005,-0.2989989999999999,0.019828334999999975,-0.24560237999999995,-0.023522065000000036,-0.2384254799999999,0.03416414499999998,-0.1554962499999999,-0.018279595000000037,-0.10335720999999998,0.075004295,-0.13955039999999996,0.07049529499999996,-0.10264761999999994,0.017054034999999967,-0.00570174999999995,-0.017054035000000023,0.005701750000000061,0.03236776499999999,0.13675491000000006,-0.027965105000000046,0.17331050000000003,0.03313680499999999,0.2693313500000001,-0.028340175000000023,0.30590318000000005,0.014335810000000004,0.09010613000000006,0.04084015000000002,0.015945849999999928,0.005242469999999999,0.13506826999999993,0.08877489,0.0007095900000000377,0.015313730000000025,0.14245666,0.0007690399999999986,0.13257644000000002,-0.010911070000000023,0.16760874999999997,-0.00037506999999997737,0.13259268000000002,-0.04335040000000001,0.007176900000000042,-0.03410806999999999,0.01140350000000001,0.14585504359085463,0.1392999323863648
0.06433096999999999,-0.26407050000000004,0.06488180999999998,-0.27105745000000003,0.06318799000000003,-0.27991612,0.04334360999999998,-0.28045495000000004,0.03163252,-0.29892968000000003,0.020004240000000006,-0.24550635000000004,-0.02216878,-0.23782845000000002,0.034315890000000016,-0.15236649999999996,-0.015314490000000014,-0.10278295000000004,0.07591323999999999,-0.13802325000000004,0.07255846999999999,-0.10326135000000003,0.01681304,-0.006006850000000008,-0.01681304,0.006006850000000008,0.03391537,0.13331194999999996,-0.0264973,0.17288472,0.03476644000000001,0.2673312,-0.02678743,0.30557681999999997,0.014311650000000009,0.09313985000000008,0.04159734999999998,0.014343249999999919,0.006854289999999985,0.13504549999999998,0.08787296,-0.00047839999999998994,0.01710233,0.13931879999999996,0.0008510700000000093,0.13401925000000003,-0.00968426,0.16687786999999998,-0.00029012999999999955,0.13269209999999998,-0.042173020000000006,0.007677900000000015,-0.03362608,0.012013700000000016,0.14464149995419712,0.1411623403423169
0.06385713500000001,-0.2641680450000001,0.06464529499999999,-0.27114103500000003,0.062921915,-0.28005449500000007,0.04344129499999999,-0.28032775500000007,0.03213617499999999,-0.29913829500000005,0.020504505000000006,-0.24574077500000008,-0.021889205000000023,-0.23783691500000004,0.037094085,-0.15190637500000004,-0.014171545000000008,-0.101603475,0.07992220499999997,-0.13597847500000004,0.07423031499999999,-0.10287301500000001,0.016872885000000004,-0.006093275000000009,-0.016872885000000004,0.006093274999999898,0.03504583499999997,0.13345382499999991,-0.02558627499999999,0.17362077499999995,0.03701377499999997,0.26740778499999995,-0.02561977500000001,0.306595925,0.016589579999999993,0.09383440000000004,0.04282811999999997,0.015927899999999995,0.007717660000000015,0.13623344000000004,0.08840186,-0.0012695400000000134,0.018172949999999966,0.13954709999999992,0.0019679400000000014,0.13395396000000004,-0.008713389999999988,0.16752750000000005,-3.3500000000019625e-05,0.13297515000000004,-0.04239371000000003,0.00790386000000004,-0.03374577000000001,0.012186549999999907,0.14437929883297815,0.1420332545800598
0.06365646000000003,-0.265671,0.06412895000000002,-0.27264117,0.06275597999999999,-0.2816393,0.042230500000000004,-0.28108378,0.03157915,-0.29994856,0.019185439999999998,-0.24552429999999997,-0.022523479999999985,-0.23745524,0.03638677000000001,-0.15235363999999996,-0.014887949999999983,-0.1013096,0.07856192000000001,-0.13656369999999995,0.07422822000000001,-0.10341595999999997,0.01656552,-0.00610809999999995,-0.01656552,0.006108100000000061,0.03414542000000004,0.13492585,-0.025241279999999977,0.1740625,0.03804212000000001,0.26765115000000006,-0.02439878000000001,0.30616815,0.017201330000000015,0.09317066000000002,0.042175149999999995,0.015789940000000002,0.0076355300000000015,0.13614564,0.08911617,-0.002106359999999974,0.017579900000000037,0.14103394999999996,0.003896699999999975,0.13272530000000005,-0.008675759999999977,0.16795439999999995,0.0008424999999999683,0.13210564999999996,-0.04170891999999998,0.008069059999999961,-0.03313104,0.01221620000000001,0.1444375892360434,0.14226392002918803
0.06407828500000001,-0.26790900999999995,0.064628605,-0.27500908999999996,0.06295166499999999,-0.28380639999999996,0.04276785500000002,-0.2831143099999999,0.03145403499999999,-0.3014778699999999,0.019734324999999997,-0.24755062999999994,-0.023075614999999994,-0.23808299999999993,0.037280955000000005,-0.1548636499999999,-0.01590602499999999,-0.10156260999999989,0.079363505,-0.13857754999999994,0.073524865,-0.10656674999999993,0.016938814999999996,-0.006583049999999924,-0.016938814999999996,0.006583050000000035,0.035434014999999985,0.13234765000000004,-0.024207764999999992,0.17357845000000005,0.03887206500000001,0.26472965000000004,-0.02356261500000001,0.3047298500000001,0.017546630000000007,0.09268698000000003,0.042082549999999996,0.01628609999999997,0.0071695900000000035,0.13652039000000005,0.08943088999999999,-0.005004140000000046,0.01849519999999999,0.13893069999999996,0.003438050000000026,0.132382,-0.007268949999999996,0.16699540000000002,0.0006451499999999832,0.13115140000000003,-0.04280993999999999,0.009467630000000005,-0.03387762999999999,0.013166099999999958,0.1460116089625962,0.14486736913184553
0.06343642499999996,-0.267059935,0.064042775,-0.273824345,0.06277464499999996,-0.28304908500000003,0.04219294499999998,-0.28155858500000003,0.03226454499999998,-0.30116511500000004,0.019586864999999953,-0.24624738500000004,-0.023113875000000006,-0.23870623500000004,0.03847964500000001,-0.15386698500000007,-0.01699858500000001,-0.10271121500000002,0.08025059499999998,-0.13722611500000004,0.07229934499999996,-0.10544881500000003,0.016818314999999973,-0.00613971499999999,-0.016818315000000028,0.00613971499999999,0.03623566499999997,0.133365285,-0.023266655000000025,0.172460285,0.04080516499999998,0.26603194499999994,-0.02255248500000001,0.305061185,0.018892780000000053,0.09238039999999997,0.04177094999999997,0.01664087000000003,0.0061152899999999955,0.13599502000000002,0.08929792999999997,-0.0027376000000000067,0.01941735,0.139505,0.004569500000000004,0.13266665999999994,-0.006448339999999997,0.16632057,0.000714170000000014,0.13260090000000002,-0.04270073999999996,0.0075411499999999965,-0.03363663,0.01227942999999998,0.1456272584750479,0.1428074135030689
0.06448274999999998,-0.26841548000000004,0.06507617999999998,-0.2756587000000001,0.06323489999999998,-0.28427214000000006,0.04343026999999999,-0.2832915200000001,0.03233920000000001,-0.30130139000000006,0.02045435000000001,-0.24723137000000006,-0.02206324999999998,-0.23899469000000007,0.037169640000000004,-0.15550952000000007,-0.018458030000000014,-0.10455112000000011,0.0792215,-0.13840532000000005,0.07108397,-0.10542532000000004,0.016797930000000016,-0.006298120000000074,-0.016797930000000016,0.006298119999999963,0.03675800000000001,0.13267687999999989,-0.02192696999999999,0.17176871999999999,0.04293412000000002,0.2653403299999999,-0.021528629999999993,0.30411727999999993,0.016715289999999994,0.09172185,0.042051859999999996,0.017104200000000014,0.0036052199999999646,0.13444356999999996,0.08954200000000001,-0.0008741999999999361,0.019960069999999996,0.13897499999999996,0.006176120000000007,0.13266345000000002,-0.005129039999999974,0.16547060000000002,0.00039833999999999703,0.13234855999999995,-0.04251759999999999,0.008236679999999996,-0.03359586000000003,0.012596240000000036,0.14611301921247433,0.1421455429939455
0.06421450000000001,-0.26836186,0.06508665999999996,-0.27560629999999997,0.06276145999999999,-0.28439929999999997,0.04392215999999999,-0.2827496,0.03143304999999996,-0.30110971999999997,0.021035880000000007,-0.24643543,-0.022420050000000025,-0.23746612,0.03957149999999998,-0.15643145999999997,-0.01669875000000004,-0.10214409999999996,0.08105671999999997,-0.13753749999999998,0.07330206,-0.10506570000000004,0.017104239999999993,-0.006248699999999996,-0.017104239999999993,0.006248699999999996,0.0370162,0.1332097,-0.021789500000000017,0.17050319999999997,0.04365273999999997,0.26558499999999996,-0.021879220000000033,0.3042055,0.018535619999999975,0.09000397000000004,0.04148521999999999,0.018893959999999987,0.005721299999999985,0.13532202000000004,0.09000081000000004,-0.0029216000000000797,0.019911960000000006,0.13945839999999998,0.006636539999999969,0.13237529999999997,-0.004685260000000024,0.16425449999999997,-8.972000000001534e-05,0.13370230000000005,-0.04345593000000003,0.008969310000000008,-0.034208479999999986,0.012497399999999992,0.14603653208560655,0.1434022131176852
0.06340533000000004,-0.2648408400000001,0.06432080000000001,-0.2721419300000001,0.061978210000000034,-0.2810972300000001,0.04316734999999999,-0.2799257600000001,0.02998908,-0.29865533000000005,0.019372880000000037,-0.24426546000000005,-0.02343788999999996,-0.23553782000000006,0.03693047999999999,-0.1554207900000001,-0.017938719999999964,-0.10090309000000008,0.07794934000000003,-0.1395710400000001,0.07224693000000004,-0.10228184000000007,0.016872520000000002,-0.006274550000000101,-0.016872520000000002,0.00627454999999999,0.03681538000000001,0.13346440999999998,-0.022761739999999975,0.17100545999999994,0.044393210000000016,0.26835254,-0.0212696,0.30644675999999993,0.01755759999999995,0.08884466999999996,0.041018860000000046,0.015849749999999996,0.005499169999999998,0.13463472999999998,0.09018565,-0.0013787499999999842,0.019942860000000007,0.13973896000000008,0.007577830000000008,0.13488813,-0.005889219999999973,0.16473090999999995,0.0014921399999999752,0.1354413,-0.04281077,0.008727639999999981,-0.033745040000000004,0.01254910000000009,0.14662309568288517,0.1404520066717974
0.06452975,-0.26443025,0.06586251999999998,-0.27199958999999996,0.06282917999999998,-0.28080767,0.045318919999999985,-0.27941602,0.030251429999999968,-0.29799375,0.020815479999999997,-0.24306004999999997,-0.02305071000000003,-0.23401983999999998,0.038196399999999964,-0.15282609000000003,-0.01643929999999999,-0.09976633999999995,0.08051548999999997,-0.13700378999999996,0.07377014999999998,-0.10179284,0.017220330000000006,-0.006710560000000032,-0.017220330000000006,0.006710560000000032,0.038260000000000016,0.12901991000000002,-0.022166620000000026,0.17097611000000001,0.04492459999999998,0.26541707000000003,-0.020382920000000027,0.30795991,0.017380919999999966,0.09023395999999995,0.042319090000000004,0.015822300000000067,0.00661141000000004,0.13425350000000003,0.09020944999999997,-0.002026500000000042,0.02103967000000001,0.13573047000000005,0.006664599999999965,0.13639716000000002,-0.00494629000000002,0.16426554999999998,0.0017836999999999992,0.1369838,-0.04386619000000003,0.009040209999999993,-0.03444066000000001,0.013421120000000064,0.1448537298907366,0.1416059859687803
0.06485557999999997,-0.2660411800000001,0.06621006000000002,-0.27365442000000006,0.06324896000000002,-0.2824404800000001,0.04571775,-0.2812586900000001,0.03116091999999998,-0.2998666200000001,0.020903779999999983,-0.24443414000000008,-0.02229816000000001,-0.23642378000000008,0.03660783000000001,-0.15225522000000014,-0.01731098000000003,-0.10170752000000005,0.07882788000000002,-0.1384552200000001,0.07261055999999999,-0.10352176000000013,0.017067549999999987,-0.006502980000000047,-0.017067549999999987,0.006502979999999936,0.03886581,0.1298913799999999,-0.02195375999999999,0.17121333999999988,0.04593486000000002,0.2652376799999999,-0.020021679999999986,0.3072608199999999,0.015704050000000025,0.09217891999999994,0.04222005000000001,0.013800000000000034,0.00498717999999998,0.13471626000000003,0.08992154000000002,-0.001814240000000078,0.021798260000000014,0.13639435999999994,0.007069050000000021,0.13534630000000003,-0.004886210000000002,0.16471035999999994,0.0019320800000000027,0.13604748,-0.043201939999999994,0.008010359999999994,-0.034135099999999974,0.013005959999999983,0.14569053504852852,0.14194226581691483
0.06436217999999994,-0.26669118999999997,0.06573558999999995,-0.27442075,0.062460029999999944,-0.28294249,0.04531112999999998,-0.28159037,0.030132429999999932,-0.29949697,0.020742699999999947,-0.24443001999999997,-0.02321247000000004,-0.23545301999999996,0.035104409999999975,-0.15524516999999993,-0.019508320000000023,-0.10312802999999993,0.07697780999999998,-0.13947277000000002,0.07091142999999994,-0.10500980999999998,0.017239499999999963,-0.00671202999999998,-0.01723950000000002,0.00671202999999998,0.03867996999999995,0.12955323000000007,-0.022165130000000033,0.17054453000000003,0.04534174999999996,0.26472668,-0.019455690000000025,0.30674303,0.014361710000000028,0.08918485000000004,0.041873400000000005,0.01577239999999991,0.003704150000000017,0.13232499000000003,0.09041974999999997,-0.001881780000000055,0.02144046999999999,0.13626526000000005,0.006661780000000006,0.13517344999999992,-0.004925630000000014,0.16383250000000005,0.0027094400000000074,0.1361985,-0.04395516999999999,0.008977000000000013,-0.03447899999999998,0.01342405999999996,0.14558186620250377,0.1423107725818762
0.06597826000000001,-0.26678885,0.06703708000000003,-0.27472452,0.06382492000000001,-0.28296686,0.04601386000000002,-0.2816169,0.030807940000000034,-0.2986372,0.021497280000000007,-0.24451185000000003,-0.02236836999999997,-0.23427046,0.03628271999999999,-0.15680280000000002,-0.017591339999999955,-0.10197575000000003,0.07698601,-0.14108359999999998,0.07281983000000003,-0.10533906000000004,0.01732560999999999,-0.006725300000000045,-0.01732560999999999,0.006725300000000045,0.03880900000000004,0.13150744999999997,-0.021834579999999992,0.17060743999999994,0.04768389000000001,0.26680444999999997,-0.01807863999999998,0.30591840000000003,0.014785439999999983,0.08770905000000001,0.04070329,0.015719200000000044,0.004777030000000015,0.13229470999999998,0.09041116999999999,-0.0033633100000000082,0.021483390000000047,0.13823275000000002,0.008874889999999969,0.135297,-0.004508970000000001,0.1638821399999999,0.003755940000000013,0.1353109600000001,-0.04386564999999998,0.010241390000000017,-0.03465121999999998,0.01345060000000009,0.14700855793813497,0.1438214905186399
0.066295575,-0.26521235,0.06751231499999999,-0.27321534999999997,0.06411398499999998,-0.28147472,0.04663820499999999,-0.28080341999999997,0.030756855000000027,-0.29791079,0.021408725000000017,-0.24468207999999997,-0.022485645,-0.23384018,0.03572131500000003,-0.15793261999999997,-0.017615245,-0.10153294999999996,0.07682545499999999,-0.14146574999999995,0.07274697499999999,-0.10409855000000001,0.017370384999999988,-0.006926450000000028,-0.017370384999999988,0.006926450000000028,0.04018701499999999,0.13136025000000007,-0.02151109499999998,0.17126390000000002,0.04809575500000002,0.26743079999999997,-0.017931564999999983,0.30626385,0.014312590000000014,0.08674946,0.041104139999999956,0.016466870000000022,0.004870399999999997,0.13230723000000005,0.09036222,-0.0025656000000000567,0.022816630000000004,0.1382867000000001,0.007908740000000025,0.1360705499999999,-0.004140709999999992,0.16433745,0.0035795299999999974,0.13499994999999998,-0.043894370000000016,0.01084189999999996,-0.034740769999999976,0.013852900000000057,0.14709088548647356,0.14299541670406643
0.06720291500000003,-0.26384,0.06815955500000004,-0.27191886000000004,0.06507559500000004,-0.28007292,0.04694690500000004,-0.27985492,0.031835555000000015,-0.29666933,0.02171505500000004,-0.24395427000000003,-0.021507274999999992,-0.23297622,0.036787075,-0.15639809999999998,-0.017385524999999957,-0.09957283000000006,0.07815085500000002,-0.13911985999999998,0.073463905,-0.10244995000000001,0.017099485000000025,-0.006848999999999994,-0.01709948499999997,0.006848999999999994,0.04083930499999999,0.1314168,-0.020335944999999966,0.16978380000000004,0.04966565500000003,0.26905409999999996,-0.016945374999999985,0.3062439,0.015072019999999964,0.08755617000000004,0.04136378000000002,0.01727824,0.004121750000000035,0.13340338999999996,0.09084942999999995,-0.0028771199999999553,0.023739819999999967,0.1382658,0.008826350000000038,0.13763729999999996,-0.0032364599999999966,0.16293480000000005,0.0033905699999999817,0.13646009999999997,-0.04322233000000003,0.010978050000000017,-0.034198969999999995,0.013697999999999988,0.14568064450714274,0.14194360880080018
0.06681722499999998,-0.26253636999999996,0.06797735500000002,-0.27059015,0.06466905499999998,-0.27886664,0.04709595499999997,-0.27891426999999996,0.031384754999999986,-0.29602767999999996,0.021741175,-0.24387416,-0.021674905000000022,-0.23272277999999996,0.03753307499999997,-0.15737583999999993,-0.016893625000000023,-0.09924460000000002,0.07878571499999998,-0.13808425999999996,0.073793885,-0.10103942999999993,0.017158805,-0.0067861999999999645,-0.017158805,0.0067861999999999645,0.04134375499999998,0.13211119999999998,-0.019987195000000013,0.16932825000000007,0.05058235499999997,0.26983616,-0.016363414999999992,0.3063863,0.01579189999999997,0.08649832000000007,0.04125264000000001,0.019291579999999975,0.004781279999999999,0.13347817999999995,0.09068751000000003,-0.001794829999999914,0.024184949999999983,0.13889739999999995,0.009238599999999986,0.13772496,-0.002828390000000014,0.1625420500000001,0.003623780000000021,0.13705804999999993,-0.043416080000000024,0.011151380000000044,-0.03431761,0.013572399999999929,0.14504156851024363,0.14106295865014665
0.067521685,-0.2641574400000001,0.06867562499999996,-0.2722843800000001,0.06537882499999997,-0.2806129200000001,0.04748788500000001,-0.2805785200000001,0.03171734500000001,-0.29775708000000006,0.02146421500000001,-0.24543207000000006,-0.021581875000000028,-0.23392272000000008,0.036523384999999964,-0.15799132000000005,-0.01618774500000003,-0.09972632000000003,0.07734518499999998,-0.1406756600000001,0.07403868499999999,-0.10313242000000011,0.017112744999999985,-0.00698638000000007,-0.017112744999999985,0.006986379999999959,0.041397134999999974,0.13143717999999993,-0.02023299500000003,0.17038697999999997,0.05115394499999998,0.26829937999999987,-0.015448214999999987,0.30600497999999987,0.015059169999999955,0.08744075000000001,0.04082180000000002,0.017315659999999955,0.005394129999999997,0.13419640000000005,0.09022643000000002,-0.0034061000000000785,0.02428438999999999,0.13842356,0.009756810000000005,0.13686219999999993,-0.0031202500000000466,0.1634006,0.004784780000000044,0.1356179999999999,-0.04304609000000004,0.011509349999999974,-0.03422548999999997,0.013972760000000028,0.14663141005689062,0.14295010774562192
0.06998312500000003,-0.2644536950000001,0.07069766500000002,-0.27289959500000005,0.06746080500000001,-0.2807313150000001,0.048902955000000026,-0.2807360550000001,0.03316625500000003,-0.2965771550000001,0.02236407500000004,-0.2444751950000001,-0.01970667499999995,-0.23288079500000008,0.03633245500000004,-0.15634232500000012,-0.014373754999999988,-0.10016389500000011,0.07851650500000001,-0.13970379500000007,0.07748147500000002,-0.1032870950000001,0.01691767500000002,-0.007075545000000072,-0.016917674999999965,0.007075544999999961,0.04273822500000002,0.13046014499999992,-0.018501344999999947,0.16993000499999988,0.05306318500000001,0.2688226749999999,-0.014759514999999945,0.30658780499999994,0.013968380000000002,0.08813286999999997,0.04218404999999997,0.01663853000000004,0.005332919999999963,0.13271689999999997,0.09185523000000001,-0.0031231999999999926,0.025820549999999998,0.13753569,0.010324959999999994,0.13836252999999998,-0.0015836699999999815,0.16285445999999992,0.0037418300000000015,0.13665780000000005,-0.04207074999999999,0.011594400000000005,-0.033835349999999986,0.014151090000000033,0.1462349771957154,0.1452277928927246
0.06848546999999999,-0.26500843,0.06933501000000003,-0.27305252,0.06660926,-0.28149493000000003,0.04744889000000002,-0.28131003000000004,0.03340336999999999,-0.29876698,0.020820190000000016,-0.24609180000000003,-0.020250259999999964,-0.23566548000000004,0.035712290000000035,-0.15797360000000005,-0.015499319999999983,-0.10216526000000004,0.07850562999999999,-0.14140735000000004,0.07571345000000002,-0.10562650000000007,0.016529349999999998,-0.00677110000000003,-0.016529349999999998,0.006771099999999919,0.04246843,0.13309819999999994,-0.018860490000000008,0.17079129999999998,0.05333131000000002,0.26928295999999996,-0.014390230000000004,0.30553635,0.01489210000000002,0.08811819999999998,0.04279333999999996,0.016566250000000005,0.004750939999999981,0.13350022,0.09121277,-0.003461240000000032,0.025939080000000003,0.13986929999999997,0.01086288000000002,0.13618476000000002,-0.0023311400000000093,0.16402020000000006,0.004470260000000004,0.13474505000000003,-0.04107044999999998,0.010426319999999989,-0.033058699999999996,0.013542199999999949,0.14821598799286434,0.14540273256579464
0.06887567500000003,-0.26372686999999995,0.06955022500000002,-0.27160707999999995,0.06722392500000002,-0.28000474999999997,0.04739526500000002,-0.2800722199999999,0.03455172500000003,-0.29738941999999996,0.020950805000000017,-0.24628594999999998,-0.01943157499999998,-0.23517714999999995,0.03613852500000003,-0.15969274999999994,-0.015183714999999987,-0.10120457999999999,0.078122745,-0.14195375,0.07662246500000003,-0.10404844999999996,0.01633402500000003,-0.006790149999999939,-0.016334024999999974,0.00679015000000005,0.042619655000000034,0.13185085000000007,-0.018206324999999968,0.16877565000000005,0.054148625000000006,0.26907175000000005,-0.014419374999999957,0.30497835000000006,0.015187720000000016,0.08659320000000004,0.04198421999999996,0.01773899999999995,0.004247859999999992,0.13397256999999996,0.09180618000000001,-0.0028438699999999706,0.026285630000000004,0.13864100000000001,0.011528969999999972,0.13722089999999998,-0.0018722999999999934,0.1619855,0.003786950000000011,0.1362027,-0.040382379999999996,0.01110880000000003,-0.032668050000000004,0.01358029999999999,0.14861710764309205,0.14465857832524176
0.06640251000000003,-0.25872157,0.06724609999999998,-0.26594477000000005,0.06609652999999999,-0.27478982,0.04514423000000001,-0.27517257,0.036407069999999986,-0.29405884000000004,0.019858529999999985,-0.24556317000000005,-0.019577129999999998,-0.23365037000000005,0.03689203000000002,-0.16147377000000007,-0.016228719999999974,-0.09943387000000004,0.0793681,-0.13841187,0.07570743000000002,-0.10205502,0.015920570000000023,-0.007043730000000026,-0.015920570000000023,0.007043730000000026,0.04265137000000002,0.13268749999999996,-0.019929839999999976,0.17175136999999996,0.05350395000000002,0.2692829299999999,-0.015394489999999983,0.30803232999999997,0.017033500000000035,0.08408939999999998,0.04247606999999998,0.02306190000000008,0.003348410000000024,0.13421650000000002,0.09193615,-0.002621149999999961,0.0267308,0.13973122999999998,0.01085258,0.13659542999999996,-0.004009269999999954,0.16470763999999993,0.0045353499999999936,0.13628096,-0.039435659999999984,0.011912800000000001,-0.031841140000000046,0.014087460000000052,0.1458875500862239,0.14247184857213904
0.06549251,-0.25839037000000004,0.06680402000000002,-0.26567445,0.06533188000000001,-0.27476293,0.04527874000000004,-0.2751482,0.03586360999999999,-0.29481406,0.01929596,-0.24566997000000002,-0.019997089999999995,-0.23404277,0.03628334,-0.16154066,-0.01627055999999999,-0.09956494000000005,0.07799384000000004,-0.14016393000000005,0.07577724000000002,-0.10270299999999999,0.015842080000000036,-0.0070645999999999765,-0.01584207999999998,0.0070645999999999765,0.042307590000000006,0.13314302999999994,-0.020402189999999987,0.17315559999999997,0.053514339999999994,0.2692582,-0.015198739999999988,0.30847987,0.016987379999999996,0.08412931000000001,0.04171050000000004,0.021376729999999955,0.0037265300000000057,0.13447782999999996,0.09204780000000001,-0.0031380599999999426,0.02646550999999997,0.14020762999999992,0.011206749999999988,0.13611517000000006,-0.004560110000000006,0.166091,0.005203449999999998,0.13532427000000002,-0.039293049999999996,0.011627200000000004,-0.03168416000000002,0.014129199999999953,0.1468954489340855,0.14297910968747285
0.06526725500000002,-0.259575425,0.06647930499999999,-0.266914325,0.06489287500000002,-0.275843125,0.04501234500000001,-0.276740655,0.03506980500000001,-0.295908495,0.019269874999999992,-0.24730120500000002,-0.020040944999999977,-0.235434455,0.03647782500000002,-0.163195325,-0.015775244999999993,-0.10188065499999999,0.07859544499999999,-0.13957046500000003,0.07448502499999998,-0.10387508499999998,0.015894725,-0.007078275000000023,-0.015894725,0.007078275000000023,0.042590755000000036,0.13164623499999994,-0.020262524999999976,0.171690715,0.05329705499999998,0.267523175,-0.015366694999999986,0.307289975,0.017207950000000027,0.08410588000000002,0.04211761999999997,0.02362485999999997,0.004265699999999983,0.1335538,0.09026026999999998,-0.0019944299999999915,0.026696030000000037,0.13872450999999997,0.010706299999999946,0.13587694000000006,-0.004367799999999977,0.16461243999999997,0.00489582999999999,0.13559926,-0.03931081999999997,0.011866750000000037,-0.03178945,0.014156550000000045,0.14657953711045243,0.1431053713364809
0.06527586499999999,-0.26051611,0.06629930500000003,-0.26790210999999997,0.06495042500000003,-0.27664461,0.044580125000000026,-0.27812806,0.03514738500000003,-0.29692151,0.018561145,-0.24867803,-0.019760434999999965,-0.23693410999999998,0.035502544999999996,-0.16348090999999998,-0.015540814999999986,-0.10332744999999999,0.08005582500000002,-0.13994116,0.07514338500000001,-0.10415571000000001,0.015594715000000037,-0.007134140000000011,-0.015594714999999981,0.007134140000000011,0.04290165500000004,0.13057158999999996,-0.019870445000000014,0.17106889000000003,0.05382828500000003,0.26603709,-0.014774485000000004,0.30551726,0.016941399999999995,0.08519712000000002,0.04455328000000003,0.02353974999999997,0.0042196199999999795,0.13360666,0.09068419999999999,-0.0008282600000000251,0.027306940000000002,0.13770572999999997,0.010926629999999993,0.13546550000000002,-0.004275730000000033,0.16393475000000002,0.0050959600000000105,0.13444836999999998,-0.038321579999999966,0.011743920000000019,-0.031189430000000018,0.014268280000000022,0.14762431799575737,0.1435925955773225
0.06528744499999994,-0.260087065,0.06617174499999995,-0.267382965,0.06488353499999994,-0.27614506499999997,0.04424230499999998,-0.27768651499999997,0.034820534999999986,-0.296360595,0.018026424999999957,-0.24840910499999996,-0.01990827500000003,-0.23664529499999998,0.03444952499999998,-0.164545065,-0.017094215000000024,-0.10341070499999994,0.07891232499999995,-0.14096486499999994,0.07334772499999997,-0.10318096499999996,0.015410984999999988,-0.0070088349999999355,-0.015410985000000044,0.0070088350000000466,0.042000034999999936,0.13204443499999996,-0.019889915000000036,0.17073388499999997,0.053541724999999984,0.267508835,-0.015112685000000015,0.305167575,0.016423100000000024,0.08386403999999997,0.04446279999999997,0.02358020000000005,0.002814060000000007,0.13323459000000004,0.09044194,0.0002297399999999783,0.026589049999999947,0.1390532699999999,0.011541690000000049,0.13546440000000004,-0.004478929999999992,0.16372504999999993,0.004777230000000021,0.13443369000000005,-0.03793469999999999,0.011763809999999986,-0.030821970000000032,0.014017669999999982,0.14824519606097358,0.1414916980776756
0.06565437000000002,-0.2582737799999999,0.06684145000000002,-0.2657242999999999,0.06515642999999999,-0.27445711999999994,0.04543227,-0.2764382299999999,0.035266030000000004,-0.29511790999999993,0.01850742999999999,-0.2475443799999999,-0.018949329999999986,-0.23620974999999994,0.03366551000000001,-0.1622302499999999,-0.016841949999999994,-0.10254684999999997,0.07829063000000003,-0.1395512499999999,0.07355223,-0.10183211999999997,0.015278130000000001,-0.006976149999999959,-0.015278130000000001,0.00697615000000007,0.0425218,0.13155631000000012,-0.01906827,0.1707708000000001,0.05442145999999998,0.2686234500000001,-0.014556049999999987,0.3069453500000001,0.015158080000000018,0.08531412999999999,0.04462512000000002,0.022679000000000005,0.002107379999999992,0.13366289999999997,0.09039417999999999,0.0007147299999999968,0.027243669999999998,0.13853246000000008,0.011899659999999979,0.13706713999999998,-0.0037901399999999974,0.16379465000000004,0.004512220000000011,0.13617455,-0.03745675999999998,0.011334629999999957,-0.030556260000000002,0.013952300000000029,0.14678805229397926,0.14046377639136187
0.066134305,-0.25911402,0.067227975,-0.26644888,0.065772775,-0.27523245999999996,0.04555082499999996,-0.27679814999999997,0.03596389499999997,-0.29563145999999996,0.01861333500000001,-0.24765812999999998,-0.018854585000000035,-0.23653777999999998,0.033630634999999964,-0.16287399999999996,-0.01738384500000001,-0.10338360000000002,0.07791087499999999,-0.1395672,0.07225289499999998,-0.10207449999999996,0.015269845000000004,-0.006918699999999944,-0.015269845000000004,0.006918700000000055,0.042934955,0.13141515999999998,-0.018808425000000017,0.17014716000000008,0.05474385500000001,0.26864306000000004,-0.014149695000000018,0.30622337,0.015017299999999956,0.08478413000000001,0.044280240000000026,0.02330679999999996,0.001470740000000026,0.13315417999999996,0.08963673999999999,0.001309100000000063,0.027665109999999993,0.13833385999999992,0.011808900000000011,0.13722790000000007,-0.0035385800000000134,0.16322846000000002,0.00465873,0.13607620999999992,-0.03746792000000004,0.011120350000000001,-0.030539690000000008,0.0138374,0.1466953414110718,0.13978464745224206
0.06558605499999998,-0.2594586,0.06689315499999998,-0.26681583,0.065119225,-0.27555705999999996,0.045488635,-0.27754502,0.03511468499999998,-0.29627536,0.018719034999999995,-0.24949367,-0.019720304999999994,-0.23717005999999996,0.03389435499999999,-0.16569013999999993,-0.017491295000000018,-0.10364189999999995,0.07745627500000002,-0.14080740000000003,0.07204285500000002,-0.10336776000000003,0.015594614999999978,-0.007192199999999982,-0.015594614999999978,0.007192199999999982,0.042698124999999976,0.13161089999999998,-0.018974025000000005,0.17122919999999997,0.054150295000000015,0.26738505,-0.013600145000000008,0.30548810000000004,0.015175319999999992,0.08380353000000007,0.04356192000000003,0.024882739999999903,0.0022290099999999757,0.13352816,0.08953415000000003,0.0002741399999999228,0.027103509999999997,0.13880309999999996,0.01145217000000004,0.13577415000000004,-0.003379410000000027,0.164037,0.0053738799999999975,0.13425890000000007,-0.03843933999999999,0.01232361000000004,-0.031189229999999957,0.014384399999999964,0.14724091363814482,0.14108093741963335
0.06558170000000002,-0.25954103,0.06716456000000004,-0.26700810999999997,0.06496800000000003,-0.27581371,0.04617920000000003,-0.27724693,0.03482805,-0.29618667,0.019210800000000028,-0.24824569999999996,-0.019610899999999987,-0.23635224999999999,0.03415515000000002,-0.16397943000000004,-0.01644097,-0.10277782999999996,0.07755415000000004,-0.14086158999999998,0.07324784000000001,-0.10379353000000002,0.01572095000000001,-0.007097829999999972,-0.015720949999999956,0.007097829999999972,0.042736300000000005,0.13222443000000006,-0.018764119999999995,0.17160227000000006,0.05410303000000005,0.26714633,-0.013085829999999965,0.30551110000000004,0.014944349999999995,0.08426626999999992,0.04339900000000002,0.023117840000000056,0.0031699299999999875,0.13357442000000003,0.08968881000000001,-0.0010157000000000638,0.027015349999999994,0.13932226000000003,0.011366730000000047,0.13492189999999993,-0.0030431700000000395,0.16450444000000009,0.00567829000000003,0.13390882999999998,-0.038821700000000015,0.011893449999999972,-0.03144189999999997,0.014195659999999943,0.14736379511799227,0.142170106972998
0.06489834500000002,-0.258678385,0.06662371499999997,-0.266349015,0.06413961499999998,-0.275037535,0.045937245000000015,-0.276960215,0.03377086499999998,-0.295669515,0.018258814999999984,-0.247538245,-0.019639724999999997,-0.23545576499999998,0.03213211500000002,-0.16167161500000005,-0.01581212500000001,-0.10094491500000002,0.07683261499999999,-0.140252115,0.073994575,-0.10281751500000003,0.015440135000000021,-0.0071801150000000424,-0.015440135000000021,0.0071801150000000424,0.04266533499999997,0.13327892500000005,-0.019089104999999995,0.17322661500000003,0.053573254999999986,0.268326245,-0.013490885000000008,0.306726955,0.013873300000000033,0.08586662999999994,0.044700499999999976,0.021419500000000036,0.0038275999999999866,0.13451084999999996,0.08980670000000002,-0.001872600000000002,0.02722519999999995,0.1404590400000001,0.010907920000000015,0.13504731999999997,-0.0036489699999999736,0.16604649999999999,0.005598219999999987,0.13350034,-0.03789853999999998,0.012082480000000007,-0.030880270000000043,0.014360230000000085,0.14655099380267056,0.14176757724670694
0.06419907500000005,-0.25970115000000005,0.06587597500000003,-0.26731499000000003,0.06340479500000007,-0.27614887000000005,0.045195695000000036,-0.27773471000000005,0.03286617500000005,-0.29677443000000003,0.01800477500000003,-0.24741112000000004,-0.020642764999999952,-0.23639657000000003,0.032201225000000055,-0.16084874999999998,-0.016848024999999933,-0.10252667999999998,0.07652417500000003,-0.14002420000000004,0.07325335500000002,-0.10412105000000005,0.01562107500000004,-0.00699654999999999,-0.015621074999999984,0.00699654999999999,0.04199051500000006,0.13346605,-0.019763594999999967,0.17286395,0.052565445000000044,0.2676870499999999,-0.01360375499999994,0.30609524999999993,0.014196450000000027,0.08656237000000006,0.04432294999999997,0.02082454999999994,0.0037947400000000187,0.13386989000000005,0.09010137999999995,-0.0015943700000000671,0.026369440000000022,0.1404626,0.010574929999999982,0.13422099999999992,-0.004142519999999983,0.1658674,0.0061598400000000275,0.13323129999999994,-0.03864753999999998,0.011014550000000012,-0.031242150000000024,0.01399309999999998,0.14630633360908377,0.1422876851227291
0.06359270500000003,-0.25927455,0.06507327500000004,-0.26676655,0.062914105,-0.27555937999999996,0.04419943500000001,-0.2774667,0.03258357500000003,-0.29642753,0.017210035000000012,-0.24726207,-0.020747994999999964,-0.23666535,0.031073125000000035,-0.15977390000000002,-0.017314404999999977,-0.10310370999999996,0.07653844500000001,-0.13982118,0.07148802500000001,-0.10403848999999998,0.015383455000000046,-0.006985449999999949,-0.01538345499999999,0.00698545000000006,0.04206663500000002,0.13271774999999997,-0.019913925,0.17281221000000002,0.05148860500000002,0.26732625,-0.014180544999999989,0.30634565,0.013863090000000022,0.08748816999999998,0.045465319999999976,0.019952720000000035,0.0034335899999999864,0.13356164000000004,0.08880242999999999,-0.0009347800000000239,0.026683179999999973,0.13970319999999992,0.009421970000000002,0.13460850000000002,-0.004530470000000009,0.16582675999999996,0.00573338000000001,0.13353344,-0.037958029999999976,0.010596720000000004,-0.030766910000000036,0.013970900000000008,0.1462370129841724,0.1409715194303942
0.058232919999999966,-0.259928175,0.05888850999999995,-0.265864555,0.058310879999999954,-0.27602073499999996,0.036523959999999966,-0.277335405,0.028553559999999978,-0.298345835,0.011716619999999955,-0.24837447499999998,-0.02659611000000006,-0.239599075,0.02443257999999998,-0.15816250499999995,-0.017948820000000032,-0.10462487499999995,0.07309860999999995,-0.13869521499999993,0.06771568999999994,-0.10481287500000003,0.015525889999999987,-0.006873224999999983,-0.015525890000000042,0.006873224999999983,0.03456507999999997,0.13447716500000007,-0.02132790000000001,0.17360576500000002,0.045818219999999965,0.260665385,-0.017011140000000036,0.30631992500000005,0.012715960000000026,0.09021197000000003,0.04866602999999997,0.019467290000000026,0.00864729000000003,0.13497420000000004,0.08566450999999997,-0.000188000000000077,0.019039189999999984,0.14135039000000005,0.011253139999999995,0.12618821999999996,-0.005802009999999969,0.16673254000000004,0.004316759999999975,0.13271416000000003,-0.03831273000000002,0.008775399999999989,-0.03105178000000003,0.013746449999999966,0.14384594236807127,0.13929445636530693
0.06292493499999996,-0.26057132,0.064599395,-0.26775917000000005,0.062699915,-0.27724676000000004,0.04403150499999997,-0.27837508,0.032899294999999995,-0.29915159,0.016836134999999974,-0.24658289,-0.020634664999999996,-0.23872750000000004,0.032068284999999974,-0.15639778000000004,-0.01522311500000001,-0.10462161999999997,0.075551235,-0.14051712000000005,0.07348503499999998,-0.10565162000000006,0.015108795000000008,-0.006645879999999993,-0.015108795000000008,0.006645879999999993,0.042253934999999965,0.13017418000000003,-0.018741545000000026,0.17193238,0.048084295,0.26185832,-0.014309824999999998,0.30511528,0.01523215,0.09018510999999996,0.04348295000000002,0.01588065999999999,0.005411549999999987,0.13410588000000007,0.08870814999999999,-0.0010300000000000864,0.027145139999999957,0.13682006000000002,0.005830360000000034,0.13168413999999995,-0.003632750000000018,0.1652865,0.004431720000000028,0.1331829,-0.03747079999999997,0.007855389999999962,-0.030217590000000016,0.013291759999999986,0.14688361873364644,0.143037041427453
0.06360096500000001,-0.25958173500000004,0.06523244500000003,-0.266703005,0.06331639500000003,-0.276097195,0.044613135000000026,-0.277472965,0.03350006500000002,-0.297999795,0.017880465000000012,-0.245502365,-0.02065758499999998,-0.237442035,0.03248663500000004,-0.15447043500000002,-0.01465071499999998,-0.10302096500000002,0.074806225,-0.13992226500000005,0.07454366500000004,-0.10470746500000006,0.015350565000000038,-0.006871634999999987,-0.015350564999999983,0.006871634999999987,0.042834145000000046,0.12844493499999998,-0.017624574999999976,0.17204133499999996,0.043978265000000016,0.260919935,-0.013063565,0.30509186499999996,0.01460617000000003,0.09103192999999998,0.04231958999999996,0.014548169999999971,0.0060068699999999975,0.13442106999999998,0.08919438000000002,-0.0016865000000000352,0.027483580000000007,0.13531656999999997,0.0011441199999999707,0.132475,-0.002274009999999993,0.16516969999999997,0.0045610099999999765,0.13305053,-0.03853804999999999,0.008060330000000004,-0.03070113000000002,0.013743269999999974,0.14573072994201502,0.1432859663194652
0.06409779999999998,-0.25862422999999995,0.06580274999999997,-0.26563654999999997,0.06401372,-0.27492004999999997,0.04531219999999997,-0.27666372999999994,0.03451503,-0.29709125,0.01905802000000001,-0.24524077999999994,-0.02039105000000002,-0.23617112999999995,0.03457066999999997,-0.1552226,-0.012970450000000022,-0.1027589499999999,0.07527851999999996,-0.13956574999999993,0.07556399999999996,-0.10437874999999996,0.015534459999999972,-0.007369049999999988,-0.015534460000000028,0.007369049999999988,0.04345218000000001,0.12411421,-0.01680841999999999,0.17230365000000003,0.039760379999999984,0.25778705,-0.012767100000000031,0.30574705,0.015512649999999961,0.09001817999999995,0.04070784999999999,0.015656850000000055,0.007420599999999999,0.13341218000000005,0.08853444999999999,-0.00161980000000006,0.027917720000000035,0.13148326,-0.003691800000000023,0.13367284000000001,-0.001273959999999963,0.16493460000000004,0.004041319999999959,0.1334434,-0.03944907000000003,0.009069649999999985,-0.03106892,0.014738099999999976,0.14507005271996554,0.14417524135305473
0.058196250000000005,-0.25320616999999995,0.05897026999999999,-0.25884867999999994,0.05888468000000002,-0.2685656899999999,0.03667587,-0.2715691699999999,0.030530420000000003,-0.2918676499999999,0.01376322000000002,-0.24534890999999992,-0.027184299999999995,-0.23233908999999991,0.026193599999999984,-0.15786290999999997,-0.015758720000000004,-0.09833784999999995,0.07051212000000001,-0.13633854999999995,0.06998779999999999,-0.10013014999999992,0.015977100000000022,-0.008380949999999943,-0.015977100000000022,0.008380950000000054,0.03557965000000002,0.12493955000000012,-0.02014545000000001,0.1772893000000001,0.027403200000000016,0.25705555,-0.017493099999999984,0.3113526000000001,0.012430379999999963,0.08748599999999995,0.04431852000000003,0.02152436000000002,0.01142557999999999,0.13400123999999997,0.08574651999999999,-0.001792299999999969,0.019602549999999996,0.13332050000000006,-0.008176450000000002,0.1321159999999999,-0.004168349999999987,0.16890835000000004,0.0026523500000000255,0.1340633,-0.040947520000000015,0.013009820000000005,-0.031954200000000044,0.016761899999999996,0.13909426948713738,0.13843634947231162
0.05629217000000003,-0.25141529500000004,0.05680214,-0.256767405,0.05724682000000003,-0.266400825,0.034215190000000006,-0.270557565,0.029419970000000017,-0.290637295,0.011874240000000036,-0.24580658500000002,-0.027869179999999993,-0.23273078500000005,0.023670950000000024,-0.159373325,-0.017594,-0.10068539500000007,0.06879653000000002,-0.13412729499999998,0.06603897000000003,-0.09775672499999999,0.01546301,-0.008346834999999997,-0.01546301,0.008346834999999997,0.03350897000000003,0.124847135,-0.021759680000000003,0.177504675,0.022528750000000042,0.25855913499999994,-0.019535729999999973,0.31191059499999996,0.011796709999999988,0.08643326000000001,0.04512558,0.02524603000000003,0.010275179999999995,0.13204538999999998,0.08363297000000003,0.0029286700000000776,0.018045960000000028,0.13319397,-0.010980219999999985,0.13371199999999994,-0.006296670000000004,0.16915784,0.00222395000000003,0.13440591999999996,-0.03974342000000003,0.01307579999999997,-0.03092602,0.016693669999999994,0.13662060047226404,0.13379289289268695
0.056555330000000015,-0.25293645000000003,0.05715515000000004,-0.25813332,0.05739725000000001,-0.26797495000000005,0.03466123000000004,-0.27194748,0.029248529999999995,-0.29238995,0.01205044999999999,-0.24721199,-0.02768784999999996,-0.23447630000000003,0.02484875000000003,-0.1601148,-0.01632028999999996,-0.10108939000000006,0.06910080000000002,-0.13729084999999996,0.06619195,-0.09986451000000007,0.015403090000000008,-0.008171649999999975,-0.015403090000000008,0.008171649999999975,0.03236495,0.12391954999999999,-0.02047804999999997,0.17580384999999998,0.020502710000000035,0.25601635,-0.019091549999999957,0.30897754999999993,0.01279830000000004,0.08709718999999999,0.04425204999999999,0.022823950000000037,0.011367559999999999,0.13338690999999997,0.08251223999999996,0.0012248799999999838,0.016961859999999995,0.13209119999999996,-0.011862239999999968,0.13209680000000001,-0.005074959999999962,0.1676322,0.0013865000000000127,0.13317369999999995,-0.03973829999999995,0.012735689999999966,-0.030806180000000016,0.01634329999999995,0.13983995090060672,0.13538671434135335
0.05696595999999998,-0.25496004499999997,0.058110669999999975,-0.259005355,0.05871449000000001,-0.270339175,0.03581952999999999,-0.271215665,0.03156333,-0.296053275,0.011902330000000017,-0.24935613499999998,-0.02790240999999999,-0.23911104499999997,0.027428969999999997,-0.16198266500000003,-0.012948440000000006,-0.10309461499999995,0.06986517999999997,-0.14034751499999998,0.06773318,-0.10408217499999994,0.015389549999999974,-0.007922815000000027,-0.015389549999999974,0.007922815000000027,0.03220250000000002,0.12375293500000006,-0.016385990000000017,0.17633658500000005,0.019023430000000008,0.25073795499999996,-0.015564730000000027,0.30925858500000003,0.01552663999999998,0.08737346999999995,0.042436209999999974,0.021635150000000047,0.014953969999999983,0.13601643000000002,0.08068162000000001,-0.0009875599999999984,0.01681295000000005,0.1316757500000001,-0.013179070000000015,0.1269850199999999,-0.0009964400000000428,0.16841377000000002,0.0008212599999999903,0.13292199999999998,-0.039804740000000005,0.010245090000000012,-0.030779099999999948,0.015845630000000055,0.14319181343214732,0.13947941076572196
0.05611248000000002,-0.24998601499999995,0.056844779999999984,-0.254865515,0.057396310000000006,-0.26490049499999996,0.03453208000000002,-0.26863413499999994,0.030752849999999998,-0.289702195,0.012711479999999997,-0.244892915,-0.026841950000000003,-0.23233947499999996,0.025286980000000014,-0.15813417499999993,-0.015720679999999987,-0.09846281499999998,0.06946601000000002,-0.13155687500000002,0.06652607999999999,-0.09747814499999996,0.015164840000000013,-0.00793797499999993,-0.015164840000000013,0.007937975000000042,0.03154490999999998,0.12416107500000007,-0.019956990000000008,0.174686825,0.015602100000000008,0.256739925,-0.019774540000000007,0.309783825,0.012575500000000017,0.08675874000000006,0.04417903000000001,0.026577299999999915,0.011121270000000016,0.13387665999999998,0.08224675999999997,0.0009846700000000208,0.01638006999999997,0.13209905,-0.015942809999999974,0.13257884999999991,-0.004792149999999995,0.16674884999999995,0.00018245000000000067,0.13509700000000002,-0.03955343,0.012553440000000027,-0.030329680000000026,0.015875949999999972,0.13501944119488468,0.13336403100649288
0.05723353999999997,-0.2503955950000001,0.057606009999999985,-0.2551297650000001,0.05836561000000001,-0.2653388950000001,0.034651160000000014,-0.2685171650000001,0.031069789999999986,-0.2896825950000001,0.012377189999999982,-0.2439552450000001,-0.026103350000000025,-0.23258023500000008,0.024005390000000015,-0.15937626500000013,-0.015333540000000034,-0.10073041500000013,0.06802149000000002,-0.13456466500000008,0.06722757000000001,-0.09884756500000014,0.014740609999999987,-0.007426565000000052,-0.014740609999999987,0.007426564999999941,0.029954939999999985,0.1261027349999999,-0.019053209999999987,0.1724641349999999,0.014191919999999969,0.2572835749999999,-0.01915694000000001,0.3076304849999999,0.011628200000000033,0.08457897999999997,0.0440161,0.024811600000000045,0.01076980999999999,0.13184981999999995,0.08256111000000005,0.0018828499999999915,0.015214329999999998,0.13352929999999996,-0.015763020000000016,0.13118083999999997,-0.0043126,0.16503756999999997,-0.00010373000000002408,0.13516635,-0.03848054000000001,0.011375010000000019,-0.029481219999999975,0.014853129999999992,0.1378511829662133,0.13421241835154196
0.057761269999999976,-0.25076062499999996,0.05816797000000001,-0.25558788499999996,0.05886090999999999,-0.2654728349999999,0.03523434999999997,-0.26870331499999994,0.03182039999999997,-0.2891235449999999,0.012734489999999987,-0.24377841499999992,-0.025367530000000027,-0.23077728499999994,0.023804590000000014,-0.16039348499999995,-0.01607660999999999,-0.09870348499999992,0.06955383999999998,-0.1323865849999999,0.06620506999999998,-0.09899468499999997,0.014458550000000014,-0.007625614999999919,-0.014458550000000014,0.00762561500000003,0.029139829999999978,0.125673515,-0.018707980000000013,0.1712707550000001,0.012266290000000013,0.2568290150000001,-0.019215780000000016,0.30604641500000007,0.011070100000000027,0.08338492999999997,0.045749249999999964,0.028006900000000057,0.009290920000000036,0.13207380000000002,0.08228167999999997,-0.000291200000000047,0.014681279999999963,0.13329912999999993,-0.016873539999999965,0.1311555000000001,-0.0042494299999999985,0.16364514000000008,-0.0005078000000000027,0.13477565999999996,-0.038102020000000014,0.013001129999999972,-0.02891710000000003,0.015251229999999949,0.1363847154762035,0.13369557944672067
0.057857780000000025,-0.24952690500000008,0.05829732999999998,-0.2541656950000001,0.05877513000000001,-0.2644280650000001,0.03571089999999999,-0.26697223500000006,0.031597490000000006,-0.2882424150000001,0.013740809999999992,-0.2405798850000001,-0.025116919999999987,-0.23121891500000008,0.024721979999999977,-0.15461377500000006,-0.01630126999999998,-0.10047773500000012,0.07035363,-0.1293413350000001,0.06514199999999998,-0.09960613500000004,0.014646290000000006,-0.0066990650000000596,-0.014646290000000006,0.0066990649999999485,0.027979430000000027,0.12733856499999996,-0.018916339999999976,0.16918923499999994,0.010519380000000023,0.25958936499999996,-0.020054039999999995,0.30649246499999994,0.010981169999999985,0.08596611000000004,0.045631650000000024,0.02527243999999995,0.008815650000000008,0.13074117999999996,0.08144326999999996,0.0008716000000000834,0.013333140000000021,0.13403763000000002,-0.017460050000000005,0.1322508,-0.00427004999999997,0.16249017,-0.0011377000000000193,0.13730323,-0.03885772999999998,0.009360970000000024,-0.029292580000000012,0.013398130000000008,0.1347012773533663,0.1329171424917196
0.05837583999999996,-0.24752899999999994,0.05843578999999999,-0.25172419999999995,0.05998578999999998,-0.2623796599999999,0.03486895999999995,-0.2643460199999999,0.03373718999999997,-0.28656784999999996,0.01278621999999996,-0.23907219999999996,-0.023533660000000012,-0.2305051999999999,0.025309589999999993,-0.15374519999999992,-0.013847910000000019,-0.09950835999999996,0.06990370999999995,-0.1267181999999999,0.06714608999999999,-0.09888609999999998,0.013807009999999953,-0.006067599999999951,-0.013807010000000008,0.006067600000000062,0.026504469999999947,0.1337002300000001,-0.018253940000000024,0.17068700000000003,0.010088509999999995,0.26716700000000004,-0.020788480000000054,0.3092419300000001,0.012523370000000034,0.08532700000000004,0.04459411999999996,0.027027000000000023,0.009685749999999993,0.13099683999999995,0.08099400000000001,0.0006222599999999856,0.012697459999999994,0.13976783000000004,-0.01641595999999995,0.13346676999999996,-0.004446930000000016,0.16461939999999997,-0.0025345400000000295,0.13855493000000008,-0.03631987999999997,0.008567000000000047,-0.02761401999999996,0.012135200000000013,0.13305415074791913,0.13254691072710828
0.05842813999999996,-0.2427416500000001,0.05871053999999998,-0.24687395000000012,0.05981021999999997,-0.2575568500000001,0.03571518000000001,-0.2595062500000001,0.03356250999999999,-0.28176072000000013,0.013891810000000004,-0.23492762000000011,-0.023341,-0.2271280300000001,0.024327900000000013,-0.1515045100000001,-0.014827320000000033,-0.09772345000000016,0.06798001999999997,-0.12340115000000007,0.06551361,-0.0942803000000001,0.01412382000000001,-0.005650400000000055,-0.01412382000000001,0.005650399999999944,0.026349279999999975,0.13591204999999984,-0.01890924999999999,0.16967040999999994,0.009466699999999995,0.27229844999999986,-0.021437419999999985,0.3117801499999999,0.010436090000000009,0.08342311000000002,0.04365211999999996,0.02810336000000002,0.008513679999999968,0.12940457999999994,0.08034093000000003,0.0034431500000000614,0.012225459999999966,0.1415624499999999,-0.01688257999999998,0.13638640000000002,-0.004785429999999979,0.16402001,-0.0025281699999999963,0.14210973999999998,-0.037232810000000005,0.007799590000000023,-0.02824764000000002,0.0113008,0.12948254478501145,0.1277820999181611
0.05955114,-0.24418307499999997,0.06047804000000001,-0.24865760499999995,0.060455939999999986,-0.25929777499999995,0.03849501999999999,-0.26100143499999995,0.03357509999999997,-0.2833125249999999,0.015568209999999971,-0.23480147499999993,-0.022944060000000044,-0.22791376499999993,0.024183819999999967,-0.14965677499999996,-0.015105760000000024,-0.09969777499999999,0.06832427999999996,-0.12244727499999997,0.06481334,-0.09547337499999997,0.014540209999999998,-0.005726624999999985,-0.014540209999999998,0.005726625000000096,0.02601779999999998,0.13639812500000004,-0.019085280000000038,0.17296012500000002,0.008700019999999975,0.27187312500000005,-0.02143136000000001,0.3134293250000001,0.008615609999999996,0.08514469999999996,0.04414045999999999,0.027209499999999998,0.00783830000000002,0.12821598999999995,0.07991910000000002,0.004224400000000017,0.011477589999999982,0.14212475000000002,-0.017317780000000005,0.135475,-0.00454507000000004,0.16723349999999992,-0.0023460799999999726,0.14046920000000007,-0.038512270000000015,0.006887709999999991,-0.029080419999999996,0.011453250000000081,0.12851628815907884,0.12860181140871427
0.06172917499999997,-0.24456138,0.06208403499999998,-0.24924072999999997,0.06279730499999997,-0.25939640999999997,0.03929370500000001,-0.26187518,0.03690402500000001,-0.28302717,0.01738052499999998,-0.23532482999999998,-0.020275225000000008,-0.22936985,0.024966044999999992,-0.14719611999999993,-0.014624095000000004,-0.10206567999999994,0.071391325,-0.12021274999999998,0.06620527500000001,-0.09620485000000001,0.014253754999999979,-0.005582989999999954,-0.014253754999999979,0.005582990000000065,0.026583744999999992,0.13646225,-0.017782825000000002,0.17306865000000005,0.00875256499999999,0.27059442,-0.02014049499999998,0.31294315000000006,0.007585520000000012,0.08812871000000005,0.04642528000000001,0.02698336999999995,0.005651130000000004,0.12730417000000005,0.08082937000000001,0.005860829999999928,0.012329990000000013,0.14204523999999996,-0.017831180000000002,0.13413217,-0.003529070000000023,0.16748565999999998,-0.0023576699999999784,0.1398745,-0.03765574999999999,0.005954979999999999,-0.028507509999999958,0.01116598000000002,0.12808077054406922,0.129747523600285
0.061927714999999994,-0.24592642999999992,0.061982335,-0.2505289499999999,0.06334519499999997,-0.26075072999999993,0.03862391499999995,-0.26301877999999995,0.038114714999999966,-0.28431452999999995,0.01700391499999998,-0.23571292999999993,-0.019111305000000023,-0.23095051999999994,0.02495655499999999,-0.14503119999999992,-0.012108805,-0.1032837499999999,0.07180141499999998,-0.12198029999999993,0.06961107499999997,-0.09618674999999988,0.013806344999999998,-0.005435099999999915,-0.013806344999999998,0.005435100000000026,0.025751415,0.13601876000000002,-0.018193065000000008,0.17399700000000007,0.007979544999999977,0.27022935000000003,-0.020426565000000008,0.31471460000000007,0.00795264000000001,0.09068173000000002,0.04684485999999999,0.023050899999999985,0.007002500000000023,0.12766677000000004,0.08171987999999997,0.00709700000000002,0.011945070000000002,0.14145385999999993,-0.017771870000000023,0.13421059000000002,-0.004386720000000011,0.16856190000000004,-0.0022334999999999994,0.1407176,-0.03611522,0.004762409999999995,-0.027612689999999995,0.010870199999999941,0.13017761630689395,0.1314742041500114
0.061181545000000004,-0.249275105,0.06128411499999997,-0.254267595,0.06248113500000002,-0.264124645,0.03798937499999999,-0.266419275,0.037497844999999974,-0.287012505,0.016663284999999972,-0.23772473500000002,-0.01946595499999998,-0.233267895,0.02365651499999999,-0.14587094499999997,-0.014638784999999988,-0.10646177499999998,0.07089911500000001,-0.12419407500000001,0.067657615,-0.09879047500000004,0.013775015000000002,-0.0053032250000000225,-0.013775015000000002,0.0053032250000000225,0.02260235500000002,0.14078812500000004,-0.020121604999999987,0.178266865,0.007415714999999989,0.273298425,-0.02143886500000003,0.31504872500000003,0.006993230000000017,0.09185379000000005,0.04724260000000002,0.02167686999999996,0.004827169999999992,0.12680612000000002,0.08229639999999999,0.0076712999999999365,0.008827340000000017,0.14609135000000006,-0.015186640000000029,0.13251029999999997,-0.006346589999999985,0.17296363999999997,-0.0013172600000000423,0.13678186000000003,-0.03612923999999995,0.0044568400000000175,-0.027550030000000003,0.010606450000000045,0.13190222520690278,0.1321619143641878
0.06160198499999997,-0.24550422000000005,0.061551104999999995,-0.25028247000000003,0.06312040499999999,-0.2601784200000001,0.03815548499999999,-0.26249769000000006,0.038538795000000015,-0.283106,0.017363915000000008,-0.23480600000000007,-0.018612075000000006,-0.22951654000000005,0.027029864999999986,-0.14470458000000008,-0.012579135000000019,-0.10295412000000004,0.074585605,-0.12102872000000009,0.06988941500000001,-0.09722519000000007,0.013644084999999972,-0.005384920000000015,-0.013644085000000028,0.005384919999999904,0.023613194999999976,0.13787264,-0.018957935000000037,0.17527667999999996,0.006707364999999965,0.2727993799999999,-0.022053335000000007,0.31603797999999994,0.009665949999999979,0.09010141999999999,0.04755574000000001,0.023675859999999993,0.006032939999999987,0.12656242,0.08246855000000003,0.0057289299999999654,0.009969110000000003,0.14325756,-0.01690583000000001,0.13492673999999993,-0.005313850000000009,0.16989176000000006,-0.0030953999999999704,0.14076129999999998,-0.03597599000000001,0.005289460000000024,-0.02728817,0.01076983999999992,0.13071861894294332,0.13231281229141076
0.061357190000000006,-0.24664185,0.061383489999999985,-0.25137351,0.06262536000000002,-0.26142377,0.03810863000000003,-0.26418073000000003,0.03715367000000003,-0.28498608000000003,0.01687839000000002,-0.23705659,-0.01942330999999997,-0.23188678000000001,0.026415630000000023,-0.14812665000000003,-0.012248170000000003,-0.10586185000000004,0.07333711999999998,-0.12490645,0.07115583000000003,-0.09914478999999998,0.013864890000000019,-0.005248650000000077,-0.013864890000000019,0.005248649999999966,0.022313040000000006,0.14033231000000002,-0.020123210000000002,0.17639974999999997,0.00635939000000002,0.27457875,-0.023106830000000023,0.31556525,0.009537240000000002,0.08892993999999999,0.046921489999999955,0.023220200000000024,0.007175139999999969,0.12602492999999998,0.08340400000000003,0.006717060000000052,0.008448149999999988,0.1455809600000001,-0.015953649999999986,0.13424643999999997,-0.006258319999999984,0.1711511,-0.00298362000000002,0.13916550000000005,-0.03630169999999999,0.005169809999999997,-0.027729780000000037,0.010497300000000043,0.13362236056144525,0.13463473973812257
0.06094521000000003,-0.24816500500000005,0.06120207999999999,-0.2528829450000001,0.06221003000000003,-0.26291884500000007,0.03841555000000002,-0.26610660500000005,0.03685501000000002,-0.28691704500000004,0.017377909999999996,-0.23933864500000007,-0.01984933,-0.23394799500000008,0.027532429999999997,-0.15290884500000002,-0.013364549999999975,-0.1097797450000001,0.07362290999999999,-0.1293450450000001,0.07035488000000001,-0.10150947500000007,0.014101089999999983,-0.005342095000000047,-0.014101089999999983,0.005342094999999936,0.021333250000000026,0.13861275499999992,-0.02097846999999997,0.1758101849999999,0.005541589999999985,0.2713860549999999,-0.023503149999999973,0.31359151499999993,0.01015452,0.08642980000000006,0.04609047999999999,0.023563799999999913,0.006484780000000023,0.12416824999999998,0.08371942999999998,0.008270270000000024,0.007232160000000043,0.14395484999999997,-0.01579166000000004,0.13277329999999998,-0.0068773799999999885,0.17046808999999996,-0.0025246800000000014,0.13778133000000004,-0.037227239999999995,0.005390649999999997,-0.028202179999999966,0.010684189999999982,0.1375484593327563,0.13619863758535106
0.061847914999999976,-0.24818762000000005,0.061823834999999994,-0.25299413000000004,0.062916315,-0.26304495000000006,0.03847454499999997,-0.26540197000000004,0.037188995,-0.28594987000000005,0.017012815000000014,-0.23738067000000002,-0.018727765000000007,-0.23183928000000004,0.026313415000000007,-0.15032085000000006,-0.011854754999999995,-0.10728775000000002,0.07400361500000002,-0.1259461500000001,0.07127703499999999,-0.10166797999999999,0.013628434999999994,-0.005231050000000015,-0.013628434999999994,0.005231050000000015,0.02107669499999998,0.14169935,-0.02034593499999998,0.17710755,0.005412984999999981,0.27559325,-0.02384228500000002,0.31797475,0.009300599999999992,0.08705981999999995,0.047690200000000016,0.02437469999999997,0.006873010000000013,0.12455153000000002,0.08313178999999998,0.005619770000000024,0.007448259999999984,0.14693040000000002,-0.015663709999999997,0.1338939,-0.006717499999999987,0.1718765,-0.003496350000000037,0.14086719999999997,-0.03574058000000002,0.005541389999999979,-0.02725686999999999,0.01046210000000003,0.1349714700521648,0.13651498617683627
0.062391450000000015,-0.24740767000000002,0.06306808000000003,-0.25231177000000005,0.06330015000000005,-0.26258877,0.041106330000000024,-0.26498831,0.03809767000000003,-0.28642309000000005,0.01916172000000005,-0.23591039000000003,-0.01759181999999998,-0.23418947,0.026688210000000046,-0.14476291000000008,-0.012450649999999952,-0.11140713000000002,0.07496115000000003,-0.12307874000000008,0.07193305000000005,-0.10407387000000001,0.013950750000000012,-0.004603770000000007,-0.013950749999999956,0.004603770000000007,0.020594950000000056,0.14288732999999998,-0.020276619999999967,0.17814239999999992,0.00489538000000006,0.27560282999999997,-0.02423984999999995,0.31828627,0.007526489999999997,0.09114747999999995,0.048272939999999986,0.021684170000000003,0.005141170000000028,0.12278233999999999,0.0843837,0.007333260000000008,0.0066442000000000445,0.14749109999999999,-0.015699569999999996,0.1327155,-0.006325870000000011,0.17353862999999992,-0.003963229999999984,0.14014387000000006,-0.03675354000000003,0.0017209200000000147,-0.027901499999999968,0.009207540000000014,0.13326135007818626,0.13851662910426896
0.06213765500000007,-0.24610883,0.06278284500000003,-0.25100681999999996,0.06305932500000005,-0.26126615,0.041030075000000055,-0.26411482999999997,0.03821786500000002,-0.28555843999999997,0.018411865000000027,-0.23452717,-0.016657304999999956,-0.23443172,0.02492844500000002,-0.14163784000000001,-0.013043574999999974,-0.11298343999999994,0.07459386500000004,-0.12073215999999998,0.07098212500000006,-0.10589729999999997,0.013395825000000028,-0.004234900000000041,-0.013395824999999972,0.004234900000000041,0.021185865000000026,0.1434044,-0.019559954999999962,0.17671789999999998,0.005449495000000026,0.2769112,-0.02492145499999998,0.31790609999999997,0.006516579999999994,0.09288932999999999,0.049665420000000016,0.020905680000000038,0.0036137299999999817,0.12144828000000008,0.08402570000000004,0.007086139999999963,0.007790039999999998,0.14763930000000003,-0.01573637,0.13350680000000004,-0.00616412999999999,0.17248299999999994,-0.005361500000000019,0.14118819999999999,-0.03506916999999998,9.544999999999693e-05,-0.02679165,0.008469800000000083,0.13159335730708138,0.13873982817865427
0.06524296000000002,-0.24223820500000004,0.06584223,-0.24727646500000006,0.06579883999999997,-0.25733400500000003,0.04412075999999998,-0.259880535,0.04043202000000001,-0.28067432500000006,0.021854759999999973,-0.23007999500000004,-0.014015480000000025,-0.22974787500000005,0.030330529999999967,-0.13669727500000006,-0.009340059999999983,-0.10790123500000004,0.07819566,-0.11618558500000009,0.07271746000000001,-0.10060886499999999,0.013673590000000013,-0.004128534999999989,-0.013673590000000013,0.004128534999999989,0.022215680000000015,0.14346923499999997,-0.017417410000000022,0.17669006499999995,0.006563759999999974,0.27897931499999995,-0.02452080000000001,0.31966783499999996,0.008475769999999994,0.09338271999999997,0.047865130000000033,0.02051168999999997,0.004675420000000041,0.12184664,0.08205752,0.007292370000000048,0.008542090000000002,0.14759776999999996,-0.01565192000000004,0.13551007999999998,-0.003743820000000009,0.17256152999999996,-0.007103389999999987,0.14297777,-0.03587024,0.0003321199999999913,-0.027347180000000026,0.008257069999999977,0.12930537487586286,0.1357694239468611
0.06441707000000002,-0.24304963000000002,0.06540508,-0.24841965,0.06465533000000001,-0.25833112,0.04474020000000001,-0.26089377,0.03971148000000002,-0.28152338,0.023216130000000057,-0.22927795,-0.013870029999999978,-0.23069495,0.03109470000000003,-0.13346281999999998,-0.009280109999999953,-0.10990944999999996,0.07916379000000001,-0.11571085000000003,0.07262733000000005,-0.10263584999999997,0.014053730000000042,-0.003801750000000048,-0.014053729999999987,0.003801750000000048,0.021591370000000054,0.14403160999999998,-0.018483769999999955,0.17730155000000003,0.005543330000000013,0.27854544999999997,-0.024765639999999978,0.31998125,0.007878569999999974,0.09581513000000003,0.04806908999999998,0.01775196999999995,0.004589920000000025,0.12078550000000005,0.08190744,0.007273599999999991,0.007537640000000012,0.14783336000000002,-0.01604804000000004,0.13451384,-0.0044300399999999684,0.17349979999999998,-0.006281870000000023,0.14267969999999996,-0.037086160000000035,-0.0014170000000000016,-0.02810746000000003,0.007603500000000096,0.12947187561788695,0.1372682368812378
0.06503435500000004,-0.24148311,0.06584139500000002,-0.24648564,0.065595925,-0.2566009,0.04448291500000001,-0.25838794000000004,0.04082095500000005,-0.27931683,0.02272456500000003,-0.22827111,-0.01327437499999995,-0.22829367,0.03086906500000003,-0.13781247000000008,-0.008275604999999964,-0.10868783000000004,0.07706537500000005,-0.11758060999999997,0.07293975500000005,-0.10028567,0.01367652500000005,-0.0038291700000000484,-0.013676524999999995,0.0038291699999999373,0.020760895,0.14558068999999996,-0.017801734999999985,0.17708382999999994,0.00510877500000001,0.2807624799999999,-0.02467465499999999,0.32101022999999995,0.008144499999999999,0.09045863999999992,0.04619631000000002,0.0202318600000001,0.004998769999999986,0.11960583999999996,0.08121536000000001,0.008402160000000047,0.007084369999999951,0.14940986,-0.01565211999999999,0.13518178999999997,-0.00412520999999999,0.17325466,-0.006872920000000005,0.1439264,-0.03599893999999998,-2.25600000000048e-05,-0.027353050000000045,0.007658339999999986,0.13022110584078175,0.13543367332116482
0.06475729000000002,-0.24607119500000008,0.06553228999999999,-0.25128019500000004,0.06490650999999997,-0.26120914500000003,0.04442271999999997,-0.263015635,0.03963822,-0.28348496500000003,0.02288076,-0.23065848500000002,-0.013507490000000011,-0.23258758500000004,0.03086692000000002,-0.1384115050000001,-0.00921681000000002,-0.11531876500000005,0.07769631999999999,-0.12219331500000008,0.07195966999999998,-0.10663042500000008,0.01380294999999998,-0.003526135000000097,-0.01380294999999998,0.003526134999999986,0.019423689999999993,0.14416738499999993,-0.018245730000000016,0.17547096499999992,0.004737669999999972,0.2777889349999999,-0.02514424999999998,0.317721265,0.00798616000000002,0.09224697999999992,0.046829399999999965,0.01621819000000002,0.004290679999999991,0.11726882,0.08117648,0.008688339999999961,0.005620740000000013,0.14769352000000002,-0.014686020000000022,0.13362154999999998,-0.004442780000000035,0.17194482999999994,-0.006898519999999964,0.14225030000000005,-0.03638825000000001,-0.001929100000000017,-0.02760589999999996,0.007052270000000083,0.13477485796360275,0.13960549666935756
0.06458392500000004,-0.24593547499999996,0.06518310500000002,-0.251166075,0.06471156500000003,-0.26132527499999997,0.04398098500000003,-0.26233553499999995,0.03984064500000006,-0.28333902499999997,0.023639465000000026,-0.22817483499999996,-0.013467574999999954,-0.233461975,0.031940135000000036,-0.13094201500000002,-0.010169654999999944,-0.116487275,0.07768050500000007,-0.115716775,0.07166642500000003,-0.10570757499999994,0.013990315000000031,-0.0028255249999999954,-0.013990314999999975,0.0028255249999999954,0.01851329500000004,0.14570018500000004,-0.01808883499999997,0.175120265,0.0039325050000000306,0.2798216250000001,-0.025668264999999968,0.31913039500000007,0.00830067000000001,0.09723281999999994,0.04574037000000003,0.015225240000000029,0.0032979200000000097,0.11697469999999999,0.08183607999999998,0.010779700000000059,0.00452298000000001,0.14852571000000003,-0.01458079000000001,0.13412144000000004,-0.004098519999999994,0.17229474,-0.007579429999999998,0.14401013000000007,-0.03710703999999998,-0.0052871400000000235,-0.027980630000000006,0.005651049999999991,0.12961818787808524,0.13826247105790346
0.06463121,-0.24622721000000003,0.06511044999999999,-0.25137487000000003,0.06463855000000002,-0.26163051000000004,0.043821889999999974,-0.26221591000000005,0.03909889999999999,-0.28348288000000005,0.023329480000000014,-0.22683409000000004,-0.01432834999999999,-0.23396507000000005,0.031634549999999984,-0.13049736,-0.012522849999999974,-0.12027781000000004,0.07724619999999999,-0.11444471,0.06932418000000001,-0.10603246,0.013975069999999978,-0.0025026500000000507,-0.013975069999999978,0.0025026499999999396,0.01746494999999998,0.14498195000000003,-0.01740383000000001,0.17309958999999997,0.003195300000000012,0.28012958999999993,-0.02476113000000002,0.31870919,0.00830506999999997,0.09633673000000004,0.045611650000000004,0.01605265,0.0018055000000000154,0.11368726000000001,0.08184702999999999,0.014245350000000045,0.0034898800000000008,0.14748460000000008,-0.014269649999999967,0.1351476399999999,-0.0034287600000000307,0.17059694000000003,-0.007357300000000011,0.1456096,-0.03765783,-0.007130980000000009,-0.027950139999999957,0.00500529999999999,0.12858561618050632,0.13681606321362483
0.06481467000000002,-0.24565633999999997,0.06555855,-0.25098501999999995,0.0644788,-0.26096701999999994,0.044768169999999996,-0.26197812,0.03852064999999999,-0.28246727999999993,0.02428929000000002,-0.22716795999999995,-0.014760149999999972,-0.23200481999999994,0.031223849999999997,-0.1335990199999999,-0.013534449999999976,-0.11758281999999998,0.07656725000000003,-0.11659861999999999,0.06761558000000001,-0.10448765999999998,0.014448149999999993,-0.0028830199999999584,-0.014448149999999993,0.0028830200000000694,0.01768248,0.1443769800000001,-0.018148620000000004,0.17288528000000003,0.0022443699999999955,0.27992108000000004,-0.025161749999999983,0.31871888000000004,0.0069345599999999785,0.09356894000000004,0.045343400000000034,0.017000399999999916,0.0012256999999999962,0.11442199999999997,0.08115002999999998,0.013095159999999995,0.0032343300000000075,0.14726000000000006,-0.015438110000000005,0.13554409999999995,-0.0037004700000000113,0.17000225999999996,-0.0070131299999999785,0.1458336,-0.03904943999999999,-0.004836859999999998,-0.028896299999999986,0.005766040000000028,0.1295763105979253,0.13514036667545087
0.06459374000000001,-0.24236610499999994,0.06556714000000002,-0.24749252499999996,0.06437441000000005,-0.257800465,0.045173110000000016,-0.25917162499999996,0.03858093000000001,-0.280457125,0.024938680000000046,-0.22617692499999997,-0.01509260999999995,-0.23132056499999998,0.03276867,-0.133003325,-0.01223363999999999,-0.11787222499999994,0.07817385000000004,-0.11489188499999992,0.06875915000000005,-0.105483475,0.014861970000000002,-0.003008074999999999,-0.014861970000000002,0.003008074999999999,0.01893503000000002,0.1443698750000001,-0.018978389999999956,0.17531263500000005,0.002131110000000047,0.27921694500000005,-0.025718949999999963,0.32186737500000007,0.007829989999999953,0.09317359999999997,0.045405180000000045,0.01811144000000009,0.0028589699999999607,0.11344834000000004,0.08099279000000004,0.012388749999999948,0.004073060000000017,0.1473779500000001,-0.016803919999999972,0.13484706999999996,-0.004116419999999954,0.17230456000000005,-0.0067405600000000065,0.14655474000000002,-0.04003129,-0.005143640000000005,-0.029723940000000004,0.006016149999999998,0.12855497302419105,0.1369777650987813
0.06536586999999999,-0.24105617500000004,0.06627033999999998,-0.24616274500000002,0.06508194,-0.256685535,0.04595170999999998,-0.257560765,0.03933637000000001,-0.279445595,0.02612396,-0.22340311500000004,-0.014920250000000024,-0.23208241500000004,0.03355596999999999,-0.12722991500000003,-0.01328157000000002,-0.11998871499999997,0.07970381999999998,-0.11196731500000001,0.07065965000000002,-0.10409251500000005,0.015155240000000014,-0.002445884999999981,-0.015155240000000014,0.002445884999999981,0.019780030000000004,0.144685485,-0.017320879999999983,0.17446208499999993,0.0028219399999999673,0.279867285,-0.024786840000000032,0.322592385,0.007432009999999989,0.09617320000000001,0.04614784999999999,0.015262600000000015,0.0016386800000000035,0.11209370000000007,0.08394122000000004,0.015896199999999916,0.00462478999999999,0.14713136999999998,-0.016958090000000037,0.13518180000000002,-0.0021656399999999687,0.17201619999999995,-0.007465960000000049,0.14813030000000005,-0.041044210000000025,-0.008679300000000001,-0.03031048000000003,0.004891769999999962,0.1271277420914149,0.13680141088553185
0.06611430000000001,-0.2397349499999999,0.06678028000000003,-0.24494075999999987,0.06581124999999999,-0.2553087499999999,0.04608397000000003,-0.2564935399999999,0.04028300000000001,-0.2778577799999999,0.026862200000000003,-0.2227720099999999,-0.013948000000000016,-0.2312988099999999,0.03456589999999998,-0.12580950999999985,-0.01264280000000001,-0.11910780999999993,0.08026993999999998,-0.11132195999999994,0.07134388000000003,-0.10411276999999985,0.015010100000000026,-0.0024253399999999425,-0.01501009999999997,0.0024253400000000536,0.019029030000000002,0.14596066000000008,-0.016414280000000003,0.17552665000000012,0.0031828700000000043,0.28055355000000015,-0.022936630000000013,0.3244380900000001,0.00770369999999998,0.09696250000000006,0.04570404,0.014487549999999905,0.0013052000000000064,0.11219099999999999,0.08398668000000004,0.01499504000000007,0.004018929999999976,0.14838600000000002,-0.015846159999999998,0.13459289000000008,-0.0014041800000000326,0.17310131000000006,-0.00652235000000001,0.14891144,-0.04081020000000002,-0.008526800000000001,-0.030020199999999997,0.004850679999999996,0.12695400964227163,0.1371399968798763
0.06766146499999998,-0.238419455,0.068225435,-0.243365265,0.06731780500000001,-0.253992955,0.04726646499999998,-0.254928055,0.041237814999999955,-0.276774835,0.028037325000000002,-0.222143415,-0.013048755000000023,-0.23108727499999998,0.03821776499999996,-0.127081915,-0.011041954999999992,-0.11997324499999995,0.08342464499999996,-0.11111671499999998,0.07186283499999996,-0.10590861500000004,0.015010734999999997,-0.0021169850000000157,-0.015010734999999997,0.0021169850000000157,0.01815422499999997,0.14836692500000004,-0.014779735000000016,0.175413425,0.0040464849999999886,0.282732835,-0.02175643500000002,0.324814685,0.010180439999999957,0.09506150000000002,0.045206880000000005,0.015965200000000013,0.0020068000000000308,0.11111403000000003,0.08290478999999995,0.014064629999999911,0.003143489999999971,0.15048391000000005,-0.01410773999999998,0.13436590999999998,0.00023099999999998122,0.17329644,-0.006976700000000002,0.14940125999999998,-0.041086080000000025,-0.00894385999999997,-0.030021469999999995,0.004233970000000031,0.12869111943549558,0.13862376210413893
0.06737118000000003,-0.23788694000000005,0.06825491,-0.24295355000000007,0.06672685,-0.25355700000000003,0.04789077000000003,-0.25448484000000005,0.04036920999999999,-0.2762479300000001,0.02866485000000002,-0.22179363000000007,-0.01391108999999996,-0.23055287000000008,0.037634659999999986,-0.12773157000000002,-0.013042730000000002,-0.1201553700000001,0.08069764000000001,-0.11070527000000008,0.07007204,-0.10505781000000003,0.01542019,-0.0022021300000000243,-0.01542019,0.0022021299999999133,0.017796860000000025,0.1473680999999999,-0.01409912999999996,0.17491336999999996,0.003319940000000021,0.2820895299999999,-0.02092531999999997,0.32509712999999996,0.008969809999999967,0.09406206000000006,0.04306298000000003,0.01702629999999994,0.0008683599999999569,0.11039749999999998,0.08311477,0.015097560000000065,0.002376670000000025,0.14957022999999992,-0.014476920000000004,0.13472143000000003,0.0013210600000000405,0.17271124000000004,-0.00682619000000001,0.15018376,-0.04257593999999998,-0.008759240000000001,-0.03084038,0.004404259999999938,0.12662573541094288,0.13716273589855404
0.06819640500000002,-0.23569145000000008,0.06934591499999998,-0.24037255000000007,0.06804274500000002,-0.2515021500000001,0.04911268499999999,-0.25251128000000006,0.04222868499999999,-0.27571042000000007,0.028043415000000016,-0.22042992000000006,-0.012046015000000021,-0.2306732700000001,0.037765314999999966,-0.12453725000000004,-0.010051495000000021,-0.11834361000000004,0.08282824499999997,-0.1092576500000001,0.07345380499999998,-0.10392495000000013,0.014541615000000008,-0.0018009500000000234,-0.014541615000000008,0.0018009499999999123,0.018556884999999967,0.1480851499999999,-0.011972165000000035,0.17323584999999997,0.004073284999999982,0.2824995899999999,-0.01900286499999998,0.32187858999999996,0.00972189999999995,0.09589267000000001,0.04506293,0.015279599999999949,0.0019945199999999996,0.11232966000000005,0.0835053,0.014418659999999917,0.00401526999999996,0.1498860999999999,-0.014483599999999985,0.13441444000000002,0.002569449999999973,0.17143490000000006,-0.007030699999999945,0.14864274,-0.04008943000000004,-0.01024335000000004,-0.029083230000000015,0.0036018999999999357,0.12731852265733729,0.13755420703048818
0.06910184000000003,-0.23455898000000003,0.07013520000000001,-0.23933422,0.06888699000000004,-0.25020848,0.04969112000000003,-0.25154772000000003,0.04304117000000002,-0.27410226,0.02836772000000004,-0.21996134,-0.010984899999999964,-0.22960848,0.03830912000000003,-0.12505168,-0.009414829999999985,-0.11889068000000003,0.08280015000000002,-0.10830388000000002,0.07350030000000002,-0.10427898000000002,0.014241220000000054,-0.001931420000000017,-0.014241219999999999,0.001931420000000017,0.018612020000000007,0.14914835000000004,-0.009877979999999953,0.17470646999999995,0.0052541700000000024,0.28287655999999994,-0.017011979999999982,0.32228261999999996,0.00994139999999999,0.09490966,0.04449102999999999,0.01674779999999998,0.001570069999999979,0.11071779999999998,0.08291513,0.014611700000000005,0.0043707999999999525,0.15107977000000006,-0.013357850000000004,0.1337282099999999,0.004363240000000046,0.17277504999999993,-0.007134000000000029,0.14757615000000002,-0.039352620000000005,-0.009647139999999998,-0.028482440000000053,0.003862840000000034,0.12655207279691824,0.137765102257685
0.06794909999999998,-0.23376486000000002,0.06875700999999995,-0.23853934,0.06766138,-0.24935654000000002,0.04800577,-0.25064063000000003,0.041528889999999985,-0.273027,0.02700069999999999,-0.21896708000000004,-0.012404670000000007,-0.22871762,0.03755795000000001,-0.12377150000000003,-0.011397450000000031,-0.11802544999999998,0.08095822999999996,-0.10780599999999996,0.07128408999999997,-0.10286899999999999,0.014176250000000001,-0.0019329000000000152,-0.014176250000000001,0.0019329000000000152,0.018154899999999974,0.15076265,-0.008827410000000036,0.17603864999999996,0.0051102999999999565,0.28522990000000004,-0.016398720000000033,0.32293483999999995,0.010557250000000018,0.09519558,0.04340027999999996,0.015965500000000077,0.0010072199999999754,0.11069217000000003,0.08268154,0.015156449999999988,0.0039786499999999725,0.15269555,-0.013044600000000017,0.13446725000000004,0.005348839999999966,0.17410574999999995,-0.007571309999999998,0.14689618999999998,-0.039405369999999995,-0.009750539999999974,-0.028352500000000003,0.0038658000000000303,0.12517566119789575,0.13522909434188188
0.06861435999999999,-0.23354819999999987,0.06968235,-0.2382450499999999,0.06820212000000003,-0.2491897099999999,0.04930392,-0.2504901999999999,0.04187742,-0.2732588999999999,0.026661060000000014,-0.2188175699999999,-0.011087179999999974,-0.22965744999999987,0.03750002000000002,-0.12433401999999993,-0.009699579999999985,-0.12076266999999985,0.08133670000000004,-0.10615250999999992,0.07323562,-0.10438326999999992,0.013599780000000006,-0.001539969999999946,-0.013599780000000006,0.0015399700000000571,0.01762330000000001,0.15267143000000016,-0.006308319999999978,0.17483533000000007,0.00639265,0.2860608900000001,-0.015035519999999969,0.3190227900000001,0.010838960000000009,0.09448354999999997,0.04383668000000002,0.018181510000000012,0.0013875999999999888,0.10889478000000002,0.08293519999999999,0.016379399999999933,0.004023520000000003,0.1542114000000001,-0.011230650000000009,0.13338945999999996,0.007291460000000027,0.17329536,-0.00872719999999999,0.14418746000000005,-0.03774823999999999,-0.010839879999999968,-0.02719956000000001,0.0030799400000000032,0.12462774111865303,0.1369675854545797
0.06727579,-0.23245175,0.06857739000000002,-0.23702578000000002,0.06688106999999999,-0.24802785,0.048580540000000005,-0.24916175000000002,0.04060866000000002,-0.27221895,0.02636649000000002,-0.21791641,-0.012784650000000009,-0.22842965000000004,0.03722798999999999,-0.12491055000000006,-0.010946650000000002,-0.11982145,0.08049372999999999,-0.10620715000000003,0.07178258999999998,-0.10479775000000002,0.013912839999999982,-0.0015655500000000266,-0.013912839999999982,0.0015655500000000266,0.01726439000000002,0.15239115000000003,-0.006166559999999988,0.1739615,0.004678139999999997,0.28755465,-0.013234960000000018,0.31965129000000003,0.010861499999999968,0.09300585999999994,0.04326574,0.018703400000000037,0.0018380000000000063,0.10860820000000004,0.08272923999999998,0.015023699999999973,0.0033515500000000364,0.15395670000000006,-0.012586250000000021,0.1351635,0.007746279999999994,0.17239594999999996,-0.00706840000000003,0.14568979000000004,-0.03915114000000003,-0.010513240000000035,-0.027825679999999964,0.0031311000000000533,0.12402773626794976,0.13659011058555778
0.06857441999999997,-0.23413797499999994,0.07065119999999997,-0.23956575499999994,0.06801555999999997,-0.25005722499999994,0.05184395999999997,-0.25089312499999994,0.041985919999999954,-0.27369069499999993,0.027105659999999976,-0.21764590499999997,-0.00760911000000003,-0.22906544499999992,0.04114235999999999,-0.12494652499999992,-0.006660470000000029,-0.12128966499999994,0.08228723999999998,-0.10644772499999999,0.07478689,-0.10222492499999991,0.011945239999999968,-0.0013257749999999735,-0.011945240000000024,0.0013257750000000845,0.01751435999999995,0.1519660450000001,-0.004520960000000018,0.172698075,0.0068919299999999906,0.28839657500000004,-0.00734294000000002,0.31704077500000005,0.014036700000000013,0.09269938000000005,0.041144879999999995,0.018498799999999926,0.0009486400000000006,0.10777577999999999,0.08144736000000002,0.019064740000000024,0.005569119999999983,0.15329182000000008,-0.01062242999999996,0.13643052999999994,0.007424280000000005,0.17137229999999992,-0.0028219800000000017,0.14434270000000005,-0.034714770000000006,-0.01141953999999995,-0.02389047999999999,0.002651550000000058,0.12648565664059505,0.1350748305378426
0.06811400000000001,-0.23112899999999997,0.07000504000000002,-0.23580706999999995,0.06790219000000003,-0.24707211999999995,0.05072699000000003,-0.24776315999999998,0.04242984999999999,-0.27187011999999994,0.02800250999999998,-0.21541921999999997,-0.010938479999999973,-0.22857037999999996,0.04054232000000002,-0.12013945999999998,-0.006995689999999999,-0.12026411999999997,0.08366737000000002,-0.10613666,0.07709074999999999,-0.10578801999999998,0.013513490000000017,-0.0009144199999999714,-0.013513490000000017,0.0009144200000000824,0.016369709999999982,0.15471798000000003,-0.0022970299999999777,0.17381091999999998,0.005080470000000004,0.28896198000000006,-0.005409259999999971,0.31702048000000005,0.01253981000000004,0.09527975999999999,0.04312505,0.014002799999999982,0.003942789999999974,0.10830625999999999,0.08408643999999998,0.014476099999999992,0.002856219999999965,0.1556324,-0.011289239999999978,0.13424400000000003,0.01121646000000004,0.1728964999999999,-0.0031122299999999936,0.14320956000000007,-0.03894098999999995,-0.013151159999999995,-0.027026980000000034,0.0018288400000000538,0.12646456685440394,0.13998049509817864
0.07085407000000005,-0.23362053,0.07247386000000006,-0.23909453000000003,0.07057390000000002,-0.24962343000000004,0.052586540000000015,-0.24981346,0.04521999000000004,-0.27266466,0.028393690000000027,-0.21580507,-0.00536837999999995,-0.22927833000000003,0.04219979000000007,-0.12245023,-0.003972109999999973,-0.12391892999999998,0.08427394000000005,-0.10643380000000002,0.07849139000000005,-0.10487669,0.011476460000000022,-0.0008115699999999837,-0.011476459999999966,0.0008115699999999837,0.017062540000000015,0.15528116999999997,-0.0016416299999999495,0.17287671999999998,0.008727610000000052,0.29174177,0.00028780000000006023,0.31865997,0.013806100000000043,0.09335484,0.04207414999999998,0.01601642999999997,0.0013962699999999773,0.10535940000000005,0.08246350000000002,0.019042239999999988,0.005586079999999993,0.15609273999999995,-0.008334929999999963,0.13646060000000004,0.009834830000000017,0.17206515,0.0019294300000000097,0.14578325000000003,-0.03376206999999998,-0.013473260000000042,-0.022952919999999988,0.0016231399999999674,0.12827910416168065,0.13879561353101222
0.06943926,-0.23108714500000005,0.07062196999999998,-0.23589315500000008,0.06932654999999999,-0.2469900750000001,0.049857859999999976,-0.24763073500000005,0.043862579999999984,-0.27104281500000005,0.02795186999999999,-0.21544944500000007,-0.010715890000000006,-0.22832899500000003,0.038445390000000024,-0.12080831500000011,-0.008548170000000022,-0.12189661500000004,0.08299756000000003,-0.10438301500000002,0.07539771,-0.10668697500000002,0.01331948999999999,-0.0010370850000001042,-0.01331948999999999,0.0010370849999999932,0.01671752999999998,0.156217485,-0.001254529999999976,0.17507988499999994,0.006356689999999998,0.29115781499999993,-0.0008079899999999807,0.3217616849999999,0.010493520000000034,0.09464112999999996,0.04455217,0.016425300000000087,0.002167719999999984,0.10643238,0.08394588000000003,0.015209640000000024,0.003398039999999991,0.1572545700000001,-0.010360839999999982,0.13494032999999994,0.012064960000000013,0.17404279999999994,0.0004465399999999953,0.14668179999999997,-0.038667759999999995,-0.012879549999999962,-0.02663897999999998,0.0020741700000000973,0.1246411436343946,0.139553626533758
0.0702873,-0.22999033999999996,0.07153823000000004,-0.23501111999999996,0.07018057,-0.24587875999999997,0.05074947000000002,-0.24729001999999994,0.04497503000000003,-0.27014219999999994,0.02876131000000004,-0.21594961999999995,-0.009565279999999954,-0.22793516999999996,0.03950817000000001,-0.12057741999999994,-0.006275580000000003,-0.12104441999999993,0.08339803000000001,-0.10443756999999998,0.07861670000000004,-0.1062197199999999,0.013228310000000021,-0.0011908800000000053,-0.013228309999999965,0.0011908800000000053,0.01684907000000002,0.1559787800000001,-0.0007833699999999499,0.1754864100000001,0.00801541,0.29275388,0.002054670000000036,0.32262203,0.01074685999999997,0.09537220000000002,0.04388986,0.016139849999999956,0.003289699999999951,0.10689075000000003,0.08489228000000004,0.014824700000000024,0.0036207600000000006,0.1571696600000001,-0.008833660000000021,0.13677509999999993,0.012444940000000015,0.1742955300000001,0.002838039999999986,0.1471356199999999,-0.038326589999999994,-0.011985550000000011,-0.026456619999999986,0.0023817600000000105,0.12483456492828617,0.14132424722693585
0.07188687500000002,-0.22797698500000002,0.07309634500000001,-0.23307705500000003,0.07165212500000001,-0.24392813500000005,0.05221573500000004,-0.24531445500000004,0.046158275000000026,-0.268025455,0.029961595000000008,-0.214369325,-0.008175025000000002,-0.22629598500000003,0.041851055000000026,-0.11925122500000007,-0.004728324999999978,-0.119240185,0.08495003500000003,-0.10203128500000003,0.079683375,-0.10329638500000005,0.013204775000000002,-0.0010773849999999863,-0.013204775000000002,0.0010773849999999863,0.017323955000000002,0.157896315,7.764500000001506e-05,0.17635381500000002,0.01106993500000003,0.29658016499999995,0.002800114999999992,0.32539181500000003,0.011889460000000018,0.09511809999999993,0.04309898000000001,0.017219940000000045,0.0034467000000000247,0.10705580000000003,0.08441169999999998,0.015943799999999952,0.00411918,0.1589737,-0.006254019999999971,0.13868384999999994,0.013282420000000017,0.17527643000000004,0.002722469999999977,0.149038,-0.03813662000000001,-0.011926660000000033,-0.026409550000000004,0.0021547699999999725,0.12385100830303164,0.13972148107730395
0.07245716000000002,-0.22772839500000003,0.07334942,-0.23295125500000002,0.07224902,-0.24339714500000004,0.05197321999999999,-0.24566325500000002,0.046695600000000004,-0.267313335,0.02928093000000004,-0.215634055,-0.006894799999999979,-0.22555133500000002,0.04366907000000003,-0.12215185500000003,-0.004021439999999987,-0.11832851499999997,0.08662030000000004,-0.10240411500000002,0.08033916000000002,-0.10206361500000005,0.012471320000000008,-0.0013317449999999953,-0.012471320000000008,0.0013317449999999953,0.01618573000000001,0.15727058500000002,0.0016290200000000365,0.17543288499999998,0.012338280000000035,0.29775464500000004,0.002647820000000023,0.323860485,0.014388139999999994,0.09348219999999996,0.04295123000000001,0.019747740000000014,0.0028733599999999915,0.10722282000000005,0.08436060000000001,0.016264899999999916,0.0037144100000000013,0.15860233,-0.0038474499999999745,0.14048406000000002,0.014100340000000045,0.17410114,0.0010187999999999864,0.1484276,-0.03617573000000002,-0.009917280000000028,-0.024942640000000016,0.0026634899999999906,0.12535427879596814,0.13894022336011994
0.07318282499999995,-0.22734762999999997,0.07440048499999996,-0.23242197999999997,0.07301625499999997,-0.24323867,0.05358452499999994,-0.24481343,0.047400854999999964,-0.26762400999999997,0.02960492499999995,-0.21365396999999997,-0.006220875000000015,-0.22666634999999996,0.04254132499999996,-0.11752511999999993,-0.0048547150000000094,-0.12004227999999995,0.08663415499999999,-0.09891041,0.07915010499999997,-0.10264494999999996,0.012467204999999981,-0.0007041500000000145,-0.012467205000000037,0.0007041500000000145,0.01732304499999998,0.15810929000000007,0.00168019499999994,0.17376641999999998,0.014661304999999958,0.30067485000000005,0.001137904999999939,0.32418915000000004,0.012936400000000015,0.09612885000000004,0.04409283000000003,0.018614709999999923,0.0013661600000000051,0.10662407000000002,0.08400481999999998,0.01739732999999999,0.00485584,0.15881344000000008,-0.0026617400000000235,0.14256555999999998,0.014147399999999977,0.17306226999999996,-0.0005422900000000008,0.15042273000000006,-0.03582579999999996,-0.01301237999999999,-0.024934410000000018,0.001408300000000029,0.12306586031670237,0.13811143313442986
0.07269621999999998,-0.22765888999999995,0.07392134,-0.23273514999999995,0.07248176,-0.24360041999999998,0.05304922000000001,-0.24497072999999997,0.04676092999999998,-0.26780932999999996,0.02951843999999998,-0.21413089999999996,-0.006957040000000025,-0.22629829999999995,0.04261694999999999,-0.11871208999999994,-0.004773320000000025,-0.11916274999999998,0.08543040000000002,-0.09975429999999996,0.07835965,-0.10377854999999991,0.012697479999999983,-0.0008640500000000051,-0.012697479999999983,0.0008640500000000051,0.01741904999999999,0.15774700000000008,0.0012469399999999742,0.17401222000000005,0.014382679999999981,0.30170365,0.0013359800000000144,0.3266371800000001,0.013098510000000008,0.09541881000000002,0.04281345000000003,0.018957789999999974,0.00218372,0.10713554999999997,0.08313297000000003,0.01538420000000007,0.004721570000000008,0.1586110500000001,-0.0030363700000000104,0.1439566499999999,0.013944419999999957,0.17314817000000005,8.90400000000402e-05,0.15262496000000003,-0.036475480000000005,-0.012167399999999995,-0.025394959999999966,0.0017281000000000102,0.12275731830236801,0.13871364265492014
0.07256757000000003,-0.22808675,0.07386926999999999,-0.23336415,0.07208753000000001,-0.24402196999999998,0.05303812000000002,-0.24550157,0.045808020000000005,-0.26785612999999997,0.029689100000000024,-0.21438287,-0.008038250000000025,-0.22546114,0.041799010000000025,-0.11873076999999999,-0.005103409999999975,-0.11745150000000004,0.08402103,-0.10061301,0.07754170999999999,-0.10514866999999994,0.013119099999999995,-0.0010039699999999652,-0.013119099999999995,0.0010039699999999652,0.016800910000000002,0.15794373000000006,0.00012577000000002503,0.17403573000000006,0.012455729999999998,0.30340173000000004,0.0016784400000000033,0.32645393,0.012109910000000002,0.09565210000000002,0.04222201999999997,0.018117759999999983,0.0029348400000000496,0.10800963999999996,0.08264511999999996,0.012302830000000098,0.0036818100000000076,0.15894770000000003,-0.004345180000000004,0.14545799999999998,0.01324487000000002,0.1730317600000001,0.0015526699999999782,0.15241819999999995,-0.03772735000000005,-0.011078270000000001,-0.02623819999999999,0.0020079399999999303,0.12226628532611314,0.13959858684394222
0.07225174000000001,-0.22936059500000006,0.07347545,-0.23471086500000005,0.07165864,-0.24535326500000004,0.05256759999999999,-0.24649424500000006,0.04531227999999998,-0.26882384500000006,0.029525279999999987,-0.21417516500000006,-0.00819956999999999,-0.22646686500000007,0.041516300000000006,-0.11788232500000007,-0.00497997,-0.11987001500000005,0.08382577999999996,-0.1017052650000001,0.07783913999999997,-0.10735751500000001,0.013074399999999986,-0.0007268350000000368,-0.013074399999999986,0.0007268349999999257,0.016008849999999963,0.15860913499999996,0.0002866999999999731,0.173679735,0.011531230000000003,0.30398213499999993,0.0023720799999999986,0.3258685349999999,0.011991020000000019,0.09629283999999999,0.042309479999999955,0.016177059999999965,0.003219599999999989,0.10659685000000002,0.08281910999999997,0.012512500000000037,0.0029344499999999774,0.15933597,-0.00447761999999996,0.14537299999999997,0.013361099999999959,0.17295290000000008,0.0020853800000000255,0.1521887999999999,-0.037724849999999976,-0.012291700000000017,-0.026148799999999972,0.0014536699999999625,0.12329801740972686,0.1412356133213365
0.07258942999999995,-0.229423135,0.07391419999999993,-0.23477998500000002,0.07205849999999997,-0.245462725,0.053076799999999924,-0.246308125,0.045934649999999966,-0.268812685,0.029932799999999926,-0.21376118500000002,-0.007786600000000032,-0.226452885,0.04192953999999993,-0.11707918500000003,-0.004602730000000055,-0.119738385,0.08381417999999996,-0.10088322500000002,0.07850733999999993,-0.10664174500000001,0.01306324999999997,-0.0005911849999999941,-0.013063250000000026,0.0005911849999999941,0.015961229999999937,0.15860681499999996,0.000618129999999939,0.17285381499999997,0.012303399999999964,0.303281515,0.0033164599999999655,0.323722745,0.011996740000000006,0.09668199999999999,0.04188464000000003,0.01619596000000001,0.0031838699999999776,0.10671449999999999,0.08311006999999998,0.013096639999999993,0.0028979799999999667,0.15919799999999995,-0.003657829999999973,0.14467470000000004,0.013681379999999965,0.17226262999999997,0.0026983300000000265,0.15086893,-0.03771939999999996,-0.012691699999999972,-0.026126499999999997,0.0011823699999999882,0.12273625130020267,0.14101090110106024
0.07253631499999996,-0.22822898000000008,0.07379571499999998,-0.23354792000000008,0.07192238499999998,-0.24418338000000006,0.053076564999999964,-0.24509640000000005,0.045647555000000006,-0.2675090400000001,0.03079756499999997,-0.21239322000000005,-0.008529184999999995,-0.22591963000000004,0.042888344999999994,-0.11567880000000008,-0.006163215,-0.1204138600000001,0.08433755500000001,-0.09901680000000002,0.07794886499999998,-0.10448714000000003,0.013563455000000002,-0.0004774000000000722,-0.013563455000000002,0.0004773999999999612,0.016192645000000006,0.15852549999999999,0.00018089500000001424,0.1728424999999999,0.011888944999999984,0.3037756399999999,0.0027582150000000083,0.3245476999999999,0.012090780000000023,0.09671441999999997,0.041449210000000014,0.016662000000000066,0.002365969999999995,0.10550576999999994,0.08411207999999998,0.01592672000000006,0.0026291900000000035,0.15900290000000006,-0.004303700000000021,0.14525013999999992,0.013744350000000016,0.17236509999999994,0.002577319999999994,0.15170519999999998,-0.039326749999999966,-0.013526409999999989,-0.027126910000000004,0.0009548000000000334,0.12132183061250762,0.139255374651013
0.07187388,-0.22833222000000003,0.07326330999999997,-0.23370529,0.07104950999999998,-0.24430577000000003,0.05294744000000001,-0.24504808,0.04466134999999999,-0.26737662,0.031087140000000013,-0.21190472,-0.00927655999999999,-0.22583330000000001,0.04293838999999999,-0.11565298000000002,-0.007304189999999988,-0.12115342000000007,0.08399538000000001,-0.09932142,0.07742044999999997,-0.10422732000000001,0.013910909999999999,-0.0004069199999999773,-0.013910909999999999,0.0004069199999999773,0.01610315000000001,0.15901272999999994,-0.00018832000000001958,0.17313447999999998,0.011802109999999977,0.30480337999999996,0.0020584100000000105,0.32572018,0.01185124999999998,0.09625173999999997,0.041056990000000015,0.016331560000000023,0.001972370000000001,0.10467987999999995,0.08472463999999996,0.016926100000000055,0.002192240000000012,0.1594196499999999,-0.004301040000000034,0.14579065000000002,0.013722589999999979,0.17272756,0.00224673000000003,0.15258570000000005,-0.0403637,-0.013928580000000024,-0.027821819999999997,0.0008138399999999546,0.12122669361749872,0.13888751383701559
0.07143729999999998,-0.22970040000000008,0.07278127000000001,-0.23511255000000003,0.07062286000000001,-0.24572078000000008,0.05226913999999999,-0.24660800000000005,0.04419814,-0.26888425000000005,0.030256510000000014,-0.21376215000000004,-0.009655379999999991,-0.22682003000000006,0.04132461999999998,-0.11741559000000001,-0.00732526,-0.12116061,0.08278943999999999,-0.09919125000000006,0.07610464,-0.10502211000000006,0.013822200000000007,-0.0005708500000000116,-0.013822200000000007,0.0005708499999999006,0.015947969999999978,0.15904975,-0.0009537900000000099,0.17352254999999994,0.011348990000000003,0.30408492,0.0018079400000000079,0.32549845,0.011068109999999964,0.09634656000000003,0.04146482000000001,0.01822433999999995,0.002330119999999991,0.10565942000000006,0.0834299,0.016138499999999945,0.0021257699999999713,0.1596206,-0.004598979999999975,0.14503517,0.012868409999999997,0.17295170000000004,0.0027617300000000178,0.15197590000000005,-0.039911890000000005,-0.013057880000000022,-0.027644400000000013,0.0011416999999999122,0.12034310736131758,0.1386964662633738
0.07286671,-0.22883721,0.07404908999999998,-0.23426037,0.07215073999999999,-0.24474962,0.05327653999999998,-0.24585515000000002,0.04580943999999998,-0.26783921,0.03105540000000001,-0.21322389000000003,-0.007977559999999995,-0.22603090000000003,0.04312063999999999,-0.11675351,-0.0064822600000000175,-0.12002460999999998,0.08434629999999999,-0.09823735,0.07576657000000003,-0.10400169000000004,0.013463940000000008,-0.0005723499999999992,-0.013463940000000008,0.0005723499999999992,0.016348310000000033,0.15979869999999996,0.0007913199999999843,0.17410934999999994,0.013155740000000027,0.30547625,0.002795670000000028,0.32693405,0.012065239999999977,0.09647038000000002,0.04122566,0.018516160000000004,0.0014952999999999772,0.10600629000000006,0.08224883000000005,0.01602291999999994,0.002884370000000025,0.16037104999999996,-0.0031925700000000057,0.14567755000000004,0.014255259999999992,0.17353699999999994,0.0020043500000000436,0.15282470000000004,-0.039032960000000005,-0.012807010000000008,-0.026927880000000015,0.0011446999999999985,0.1206762660350808,0.1374693193290114
0.07304772500000001,-0.22916553500000003,0.074369405,-0.23454702500000002,0.07228237500000001,-0.24511536500000003,0.05388362499999999,-0.24602151500000002,0.045795425,-0.26826650500000004,0.031449384999999996,-0.21290934500000003,-0.008106975000000016,-0.22636076500000002,0.043393705000000005,-0.1161969650000001,-0.00655349500000002,-0.120555525,0.08567500499999997,-0.09841401500000002,0.076609765,-0.10451901500000005,0.013653994999999974,-0.0005025350000000817,-0.01365399500000003,0.0005025349999999706,0.016790064999999965,0.15934180499999995,0.0006306249999999958,0.17357753499999995,0.013371204999999997,0.30458133499999995,0.002485275000000009,0.32618233499999993,0.011944320000000008,0.09671237999999993,0.042281299999999966,0.017782950000000075,0.001553479999999996,0.10580524000000002,0.08316326000000002,0.01603650999999995,0.003136069999999991,0.15984434000000003,-0.003418859999999968,0.14523953,0.014284620000000026,0.17307499999999998,0.0018546500000000132,0.15260479999999998,-0.03955636000000001,-0.013451419999999992,-0.027307990000000004,0.0010050700000000523,0.12154704355602602,0.13848130680254325
0.07451114500000006,-0.22714858,0.07566090500000006,-0.23269897,0.07368420500000006,-0.24292702,0.05504995500000004,-0.24451397999999996,0.047288275000000046,-0.26591532,0.03280028500000004,-0.21168979,-0.006407054999999939,-0.22488132,0.04455825500000005,-0.11573431999999995,-0.005709494999999953,-0.11992481999999993,0.08751580500000006,-0.09762357999999993,0.07736617500000004,-0.10097071999999996,0.013472855000000006,-0.0005348800000000153,-0.01347285499999995,0.0005348800000000153,0.01723510500000003,0.16008968,0.0019560450000000174,0.17441397999999997,0.014530505000000027,0.30714488000000006,0.004133285000000042,0.32926658,0.011757970000000006,0.09595547000000004,0.04295755000000001,0.018110740000000014,0.000697559999999986,0.10495650000000006,0.08307566999999999,0.018954099999999974,0.0037622500000000225,0.16062456000000003,-0.0027046000000000014,0.14705520000000005,0.015428899999999968,0.17387909999999995,0.0021772400000000247,0.1548526,-0.03920733999999998,-0.013191530000000007,-0.026945709999999956,0.0010697600000000307,0.12210067203906984,0.13621716559487243
0.07393382500000001,-0.22636172,0.07473090500000001,-0.23189732000000002,0.07308778500000002,-0.24185034,0.053620075000000045,-0.24391522,0.04642698500000003,-0.26449146,0.03200312500000002,-0.21209329999999998,-0.007149924999999946,-0.22319572999999998,0.04498157500000005,-0.11824749999999995,-0.006229514999999963,-0.11877477000000003,0.08734015500000003,-0.09639069999999994,0.077135065,-0.10091762999999998,0.01342267500000005,-0.0009118000000000182,-0.013422674999999995,0.0009118000000000182,0.016597525000000057,0.15965933,0.001545585000000016,0.17459584000000006,0.013936105000000032,0.3077202,0.0030395450000000324,0.33050539999999995,0.01297845000000003,0.09384580000000003,0.04235857999999998,0.02185680000000001,0.0009204099999999826,0.10442095999999995,0.08336457999999997,0.01785714000000005,0.003174850000000007,0.16057113,-0.0026614200000000254,0.14806087,0.014968260000000011,0.17368404000000004,0.0014939600000000164,0.1559095599999999,-0.03915304999999997,-0.011102429999999996,-0.026845350000000046,0.0018236000000000363,0.12074772956358386,0.13627155641597588
0.07492639000000001,-0.23095264999999998,0.07579486000000002,-0.236352,0.07420950000000004,-0.24666837000000003,0.05449550000000003,-0.24803199999999997,0.04741721000000004,-0.26947093,0.03100367000000004,-0.2145247,-0.005937109999999968,-0.22756437000000002,0.04302816000000004,-0.11958809999999997,-0.005898130000000001,-0.12368053000000001,0.08779734,-0.10023159999999998,0.07822364000000004,-0.10322120000000001,0.012641060000000037,-0.0007173000000000318,-0.012641059999999982,0.0007173000000000318,0.016036800000000018,0.15962814999999997,0.0035563000000000122,0.17505187,0.013714240000000044,0.3044519,0.0036646600000000418,0.328319,0.012024489999999999,0.09493660000000004,0.044769179999999964,0.0193565,3.8979999999966264e-05,0.10388384,0.08412177000000004,0.020459329999999998,0.0033957399999999804,0.16034545,-0.0023225599999999735,0.14482375000000003,0.016197359999999994,0.17433456999999997,0.00010836000000002954,0.15326713000000003,-0.036940780000000006,-0.013039670000000003,-0.02528212000000002,0.0014346000000000636,0.12470590334033263,0.13805653004599244
0.07507328999999996,-0.22991041,0.07587178999999994,-0.23531833999999996,0.07445948999999996,-0.24563175999999998,0.05437510999999995,-0.24729892999999997,0.04782713999999999,-0.26866318,0.030858659999999982,-0.21422298,-0.00532309000000003,-0.22688387999999998,0.043235299999999977,-0.11969662000000003,-0.004967930000000009,-0.12304377999999994,0.08683936999999997,-0.10084537999999998,0.07799075999999999,-0.10202007999999996,0.01232403999999998,-0.0007681800000000072,-0.012324040000000036,0.0007681800000000072,0.015715289999999993,0.15955712,0.0039612599999999665,0.17553002000000006,0.013329559999999963,0.30564642,0.004863169999999972,0.32979972,0.012376639999999994,0.09452635999999998,0.043604069999999995,0.018851240000000047,0.000355160000000021,0.10384010000000005,0.08295869,0.02102369999999998,0.0033912500000000123,0.1603253,-0.0023857300000000303,0.14608929999999998,0.016285300000000003,0.17476184000000006,0.0009019100000000058,0.15426969999999995,-0.03618175000000001,-0.012660899999999975,-0.024648080000000017,0.0015363600000000144,0.12477171299957732,0.13682905207910928
0.07389066999999999,-0.23060543,0.07477734000000003,-0.23598573,0.07330988,-0.24636007,0.05333470000000001,-0.24805073,0.04671960000000003,-0.26950825,0.030628009999999983,-0.21585468000000002,-0.007000400000000018,-0.22693585,0.04368310000000003,-0.12211780000000005,-0.005335409999999985,-0.12082645000000003,0.08594401000000002,-0.10467694999999999,0.07850127000000001,-0.10358909999999999,0.012828480000000031,-0.0010394500000000528,-0.012828479999999975,0.0010394499999999418,0.015347170000000021,0.15881484999999995,0.002660319999999994,0.17547334999999997,0.011804419999999982,0.30475335000000003,0.00434163999999998,0.32948884999999994,0.013055090000000047,0.09373687999999997,0.042260909999999985,0.017440850000000063,0.0016649900000000328,0.10610939999999996,0.08383668,0.01723735000000004,0.00251868999999999,0.1598543,-0.003542750000000039,0.14593850000000008,0.01548879999999997,0.17443390000000003,0.0016813199999999862,0.15401549999999997,-0.03762841,-0.011081169999999974,-0.025656960000000006,0.0020788999999999946,0.1268330088479765,0.13888216843844636
0.07310220500000003,-0.231285925,0.073933525,-0.236649445,0.07234923500000001,-0.247046345,0.05256153500000005,-0.248636965,0.04532827500000003,-0.270161985,0.03066254500000004,-0.215689305,-0.008588064999999978,-0.22775854499999998,0.04308582500000002,-0.12157317499999998,-0.006557094999999957,-0.122770045,0.08533502500000001,-0.10561894500000002,0.07767500500000002,-0.10522224499999999,0.013365525000000045,-0.0008662050000000088,-0.01336552499999999,0.0008662050000000088,0.01484980500000005,0.15866550499999998,0.0012386250000000487,0.17499402499999994,0.009429375000000018,0.304451055,0.0035664050000000502,0.328857155,0.012423279999999981,0.09411613000000002,0.04224919999999999,0.015954229999999958,0.002030970000000021,0.10498849999999998,0.08423209999999998,0.017547800000000002,0.0014842800000000045,0.15953171,-0.005420430000000032,0.14578555000000004,0.014604150000000038,0.17412781999999993,0.0023277800000000015,0.15386313000000007,-0.03925061000000002,-0.012069239999999981,-0.026731050000000034,0.0017324100000000175,0.1270934517107691,0.1397967715152371
0.07323078500000002,-0.23062525000000006,0.07421861499999999,-0.23605500000000001,0.072435515,-0.24643437,0.053161915000000004,-0.24816015000000002,0.04540851499999998,-0.26974840000000005,0.030564515000000014,-0.21483475000000002,-0.008194554999999992,-0.22742905000000002,0.042472644999999976,-0.11937085000000003,-0.006662025000000016,-0.12209625000000002,0.08687229499999999,-0.10404272000000003,0.078155855,-0.10464145000000002,0.013187634999999975,-0.0008366499999999943,-0.013187634999999975,0.0008366499999999943,0.014690415000000012,0.15847711999999992,0.0011128149999999892,0.17501710999999998,0.010050074999999992,0.30382924999999994,0.003652814999999976,0.32825914999999994,0.011908129999999961,0.09546389999999999,0.04439965000000001,0.015328129999999995,0.0015325299999999764,0.1053328,0.08481788000000001,0.017454799999999993,0.0015027800000000369,0.1593137699999999,-0.0046403400000000206,0.14535213000000002,0.014300449999999965,0.17418045999999998,0.0025399999999999867,0.15324203999999997,-0.03875907000000001,-0.012594300000000003,-0.02637526999999995,0.0016732999999999887,0.1268105752851887,0.13953230000609212
0.07384935000000004,-0.23184379500000002,0.07458964000000001,-0.237086325,0.07319799000000005,-0.247624905,0.053020570000000045,-0.24847668499999997,0.04615099,-0.270341095,0.030432610000000027,-0.214729695,-0.0075315099999999635,-0.22772764499999998,0.04350185000000001,-0.12040942499999996,-0.0055249299999999835,-0.123403025,0.08702582000000003,-0.10508069499999995,0.07867986000000005,-0.10565562500000003,0.01301494000000003,-0.0006838750000000005,-0.013014939999999975,0.0006838750000000005,0.014971820000000025,0.158572115,0.0013828600000000413,0.17423960500000002,0.011300030000000016,0.30302687500000003,0.0024173900000000192,0.327378005,0.013069239999999982,0.09432027000000004,0.04352397000000002,0.015328730000000013,0.00200657999999998,0.10432461999999998,0.08420479000000003,0.01774739999999997,0.001956879999999994,0.15925599000000001,-0.003671790000000008,0.14445476000000002,0.014397800000000016,0.17355573000000002,0.001034529999999978,0.1531384,-0.03796411999999999,-0.01299794999999998,-0.026029880000000005,0.001367750000000001,0.12796994328547148,0.14041376573288677
0.07385038,-0.23114472500000005,0.07435169000000003,-0.2363334450000001,0.07329263000000003,-0.24677118500000006,0.052397550000000015,-0.24783794500000006,0.046298549999999994,-0.26937382500000007,0.030339950000000004,-0.21464871500000005,-0.0076187100000000285,-0.22705396500000008,0.044016449999999985,-0.1213009450000001,-0.006016799999999989,-0.12311044500000001,0.08712367999999998,-0.1050001450000001,0.07777204999999998,-0.10407874500000003,0.012984649999999986,-0.000790805000000061,-0.012984649999999986,0.00079080499999995,0.01489554999999998,0.15868029499999992,0.0013081899999999869,0.17468849499999994,0.011289319999999992,0.3038864549999999,0.002376749999999983,0.3285766549999999,0.01367649999999998,0.09334776999999994,0.043107229999999996,0.016300800000000004,0.0016019100000000397,0.10394352000000007,0.08378884999999997,0.019031699999999985,0.0019108999999999932,0.15947109999999998,-0.003606229999999988,0.14520615999999997,0.014292839999999973,0.17389769,0.0010685599999999962,0.15388815999999994,-0.03795866000000003,-0.012405250000000034,-0.025969299999999973,0.001581610000000011,0.1278912909958161,0.13868814337243285
0.07293343000000002,-0.23139783000000003,0.07354879000000003,-0.23656728000000005,0.07220635000000003,-0.24703713000000005,0.0519694,-0.24782815000000002,0.045062570000000024,-0.26945829000000004,0.030734530000000038,-0.21428829000000005,-0.00903594999999996,-0.22712930000000003,0.04387000000000002,-0.12113505000000002,-0.007998829999999957,-0.12348385000000006,0.08531063,-0.10573491000000002,0.07570910000000003,-0.10469451000000007,0.01358075000000003,-0.0006628499999999926,-0.013580749999999975,0.0006628499999999926,0.014394700000000038,0.15797094999999994,0.00010868000000002764,0.17353211000000002,0.009869300000000025,0.30360414999999996,0.0010569000000000273,0.3282791199999999,0.013135469999999982,0.09315324000000003,0.04144062999999998,0.015400140000000007,0.0010371200000000025,0.10364544999999997,0.08370792999999999,0.018789339999999988,0.0008139500000000077,0.15863379999999994,-0.004525400000000013,0.14563320000000002,0.013689430000000002,0.17286926000000002,0.0009482199999999996,0.1547470099999999,-0.03977048,-0.012841009999999986,-0.027161500000000005,0.0013256999999999852,0.12722151342229032,0.13810449166914202
0.07268897000000002,-0.23142359,0.07336379000000004,-0.23658478,0.07209953000000002,-0.24718575000000004,0.05170649999999999,-0.24791202,0.04513392999999999,-0.26988285,0.030009900000000034,-0.21457925,-0.00907614000000001,-0.22731942,0.04302123000000002,-0.12144074999999999,-0.00794564999999997,-0.12321835000000003,0.08569410999999999,-0.10597288999999999,0.07625703,-0.10531655000000006,0.01335343,-0.000695749999999995,-0.01335343,0.000695749999999995,0.01418469,0.1592595,-0.00011852000000001084,0.17474564999999997,0.009931990000000002,0.30439854999999993,0.0011921000000000292,0.32885124999999993,0.013011329999999988,0.09313850000000001,0.04267287999999997,0.01546786,0.0011304900000000395,0.10410106999999996,0.08420267999999997,0.017901799999999968,0.0008312600000000003,0.15995525,-0.004252699999999998,0.14513904999999994,0.013234909999999989,0.17404989999999998,0.00131062000000004,0.15410559999999995,-0.039086040000000044,-0.012740169999999995,-0.02670686,0.00139149999999999,0.12773586101577739,0.13881153515721095
0.07247962000000002,-0.23142680000000004,0.07322602,-0.23672243000000004,0.07175952000000002,-0.24720609000000004,0.05178630000000001,-0.24812138000000006,0.044747740000000036,-0.2698256500000001,0.02978316000000003,-0.21450385000000005,-0.009015279999999959,-0.22700730000000008,0.04194510000000001,-0.12072665000000005,-0.007972029999999963,-0.12239065000000005,0.08531592000000005,-0.10517901000000007,0.07674375000000005,-0.10499265000000002,0.013317050000000052,-0.0007464500000000651,-0.013317049999999997,0.0007464499999999541,0.014232280000000042,0.15931635,-0.0005014499999999589,0.17475509999999994,0.009957940000000054,0.3042996499999999,0.00031930000000002234,0.32852649999999994,0.012161939999999982,0.0937772,0.04337082000000003,0.015547639999999974,0.0010432499999999956,0.10461665000000003,0.08471578000000002,0.017398000000000025,0.0009152299999999891,0.16006280000000006,-0.004274339999999988,0.14498329999999993,0.012815600000000038,0.17400865,0.0008207499999999812,0.1537714,-0.03879843999999999,-0.012503450000000027,-0.02663410000000005,0.0014929000000000192,0.1268463514234071,0.13889458220337467
0.07248285500000001,-0.23208234999999994,0.072953255,-0.23729223999999993,0.07182744499999999,-0.24781786999999994,0.05098497499999999,-0.2483249099999999,0.04471957500000001,-0.2700254999999999,0.029438795000000018,-0.21437116999999994,-0.009564574999999964,-0.22679010999999993,0.041389675000000015,-0.1196535299999999,-0.009224204999999985,-0.12200286999999987,0.08460642499999999,-0.10364461999999997,0.07502257500000004,-0.10772826999999996,0.01336267499999999,-0.0007842699999999203,-0.01336267499999999,0.0007842700000000313,0.014126444999999987,0.15874659000000002,-0.0006841449999999694,0.17416953000000013,0.008825565000000035,0.3034703300000001,-0.00038212500000001093,0.32852047000000006,0.011950879999999997,0.09471764000000005,0.04321674999999997,0.016008909999999932,0.00034036999999997875,0.10478724000000006,0.08424678000000002,0.014274599999999915,0.000763769999999997,0.15953085999999994,-0.005300879999999952,0.1447237400000001,0.012678530000000021,0.1733852600000001,0.00030201999999995843,0.15435093999999994,-0.03900336999999998,-0.01241893999999999,-0.02672534999999998,0.0015685399999999516,0.1251236329243401,0.13995329133255174
0.07310654500000002,-0.2319899299999999,0.07349945499999999,-0.2372595099999999,0.07245342500000002,-0.2476057799999999,0.051406375000000004,-0.2485690499999999,0.045343575000000025,-0.2698118499999999,0.029483005000000007,-0.2149240999999999,-0.008671504999999968,-0.22677070999999993,0.04171012499999999,-0.12071444999999992,-0.008601175000000016,-0.12229460999999986,0.08476202500000002,-0.10460090999999994,0.07503851500000003,-0.10767668999999991,0.013095155000000025,-0.0008652499999999286,-0.01309515499999997,0.0008652500000000396,0.01429647500000003,0.1585804500000001,-0.00010789499999996899,0.1741282500000001,0.00961201500000003,0.3035652000000001,-0.00021655500000000716,0.3279709500000001,0.01222711999999998,0.09420964999999998,0.04305190000000003,0.016113539999999982,7.032999999995182e-05,0.10447610000000007,0.08363969000000004,0.014617919999999951,0.0012013200000000057,0.15944570000000002,-0.004684460000000001,0.14498475,0.01298726,0.17326300000000006,-0.00010866000000003817,0.1538427,-0.038154509999999975,-0.011846610000000035,-0.026190309999999994,0.0017304999999999682,0.12608420762027456,0.13981736847270615
0.07424914999999999,-0.22995211999999998,0.07501435000000001,-0.23527208,0.07336995000000002,-0.24571418,0.053683329999999974,-0.24729641000000002,0.04647112999999997,-0.26867964,0.031061859999999997,-0.21479564,-0.00637916999999999,-0.2269371,0.04387565999999998,-0.12035788000000003,-0.004182369999999991,-0.12156418000000002,0.08641939999999998,-0.10404124000000003,0.07952758999999998,-0.10527397999999999,0.012996530000000006,-0.0006938199999999561,-0.012996530000000006,0.0006938199999999561,0.015404970000000018,0.15867562000000002,0.0014012299999999756,0.17338429,0.011908130000000017,0.30282065999999996,0.0008983300000000027,0.32736012000000003,0.012813799999999986,0.09443775999999998,0.04254374,0.016316639999999993,0.0021967999999999988,0.10537291999999998,0.08370995999999997,0.016290200000000032,0.0024084400000000117,0.15936943999999997,-0.003496840000000001,0.14414503999999995,0.014397759999999982,0.17269047000000004,-0.0005028999999999728,0.15397583000000004,-0.037441029999999986,-0.012141459999999993,-0.025993060000000012,0.0013876399999999123,0.12677384217453266,0.1406765347121345
0.07224375499999997,-0.22936868500000002,0.07304875499999997,-0.234555275,0.07135921499999998,-0.24506374500000006,0.051943514999999996,-0.24681171500000004,0.04434877499999995,-0.26841422500000006,0.03012958499999996,-0.21451807500000003,-0.008900195000000055,-0.226868485,0.04196165499999999,-0.11997724500000007,-0.006861325000000029,-0.12186544500000007,0.084377975,-0.10204624500000004,0.07665512499999999,-0.10428854500000007,0.013539704999999957,-0.0007159150000000114,-0.013539705000000013,0.0007159150000000114,0.015438654999999968,0.15795558499999995,-0.0009342750000000399,0.17295325499999992,0.009700854999999953,0.30279565499999994,-0.000722675000000006,0.327410055,0.011832070000000028,0.09454082999999996,0.04241632000000001,0.01793100000000003,0.002038870000000026,0.10500303999999994,0.08351645000000002,0.017576900000000006,0.0018989500000000104,0.15867149999999997,-0.005737800000000015,0.14484007,0.012605429999999973,0.1722373399999999,0.00021160000000003398,0.15445680000000006,-0.039029780000000014,-0.012350409999999978,-0.02707940999999997,0.0014318300000000228,0.12363614469281145,0.13842342279621797
0.07467411999999995,-0.22916856500000005,0.07518181999999995,-0.23436483500000005,0.07408345999999999,-0.24474310500000007,0.05327935,-0.24634978500000004,0.04740679999999997,-0.26763663500000007,0.030914819999999954,-0.21443128500000008,-0.00625178000000004,-0.22663283500000003,0.044062239999999975,-0.12000433500000007,-0.005014410000000025,-0.12221998500000009,0.08647117999999998,-0.10208869500000006,0.07877943999999998,-0.10412168500000007,0.01289846,-0.000700235000000049,-0.01289846,0.000700234999999938,0.015304549999999972,0.15788916499999994,0.0011977199999999577,0.1727259149999999,0.01270231999999999,0.303303165,0.0009989599999999932,0.32711189499999993,0.01314742000000002,0.09442695000000001,0.042408940000000006,0.01791564000000001,0.0012373700000000154,0.10441284999999995,0.08379385,0.01809830000000001,0.002406089999999972,0.1585894,-0.002602229999999983,0.14541400000000004,0.014096179999999958,0.17202567999999996,-0.00019875999999996452,0.15438598000000003,-0.037166599999999994,-0.01220154999999995,-0.02579692,0.001400469999999987,0.12526996826602135,0.13925685714138603
0.07384163499999996,-0.22892413000000006,0.07446929499999994,-0.23407385000000008,0.07318311499999997,-0.2445240400000001,0.05288767499999997,-0.24589018000000007,0.046399654999999984,-0.2673872200000001,0.03117041499999995,-0.2137128800000001,-0.007320785000000052,-0.22614200000000007,0.044841434999999985,-0.12009628000000006,-0.004967745000000023,-0.12198158000000003,0.08635544499999998,-0.10297418000000014,0.07936181499999995,-0.10274748000000011,0.013333614999999965,-0.0006394200000000572,-0.01333361500000002,0.0006394199999999461,0.015292284999999961,0.15771461999999992,0.00042584499999998027,0.17261948999999988,0.011365294999999942,0.30372681999999995,0.00042835499999993587,0.3274454699999999,0.013671020000000034,0.09361660000000005,0.04151400999999999,0.017122099999999918,0.0023530400000000284,0.10416042000000003,0.08432955999999997,0.01923409999999992,0.0019586699999999957,0.15835403999999997,-0.003926990000000019,0.14601220000000004,0.013759460000000001,0.17198006999999993,2.5099999999556033e-06,0.15482598000000003,-0.0384912,-0.01242911999999996,-0.026667229999999986,0.0012788400000000033,0.12571631063949704,0.1388570986103876
0.07395675999999995,-0.22945125000000005,0.07440199999999997,-0.23467627000000002,0.07331877999999997,-0.24495025000000004,0.052553799999999984,-0.24678093000000006,0.04680576999999997,-0.26776733,0.030773789999999968,-0.21495435000000007,-0.006644100000000042,-0.22713523000000002,0.04379888999999998,-0.12151989000000007,-0.005023810000000017,-0.12300695000000006,0.08600556999999998,-0.10484710000000008,0.08000495999999996,-0.10205995000000001,0.013024389999999997,-0.0006822499999999954,-0.013024389999999997,0.0006822499999999954,0.015047249999999956,0.15769515,0.0007712500000000011,0.1724713499999999,0.012044129999999986,0.30242715,0.0004998999999999976,0.3262282999999999,0.013025100000000012,0.09343446,0.042206679999999996,0.016672789999999993,0.0016202900000000242,0.10412827999999996,0.08502876999999998,0.02094700000000005,0.0020228599999999597,0.1583774,-0.0030031199999999703,0.14473199999999997,0.013795639999999998,0.17178909999999992,-0.00027135000000000353,0.15375695,-0.03741789000000001,-0.01218087999999995,-0.026048779999999994,0.0013644999999999907,0.1271871401113922,0.13860165807905217
0.07224455499999999,-0.22990661500000004,0.07290991499999999,-0.23494329500000005,0.07163357499999995,-0.24553734500000002,0.051387554999999974,-0.24681770500000005,0.044914894999999955,-0.268604785,0.030208354999999965,-0.21493476500000003,-0.009244325000000053,-0.22685512500000005,0.04268725499999998,-0.12200164499999999,-0.006796545000000043,-0.12168304500000005,0.08428749499999999,-0.10463834500000002,0.07787450499999998,-0.10268944499999999,0.013705104999999995,-0.0007724150000000263,-0.01370510500000005,0.0007724149999999153,0.015139424999999984,0.157692155,-0.0014947450000000195,0.17288792499999994,0.009441904999999973,0.30195065499999996,-0.0009037450000000113,0.326805295,0.012478900000000015,0.09293312000000004,0.04160024000000001,0.01736329999999997,0.0024477800000000105,0.10517208,0.08467105000000003,0.018993600000000055,0.001434319999999989,0.15846457000000003,-0.0056975200000000115,0.14425849999999996,0.012210360000000031,0.17211551000000003,0.0005910000000000082,0.15391737000000005,-0.03945268000000002,-0.011920360000000019,-0.027410210000000046,0.0015448299999999415,0.12557868128339697,0.13817084150576667
0.07225774500000004,-0.22950172999999996,0.07291762500000004,-0.23458448999999992,0.07152159500000005,-0.24511728999999993,0.05139647500000005,-0.24641919999999995,0.04478557500000002,-0.26794904999999997,0.03045784500000004,-0.21490869999999995,-0.00920282499999997,-0.22617459999999995,0.04296849500000005,-0.12242652999999992,-0.007194654999999994,-0.12059408999999999,0.083817735,-0.10430819999999996,0.07718192500000004,-0.10295206999999995,0.013746305000000014,-0.0008166299999999849,-0.013746304999999959,0.0008166300000000959,0.014583394999999999,0.15836587000000002,-0.0012783549999999533,0.1730757300000001,0.009457875000000004,0.3021088700000001,-0.0008119249999999911,0.32697417000000006,0.012510650000000012,0.09248217000000003,0.04084923999999995,0.01811832999999996,0.002008169999999976,0.10558050999999996,0.08437658000000003,0.017642020000000036,0.0008370899999999848,0.1591825,-0.0051255199999999945,0.14374300000000007,0.012467950000000005,0.1722591,0.00046642999999996215,0.15389843999999997,-0.03966067000000001,-0.011265899999999995,-0.027492609999999973,0.0016332600000000808,0.12498204016301619,0.13797059871807077
0.07237326500000002,-0.22936076500000002,0.07311202499999997,-0.23449963499999998,0.07157486499999999,-0.24502310500000002,0.05173071499999998,-0.24600842499999998,0.04487596500000002,-0.267584465,0.030484394999999997,-0.214010765,-0.008905335000000014,-0.225935665,0.042507815000000004,-0.121214865,-0.007441685000000031,-0.12055251499999997,0.08382521500000001,-0.10464391500000003,0.07768846499999998,-0.10251306500000001,0.01369493500000002,-0.0006375050000000382,-0.01369493500000002,0.0006375050000000382,0.014142445000000003,0.15871593500000003,-0.0013734550000000234,0.17243303499999996,0.009872865000000008,0.30272307499999995,-0.001571395000000031,0.32598993499999995,0.012023420000000007,0.09279589999999999,0.041317400000000004,0.016570949999999973,0.001463649999999983,0.10538315000000004,0.08513015000000002,0.018039449999999957,0.0004475099999999843,0.15935344000000007,-0.004269579999999995,0.14400713999999992,0.012321479999999996,0.17179552999999992,-0.00019794000000000755,0.1535569,-0.03938973000000001,-0.011924900000000016,-0.02738987000000004,0.0012750100000000764,0.1254415780113057,0.1378077134520594
0.07263235000000001,-0.229294485,0.07349318999999999,-0.234622145,0.07166041000000001,-0.24495978499999999,0.05245802999999999,-0.24622327499999996,0.04490617000000002,-0.267384825,0.030778210000000028,-0.21372002499999998,-0.00849939999999999,-0.22556788499999997,0.04177589000000004,-0.120060485,-0.007979409999999965,-0.119833085,0.08434707000000002,-0.103663685,0.07832244999999999,-0.10204868499999997,0.013636870000000023,-0.0007034550000000195,-0.013636869999999968,0.0007034550000000195,0.014139669999999993,0.15848301500000006,-0.001018450000000004,0.17241701500000006,0.010133490000000023,0.30312281500000005,-0.001638699999999993,0.32700276500000003,0.01099768000000001,0.09365953999999999,0.042571179999999986,0.01639679999999999,0.0005199900000000257,0.10573479999999996,0.08630185999999995,0.017784400000000034,0.0005027999999999699,0.15918647000000008,-0.00400617999999997,0.14463979999999999,0.012618419999999964,0.17171356000000004,-0.0006202499999999889,0.15458574999999997,-0.03927761000000002,-0.011847859999999988,-0.02727373999999999,0.001406910000000039,0.12490292769063861,0.13789314272088365
0.07292970500000001,-0.22947602,0.07363805499999998,-0.23474823,0.07211389499999998,-0.24509604000000002,0.052224245,-0.2463017,0.04536336499999999,-0.26750244,0.030214605000000005,-0.21389182,-0.007965084999999983,-0.2256336,0.04158878500000002,-0.12021424000000003,-0.006960815000000009,-0.12005849999999996,0.08414524499999998,-0.10410154999999999,0.07820802500000001,-0.10275279999999998,0.013308464999999992,-0.0007049000000000083,-0.013308464999999992,0.0007049000000000083,0.013863355000000022,0.15858669999999997,-0.001237815000000031,0.17259689999999994,0.010449054999999985,0.30323283,-0.0018629450000000047,0.3266753,0.011374180000000012,0.09367757999999998,0.04255645999999996,0.01611269000000004,0.0010042699999999738,0.10557510000000003,0.08516884000000002,0.01730569999999998,0.0005548900000000301,0.15929159999999998,-0.0034143000000000367,0.14464613000000004,0.01207064999999996,0.17189199999999993,-0.0006251299999999738,0.15407840000000006,-0.03817968999999999,-0.01174177999999998,-0.026616929999999983,0.0014098000000000166,0.1253344191832032,0.13812589775711903
0.07254892499999999,-0.22938617,0.073192025,-0.23470296000000002,0.07169409500000001,-0.24498512,0.05169459500000001,-0.24622105,0.04487925500000001,-0.2672663,0.02990084500000001,-0.21361380000000002,-0.008448805000000004,-0.22524472,0.040772675000000036,-0.12003534000000005,-0.007243934999999979,-0.11981240000000004,0.08389269500000002,-0.10395120000000002,0.07779429500000001,-0.10165489999999999,0.013382435000000026,-0.000765899999999986,-0.01338243499999997,0.000765899999999986,0.01401522500000002,0.15872209999999998,-0.001679184999999972,0.17316600000000004,0.00954339500000001,0.30390114999999995,-0.0021117649999999877,0.32729233999999996,0.010871830000000027,0.09357845999999997,0.04312001999999998,0.016084140000000025,0.0012048700000000245,0.10543231999999997,0.08503822999999999,0.01815750000000005,0.0006327899999999942,0.15948799999999996,-0.00447183000000001,0.14517904999999998,0.011703249999999998,0.17240010000000006,-0.00043258000000001573,0.15412633999999992,-0.03834965000000001,-0.011630919999999989,-0.026764869999999996,0.001531799999999972,0.12497560922579096,0.1371248203868756
0.072238415,-0.22975282000000002,0.07300331500000001,-0.23509844000000002,0.07136688499999999,-0.24532991999999998,0.05175116500000004,-0.24670314,0.044598845,-0.26774042,0.029936905000000014,-0.21386842,-0.008665414999999954,-0.22550778,0.04093372500000003,-0.11958942000000006,-0.007261874999999973,-0.12004632000000004,0.08423554500000002,-0.10264002000000005,0.077158385,-0.10236498000000005,0.013464485000000026,-0.000771920000000037,-0.01346448499999997,0.000771920000000037,0.014098255000000004,0.15812132999999995,-0.0020846149999999564,0.17277988,0.00888066500000001,0.30301727999999994,-0.002519584999999991,0.32559304,0.010996820000000018,0.09427899999999995,0.04330181999999999,0.016949400000000003,0.001403539999999981,0.10546145999999995,0.08442025999999997,0.01768133999999999,0.000633769999999978,0.15889324999999999,-0.005217589999999994,0.14489595,0.011379870000000014,0.17200795999999996,-0.0004349700000000345,0.15281316,-0.03860231999999997,-0.011639359999999987,-0.026928969999999997,0.001543840000000074,0.12403891619622288,0.13729429962182302
0.07432231,-0.22893050000000004,0.07489667,-0.23439186000000006,0.07347982999999997,-0.24435725000000003,0.05339789,-0.24608200000000002,0.046892409999999995,-0.26644460000000003,0.03165570000000001,-0.21361440000000004,-0.005802689999999999,-0.22447612000000006,0.04636842000000002,-0.12008967000000004,-0.002932160000000017,-0.11945786000000003,0.08844432000000002,-0.10181876000000001,0.08126562999999998,-0.10051497000000009,0.013018550000000018,-0.000893900000000003,-0.013018550000000018,0.000893900000000003,0.015331509999999993,0.15883079999999994,0.0017531699999999706,0.17446279999999992,0.01208999999999999,0.30567996,-9.507000000003041e-05,0.32893315999999995,0.014712720000000012,0.09352473,0.0420759,0.01827091000000003,0.0028705299999999823,0.10501826000000003,0.08419779,0.018942889999999935,0.002312959999999975,0.15972469999999994,-0.003241510000000003,0.14684916000000003,0.014771719999999988,0.17356889999999991,-0.001848240000000001,0.15447036000000003,-0.03745839000000001,-0.01086172000000002,-0.026037100000000035,0.001787800000000006,0.12599553224663365,0.1384675612298755
0.07403270999999995,-0.22942821500000005,0.07468397999999993,-0.23486471500000006,0.07313815999999995,-0.24490795500000007,0.05338065999999997,-0.24651575500000006,0.04650615999999996,-0.26711951500000003,0.03149501999999993,-0.21348909500000007,-0.006147810000000031,-0.22519496500000008,0.04546325999999995,-0.11847386500000001,-0.0037608900000000722,-0.12000981500000008,0.08892778999999995,-0.10055545500000007,0.08073113999999998,-0.101804055,0.013079689999999977,-0.0007850150000000555,-0.013079690000000033,0.0007850149999999445,0.015351939999999953,0.159066045,0.0014359199999999794,0.17443488499999993,0.011806299999999936,0.30552192499999997,-0.00047904000000004165,0.3290090149999999,0.01396824000000002,0.09501523000000006,0.04346453,0.01791840999999994,0.002386919999999959,0.10518515,0.08449203000000005,0.01820576000000007,0.0022722499999999757,0.15985106000000004,-0.0035456400000000166,0.14645587999999998,0.014515610000000012,0.17364986999999998,-0.001914960000000021,0.15457412999999998,-0.03764282999999996,-0.011705870000000007,-0.02615938000000001,0.00157003,0.12532786989095282,0.13901434857148304
0.07405777499999999,-0.2295024850000001,0.074628725,-0.23484058500000005,0.07334340499999997,-0.24496872500000005,0.05304874500000001,-0.24623252500000004,0.046814964999999986,-0.2670633250000001,0.031223644999999967,-0.21310864500000004,-0.006141655000000024,-0.22495664500000007,0.045537575,-0.11851032500000003,-0.002900495000000003,-0.1195794750000001,0.08851788499999996,-0.10469566500000005,0.08155287499999997,-0.10191158500000008,0.013021124999999967,-0.0007708250000000305,-0.013021125000000022,0.0007708249999999195,0.015264224999999965,0.158595575,0.0011180749999999962,0.17446602499999997,0.01122940499999997,0.304932675,-0.00043655500000000513,0.3280701749999999,0.01431393000000003,0.09459832000000001,0.042980309999999966,0.013814659999999979,0.0032411600000000207,0.10537716999999996,0.08445336999999997,0.01766789000000002,0.002243099999999998,0.15936640000000002,-0.0040348199999999945,0.1463371,0.014139200000000018,0.17369520000000005,-0.0015546300000000013,0.15360414999999994,-0.03736529999999999,-0.011848000000000025,-0.02604224999999999,0.00154164999999995,0.12845284403049706,0.13959913609835878
0.07440719499999998,-0.22959114500000005,0.074980345,-0.23478744500000004,0.07381954499999999,-0.24508804500000003,0.05325913499999996,-0.24608634500000004,0.04736632499999999,-0.267374245,0.031302954999999966,-0.213120825,-0.00589030500000004,-0.22573408500000003,0.04541602499999997,-0.11814034500000004,-0.002658925000000034,-0.12063569500000004,0.088027415,-0.10449928500000005,0.08014735499999998,-0.10190618500000004,0.012995454999999989,-0.0006203049999999877,-0.012995454999999989,0.0006203049999999877,0.015553294999999967,0.158929855,0.0011262049999999912,0.174626355,0.011739045000000004,0.30543380499999995,8.147499999999752e-05,0.32817325499999994,0.014113070000000005,0.09498047999999998,0.04261139000000003,0.013641059999999983,0.003231380000000006,0.10509838999999999,0.08280628000000001,0.018729510000000005,0.002557839999999978,0.15955016,-0.0038142499999999635,0.14650394999999994,0.01412165999999998,0.17400605000000002,-0.0010447299999999937,0.15354689999999993,-0.037193260000000006,-0.012613260000000015,-0.025990909999999978,0.0012406099999999753,0.1281430353444229,0.13851810064542538
0.07390965,-0.22901865000000005,0.07420871999999995,-0.23412775000000008,0.07351386999999998,-0.2444289500000001,0.05205023999999997,-0.24598367000000004,0.04718077999999998,-0.26723375000000005,0.02994701999999999,-0.21335305000000004,-0.005660260000000028,-0.22581187000000008,0.044239399999999984,-0.11613760000000006,-0.0017376400000000403,-0.11873315000000007,0.08753939999999999,-0.10313139000000004,0.08049993,-0.10046635000000004,0.012487499999999985,-0.00067415000000004,-0.01248750000000004,0.000674149999999929,0.015554679999999987,0.1588404499999999,0.0012459499999999957,0.1747340799999999,0.011088259999999961,0.3053058499999999,-0.0002399000000000151,0.3278342099999999,0.014292379999999993,0.09721544999999998,0.043300000000000005,0.013006210000000018,0.003922619999999988,0.10707872000000002,0.08223757000000004,0.018266800000000027,0.0030671800000000027,0.15951459999999995,-0.0044664200000000265,0.14646539999999997,0.013733450000000036,0.17405992999999997,-0.0014858500000000108,0.15310013,-0.03560728000000002,-0.012458820000000037,-0.024975000000000025,0.001348299999999969,0.12700501455465293,0.13739018479591217
0.07367225999999999,-0.22955490000000006,0.07406374999999998,-0.23467493000000006,0.07313231000000003,-0.24505557000000006,0.052121909999999994,-0.24624301000000004,0.046650860000000016,-0.26761047000000004,0.030456509999999992,-0.21331916000000006,-0.005782010000000004,-0.22532963000000006,0.04697049000000003,-0.11656333000000008,0.0008775599999999995,-0.11670773000000001,0.08797657000000003,-0.10389999999999999,0.08302134,-0.09737168000000007,0.012733190000000005,-0.0006591300000000633,-0.012733190000000005,0.0006591299999999523,0.01636114999999999,0.15877392,0.00236016,0.1744734699999999,0.011036340000000033,0.30422611999999993,0.00013298000000000476,0.3256856699999999,0.01651398000000004,0.09675582999999999,0.04100608,0.012663330000000084,0.0066595700000000035,0.10862190000000005,0.08214378,0.019336049999999938,0.0036279599999999856,0.15943305000000008,-0.005324809999999958,0.14545219999999992,0.015093350000000005,0.17381433999999996,-0.0022271799999999953,0.15121220000000002,-0.036238519999999996,-0.012010469999999995,-0.02546638000000001,0.0013182600000000155,0.12775070830402974,0.13703638102626983
0.07253038999999994,-0.22940370000000004,0.07293295999999999,-0.23454245,0.07205879999999998,-0.24467944000000003,0.05103829999999998,-0.24671846000000003,0.04592799999999997,-0.2674921,0.029330759999999956,-0.21525573000000003,-0.006436460000000033,-0.22571500000000005,0.04413067999999998,-0.12186110000000006,-0.0012939000000000145,-0.11707030000000007,0.08094265999999994,-0.10858350000000005,0.08052575999999995,-0.09219270000000002,0.012629089999999954,-0.0008784000000000569,-0.01262909000000001,0.0008783999999999459,0.017012179999999988,0.15823920000000002,0.003431839999999964,0.17377599999999993,0.010948719999999967,0.30666624,-0.0002911600000000125,0.32554229999999995,0.014799920000000022,0.09339462999999998,0.036811979999999966,0.0132776,0.005142560000000018,0.10864469999999998,0.08181965999999996,0.024877600000000055,0.004383090000000034,0.15911760000000008,-0.0060634600000000205,0.14842703999999995,0.016060929999999973,0.17289759999999998,-0.0037229999999999763,0.15176630000000002,-0.03576721999999999,-0.01045927000000002,-0.025258179999999963,0.0017568000000000028,0.12754266898632355,0.13168164539423285
0.07360403500000001,-0.22889804000000002,0.073372675,-0.23423754000000002,0.07313250500000001,-0.24359225,0.050898475,-0.24800377,0.04695017499999998,-0.26659720000000003,0.029936004999999988,-0.21762576000000006,-0.005154835000000024,-0.22572576000000005,0.044098784999999974,-0.12527456000000003,-0.00704096500000001,-0.1162765,0.08050109499999997,-0.10228356000000005,0.07222573500000001,-0.07918590000000003,0.012083034999999964,-0.0013889000000000262,-0.01208303500000002,0.0013888999999999152,0.01659758499999997,0.15905784,0.005713474999999968,0.17603789999999997,0.013119115000000015,0.30828115999999994,0.0004744150000000058,0.32980535999999994,0.014162779999999986,0.09235120000000002,0.03640230999999999,0.022990999999999984,-0.0018861299999999859,0.10944926000000005,0.07926670000000002,0.037090599999999974,0.004514550000000006,0.16044674000000003,-0.0034784699999999558,0.14922331999999994,0.017796509999999988,0.17464900000000005,-0.005239059999999962,0.15376745999999997,-0.03509084000000001,-0.008099999999999996,-0.024166069999999984,0.0027777999999999414,0.12190473063289713,0.11662018304715911
0.073603005,-0.229521095,0.073566615,-0.23493026500000003,0.073287995,-0.24380212499999998,0.051347645,-0.24904736500000002,0.04696193500000001,-0.266572895,0.02779230499999996,-0.21863956499999998,-0.004038905000000037,-0.22338172499999998,0.03899892499999996,-0.12818023499999998,-0.011151104999999994,-0.10831883499999995,0.07450774500000001,-0.09964846500000002,0.062718565,-0.05791076500000003,0.010861034999999963,-0.00186386500000002,-0.010861035000000019,0.00186386500000002,0.015284834999999997,0.159400635,0.006443464999999982,0.17607593499999996,0.014215914999999968,0.31111589500000003,-0.0007087650000000001,0.32756553499999996,0.01120662,0.09045933,0.03550882000000005,0.028531769999999956,-0.0071121999999999574,0.11506289000000003,0.07386967,0.050408069999999916,0.004423800000000033,0.16126450000000003,-0.0010689200000000287,0.15171526000000002,0.0173045,0.17421206999999994,-0.007152229999999982,0.1514896,-0.03183121,-0.004742159999999995,-0.021722069999999982,0.00372773000000004,0.11667361180225846,0.0947995987744511
0.07493921000000003,-0.2314978749999999,0.07360073,-0.2370966349999999,0.07481296999999998,-0.2452299549999999,0.04963500999999998,-0.2512265749999999,0.048717730000000015,-0.2667340049999999,0.02698014999999998,-0.21758514499999992,-0.0019418499999999672,-0.2250188749999999,0.03812500000000002,-0.1304858049999999,-0.024042549999999996,-0.11725932499999991,0.07506581000000001,-0.09528377499999996,0.032581320000000025,-0.03678613499999994,0.009136050000000007,-0.0013458749999999409,-0.009136050000000007,0.0013458750000000519,0.013582670000000019,0.15833658500000014,0.008620730000000021,0.1758311250000001,0.012729849999999987,0.3138548750000001,-0.0005503699999999667,0.3290979850000001,0.01114485000000004,0.08709934000000003,0.03694080999999999,0.03520202999999994,-0.02210070000000003,0.10775954999999998,0.05662387000000002,0.08047318999999997,0.004446620000000012,0.15968246000000008,-0.0008528200000000319,0.15551828999999995,0.017756780000000028,0.17448525000000004,-0.009171099999999988,0.15326686,-0.028921999999999948,-0.007433729999999972,-0.018272100000000013,0.0026917499999999928,0.11476524870389819,0.056518927328435754
0.07532049499999999,-0.23443293000000004,0.07379196500000001,-0.23994657000000003,0.07543538500000002,-0.24784544000000003,0.04992914500000001,-0.25372806000000003,0.049469965000000005,-0.26900094,0.028420745000000025,-0.21751403000000002,-0.002384474999999997,-0.22702014000000004,0.039622705000000036,-0.1281409,-0.03102062499999997,-0.11584556000000001,0.07470829500000004,-0.089843,0.015547674999999983,-0.011325530000000028,0.009398475000000017,-0.0008430000000000382,-0.009398475000000017,0.0008429999999999271,0.014684425000000001,0.15549754999999998,0.009594745000000016,0.17242970000000002,0.012264945000000027,0.30981059999999994,-0.00036652500000000643,0.3229383,0.01120196000000001,0.08937313000000002,0.03508559,0.038297899999999996,-0.02863614999999997,0.11117458000000002,0.04656829999999995,0.10452002999999999,0.005285949999999984,0.15634055000000002,-0.002419479999999974,0.15431304999999995,0.018993220000000033,0.1715867000000001,-0.009961270000000022,0.1505086,-0.030805220000000022,-0.009506110000000012,-0.018796950000000034,0.0016859999999999653,0.11039190454210127,0.027755783580785447
0.07345154000000004,-0.238235095,0.07167657,-0.243692315,0.07374224000000001,-0.251382375,0.04728072,-0.257420975,0.04690670000000002,-0.272413775,0.024967440000000007,-0.22017637499999998,-0.00505247999999997,-0.22825685499999998,0.035360570000000036,-0.131895435,-0.038551489999999966,-0.11748451500000001,0.07052111,-0.08662641500000001,-0.007013629999999993,-0.005152574999999993,0.008774439999999994,-0.0011128750000000132,-0.008774439999999994,0.0011128750000000132,0.012748709999999996,0.15216457500000002,0.007901780000000025,0.17069822499999998,0.008219470000000006,0.306235065,-0.0018993399999999716,0.318712825,0.010393130000000028,0.08828093999999997,0.03516053999999996,0.04526901999999999,-0.033499009999999996,0.11077233999999997,0.03153785999999997,0.11233194000000002,0.003974270000000002,0.15327745000000004,-0.00452923999999999,0.15407048999999995,0.01667622000000002,0.16958534999999997,-0.009801119999999997,0.1480146,-0.030019919999999978,-0.008080480000000001,-0.01754887999999999,0.0022257500000000263,0.10547614317664683,0.006508172981613202
0.07317952999999999,-0.24045489499999995,0.07170847000000002,-0.24609768499999995,0.07324629999999999,-0.25336052499999995,0.04774719999999999,-0.260389885,0.04620373,-0.27428188499999995,0.027467279999999983,-0.221923885,-0.008058469999999984,-0.22664015499999995,0.034907789999999994,-0.13729976499999996,-0.04662086999999998,-0.11498548499999994,0.06755992999999999,-0.08561228499999995,-0.019136770000000025,-0.0038822149999999667,0.009552210000000005,-0.0014455150000000083,-0.009552210000000005,0.0014455150000000083,0.009767130000000013,0.15113981500000007,0.009223030000000021,0.16810215500000003,-0.0061770400000000225,0.30341321500000007,0.003959509999999999,0.316512475,0.007440510000000011,0.08462412000000002,0.032652139999999996,0.05168748000000001,-0.0385624,0.11165467000000001,0.027484099999999956,0.11110326999999998,0.00021492000000000733,0.15258533000000007,-0.015944170000000035,0.1522734,0.018775240000000026,0.16665664000000002,-0.0052635200000000215,0.14841031999999998,-0.03552574999999997,-0.004716269999999967,-0.01910442000000001,0.0028910300000000166,0.10222006041786166,0.010965787584414542
0.07341041000000004,-0.24291727000000007,0.07224373,-0.24939936000000007,0.07250766000000003,-0.25608155000000005,0.04923586000000002,-0.2634848000000001,0.04438517000000003,-0.27594429000000004,0.02782545000000003,-0.22173993000000009,-0.009161849999999971,-0.22725338000000006,0.03000031000000003,-0.1353437300000001,-0.05535502999999997,-0.11790813000000011,0.06409029,-0.08253523000000007,-0.025413189999999974,-0.0067805600000000465,0.009832110000000005,-0.001394030000000046,-0.009832110000000005,0.001394029999999935,0.006777510000000042,0.15111876999999996,0.008141380000000031,0.16717391999999998,-0.008192489999999997,0.3020897699999999,0.00110186000000001,0.31501943,0.0021748600000000007,0.08639619999999998,0.034089979999999964,0.052808500000000036,-0.04619318,0.10934524999999995,0.029941839999999997,0.11112757000000006,-0.003054599999999963,0.1525128,-0.014970000000000039,0.15097099999999997,0.017973490000000036,0.16577989000000004,-0.007039520000000021,0.14784551,-0.0369873,-0.005513449999999975,-0.01966422000000001,0.002788059999999981,0.09761067787057112,0.017595282766539978
0.07415422000000005,-0.24471435000000002,0.07284159000000001,-0.25184067000000004,0.07280404000000001,-0.25811625000000005,0.04984874000000006,-0.26517871000000004,0.04448762000000006,-0.27666241,0.02958030000000006,-0.22077997000000005,-0.009311729999999963,-0.22765672000000003,0.030823560000000028,-0.13368557000000003,-0.05756812999999994,-0.12397853000000003,0.06361476000000005,-0.07654117000000005,-0.026138179999999955,-0.013450830000000025,0.01050344000000003,-0.00114653000000009,-0.010503439999999975,0.001146529999999979,0.006721290000000046,0.15062328999999997,0.006074100000000027,0.16595598999999994,-0.00749377999999995,0.3013330999999999,-0.0003230799999999756,0.31412467,0.0012432599999999683,0.08709440000000002,0.03279120000000002,0.057144399999999984,-0.04825639999999998,0.10367819,0.031429949999999984,0.1105277,-0.003782149999999984,0.15176982000000006,-0.014215069999999996,0.15070980999999994,0.01657754,0.16480945999999996,-0.006397180000000002,0.14816868000000005,-0.03889203000000002,-0.006876749999999987,-0.021006880000000006,0.002293060000000069,0.09222344632940148,0.021389904484059752
0.07789927500000005,-0.24332919000000003,0.07639843500000004,-0.25100180000000005,0.07665097500000007,-0.25704606,0.053413365000000046,-0.26402225,0.04923117500000007,-0.27501593,0.03227689500000003,-0.21945203000000002,-0.0042158949999999695,-0.22815468000000005,0.034447785000000064,-0.13576863000000006,-0.05661028499999993,-0.13279883000000003,0.06322777500000004,-0.07448933000000002,-0.022406544999999944,-0.020041399999999987,0.01021030500000003,-0.0008357700000000134,-0.010210304999999975,0.0008357700000000134,0.011203735000000048,0.15125252,0.007376905000000045,0.16558087,0.006178615000000054,0.3029005699999999,-0.004951324999999951,0.31622350999999993,0.0021708900000000364,0.08368339999999996,0.028779989999999978,0.061279300000000037,-0.05239438999999996,0.09535585000000002,0.03420373999999998,0.11275743000000005,0.0009934300000000174,0.15208829000000001,-0.005025119999999994,0.15164804999999992,0.01758721000000002,0.16474509999999998,-0.012328229999999996,0.15064263999999994,-0.03649279,-0.008702650000000034,-0.020420610000000006,0.001671540000000027,0.09075075220555752,0.02417859585142403
0.077362235,-0.24501275000000006,0.07571086500000002,-0.25286389000000004,0.075907795,-0.25899623000000005,0.052927115000000025,-0.26450078000000005,0.048630985000000015,-0.27577249000000004,0.03421887500000004,-0.21686340000000004,-0.005618034999999966,-0.22944308000000002,0.03659061500000005,-0.13151645,-0.05971014499999999,-0.14053390000000004,0.061424115,-0.07216385000000003,-0.02267006499999996,-0.030345650000000002,0.011489835000000004,-0.0002448500000000742,-0.011489834999999948,0.00024484999999996315,0.012453285000000036,0.15126039999999996,0.004795995000000053,0.16508864999999995,0.008338365000000014,0.3000161499999999,-0.00824743499999997,0.31551454999999995,0.002371740000000011,0.08534695000000003,0.024833499999999953,0.05935259999999998,-0.05409211000000003,0.08890917999999998,0.03704008000000003,0.11018825000000004,0.0009634500000000323,0.15150525000000004,-0.004114920000000022,0.14875574999999996,0.01628583,0.16484379999999998,-0.013043430000000023,0.1504259,-0.03983691,-0.012579679999999982,-0.022979669999999952,0.0004897000000000373,0.08755441096894201,0.03256955991570808
0.07732023000000005,-0.24445862999999995,0.07541403000000002,-0.25234792999999994,0.07577193000000004,-0.25827087,0.05217983000000004,-0.26485828999999994,0.04834616000000003,-0.27539086999999995,0.03405890000000006,-0.21890510999999996,-0.006147739999999957,-0.23015986999999993,0.03627583000000001,-0.13463696999999997,-0.06069388999999997,-0.14439104999999997,0.06075767000000004,-0.06895876999999995,-0.02270379999999994,-0.03735714000000001,0.01159653000000005,-0.0006205299999999525,-0.011596529999999994,0.0006205300000000635,0.012304490000000057,0.15034563,0.004634830000000034,0.1657553300000001,0.007514210000000021,0.29996893,-0.007746769999999958,0.31782453,0.0022169299999999503,0.08426813999999999,0.024481840000000032,0.06567820000000002,-0.054546150000000015,0.08576881999999997,0.03799009000000003,0.10703390999999995,0.0007079600000000075,0.15096615999999996,-0.004790280000000036,0.14962330000000001,0.016231360000000028,0.16513480000000003,-0.012381599999999993,0.1520691999999999,-0.040206640000000016,-0.011254759999999975,-0.023193060000000043,0.001241060000000016,0.08418392205401931,0.03956860959753077
0.07820382499999995,-0.24469724000000004,0.07640915499999995,-0.2530412,0.07602193499999998,-0.25848400000000005,0.053684854999999976,-0.26546928000000003,0.04794070499999997,-0.27479670000000006,0.03669053499999997,-0.21801612000000004,-0.0063876950000000265,-0.22942054000000006,0.037391065,-0.13464940000000003,-0.06068632500000004,-0.14734685000000003,0.06079570499999998,-0.0677837,-0.021045864999999997,-0.04111340000000008,0.012575534999999971,-0.0005089000000000343,-0.012575535000000027,0.0005088999999999233,0.011599864999999987,0.15251835999999996,0.0021619449999999985,0.16733129999999996,0.006106824999999982,0.30077173999999995,-0.00813654500000005,0.31856063,0.0007005300000000325,0.08336672,0.023404639999999977,0.06686570000000003,-0.054298630000000014,0.08207369000000003,0.039640460000000044,0.10623344999999995,-0.000975669999999984,0.15302726,-0.005493040000000005,0.14825338,0.014737480000000025,0.16682240000000004,-0.010298490000000049,0.15122933000000005,-0.043078229999999995,-0.011404420000000026,-0.025151069999999998,0.0010177999999999576,0.08277127224991106,0.042475432282660756
0.07644198999999996,-0.24671914999999994,0.07473378999999997,-0.25496259999999993,0.07439016999999998,-0.26066043999999994,0.052257589999999965,-0.26804896999999994,0.04650218999999994,-0.27805077999999994,0.03550858999999995,-0.21982603999999994,-0.0074823100000000475,-0.23279156999999995,0.03416036999999994,-0.13357779999999997,-0.06036535000000004,-0.1505611799999999,0.05935368999999996,-0.06803179999999998,-0.020101510000000045,-0.045031359999999965,0.012568709999999983,-0.0002822999999999576,-0.012568710000000038,0.0002823000000000686,0.009519869999999986,0.1522709000000001,-0.0013272500000000576,0.1674715000000001,0.0021589899999999718,0.29790000000000005,-0.008536910000000064,0.3176709500000001,-0.001348220000000011,0.08624823999999998,0.02519332000000002,0.065546,-0.05288303999999999,0.08223039000000004,0.040263839999999995,0.10552981999999994,-0.003048839999999997,0.15255320000000006,-0.007360880000000014,0.14562909999999996,0.011241459999999981,0.16718920000000004,-0.007209660000000007,0.15019945,-0.0429909,-0.012965530000000003,-0.02513742000000002,0.0005646000000000262,0.08233364502954063,0.045935507599629326
0.07632717500000002,-0.24645584000000004,0.07454675500000002,-0.25460386000000007,0.07458615500000004,-0.26036017000000006,0.05180290500000001,-0.26839393000000006,0.04679751500000001,-0.27848730000000005,0.03363451500000003,-0.22141915000000006,-0.006712924999999981,-0.23243686000000008,0.03246187500000003,-0.13551944000000005,-0.05786654499999999,-0.14797857000000003,0.060133574999999995,-0.06926080000000001,-0.01574588499999996,-0.044694239999999996,0.011817095,-0.0008863000000000065,-0.011817095,0.0008862999999998955,0.009946705,0.1495515999999999,-0.0016216649999999944,0.16798192999999995,0.0019115150000000303,0.2952823,-0.010363424999999982,0.3184011699999999,-0.0011726400000000026,0.08589971000000002,0.027671699999999966,0.06625864000000004,-0.05115362000000001,0.08445829000000005,0.04212066000000003,0.10328433000000004,-0.0018703899999999996,0.1504378999999999,-0.00803518999999997,0.1457307000000001,0.010195430000000005,0.16709563000000005,-0.008741759999999987,0.15041923999999995,-0.04034744000000001,-0.011017710000000014,-0.02363419,0.001772599999999902,0.08372308218072481,0.045749546637706584
0.07735729000000002,-0.24836500999999994,0.07555279000000004,-0.25641767,0.07561785000000004,-0.26228108999999994,0.05270505000000003,-0.26923000999999996,0.04786345000000003,-0.27947487,0.03567180000000003,-0.22135322999999996,-0.006055979999999961,-0.23232089999999994,0.03602662000000001,-0.13533320999999998,-0.054368729999999976,-0.14636852999999994,0.06101355000000003,-0.06896576999999993,-0.01008271999999999,-0.04358646999999993,0.012376040000000033,-0.0006749299999999625,-0.012376039999999977,0.0006749300000000735,0.010179120000000041,0.15011028000000004,-0.002134109999999967,0.16665753000000005,0.003375140000000054,0.29396323,-0.009652319999999992,0.31615273,0.00035481999999997793,0.08602001999999997,0.02498693000000002,0.06636744000000006,-0.048312750000000015,0.08595237,0.04428600999999999,0.10278206000000001,-0.002196919999999991,0.15078521,-0.006803979999999987,0.14385294999999998,0.01024193000000001,0.16598259999999998,-0.007518210000000025,0.14949519999999994,-0.04172777999999999,-0.010967669999999985,-0.02475208000000001,0.001349860000000036,0.08384059999132697,0.044320772179446515
0.07791964499999998,-0.24676454000000003,0.075675145,-0.2549447,0.07623280500000001,-0.26045352000000005,0.05212122499999999,-0.26851472000000004,0.04824064499999997,-0.27769568000000006,0.03487579499999999,-0.22184896000000004,-0.004645424999999981,-0.23011970000000004,0.03689732499999998,-0.13442150000000008,-0.049156855,-0.13937790000000005,0.06223224500000002,-0.06881937000000005,-0.00633801500000003,-0.034492159999999994,0.011765374999999967,-0.0012256999999999962,-0.011765375000000022,0.0012256999999999962,0.010552304999999984,0.1486058,-0.0018258549999999873,0.1682152,0.003797724999999974,0.2941401,-0.009305995000000011,0.3185838999999999,0.0020215299999999936,0.08742745999999996,0.02533492000000004,0.06560213000000004,-0.04451143000000002,0.09074179999999998,0.04281883999999997,0.10488574000000006,-0.0012130699999999828,0.1498315,-0.00675458000000001,0.1455343,0.009939520000000035,0.1669895,-0.007480140000000024,0.1503686999999999,-0.03952121999999997,-0.008270739999999999,-0.02353074999999999,0.0024513999999999925,0.08435525586272508,0.036127852960689474
0.08019237000000001,-0.24475037499999996,0.07781881000000002,-0.25271132499999993,0.07873064000000002,-0.25838407499999994,0.05383330000000003,-0.26604427499999994,0.05109847000000001,-0.27551683499999996,0.03651504999999999,-0.22068345499999992,-0.0011932299999999896,-0.22871797499999996,0.04059784999999999,-0.13170903499999997,-0.041178080000000006,-0.132942075,0.06511057000000003,-0.07035022499999999,-0.0008299999999999974,-0.02750737499999989,0.011325870000000016,-0.0009300749999999747,-0.01132586999999996,0.0009300750000000857,0.01119855000000003,0.15037149500000002,0.00024381000000001096,0.16811312500000009,0.006507990000000019,0.29670992500000004,-0.006751779999999985,0.32028662500000005,0.0040827999999999975,0.08897441999999994,0.024512720000000043,0.061358809999999986,-0.039984850000000016,0.09577589999999997,0.04034808000000001,0.1054347000000001,-0.00012731999999998633,0.15130157,-0.00469056000000001,0.14633843000000002,0.011569679999999971,0.16718305,-0.006995589999999996,0.15217349999999996,-0.03770827999999998,-0.008034520000000045,-0.022651739999999976,0.0018601500000000604,0.08781771563934299,0.03031256916791115
0.08153481499999998,-0.24492435000000007,0.07907056499999998,-0.25239721000000004,0.08069533499999998,-0.25882595,0.05405601499999996,-0.26496521000000006,0.05368098499999996,-0.27615780000000006,0.03540459499999998,-0.22112069000000006,0.0011043549999999458,-0.22972462000000005,0.040211234999999956,-0.12936175000000005,-0.03564453500000003,-0.13041058000000005,0.06606621499999998,-0.0695433900000001,0.0024814949999999447,-0.027510750000000028,0.01033771499999997,-0.0008732500000000476,-0.010337715000000025,0.0008732499999999366,0.01097646499999999,0.15098564999999997,0.002197014999999969,0.16972604999999996,0.008187014999999964,0.2985793499999999,-0.0038990850000000243,0.3241822499999999,0.004806639999999973,0.09175894000000001,0.025854980000000027,0.05981835999999996,-0.03674888999999998,0.09931403999999999,0.03812602999999998,0.10289983000000003,0.0006387500000000212,0.15185890000000002,-0.0027894500000000266,0.14759369999999994,0.012534729999999994,0.16885280000000003,-0.006096099999999993,0.15445619999999993,-0.03430024000000004,-0.008603929999999982,-0.020675429999999995,0.0017464999999999842,0.08843785298089053,0.031144559733990416
0.08062219999999998,-0.24539821500000003,0.07796555999999999,-0.25276513500000003,0.08003819000000001,-0.259155585,0.05236279999999999,-0.265521385,0.05304882,-0.276588655,0.03324640000000001,-0.22269273500000003,0.0010336999999999708,-0.22869376500000005,0.03882405,-0.130456275,-0.032173300000000016,-0.12449801500000002,0.06600796999999997,-0.07173961500000003,0.0037859399999999876,-0.02397407500000004,0.009751559999999992,-0.0013552150000000207,-0.009751559999999992,0.0013552150000000207,0.01092928999999998,0.15050714499999995,0.001597819999999972,0.170730485,0.007064939999999964,0.29877548499999995,-0.0038030400000000353,0.32420438499999993,0.0055776499999999896,0.09223646000000002,0.027183919999999973,0.058716659999999976,-0.033206999999999987,0.10419575000000003,0.03595924,0.10052393999999998,0.001177729999999988,0.15186235999999997,-0.0038643500000000164,0.14826834,0.011349379999999964,0.16937526999999997,-0.005400860000000007,0.15347389999999994,-0.03221270000000004,-0.006001030000000018,-0.019503119999999985,0.0027104300000000414,0.09010409219035559,0.028719972809076656
0.08031859000000002,-0.24396247000000004,0.07749217000000003,-0.25134745000000003,0.07972892000000004,-0.25769545000000005,0.051758930000000036,-0.26442195,0.05294829000000001,-0.27540665000000003,0.03182333000000004,-0.22153968000000002,0.002470630000000029,-0.22858394000000004,0.03844451000000004,-0.12776259,-0.030392609999999987,-0.12487515000000005,0.06870569000000004,-0.0685735500000001,0.003944090000000011,-0.023149450000000016,0.00874491000000005,-0.0010908500000000876,-0.008744909999999995,0.0010908499999999766,0.010282360000000046,0.15013115,0.003097110000000014,0.16912231,0.0077663300000000435,0.30038915,-0.0031069099999999628,0.3242389499999999,0.006621180000000004,0.09377709000000001,0.03026118,0.059189039999999915,-0.032863240000000016,0.10370879,0.0343367,0.10172570000000003,0.0015374499999999958,0.15122200000000008,-0.0025160300000000024,0.150258,0.011842020000000009,0.16803146000000002,-0.006204019999999977,0.15511663999999992,-0.02935270000000001,-0.007044260000000024,-0.017489820000000045,0.002181700000000064,0.0902729745687955,0.027360607907902918
0.07867215999999999,-0.24619766999999998,0.07597123,-0.25372175,0.07776652,-0.25974295000000003,0.050952600000000015,-0.26745248,0.05067070000000001,-0.27769137,0.031307680000000004,-0.22408617000000003,0.00044016000000002276,-0.23066825000000002,0.036846500000000004,-0.13311908000000006,-0.03496105999999999,-0.12843145,0.06806724000000003,-0.07630804999999996,0.0017005600000000176,-0.025189649999999952,0.009180440000000012,-0.0013219500000000162,-0.009180440000000012,0.0013219500000000162,0.010409639999999998,0.14923984999999995,0.002932419999999991,0.16915860000000005,0.0061412900000000215,0.29800305000000005,-0.005256670000000019,0.32264462000000005,0.00553882,0.09096708999999997,0.031220740000000025,0.056811030000000096,-0.03540122000000001,0.10223680000000002,0.036661620000000006,0.10324180000000005,0.0012291999999999859,0.15056179999999997,-0.004268349999999976,0.1487632000000001,0.012112860000000003,0.16783665000000003,-0.00818909000000001,0.15348602,-0.03086751999999998,-0.00658207999999999,-0.018360880000000024,0.0026439000000000323,0.0953444828369738,0.028657653350544928
0.07616298499999996,-0.24679173,0.07352721499999998,-0.2543057,0.07521566499999999,-0.26033161,0.048761885000000005,-0.26843156,0.04798445499999998,-0.27874426,0.029793285000000003,-0.22504706000000002,-0.002834075000000047,-0.23163865,0.034387204999999976,-0.13465512999999996,-0.03967696500000001,-0.13036173000000006,0.066617755,-0.07649512999999997,-0.0011144849999999984,-0.026301279999999982,0.009697915000000001,-0.0014531700000000036,-0.009697915000000001,0.0014531700000000036,0.009873334999999983,0.14942073,0.0010151250000000056,0.16980856999999994,0.003564654999999972,0.29631767,-0.006594564999999997,0.32042446999999996,0.004593919999999974,0.09039193000000006,0.032230550000000024,0.05815999999999999,-0.03684288999999996,0.10127691999999994,0.03856248000000001,0.10406045000000008,0.0001754199999999817,0.1508739,-0.006308680000000011,0.14689693999999998,0.010713040000000007,0.16835539999999993,-0.007609690000000002,0.15061590000000002,-0.03262736000000005,-0.0065915899999999805,-0.019395830000000003,0.0029063400000000073,0.09418685654732933,0.029051415892644532
0.074645725,-0.2476579499999999,0.07214442500000001,-0.2552418799999999,0.07344887499999997,-0.26125165999999994,0.04794967499999997,-0.2691161799999999,0.046268945000000006,-0.27938877999999995,0.029574875,-0.2244965399999999,-0.004789205000000019,-0.23247259999999992,0.031480134999999965,-0.13450597999999991,-0.04483712500000003,-0.13348700999999996,0.06485635499999998,-0.07653617999999995,-0.003322925000000032,-0.029067579999999982,0.010216174999999994,-0.0012616799999999317,-0.010216174999999994,0.0012616800000000428,0.009406124999999987,0.15045819000000005,5.1114999999990474e-05,0.1697265200000001,0.0016479249999999945,0.29581482000000003,-0.008435844999999997,0.3211408600000001,0.0019052599999999642,0.08999056,0.03337622000000001,0.05796979999999996,-0.040047920000000015,0.09898558999999996,0.0415142,0.10441942999999998,-0.0008100500000000066,0.15171986999999998,-0.007758199999999993,0.14535663,0.010267289999999984,0.16846484000000006,-0.008486959999999988,0.15141433999999998,-0.03436408000000002,-0.007976060000000007,-0.020432349999999988,0.0025233599999999745,0.09301505050626163,0.031102747591010362
0.07288937000000006,-0.2483973450000001,0.07037638000000002,-0.25583447500000006,0.07172017000000003,-0.26188963500000007,0.046321760000000045,-0.26940482500000007,0.04447290000000004,-0.2798677950000001,0.029069230000000057,-0.2243393050000001,-0.007443299999999986,-0.2330639750000001,0.030589240000000018,-0.13507337500000005,-0.049139129999999975,-0.13611977500000005,0.06250243000000005,-0.07664477500000011,-0.006049169999999937,-0.029583175000000073,0.010894600000000032,-0.0012666250000000767,-0.010894599999999977,0.0012666249999999657,0.009054380000000029,0.14929458499999992,-0.0013667799999999564,0.1693526849999999,-0.0003829499999999375,0.2940232249999999,-0.010436819999999958,0.31935052499999994,0.0015200099999999606,0.08926593000000005,0.031913190000000036,0.05842859999999994,-0.04169582999999999,0.09694420000000004,0.04308996000000004,0.10653659999999998,-0.0018402200000000035,0.15056121,-0.009437329999999966,0.14472863999999996,0.00952782000000002,0.16808605999999993,-0.009070040000000001,0.14999784000000005,-0.03651253000000004,-0.00872466999999999,-0.02178920000000001,0.0025332500000000424,0.09135225018975399,0.031228005890945112
0.07194412499999997,-0.24806408499999993,0.07011524499999994,-0.25551748499999993,0.07054782499999995,-0.26179388499999995,0.04733450499999997,-0.269074805,0.04292046499999996,-0.28026122499999995,0.029641134999999985,-0.22328475499999995,-0.009549695000000025,-0.23200172499999994,0.02969781499999996,-0.13305908499999997,-0.05313681500000006,-0.132831225,0.060967124999999955,-0.07417435499999991,-0.009685035000000064,-0.028780084999999955,0.011649564999999973,-0.0013673849999999987,-0.011649565000000028,0.0013673849999999987,0.009116764999999971,0.14901994500000004,-0.002610915000000047,0.169585015,-0.0020961050000000148,0.294829655,-0.011655205000000057,0.3209715150000001,5.667999999997564e-05,0.09022566999999998,0.031269309999999995,0.05888473000000005,-0.043587120000000035,0.09917049999999994,0.043451779999999995,0.10405114000000004,-0.0025328000000000017,0.15038733000000004,-0.011212869999999986,0.14580970999999998,0.009038649999999981,0.16821763,-0.00904429000000001,0.1513865000000001,-0.03919083000000001,-0.00871696999999999,-0.02329913,0.0027347699999999975,0.0879379133533113,0.03021141051857389
0.07307460999999993,-0.24770857500000004,0.07105530999999993,-0.25519173500000003,0.07165048999999996,-0.26145433500000004,0.04791740999999994,-0.268813915,0.043725379999999925,-0.279896215,0.03020874999999995,-0.223165885,-0.00908153000000006,-0.23244481500000003,0.03061936999999998,-0.134050145,-0.05419807000000004,-0.13455094499999998,0.06091965999999993,-0.07608927500000007,-0.011358090000000043,-0.027629015000000035,0.01161555999999997,-0.0012010150000000275,-0.011615560000000025,0.0012010150000000275,0.008735669999999973,0.14968998499999997,-0.0018220100000000405,0.16951418499999993,-0.0010827400000000265,0.296730485,-0.011062590000000039,0.322006385,0.0004106200000000282,0.08911574,0.030300289999999952,0.05796086999999994,-0.04511653999999998,0.09789387000000005,0.04283998,0.10692192999999994,-0.002879889999999996,0.150891,-0.00981841,0.14704050000000002,0.009793549999999984,0.1683131699999999,-0.009240579999999998,0.15249220000000008,-0.03929028000000001,-0.009278930000000019,-0.023231119999999994,0.002402030000000055,0.08966128352102486,0.028831179660253302
0.07294287000000005,-0.247394065,0.07098305000000005,-0.25502014500000003,0.07154827000000002,-0.261116665,0.047962050000000034,-0.268649315,0.04390951000000004,-0.279387765,0.0304759,-0.22256756500000002,-0.009019049999999973,-0.23110766500000002,0.03032035000000005,-0.13325572500000005,-0.05406762999999998,-0.13299739500000007,0.060870190000000046,-0.07402206499999997,-0.011237669999999977,-0.026996734999999994,0.01164345,-0.0013676350000000337,-0.01164345,0.0013676350000000337,0.009528470000000011,0.14872300500000002,-0.0023097799999999835,0.16908883499999994,-0.0017837499999999729,0.296502535,-0.010726699999999978,0.322356395,-0.00015554999999994878,0.08931183999999998,0.030549839999999995,0.05923366000000008,-0.045048580000000005,0.09811026999999994,0.04282996,0.10600066000000008,-0.0021149799999999885,0.15009064000000005,-0.011312219999999984,0.14777953,0.009333670000000016,0.1677211999999999,-0.008416919999999994,0.15326756000000008,-0.03949494999999997,-0.008540099999999995,-0.0232869,0.0027352700000000674,0.08776068669770364,0.028367272391001952
0.07294377000000002,-0.24664800000000003,0.07095639000000004,-0.25420944,0.07171352000000003,-0.2603905,0.04785521000000004,-0.26780522,0.04455917000000004,-0.27875740000000004,0.03049709000000006,-0.22191117000000005,-0.00861985999999998,-0.23084182000000003,0.029369520000000038,-0.13191397000000005,-0.05358315999999996,-0.13342775000000007,0.06079914000000003,-0.07180140000000002,-0.010779689999999953,-0.027778750000000074,0.011585930000000022,-0.0014228000000000574,-0.011585929999999967,0.0014227999999999463,0.010731870000000032,0.14632939999999994,-0.00257099999999999,0.16780279999999992,-0.002264529999999987,0.2943789,-0.011124629999999969,0.32267689999999993,-0.0011275700000000222,0.0899972,0.03142961999999999,0.06011257000000003,-0.044963299999999984,0.09741406999999996,0.04280347000000001,0.10564899999999999,-0.0008540599999999898,0.1477522,-0.012996400000000019,0.14804950000000006,0.009014929999999977,0.16637999999999997,-0.008553629999999979,0.15487410000000001,-0.03911695000000004,-0.008930649999999984,-0.02317185999999999,0.0028456000000000037,0.08587832891052373,0.02921267781871599
0.07259622999999998,-0.24666874999999994,0.07068357999999997,-0.25421207999999995,0.07134110999999999,-0.26046264999999996,0.047710279999999994,-0.26760091999999996,0.04408980999999995,-0.27869188999999994,0.030819529999999984,-0.22178452999999998,-0.009206040000000026,-0.23030736999999996,0.030924959999999946,-0.13241168999999997,-0.05359553000000006,-0.13249214999999992,0.06099932999999996,-0.07223048999999993,-0.010402670000000058,-0.027786549999999965,0.01186216999999995,-0.0014599899999999666,-0.011862170000000005,0.0014599900000000776,0.009993209999999975,0.14600585,-0.003365150000000039,0.16766128000000002,-0.0023486500000000077,0.29329369000000005,-0.011496710000000021,0.32182215000000003,0.00010542999999996194,0.08937284000000001,0.030074370000000017,0.060181200000000046,-0.04438949000000003,0.09781522000000004,0.04319286,0.10470559999999995,-0.001868959999999975,0.14746583999999996,-0.012341859999999982,0.14728784000000006,0.008497019999999966,0.16620128999999995,-0.008131559999999982,0.15416087,-0.04002557000000001,-0.008522839999999976,-0.023724339999999955,0.002919980000000044,0.0861563936287702,0.029282934317134312
0.07201192000000001,-0.24862990000000001,0.06986848000000001,-0.2562041,0.07072424999999999,-0.262295,0.04658103000000002,-0.2691932,0.04354702999999999,-0.2796822,0.032248940000000004,-0.22350875000000003,-0.011358050000000008,-0.23057792,0.03301611999999998,-0.13566282000000002,-0.05503046,-0.13340472999999997,0.06187927999999998,-0.07535212999999996,-0.010458469999999997,-0.028593199999999985,0.01310703000000002,-0.002104899999999965,-0.01310703000000002,0.002104899999999965,0.012611240000000024,0.142308,-0.0044088399999999695,0.16882706000000003,-0.0032770599999999983,0.2883306,-0.011503460000000021,0.32468176000000004,0.0007671799999999784,0.08784593000000002,0.02886316,0.060310690000000056,-0.043672409999999995,0.09717319000000002,0.044571990000000006,0.10481152999999999,-0.000495789999999996,0.14441289999999996,-0.015888300000000022,0.1460226,0.00869819000000005,0.16672216000000006,-0.0070946200000000514,0.1558547,-0.04360699000000001,-0.007069169999999958,-0.02621406000000004,0.00420979999999993,0.08799936972919406,0.03081214393195639
0.07240087,-0.24859461500000007,0.07030756999999999,-0.25612684500000005,0.07112993000000001,-0.26225924500000003,0.046971719999999995,-0.26849636500000007,0.04389086999999997,-0.27915322500000006,0.032643809999999995,-0.22230052500000003,-0.011206610000000006,-0.22972172500000004,0.035354300000000005,-0.13545739500000004,-0.05526039999999999,-0.13291554500000002,0.06265219,-0.07530054500000005,-0.010141000000000011,-0.028093545000000053,0.01313696999999997,-0.001722305000000035,-0.013136970000000026,0.001722304999999924,0.011816969999999982,0.14501705499999995,-0.004195549999999992,0.16773655499999995,-0.001464030000000005,0.291005105,-0.011405090000000007,0.32087358499999996,0.00271049000000001,0.08684312999999999,0.02729788999999999,0.060156849999999984,-0.04405378999999998,0.09680618000000002,0.045119399999999976,0.10482199999999997,-0.0013199999999999878,0.14673935999999999,-0.013280999999999987,0.14598805000000004,0.008941420000000033,0.16601425000000003,-0.007209540000000014,0.15313703,-0.04385042,-0.007421200000000017,-0.026273939999999996,0.003444609999999959,0.08868773541559173,0.029965993183330313
0.07295729000000001,-0.24956480000000003,0.07093016000000002,-0.25710868000000003,0.07185369000000003,-0.26333626000000004,0.04763856999999999,-0.26997276000000003,0.04478099000000002,-0.28087972,0.032603360000000026,-0.22377620000000004,-0.01041485999999997,-0.23136388000000002,0.03417819,-0.13657655000000002,-0.05486460999999998,-0.13402570000000003,0.06253225000000001,-0.07836606000000002,-0.00926558999999999,-0.029662900000000048,0.012861690000000037,-0.0018008999999999942,-0.012861689999999981,0.0018008999999999942,0.011740790000000001,0.14548485,-0.004425609999999969,0.1693346,-0.0015222099999999683,0.29005264,-0.011013229999999985,0.32232885,0.0015748299999999715,0.08719965000000002,0.028354060000000014,0.058210490000000004,-0.04444975000000001,0.09733818,0.04559901999999999,0.10436279999999998,-0.0011209000000000358,0.14728575,-0.01326299999999997,0.14456778999999997,0.008436080000000012,0.1675337,-0.006587620000000016,0.15299425,-0.043018219999999996,-0.0075876799999999855,-0.025723380000000018,0.0036017999999999883,0.09126548228404428,0.031668638203276166
0.0740593,-0.2499520549999999,0.07188539,-0.2575321349999999,0.07278056999999999,-0.2638239349999999,0.04822797000000001,-0.2705721349999999,0.045401369999999996,-0.2814841649999999,0.03257722999999996,-0.22438963499999992,-0.009529330000000003,-0.23288688499999993,0.03362723000000001,-0.13527229499999993,-0.053532670000000004,-0.1351622349999999,0.06438937,-0.07715663499999992,-0.006222530000000004,-0.03174473499999986,0.01261137000000001,-0.0015752649999999369,-0.01261137000000001,0.0015752650000000479,0.011561529999999987,0.1475366050000001,-0.003408430000000018,0.1694577650000001,-0.00014026000000000316,0.29113746500000004,-0.00929722999999999,0.32145872500000006,0.001050000000000051,0.08911733999999999,0.030762139999999993,0.05811566000000001,-0.04400334,0.09772465000000002,0.04731014,0.10341750000000005,-0.001049840000000024,0.14911187000000004,-0.01170178999999999,0.14360085999999994,0.009202939999999993,0.16788250000000005,-0.005888799999999972,0.15200095999999996,-0.04210655999999996,-0.008497250000000012,-0.02522274000000002,0.0031505299999999847,0.09161607268965909,0.033926975646903654
0.07403284000000004,-0.25089651,0.07215333000000002,-0.25867301,0.07256151000000005,-0.26503008,0.04891001000000006,-0.27119025,0.04567471000000006,-0.28225422,0.032967240000000064,-0.22466684999999997,-0.008839389999999947,-0.23431085000000001,0.03320539000000006,-0.13555509,-0.05363383999999999,-0.13716857999999998,0.06675616000000006,-0.07955794999999999,-0.0023962299999999437,-0.03476619999999997,0.012545940000000033,-0.0012313499999999644,-0.012545939999999978,0.0012313499999999644,0.009337430000000035,0.14987969999999995,-0.003959989999999969,0.16958141999999998,0.0009624700000000486,0.29297385,-0.009114149999999988,0.32217700000000005,0.00023814999999999253,0.08911175999999998,0.03355077000000001,0.05599714,-0.04479445000000004,0.09714227000000003,0.051237610000000045,0.10240238000000002,-0.0032085099999999978,0.1511110499999999,-0.008374959999999987,0.14309415000000003,0.008585950000000009,0.16835007000000002,-0.005154160000000019,0.15259558000000006,-0.04180663000000001,-0.009644000000000041,-0.02509188000000001,0.002462699999999929,0.09525651799225293,0.03740107243230595
0.07383474000000001,-0.25019685,0.07221301999999996,-0.25778649,0.07240306999999996,-0.2642198,0.04940422999999999,-0.27053037,0.04566239999999999,-0.2819624,0.03327881999999999,-0.22428277000000002,-0.009139060000000032,-0.23458884000000002,0.03184636999999996,-0.13357607000000005,-0.05233956000000001,-0.13826001,0.06546791999999996,-0.08089760999999995,0.0019479699999999656,-0.04181157000000002,0.012892369999999986,-0.0013683700000000076,-0.012892370000000042,0.0013683700000000076,0.011195719999999965,0.14812163,-0.0036265000000000325,0.16958817000000004,0.00024553999999998855,0.29156552999999996,-0.008904369999999995,0.32196506,-0.0014324500000000295,0.09070669999999997,0.03362155,0.052678460000000094,-0.043200499999999975,0.09632883000000003,0.05428752999999997,0.09644843999999997,-0.0016966500000000218,0.14949,-0.010950179999999976,0.14344389999999996,0.00926587000000001,0.16821980000000003,-0.005277869999999962,0.15237689,-0.04241788000000002,-0.01030607,-0.025784740000000028,0.0027367400000000153,0.09533671104448742,0.04565898498345317
0.07483564999999998,-0.247644105,0.07318173,-0.25534686500000003,0.07309471000000001,-0.26171036500000006,0.05045481000000002,-0.26795319500000003,0.04602824999999999,-0.279128205,0.03451510000000002,-0.221480265,-0.00913708000000002,-0.232040505,0.03182060999999997,-0.12740236500000002,-0.05162637000000003,-0.133301895,0.06676555,-0.08070473500000008,0.01162411000000002,-0.048991565000000015,0.013362419999999986,-0.001367734999999981,-0.013362419999999986,0.001367734999999981,0.011856949999999977,0.15142037499999994,-0.002241890000000024,0.17108223499999997,0.0011970000000000036,0.29551513499999993,-0.008364719999999992,0.32639453499999993,-0.0026944900000000493,0.09407789999999999,0.034944940000000035,0.046697629999999934,-0.04248929000000001,0.09873861,0.06325048000000005,0.08431032999999999,-0.0015054700000000087,0.15278810999999992,-0.010659949999999974,0.14409476,0.011120529999999962,0.1697145,-0.006122829999999968,0.15531229999999996,-0.04365218000000004,-0.010560239999999999,-0.026724839999999972,0.002735469999999962,0.0956360489710701,0.05621730852620836
0.07358222999999997,-0.24835887,0.07142651,-0.25573498,0.07221781999999999,-0.26244732,0.04738087000000002,-0.26782605,0.04544541000000002,-0.27958822,0.032125179999999975,-0.22285804000000003,-0.010543670000000005,-0.232394,0.030887720000000007,-0.13145804000000005,-0.05062015000000003,-0.13556343000000004,0.06651351,-0.08465606000000003,0.016985949999999972,-0.06128429999999996,0.013133950000000005,-0.00153100000000006,-0.013133950000000005,0.001530999999999949,0.011088399999999998,0.15173983999999996,-0.002487000000000017,0.17018073999999994,0.00015419999999999323,0.29446465,-0.008608549999999993,0.3251303,-0.001237459999999968,0.09139999999999998,0.03562578999999999,0.04680198000000002,-0.040076480000000025,0.09683056999999995,0.0676061,0.07427913000000008,-0.002045550000000007,0.15327084000000002,-0.010934200000000005,0.14272481000000004,0.010646949999999988,0.16864974,-0.006121549999999976,0.15494956000000004,-0.04266884999999998,-0.009535959999999954,-0.02626790000000001,0.003062000000000009,0.09878842556593963,0.06966326356193762
0.07444319500000002,-0.24506229500000004,0.07204824500000001,-0.25269633500000005,0.07280397500000002,-0.25919085500000005,0.047738075000000046,-0.265103725,0.04539274500000001,-0.27614089500000005,0.032645225000000055,-0.22063565500000004,-0.010262354999999945,-0.22867469500000004,0.03315511500000001,-0.12910985500000005,-0.045562924999999976,-0.130714895,0.07013124500000001,-0.08349239500000005,0.031141045000000034,-0.06257849500000001,0.013316305000000028,-0.0018158550000000329,-0.013316304999999973,0.0018158549999999218,0.01117807500000001,0.15294623499999993,-0.0018837749999999764,0.17115940499999993,0.0006991050000000332,0.296578005,-0.008178454999999973,0.32771330499999995,0.0005098899999999573,0.09152579999999999,0.036976129999999996,0.04561746,-0.03530057000000003,0.09795980000000004,0.07670397000000001,0.06813639999999999,-0.0021382300000000187,0.15476208999999996,-0.010478969999999976,0.14363177000000005,0.011432529999999996,0.16934355,-0.006294679999999997,0.15655390000000002,-0.04290758,-0.008039039999999997,-0.02663261,0.0036317099999999547,0.09949369122499778,0.07825016473429938
0.07528847999999999,-0.24452637000000005,0.07282432999999999,-0.25211914,0.07361089999999998,-0.25869797,0.047884099999999985,-0.2644183,0.04580795999999998,-0.27548140000000004,0.03145053999999997,-0.22157024000000003,-0.008969300000000013,-0.22696872,0.03474172999999997,-0.12738243999999999,-0.036961940000000026,-0.12341800000000003,0.0728837,-0.08497165000000007,0.04257449999999996,-0.06846470000000004,0.012830299999999961,-0.0021375000000000144,-0.012830300000000017,0.0021375000000000144,0.01200764999999998,0.15478903999999993,-8.666000000001617e-05,0.17198974999999994,0.0028748799999999686,0.29868986,-0.007462320000000022,0.32606305,0.0032911899999999994,0.09418780000000004,0.038141970000000025,0.04241078999999992,-0.027992640000000013,0.10355071999999998,0.07953643999999999,0.05495329999999998,-0.0008226499999999803,0.15692653999999995,-0.009132770000000012,0.14390082000000004,0.01274364,0.16985224999999993,-0.007375660000000006,0.15407330000000008,-0.040419839999999985,-0.005398479999999983,-0.025660599999999978,0.004275000000000029,0.102312791271583,0.08974610023772624
0.07485745500000002,-0.24479256500000002,0.07253402500000006,-0.252458085,0.07312482500000006,-0.25919528500000005,0.04738752500000004,-0.264816115,0.04501859500000005,-0.27622528500000004,0.02856302500000002,-0.22260908500000004,-0.008894814999999945,-0.22698474500000004,0.02927542500000002,-0.12600163500000006,-0.03286804499999996,-0.12087568500000001,0.07155752500000001,-0.08725518500000007,0.04950426500000005,-0.07546438500000008,0.012146075000000034,-0.0025064150000000396,-0.012146074999999978,0.0025064149999999286,0.012254255000000047,0.15439951499999993,-8.685499999994128e-05,0.172761285,0.00248314500000002,0.298270665,-0.007106314999999974,0.326139215,0.0007124000000000019,0.09660744999999998,0.04228209999999999,0.03874644999999999,-0.023973230000000012,0.10610906000000003,0.08237231,0.04541129999999993,0.00010818000000001327,0.15690592999999997,-0.009771110000000027,0.14387115000000006,0.012059220000000037,0.17025487000000006,-0.007019460000000033,0.15337793,-0.037457839999999964,-0.0043756600000000034,-0.024292150000000012,0.005012829999999968,0.10349915172413444,0.09939924584601034
0.07548432,-0.24347373,0.07335967999999998,-0.25100188,0.07403613999999997,-0.25807984,0.048167179999999976,-0.2628072,0.046279630000000016,-0.27511643,0.027439979999999975,-0.22086287999999998,-0.006894920000000027,-0.22470622,0.029541119999999976,-0.12190113999999996,-0.026640370000000024,-0.11486976000000004,0.07527403999999999,-0.09299027000000004,0.05875577999999998,-0.08313565,0.011256680000000019,-0.0027781000000000056,-0.011256680000000019,0.0027781000000000056,0.012765599999999988,0.15520674999999995,0.0018540200000000118,0.17548969999999997,0.004541919999999977,0.2985483,-0.00623874000000002,0.32938259999999997,0.0021011400000000013,0.09896174000000002,0.04573292000000001,0.028910869999999922,-0.019745449999999998,0.10983645999999997,0.08539615,0.03173411000000004,0.0015089199999999692,0.15798484999999995,-0.008223680000000011,0.14334155000000004,0.01311070000000003,0.17271159999999997,-0.008092760000000032,0.1538929,-0.0343349,-0.0038433400000000284,-0.022513360000000038,0.005556200000000011,0.11061852465784608,0.11082832216682748
0.07504913000000002,-0.24285102000000003,0.07338575000000003,-0.25022748000000006,0.07375252000000004,-0.25766036000000003,0.049052750000000034,-0.26205855000000006,0.04681845000000001,-0.2755791,0.028179670000000046,-0.21978474000000003,-0.0060746999999999884,-0.22655758000000004,0.03149255000000001,-0.1178768,-0.02412527999999997,-0.11601320000000004,0.07915385000000003,-0.09462544000000006,0.06242531000000001,-0.08544573,0.011296810000000046,-0.0021385999999999905,-0.01129680999999999,0.0021385999999999905,0.013663680000000011,0.15577445,0.0026069900000000312,0.17395523000000002,0.006307480000000032,0.30071899999999996,-0.005088569999999959,0.32849969999999995,0.0033128799999999625,0.10190794000000003,0.04766130000000002,0.023251359999999943,-0.018050579999999983,0.11054438,0.08655058999999998,0.03056747000000004,0.0023668699999999654,0.15791305,-0.007356199999999979,0.14494454999999995,0.013903800000000022,0.17181663000000003,-0.00769555999999999,0.15454446999999993,-0.034254370000000034,-0.006772840000000002,-0.022593620000000036,0.004277199999999981,0.11471004075819698,0.11448129034407019
0.07455658499999995,-0.24344914,0.07317878499999997,-0.25079418,0.07321621499999997,-0.25831406,0.04927270499999997,-0.26223706,0.046303884999999934,-0.27600972,0.028705014999999945,-0.22017420999999998,-0.006443635000000059,-0.22565343,0.03395153499999998,-0.12016563000000002,-0.021102475000000065,-0.11368217999999997,0.08020846499999995,-0.10072694999999998,0.06598128499999995,-0.08804712999999997,0.011664014999999972,-0.002359879999999981,-0.011664015000000028,0.002359879999999981,0.014718454999999964,0.15464692000000002,0.0029934849999999624,0.17359162000000006,0.006592464999999936,0.29995526000000006,-0.004567995000000047,0.32783732,0.005246520000000032,0.10000857999999996,0.046256929999999974,0.01943868000000004,-0.014658840000000006,0.11197125000000002,0.08708376000000001,0.025635049999999993,0.0030544399999999916,0.1570068,-0.008125990000000027,0.14530834000000004,0.01465749999999999,0.17123174000000008,-0.007561480000000009,0.15424569999999993,-0.035148650000000004,-0.005479220000000007,-0.02332803,0.004719759999999962,0.1198933779913945,0.11917306771762691
0.07262025,-0.24421632999999998,0.07163791000000003,-0.25125929999999996,0.07106605999999999,-0.25923372,0.04834289000000003,-0.2613291,0.043751280000000004,-0.27628119999999995,0.028728399999999987,-0.21880496,-0.008881619999999979,-0.22505981999999997,0.03539897000000003,-0.11922369999999993,-0.019058729999999968,-0.11216333999999994,0.07911197000000003,-0.10357739999999993,0.06643385000000002,-0.08965407000000003,0.012653870000000011,-0.0020670999999999884,-0.012653870000000011,0.0020670999999999884,0.01431815000000003,0.1555478,0.0012506300000000303,0.17367980000000005,0.004691670000000037,0.3013633,-0.00596561000000001,0.32803627,0.006670570000000042,0.09958126000000006,0.043713,0.015646300000000002,-0.01017710999999999,0.11289648000000002,0.08549257999999998,0.022509269999999915,0.001664280000000018,0.1576149,-0.009626479999999993,0.1458155,0.013904500000000042,0.17161270000000006,-0.00721624000000004,0.15435646999999997,-0.037610019999999966,-0.006254859999999973,-0.025307740000000023,0.004134199999999977,0.12133021083679031,0.12111003460063624
0.07267315499999999,-0.24490584999999998,0.07172256499999996,-0.25157128999999995,0.07130700499999998,-0.25990437,0.04818315499999998,-0.26075224999999996,0.043676555000000006,-0.27662752999999995,0.02908665499999996,-0.21898321999999998,-0.009945344999999994,-0.22458870999999997,0.038860654999999966,-0.12214000999999997,-0.01609116500000002,-0.11188372000000002,0.08298787499999999,-0.10594930000000002,0.06972593499999996,-0.09271324999999997,0.013193905000000006,-0.002207049999999988,-0.013193905000000006,0.002207049999999988,0.015223655000000003,0.15497305000000006,0.0010608149999999927,0.17365180000000002,0.0051422150000000055,0.29952489000000004,-0.005339475000000038,0.32720465,0.009774000000000005,0.09684321000000001,0.04412722000000002,0.01619070999999994,-0.006145820000000024,0.11270498999999995,0.08581709999999998,0.01917047000000005,0.002029749999999997,0.15718010000000004,-0.010081439999999997,0.14455184,0.014254719999999999,0.17144475000000003,-0.006400290000000031,0.15355284999999996,-0.039031999999999956,-0.005605489999999991,-0.02638781000000001,0.004414099999999976,0.12503460594340834,0.12603794356349832
0.07225762000000002,-0.24381582000000007,0.07129584,-0.25015737000000005,0.07117663000000002,-0.25886418000000005,0.04749681,-0.25883518000000005,0.04386453000000001,-0.2755568500000001,0.02891661000000001,-0.21832939000000007,-0.010338109999999956,-0.22294270000000005,0.04162836000000003,-0.12384380000000006,-0.014218789999999981,-0.10897770000000007,0.08405234,-0.10972406000000001,0.07199134000000001,-0.09605540000000001,0.013286310000000023,-0.0022277000000000546,-0.013286309999999968,0.0022276999999999436,0.015538020000000041,0.15600703999999999,0.001575900000000019,0.17370514999999997,0.0045671600000000145,0.3009681999999999,-0.006258859999999977,0.3282242999999999,0.012711750000000022,0.09448559000000001,0.04242397999999997,0.014119740000000047,-0.0038806800000000252,0.11396499999999998,0.08621013,0.012922300000000053,0.002251710000000018,0.15823474000000004,-0.010970860000000027,0.14496115999999992,0.014862209999999987,0.17147745000000003,-0.007834759999999996,0.15451914999999994,-0.039254719999999965,-0.004613309999999982,-0.02657261999999999,0.004455399999999998,0.12869847868257997,0.1301224244130599
0.07261371499999997,-0.24485687500000003,0.07157365500000001,-0.251055165,0.07163451500000001,-0.259991525,0.047311314999999965,-0.259572275,0.04412476500000001,-0.276742855,0.02787373500000001,-0.21975187499999999,-0.009575685,-0.22351969500000002,0.04236395500000001,-0.12635362500000002,-0.01046584500000003,-0.10887638499999996,0.08644897499999998,-0.11182955500000002,0.07524679499999998,-0.09956858499999999,0.012779015000000005,-0.002329424999999996,-0.012779015000000005,0.002329424999999996,0.015299444999999967,0.15783777499999996,0.002079255000000002,0.17519747499999994,0.005328064999999993,0.301965775,-0.0059348250000000324,0.328585875,0.014490219999999998,0.09339824999999996,0.044085019999999975,0.01452407,-0.0008901600000000287,0.11464331000000005,0.08571264,0.009307799999999977,0.0025204299999999624,0.16016719999999995,-0.009971379999999974,0.14412800000000003,0.014858270000000007,0.17286804999999994,-0.008014080000000035,0.1533884000000001,-0.03744942000000001,-0.003767820000000033,-0.02555803000000001,0.004658849999999992,0.1319755336280877,0.13465417805666557
0.06737341499999999,-0.250829085,0.06692131499999998,-0.256669685,0.06642341499999999,-0.265533075,0.044444415000000015,-0.261246365,0.040057655000000025,-0.279924435,0.024530514999999975,-0.219271585,-0.010195485000000004,-0.226369955,0.03924345499999998,-0.12766338499999996,-0.009219984999999986,-0.11298079500000002,0.08185511499999998,-0.11847233499999998,0.07159281499999998,-0.10397993500000002,0.011744915000000022,-0.0015173649999999927,-0.011744915000000022,0.0015173649999999927,0.012180915000000014,0.15483080500000002,-0.003400084999999997,0.16979236499999995,0.003184055000000019,0.299267395,-0.00711092499999999,0.32586666499999994,0.014712940000000008,0.09160820000000003,0.042611659999999996,0.009191049999999978,0.000975500000000018,0.11338915999999999,0.08081279999999996,0.00900086,0.00043599999999999195,0.15634817,-0.008996859999999995,0.14443658999999998,0.008344830000000025,0.16827499999999995,-0.003710839999999993,0.1560743,-0.03472599999999998,-0.0070983700000000205,-0.023489830000000045,0.0030347299999999855,0.1363594703412304,0.13444276681489006
0.06818778500000006,-0.250315165,0.06747100500000003,-0.256422255,0.06725356500000007,-0.264990305,0.04455585500000003,-0.261469725,0.040966885000000064,-0.279431795,0.02358978500000003,-0.21925662499999998,-0.007808214999999952,-0.22620812499999998,0.03922910500000004,-0.12514742499999998,-0.005418854999999945,-0.11311102500000003,0.08371228500000005,-0.11686592500000004,0.07462913500000007,-0.10612717500000002,0.010692815000000022,-0.0015322250000000537,-0.010692814999999967,0.0015322250000000537,0.011513185000000037,0.15388947500000005,-0.001853714999999978,0.16960387499999996,0.003996415000000031,0.29893657500000004,-0.00657229499999995,0.324739675,0.015639320000000012,0.0941092,0.04448318000000001,0.008281499999999942,0.002389360000000007,0.11309709999999995,0.08004799000000001,0.006983850000000014,0.0008203700000000147,0.1554217000000001,-0.007516770000000006,0.14504709999999998,0.008839099999999989,0.1680716499999999,-0.004718579999999972,0.15513580000000005,-0.03139799999999998,-0.006951499999999999,-0.02138562999999999,0.0030644500000001074,0.13650533086576105,0.13736950738851225
0.06837016500000004,-0.251498945,0.06762922500000002,-0.25777453499999997,0.06749588500000003,-0.266232465,0.04445624500000006,-0.262856785,0.041330405000000014,-0.280565815,0.022685765000000024,-0.22043729499999998,-0.006924684999999986,-0.22690301499999999,0.03821516500000005,-0.12509301500000003,-0.003888894999999948,-0.11343315499999995,0.08252016500000003,-0.11740497500000002,0.07563388500000007,-0.10806851499999992,0.010141135000000023,-0.001611315000000002,-0.010141134999999968,0.001611315000000002,0.010606745000000029,0.153586785,-0.0015259949999999467,0.169870945,0.004143265000000063,0.2985712850000001,-0.0061381349999999335,0.32340481500000007,0.015529400000000027,0.09534427999999995,0.04430499999999998,0.007688040000000007,0.003035790000000038,0.11346986000000003,0.07952278000000002,0.005364640000000032,0.0004656100000000052,0.1551981,-0.006463479999999966,0.14498450000000007,0.008615140000000021,0.16825963,-0.004612139999999987,0.15353387000000007,-0.02961045000000001,-0.006465720000000008,-0.02028226999999999,0.003222630000000004,0.13655363664119863,0.1392372764917114
0.06754982500000001,-0.25056586000000003,0.067061125,-0.25664696000000004,0.06672114499999998,-0.26538265,0.04427268499999998,-0.26175592000000003,0.04045021500000001,-0.28020704,0.02245187500000001,-0.21978626,-0.007828624999999978,-0.22684756,0.03822329499999999,-0.12545428000000003,-0.004061584999999979,-0.11393275999999997,0.08158176499999997,-0.11739302000000007,0.07459902499999999,-0.10689572000000003,0.010383874999999987,-0.0014487800000000384,-0.010383874999999987,0.0014487800000000384,0.01051091500000001,0.15446994000000003,-0.002169315000000005,0.17030557999999996,0.003091805000000003,0.30039318000000004,-0.007229335000000003,0.32430828,0.01577141999999998,0.09433197999999998,0.04335846999999998,0.008061259999999959,0.0037670399999999993,0.11291480000000004,0.07866060999999996,0.007037039999999939,0.0001270400000000227,0.15591872000000007,-0.0074191100000000065,0.14592324,0.008214559999999982,0.16885679999999992,-0.005060019999999998,0.15400270000000005,-0.030280499999999988,-0.007061299999999993,-0.020767749999999974,0.0028975600000000767,0.13605956904837566,0.13769758157883533
0.06898840499999997,-0.248353785,0.06878995500000001,-0.254628625,0.06822442499999998,-0.26330316499999995,0.046399444999999984,-0.260172515,0.04229512499999999,-0.278590085,0.023701605000000014,-0.21873220499999996,-0.005665835000000008,-0.22522193499999998,0.04027122500000002,-0.123188085,-0.001480635000000008,-0.11028304499999997,0.08429860500000003,-0.11482058499999992,0.07761463499999999,-0.10499653499999995,0.010047044999999977,-0.001461414999999966,-0.010047044999999977,0.001461415000000077,0.010909524999999975,0.15528771500000005,-0.0007539349999999834,0.17066361500000005,0.005533705,0.30142171500000003,-0.00534752500000002,0.3248087150000001,0.016569620000000007,0.09554411999999995,0.044027380000000005,0.008367500000000083,0.0041852,0.11493889000000002,0.07909527,0.005286510000000022,0.0008624799999999988,0.15674913000000001,-0.005375819999999976,0.146134,0.009293109999999993,0.16920219999999997,-0.004593590000000036,0.15414510000000003,-0.029367440000000022,-0.006489730000000027,-0.020094089999999953,0.002922830000000043,0.13551234477169413,0.13790527639878358
0.06874746999999998,-0.24830587000000004,0.06828747000000002,-0.25455181000000004,0.06809043999999997,-0.26314409000000005,0.04560589999999998,-0.26038687000000005,0.0423848,-0.27862945000000006,0.022960009999999975,-0.21868147000000004,-0.005364089999999988,-0.22590999000000006,0.03950777,-0.121857,-0.0015455799999999909,-0.11146925000000008,0.08466141999999999,-0.11381759000000002,0.07759723000000002,-0.10524624999999999,0.009725810000000001,-0.0013518500000000433,-0.009725810000000001,0.0013518499999999323,0.011580370000000006,0.15474329999999992,-0.00026830999999999383,0.16984495,0.005887240000000016,0.30054485,-0.005446830000000014,0.32307204999999994,0.016547760000000022,0.09682447000000005,0.04515364999999999,0.008039409999999969,0.003818509999999997,0.11444073999999999,0.07914281000000001,0.00622300000000009,0.001854560000000005,0.15609514999999996,-0.005693129999999991,0.14580155000000006,0.009457500000000008,0.16849310000000006,-0.00517852000000002,0.15322709999999995,-0.028324099999999963,-0.007228520000000016,-0.019451620000000003,0.0027036999999999756,0.1351439540631385,0.13779865107631348
0.06928296500000003,-0.24864435500000004,0.06898853500000002,-0.2547539750000001,0.06886160500000005,-0.26358241500000007,0.04626578500000006,-0.2604338850000001,0.04309624500000003,-0.27939862500000007,0.022489905000000032,-0.21883065500000004,-0.004774684999999945,-0.22659853500000005,0.04005664500000006,-0.12154335500000002,-0.00018663499999993505,-0.11143615500000004,0.08499008500000005,-0.11561101500000004,0.07844436500000002,-0.10564845500000009,0.00940233500000004,-0.0011779050000000346,-0.009402334999999984,0.0011779049999999236,0.01094633500000003,0.15460151499999997,-1.5349999999414443e-06,0.16921961499999993,0.0071276150000000316,0.30008764499999996,-0.005362204999999953,0.320390945,0.017566740000000025,0.09728730000000002,0.04493343999999999,0.00593233999999998,0.00458805000000001,0.11516238000000001,0.07863099999999995,0.005787699999999951,0.0015439999999999898,0.15577942,-0.0038187199999999977,0.14548613,0.009400800000000042,0.16804171,-0.005360670000000012,0.15117133000000005,-0.027264589999999977,-0.007767880000000005,-0.018804670000000023,0.002355809999999958,0.13714388289068746,0.13830731684093797
0.06821341999999997,-0.24876867999999996,0.06809969999999999,-0.25464293,0.06793259999999995,-0.26366385,0.04560656999999996,-0.26011568,0.042354100000000006,-0.27961395,0.022219799999999956,-0.2189703,-0.005822220000000045,-0.22644474999999997,0.04028625999999996,-0.12382667999999997,-0.0004348600000000369,-0.11162344999999996,0.08436734999999995,-0.11691335000000003,0.07773001999999996,-0.10546725000000001,0.009627300000000005,-0.0011929499999999704,-0.009627300000000005,0.0011929499999999704,0.010739759999999987,0.15493294999999996,-0.0005678300000000469,0.16925465000000006,0.005870839999999988,0.30004675000000003,-0.005832700000000024,0.32015744999999995,0.018066460000000006,0.09514362000000004,0.04408108999999999,0.00691332999999994,0.005387360000000008,0.11482130000000002,0.07816487999999999,0.006156199999999945,0.0011124599999999818,0.15612589999999993,-0.004868919999999999,0.14511380000000007,0.009059469999999958,0.1680617000000001,-0.005264869999999977,0.1509027999999999,-0.02804202,-0.007474449999999966,-0.01925460000000001,0.002385899999999941,0.1377580707260468,0.13786841415502823
0.06810604000000003,-0.24849303,0.0677429,-0.25440781,0.06765311000000002,-0.26322974,0.04495986000000002,-0.25999691,0.04168105999999999,-0.27882804,0.022237859999999998,-0.21934438,-0.006654869999999979,-0.22562354,0.039047410000000005,-0.12575028,-0.0016227199999999664,-0.11064925000000003,0.08302944000000001,-0.11896578000000002,0.07702429999999999,-0.10425461999999996,0.009976309999999988,-0.0014269799999999666,-0.009976309999999988,0.0014269799999999666,0.010713330000000021,0.15428726000000004,-0.002044009999999985,0.16900042000000004,0.00499974000000003,0.29983612000000004,-0.007019839999999999,0.32103242,0.016809550000000006,0.09359410000000001,0.043982030000000005,0.006784499999999971,0.005032150000000013,0.11497428999999998,0.07864701999999996,0.006394630000000068,0.0007370200000000326,0.15571424,-0.005713589999999991,0.14554886,0.007932300000000003,0.16757344000000007,-0.004975830000000014,0.15203199999999994,-0.028892729999999978,-0.006279160000000006,-0.019952619999999976,0.0028539599999999332,0.1383912183205167,0.1368857433005062
0.06797800500000006,-0.24736813000000002,0.06777206500000005,-0.25335225000000006,0.06734615500000002,-0.26207498,0.04549274500000006,-0.25908816,0.04137793500000003,-0.27763876000000004,0.023468435000000065,-0.21868917000000004,-0.006755434999999976,-0.22427395000000006,0.04064983500000002,-0.12642458,-0.00222044499999996,-0.10898509,0.08381940500000001,-0.11757393000000005,0.07693362500000006,-0.10119962999999998,0.010338335000000032,-0.0014962299999999873,-0.010338334999999976,0.0014962299999999873,0.010440305000000039,0.15557686999999998,-0.0022935949999999816,0.17005006999999994,0.004736305000000052,0.30160626999999995,-0.007500044999999955,0.32382932,0.017181399999999958,0.09226459000000004,0.04316956999999999,0.00885064999999996,0.0045349900000000165,0.11528886000000005,0.07915407000000002,0.007785460000000022,0.00010197000000000678,0.15707309999999997,-0.005703999999999987,0.14602939999999998,0.008044739999999995,0.16855383999999995,-0.005206449999999974,0.15377925000000003,-0.03022387000000004,-0.005584780000000011,-0.020676670000000008,0.0029924599999999746,0.13738085778460882,0.13476956133853518
0.06819911000000001,-0.24708304000000003,0.0680386,-0.25311887,0.06763523999999999,-0.2617897,0.04578574000000002,-0.25928640000000003,0.04170034,-0.27774605,0.02321867999999999,-0.21925512000000003,-0.00619618999999999,-0.22436680000000003,0.040369790000000016,-0.12741526999999997,-0.0011787899999999851,-0.10945435999999997,0.08321983999999999,-0.11744880000000002,0.07635384,-0.1011126,0.010084939999999987,-0.0016010000000000746,-0.010084939999999987,0.0016009999999999636,0.011064960000000013,0.1547387,-0.0018956800000000107,0.16987980000000003,0.005235119999999982,0.30121913999999994,-0.006600959999999989,0.32353977,0.017151110000000025,0.09183985000000006,0.04285004999999997,0.00996646999999995,0.005017400000000005,0.11491244000000006,0.07753262999999999,0.008341759999999976,0.0009800200000000259,0.15633970000000008,-0.0058298400000000306,0.14648043999999993,0.008189259999999976,0.16827880000000006,-0.004705279999999978,0.15365996999999998,-0.029414869999999982,-0.005111680000000007,-0.020169879999999973,0.003202000000000038,0.13700155605995865,0.13424509790993633
0.06870829500000003,-0.24766051499999991,0.06847153500000003,-0.2537294949999999,0.068201825,-0.26234376499999995,0.04606212500000001,-0.2597885449999999,0.042595875000000005,-0.27809905499999993,0.023741614999999994,-0.21973341499999993,-0.00542302499999997,-0.22504925499999995,0.04143161500000003,-0.12817725499999988,-0.0010457050000000079,-0.1107118949999999,0.08371816500000001,-0.1175437949999999,0.07633961500000003,-0.1005848949999999,0.009994255000000007,-0.0015010549999999734,-0.009994255000000007,0.0015010550000000844,0.010866354999999994,0.1548016350000001,-0.0013637449999999718,0.1694856050000001,0.005997644999999996,0.30138680500000004,-0.00621317499999996,0.32270470500000004,0.01769000000000004,0.09155616000000005,0.04228654999999998,0.010633459999999983,0.004377319999999962,0.11433736000000005,0.07738532000000004,0.010126999999999997,0.0008720999999999868,0.15630269000000008,-0.004868709999999998,0.14658516999999993,0.008630510000000036,0.16798455,-0.004849429999999988,0.15321909999999994,-0.029164639999999964,-0.005315840000000016,-0.019988510000000015,0.003002110000000058,0.13748138933104975,0.1336977123834937
0.06993577000000001,-0.24695219999999996,0.06987020999999999,-0.25306822999999995,0.06933930999999999,-0.26162596999999993,0.04763263000000001,-0.25879391999999996,0.04383481,-0.27699696999999995,0.02511450999999998,-0.21897904999999995,-0.004245940000000004,-0.22412111999999995,0.042801829999999985,-0.12793790999999988,0.0007544099999999831,-0.11019199999999996,0.08585664999999998,-0.11556099999999991,0.07883888,-0.09986077999999998,0.010038139999999973,-0.0014977499999999644,-0.010038140000000029,0.0014977500000000754,0.010952509999999971,0.15453945000000002,-0.0001105900000000215,0.1688521500000001,0.0062432900000000124,0.3012581500000001,-0.0045895599999999925,0.32282175,0.017687320000000006,0.09104114000000008,0.043054819999999994,0.012376909999999963,0.005000349999999987,0.11392912,0.07808447000000002,0.010331219999999974,0.0009143699999999977,0.1560372,-0.0047092199999999584,0.1467187000000001,0.009927550000000007,0.16735440000000001,-0.004478969999999971,0.15396959999999993,-0.029360449999999982,-0.005142069999999999,-0.020076280000000002,0.00299550000000004,0.13696302953418704,0.1348060691802907
0.07086351000000002,-0.24670736999999998,0.07071427000000002,-0.25301309,0.07011681000000003,-0.26133282999999996,0.04843474000000003,-0.25887562999999997,0.044465160000000004,-0.27652295,0.02542196000000002,-0.21868826999999996,-0.0031319899999999734,-0.22417461,0.04281316000000002,-0.12614218999999993,0.0009361900000000034,-0.11096613,0.08652998,-0.11390372999999998,0.07943141000000004,-0.09996859999999996,0.009798890000000005,-0.0014976700000000065,-0.009798890000000005,0.0014976700000000065,0.01086771000000003,0.15498633000000006,0.0007469099999999895,0.17002083,0.007177610000000001,0.30264241999999997,-0.004786120000000005,0.32392836999999997,0.017391199999999996,0.09254608000000003,0.04371681999999999,0.012238459999999951,0.004068179999999977,0.11320848,0.07849522000000003,0.010997530000000033,0.0010688200000000259,0.15648400000000007,-0.0036901000000000295,0.1476560899999999,0.010545799999999994,0.16852316,-0.005533029999999994,0.15390753999999995,-0.028553949999999995,-0.005486340000000034,-0.01959778000000001,0.002995340000000013,0.13609842944469158,0.1351201331623193
0.06960970499999997,-0.24673507500000003,0.06963381499999999,-0.252774575,0.06898460499999998,-0.26118370500000004,0.04774843499999998,-0.25889664500000004,0.04352893499999999,-0.276895695,0.025220935,-0.219528995,-0.004484965000000007,-0.225253005,0.04224833499999997,-0.12994473500000003,-0.001830725000000033,-0.11362122500000005,0.08501050500000001,-0.11491937500000005,0.07557446499999998,-0.097149975,0.010085634999999982,-0.0014184750000000301,-0.010085634999999982,0.0014184750000000301,0.010438934999999983,0.15491292499999998,-1.5884999999993266e-05,0.16939262499999996,0.005670234999999968,0.302961595,-0.0055492449999999804,0.323493185,0.01702739999999997,0.08958425999999997,0.042762170000000044,0.015025359999999988,0.0026542399999999744,0.11163177999999996,0.07740519000000001,0.01647125000000005,0.00035330000000000084,0.1563314,-0.004768700000000015,0.14804867,0.010069749999999988,0.16797414999999993,-0.005533359999999987,0.15410056000000005,-0.029705900000000007,-0.005724010000000002,-0.020171269999999963,0.0028369500000000603,0.13600070016484073,0.13058863682347135
0.06972550999999999,-0.2475899600000001,0.06943571000000004,-0.2536208800000001,0.06912630000000003,-0.26187207000000007,0.047036520000000026,-0.2597055300000001,0.043617510000000026,-0.2772050300000001,0.024759880000000012,-0.22056286000000008,-0.004592869999999971,-0.22545196000000012,0.041988930000000035,-0.13150060000000008,-0.0029061199999999565,-0.11380730000000006,0.08398507999999999,-0.11473540000000004,0.07340249000000004,-0.0975493300000001,0.009989140000000007,-0.0015173000000000547,-0.009989140000000007,0.0015172999999999437,0.010360360000000013,0.15398363999999987,-0.0003141199999999733,0.16816655999999985,0.00638660000000002,0.30213849999999987,-0.006026160000000003,0.3220462999999999,0.017229050000000024,0.08906226,0.041996149999999954,0.016765200000000036,0.0016867500000000146,0.11164466000000006,0.07630861,0.016257969999999955,0.00037122000000000543,0.15550093999999992,-0.003973759999999993,0.14815486,0.009675020000000034,0.1666492599999999,-0.005712040000000029,0.15387974000000004,-0.029352749999999983,-0.004889100000000035,-0.019978280000000015,0.0030345999999999984,0.13525434301379602,0.12949270687422446
0.068933635,-0.24792283999999998,0.068802535,-0.25394213,0.06823469500000001,-0.26218226,0.04676533500000002,-0.26016888,0.04251553499999999,-0.27771007999999997,0.02452380500000001,-0.22069155999999995,-0.0056151649999999775,-0.2256608,0.041134435000000025,-0.13090000000000002,-0.004052064999999994,-0.11369361999999994,0.08383960499999998,-0.11298056000000001,0.07320913499999998,-0.09678745999999994,0.010180905000000018,-0.0015881999999999286,-0.010180905000000018,0.0015882000000000396,0.009922574999999989,0.15353834,-0.0009136949999999922,0.16805263999999998,0.00506063499999998,0.30164954,-0.0061927050000000206,0.32177524,0.016610630000000015,0.08979155999999994,0.04270516999999996,0.01791944000000001,0.001563099999999984,0.11196718000000005,0.07726119999999997,0.016906160000000003,-0.0002583300000000288,0.15512653999999992,-0.004861940000000009,0.1481112,0.009267210000000026,0.16646443999999994,-0.005279010000000028,0.15372260000000004,-0.030138969999999987,-0.004969240000000041,-0.020361810000000036,0.003176399999999968,0.13354348337548938,0.12896382923764785
0.06824427,-0.24738096000000004,0.06833082000000001,-0.25318512000000004,0.06759795000000002,-0.26171537,0.04673843999999999,-0.25955425000000004,0.041550719999999985,-0.27791099,0.024608039999999998,-0.21993126000000002,-0.007354409999999978,-0.22588742,0.041349389999999986,-0.13102722,-0.007514989999999999,-0.11451096999999999,0.08253665999999998,-0.11206866999999998,0.06950613,-0.09482695000000008,0.010625510000000005,-0.0014792799999999717,-0.010625510000000005,0.0014792799999999717,0.010080570000000011,0.15375967999999995,-0.0014340099999999856,0.16802437999999997,0.0043092599999999814,0.30160264999999997,-0.006579639999999998,0.32150128,0.016741349999999988,0.08890404000000002,0.04118727,0.01895855000000002,-0.00016058000000002126,0.11137645000000002,0.07702112,0.019684019999999913,-0.0005449399999999938,0.15523895999999993,-0.0057713100000000295,0.14784297000000002,0.009191500000000019,0.1665451,-0.005145630000000012,0.15347690000000003,-0.031962449999999976,-0.005956159999999988,-0.02125102000000001,0.0029585599999999435,0.1319137091999713,0.12528355704521846
0.07214927999999998,-0.24567620499999998,0.07237504,-0.25182243499999996,0.07114659000000001,-0.260773055,0.050510239999999984,-0.25984932499999996,0.04363854,-0.27813573499999994,0.027097199999999988,-0.22026102499999994,-0.006088839999999984,-0.22359849499999995,0.04333874999999998,-0.130384375,-0.006318559999999973,-0.10841677499999991,0.08530959999999999,-0.11322130499999994,0.07180896999999997,-0.08944531499999997,0.011343019999999981,-0.0020366749999999323,-0.011343019999999981,0.0020366750000000433,0.011617519999999992,0.15690472500000008,0.004280899999999976,0.17240972500000007,0.006411769999999983,0.305916925,-0.006416909999999998,0.327601025,0.016241549999999993,0.08987664999999995,0.041970850000000004,0.017163070000000058,-0.00022971999999998882,0.11518172000000004,0.07812752999999995,0.01897145999999994,0.00027450000000001085,0.1589414,-0.005205750000000009,0.14901219999999993,0.015623919999999958,0.17037305000000003,-0.010697809999999974,0.15519129999999992,-0.03318603999999997,-0.003337470000000009,-0.022686039999999963,0.004073349999999976,0.13354054404986263,0.12362527223557566
0.06883421,-0.25066823499999996,0.06887301000000001,-0.25692129499999994,0.06756219000000002,-0.26513833499999995,0.04750736999999999,-0.26358652499999996,0.039653439999999984,-0.28099388499999994,0.023657850000000036,-0.22090763499999994,-0.007571290000000008,-0.22686905499999993,0.03897227000000003,-0.1300755549999999,-0.010531399999999969,-0.11390465499999991,0.07975753000000002,-0.1115087549999999,0.06819042000000003,-0.0865485949999999,0.010197930000000022,-0.001593084999999994,-0.010197929999999966,0.0015930850000001051,0.007599999999999996,0.15511950500000005,-0.0016699299999999861,0.16989329500000006,0.0052335199999999915,0.30520978500000007,-0.007271890000000003,0.3237982450000001,0.015314419999999995,0.09083208000000004,0.04078525999999999,0.018566799999999994,-0.0029601099999999603,0.11296440000000002,0.07872182,0.027356060000000015,-0.002597930000000026,0.15671259000000004,-0.002366480000000004,0.15009028000000002,0.00852799999999998,0.16830020999999995,-0.005601960000000017,0.15390495000000004,-0.031229140000000044,-0.005961419999999995,-0.020395859999999988,0.003186170000000099,0.1300768713634706,0.11795630194671626
0.06821581500000001,-0.25192203500000004,0.06873277500000002,-0.25868781500000004,0.06582662500000003,-0.26662885500000005,0.04872217499999998,-0.26519517500000006,0.03615191499999998,-0.28173297500000005,0.02446219500000002,-0.22016089500000008,-0.008900724999999998,-0.22613062500000009,0.037986874999999976,-0.12860387500000003,-0.012012895000000023,-0.11241843500000004,0.078299075,-0.11121277500000004,0.06662294499999999,-0.08228927500000005,0.010916945000000011,-0.0015834250000000827,-0.010916945000000011,0.0015834249999999717,0.007392704999999999,0.1554914249999999,-0.002338824999999989,0.16983852499999996,0.005325314999999997,0.30545709499999996,-0.00847294500000001,0.32440415499999997,0.013524679999999956,0.09155702000000004,0.04031220000000002,0.017391099999999993,-0.003112170000000025,0.11371219000000005,0.07863584000000001,0.030129159999999988,-0.003524240000000012,0.15707485,-0.0020673900000000023,0.14996567000000005,0.008578120000000022,0.1682551,-0.006134120000000021,0.15456563,-0.03336292000000002,-0.005969730000000006,-0.021833890000000022,0.0031668500000000543,0.12868156754080745,0.1142237468589702
0.07039400999999995,-0.2533695999999999,0.07165602999999998,-0.26106266999999994,0.06649833,-0.26883719999999994,0.05331212999999996,-0.2687666999999999,0.03453618999999997,-0.28414476999999994,0.02855479999999999,-0.21993039999999991,-0.010483290000000034,-0.22598949999999995,0.03690168999999999,-0.1273626499999999,-0.01484072000000003,-0.11228893999999989,0.08024776,-0.11305252999999993,0.06687725,-0.07383839999999997,0.013118569999999996,-0.0017668999999999047,-0.013118569999999996,0.0017669000000000157,0.009138979999999963,0.15602260000000012,0.0022437599999999835,0.17154270000000005,0.0032162699999999655,0.3053039000000001,-0.008745870000000044,0.3254971000000001,0.008346889999999996,0.09256775,0.043346070000000014,0.014310119999999982,-0.0043574299999999955,0.11370056000000006,0.08171797000000003,0.03845053999999992,-0.003979590000000033,0.15778950000000003,-0.005922709999999998,0.14928129999999995,0.01536232999999998,0.16977580000000003,-0.010989630000000028,0.15395440000000005,-0.039038090000000025,-0.0060591000000000395,-0.026237139999999992,0.0035337999999999203,0.12996468595181157,0.11007039840739379
0.06954908500000001,-0.25525619000000005,0.07210533500000005,-0.26382939000000005,0.06460958500000002,-0.27153195,0.05616745500000003,-0.27182488000000005,0.03179019500000002,-0.2872159,0.028954835000000012,-0.22026235000000005,-0.010943624999999957,-0.22673540000000003,0.033661275000000046,-0.12813501000000005,-0.01719456499999994,-0.11240055000000004,0.07966011500000003,-0.11316411000000004,0.06508391500000005,-0.06859655000000009,0.013239385000000048,-0.0018654500000000462,-0.013239384999999992,0.0018654499999999352,0.00861733500000006,0.15566594999999994,0.0024582750000000098,0.17228568999999994,0.0024488550000000275,0.3040718499999999,-0.008721324999999946,0.3253322999999999,0.004706440000000034,0.09212734,0.045998839999999985,0.01497090000000001,-0.006250939999999983,0.11433484999999999,0.08227847999999999,0.043803999999999954,-0.004622049999999989,0.1575314,-0.006168480000000032,0.14840589999999998,0.015697660000000002,0.17042024,-0.011179599999999956,0.15304660999999997,-0.03989845999999997,-0.00647304999999998,-0.02647877000000004,0.0037308999999999815,0.12961136173780635,0.10535384552492619
0.06846353499999996,-0.257421655,0.07163128499999999,-0.26714126500000007,0.06211075499999996,-0.27395950500000005,0.057447935000000006,-0.274779005,0.02854213499999997,-0.28807429500000004,0.03059405500000001,-0.21985702500000004,-0.011308664999999996,-0.22668115500000002,0.03242275499999997,-0.12846902500000001,-0.02049916500000004,-0.11510132500000003,0.07924709499999999,-0.11166072500000002,0.05739206499999999,-0.06293292500000003,0.013791064999999991,-0.001765624999999993,-0.013791064999999991,0.001765624999999993,0.007853234999999958,0.15606577499999996,0.0016501649999999812,0.17300357499999997,0.00208423499999999,0.3040669749999999,-0.009590735000000017,0.3260448749999999,0.001828699999999961,0.09138800000000002,0.04682434000000002,0.016808299999999998,-0.009190500000000046,0.11157982999999999,0.07789123000000003,0.052168400000000004,-0.005937830000000033,0.15783139999999996,-0.005768999999999969,0.14800119999999994,0.015441229999999972,0.17123794999999997,-0.011240899999999998,0.15304129999999994,-0.041902720000000004,-0.006824129999999984,-0.027582129999999982,0.003531249999999986,0.12791178549051258,0.09619220534273762
0.06569155999999998,-0.25835238000000005,0.07046543,-0.26844063000000007,0.059008269999999974,-0.27571463000000007,0.058811279999999966,-0.27569873000000006,0.026348929999999993,-0.29052213000000005,0.030982549999999998,-0.22019655000000005,-0.012248550000000025,-0.22804720000000006,0.03160581000000001,-0.13162170000000006,-0.02273193000000001,-0.11636857,0.07954015999999997,-0.11168733000000008,0.05319746999999997,-0.055026230000000065,0.014127169999999967,-0.0015782300000000138,-0.014127170000000022,0.0015782299999999028,0.007487980000000005,0.15599286999999995,0.0006275499999999767,0.1730351699999999,0.002062469999999983,0.30360836999999996,-0.01043211999999999,0.32575961,0.0006232600000000144,0.08857484999999998,0.04793434999999996,0.01993436999999998,-0.010483379999999987,0.11167863000000006,0.07592939999999998,0.06134233999999994,-0.0066391899999999615,0.15757109999999996,-0.005425510000000022,0.1476155,0.014754719999999999,0.17145694,-0.011059669999999966,0.15272444000000007,-0.04323110000000002,-0.007850650000000015,-0.02825433999999999,0.0031564599999999166,0.12807370207638302,0.08795835402632995
0.059930614999999965,-0.26151083,0.06576283500000002,-0.2716929,0.052793584999999976,-0.27865351000000005,0.05562128500000002,-0.27771083,0.019643134999999978,-0.29222551,0.027680804999999975,-0.22240418000000006,-0.015122685000000025,-0.22912153000000002,0.030050334999999984,-0.13531477000000003,-0.02878008500000001,-0.11839229000000007,0.07593958499999998,-0.11119793,0.041577984999999984,-0.05205757,0.013181035000000008,-0.0017018300000000153,-0.013181035000000008,0.0017018300000000153,0.003856595000000018,0.15417227,-0.005396645000000033,0.16993892,0.0008247749999999998,0.3009241199999999,-0.011758515000000025,0.32332766999999996,0.0023695300000000086,0.08708941000000003,0.04588924999999999,0.024116840000000028,-0.013657399999999986,0.11072923999999995,0.07035807,0.06633472000000007,-0.00932443999999999,0.15587410000000002,-0.0030318200000000184,0.1467518499999999,0.007784389999999974,0.16823708999999998,-0.006361869999999992,0.15338874999999996,-0.04280349,-0.006717349999999955,-0.026362070000000015,0.0034036600000000305,0.1262063053627373,0.07673736612446638
0.06037574999999995,-0.26108263499999995,0.0661599,-0.27138112499999995,0.05316684999999999,-0.27837102499999994,0.05572079999999996,-0.27754807499999995,0.01956424999999995,-0.291962525,0.02679484999999998,-0.222372525,-0.014892820000000029,-0.22848301499999996,0.02922718999999996,-0.13640212499999993,-0.03023045000000002,-0.11728187499999998,0.07566434999999999,-0.11155317499999995,0.03622546999999998,-0.04419272499999993,0.012710989999999978,-0.0018770750000000058,-0.012710990000000033,0.0018770750000000058,0.004496649999999991,0.153726625,-0.00391883000000004,0.17038592500000005,0.0014966099999999538,0.30157872500000005,-0.011004050000000043,0.32369522500000003,0.0024323399999999773,0.08597040000000006,0.04643716000000003,0.02484894999999998,-0.015337629999999991,0.11120113999999998,0.06645592,0.07308915000000005,-0.008214339999999987,0.1556037,-0.003000040000000037,0.14785210000000004,0.008792159999999993,0.16850885000000004,-0.007085220000000003,0.15330929999999998,-0.04168767000000001,-0.0061104899999999684,-0.02542198000000001,0.0037541500000000116,0.12645937073423855,0.06721014498847325
0.05847093999999997,-0.26135165499999996,0.06505897999999999,-0.271607815,0.051258990000000004,-0.279061185,0.05588105999999998,-0.27725697499999996,0.018373439999999963,-0.293021415,0.026909179999999977,-0.22139595499999998,-0.016053309999999987,-0.22947357499999999,0.02947253999999999,-0.134501415,-0.034124070000000006,-0.11755378500000002,0.07461089999999998,-0.11097575500000001,0.030324960000000012,-0.03998571500000003,0.012960159999999998,-0.0014911149999999873,-0.012960159999999998,0.0014911149999999873,0.003934959999999987,0.15408514500000003,-0.003559520000000038,0.16990213500000007,0.0011636600000000108,0.30087714500000007,-0.011789610000000006,0.322459485,0.0025633600000000145,0.08689453999999996,0.04513835999999999,0.023525660000000004,-0.01807076000000002,0.11191978999999996,0.06444903000000002,0.07756806999999999,-0.009025200000000011,0.15557626000000002,-0.0027712999999999766,0.14679200000000003,0.00940063999999996,0.16841102000000008,-0.008230089999999968,0.15255734999999992,-0.042962489999999964,-0.008077620000000008,-0.025920319999999997,0.0029822299999999746,0.12564911515198665,0.05994938732183426
0.05664173,-0.26355835000000005,0.06313983000000001,-0.27356717,0.04937455000000002,-0.28118915000000005,0.05398913999999999,-0.27855557000000003,0.016262090000000007,-0.29463535,0.02609049000000002,-0.22177717000000002,-0.018164709999999973,-0.23111948000000004,0.029933330000000036,-0.13622695000000007,-0.03803762999999999,-0.12135261000000008,0.07378045,-0.1121546,0.02268136000000004,-0.03512654999999998,0.013256939999999995,-0.0012783499999999837,-0.013256939999999995,0.0012783499999999837,0.002465090000000003,0.15277105000000002,-0.0045862099999999795,0.16876285000000002,-0.000208380000000008,0.29914975,-0.013320090000000007,0.3205576,0.003842840000000014,0.08555021999999995,0.04384711999999996,0.024072350000000076,-0.019872920000000016,0.10976686999999996,0.06071899000000003,0.0862260600000001,-0.010791849999999992,0.1540494,-0.002673470000000011,0.14637869999999997,0.008670730000000015,0.16748450000000004,-0.008733880000000027,0.15179474999999998,-0.044255199999999995,-0.00934231000000002,-0.02651387999999999,0.0025566999999999673,0.12631958706702062,0.05115543129424284
0.0557686,-0.26302319999999996,0.06259826000000002,-0.27329907,0.04823379999999999,-0.28078246999999995,0.054187929999999995,-0.27864423999999993,0.01521146000000001,-0.29439410999999993,0.026557600000000015,-0.22198166999999996,-0.019037570000000004,-0.23067053999999998,0.029854119999999984,-0.13475757,-0.04094213000000002,-0.11767521999999997,0.07347098000000002,-0.11066316999999992,0.018646930000000006,-0.029003269999999914,0.01367906000000002,-0.0014156999999999087,-0.01367906000000002,0.0014157000000000197,0.003211560000000002,0.15310703000000003,-0.004915620000000009,0.1695486300000001,0.0006277000000000088,0.29906493,-0.014468129999999968,0.32092050000000005,0.0032965199999999695,0.08722409999999997,0.043616860000000035,0.02409440000000007,-0.021904560000000017,0.11299532000000001,0.05958906000000003,0.08867195000000005,-0.010467500000000018,0.15452272999999994,-0.0025838599999999934,0.14595789999999997,0.008763440000000011,0.16813293000000007,-0.009552509999999959,0.15137186999999996,-0.04559517000000002,-0.008688870000000015,-0.02735812000000004,0.0028313999999999284,0.12453948529959204,0.04438787407998943
0.05706214499999995,-0.263568505,0.06393274499999996,-0.273864865,0.04953369499999999,-0.281272265,0.05564776499999996,-0.27891165500000004,0.016822244999999958,-0.294591305,0.027543784999999987,-0.221149235,-0.01749464500000003,-0.23161366500000002,0.030052424999999994,-0.134748105,-0.042870935000000054,-0.12233260499999998,0.07304896499999997,-0.111345735,0.011474284999999973,-0.02793230499999999,0.013444964999999975,-0.001074044999999968,-0.013444965000000031,0.001074044999999968,0.0050400649999999825,0.15300929499999993,-0.0028800350000000585,0.16900599500000002,0.003077684999999941,0.299205995,-0.01373003500000003,0.32001134499999995,0.0025086400000000064,0.08640112999999999,0.04299653999999997,0.023402370000000006,-0.025376290000000024,0.10928106000000004,0.05434522000000003,0.09440029999999999,-0.008404899999999993,0.1540833399999999,-0.0019623800000000413,0.14619670000000007,0.010564929999999972,0.16793195000000005,-0.01084999999999997,0.15100534999999993,-0.04503843000000002,-0.010464430000000025,-0.026889930000000006,0.002148089999999936,0.1253494412889667,0.038240519882514645
0.05696945000000003,-0.26329286999999996,0.06402607000000005,-0.27378427,0.04906165000000001,-0.28094319999999995,0.05625675000000002,-0.27854531,0.016284990000000055,-0.29362731,0.02869735000000001,-0.22005082999999998,-0.017921279999999984,-0.23056266999999997,0.030450480000000058,-0.13388891999999997,-0.044969279999999945,-0.12175837,0.07315045000000003,-0.11110211999999997,0.00881399000000005,-0.02664263999999994,0.013844120000000015,-0.001045269999999987,-0.01384411999999996,0.001045269999999987,0.005051510000000037,0.15332243,-0.0024668699999999544,0.16875103000000002,0.002245850000000049,0.2998056800000001,-0.013370829999999945,0.32055813,0.0017531300000000472,0.08616191000000001,0.042699969999999976,0.022786799999999996,-0.02704799999999996,0.10880429999999996,0.053783269999999994,0.09511573000000006,-0.008792609999999978,0.1543677,-0.0028056599999999876,0.14648325000000006,0.011377250000000005,0.16770576000000004,-0.01090395999999999,0.15180709999999997,-0.046618629999999994,-0.010511839999999995,-0.027688239999999975,0.002090539999999974,0.12501900259557105,0.03577723171152565
0.056338204999999975,-0.263448775,0.06375086499999999,-0.274409015,0.048205304999999976,-0.281249725,0.05673393499999996,-0.279574715,0.015837464999999995,-0.294002615,0.028983104999999953,-0.22085379500000002,-0.017329275000000033,-0.230997195,0.03041237499999999,-0.135660075,-0.046117215000000045,-0.12376513499999997,0.07310020499999997,-0.11231167500000006,0.005368504999999968,-0.024826774999999968,0.013708944999999972,-0.001151224999999978,-0.013708945000000028,0.001151224999999978,0.004877684999999965,0.15194258500000002,-0.002753595000000053,0.16897896499999998,0.003055104999999947,0.298384925,-0.014487775000000036,0.32049295499999997,0.001429270000000038,0.08519372000000003,0.04268782999999998,0.023348399999999936,-0.028787940000000012,0.10723206000000002,0.05148572000000001,0.09893836,-0.008831260000000007,0.15309381,-0.001822580000000018,0.14644234,0.010955349999999975,0.16782774,-0.011734179999999983,0.15151399,-0.046312379999999986,-0.010143399999999969,-0.02741789,0.002302449999999956,0.12603161273502025,0.03223050701590804
0.05535114000000002,-0.26394833,0.06320274000000004,-0.27520060999999996,0.04694497000000003,-0.28183975,0.056928210000000035,-0.28019342999999997,0.014856000000000036,-0.29421928999999997,0.02934911000000001,-0.22137046999999999,-0.017850019999999966,-0.23104114999999997,0.030098100000000017,-0.13653570999999998,-0.048325759999999995,-0.12390060000000003,0.07337596000000002,-0.11357379999999995,0.0026590400000000014,-0.024898599999999993,0.013955839999999997,-0.0012175500000000117,-0.013955839999999997,0.0012175500000000117,0.003928939999999992,0.15279072000000005,-0.0036696599999999635,0.16999885000000003,0.0034307399999999877,0.29839199000000005,-0.015048689999999976,0.32056492000000003,0.0007489900000000049,0.08483476000000001,0.04327786,0.02296191000000003,-0.03047574000000003,0.10714054999999995,0.0509848,0.09900200000000003,-0.010026900000000005,0.15400827000000006,-0.0004982000000000042,0.14560127,0.010286180000000034,0.16878130000000002,-0.011379030000000012,0.15056607,-0.04719912999999998,-0.009670679999999987,-0.027911679999999994,0.0024351000000000234,0.1271010526112073,0.030953312072166044
0.05194995999999996,-0.26474963,0.06021378999999999,-0.27550490000000005,0.043657699999999966,-0.28284820000000005,0.054635359999999966,-0.27981290000000003,0.011584029999999967,-0.29561038,0.028552529999999965,-0.22028800000000004,-0.022227240000000037,-0.23162995000000003,0.02977542999999999,-0.13608900000000002,-0.052728370000000024,-0.12479494000000002,0.07214696999999998,-0.11250590000000005,-0.0013164400000000298,-0.02244626000000005,0.014972969999999974,-0.0010783000000000875,-0.01497297000000003,0.0010782999999999765,0.0033553699999999687,0.15143103999999996,-0.006391120000000028,0.16893824000000002,-0.001143060000000029,0.29555734,-0.016779370000000016,0.3190744999999999,0.0012229000000000267,0.08419900000000002,0.042371539999999985,0.023583099999999968,-0.030501129999999987,0.10683501000000001,0.051411929999999995,0.10234867999999997,-0.011617600000000006,0.15250934000000005,-0.004498429999999998,0.14412630000000004,0.008581850000000002,0.16785994000000004,-0.010388249999999988,0.1501362599999999,-0.05077977,-0.01134194999999999,-0.029945940000000004,0.002156600000000064,0.1252396754936709,0.02720120833408879
0.05288158500000001,-0.263858085,0.06125135500000001,-0.274654245,0.04445426500000005,-0.281955815,0.055768435000000005,-0.27869871500000004,0.012286195,-0.29437643500000005,0.029553335000000014,-0.219046385,-0.02172513499999995,-0.23028588500000002,0.030681895000000015,-0.13674161500000004,-0.05314158499999999,-0.12521061500000008,0.07332113500000004,-0.11199426499999998,-0.003924264999999982,-0.02318081500000002,0.015048905000000001,-0.0010345350000000586,-0.015048905000000001,0.0010345349999999476,0.004823135000000034,0.151888535,-0.004774764999999959,0.16822953499999993,-0.0006422649999999752,0.296641375,-0.015238984999999983,0.319266735,0.0011285600000000007,0.08230476999999997,0.04263924000000002,0.024747350000000057,-0.03141645000000004,0.10507526999999994,0.04921732000000001,0.10202980000000006,-0.010225769999999967,0.15292307000000005,-0.005465400000000009,0.14475284,0.010274140000000043,0.16719499999999998,-0.010464220000000024,0.1510372000000001,-0.051278469999999965,-0.011239500000000013,-0.030097810000000003,0.002069070000000006,0.12533042117078275,0.026648466949378138
0.05188434000000003,-0.2624762850000001,0.06096570000000007,-0.27338331500000007,0.04352938000000006,-0.2808880150000001,0.056549090000000024,-0.2772636150000001,0.012279050000000069,-0.2935798150000001,0.030575050000000048,-0.21759133500000005,-0.021876849999999948,-0.2282324650000001,0.03129308000000003,-0.13553367500000013,-0.05358147999999996,-0.12198621500000006,0.07383929000000006,-0.11041085500000003,-0.006302159999999946,-0.02121566500000005,0.015297580000000033,-0.001332115000000078,-0.015297579999999977,0.001332114999999967,0.006645520000000071,0.15111614499999992,-0.004104749999999935,0.16985942499999995,-0.0013348799999999272,0.2953515149999999,-0.013855859999999942,0.32241435499999993,0.0007180299999999806,0.08205765999999992,0.04254621000000003,0.0251228200000001,-0.03170463000000001,0.10624625000000004,0.047279320000000014,0.10077055000000001,-0.008652059999999961,0.15244826,-0.007980399999999999,0.14423536999999997,0.011192830000000042,0.16852730999999999,-0.009751110000000007,0.15255492999999998,-0.052451899999999996,-0.010641130000000054,-0.03059516000000001,0.002664230000000045,0.12379540916250366,0.02427591324553623
0.04990425999999998,-0.26251517,0.05934118999999999,-0.27314337,0.04173014000000003,-0.2809145,0.055527570000000026,-0.27615002,0.01111434,-0.29325114,0.02997959,-0.21637337,-0.022911559999999997,-0.22772912,0.031502960000000024,-0.13414395999999995,-0.054786259999999976,-0.12185575000000004,0.07376692000000001,-0.11007728000000006,-0.009836860000000003,-0.019716819999999968,0.015461740000000002,-0.0013225799999999621,-0.015461740000000002,0.0013225799999999621,0.006686719999999979,0.15008387999999995,-0.004611880000000013,0.17071658,-0.0010888600000000248,0.29313508,-0.01514616000000002,0.32265678,0.0015233700000000239,0.08222941000000006,0.04226395999999999,0.024066679999999896,-0.03187469999999998,0.10587336999999997,0.04494939999999997,0.10213893000000007,-0.008775020000000022,0.1514064599999999,-0.007775580000000004,0.14305120000000004,0.010849859999999989,0.16939400000000004,-0.010534280000000007,0.15194019999999997,-0.05289115,-0.011355749999999998,-0.030923480000000003,0.0026451599999999242,0.1233980501747188,0.021778329306317255
0.04898844000000002,-0.26170232000000004,0.058945670000000006,-0.27251460000000005,0.04055994000000002,-0.28043360000000006,0.05603490999999999,-0.27554020000000007,0.01003624000000003,-0.29300018000000005,0.031077010000000016,-0.21571576000000003,-0.023791389999999968,-0.22724496000000005,0.03190337000000004,-0.1334978,-0.05530525999999997,-0.1219148000000001,0.07309680000000002,-0.10863285,-0.01279505999999997,-0.02023475000000008,0.016139760000000003,-0.0013853000000000337,-0.016139760000000003,0.0013852999999999227,0.008468340000000019,0.14850885999999996,-0.00491280999999999,0.17043436999999995,-0.0016069899999999748,0.2903682999999999,-0.015340019999999954,0.3230763,0.000826360000000026,0.08221796000000003,0.041193429999999975,0.024864949999999997,-0.03151387,0.10533015999999995,0.0425102,0.10168005000000002,-0.007671419999999984,0.14989416,-0.010075329999999993,0.14185943999999995,0.011226950000000013,0.16904907000000002,-0.010427209999999965,0.15264193000000004,-0.054868399999999984,-0.011529200000000017,-0.032279520000000006,0.0027705999999999564,0.12143369131573038,0.021877238858971675
0.049174455000000006,-0.26230883499999996,0.059714644999999955,-0.273273675,0.040554845000000006,-0.28132650499999995,0.05777474499999996,-0.275024595,0.010645864999999977,-0.292855765,0.033304034999999954,-0.21412513499999997,-0.02287778500000004,-0.22602973499999995,0.03631963499999996,-0.13398683499999997,-0.05497193500000003,-0.12160873500000002,0.07607957499999995,-0.107856065,-0.012528785000000042,-0.02005563499999996,0.016491325,-0.0010783949999999543,-0.016491325,0.0010783950000000653,0.009263925000000006,0.14935426500000004,-0.0032391850000000333,0.168716965,0.001244725000000002,0.2900190650000001,-0.014493005000000003,0.32130836500000004,0.003015600000000007,0.0801383,0.039759939999999994,0.02613076999999997,-0.03209414999999999,0.10442099999999993,0.042443149999999985,0.10155310000000006,-0.007227399999999995,0.15043266,-0.008019200000000004,0.14066480000000003,0.013252139999999968,0.16763856999999993,-0.01125381999999997,0.15259140000000004,-0.05618181999999999,-0.011904599999999987,-0.03298265,0.0021567900000000195,0.12227931284028139,0.02150230097669784
0.04685661000000002,-0.2622031249999999,0.057902239999999994,-0.2726459149999999,0.03845825000000003,-0.28139465499999994,0.056703610000000015,-0.2734090649999999,0.00913775,-0.2930052249999999,0.03299631000000003,-0.2120900149999999,-0.02541783999999997,-0.22570582499999992,0.03498361,-0.13081608499999997,-0.05769805,-0.12021318499999989,0.07454249000000002,-0.10598228499999995,-0.014180890000000002,-0.020280484999999904,0.017224909999999982,-0.0008973849999999173,-0.017224909999999982,0.0008973850000000283,0.010356330000000025,0.14967731500000003,-0.00456268999999998,0.16883131500000004,2.6430000000021714e-05,0.28927421500000006,-0.014955410000000002,0.32249478500000006,0.0019872999999999696,0.08127392999999994,0.03955888000000002,0.024833800000000017,-0.03228021000000003,0.10549264000000003,0.04351716,0.09993269999999999,-0.0068685799999999575,0.15057469999999995,-0.010329900000000003,0.13959690000000002,0.012662220000000002,0.16793393,-0.010392720000000022,0.15366347000000002,-0.05841415,-0.013615810000000006,-0.034449819999999964,0.0017947699999999456,0.11970021380543316,0.021395519051831787
0.04552718,-0.2626484150000001,0.057085799999999964,-0.2732550150000001,0.03688385999999999,-0.2818435450000001,0.05690761,-0.27388521500000007,0.008186209999999972,-0.2932218350000001,0.03321299999999999,-0.21233891500000007,-0.02556921000000001,-0.2264496150000001,0.03331991000000001,-0.13061947500000004,-0.05964754,-0.12132007500000008,0.07391145999999998,-0.10630191500000008,-0.015113189999999999,-0.021268415000000096,0.01733561,-0.0006781150000000347,-0.01733561,0.0006781149999999236,0.009527940000000013,0.1497740849999999,-0.005014669999999999,0.16690008499999986,-0.0001372800000000174,0.28956638499999987,-0.015362460000000022,0.3203269149999999,0.0001069100000000156,0.08171944000000003,0.040591549999999976,0.02431755999999996,-0.03407832999999999,0.10512954000000002,0.04453435,0.10005165999999999,-0.007807669999999989,0.15045219999999992,-0.00966522000000003,0.13979229999999998,0.012320940000000002,0.16622196999999994,-0.010347790000000023,0.15342683000000001,-0.05878221,-0.014110700000000032,-0.03467122,0.0013562299999999583,0.11982159208449246,0.022058769904446187
0.04207576500000004,-0.26383215,0.053926395000000016,-0.27430110999999996,0.03356661500000002,-0.28310353,0.05478946500000004,-0.27524858999999996,0.005829025000000043,-0.29516836999999996,0.033450265000000035,-0.21377573,-0.028493924999999976,-0.22828444999999997,0.03364212500000002,-0.13139546999999996,-0.06309485499999995,-0.12311156999999995,0.07208174500000003,-0.10485626999999997,-0.016844824999999952,-0.02299443000000001,0.018360925000000028,-0.0009227699999999617,-0.018360924999999972,0.0009227700000000727,0.010199545000000032,0.14911322999999999,-0.00748145499999997,0.16957648999999997,-0.0019029849999999682,0.28824767000000007,-0.017437154999999982,0.32571587,0.00019185999999998815,0.08238026000000004,0.03843962000000001,0.026539199999999985,-0.034600929999999974,0.10517288000000002,0.04625003,0.10011713999999994,-0.008161379999999996,0.15003599999999995,-0.01210253,0.13913444000000008,0.010879470000000002,0.1686537199999999,-0.009955700000000012,0.15613938000000005,-0.06194419000000001,-0.014508719999999975,-0.03672185,0.0018455400000000344,0.11699614918330604,0.023965204256379793
0.041190035000000014,-0.261352765,0.05325218500000001,-0.271827665,0.03262976500000003,-0.28069506499999997,0.054631505000000025,-0.27245578499999995,0.005104154999999999,-0.292633235,0.033742255,-0.21081316499999997,-0.029262915,-0.22592086499999997,0.03474748500000002,-0.129129795,-0.06421863499999997,-0.12221416499999993,0.07267016500000001,-0.10204466499999998,-0.016148834999999973,-0.022543965,0.018650115000000023,-0.0008645349999999441,-0.018650114999999967,0.0008645350000000551,0.010831885000000041,0.14862659500000008,-0.0074144549999999865,0.16880467500000007,-0.0014850449999999626,0.28822933500000003,-0.01749604499999996,0.32540390500000005,0.0010052300000000236,0.08168336999999998,0.037922679999999986,0.027085130000000013,-0.03495571999999997,0.10370670000000004,0.048069799999999996,0.09967019999999993,-0.007818229999999982,0.14949113000000003,-0.012316930000000004,0.13960273999999995,0.01123565999999998,0.16794014000000002,-0.010081589999999974,0.15659922999999998,-0.06300517,-0.015107700000000002,-0.03730022999999999,0.0017290699999999992,0.11469779644273645,0.023541755964422078
0.039441575000000006,-0.26017771,0.051810195,-0.27058975,0.03102778500000003,-0.27956052000000003,0.053887125000000036,-0.27123315000000003,0.004247775000000009,-0.29175355000000003,0.033813344999999995,-0.21026467,-0.03009159499999997,-0.22507511000000002,0.035812025000000025,-0.12988920000000004,-0.06570435499999999,-0.12194105,0.07349752500000001,-0.10182239000000004,-0.016691575000000014,-0.024167310000000053,0.01880622500000001,-0.000955750000000033,-0.01880622500000001,0.000955750000000033,0.010036105000000017,0.14868795,-0.007824194999999978,0.16917545,-0.002236344999999973,0.28818111,-0.017401575000000002,0.32644585000000004,0.0019986800000000304,0.08037546999999995,0.03768549999999998,0.028066809999999998,-0.03561276000000002,0.10313406000000003,0.04901277999999998,0.09777373999999994,-0.008770119999999992,0.14964370000000005,-0.01227244999999999,0.13949316,0.010982030000000031,0.16821969999999997,-0.009577380000000024,0.15727040000000003,-0.06390493999999997,-0.014810440000000036,-0.03761245000000002,0.001911500000000066,0.11473978107256262,0.02521189973774496
0.03713692500000004,-0.26026847000000003,0.05017497500000001,-0.27023815000000007,0.02900542500000003,-0.27981232000000006,0.05346157500000004,-0.27001700000000006,0.0033351350000000446,-0.29212340000000003,0.03411952500000004,-0.20920723000000008,-0.03159029499999999,-0.22543358000000008,0.03689797500000003,-0.1314077600000001,-0.068643925,-0.12442310000000001,0.07344053500000003,-0.10131224000000005,-0.01753367499999997,-0.025756260000000086,0.019299255000000015,-0.0007015000000000216,-0.01929925499999996,0.0007014999999999105,0.010053945000000009,0.1489368499999999,-0.008111674999999985,0.16805676999999997,-0.002425424999999981,0.2871989399999999,-0.017889624999999965,0.3246646999999999,0.002778449999999988,0.07779946999999998,0.03654256,0.030095520000000042,-0.037053630000000004,0.10101048000000007,0.051110250000000024,0.09866683999999992,-0.009245310000000007,0.14963834999999992,-0.01247936999999999,0.13826209,0.011187579999999975,0.16735527000000006,-0.00977794999999998,0.15660792999999995,-0.06570982000000003,-0.01622635,-0.038598509999999975,0.001402999999999932,0.11425322403935045,0.026516604928874282
0.035799460000000005,-0.26097253,0.04912860000000002,-0.27085575,0.02764549999999999,-0.28049462999999997,0.05309887000000002,-0.27016097,0.0024903600000000248,-0.29241076,0.03414339999999999,-0.20958179999999998,-0.03204513999999997,-0.22568076999999998,0.03694202000000002,-0.13323112999999998,-0.07037369999999998,-0.1253862,0.07351424000000001,-0.10152039999999996,-0.01983974999999999,-0.026505400000000012,0.019419030000000004,-0.0006682000000000077,-0.019419030000000004,0.0006682000000000077,0.009371200000000024,0.14835359999999997,-0.008383020000000019,0.16689200000000004,-0.0021418200000000165,0.28589339999999996,-0.01873720000000001,0.32420924000000007,0.0027986200000000294,0.07635067000000001,0.03657221999999999,0.03171073000000002,-0.03832856000000001,0.10029456999999997,0.050533949999999994,0.09888079999999999,-0.01004782999999998,0.14902179999999998,-0.01151302000000004,0.1375398,0.011036009999999985,0.16622380000000003,-0.01035417999999999,0.15731724000000002,-0.06618853999999996,-0.01609896999999999,-0.03883806000000001,0.0013364000000000154,0.11444412606064187,0.02717685674021926
0.03528285999999997,-0.26074263,0.04875341999999999,-0.2706833699999999,0.02720752999999998,-0.28067522999999994,0.052932659999999965,-0.27040021999999997,0.002074309999999968,-0.2935011699999999,0.034635819999999984,-0.20968010999999998,-0.03311880000000006,-0.22657909999999992,0.03912044999999997,-0.13334314999999997,-0.07156115000000002,-0.12594174999999996,0.07414917999999998,-0.10181764999999998,-0.02025070000000001,-0.0280718499999999,0.019815879999999952,-0.0004791899999999627,-0.019815880000000008,0.0004791900000000737,0.009951509999999941,0.14899635,-0.00853084000000004,0.16611695000000004,-0.001944620000000008,0.28596565000000007,-0.017868820000000007,0.3233788500000001,0.0044846299999999895,0.07633696000000001,0.03502873000000001,0.031525499999999984,-0.03844234999999996,0.10063734999999996,0.05131045000000001,0.09786990000000007,-0.009864370000000011,0.14947553999999996,-0.01189612999999995,0.13696930000000007,0.011285039999999968,0.16563775999999997,-0.009337979999999968,0.15726190000000007,-0.06775462000000004,-0.016898989999999947,-0.03963175999999996,0.0009583800000000364,0.1149851771493248,0.028554350868370278
0.034462045,-0.26126356,0.04816291499999997,-0.27116646,0.026314744999999973,-0.28120963,0.05265798499999996,-0.27053367,0.0011427549999999953,-0.29376179999999996,0.03462864499999996,-0.21016435,-0.034095335000000004,-0.2262652,0.039573884999999975,-0.13562215999999994,-0.07255624500000002,-0.12618233,0.07420981499999996,-0.10313965000000003,-0.021723015000000012,-0.029751299999999925,0.020106484999999952,-0.0006722000000000117,-0.020106485000000007,0.0006722000000000117,0.009883654999999991,0.1487773,-0.008638635000000006,0.16656606000000007,-0.002648645000000005,0.2849609000000001,-0.018373475000000028,0.32305287000000005,0.004945240000000017,0.07454219000000006,0.03463592999999998,0.03248250999999991,-0.038460910000000015,0.10008286999999999,0.05083323000000001,0.09643103000000008,-0.01022282999999996,0.1494495,-0.012532299999999996,0.13618360000000007,0.011467850000000002,0.16589386000000006,-0.009734840000000022,0.15648680999999998,-0.06872397999999996,-0.01610085,-0.04021296999999996,0.0013444000000000234,0.11587384789757955,0.030466416288938484
0.03411004999999995,-0.26199987,0.04753674999999996,-0.2720935,0.025834379999999935,-0.2819842,0.05159517999999996,-0.2720462,0.00021534999999994753,-0.29481163,0.03422879999999995,-0.21149423,-0.03499690000000005,-0.22713382999999998,0.03973388999999994,-0.13634701999999999,-0.07310785000000003,-0.12691028999999998,0.07371151999999997,-0.10356564999999995,-0.022642190000000062,-0.030426049999999982,0.02021134999999996,-0.0008187499999999792,-0.020211350000000017,0.0008187499999999792,0.009067049999999965,0.14796275000000003,-0.009632250000000064,0.16673954999999996,-0.004075550000000039,0.28385305000000005,-0.01855051000000002,0.32339195,0.00550508999999999,0.07514721000000002,0.033977630000000036,0.03278137000000003,-0.03811094999999998,0.10022354,0.05046565999999997,0.09648424,-0.011144299999999996,0.1487815,-0.013142600000000004,0.13589030000000002,0.010579099999999952,0.16592079999999998,-0.008918259999999956,0.15665240000000002,-0.0692257,-0.015639599999999976,-0.04042269999999998,0.0016374999999999584,0.1158412433015068,0.03133921680810798
0.03303137500000003,-0.26027878000000004,0.04654038500000002,-0.27033983,0.024781265000000052,-0.28026076,0.050962365000000065,-0.27024485000000004,-0.0006149649999999673,-0.2931132,0.034365685000000035,-0.20987497,-0.03578028499999997,-0.22543635,0.04088281500000002,-0.13482060000000007,-0.07317661499999994,-0.12530826000000006,0.07456395500000002,-0.10136780000000001,-0.02274888499999994,-0.02908960000000005,0.020510885000000034,-0.0009071999999999969,-0.02051088499999998,0.0009071999999999969,0.010009565000000054,0.14639455999999995,-0.00992628499999998,0.16607859999999997,-0.0037944549999999744,0.28168139999999997,-0.018600904999999945,0.32285626,0.006517129999999982,0.07505436999999993,0.03368114,0.03345280000000006,-0.03739632999999998,0.10012808999999995,0.050427730000000004,0.09621866000000001,-0.01050131999999998,0.14730175999999995,-0.013804020000000028,0.13528684000000002,0.0105846,0.16517139999999997,-0.008674619999999966,0.15677766000000004,-0.07014597,-0.015561380000000014,-0.04102177000000001,0.0018143999999999938,0.11407921164166984,0.030080170448985203
0.03173341999999996,-0.26038524500000004,0.04552307,-0.27030721500000005,0.023722699999999985,-0.28082433500000004,0.050161529999999954,-0.27016565500000006,-0.0014862500000000223,-0.294414465,0.03407161999999997,-0.21008124500000003,-0.037580170000000024,-0.22554302500000006,0.04225267999999999,-0.13623645500000003,-0.07489837000000005,-0.123885095,0.07435575,-0.10133139499999999,-0.023320210000000008,-0.028871325000000003,0.020867049999999998,-0.0009295650000000766,-0.020867049999999998,0.0009295649999999656,0.01033447999999998,0.146022765,-0.010542280000000015,0.16487190499999993,-0.004093150000000045,0.280762045,-0.01820130000000003,0.32229796499999996,0.008181060000000018,0.07384479,0.03210307000000001,0.03490506000000004,-0.037318200000000024,0.10165793000000006,0.05157816000000004,0.09501377,-0.010532570000000019,0.14695233000000008,-0.014427630000000025,0.13473928000000002,0.010324769999999983,0.16394233999999996,-0.007659020000000016,0.15742606000000003,-0.07165178999999999,-0.015461780000000036,-0.041734099999999996,0.0018591300000000421,0.11376101482950511,0.02990168956393097
0.030525915000000015,-0.26062134,0.04463979499999998,-0.27035382999999996,0.022231394999999987,-0.28059069999999997,0.05006018499999998,-0.26876277,-0.002555705000000019,-0.29236629999999997,0.034298174999999986,-0.2086689,-0.03760022499999999,-0.22390183999999996,0.040773115000000026,-0.13555726999999995,-0.07492742499999999,-0.12394689999999997,0.073520315,-0.10095915,-0.023157715000000023,-0.030514869999999972,0.021054414999999993,-0.0009141000000000288,-0.021054414999999993,0.0009141000000000288,0.00910544499999999,0.14762730000000002,-0.010355924999999988,0.16611627000000007,-0.004204584999999983,0.2822357,-0.01824368500000001,0.32330120000000007,0.00647494000000004,0.07311163000000004,0.032747199999999976,0.034598119999999954,-0.037327200000000005,0.09995493999999999,0.05176970999999997,0.09343203,-0.011948970000000003,0.14854140000000005,-0.013310029999999973,0.13460839999999996,0.010698490000000005,0.16520217000000004,-0.007887760000000021,0.15718493,-0.07189839999999997,-0.015232939999999973,-0.042108829999999986,0.0018282000000000576,0.11296761789252925,0.03149927024791051
0.029471799999999992,-0.25916659999999997,0.04375903000000003,-0.26891275,0.02102105999999998,-0.27915055,0.04965444000000002,-0.26673575,-0.0037142399999999798,-0.2903192,0.035011689999999984,-0.20654004999999998,-0.038672399999999996,-0.22146525,0.04223495999999999,-0.13446820000000004,-0.07525445999999997,-0.12230300999999999,0.07371951999999998,-0.09998041000000002,-0.02357184000000001,-0.02988645000000001,0.021613759999999982,-0.0010668000000000344,-0.021613759999999982,0.0010668000000000344,0.009441299999999986,0.14612018999999998,-0.010867069999999979,0.16610285000000002,-0.0047083399999999775,0.28069595,-0.01835194000000001,0.32468259,0.007223270000000004,0.07207184999999994,0.031484559999999995,0.03448779000000002,-0.03658205999999997,0.09916224000000001,0.05168261999999996,0.09241655999999998,-0.012172459999999996,0.14718699000000002,-0.014149639999999963,0.13457576000000004,0.010746690000000003,0.16503605,-0.007484870000000032,0.15857973999999997,-0.07368408999999998,-0.014925200000000027,-0.043227519999999964,0.0021336000000000688,0.11179853518007156,0.031015121519170335
0.027659120000000037,-0.25974857,0.04213691000000003,-0.26867502000000004,0.01999736000000002,-0.27926501000000004,0.04862183000000003,-0.26586138000000004,-0.0036902199999999663,-0.29058157,0.03420481000000003,-0.20660930000000005,-0.03981834999999995,-0.22156673000000005,0.04251003000000003,-0.13526945,-0.07539221999999995,-0.12259330000000002,0.07353798000000006,-0.10263945000000008,-0.023498559999999946,-0.03136941000000004,0.02191076000000003,-0.0014092500000000285,-0.021910759999999974,0.0014092499999999175,0.010768560000000038,0.14335785,-0.012542159999999969,0.16810557999999998,-0.005008789999999985,0.27476309,-0.021131119999999948,0.32211141,0.008305220000000002,0.07133985000000004,0.031027950000000026,0.03262999999999994,-0.03557387000000001,0.09897343000000003,0.05189366000000001,0.09122388999999997,-0.011142199999999991,0.14476710000000004,-0.015777350000000023,0.13140523999999998,0.009368600000000005,0.16669633000000006,-0.008588959999999979,0.15400583,-0.07402315999999998,-0.014957429999999994,-0.04382152,0.002818499999999946,0.11363504405318112,0.03281709402484622
0.026629779999999992,-0.262200595,0.04094060999999999,-0.27096429499999997,0.019093870000000013,-0.28179915499999997,0.047119560000000005,-0.268529655,-0.00455481000000002,-0.29379922499999994,0.033070089999999996,-0.20914665499999996,-0.04061180000000003,-0.22515665499999998,0.04217364000000001,-0.13683415499999996,-0.07588542000000004,-0.12500605499999995,0.07302463999999997,-0.10412940500000001,-0.02355948000000002,-0.03372070500000002,0.02179049999999999,-0.0009128149999999557,-0.02179049999999999,0.0009128150000000668,0.009292960000000017,0.14615431499999998,-0.013162790000000035,0.16677000500000005,-0.00568759000000002,0.276963795,-0.02162470999999999,0.320174485,0.009103550000000016,0.0723125,0.030850999999999962,0.03270474999999995,-0.035273620000000006,0.10015060000000003,0.052325940000000015,0.09128534999999993,-0.012497539999999974,0.14706712999999993,-0.014980550000000037,0.13080948000000003,0.008627709999999955,0.16585719,-0.008461919999999956,0.15340447999999995,-0.07368189000000003,-0.016010000000000024,-0.04358099999999998,0.0018256300000000225,0.11523281456585059,0.03467866776320575
0.027121879999999987,-0.26179054499999993,0.04135251000000001,-0.2708947149999999,0.019371629999999973,-0.2813874549999999,0.04753567999999997,-0.26877367499999993,-0.004360699999999995,-0.29313648499999995,0.03348898,-0.20906708499999993,-0.03982701999999999,-0.2241345649999999,0.04261925999999999,-0.13722221499999993,-0.07498168999999999,-0.1245594149999999,0.07371929999999999,-0.10392937499999988,-0.02354308999999999,-0.03290656499999989,0.021670699999999987,-0.001111184999999959,-0.021670699999999987,0.00111118500000007,0.01063088000000001,0.14508548500000007,-0.012164259999999982,0.1662807850000001,-0.004410720000000035,0.27627375500000007,-0.020195960000000013,0.3196697850000001,0.00913027999999999,0.07184487,0.031100039999999995,0.033292840000000046,-0.03515467,0.09957515,0.0514386,0.09165285000000001,-0.011039819999999978,0.14619667000000003,-0.015041600000000044,0.13118827,0.009506440000000005,0.16516960000000003,-0.00803170000000003,0.153389,-0.07331599999999999,-0.015067479999999966,-0.043341399999999974,0.002222370000000029,0.11524164593078356,0.0340692406633109
0.025730580000000003,-0.2642386200000001,0.04051502000000001,-0.2736848800000001,0.01778089999999999,-0.2839859600000001,0.04791105000000001,-0.2712693400000001,-0.005435079999999981,-0.29521974000000006,0.03363788000000001,-0.21077272000000008,-0.039689960000000024,-0.22536862000000007,0.04083154,-0.13950824000000012,-0.07509108000000003,-0.12626376000000006,0.07268982000000002,-0.10727342000000006,-0.023965510000000023,-0.032453970000000054,0.02173873999999998,-0.001253820000000072,-0.021738740000000034,0.001253819999999961,0.010806470000000012,0.14436267999999985,-0.012168020000000002,0.16657997999999996,-0.004376020000000036,0.27469387999999995,-0.019854839999999985,0.3180058399999999,0.007193659999999991,0.07126447999999996,0.03185828000000002,0.03223482000000005,-0.03540112000000001,0.09910486000000002,0.05112557000000001,0.09380979,-0.010932269999999966,0.14561649999999993,-0.015182490000000048,0.1303312000000001,0.009570720000000033,0.16532616,-0.007686819999999983,0.1514258599999999,-0.07332784000000003,-0.014595899999999995,-0.04347748000000001,0.002507640000000033,0.1176272423264543,0.03378126124520813
0.02347136999999999,-0.26407808499999996,0.038606419999999975,-0.273304685,0.015741549999999993,-0.283852915,0.04685444999999999,-0.27050069499999996,-0.006778950000000006,-0.29502243499999997,0.03327753,-0.21079281499999997,-0.04071047,-0.22465361499999997,0.041046309999999975,-0.14054516499999997,-0.07476604999999997,-0.12411781499999996,0.07268978999999998,-0.10843321500000003,-0.02424810999999999,-0.029221364999999944,0.022006850000000022,-0.0014454849999999686,-0.022006850000000022,0.0014454850000000796,0.010853249999999981,0.14360728499999997,-0.012964650000000022,0.16745488500000005,-0.00501602000000001,0.2732991450000001,-0.02050154999999998,0.31895058500000006,0.007768779999999975,0.07024765,0.03164348,0.032111949999999945,-0.034055579999999974,0.10053580000000001,0.05051793999999998,0.09489645000000002,-0.011153600000000041,0.14505276999999994,-0.01586926999999999,0.1296918600000001,0.0090422,0.16600939999999997,-0.0075368999999999575,0.1514957,-0.073988,-0.013860800000000006,-0.044013700000000044,0.0028909700000000482,0.11838553449470297,0.0307486411945325
0.022669129999999982,-0.26419842,0.03782940000000001,-0.27343404,0.014959869999999986,-0.28400464999999997,0.046019050000000006,-0.27051569999999997,-0.007475430000000005,-0.29497419999999996,0.03229037000000001,-0.21126077,-0.04088786999999999,-0.22361493,0.0405452,-0.14122511999999998,-0.07402716999999998,-0.12112727000000001,0.07271081000000001,-0.10752276999999999,-0.024043939999999986,-0.026535829999999927,0.021747650000000007,-0.0018115300000000056,-0.021747650000000007,0.0018115300000000056,0.010725330000000033,0.14260349000000005,-0.01272527000000001,0.1682441,-0.005198389999999997,0.27135533,-0.02097614999999997,0.31995063,0.00825482999999999,0.07003565,0.03216561000000001,0.03370234999999999,-0.03313929999999998,0.10248765999999998,0.04998322999999999,0.09459144000000008,-0.011022319999999974,0.14441502000000006,-0.01592372000000003,0.12875183999999995,0.009022379999999997,0.16643257,-0.00825087999999996,0.15170653,-0.07317824,-0.012354160000000003,-0.043495300000000015,0.0036230600000000113,0.1173546332256345,0.028440213900983516
0.021187540000000005,-0.266012705,0.03653789000000002,-0.275510725,0.013485789999999998,-0.28617659500000003,0.045201990000000025,-0.27258629500000003,-0.008638509999999988,-0.297236955,0.03243183999999999,-0.21277962500000003,-0.04138035000000001,-0.22481477500000002,0.04245129000000003,-0.142563975,-0.07250404999999999,-0.121116165,0.07254153000000002,-0.10931158500000004,-0.023568239999999963,-0.02774642500000002,0.021986490000000025,-0.0016478250000000472,-0.02198648999999997,0.0016478249999999361,0.010496139999999987,0.143152775,-0.013432359999999977,0.16739063499999995,-0.0043774300000000155,0.272174575,-0.02036861000000001,0.31944924499999994,0.01001945000000004,0.07021565000000002,0.03009023999999999,0.033252389999999965,-0.031123699999999976,0.10369861000000002,0.048935810000000024,0.09336973999999998,-0.011490350000000038,0.14480060000000006,-0.014873570000000003,0.12902179999999996,0.008554129999999993,0.16574281000000002,-0.006936250000000033,0.15205860999999998,-0.07381219,-0.012035149999999994,-0.043972979999999995,0.0032956499999999833,0.11894241163999997,0.02943677744123832
0.020345239999999987,-0.26614586999999995,0.035856429999999995,-0.27539705,0.012972799999999951,-0.28646336,0.044392319999999985,-0.27206993999999995,-0.009040950000000048,-0.2976988,0.031058039999999953,-0.21259481999999996,-0.042056800000000005,-0.22368321999999996,0.04139026999999995,-0.1424205,-0.07063503000000004,-0.11707414999999999,0.07220184999999996,-0.10954259999999993,-0.023003610000000008,-0.02433384999999999,0.02178766999999998,-0.001962699999999984,-0.021787670000000037,0.001962699999999984,0.011619929999999945,0.14061765000000004,-0.013248730000000042,0.16687016,-0.005392830000000015,0.26889144,-0.01999226000000004,0.31892830000000005,0.010332229999999998,0.07017431999999996,0.030811580000000005,0.03287790000000007,-0.028578230000000038,0.10660906999999997,0.047631420000000035,0.0927403,-0.010167740000000036,0.14258035000000002,-0.01701275999999996,0.12827378999999994,0.008538939999999995,0.16490746,-0.006743529999999998,0.15205814000000006,-0.07311483999999996,-0.011088399999999998,-0.04357534000000002,0.003925399999999968,0.11880666828542237,0.026324647233839593
0.020265919999999993,-0.26813703999999994,0.035533499999999996,-0.27750116999999996,0.012668300000000021,-0.28831767999999997,0.04352872000000002,-0.27444412999999995,-0.009725700000000004,-0.29938914999999994,0.030357100000000026,-0.21461310999999994,-0.04182322999999999,-0.22562455999999992,0.0404157,-0.14248224999999992,-0.06834467,-0.11694137999999998,0.07138906,-0.11092437999999993,-0.022652879999999986,-0.022440479999999985,0.02161084000000002,-0.0015708799999999412,-0.02161084000000002,0.0015708800000000522,0.010221170000000002,0.14307742,-0.014018799999999998,0.16562659000000002,-0.005876500000000007,0.2718813200000001,-0.019528080000000003,0.31654787000000006,0.010058599999999973,0.07213086000000002,0.030973360000000005,0.03155786999999999,-0.026521440000000007,0.10868317999999993,0.04569179000000001,0.0945009,-0.011389670000000018,0.14464829999999995,-0.01609767000000001,0.12880390000000008,0.007592040000000022,0.16405570999999997,-0.005509280000000005,0.15092128000000005,-0.07218033000000001,-0.011011449999999978,-0.04322168000000004,0.0031417599999999934,0.12015015251183994,0.024033960481185817
0.01980139999999997,-0.26897093999999994,0.03518290000000002,-0.2781732699999999,0.012308299999999994,-0.2891630599999999,0.04322873999999999,-0.2742470999999999,-0.009828239999999988,-0.29953762999999994,0.030073640000000013,-0.2146685399999999,-0.041195499999999996,-0.22535319999999992,0.040887300000000015,-0.14412229999999993,-0.06491664000000003,-0.11546499999999993,0.07056674000000002,-0.1135162999999999,-0.020927729999999978,-0.0191619999999999,0.021485450000000017,-0.0012382999999999145,-0.021485450000000017,0.0012383000000000255,0.009658800000000023,0.1445917000000001,-0.014077900000000032,0.16423946000000011,-0.00439139999999999,0.27332526,-0.019179200000000007,0.3149221500000001,0.010813660000000003,0.07054623999999998,0.02967944,0.030606000000000022,-0.02372114000000003,0.10988819999999999,0.04398891000000005,0.09630300000000003,-0.011826649999999994,0.14583000000000002,-0.014050200000000013,0.1287335599999999,0.007407549999999985,0.1630011600000001,-0.005101299999999975,0.15068269,-0.07126914000000001,-0.010684660000000012,-0.042970900000000034,0.00247659999999994,0.12253702425007756,0.020407922277595948
0.020030264999999936,-0.27040659,0.035377564999999944,-0.27973066,0.01239869499999996,-0.29046707,0.04326651499999995,-0.27595200000000003,-0.009974865000000055,-0.30058132,0.02944231499999994,-0.21652942000000003,-0.04048141500000002,-0.22588012000000002,0.03920498499999997,-0.14592802,-0.06263160500000003,-0.11427166,0.06917443499999998,-0.11545881999999996,-0.019442825000000052,-0.017057320000000042,0.02115568499999998,-0.0013917800000000646,-0.021155685000000035,0.0013917799999999536,0.00962495499999999,0.14461327999999996,-0.013443705000000028,0.16402998000000002,-0.00482192500000006,0.27307138,-0.01891741500000005,0.31356660999999997,0.009762670000000029,0.07060140000000004,0.02996945000000001,0.03046920000000003,-0.022150190000000014,0.11160846000000002,0.04318877999999998,0.09721433999999995,-0.011530729999999989,0.14600506000000002,-0.01444688000000005,0.12845810000000002,0.007711980000000007,0.16263820000000007,-0.0054737100000000205,0.14953662999999995,-0.06992372999999996,-0.00935069999999999,-0.042311370000000015,0.0027835600000000182,0.1237622315810606,0.018528442465291027
0.024181929999999963,-0.26583822999999995,0.03794511999999994,-0.27553279999999997,0.01637495999999994,-0.28574654,0.04446351999999998,-0.27437722,-0.006776300000000068,-0.29726946,0.03194245999999995,-0.21368252999999998,-0.03971612000000002,-0.22367315999999998,0.042006059999999956,-0.14528664999999996,-0.05869591000000007,-0.10962733000000002,0.07313269999999994,-0.11301050000000001,-0.015570280000000047,-0.011268599999999962,0.021973309999999968,-0.0010480600000000173,-0.021973310000000024,0.0010480600000000173,0.011666299999999963,0.14438050000000002,-0.010886240000000047,0.16748277,-0.003386080000000069,0.28018967000000006,-0.015588190000000057,0.31744203000000004,0.010063600000000006,0.06839588000000002,0.031126639999999983,0.03227614999999995,-0.018979790000000052,0.11404582999999996,0.043125630000000026,0.09835873000000006,-0.010307010000000005,0.14542856000000004,-0.015052380000000032,0.13580917000000003,0.011087069999999977,0.16643470999999999,-0.00470195000000001,0.14995926000000004,-0.07165857999999997,-0.00999063,-0.04394661999999999,0.0020961200000000346,0.12309699897205333,0.013881603176020383
0.02484174,-0.26632342000000003,0.038380899999999996,-0.2757785300000001,0.017124699999999993,-0.28623155000000006,0.043979979999999974,-0.27470338000000005,-0.006394400000000022,-0.29816496000000003,0.030394299999999985,-0.21434736000000004,-0.03893622000000002,-0.22499627000000005,0.04183171999999996,-0.14444438000000004,-0.05630437999999999,-0.10948140000000006,0.07317181,-0.11218880000000009,-0.013270370000000031,-0.011772800000000028,0.02124418,-0.0007355500000000292,-0.02124418,0.0007355499999999182,0.010864060000000009,0.1483081999999999,-0.009297319999999998,0.16871914,-0.0028242199999999884,0.28560622999999996,-0.015567200000000003,0.31871154999999995,0.011437419999999976,0.06990298,0.03134009000000004,0.03225557999999995,-0.017368159999999966,0.11551486999999999,0.043034009999999956,0.09770860000000003,-0.010380119999999993,0.14904374999999992,-0.013688279999999997,0.13729803000000007,0.011946860000000004,0.16798359000000007,-0.0062698800000000054,0.14999240999999996,-0.06933052,-0.010648910000000011,-0.04248836,0.0014710999999999474,0.12295651952206281,0.01483376100786979
0.024387419999999993,-0.26649744,0.03820538999999995,-0.27612011,0.01657706999999997,-0.28657124,0.04432687999999996,-0.2751408,-0.006757380000000035,-0.29850021,0.03077371999999995,-0.21533031000000002,-0.03864371000000005,-0.22455845000000002,0.04293791999999996,-0.14611621000000002,-0.054488300000000045,-0.10718331000000003,0.07365146999999994,-0.11305186,-0.011879200000000034,-0.01034305000000002,0.02130021999999998,-0.0009319500000000147,-0.021300220000000036,0.0009319500000000147,0.011438999999999977,0.14789609000000004,-0.008843950000000045,0.16852438999999997,-0.0021999400000000113,0.28478459,-0.014967700000000028,0.31815819,0.012164200000000014,0.0692141,0.03071354999999998,0.03306435000000002,-0.015844589999999992,0.11737513999999999,0.04260910000000001,0.09684026000000001,-0.009861220000000004,0.14882804000000005,-0.013638939999999988,0.13688849999999997,0.012456269999999992,0.16759243999999995,-0.006123749999999983,0.14963380000000004,-0.06941743,-0.009228139999999996,-0.04260044000000002,0.0018639000000000294,0.12373975753560613,0.014692897700603542
0.024122430000000028,-0.267944685,0.03805242000000003,-0.27759143500000005,0.01636095000000004,-0.28821450500000007,0.04449997,-0.27649169500000004,-0.006642150000000013,-0.300309415,0.031145709999999993,-0.21558531500000006,-0.038293929999999976,-0.22662645500000006,0.04337787000000004,-0.14489823500000004,-0.054427630000000005,-0.10932263500000006,0.07424797,-0.11366000500000006,-0.01168317999999996,-0.011441974999999993,0.021277710000000005,-0.0003984350000000303,-0.021277710000000005,0.00039843499999991927,0.011077749999999997,0.149557665,-0.008910790000000002,0.16722396499999992,-0.0015071299999999677,0.28640486499999995,-0.014278829999999965,0.316673765,0.012232160000000047,0.07068708000000001,0.030870099999999956,0.031238229999999978,-0.01613370000000003,0.11730382,0.042744450000000045,0.09788066000000006,-0.010199960000000008,0.14995610000000004,-0.012584879999999965,0.13684719999999995,0.012366920000000003,0.16682553,-0.005368039999999963,0.14944980000000008,-0.06943963999999997,-0.011041140000000005,-0.04255542000000001,0.0007968699999999496,0.12503612151427485,0.015239760985297598
0.02334247000000006,-0.26715612999999994,0.03766563000000006,-0.27688489999999993,0.015640270000000067,-0.28783613999999996,0.044602730000000035,-0.27541503999999994,-0.007087869999999941,-0.29994876,0.031091970000000024,-0.21471839999999998,-0.03797484999999995,-0.22441049999999996,0.044819400000000065,-0.14344869999999993,-0.051542269999999946,-0.10290469999999996,0.07504807000000002,-0.11166549999999997,-0.011836849999999954,-0.008317599999999925,0.021146070000000017,-0.0004753999999999037,-0.02114606999999996,0.0004754000000000147,0.012228730000000021,0.15040810000000004,-0.008147709999999975,0.16734690000000008,-0.001061769999999962,0.2875145,-0.013595069999999987,0.3178869000000001,0.01372743000000004,0.07126970000000005,0.030228669999999958,0.031783199999999956,-0.013567419999999997,0.1215058,0.03970541999999999,0.09458710000000004,-0.008917339999999996,0.15088349999999995,-0.013290499999999983,0.13710639999999996,0.012998359999999987,0.16687150000000006,-0.005447360000000012,0.15054,-0.06906681999999997,-0.009692099999999981,-0.04229213999999998,0.0009507999999999184,0.12356643533747348,0.012805406124305432
0.023953245000000012,-0.26601835999999995,0.037871144999999995,-0.27579051,0.016060965000000038,-0.28643212999999995,0.04405976500000003,-0.27467758,-0.007237184999999979,-0.29852580999999995,0.030710595000000007,-0.21423142999999994,-0.03770013499999997,-0.22438042999999996,0.045335185,-0.14374822999999998,-0.05069895499999999,-0.10633982999999991,0.07547174500000003,-0.11063617999999997,-0.013443554999999996,-0.00936346999999993,0.02093292499999999,-0.0004541299999999415,-0.02093292499999999,0.00045413000000005255,0.012475265000000013,0.14927647,-0.0075363949999999735,0.16716123000000005,-0.0009666849999999672,0.2875542,-0.013573754999999965,0.31890397000000004,0.014624589999999993,0.07048319999999997,0.030136560000000034,0.033112050000000004,-0.012998820000000022,0.11804060000000005,0.037255399999999994,0.09697635999999998,-0.008457659999999978,0.14973059999999994,-0.01344194999999998,0.13827773,0.013396530000000018,0.1667071,-0.006037359999999992,0.15174274,-0.06841072999999998,-0.010149000000000019,-0.04186584999999998,0.0009082599999999941,0.12294131538744375,0.012348114542589066
0.024487800000000004,-0.26528787,0.03830367000000001,-0.27514378999999994,0.016548019999999997,-0.28557480999999996,0.04445077000000003,-0.27417296999999996,-0.006799060000000023,-0.29755229999999994,0.031306270000000025,-0.21366299999999994,-0.03700019999999998,-0.22360116999999996,0.046358920000000026,-0.14383111999999998,-0.04931430999999997,-0.10671386999999999,0.07544962999999999,-0.10944001999999997,-0.012732670000000001,-0.008698470000000014,0.020916869999999976,-0.00039786999999991135,-0.020916869999999976,0.00039787000000002237,0.012763330000000017,0.14936043,-0.007523590000000024,0.16679323000000001,-0.0009846900000000103,0.2887249700000001,-0.013702170000000014,0.31869163,0.01505265,0.06983187999999996,0.029090709999999964,0.03439110000000001,-0.01231410999999999,0.11688729999999997,0.03658163999999997,0.09801539999999997,-0.00815353999999996,0.1497582999999999,-0.013748020000000027,0.1393645400000001,0.013393279999999952,0.16639536,-0.006178579999999989,0.1518984,-0.06830647000000001,-0.009938170000000024,-0.04183373999999995,0.0007957399999999337,0.1219180560451983,0.012236197572595836
0.02533580999999996,-0.262664805,0.03912420999999999,-0.27263367499999996,0.017342990000000003,-0.282943375,0.045261549999999984,-0.272297305,-0.006125110000000045,-0.295435575,0.03200636999999995,-0.21244300499999996,-0.036409930000000035,-0.222203745,0.04685612,-0.141675035,-0.04772637000000002,-0.10477217500000002,0.07639901999999998,-0.10812307499999996,-0.012039610000000034,-0.008752175000000029,0.020994349999999995,-0.0004142750000000195,-0.02099435000000005,0.0004142750000000195,0.014750989999999964,0.14975567499999998,-0.006589659999999997,0.166918625,-0.000395370000000006,0.29121552500000003,-0.012279340000000027,0.319863455,0.01484975000000005,0.07076796999999996,0.029542899999999983,0.03355196000000005,-0.011316439999999983,0.11743156999999999,0.035686759999999984,0.09602,-0.006243360000000031,0.15016995,-0.01514635999999997,0.14145985000000005,0.014404690000000053,0.16650434999999997,-0.00568968000000003,0.15294483000000003,-0.06841629999999999,-0.009760740000000045,-0.041988700000000045,0.000828550000000039,0.12112333819396197,0.01281449078465864
0.02532394499999996,-0.2603900699999999,0.039313755000000006,-0.2702428699999999,0.017336444999999978,-0.2806620299999999,0.04603068499999996,-0.2699929399999999,-0.005813525000000042,-0.2932771999999999,0.03277422499999999,-0.21128406999999993,-0.036033375000000034,-0.2207142399999999,0.04649807499999997,-0.14182826999999992,-0.04717595499999999,-0.10219546999999995,0.07675443500000001,-0.10743346999999992,-0.01106016500000001,-0.0043278699999999,0.021221235000000005,-0.0003986299999999554,-0.021221235000000005,0.00039863000000006643,0.016652924999999985,0.15018583000000008,-0.005907574999999998,0.1660179300000001,0.001176805000000003,0.29256703000000006,-0.011809194999999995,0.32104443000000005,0.013723849999999982,0.06945580000000001,0.030256360000000038,0.0343948,-0.011142579999999958,0.11851876999999994,0.03611578999999998,0.09786760000000005,-0.00456831000000002,0.15058446000000003,-0.015476119999999982,0.14238119999999999,0.015313660000000007,0.16561930000000002,-0.005901619999999996,0.15502649999999996,-0.06880760000000002,-0.00943016999999996,-0.04244247000000001,0.0007972600000000218,0.1205835530910646,0.011206567083406924
0.02575837000000003,-0.26109176500000003,0.03955249000000005,-0.270852525,0.01777525000000002,-0.28134237500000003,0.04549346000000004,-0.270670465,-0.005810309999999985,-0.29403065500000003,0.03181795000000004,-0.21249002500000003,-0.036200719999999964,-0.221597965,0.04692278,-0.14325978500000003,-0.04721660999999999,-0.10264992500000003,0.07651033000000002,-0.10871742500000003,-0.011083269999999978,-0.004479575000000069,0.020973569999999997,-0.00046522500000001354,-0.020973569999999997,0.00046522500000001354,0.01632191000000005,0.15045087499999998,-0.005358089999999982,0.16604972499999993,0.0032899299999999965,0.291150475,-0.011436869999999988,0.319404135,0.015104829999999958,0.06923024,0.029587550000000018,0.034542359999999994,-0.011015890000000028,0.11894803999999998,0.036133340000000014,0.09817034999999996,-0.004651659999999946,0.1509161,-0.013031980000000054,0.14069960000000004,0.015615480000000015,0.1655844999999999,-0.006078780000000006,0.15335441000000005,-0.06801867,-0.009107939999999981,-0.041947139999999994,0.0009304500000000271,0.12166704778261699,0.011057535038606082
0.025637905000000016,-0.260654335,0.039770854999999994,-0.270621605,0.017504304999999998,-0.281186255,0.04649990500000001,-0.270223055,-0.005788075000000004,-0.293718735,0.032696585,-0.211752775,-0.03553672499999999,-0.221033095,0.047352954999999974,-0.14238843499999998,-0.046782694999999985,-0.10096946500000004,0.07720164499999999,-0.10829513499999999,-0.010811075000000003,-0.0024740349999999856,0.021061855000000018,-0.00033506500000002326,-0.021061855000000018,0.00033506500000002326,0.01721425500000001,0.15063776500000003,-0.004478535000000006,0.16490432499999996,0.0048492649999999915,0.291264765,-0.011002084999999995,0.31914731500000004,0.014656369999999974,0.06936434000000002,0.02984869000000001,0.03409329999999999,-0.011245969999999994,0.12006362999999998,0.03597161999999998,0.09849543000000005,-0.0038476000000000066,0.15097283000000006,-0.01236499000000002,0.14062699999999995,0.016583320000000012,0.16456925999999994,-0.006523549999999989,0.15424299000000008,-0.06823330999999999,-0.009280320000000009,-0.042123710000000036,0.0006701300000000465,0.12168423371846078,0.010628712688674971
0.025831490000000012,-0.26058629,0.03987864000000002,-0.27026675,0.017824470000000037,-0.28091127,0.046346370000000026,-0.26946992,-0.005344860000000007,-0.29311585,0.03222970000000003,-0.21138891999999998,-0.03504223000000001,-0.22062195,0.04656995000000003,-0.142117,-0.04566985000000001,-0.09962749999999998,0.07647019999999999,-0.10828075000000004,-0.010908780000000007,0.00038285000000004565,0.02075906999999999,-0.00028329999999998634,-0.02075906999999999,0.00028329999999998634,0.01719717000000004,0.15118861000000006,-0.0033215500000000064,0.16490739,0.005092370000000013,0.29233695000000004,-0.009689979999999987,0.31961089,0.014340249999999999,0.06927191999999999,0.02990024999999996,0.03383624999999996,-0.010627620000000004,0.12099445000000003,0.034761070000000005,0.10001035000000003,-0.003561899999999951,0.15147191000000004,-0.012104800000000027,0.14114833999999998,0.017437519999999984,0.16462409,-0.0063684299999999805,0.1547035,-0.06727193000000004,-0.009233030000000031,-0.04151813999999998,0.0005665999999999727,0.12152028313158018,0.009850793028309938
0.025720159999999992,-0.26085337999999997,0.03971616,-0.27072542999999993,0.017538039999999977,-0.28104239,0.04626954,-0.26993750999999994,-0.005698000000000036,-0.29269454999999994,0.03270021000000001,-0.21212571999999996,-0.035541270000000014,-0.21950747999999998,0.04784575999999996,-0.14331124999999995,-0.04822814000000003,-0.09754028999999997,0.07655679999999998,-0.10743144999999998,-0.012381540000000024,-0.0026682499999999276,0.020949510000000005,-0.0005231499999999167,-0.020949510000000005,0.0005231500000000278,0.016475499999999976,0.15120075,-0.00255498000000004,0.16413179,0.005714419999999998,0.2923497500000001,-0.009815690000000044,0.31900835000000005,0.015145549999999952,0.06881447000000002,0.02871104000000002,0.03587979999999996,-0.012686870000000017,0.12196719,0.035846600000000006,0.09487204000000005,-0.004474010000000028,0.1517238999999999,-0.010761079999999978,0.14114900000000008,0.018394529999999965,0.16360863999999997,-0.0072607100000000036,0.15487656000000005,-0.06824148000000002,-0.007381760000000015,-0.04189902000000001,0.0010462999999999445,0.1205054161024894,0.009143038000626453
0.024916579999999966,-0.26142106,0.03897294999999995,-0.27114746999999995,0.016778219999999955,-0.28137192999999994,0.04566418999999999,-0.26989716999999996,-0.00637568000000005,-0.29247275999999994,0.03260367999999997,-0.21192935999999996,-0.03651137000000004,-0.21924809999999995,0.04722206999999995,-0.14418929999999996,-0.04891945000000003,-0.09790179999999993,0.07495294999999996,-0.10827023999999996,-0.013030590000000009,0.0018522699999999892,0.02129565,-0.0004184999999999883,-0.02129565,0.0004184999999999883,0.015419569999999994,0.15298230000000002,-0.0047097500000000125,0.16513454000000005,0.005267319999999964,0.2942907,-0.00993835000000004,0.31786820000000005,0.014618389999999981,0.06774005999999999,0.027730880000000013,0.03591906,-0.012408079999999988,0.12134630000000002,0.03588886000000002,0.09975406999999992,-0.005876080000000006,0.1534008,-0.01015225000000003,0.1413084,0.016585899999999987,0.16471604000000006,-0.005228600000000028,0.15273366,-0.06911505000000001,-0.00731873999999999,-0.0425913,0.0008369999999999767,0.12046204242132702,0.008388498865500301
0.024952489999999994,-0.26124118500000004,0.03916005,-0.270759625,0.01687641000000001,-0.281262785,0.04604009999999997,-0.269101665,-0.005994129999999986,-0.292248185,0.033278030000000014,-0.211659355,-0.03645835000000003,-0.21934598500000002,0.047576549999999995,-0.145721155,-0.050179450000000014,-0.10054202499999998,0.07474287000000002,-0.10771311500000003,-0.015920329999999983,-0.0039031849999999757,0.02141694999999999,-0.0003232850000000065,-0.02141694999999999,0.0003232850000000065,0.014947949999999988,0.15205581499999998,-0.004517419999999994,0.164002415,0.0043407799999999885,0.294842315,-0.00972982,0.31985601499999994,0.014298519999999981,0.0659382,0.02716632000000002,0.038008039999999965,-0.013721099999999986,0.11880396000000004,0.03425912000000003,0.09663884,-0.0064690000000000025,0.1523791,-0.010607169999999999,0.14278650000000004,0.016899529999999996,0.16367913,-0.005212400000000006,0.15585359999999993,-0.06973638000000004,-0.007686630000000028,-0.04283389999999998,0.000646570000000013,0.11990091463902729,0.006933677241211905
0.02368108000000002,-0.2632498,0.03813353000000003,-0.27269847999999997,0.015975210000000017,-0.2835351,0.045766710000000044,-0.2712284,-0.006102889999999972,-0.29523002,0.03310567000000003,-0.2134274,-0.036786759999999974,-0.22234555,0.04649121000000006,-0.14707635999999996,-0.052090729999999974,-0.10429226999999996,0.07419464000000003,-0.10865305999999997,-0.01745028999999998,-0.005225299999999988,0.02148673000000001,-0.00024409999999996934,-0.021486729999999954,0.00024409999999996934,0.015327610000000047,0.1508638,-0.005531389999999969,0.16383077000000001,0.004407310000000053,0.2938337,-0.010879009999999967,0.32066459999999997,0.013385540000000029,0.06635104000000003,0.027703429999999973,0.038423299999999994,-0.01530397,0.11805328000000004,0.034640439999999995,0.09906696999999998,-0.006159119999999962,0.15110789999999996,-0.010920299999999994,0.14296989999999998,0.015955339999999985,0.16358667000000005,-0.005347619999999997,0.15683382999999995,-0.06989243,-0.008918150000000014,-0.04297345999999996,0.0004881999999999387,0.12054304784951185,0.0067975866477448695
0.024701310000000032,-0.26430670500000003,0.039077150000000005,-0.273561145,0.017029000000000016,-0.284404725,0.046694380000000035,-0.27150920500000003,-0.00479050999999997,-0.29546937500000003,0.03445137000000004,-0.21327078500000002,-0.03578775000000001,-0.22310160500000004,0.047335810000000034,-0.14722266500000003,-0.052232200000000006,-0.10770540500000003,0.07559265000000004,-0.10853390500000004,-0.019241549999999996,-0.010698855000000007,0.02159105,-6.985500000000755e-05,-0.02159105,6.985500000000755e-05,0.015044910000000022,0.150885995,-0.0057332499999999675,0.16381209499999994,0.004659120000000017,0.29184824499999995,-0.010614630000000014,0.32071029500000003,0.012884439999999997,0.06604811999999999,0.028256840000000005,0.03868875999999999,-0.01644445,0.1153962,0.03299065000000001,0.09700655000000002,-0.006546139999999978,0.15095585,-0.010385790000000006,0.14096224999999996,0.015857800000000033,0.16374223999999993,-0.004881380000000046,0.1568982000000001,-0.07023912000000004,-0.009830820000000018,-0.0431821,0.0001397100000000151,0.12116362055073508,0.01102203544333352
0.02608501499999999,-0.26443631999999995,0.040448755,-0.2737539299999999,0.018327174999999973,-0.28453485999999995,0.04812037499999999,-0.27140481999999994,-0.003457195000000024,-0.29508436999999993,0.03651755499999998,-0.21285654999999992,-0.03455215500000003,-0.22220519999999994,0.049636544999999976,-0.1458894799999999,-0.05004555500000002,-0.10448039999999992,0.07742789499999997,-0.10683543999999989,-0.017504524999999993,-0.0056738999999998985,0.021807375000000018,-6.089999999991935e-05,-0.021807375000000018,6.0900000000030374e-05,0.014849125000000019,0.15163040000000005,-0.005437725000000004,0.1648655400000001,0.00379931499999997,0.2925152000000001,-0.009630744999999996,0.3237052400000001,0.013118989999999997,0.06696707000000002,0.027791349999999992,0.03905404000000001,-0.01549339999999999,0.11772480000000002,0.032541030000000026,0.09880650000000002,-0.006958249999999999,0.15169129999999997,-0.011049810000000049,0.14088480000000003,0.016369650000000013,0.16480464000000006,-0.004193019999999992,0.15883970000000003,-0.07106971000000001,-0.009348650000000014,-0.043614750000000035,0.00012179999999994973,0.12039287618992242,0.007169550136689149
0.026881584999999986,-0.26519722,0.041104215,-0.27437542,0.019290074999999962,-0.28528616,0.048476114999999986,-0.27237164999999997,-0.0024204449999999933,-0.29629082,0.036710515,-0.21396306999999998,-0.033823885,-0.22361365,0.05108494499999999,-0.14786748,-0.049838885,-0.10633990999999998,0.078511255,-0.10707089999999997,-0.01797960500000001,-0.004082849999999971,0.021559015000000015,5.105000000005244e-05,-0.021559015000000015,-5.104999999994142e-05,0.014902634999999997,0.14855145000000003,-0.005050615000000036,0.16128828000000006,0.0037388949999999643,0.28914805,-0.009668184999999996,0.31959835000000003,0.014374429999999994,0.06609558999999998,0.02742631000000001,0.04079658000000003,-0.016015,0.11727374000000002,0.03185927999999999,0.10225706000000001,-0.006656380000000017,0.14850039999999998,-0.011163740000000033,0.14059659999999996,0.01650839999999998,0.16133933,-0.00461756999999996,0.15831006999999997,-0.0705344,-0.00965058000000002,-0.04311803000000003,-0.00010209999999999386,0.12132052510939813,0.005391436467964756
0.02831431000000001,-0.26348149,0.04253329,-0.27274208,0.02070860999999996,-0.28365214,0.04983565000000001,-0.27056106,-0.000981730000000014,-0.2942794,0.03845472999999999,-0.21273382000000002,-0.032888150000000005,-0.22135146,0.053241119999999975,-0.14762838,-0.048925770000000035,-0.10321080000000005,0.08020444999999998,-0.10586487,-0.016268570000000038,-0.0012889400000000162,0.021805269999999988,-0.0001394999999999591,-0.021805269999999988,0.0001394999999999591,0.015565249999999975,0.14885903999999994,-0.005051450000000013,0.16218913999999995,0.0059633099999999994,0.28805525,-0.008334649999999999,0.32163823999999996,0.014786389999999983,0.06510544000000001,0.026963330000000008,0.041763510000000004,-0.01603762000000003,0.11814065999999995,0.0326572,0.10192186000000003,-0.006240020000000013,0.1489985399999999,-0.009601939999999975,0.13919621000000004,0.016753819999999975,0.16204964,-0.003283199999999986,0.1594491,-0.07134288,-0.008617639999999982,-0.043610539999999975,0.0002789999999999182,0.1207821099596679,0.005717996827875946
0.027473670000000006,-0.26451719,0.041954590000000014,-0.27380805,0.01987956000000002,-0.28488723,0.05028611999999999,-0.27182463,-0.0011911000000000005,-0.29582015,0.039258249999999995,-0.21364522000000002,-0.032699580000000006,-0.22294675000000003,0.05108642000000002,-0.1489262,-0.04968188000000001,-0.10613545000000002,0.07893106999999999,-0.10860714999999999,-0.018722530000000015,-0.004089800000000032,0.02203527999999999,-0.0002680099999999852,-0.02203527999999999,0.0002680099999999852,0.016585000000000016,0.14545514999999998,-0.005615179999999997,0.16174581,0.003564159999999983,0.2813361,-0.00886994000000002,0.32180449,0.011828170000000027,0.06471902000000002,0.02784464999999997,0.04031905000000002,-0.016982300000000006,0.1168113,0.030959349999999997,0.10204564999999999,-0.005450279999999974,0.14572315999999996,-0.013020840000000033,0.13588095,0.016420099999999993,0.1614778,-0.003254760000000023,0.16005868,-0.07195783,-0.009301530000000002,-0.04407055999999998,0.0005360199999999704,0.12237034026128922,0.005474013204094414
0.028025894999999967,-0.264765435,0.042456174999999985,-0.273885245,0.020460064999999972,-0.285046035,0.050501295,-0.27130925499999997,-0.0006218850000000442,-0.295532315,0.03938507499999999,-0.21268737499999996,-0.032178965000000004,-0.22309231499999999,0.05135297499999997,-0.14732262499999998,-0.04957887500000002,-0.10748847500000003,0.07913079499999998,-0.10714521499999996,-0.019550325000000035,-0.004938474999999998,0.021902174999999968,3.882499999996458e-05,-0.021902175000000024,-3.882499999996458e-05,0.015194054999999984,0.146966425,-0.00626060500000003,0.16204056499999997,0.003980894999999984,0.28230172500000006,-0.009056535000000032,0.321628365,0.011967899999999976,0.06536474999999997,0.02777782000000001,0.040177410000000024,-0.01739991000000002,0.11560383999999996,0.030028549999999987,0.10255000000000003,-0.006708119999999984,0.14692760000000005,-0.01121316,0.13533530000000005,0.015641569999999994,0.16207938999999993,-0.002795930000000002,0.15958780000000006,-0.07156404,-0.01040494000000003,-0.04380434999999999,-7.764999999992916e-05,0.12150528127544903,0.005434866009847922
0.028471440000000015,-0.26372236000000004,0.04312107999999998,-0.27255582000000006,0.021252969999999982,-0.2845020200000001,0.050833090000000025,-0.2702081800000001,-6.946000000002117e-05,-0.29642945000000004,0.0384968,-0.21207377000000005,-0.03271868,-0.22402762000000004,0.050336099999999995,-0.1460425800000001,-0.04934653,-0.10772082000000005,0.07877585999999998,-0.10606682000000012,-0.01867770000000002,-0.0033645900000001117,0.02178165999999998,7.947999999990962e-05,-0.02178165999999998,-7.948000000002065e-05,0.016291810000000018,0.14418862,-0.006273960000000023,0.1607046499999999,0.003144990000000014,0.2787563799999999,-0.009385460000000012,0.32054903999999995,0.011839299999999997,0.06603118999999996,0.02843975999999998,0.03997575999999997,-0.01662785,0.11630679999999999,0.03066882999999998,0.10435622999999994,-0.005489849999999963,0.14410914000000008,-0.013146820000000004,0.13456775999999993,0.015507699999999958,0.16078412999999991,-0.0031114999999999893,0.15984439000000006,-0.07121548,-0.011953849999999988,-0.04356331999999996,-0.00015895999999993027,0.1204797735610837,0.00451957026648556
0.024273619999999996,-0.26089336999999996,0.04042952,-0.26951495,0.017135609999999968,-0.28199925,0.048294229999999994,-0.26448771,-0.004546009999999989,-0.29249649999999994,0.03442898999999999,-0.21000354999999998,-0.03591211,-0.21792164999999997,0.04687840999999998,-0.14247411999999998,-0.05186339000000001,-0.10205014999999995,0.07296074999999996,-0.10066131,-0.023723590000000017,-0.0017875099999999922,0.02140886999999997,-0.001074149999999996,-0.021408870000000024,0.001074149999999996,0.015129159999999975,0.14407165,-0.00879281000000004,0.16063270000000007,0.00040761999999999743,0.2730227500000001,-0.011520110000000028,0.3218716100000001,0.012449419999999989,0.06752943,0.02608233999999998,0.04181280999999998,-0.015951280000000012,0.11587150000000002,0.028139799999999993,0.10026263999999996,-0.006279709999999994,0.1451458,-0.014721539999999977,0.1289511000000001,0.012616059999999985,0.15955855000000008,-0.002727299999999988,0.16123891,-0.07034109999999999,-0.007918099999999983,-0.04281773999999999,0.002148299999999992,0.112139193721018,0.0036806285650687297
0.026460384999999975,-0.25885342,0.04240167499999997,-0.26784605,0.01939151499999997,-0.28018601,0.04967925499999998,-0.26461793,-0.002717405000000006,-0.29224159,0.03462389499999996,-0.21145965,-0.034497865000000016,-0.21807642,0.04635003500000001,-0.14327071999999996,-0.05072542499999999,-0.10130841999999995,0.07257351499999998,-0.09992294999999995,-0.02254494500000004,-0.000862489999999938,0.020998834999999993,-0.0016379499999999991,-0.020998834999999993,0.0016379499999999991,0.01680058499999998,0.14096050000000004,-0.00788273500000003,0.16148775000000004,0.0009807949999999788,0.26937415,-0.010776065000000001,0.32263225000000006,0.011726140000000052,0.06818893000000004,0.026223479999999966,0.04334777000000001,-0.016227559999999974,0.11676800000000004,0.028180479999999952,0.10044593000000002,-0.0041982500000000145,0.14259845000000004,-0.01581979,0.12841364999999993,0.013116099999999964,0.15984980000000004,-0.0028933299999999718,0.16114450000000002,-0.06912175999999998,-0.006616769999999994,-0.04199766999999999,0.0032758999999999983,0.11099499467139223,0.0029398395067928157
0.03179088000000002,-0.25980327000000003,0.046188160000000034,-0.26872867000000006,0.024767280000000003,-0.28096197000000006,0.05211836000000003,-0.26707584000000006,0.0024803800000000042,-0.29389257,0.037765660000000034,-0.21122584000000005,-0.03175258999999997,-0.22114377000000002,0.05001354000000002,-0.14398525000000006,-0.04816421999999998,-0.09935347000000005,0.07794666,-0.10489327000000004,-0.015215370000000006,-0.001096130000000084,0.021129759999999997,-0.00032783000000002893,-0.021129759999999997,0.0003278299999999179,0.015788280000000043,0.14657436999999995,-0.004478159999999953,0.16323356999999994,0.005276439999999993,0.28414392999999993,-0.006904609999999978,0.32679313,0.012247879999999989,0.06724058999999999,0.027933119999999978,0.039091980000000026,-0.01641163000000001,0.12179029999999996,0.032948849999999974,0.09825733999999997,-0.005341479999999954,0.14690219999999998,-0.01051184000000005,0.13756955999999998,0.016651600000000044,0.16290574000000002,-0.0024264500000000244,0.16355956000000005,-0.06951825,-0.009917929999999964,-0.042259519999999995,0.0006556599999999468,0.11900458549149946,0.006083393062567954
0.032318715,-0.2597472249999999,0.046410974999999965,-0.2689379549999999,0.025306794999999993,-0.2809041249999999,0.05167052499999997,-0.2687053749999999,0.0024465049999999877,-0.2949620549999999,0.037044474999999966,-0.2135779249999999,-0.03228994500000004,-0.22257922499999988,0.04995522499999999,-0.1456404449999999,-0.04947757500000005,-0.10046956499999993,0.077709325,-0.10559052499999988,-0.016237705000000047,-0.003709424999999933,0.020984024999999962,-0.000563224999999945,-0.020984025000000017,0.000563225000000056,0.015383974999999994,0.14588870500000006,-0.004607495000000017,0.16331990500000015,0.004671434999999946,0.28404427500000007,-0.006762885000000052,0.32555507500000014,0.012910750000000026,0.06793748,0.027754100000000004,0.04004992000000002,-0.01718763000000001,0.12210965999999995,0.033239870000000005,0.09676014,-0.0056000499999999676,0.14645193,-0.010712540000000048,0.13815557,0.01637653,0.1627566800000001,-0.0021553900000000348,0.16223516999999998,-0.06933442000000001,-0.00900129999999999,-0.04196804999999998,0.001126450000000001,0.11936705326588233,0.006386164072813948
0.02957027499999998,-0.26064987500000003,0.04501756499999998,-0.27004109500000006,0.022764194999999987,-0.28242671500000005,0.050138615,-0.26823826500000003,-0.0007865249999999824,-0.29616667500000005,0.03245193499999999,-0.21601971500000006,-0.034241765000000035,-0.22169067500000006,0.04502915499999999,-0.14634101500000007,-0.051945935,-0.10084526500000002,0.07106765500000001,-0.10579741500000006,-0.02190086499999999,-0.005974165000000031,0.020031864999999982,-0.001538385000000031,-0.020031864999999982,0.00153838499999992,0.013987474999999971,0.14607162499999993,-0.007526315000000006,0.16234244499999995,0.003441234999999987,0.27810558499999993,-0.008394934999999992,0.322819985,0.01257722,0.06967869999999998,0.02603850000000002,0.04054360000000001,-0.017704169999999964,0.12084541000000004,0.030045070000000007,0.09487109999999999,-0.006044390000000011,0.14761000999999996,-0.010546239999999985,0.13203396,0.012505549999999976,0.16080406000000003,-0.0008686199999999866,0.16047754000000003,-0.06669370000000002,-0.005670960000000003,-0.040063729999999964,0.003076769999999951,0.11608013265613117,0.007741548198035022
0.03147044499999996,-0.25870623000000004,0.04650846499999994,-0.26827489000000004,0.024401344999999963,-0.280017,0.05116376499999997,-0.26703545,0.0004945449999999574,-0.29329128000000004,0.03337687499999997,-0.21532558000000002,-0.03266590500000005,-0.21937273000000002,0.045069944999999945,-0.14525555,-0.050432175000000024,-0.09792741000000005,0.07198452499999997,-0.10426665000000002,-0.020584585000000044,-0.002079379999999964,0.01988849499999995,-0.0018786499999999817,-0.019888495000000006,0.0018786499999999817,0.014641464999999965,0.14535109999999996,-0.007091355000000021,0.16306690999999995,0.003675494999999973,0.27783165,-0.008123695000000042,0.32314045,0.011693069999999972,0.07007003,0.02691458000000002,0.040988899999999995,-0.017766269999999973,0.12144531999999997,0.02984758999999998,0.09584803000000008,-0.005247029999999986,0.14722974999999994,-0.010965969999999992,0.13248055000000003,0.012797139999999985,0.16118825999999997,-0.0010323400000000205,0.16007354000000007,-0.06604278000000002,-0.004047149999999999,-0.03977698999999996,0.0037572999999999634,0.11487949723845813,0.004018773789229698
0.033035289999999995,-0.25751649,0.04750968999999999,-0.26725519000000003,0.025945319999999994,-0.27862349000000003,0.05109247,-0.26734322,0.0012239400000000344,-0.29270542,0.03260149000000001,-0.21647742000000003,-0.032312759999999996,-0.21944657,0.044585299999999994,-0.14495742,-0.05074342999999998,-0.09648829000000003,0.07161211,-0.10460314000000004,-0.020661989999999963,-0.0017517500000000519,0.019508850000000022,-0.0021541400000000266,-0.019508849999999966,0.0021541400000000266,0.014497650000000029,0.14422100999999998,-0.007042729999999997,0.16293117000000001,0.003886370000000028,0.27780410999999994,-0.00867418999999997,0.32215658,0.011983809999999984,0.07152000000000003,0.027026810000000012,0.040354279999999965,-0.018430669999999982,0.12295827999999998,0.030081440000000015,0.09473653999999998,-0.0050111999999999934,0.14637515,-0.01061128,0.13358309999999995,0.01246611999999997,0.16077703,-0.0016314599999999735,0.15922541,-0.06491425,-0.002969149999999976,-0.03901769999999999,0.004308280000000053,0.11493714501251369,0.004072555530830808
0.03968268499999994,-0.25554284999999993,0.05154577499999996,-0.26521128999999993,0.03213793499999995,-0.27553991999999994,0.052486094999999955,-0.26964271999999995,0.005511734999999962,-0.29186532,0.03687443499999998,-0.21736656,-0.031631285000000064,-0.22326207999999997,0.04978737499999997,-0.14455851999999997,-0.04927596500000003,-0.09909007999999997,0.07679888499999998,-0.10410217,-0.01645746500000006,-0.001551119999999906,0.020893004999999965,-0.001338320000000004,-0.02089300500000002,0.001338320000000004,0.01610380499999997,0.1447336800000001,-0.005903125000000065,0.1650413500000001,0.003853974999999954,0.28505508,-0.007700795000000038,0.3219775800000001,0.012912939999999984,0.07280804000000002,0.027011510000000016,0.040456349999999974,-0.017644679999999968,0.124172,0.03281849999999997,0.09753896000000006,-0.0047891999999999935,0.1460720000000001,-0.012249830000000017,0.14032139999999993,0.014989879999999955,0.16370303000000008,-0.0017976699999999735,0.15693623,-0.06850572000000005,-0.0058955199999999874,-0.041786009999999985,0.002676640000000008,0.11698665003066333,0.005293664005695783
0.03915720999999994,-0.25626126499999996,0.05184932999999997,-0.2661928249999999,0.03210901999999993,-0.27753785499999994,0.05158885999999996,-0.2694996049999999,0.003710649999999982,-0.2947157649999999,0.03133424999999995,-0.21869002499999995,-0.032525810000000044,-0.22380990499999992,0.04424785999999997,-0.14183082499999994,-0.04964236000000005,-0.10075256499999996,0.07158508999999996,-0.10481042499999993,-0.020066060000000052,-0.002374224999999952,0.019146689999999966,-0.0019929749999999524,-0.019146690000000022,0.0019929750000000634,0.015130219999999972,0.1440139050000001,-0.00812194000000005,0.16359947500000005,0.0023696099999999665,0.27937337500000003,-0.00767026000000004,0.32001397500000006,0.01291361000000002,0.07685920000000002,0.02733722999999999,0.03702040000000001,-0.017116550000000008,0.12305733999999996,0.0295763,0.09837834000000001,-0.004016469999999994,0.14600688000000006,-0.012760610000000006,0.13535946999999993,0.011024749999999972,0.1616065,0.00045168000000000985,0.1564145,-0.06386006,-0.005119879999999966,-0.03829337999999999,0.003985950000000016,0.1154175628709188,0.004462922477133139
0.04475290500000001,-0.25415123,0.054825065000000006,-0.26362955,0.037711264999999994,-0.2736736,0.052183125,-0.27090915000000004,0.008590584999999984,-0.29238493000000004,0.03441850499999999,-0.22017735,-0.031187395000000007,-0.22577638,0.047720735000000014,-0.14295308,-0.048984344999999985,-0.10005225000000006,0.07647562499999999,-0.10560835000000002,-0.015291215000000025,-0.0016419500000000031,0.019993064999999977,-0.0018982499999999902,-0.019993064999999977,0.0018982499999999902,0.016486404999999982,0.14097510999999996,-0.005875434999999984,0.16596805000000003,0.0024191749999999956,0.28289507999999997,-0.007600574999999998,0.31930505,0.013302230000000026,0.07722426999999998,0.028754889999999977,0.03734472999999999,-0.017796949999999978,0.12572412999999993,0.03369312999999996,0.09841030000000006,-0.0035066599999999948,0.14287335999999995,-0.014067229999999986,0.14191997,0.014117629999999992,0.16406980000000004,-0.0017251400000000139,0.15333699999999995,-0.0656059,-0.005599030000000005,-0.03998612999999995,0.0037964999999999804,0.11809345632237041,0.005885610372977429
0.05135946499999999,-0.25003276,0.05848828499999997,-0.25941766,0.04423655500000001,-0.26805362,0.05144046499999999,-0.26942995000000003,0.011492585,-0.2869749,0.03411005499999997,-0.22087035,-0.03087277500000002,-0.22379812999999998,0.04805316500000001,-0.14238974999999998,-0.04931851500000001,-0.09910980000000003,0.076892925,-0.10587069999999998,-0.014486315000000027,-0.0023317400000000266,0.01991246499999999,-0.0024836000000000302,-0.01991246499999999,0.0024836000000000302,0.01684774499999997,0.1405307,-0.005839015000000003,0.16647212999999994,0.0018400149999999726,0.28571939999999996,-0.00721575499999999,0.31778059999999997,0.013943110000000036,0.07848060000000001,0.028839759999999992,0.03651905,-0.018445739999999988,0.12468832999999996,0.03483219999999998,0.09677806,-0.0030647200000000208,0.14301430000000004,-0.015007729999999997,0.14518869999999995,0.014073449999999987,0.1639885299999999,-0.0013767399999999874,0.15130847000000003,-0.06498282999999999,-0.002927779999999991,-0.03982492999999998,0.0049672000000000605,0.11804941875427254,0.007254695247775757
0.05705275500000001,-0.24545213000000005,0.06220164500000003,-0.25405267000000004,0.05051269500000005,-0.26190403000000007,0.052523315000000015,-0.26531887000000004,0.017061855000000015,-0.28085261000000006,0.03628402500000005,-0.21858457000000003,-0.028185824999999942,-0.22254059000000004,0.04841667500000002,-0.13756425000000005,-0.04847702499999995,-0.1002731,0.07696897500000005,-0.10252115000000006,-0.013197244999999969,-0.0025365000000000526,0.019944125000000035,-0.0022623800000000083,-0.01994412499999998,0.0022623799999998973,0.01829117500000005,0.14205234999999994,-0.005220724999999982,0.16722419999999993,0.001826135000000062,0.28894498999999996,-0.0069030249999999516,0.31955961,0.012132649999999967,0.08102031999999998,0.02855230000000003,0.035043099999999994,-0.02029120000000001,0.12226749000000003,0.03527977999999998,0.09773659999999995,-0.0016529499999999864,0.14431472999999995,-0.016465039999999986,0.14689264000000002,0.014723399999999998,0.16496182000000004,-0.00168229999999997,0.15233541000000006,-0.06446985,-0.0039560200000000045,-0.039888250000000014,0.0045247599999999055,0.11534146903622916,0.008279470936527264
0.060414615000000005,-0.24228524000000007,0.06463751500000003,-0.24966102000000007,0.05549441500000002,-0.2577643600000001,0.05296908500000003,-0.26207172000000006,0.023332815000000007,-0.27841820000000006,0.036761215000000014,-0.21948748000000007,-0.026254885000000006,-0.22376858000000005,0.047950665,-0.13680248000000006,-0.04956408499999998,-0.10092492000000008,0.075943335,-0.10220292000000009,-0.01378066499999997,-0.0033546900000001045,0.019564945,-0.002378920000000062,-0.019564945,0.002378919999999951,0.018849594999999997,0.14035277999999995,-0.0057486150000000125,0.16760907999999997,0.00149101500000004,0.28704288,-0.00641518499999999,0.31813362999999995,0.01118944999999999,0.08268500000000001,0.027992669999999997,0.034599559999999974,-0.023309199999999974,0.12284365999999997,0.03578342000000001,0.09757022999999998,-0.0007153500000000035,0.14273170000000002,-0.017358579999999957,0.14669010000000005,0.013816329999999988,0.16523016000000001,-0.0006665699999999775,0.15052454999999998,-0.06301610000000002,-0.004281099999999982,-0.03912989,0.004757840000000013,0.1146444670928,0.008144456934044222
0.06207145000000003,-0.23722571999999992,0.06658898000000002,-0.24410146999999993,0.057597830000000017,-0.2528279499999999,0.05522205000000002,-0.2573058399999999,0.02632608000000003,-0.2753596199999999,0.038113790000000036,-0.2171581199999999,-0.023634029999999973,-0.2247444199999999,0.04911102000000006,-0.13437571999999987,-0.04803714999999997,-0.10454301999999993,0.07664599000000005,-0.10079731999999997,-0.012486849999999938,-0.005329719999999871,0.019190030000000025,-0.0015797199999999512,-0.01919002999999997,0.0015797200000000622,0.018728930000000032,0.1425218800000001,-0.004047199999999973,0.1669667800000001,0.0023516500000000384,0.28949208000000004,-0.0060994199999999665,0.31786045000000007,0.010997230000000024,0.08278240000000003,0.027534969999999992,0.0335783999999999,-0.02440312,0.12020139999999996,0.035550300000000035,0.09921330000000006,-0.00046109999999999207,0.14410160000000005,-0.016377279999999994,0.14697019999999994,0.015142829999999996,0.16538706000000003,-0.0020522199999999935,0.15089366999999998,-0.06174782000000001,-0.00758629999999999,-0.038380059999999994,0.0031594400000000133,0.114653039598964,0.00962668080004731
0.06405660499999993,-0.23615502999999988,0.06867972499999997,-0.24258014999999988,0.06012564499999995,-0.2517878699999999,0.056999264999999966,-0.2568909799999999,0.029074784999999936,-0.2762888499999999,0.03772502499999997,-0.2184998999999999,-0.021670815000000065,-0.22854301999999987,0.04727378499999996,-0.13429444999999995,-0.04747877500000003,-0.10858264999999989,0.07591672499999996,-0.10175854999999989,-0.008695695000000059,-0.005449679999999901,0.018515024999999963,-0.000914149999999947,-0.01851502500000002,0.000914150000000058,0.016490424999999975,0.1466442000000001,-0.00410804500000006,0.16725545000000008,0.002348324999999929,0.29327955000000006,-0.0067886450000000376,0.31441295000000014,0.00954875999999999,0.08420544999999996,0.028642940000000006,0.03253590000000006,-0.025807959999999963,0.11996036999999998,0.03878307999999997,0.10313296999999999,-0.0020245999999999875,0.14755835000000006,-0.014142100000000046,0.14663534999999994,0.014406979999999958,0.16634130000000003,-0.0026805999999999774,0.14715750000000005,-0.05939584000000003,-0.010043119999999961,-0.03703004999999998,0.001828300000000005,0.11603683972881194,0.011701178313221223
