0,1,2,3,4,5,6,7,8,9,10,11,12,13,14,15,16,17,18,19,20,21,22,23,24,25,26,27,28,29,30,31,32,33,34,35,36,37,38,39,40,41,42,43,44,45,46,47,48,49,50,51,52,53,54,55
0.07313121499999997,-0.24267840499999999,0.07153109499999999,-0.24850821500000003,0.07407955499999996,-0.256971565,0.04636807500000001,-0.262276795,0.048905564999999984,-0.279280545,0.024047894999999986,-0.23115184500000002,-0.005939675000000033,-0.226903295,0.03146015499999999,-0.131208345,-0.008684505000000009,-0.092120745,0.07359834500000001,-0.10491371500000002,0.07197489499999998,-0.06901234499999997,0.010679855000000016,-0.004883584999999968,-0.010679855000000016,0.004883584999999968,0.021240364999999983,0.13262035500000002,-0.012323485000000023,0.167577455,0.002242595000000014,0.268024625,-0.01287613500000001,0.30808965499999996,0.007412260000000004,0.09994350000000002,0.04213819000000002,0.026294629999999986,-0.002744829999999976,0.13478255,0.08065939999999999,0.02310840000000003,0.010560509999999967,0.13750394,-0.01899776999999997,0.13540427,-0.001643630000000007,0.16269387000000002,-0.0005526499999999879,0.14051219999999998,-0.02998757000000002,0.004248550000000018,-0.02135971000000003,0.009767169999999936,0.11817259958085465,0.11087116923766697
0.075857055,-0.24097699000000006,0.07425607500000003,-0.24663418000000004,0.07730026499999998,-0.25525870000000006,0.04854745500000002,-0.26042905000000005,0.052634934999999994,-0.27795049000000005,0.024521954999999984,-0.23030740000000005,-0.00217582500000002,-0.22677975000000006,0.03409747499999999,-0.13134002,-0.00672758499999998,-0.09328767000000004,0.07592891499999999,-0.10429999000000001,0.07340951499999998,-0.06740642000000008,0.009290085000000003,-0.004427820000000082,-0.009290085000000003,0.004427819999999971,0.015954864999999985,0.13622143999999992,-0.011007115000000012,0.16877937999999992,0.0018520750000000086,0.27407720999999996,-0.011617144999999995,0.30964108,0.009575520000000004,0.09896738000000005,0.04183144,0.027040029999999993,-0.00455175999999996,0.13349208,0.08013709999999996,0.025881249999999967,0.006664779999999981,0.14064926,-0.014102789999999976,0.13785577000000004,-0.0017170300000000083,0.16435155999999995,-0.0006100299999999836,0.1408617000000001,-0.026697780000000004,0.0035276499999999933,-0.018580170000000007,0.008855640000000053,0.12006325001547219,0.10954169013000303
0.07725082999999999,-0.24236640000000004,0.07561290000000004,-0.24779765000000004,0.07903423000000004,-0.25680468,0.04938783000000002,-0.26137806,0.054056080000000006,-0.27987514,0.023227600000000015,-0.23093270000000005,-6.206999999996965e-05,-0.22839305000000004,0.03501546,-0.1305195,-0.004634019999999961,-0.09347517000000005,0.07654551000000004,-0.10618760000000005,0.07507995,-0.06979180000000007,0.007973070000000027,-0.0039309000000000704,-0.007973069999999971,0.003930899999999959,0.011282090000000022,0.13657359999999996,-0.009872710000000007,0.16615000000000002,0.0002683300000000388,0.27781100000000003,-0.012673109999999987,0.3085329,0.011787859999999983,0.10041320000000004,0.04153005000000004,0.024331899999999962,-0.004571949999999991,0.13491788,0.07971396999999997,0.02368336999999998,0.003309019999999996,0.14050450000000003,-0.011013759999999984,0.14123740000000007,-0.0018996400000000357,0.16221910000000006,-0.0028003999999999807,0.14238289999999998,-0.023289669999999985,0.0025396500000000044,-0.015946139999999998,0.00786180000000003,0.12312031604265641,0.11105332334698678
0.07815193999999998,-0.23985774999999993,0.07632103999999995,-0.2445121999999999,0.08037654,-0.25397777999999993,0.049035689999999965,-0.2592599999999999,0.05514192999999995,-0.27767724999999993,0.02302190999999998,-0.2313399499999999,-0.0010327700000000162,-0.2266535199999999,0.03191271999999995,-0.12990404999999994,-0.005101380000000044,-0.08921004999999993,0.07850491999999998,-0.10584624999999992,0.07711886999999995,-0.06887530999999991,0.008553270000000002,-0.004016849999999961,-0.008553270000000002,0.004016850000000072,0.008993059999999997,0.1407255500000001,-0.006511630000000046,0.16678605000000013,-0.0034983100000000045,0.28074975000000013,-0.01574468000000001,0.31150745000000013,0.008890809999999971,0.10143589999999997,0.04659220000000003,0.024057800000000018,-0.004068610000000028,0.13744346999999996,0.08222025,0.020334740000000018,0.00043978999999999546,0.14474240000000005,-0.012491370000000002,0.14002420000000004,0.0020416399999999557,0.16276920000000006,-0.009233049999999965,0.1447214,-0.024054679999999995,0.004686430000000019,-0.017106540000000003,0.008033700000000032,0.12354132928733805,0.11248547711435991
0.07687304500000003,-0.24113118999999994,0.07497107500000005,-0.24545469999999997,0.07911068500000001,-0.25508370999999996,0.04769374500000001,-0.26023092999999997,0.053591045000000004,-0.27912264999999997,0.022721585000000044,-0.23282643999999997,-0.002988354999999998,-0.22907253999999994,0.033210185,-0.13381820999999994,-0.007441854999999997,-0.09417467000000002,0.07828804500000003,-0.10771900999999995,0.07343971500000002,-0.06961896999999995,0.009051915000000021,-0.0037636699999999967,-0.009051914999999966,0.0037636699999999967,0.007569045000000052,0.14033253,-0.007763324999999988,0.16580603000000005,-0.007134154999999975,0.28159043000000006,-0.018840104999999996,0.30976983,0.010488599999999959,0.09900823000000003,0.045077860000000025,0.02609919999999999,-0.004453499999999999,0.13489786999999992,0.08088157000000001,0.02455570000000007,-0.0014828699999999695,0.1440962,-0.014703200000000027,0.14125790000000005,0.0012885899999999784,0.16204236000000005,-0.011076780000000008,0.14396379999999998,-0.025709940000000042,0.003753900000000032,-0.018103829999999987,0.0075273399999999935,0.1249013787429606,0.11040779353572142
0.07670540999999997,-0.24422053499999996,0.07467128,-0.24851656499999997,0.07915277999999998,-0.25805376499999994,0.04679875,-0.26318100499999997,0.05333261,-0.28203096499999997,0.020278709999999978,-0.23532680499999997,-0.0027586400000000344,-0.23067701499999999,0.032116370000000005,-0.13783470499999995,-0.00724043000000002,-0.09591630499999992,0.07828440999999997,-0.11038546500000002,0.07223825,-0.07191452499999995,0.008015529999999993,-0.00370303499999991,-0.008015530000000048,0.003703035000000021,0.004627269999999961,0.143945475,-0.007366609999999996,0.16732540500000004,-0.008671810000000002,0.2850119750000001,-0.019075320000000007,0.3063943050000001,0.011837660000000028,0.09749210000000003,0.046168039999999966,0.02744923999999993,-0.0044817899999999855,0.13476071000000006,0.07947868000000002,0.024001779999999973,-0.003388260000000032,0.1476485099999999,-0.013299079999999963,0.1410665000000001,0.0006489200000000528,0.16362237000000002,-0.011708710000000011,0.13906890000000005,-0.023037350000000012,0.004649789999999987,-0.01603106000000004,0.007406069999999931,0.12774527923629633,0.1102664254641548
0.07861975999999998,-0.24375002500000004,0.07634506999999996,-0.24810212500000006,0.08135629999999999,-0.257482085,0.047848559999999984,-0.263472725,0.0564229,-0.281801605,0.01950845999999995,-0.23529206500000005,0.0010328699999999635,-0.23064281500000006,0.02995756999999999,-0.13633241500000004,-0.0061926600000000165,-0.09597158500000003,0.07932139999999999,-0.10948594500000008,0.07456139999999994,-0.07254584500000005,0.006150759999999977,-0.0037635150000000506,-0.006150760000000033,0.0037635149999999395,0.0031346799999999453,0.14225528499999995,-0.0035537100000000432,0.16562316499999996,-0.011786060000000043,0.285098815,-0.01662459000000005,0.30757061499999994,0.01044911000000004,0.09895965000000001,0.04936383,0.026846469999999956,-0.00722552999999998,0.13467123000000003,0.08075405999999996,0.023425739999999973,-0.003016080000000032,0.1460188,-0.014920739999999988,0.14284353000000005,0.0025970499999999896,0.16185965000000002,-0.013070880000000007,0.14194744999999998,-0.018475589999999986,0.004649249999999994,-0.01230152000000001,0.00752702999999999,0.1285736161236609,0.11107461994296985
0.07964483,-0.24050873499999997,0.07767247999999999,-0.244951195,0.08225697999999998,-0.254157615,0.049673849999999964,-0.26102143499999997,0.05726241999999998,-0.279144085,0.020250139999999972,-0.23278113499999997,0.002366480000000004,-0.22863919500000002,0.028862779999999977,-0.132333935,-0.005383320000000025,-0.09360096500000004,0.07981877999999998,-0.10695563499999994,0.07569218,-0.07008593500000004,0.005647659999999999,-0.0036193350000000013,-0.005647659999999999,0.0036193350000000013,0.0018880399999999797,0.146158715,-0.0014164500000000135,0.16821660500000002,-0.015270859999999997,0.29218020499999997,-0.012994950000000005,0.31196733499999996,0.008612640000000005,0.10044719999999996,0.050956,0.025378300000000076,-0.007749800000000029,0.13503822999999998,0.08107550000000002,0.023515029999999992,-0.003759620000000019,0.14977805,-0.017158899999999977,0.14602148999999998,0.004231209999999985,0.16459727000000002,-0.011578499999999992,0.14375072999999994,-0.017883659999999968,0.004141939999999955,-0.011295319999999998,0.007238670000000003,0.12719963026575345,0.10976628078330115
0.08100284999999996,-0.23904826999999995,0.07866436999999998,-0.24347441999999997,0.08364732999999996,-0.25231936,0.049936279999999944,-0.2603355,0.05846659999999998,-0.27741232,0.02130006999999995,-0.2336819,0.0029999199999999893,-0.22729583999999997,0.03192136999999995,-0.13697037,-0.003690670000000007,-0.09490372999999996,0.08240689999999995,-0.10525799999999996,0.07750396999999998,-0.06817859999999998,0.00548696999999998,-0.0041512000000000215,-0.005486970000000035,0.0041512000000000215,0.0015962699999999552,0.145706,0.0008056699999999806,0.16970435000000006,-0.018189500000000025,0.29460946,-0.008904630000000024,0.31556437000000004,0.0106213,0.09671152999999999,0.05048553,0.031712370000000045,-0.006690589999999996,0.13239211,0.08119463999999998,0.026725129999999986,-0.0038907000000000247,0.14985720000000002,-0.01978576999999998,0.14890346,0.006292640000000016,0.16555315000000004,-0.009710300000000005,0.14586001999999998,-0.01830014999999996,0.006386060000000027,-0.010973940000000015,0.008302400000000043,0.12704038978783433,0.11008676618978143
0.08109562999999997,-0.2406243850000001,0.07911875000000002,-0.24502584500000008,0.08369781999999998,-0.2539877250000001,0.05089872000000001,-0.2614948150000001,0.05871479000000002,-0.2789337850000001,0.02260907000000001,-0.2348582150000001,0.002604329999999988,-0.22834598500000008,0.03249516000000002,-0.1387137850000001,-0.004296789999999995,-0.09456048500000014,0.08215179,-0.10731418500000012,0.07719358999999998,-0.06851202500000009,0.0060990599999999895,-0.004034515000000072,-0.0060990599999999895,0.004034514999999961,0.0010366299999999828,0.1479260149999999,-0.0006190899999999888,0.17077571499999988,-0.018549539999999975,0.29487451499999995,-0.009605750000000024,0.31537861499999986,0.009886090000000014,0.09614443,0.04965662999999998,0.03139959999999997,-0.006901119999999983,0.13378549999999995,0.08149037999999997,0.02604846000000005,-0.005062430000000007,0.15196052999999998,-0.01958616999999996,0.14694850000000004,0.005479970000000001,0.16674119999999992,-0.008986660000000035,0.14460289999999998,-0.02000474000000002,0.006512230000000008,-0.012198119999999979,0.008069030000000033,0.1282603133309825,0.11045662501631173
0.08012781000000002,-0.23951446000000004,0.07843822,-0.24374016000000004,0.08335188999999998,-0.25278588,0.05047349000000001,-0.26068895000000003,0.05981289000000001,-0.27870072,0.02053191999999998,-0.23547462000000002,0.003993720000000034,-0.22873612000000004,0.02954351999999999,-0.14002402000000003,-0.004463339999999982,-0.09543962000000006,0.08103994000000003,-0.10728972000000003,0.07612464000000002,-0.07025926999999998,0.004985359999999994,-0.004102580000000078,-0.004985359999999994,0.004102579999999967,0.0015746100000000318,0.14912298000000002,-0.00011592999999998632,0.17240953999999997,-0.017240790000000006,0.29639852999999994,-0.010871560000000002,0.31559638,0.009011600000000008,0.0954506,0.05149642000000004,0.032734299999999994,-0.008457060000000016,0.13329649999999998,0.08058798,0.025180350000000074,-0.0034107499999999624,0.1532255600000001,-0.018815400000000038,0.14727554999999992,0.004869430000000008,0.16830696,-0.010755630000000016,0.14318684000000004,-0.016538199999999947,0.006738499999999981,-0.009970719999999988,0.008205160000000045,0.1281869143101432,0.11003870607846357
0.07909777000000001,-0.24014182,0.07767935999999998,-0.24447345000000004,0.08174546999999999,-0.25357025000000005,0.050458369999999975,-0.26063195,0.05721256000000002,-0.27885763,0.02105077999999999,-0.23310433000000003,0.001271100000000025,-0.22820695000000002,0.028296880000000024,-0.13706149,-0.007944159999999978,-0.09628422000000003,0.07975371999999997,-0.10706937999999999,0.07297861,-0.07155509000000004,0.005954540000000008,-0.0038415500000000824,-0.005954540000000008,0.0038415499999999714,0.0019268399999999852,0.15009861000000002,-0.0006841599999999892,0.17243377999999998,-0.019603079999999995,0.29852124999999996,-0.010823399999999983,0.31730811999999997,0.007246100000000033,0.09604284000000002,0.05145683999999995,0.029992110000000016,-0.009215260000000003,0.13192273,0.08092276999999998,0.024729129999999988,-0.004027700000000023,0.1539401600000001,-0.02152991999999998,0.14842263999999994,0.005270380000000019,0.16859223,-0.010139239999999994,0.14487434,-0.019779679999999966,0.004897380000000007,-0.011909080000000016,0.007683100000000054,0.12689485354095836,0.10915628929297708
0.081322165,-0.23865765,0.07978342500000002,-0.24318228000000003,0.08409435500000001,-0.25194775,0.052023564999999994,-0.25937627,0.059418055000000025,-0.27682871,0.022516405000000017,-0.23179261,0.002834725000000038,-0.22595094999999998,0.030678325000000006,-0.13616419999999996,-0.005021654999999958,-0.09649335000000003,0.08267212500000004,-0.10482835000000001,0.07570272500000003,-0.07045002,0.005643924999999994,-0.004296549999999955,-0.005643924999999994,0.004296549999999955,0.0010815250000000276,0.14872258000000005,0.00033879500000000284,0.17478565000000001,-0.018865195,0.29716741,-0.0035701750000000088,0.31937775,0.00816191999999999,0.09562841000000005,0.051993800000000034,0.03133584999999994,-0.007856379999999996,0.12945759999999995,0.08072437999999998,0.02604333000000003,-0.0045623999999999665,0.15301913,-0.01994672000000003,0.14844482999999997,0.005982719999999997,0.17048910000000006,-0.003908970000000012,0.1445921,-0.01968167999999998,0.005841660000000026,-0.011287849999999988,0.00859309999999991,0.12664906792582414,0.11047319671751786
0.08090075499999999,-0.2382575799999999,0.07988241499999998,-0.2427964199999999,0.08349004500000001,-0.25162909999999994,0.05325603499999998,-0.25955149999999994,0.05907663499999999,-0.27728607999999993,0.023122395000000018,-0.23215996999999994,0.003093744999999981,-0.22714753999999993,0.02948936499999999,-0.1367652399999999,-0.005550484999999994,-0.09824394999999997,0.08121851499999999,-0.10506909999999992,0.07591056499999999,-0.07025469999999989,0.005761055000000015,-0.004201999999999928,-0.005761055000000015,0.004202000000000039,0.002296354999999972,0.1489064000000001,0.0014424350000000197,0.17488146000000004,-0.01844838500000001,0.2971607500000001,-0.003067704999999976,0.32026090000000007,0.006366969999999972,0.09539473000000004,0.05172915,0.031696139999999984,-0.008644229999999975,0.12890358999999996,0.08146104999999998,0.027989250000000077,-0.0034647000000000427,0.15310840000000003,-0.020744739999999984,0.14825434999999998,0.007203490000000035,0.17067946,-0.004510139999999996,0.14537944000000003,-0.020028650000000037,0.005012430000000012,-0.01152211000000003,0.008403999999999967,0.1259682504921839,0.11051720991915417
0.08070092000000001,-0.2382932700000001,0.07999995999999998,-0.2429611000000001,0.08292748,-0.2517676500000001,0.053880399999999995,-0.2589921200000001,0.057882710000000004,-0.2767833300000001,0.023481890000000005,-0.2304952500000001,0.0022354399999999774,-0.22611533000000011,0.028222420000000026,-0.13598145000000006,-0.005324080000000009,-0.09911944000000006,0.07873959000000003,-0.10440230000000006,0.07444812,-0.07050825000000005,0.006192160000000002,-0.004067400000000054,-0.006192160000000002,0.004067399999999943,0.0025080800000000236,0.14903879999999992,0.0007832400000000184,0.17447829999999986,-0.017972659999999974,0.2981988699999999,-0.001198660000000018,0.32018429999999987,0.0047405300000000206,0.09451380000000004,0.05051717,0.03157915,-0.007559519999999986,0.12699589000000006,0.07977220000000002,0.02861119000000001,-0.0036840799999999785,0.15310619999999997,-0.020480739999999997,0.14916006999999998,0.0069754000000000205,0.17041089999999992,-0.0019819000000000364,0.145706,-0.021246450000000028,0.004379919999999982,-0.012384320000000004,0.008134799999999998,0.1238152727155051,0.10983798218922679
0.08019702000000001,-0.23709479,0.08007618,-0.24171966,0.08234279,-0.25072291,0.05522165000000001,-0.25800344000000003,0.057634220000000014,-0.27648628000000003,0.02435227000000001,-0.22985321000000003,0.0020950299999999977,-0.22623261,0.028466629999999993,-0.13534891000000004,-0.007189610000000013,-0.09845668000000007,0.08011881999999998,-0.10257315,0.07347818,-0.07132691000000002,0.006524580000000002,-0.0038839600000000196,-0.006524580000000002,0.0038839600000000196,0.004278919999999964,0.15006578999999998,0.001204050000000012,0.17395192999999998,-0.01578625,0.30039629,-0.0021281100000000164,0.32224929,0.004114359999999984,0.09450429999999999,0.05165218999999999,0.03277576000000004,-0.00928464000000001,0.12777592999999993,0.08066779000000002,0.027129770000000053,-0.002245660000000038,0.15394975,-0.020065169999999966,0.15033050000000003,0.007728630000000014,0.17006796999999996,-0.0033321600000000284,0.14829736000000004,-0.02225724000000001,0.0036206000000000294,-0.013049160000000004,0.007767920000000039,0.12310836033362516,0.10980490232122839
0.07919792999999997,-0.24115697999999997,0.07952060999999999,-0.24588181999999997,0.08098765999999996,-0.25503202999999997,0.055515789999999954,-0.26217404,0.05584433,-0.28104528,0.023654960000000003,-0.23305848,0.0012643899999999486,-0.23099233999999996,0.027207629999999983,-0.13938138,-0.009282920000000028,-0.10616837999999995,0.07889482999999997,-0.10630598000000002,0.07277565999999996,-0.07583682999999997,0.006616029999999995,-0.003714919999999955,-0.0066160300000000505,0.003714920000000066,0.0029682299999999606,0.14803237000000002,0.0003175299999999548,0.17240995999999997,-0.014686500000000047,0.29638951999999996,-0.0038691500000000434,0.31856448000000004,0.00355266999999998,0.09367710000000001,0.05168719999999999,0.03307539999999998,-0.010547309999999976,0.12482396000000001,0.08205857999999999,0.030331549999999985,-0.0036478000000000343,0.15174728999999998,-0.017654730000000007,0.14835714999999994,0.006933560000000005,0.1686950399999999,-0.004186679999999998,0.14615452000000007,-0.022390570000000054,0.0020661400000000496,-0.013232060000000045,0.007429840000000021,0.12549561953057808,0.11239004123639518
0.07970366000000001,-0.2410191200000001,0.07961343000000004,-0.24584337000000006,0.08135856000000002,-0.25484500000000004,0.05499143000000001,-0.2614921500000001,0.05598723,-0.27990227000000006,0.02475438000000002,-0.23162418000000007,0.0007387500000000102,-0.2302034400000001,0.030206890000000042,-0.1387463000000001,-0.009408589999999994,-0.10793503000000004,0.08035863000000004,-0.10658260000000008,0.07380331000000001,-0.07736540000000003,0.006942070000000022,-0.003678200000000076,-0.006942069999999967,0.003678199999999965,0.0023212300000000075,0.14732369999999995,0.0017978900000000242,0.17193726999999992,-0.015101699999999996,0.2953322999999999,-0.0002948299999999682,0.3188020399999999,0.0054525100000000215,0.09287787999999997,0.05015174,0.03216370000000002,-0.010147340000000005,0.12226841000000005,0.0832119,0.030569630000000014,-0.004620840000000015,0.15100190000000002,-0.017422930000000003,0.14800859999999993,0.008739959999999991,0.16825906999999996,-0.0020927199999999924,0.14686476999999998,-0.02401563000000001,0.001420739999999976,-0.01388413999999999,0.007356400000000041,0.12640928297238935,0.11440227922687726
0.07799895000000001,-0.24567555999999996,0.07910260000000002,-0.24976223999999997,0.08003495,-0.2599881,0.05594865999999998,-0.26241772999999996,0.05537987999999999,-0.28472425999999995,0.02276919999999999,-0.23280649999999997,0.0006291700000000122,-0.23385261999999996,0.029261119999999974,-0.14092919999999998,-0.007873819999999976,-0.10950865999999992,0.07841340000000002,-0.11068584999999997,0.07386185,-0.07953460000000001,0.00645496000000001,-0.0031400000000000317,-0.00645496000000001,0.0031400000000000317,9.300000000000974e-05,0.14456292999999998,0.003790400000000027,0.16780064000000006,-0.013186379999999998,0.29158953,-0.0009398600000000146,0.31690720000000006,0.006491919999999984,0.0918773,0.04915228000000005,0.030243350000000002,-0.008502989999999988,0.12434396000000003,0.08173566999999998,0.029974059999999914,-0.00636196,0.14770293,-0.013279380000000007,0.1470266,0.010245360000000037,0.16466064000000002,-0.004730260000000042,0.14910656,-0.022140029999999977,-0.0010461199999999837,-0.01290992000000002,0.006280000000000063,0.12939909945380645,0.11526438935654025
0.07736637500000004,-0.24415603500000005,0.07805357500000004,-0.24820360500000005,0.07928064500000004,-0.25842589500000007,0.054382825000000024,-0.2602992350000001,0.054488775000000045,-0.282500065,0.02289893500000001,-0.23004806500000002,-0.00057486499999998,-0.23295217500000004,0.03029325500000002,-0.137808335,-0.01045302499999995,-0.11105486500000006,0.07802384500000004,-0.10978563500000005,0.068958395,-0.07958057500000004,0.006747455000000013,-0.0028080650000000817,-0.006747454999999958,0.0028080649999999707,-0.00015017499999997463,0.14625316499999996,0.004133995000000057,0.16882893499999996,-0.013071684999999944,0.293661325,0.0007087750000000503,0.31936716499999995,0.00739432000000001,0.09223973000000002,0.04773059000000002,0.028022699999999956,-0.00987815999999997,0.12189730999999998,0.07941141999999995,0.031474290000000016,-0.006897629999999988,0.14906123000000004,-0.01292150999999997,0.14740816,0.010881450000000015,0.16602087,-0.0034252200000000066,0.15053823,-0.02347379999999999,-0.0029041100000000153,-0.013494909999999971,0.0056161300000000525,0.12854775087311715,0.11188951570755902
0.076539635,-0.24202635500000003,0.07725828499999998,-0.245733655,0.07891636499999999,-0.256373795,0.05359613499999999,-0.257905555,0.055172895,-0.281250475,0.022423714999999955,-0.22791618500000005,-0.0008241550000000486,-0.23305375500000003,0.030615504999999987,-0.13308645500000005,-0.01281389500000002,-0.11042580499999999,0.07844896499999998,-0.10727408500000002,0.06698134499999997,-0.07914925500000003,0.006396264999999957,-0.002565715000000024,-0.006396265000000012,0.002565715000000024,0.00041744499999996076,0.148457795,0.0063619049999999455,0.17112091499999993,-0.01186358500000001,0.294823045,0.004106464999999948,0.322362095,0.008191790000000032,0.09482973,0.047833459999999994,0.02581237000000003,-0.011989739999999971,0.12262795000000004,0.07979523999999999,0.03127654999999996,-0.005978819999999996,0.15102351000000003,-0.01228102999999997,0.14636525,0.012758169999999958,0.1685551999999999,-0.0022554399999999974,0.15124118000000009,-0.023247870000000004,-0.00513756999999998,-0.012792529999999969,0.005131430000000048,0.1271040295401641,0.1098253612396199
0.07545811000000002,-0.24451940000000005,0.07629028000000004,-0.24826097000000003,0.07753704,-0.25905298000000004,0.05289581000000004,-0.26001352000000005,0.05342361000000001,-0.28364782000000005,0.021902860000000024,-0.22925385000000004,-0.0018815399999999594,-0.23548212000000002,0.031226370000000003,-0.13438266,-0.013904360000000004,-0.11427938000000004,0.07900316000000002,-0.11050692000000006,0.06637660000000001,-0.08401506000000003,0.0064212100000000105,-0.002558119999999997,-0.006421209999999955,0.002558119999999997,-0.0010704999999999742,0.14730168,0.007782040000000046,0.17135338,-0.012274459999999987,0.2908818799999999,0.005140990000000012,0.32198501999999996,0.00932350999999998,0.09487119000000005,0.04777679000000001,0.023875739999999923,-0.012022820000000045,0.12120273999999998,0.08028096000000001,0.03026432000000001,-0.007491709999999985,0.1498598,-0.011203960000000013,0.14358019999999994,0.01420325,0.16879526,-0.0026410500000000336,0.15063163999999996,-0.023784399999999983,-0.00622826999999998,-0.012842419999999966,0.005116239999999994,0.13008106275412465,0.11311249549058892
0.07430718000000003,-0.24604407500000003,0.07499574000000003,-0.24987600500000007,0.07616915000000002,-0.26058406500000003,0.05150594000000003,-0.26144502500000005,0.051746230000000004,-0.28477657500000003,0.020412680000000016,-0.22984636500000005,-0.0024912199999999607,-0.23651460500000004,0.030949810000000022,-0.13735842500000006,-0.016624939999999977,-0.1181478250000001,0.07764454000000004,-0.11415905500000001,0.06404982000000004,-0.08613527500000007,0.005825150000000001,-0.002547275000000071,-0.005825150000000001,0.00254727499999996,-0.002864499999999992,0.147680775,0.010341360000000022,0.171371335,-0.012121159999999964,0.2910559749999999,0.006745480000000026,0.32210390499999997,0.010537130000000006,0.09248793999999999,0.04669473000000002,0.023199370000000052,-0.014133720000000016,0.11836677999999995,0.08067476000000001,0.03201255000000003,-0.008689649999999993,0.15022805000000006,-0.009256659999999972,0.14337519999999992,0.016166510000000023,0.16882406000000005,-0.0035958799999999957,0.15073256999999995,-0.022903899999999977,-0.006668239999999992,-0.011650300000000002,0.005094550000000031,0.13272231995689532,0.11290308280557892
0.07491377499999996,-0.24381542499999997,0.07593530500000001,-0.24779612499999998,0.07636293499999997,-0.258505475,0.053275285000000006,-0.258624855,0.051506284999999985,-0.282112035,0.022888364999999966,-0.22577017499999996,-0.0028634949999999937,-0.233820535,0.034187835,-0.131571675,-0.01652046500000004,-0.11557847499999996,0.07902640499999997,-0.11100402499999995,0.06360039499999998,-0.08657677499999994,0.006739704999999985,-0.0022756749999999215,-0.00673970500000004,0.0022756750000000325,-0.0012729650000000148,0.148873025,0.011355785000000007,0.17179742500000006,-0.011126964999999989,0.293512525,0.00787873499999997,0.324014275,0.011299470000000034,0.09419849999999996,0.044838569999999967,0.02056765000000005,-0.013656970000000046,0.11824206000000004,0.08012086000000002,0.02900170000000002,-0.00801267,0.1511486999999999,-0.009853999999999974,0.14463950000000003,0.018095490000000047,0.16952175000000003,-0.003477050000000037,0.15221684999999996,-0.02575185999999996,-0.008050360000000034,-0.013479410000000025,0.004551349999999954,0.13056500714438193,0.11332469959815687
0.07585600000000003,-0.23998927999999997,0.07739881000000004,-0.24494445999999997,0.07631345,-0.25451382999999994,0.05623898000000005,-0.25625339999999996,0.05075121000000005,-0.27710464999999995,0.024995180000000006,-0.22319979999999995,-0.0012882499999999908,-0.22808137999999994,0.03397135000000001,-0.12996439999999998,-0.015732149999999945,-0.11052733999999997,0.08127811000000001,-0.10728709999999997,0.06456661000000002,-0.0851499,0.007055070000000052,-0.0028998999999999553,-0.007055069999999997,0.0028999000000000663,0.0011903900000000411,0.14879050000000005,0.01150865000000001,0.17305374000000007,-0.007360949999999977,0.2980368000000001,0.007944670000000043,0.3292746000000001,0.008976170000000006,0.09323539999999997,0.04730676,0.02267730000000001,-0.014443899999999954,0.11755403999999997,0.08029875999999997,0.025377439999999973,-0.005864680000000011,0.1516904,-0.008551340000000018,0.14924630000000005,0.018563720000000006,0.17015384,-0.0035639799999999666,0.15622086000000002,-0.026283429999999997,-0.0048815799999999965,-0.014110140000000049,0.005799800000000022,0.12808492179285427,0.1135008031956709
0.07506447500000002,-0.240047915,0.07654769499999997,-0.24488072500000002,0.07565814500000001,-0.25460368499999997,0.05520087499999998,-0.256160385,0.04983429499999997,-0.277571985,0.02476689500000001,-0.223349705,-0.0038349349999999838,-0.229002465,0.03495526500000001,-0.13145528500000003,-0.019707105000000003,-0.113248185,0.08115941500000001,-0.10875068499999996,0.06292209500000001,-0.08761668499999997,0.007630825000000008,-0.0029594149999999653,-0.007630825000000008,0.0029594149999999653,0.0015023350000000213,0.14961781500000004,0.01168593499999998,0.17418411499999997,-0.007216155000000002,0.30020611500000005,0.009553894999999979,0.330434915,0.010188370000000002,0.09189441999999998,0.04620415,0.022704600000000075,-0.01587217000000002,0.11575427999999999,0.08262920000000001,0.02563150000000003,-0.0061284899999999864,0.15257723,-0.008718490000000023,0.1505883,0.01931675999999999,0.1712247,-0.0021320400000000017,0.15625080000000002,-0.028601829999999995,-0.005652759999999979,-0.015261650000000015,0.0059188299999999305,0.12883418162739652,0.11481177819255475
0.07506292499999995,-0.23945018500000004,0.07678946499999995,-0.244406725,0.07530411499999995,-0.254066465,0.05589511499999994,-0.255539385,0.049187274999999975,-0.276785785,0.025142994999999946,-0.222220945,-0.003751875000000071,-0.22850638500000003,0.03338099499999997,-0.128527045,-0.01931226500000005,-0.112412595,0.07980429499999997,-0.10764148500000004,0.06246966499999995,-0.08804974500000007,0.007759454999999971,-0.0028049049999999687,-0.007759455000000026,0.0028049049999999687,0.0016664549999999556,0.14968995500000004,0.012193054999999953,0.173327895,-0.007634555000000043,0.30045985499999994,0.010844894999999966,0.330068025,0.008238000000000023,0.0936939,0.0464233,0.02088555999999997,-0.01556038999999998,0.11609379000000003,0.08178193,0.024362849999999936,-0.006093000000000015,0.15249486,-0.009301009999999998,0.1507698999999999,0.01995250999999998,0.17052299000000004,-0.0013481599999999871,0.15674012999999998,-0.028894870000000017,-0.006285440000000031,-0.015518909999999997,0.005609809999999937,0.12720521796185097,0.11483334325271952
0.07513297000000002,-0.24263942,0.07684160000000001,-0.24790791,0.07492480000000001,-0.257433,0.05594019,-0.25869483,0.04795480000000002,-0.27955815,0.024541000000000035,-0.22333085000000003,-0.004343649999999977,-0.23081258,0.03210982000000001,-0.12808375000000005,-0.020601629999999982,-0.11682755,0.08086524,-0.10754644999999996,0.06299776000000001,-0.09254660999999997,0.007675519999999991,-0.0027173499999999517,-0.007675519999999991,0.0027173499999999517,0.0003534000000000037,0.14900974999999994,0.012153150000000001,0.1726512,-0.007645679999999988,0.29966954999999995,0.011786020000000008,0.32921915,0.007568819999999976,0.09524709999999997,0.048755419999999994,0.02053730000000009,-0.016257980000000005,0.11398502999999999,0.08359939,0.02428094000000003,-0.0073221199999999875,0.1517270999999999,-0.007999079999999992,0.1506598,0.019828669999999993,0.16993385000000005,-0.0003671299999999933,0.15656795,-0.02888465000000001,-0.007481729999999964,-0.015351039999999982,0.0054346999999999035,0.1278509887348878,0.1186167550594771
0.07305497500000002,-0.24330495000000008,0.07520304500000002,-0.2483197000000001,0.07325984499999999,-0.25835393000000006,0.05496726500000004,-0.25900601000000006,0.04696885500000003,-0.28146525000000006,0.023554185000000005,-0.2232669100000001,-0.005355944999999973,-0.23316668000000007,0.03238360500000004,-0.1279292500000001,-0.02035530499999999,-0.12193121000000007,0.078685055,-0.10634751000000009,0.06214905500000001,-0.0960418500000001,0.007636145000000039,-0.0021988500000000855,-0.007636144999999983,0.0021988499999999744,-0.0008888149999999873,0.14895240999999992,0.010746425000000004,0.17182640999999987,-0.007990704999999987,0.30031858999999994,0.011528745000000007,0.32857804999999995,0.008829420000000032,0.09533765999999999,0.046301449999999966,0.021581740000000016,-0.014999360000000017,0.11123547,0.08250436,0.025889359999999972,-0.008524960000000026,0.15115126,-0.00710189,0.15136618000000002,0.018382569999999987,0.1696275599999999,0.000782320000000003,0.15675164000000008,-0.02891012999999998,-0.009899769999999974,-0.015272290000000022,0.00439770000000006,0.12607494196700506,0.12050398033065136
0.072965165,-0.24079326,0.07543506500000002,-0.24569234,0.07317728499999998,-0.2559297,0.055897964999999994,-0.25620228,0.04737514500000001,-0.27921792,0.025118295000000013,-0.22095947999999999,-0.005422764999999996,-0.23118758,0.03302726500000003,-0.12609015999999995,-0.02033695499999999,-0.11835996000000004,0.077896625,-0.10749346000000004,0.061666995,-0.09653736000000002,0.008267734999999998,-0.0019449000000000272,-0.008267734999999998,0.0019449000000000272,0.001180065000000008,0.15211823999999996,0.010618865000000033,0.17279016999999997,-0.007642205000000013,0.30448914000000005,0.010871964999999983,0.33276774,0.007908970000000015,0.09486932000000003,0.04486935999999997,0.01859669999999991,-0.014914189999999994,0.11282761999999996,0.08200394999999999,0.021822600000000025,-0.00708766999999999,0.15406314,-0.008822270000000021,0.1523709000000001,0.01888660000000003,0.17084526999999994,0.0002530999999999506,0.15997757,-0.03054106000000001,-0.010228100000000018,-0.016535469999999997,0.0038898000000000543,0.1264463555849108,0.12078750761101294
0.07305119999999998,-0.2421586,0.07502349000000003,-0.24724416,0.07278545000000003,-0.2569402,0.05490733000000003,-0.25759445000000003,0.04604753,-0.27896108000000003,0.024957879999999988,-0.22197641,-0.006355510000000009,-0.23015545000000004,0.03152513000000001,-0.12828121999999997,-0.02207713,-0.11723538,0.07645384999999999,-0.11002948000000001,0.05972408000000001,-0.09522532000000006,0.00852892999999999,-0.002528980000000014,-0.00852892999999999,0.002528980000000014,0.0012886699999999918,0.14924411999999998,0.010357630000000007,0.17222477999999997,-0.008512010000000014,0.30119412,0.010734630000000023,0.33273602,0.0065672500000000245,0.09369519000000004,0.04492871999999998,0.01825173999999996,-0.01572161999999999,0.11292007000000004,0.08180121000000001,0.022010059999999942,-0.007240259999999998,0.1517731,-0.009800680000000006,0.15195000000000003,0.018886559999999997,0.16969579999999995,0.0003770000000000162,0.16051124000000005,-0.031313389999999997,-0.008179040000000026,-0.01705785999999998,0.005057960000000028,0.12716191354826492,0.1192240602502285
0.07354388,-0.2424022,0.07550805999999999,-0.24760504,0.07320202999999997,-0.25722443,0.055557849999999964,-0.25818046,0.046641429999999984,-0.2793956,0.02597392999999998,-0.22216197,-0.005512500000000031,-0.23204057,0.03196066999999997,-0.12876465000000004,-0.02129593000000002,-0.12275860000000005,0.07653644999999998,-0.11150463,0.0604845,-0.09630229999999995,0.00858494999999998,-0.0023303999999999547,-0.008584950000000036,0.0023303999999999547,0.0012597799999999881,0.14585373999999995,0.010550290000000018,0.1699596,-0.008506120000000006,0.29689935999999995,0.012116550000000004,0.330526,0.00598673999999999,0.09339731999999995,0.04457578000000001,0.017260020000000043,-0.015783429999999987,0.10928196999999995,0.08178043000000002,0.0264563000000001,-0.007325169999999992,0.1481841399999999,-0.009765899999999994,0.15104562,0.019135240000000053,0.16762920000000003,0.001566259999999986,0.1605664,-0.03148643000000001,-0.009878600000000015,-0.017169900000000016,0.0046607999999999095,0.1285940078244041,0.1204117869338068
0.07330802999999997,-0.24336919499999998,0.07570318999999998,-0.24877050499999998,0.07265392999999998,-0.258517055,0.056548549999999975,-0.25971579499999997,0.04535690999999997,-0.281332105,0.026423890000000005,-0.22278947499999996,-0.005943190000000043,-0.23329883499999998,0.03299198999999997,-0.129343215,-0.019559930000000003,-0.12517380499999997,0.07708440999999999,-0.11218007499999993,0.06090013,-0.09978627499999992,0.008956629999999965,-0.0021551249999999245,-0.008956630000000021,0.0021551250000000355,0.002321709999999977,0.14680898500000006,0.00990622999999996,0.17038122499999997,-0.008399230000000035,0.298392525,0.011647749999999957,0.330460125,0.006568099999999966,0.09344625999999995,0.04409242000000002,0.017163140000000077,-0.01361673999999996,0.10812503000000001,0.08046006,0.025387530000000047,-0.006634919999999989,0.14896410999999998,-0.010720940000000012,0.15158353999999996,0.01886285999999998,0.16822609999999993,0.0017415199999999964,0.16007890000000002,-0.03236708000000005,-0.010509360000000023,-0.017913259999999986,0.00431024999999996,0.12940975245409791,0.12357999818602358
0.07298113500000003,-0.24458892999999993,0.07527197500000005,-0.2504411999999999,0.072028975,-0.25988735999999996,0.05613743500000001,-0.2619561999999999,0.044420285000000004,-0.28279499999999996,0.025227675000000005,-0.22372249999999994,-0.0056241949999999985,-0.23477463999999992,0.029668035000000037,-0.12751239999999997,-0.020461905000000002,-0.1276303499999999,0.07650236500000002,-0.11066769999999992,0.06041730500000003,-0.10220109999999993,0.008549885000000035,-0.0021796999999998956,-0.00854988499999998,0.0021797000000000066,0.0022976550000000096,0.14624230000000005,0.00855265500000002,0.17069220000000007,-0.007441324999999999,0.29610384,0.010580105000000006,0.3287156000000001,0.004440360000000032,0.09621009999999997,0.04683432999999998,0.016844700000000046,-0.014837710000000004,0.10714429000000003,0.08087921000000003,0.02542924999999996,-0.006252230000000025,0.14842199999999994,-0.009738980000000008,0.14986153999999996,0.01710254,0.16851250000000007,0.002027449999999986,0.15802340000000004,-0.030851870000000003,-0.011052139999999988,-0.017099770000000014,0.004359399999999902,0.12801244346605686,0.12510725280788515
0.07180103999999998,-0.24467271999999995,0.07393935000000001,-0.25053204999999995,0.07065361999999997,-0.2597561199999999,0.05462990000000001,-0.26226052999999994,0.04268624999999998,-0.28236701999999997,0.024851559999999995,-0.22521438999999993,-0.007262920000000006,-0.23403256999999994,0.03045176999999999,-0.13148821,-0.02141774000000002,-0.12662881999999998,0.07560064999999999,-0.11359208999999992,0.059399219999999975,-0.1044541,0.00899433999999999,-0.00242034999999996,-0.00899433999999999,0.002420350000000071,0.000551519999999972,0.14723095000000008,0.006347329999999984,0.17094910000000008,-0.009514069999999986,0.29793042000000003,0.008434949999999997,0.3286887500000001,0.005600209999999994,0.09372617999999994,0.04514888,0.01789612000000007,-0.014154820000000012,0.10740374999999996,0.08081696,0.02217471999999998,-0.008442820000000018,0.14965130000000004,-0.010065589999999958,0.15069946999999995,0.015341669999999974,0.16852875,0.0020876200000000122,0.15773965,-0.03211448,-0.008818180000000009,-0.01798867999999998,0.004840700000000031,0.12959767091442537,0.1268850941295947
0.07155170999999999,-0.24602812000000002,0.07347222999999997,-0.25193363,0.07038566000000002,-0.26117146,0.05390729,-0.26324138,0.04232008999999998,-0.2833609,0.02424548999999998,-0.22489732,-0.007844110000000015,-0.23492095000000002,0.02843671999999997,-0.13081446000000008,-0.02298427000000003,-0.1283512,0.07440057,-0.11565880000000006,0.05825311,-0.10567155000000006,0.009120550000000005,-0.002140900000000001,-0.009120550000000005,0.002140900000000001,0.0011877100000000085,0.14767363999999994,0.004603489999999988,0.17001369999999993,-0.00879141,0.2989111,0.006753289999999967,0.32852605,0.00419122999999999,0.09408285999999993,0.04596385000000003,0.015155660000000015,-0.015140160000000014,0.10656975000000002,0.08123738000000003,0.02267964999999994,-0.007932839999999997,0.14981453999999994,-0.009979120000000008,0.15123746000000005,0.013724039999999993,0.16787279999999993,0.0021497999999999795,0.15851235000000008,-0.032089599999999996,-0.010023630000000006,-0.01824110000000001,0.004281800000000002,0.13094958813073987,0.12713274337006228
0.07110078999999997,-0.24672166999999995,0.07369723999999994,-0.25261281999999996,0.06978112999999997,-0.26207749999999996,0.055288849999999945,-0.26375035999999996,0.04166155999999993,-0.28469325999999995,0.025976489999999963,-0.22450805999999995,-0.00935486000000002,-0.23585776999999997,0.02896886999999998,-0.12894019999999995,-0.02461216000000005,-0.12915949999999998,0.07386651999999994,-0.11357759999999995,0.05846020999999996,-0.10503639999999992,0.010027709999999967,-0.0021916999999999076,-0.010027710000000023,0.0021917000000000186,0.0015925499999999704,0.1485761,0.005009289999999944,0.17292640000000004,-0.010558270000000036,0.29664205,0.008973989999999932,0.32920270000000007,0.0029923800000000167,0.09556786,0.044897649999999956,0.015362600000000004,-0.01525730000000003,0.10669826999999998,0.08307237,0.024123100000000064,-0.008435159999999997,0.1507677999999999,-0.012150820000000007,0.14806595,0.015036999999999967,0.17073470000000002,0.003964699999999988,0.15627630000000003,-0.035331349999999984,-0.011349710000000013,-0.02005541999999999,0.004383399999999926,0.12838306890328685,0.12723388155493953
0.07163976499999997,-0.24780622000000008,0.07427426499999995,-0.25367957000000013,0.07032838499999994,-0.2633323500000001,0.05586201499999993,-0.2643975000000001,0.042105194999999984,-0.2859271800000001,0.02650284499999994,-0.2237443500000001,-0.009165615000000016,-0.2373503700000001,0.030247034999999978,-0.1250387500000001,-0.024536695000000053,-0.13134491000000015,0.07580739499999994,-0.1107881100000001,0.058450524999999975,-0.10765845000000007,0.01008683499999996,-0.0017751500000000586,-0.010086835000000016,0.0017751499999999476,0.001072464999999967,0.14885024999999985,0.0051504649999999375,0.1723543999999999,-0.010429115000000044,0.2967191899999999,0.009555464999999985,0.32773381999999984,0.003744190000000036,0.0987056,0.045560359999999966,0.014250639999999981,-0.015371080000000037,0.10600545999999994,0.08298722000000003,0.023686460000000076,-0.009014369999999994,0.1506253999999999,-0.011501580000000011,0.14786894000000006,0.015237299999999954,0.17057924999999996,0.004405000000000048,0.15537941999999993,-0.03566845999999996,-0.013606019999999996,-0.020173669999999977,0.0035503000000000062,0.12729107374311527,0.12912429099410228
0.07220238999999995,-0.24908435000000007,0.07484948999999996,-0.2551135100000001,0.07078771999999994,-0.2646831600000001,0.056433789999999984,-0.26599380000000006,0.04244442999999998,-0.2873253800000001,0.027049489999999954,-0.2249482000000001,-0.008733460000000026,-0.23866543000000007,0.030933759999999977,-0.12539494000000007,-0.02334261000000004,-0.1324517100000001,0.07675938999999998,-0.11159295000000002,0.05981130999999995,-0.10849528000000008,0.010160409999999953,-0.0017421200000000692,-0.010160410000000009,0.0017421199999999581,0.0014522299999999433,0.14873927999999992,0.00555880999999997,0.1721846199999999,-0.010306490000000057,0.2965203499999999,0.010372839999999994,0.32673862,0.003884270000000023,0.09955326000000003,0.045825630000000006,0.013801990000000042,-0.014609150000000015,0.10621371999999996,0.08315391999999999,0.02395643000000003,-0.00870818000000001,0.1504814,-0.01175872,0.14778106999999996,0.015719219999999978,0.17044249999999994,0.004814030000000025,0.15455400000000008,-0.03578294999999998,-0.01371722999999997,-0.02032081999999996,0.0034842400000000273,0.1284625587038079,0.1305692381785174
0.07372024999999999,-0.24765223499999994,0.07624699000000001,-0.25369491499999997,0.07228221000000001,-0.263291085,0.057679449999999965,-0.264314505,0.043893230000000005,-0.28564360499999997,0.028305650000000016,-0.22293910499999997,-0.007376119999999986,-0.23719399499999994,0.032652479999999984,-0.12326763499999993,-0.021152420000000005,-0.13140639499999995,0.07806541,-0.11092383499999992,0.06157029999999997,-0.1083946349999999,0.01023841999999997,-0.0015718049999999817,-0.010238420000000026,0.0015718050000000927,0.003311889999999984,0.14901259500000008,0.006558649999999999,0.17179063500000002,-0.008707350000000003,0.29713443500000003,0.010621749999999985,0.32723096500000004,0.004346829999999968,0.09967147000000004,0.04541293000000002,0.012343800000000016,-0.013776300000000019,0.10578759999999998,0.08272271999999997,0.023011760000000048,-0.006926529999999986,0.15058440000000006,-0.012019239999999987,0.14812183999999995,0.016797070000000025,0.17021882999999993,0.004063099999999986,0.15544033000000002,-0.03568177,-0.014254889999999965,-0.020476839999999996,0.0031436100000000744,0.12867931860862875,0.13133586788959062
0.07272108999999999,-0.24741460999999998,0.07567235,-0.25335248,0.07137924999999995,-0.26312363,0.057632749999999955,-0.26455122999999997,0.042954049999999966,-0.2864333,0.027826609999999974,-0.22449668,-0.008848250000000002,-0.23755647999999996,0.031990450000000004,-0.12548722999999995,-0.02232778000000002,-0.13005712999999997,0.0771094,-0.11104212999999996,0.06122359999999999,-0.10887967999999992,0.010523619999999956,-0.0018429699999999993,-0.010523620000000011,0.0018429699999999993,0.00311144999999996,0.14907743000000007,0.005548749999999991,0.17235507000000005,-0.009948700000000033,0.29698117,0.010396629999999962,0.32676547,0.00416384000000003,0.09900945000000005,0.04511894999999999,0.014445099999999989,-0.013479530000000017,0.10749935,0.08355138000000001,0.021177450000000042,-0.007412169999999996,0.15092040000000007,-0.013060149999999993,0.14790373999999995,0.016072370000000002,0.17051210000000006,0.004847879999999971,0.15441039999999995,-0.036674859999999976,-0.013059799999999955,-0.021047239999999967,0.0036859399999999987,0.12789887662881952,0.13193623005357885
0.07224883999999998,-0.24626887000000003,0.07502934,-0.25205145,0.07108224000000002,-0.26195475,0.05667858999999997,-0.26303445000000003,0.04296298999999998,-0.2852388,0.027106909999999984,-0.22293192,-0.008766090000000004,-0.23710805000000001,0.030871919999999997,-0.12241712000000005,-0.021871929999999984,-0.12970139999999997,0.07648474,-0.10822894999999999,0.06157775999999998,-0.10749569000000003,0.010285199999999994,-0.0015790500000000263,-0.010285199999999994,0.0015790500000000263,0.002362719999999985,0.15059805000000004,0.004978470000000013,0.17299065000000002,-0.009843920000000006,0.29837824999999996,0.010537770000000002,0.32788364999999997,0.003765010000000013,0.10051479999999996,0.04561282,0.014188170000000055,-0.01310583999999998,0.10740665000000005,0.08344968999999997,0.022205709999999934,-0.00792248000000001,0.15217710000000007,-0.01220663999999999,0.14778019999999992,0.015263670000000007,0.1714116,0.005559299999999989,0.15489299999999995,-0.03587299999999999,-0.014176130000000009,-0.02057039999999999,0.0031581000000000525,0.1255252176505645,0.13061999818568829
0.07192784499999999,-0.24430756999999992,0.07468629500000001,-0.2499536699999999,0.07094186499999999,-0.2599799699999999,0.05622798499999998,-0.2610566399999999,0.04298806500000002,-0.2835861299999999,0.02641639499999998,-0.22151126999999993,-0.009116524999999986,-0.23581681999999993,0.029773724999999973,-0.12140756999999991,-0.023279035000000003,-0.1282888699999999,0.076702985,-0.10816526999999987,0.06086319499999998,-0.10569182999999993,0.010072854999999992,-0.0016597699999999493,-0.010072854999999992,0.0016597700000000604,0.0018627949999999727,0.15104528000000006,0.0046736649999999935,0.17416913000000012,-0.010379874999999983,0.29911763000000013,0.01071897500000002,0.32984173000000006,0.0033573299999999917,0.10010370000000002,0.04692926000000003,0.01324230000000004,-0.014162510000000017,0.10752795000000004,0.08414222999999998,0.022597039999999957,-0.008210060000000019,0.15270505,-0.012242669999999956,0.14807235000000007,0.014746519999999985,0.17250936000000006,0.006045310000000026,0.15567259999999994,-0.03553291999999997,-0.01430555,-0.020145709999999983,0.0033195400000000097,0.12563039343274732,0.1286712446981162
0.07208977999999999,-0.24359833499999994,0.07500786999999998,-0.24926108499999994,0.07086144,-0.25920262499999996,0.056998859999999985,-0.26000408499999994,0.04272455999999997,-0.28235494499999997,0.028254399999999957,-0.22021176499999995,-0.009833230000000026,-0.23459018499999995,0.031917119999999966,-0.12092962499999993,-0.024228680000000002,-0.127700885,0.07755435999999999,-0.10818054499999996,0.06040941999999999,-0.105897185,0.010839659999999973,-0.0016501150000000075,-0.010839660000000029,0.0016501150000000075,0.001913649999999989,0.1508136750000001,0.004540849999999985,0.173800815,-0.011247180000000023,0.299019715,0.011194359999999959,0.33022701500000007,0.003662720000000008,0.09928214000000002,0.04563724000000002,0.012749079999999968,-0.014395449999999976,0.10688929999999996,0.0846381,0.02180369999999998,-0.008926009999999984,0.1524637900000001,-0.013160830000000012,0.14820603999999993,0.015380510000000014,0.1721507,0.006653509999999974,0.15642620000000007,-0.03808762999999998,-0.014378420000000003,-0.021679320000000002,0.003300230000000015,0.12569639498440235,0.12900718250600005
0.07151855000000001,-0.24469056500000003,0.0742488,-0.250439705,0.07032767000000001,-0.260233345,0.055900229999999995,-0.26174932500000003,0.04193104999999997,-0.28368482500000003,0.026619090000000012,-0.22222492500000002,-0.010113309999999986,-0.235553595,0.030325309999999994,-0.12335926500000005,-0.025108770000000002,-0.12857359499999998,0.07649826999999998,-0.10941506499999998,0.05874649999999998,-0.10605091499999997,0.010359689999999977,-0.001889464999999979,-0.010359690000000032,0.001889464999999979,0.0009704099999999771,0.150118765,0.0039416399999999685,0.173975165,-0.011620030000000003,0.29792153499999996,0.01034934999999998,0.328944035,0.0037062199999999823,0.09886565999999997,0.046172959999999985,0.013944200000000073,-0.014995460000000016,0.10698000000000002,0.08385526999999998,0.022522680000000017,-0.00938928,0.15200822999999997,-0.01259043999999998,0.14780276999999997,0.014301330000000001,0.1720857,0.006407710000000011,0.15496887000000004,-0.0367324,-0.013328669999999987,-0.02071938000000001,0.003778929999999958,0.12623813377809576,0.12816704385629127
0.07159314500000002,-0.24496830000000003,0.07420198500000003,-0.25078734,0.07032237499999999,-0.26036375,0.05567545500000004,-0.26267146,0.041820625,-0.28393256000000006,0.026129495000000003,-0.22425463,-0.009866914999999976,-0.23613333000000003,0.02947540500000001,-0.12768014000000005,-0.026214344999999972,-0.12937410000000005,0.075384475,-0.11236085000000007,0.05776874500000001,-0.10593980000000003,0.010119125000000007,-0.0020824000000000398,-0.010119125000000007,0.0020823999999999288,0.00032226500000004377,0.15011666,0.00398088499999999,0.1734989,-0.01112501499999996,0.29801515999999995,0.009819695000000017,0.3281598,0.0033459100000000075,0.09657448999999996,0.045909069999999996,0.015319289999999985,-0.016347429999999996,0.10675922999999998,0.08398308999999998,0.02343430000000002,-0.009796859999999963,0.15219906000000005,-0.011447280000000004,0.14789849999999993,0.014100009999999996,0.17141650000000008,0.005838810000000028,0.1546609,-0.03599640999999998,-0.01187870000000002,-0.020238250000000013,0.0041647999999999685,0.1281440690981249,0.12758353571670952
0.071692755,-0.24441905000000003,0.07438264500000002,-0.25024404000000006,0.070417075,-0.25976650000000007,0.055929275,-0.2622647,0.04185007499999999,-0.28333287000000007,0.026479945000000005,-0.22474094000000006,-0.009999054999999979,-0.23512300000000003,0.029878815000000003,-0.1302821500000001,-0.025567695,-0.12821190000000005,0.07455433499999997,-0.11481367000000009,0.057870825000000015,-0.10587430000000009,0.01030002499999999,-0.002399499999999999,-0.01030002499999999,0.002399499999999999,0.00042031500000000444,0.14936335,0.0035133749999999853,0.17420209999999992,-0.01174808500000002,0.2968717999999999,0.009769474999999972,0.32897855,0.0033988699999999983,0.09445878999999996,0.04467551999999997,0.015468480000000007,-0.015568640000000022,0.10691109999999998,0.08343852000000002,0.022337599999999957,-0.009879709999999986,0.15176285,-0.012168400000000024,0.1475084499999999,0.013813399999999976,0.17180259999999992,0.006256099999999987,0.15477645000000007,-0.036478999999999984,-0.01038205999999997,-0.02060004999999998,0.004798999999999998,0.12948189823432857,0.12794717877375225
0.07164234999999997,-0.2456043950000001,0.07440070999999998,-0.2515674750000001,0.07030923,-0.2609904050000001,0.05609430999999998,-0.2635121250000001,0.04180482999999996,-0.2844389650000001,0.02634818,-0.2251169050000001,-0.009894750000000008,-0.23586312500000006,0.028654559999999996,-0.1285979650000001,-0.025833490000000014,-0.12802392500000004,0.07441256999999996,-0.11423825500000007,0.05814684999999997,-0.10715462500000006,0.010270109999999999,-0.0023158750000000783,-0.010270109999999999,0.0023158749999999673,0.0005901899999999904,0.14949707499999987,0.002989839999999966,0.1737657749999999,-0.011620889999999995,0.29686647499999996,0.009340329999999952,0.3278945149999999,0.0023063799999999968,0.09651894,0.04575800999999996,0.014359710000000026,-0.015938740000000007,0.10783920000000002,0.08398033999999999,0.02086929999999998,-0.009679920000000009,0.15181294999999995,-0.012211079999999985,0.1473694000000001,0.013259949999999965,0.17144989999999993,0.006350489999999986,0.15412874,-0.036242930000000007,-0.010746219999999973,-0.020540219999999998,0.0046317500000000456,0.1289995128661965,0.1290917146291411
0.07104587499999998,-0.245405315,0.074058915,-0.25119933499999997,0.07014721499999998,-0.261003705,0.05583906500000002,-0.262780695,0.04215711500000002,-0.284753625,0.025285575000000005,-0.22529207499999998,-0.010779115000000006,-0.23503307499999998,0.02781703499999999,-0.13301877500000003,-0.027657865000000004,-0.12593877499999995,0.07336196499999997,-0.11680811499999999,0.05813153500000001,-0.10472617500000003,0.010458884999999973,-0.0022404750000000195,-0.010458884999999973,0.0022404750000000195,0.003341234999999998,0.15233999500000006,0.0010578649999999912,0.173380525,-0.0075359950000000175,0.302222825,0.0060167649999999795,0.32775382500000005,0.0025314599999999854,0.09227329999999995,0.045544929999999983,0.016210660000000043,-0.016878749999999998,0.10909430000000003,0.08578940000000002,0.021212599999999915,-0.007117649999999975,0.15458047000000008,-0.010877230000000015,0.1498828299999999,0.011516749999999965,0.17114005,0.004958899999999988,0.15437330000000005,-0.03606469000000001,-0.009741,-0.020917769999999947,0.004480950000000039,0.13070019743158767,0.1270689180248219
0.07069344,-0.24466687000000004,0.07395218000000003,-0.2503459700000001,0.06979616,-0.26033168000000007,0.056100680000000014,-0.26182730000000004,0.04169276999999999,-0.2843023800000001,0.02612492999999999,-0.22475236000000004,-0.011780760000000001,-0.23429780000000006,0.028988159999999985,-0.13333815000000004,-0.027150169999999973,-0.12459710000000002,0.0729072,-0.11674773000000005,0.05789860000000002,-0.10424800000000001,0.011086360000000017,-0.0022079000000000404,-0.011086360000000017,0.0022078999999999294,0.004019700000000015,0.15298729999999994,0.0003639000000000281,0.17353429999999992,-0.008193359999999983,0.3034398599999999,0.006438239999999984,0.32875449999999995,0.0028632299999999944,0.09141421,0.04391904000000002,0.016590419999999995,-0.015369409999999972,0.10970070000000004,0.08504877,0.02034910000000001,-0.007066660000000002,0.15519519999999998,-0.012213059999999998,0.15045255999999996,0.011450260000000045,0.1713264,0.006074339999999956,0.15522020000000003,-0.03790568999999999,-0.009545440000000016,-0.022172720000000035,0.00441579999999997,0.1301583224950848,0.1268533931395278
0.0705035,-0.24456238999999996,0.07357641999999998,-0.25025248,0.06957190000000002,-0.26016586999999997,0.055600340000000026,-0.26192102,0.04137333999999998,-0.28419748,0.025685400000000025,-0.22478657999999996,-0.011692670000000016,-0.23457604999999998,0.029583870000000012,-0.13304335,-0.027139250000000004,-0.12508814999999995,0.07334944999999998,-0.11690855,0.058070699999999975,-0.10454584999999994,0.010980400000000001,-0.0021410499999999777,-0.010980400000000001,0.0021410499999999777,0.0048595399999999955,0.15308525000000006,0.0011895599999999784,0.17322108000000003,-0.006862099999999982,0.30281435,0.005346030000000002,0.32694778,0.0038984699999999872,0.09174322999999995,0.04376557999999997,0.016134800000000005,-0.015446579999999988,0.10948790000000003,0.08520994999999998,0.020542300000000013,-0.006120860000000006,0.15522630000000004,-0.011721639999999978,0.14972909999999995,0.01216995999999998,0.17108003000000005,0.004156470000000023,0.1537267,-0.03737807000000004,-0.009789470000000022,-0.021960800000000003,0.004282099999999955,0.13061959062159284,0.12708323667116753
0.07035027500000002,-0.2462859249999999,0.07336533500000003,-0.25200647499999995,0.06938207500000004,-0.26189947499999994,0.05531967500000001,-0.26348299499999994,0.04113832500000003,-0.2857166949999999,0.025842014999999996,-0.22552227499999994,-0.012175224999999956,-0.23573721499999994,0.030251655000000044,-0.13340527499999988,-0.027766794999999955,-0.12683541499999995,0.074256335,-0.11774600499999988,0.058339955,-0.1066862449999999,0.011112805000000003,-0.002084024999999934,-0.011112805000000003,0.002084025000000045,0.00410175500000004,0.1527338250000001,0.0007920750000000032,0.17273582500000007,-0.007954354999999969,0.3026216250000001,0.005543944999999995,0.3264682750000001,0.004409640000000048,0.09211700000000006,0.04400467999999996,0.015659270000000003,-0.015591569999999999,0.10890179999999999,0.08610674999999995,0.02014917000000005,-0.007011049999999963,0.15481785000000003,-0.012056110000000009,0.14988780000000002,0.011904880000000007,0.17065180000000002,0.004751869999999991,0.15373245000000002,-0.03801723999999995,-0.010214940000000006,-0.022225610000000007,0.004168049999999979,0.13177556297880608,0.12905292521865008
0.07092413000000003,-0.24514298,0.07377746000000002,-0.25077499999999997,0.07008025000000001,-0.26073338,0.05541881000000004,-0.26216058,0.04209235,-0.28453357,0.025987030000000022,-0.22420402,-0.011227369999999959,-0.23549385,0.029855369999999992,-0.13036899999999996,-0.026285489999999967,-0.12698785999999995,0.07385931000000001,-0.11507944999999997,0.05892470999999999,-0.10510419999999998,0.010888129999999996,-0.0019101000000000257,-0.010888129999999996,0.0019101000000000257,0.004262180000000004,0.15274509999999997,0.0014687800000000029,0.17305954,-0.007906829999999976,0.30226113,0.006657930000000034,0.3268664,0.00386833999999997,0.09383502000000005,0.04400394000000002,0.015289549999999985,-0.015058120000000008,0.10850599000000005,0.08521019999999996,0.02188365999999997,-0.006625949999999992,0.1546552,-0.01216900999999998,0.14951603000000002,0.012356909999999999,0.17114943999999999,0.005189150000000031,0.15380686,-0.03721439999999998,-0.01128983,-0.02177625999999999,0.0038202000000000513,0.12950934827268218,0.12777281805358917
0.070301255,-0.244561405,0.07326864500000002,-0.250211005,0.069415175,-0.260046365,0.055113365000000025,-0.262062495,0.04126506499999999,-0.284119875,0.025791255000000013,-0.22506302499999997,-0.012116614999999997,-0.23427672500000002,0.030121084999999992,-0.13349262500000003,-0.027276485000000017,-0.12500722499999994,0.07328191499999998,-0.11702752500000002,0.058397735000000006,-0.10559216500000002,0.010954715000000004,-0.0023452250000000063,-0.010954715000000004,0.0023452250000000063,0.0034957449999999946,0.15319577500000003,0.0015127149999999978,0.174486975,-0.009536064999999982,0.30397027499999996,0.0071476950000000095,0.329637135,0.004329829999999979,0.09157039999999994,0.04316082999999998,0.01646510000000001,-0.01515987000000002,0.10926950000000007,0.08567422000000002,0.01941505999999993,-0.007458970000000009,0.15554100000000004,-0.013031809999999977,0.15077449999999992,0.012467430000000002,0.17214174999999998,0.005634980000000012,0.15515016000000004,-0.03790787000000001,-0.009213700000000047,-0.021909430000000008,0.004690450000000013,0.13052474781867995,0.12829747651849824
0.07026660499999998,-0.24413166999999997,0.07317413499999997,-0.2500040499999999,0.069239035,-0.2595707099999999,0.054936765,-0.2621644699999999,0.040898985,-0.28344319999999995,0.025357834999999995,-0.22551106999999992,-0.011870364999999994,-0.23284654999999993,0.029724935000000008,-0.13527016999999997,-0.027076005000000014,-0.12305616999999991,0.07253068499999998,-0.1182122699999999,0.05837783499999999,-0.10464366999999997,0.010699065000000008,-0.0026985299999999768,-0.010699065000000008,0.002698530000000088,0.003102484999999988,0.15248639000000008,0.0015493650000000248,0.1746251700000001,-0.00958853500000001,0.3030561300000001,0.007226114999999977,0.32910053000000006,0.004367100000000013,0.09024089999999996,0.042805749999999976,0.01705790000000007,-0.01520564000000002,0.10979038000000002,0.08545384,0.018412499999999943,-0.007596580000000019,0.15518492000000006,-0.012691019999999997,0.15056974,0.012248430000000032,0.17192664000000002,0.005676749999999953,0.15447535999999995,-0.03722819999999999,-0.007335480000000005,-0.021398130000000015,0.005397060000000065,0.131021270641877,0.12764782024950527
0.07052183500000003,-0.24480087000000006,0.07342609500000002,-0.25059842000000004,0.069317815,-0.26024797000000005,0.055342135000000015,-0.2622954700000001,0.04081743500000001,-0.28375527000000006,0.02662039500000002,-0.22513290000000008,-0.012122004999999991,-0.23398737000000008,0.031721394999999986,-0.13452987000000005,-0.027275084999999977,-0.12592657000000007,0.07306864499999999,-0.11760853000000004,0.05749964499999999,-0.10672047000000007,0.011277855000000003,-0.0023358300000000387,-0.011277855000000003,0.0023358299999999277,0.0034568349999999914,0.15222572999999995,0.0014849650000000048,0.17323149999999998,-0.008978364999999988,0.3024295699999999,0.006548765000000012,0.3276958299999999,0.005100999999999967,0.09060303000000003,0.04134725,0.016921340000000007,-0.015153079999999985,0.10806080000000001,0.08477472999999996,0.019206100000000004,-0.007821020000000012,0.15456156,-0.01243519999999998,0.15020383999999998,0.012762820000000008,0.17089567000000006,0.005063800000000007,0.15446432999999993,-0.03874240000000001,-0.008854470000000003,-0.022555710000000007,0.004671659999999966,0.13078951446547274,0.12893262223324242
0.07008482499999996,-0.24488034000000003,0.07303493499999997,-0.25056620000000007,0.06889740499999997,-0.26030922000000006,0.05502296499999998,-0.26186338000000003,0.040438154999999976,-0.28355857000000007,0.026782014999999992,-0.22454977000000004,-0.012637845000000036,-0.23343077000000007,0.032573114999999986,-0.1340542400000001,-0.027013385,-0.1249481,0.07326395499999999,-0.1172403700000001,0.05715003499999999,-0.10673660000000007,0.011485164999999964,-0.002275050000000056,-0.01148516500000002,0.002275049999999945,0.0032845850000000065,0.15248629999999996,0.0013169349999999636,0.17306639999999995,-0.009662795000000002,0.3023722999999999,0.006413834999999979,0.3275520999999999,0.0057910999999999935,0.09049552999999994,0.040690840000000006,0.01681387000000001,-0.014375539999999964,0.10848267000000006,0.08416341999999999,0.018211499999999936,-0.008200579999999957,0.15476135000000002,-0.012947380000000008,0.14988599999999996,0.012802099999999983,0.17079135,0.005096900000000015,0.15448569999999995,-0.03941986000000003,-0.008881000000000028,-0.022970329999999983,0.004550100000000001,0.13051300202112628,0.128818983518589
0.069595725,-0.24465024999999996,0.07271234500000001,-0.25021738999999993,0.06848742499999999,-0.2601684999999999,0.05490384500000001,-0.26153630999999994,0.040050045000000034,-0.28378754999999994,0.02668006500000003,-0.22431824999999994,-0.01341544499999997,-0.23345852999999994,0.03244282500000001,-0.1347733499999999,-0.027633024999999978,-0.12476319999999996,0.07278152500000001,-0.11882214999999996,0.05703099500000003,-0.10629274999999994,0.01167137500000004,-0.002208649999999923,-0.011671374999999984,0.002208650000000034,0.0035203550000000305,0.15305385000000005,0.0009060650000000114,0.17299395000000006,-0.010299844999999974,0.30313695000000007,0.006512125000000035,0.32753931000000003,0.005762759999999978,0.08954490000000004,0.040338700000000005,0.015951199999999943,-0.014217580000000007,0.10869532999999998,0.08466402,0.018470450000000027,-0.008151020000000009,0.15526249999999997,-0.013820200000000005,0.15008310000000002,0.012577439999999995,0.17078530000000003,0.005606060000000024,0.15454535999999996,-0.04009551,-0.00914028,-0.023342750000000023,0.004417299999999957,0.13165545493929412,0.1284233991357373
0.07005327500000003,-0.2452832450000001,0.07311808500000005,-0.25084355500000005,0.06895777500000005,-0.2608371650000001,0.05518918500000003,-0.26199608500000005,0.040449075000000057,-0.2844285650000001,0.026761115000000057,-0.22389250500000007,-0.01333761499999997,-0.23421484500000006,0.03177755500000001,-0.13274268500000008,-0.027532734999999975,-0.12588358500000008,0.07348621500000002,-0.11829522500000011,0.05814387500000001,-0.10751618500000004,0.011634285000000022,-0.0020885150000000685,-0.011634284999999966,0.0020885149999999575,0.00393371500000006,0.15309201499999991,0.0015808550000000476,0.17299321499999998,-0.01091138499999994,0.302832915,0.007740135000000037,0.327383255,0.005016439999999955,0.09114981999999999,0.04170866000000001,0.014447459999999968,-0.014195120000000006,0.10833125999999998,0.08567660999999999,0.018367400000000034,-0.007700569999999962,0.15518052999999998,-0.0148451,0.14974090000000007,0.013215140000000014,0.17090470000000002,0.006159279999999989,0.15439004,-0.04009873000000003,-0.010322339999999985,-0.02326856999999999,0.004177030000000026,0.13164216913188953,0.12993145067717668
0.06945030500000005,-0.24491354999999998,0.07252384500000003,-0.25028834,0.06857634500000004,-0.26046195,0.054414195,-0.26147398,0.04004614500000003,-0.2843233,0.025989785000000043,-0.22438829999999998,-0.014137285,-0.23326145999999998,0.03255497500000004,-0.13504656999999998,-0.027006284999999963,-0.12325269999999999,0.07384204500000002,-0.12046816999999999,0.058788525000000036,-0.10749235999999995,0.011633025000000019,-0.0023159999999999847,-0.011633024999999964,0.0023159999999999847,0.003824815000000037,0.15312990000000004,0.0010874750000000044,0.17310400000000004,-0.011042904999999992,0.30271539999999997,0.007363485000000003,0.32690719999999995,0.0065651899999999985,0.08934173000000001,0.04128706999999998,0.014578399999999991,-0.012868999999999964,0.11000875999999998,0.08579481,0.01576034000000004,-0.007808209999999982,0.15544590000000003,-0.014867720000000029,0.14958549999999993,0.012720499999999968,0.17078800000000005,0.0062760099999999985,0.15380319999999992,-0.04012707000000004,-0.008873159999999991,-0.023266049999999983,0.0046319999999999695,0.13352863904447354,0.13044949455744198
0.06857122500000001,-0.24361777,0.07149739500000002,-0.24896699,0.06768372500000003,-0.25880846,0.05354605500000004,-0.26014537,0.039427175000000036,-0.28220691000000003,0.02584279500000003,-0.22409958000000002,-0.014316154999999997,-0.23156363000000002,0.034059065,-0.13758677000000002,-0.028330314999999995,-0.12240430999999996,0.07410927500000003,-0.11918830999999996,0.057775695000000016,-0.10457300999999997,0.011770675000000008,-0.0024620600000000437,-0.011770674999999953,0.0024620600000000437,0.0043661249999999985,0.15150438999999993,0.00037820500000002033,0.17114938999999996,-0.008594074999999979,0.30223369,0.003614945000000036,0.32503059,0.00821626999999997,0.08651281,0.04005021000000003,0.01839846000000006,-0.014014159999999998,0.10915932000000006,0.08610601000000001,0.017831299999999994,-0.00740455000000001,0.15396644999999998,-0.012960199999999977,0.15072930000000007,0.012148879999999973,0.1686873299999999,0.0032367400000000157,0.15388120000000005,-0.04015895000000003,-0.00746405,-0.02354134999999996,0.004924120000000087,0.13232958281889384,0.1276448345609089
0.06868532500000002,-0.24346013000000005,0.071594235,-0.24877138000000004,0.067846295,-0.25862992,0.053589255,-0.26002417000000005,0.039561925,-0.28216785000000005,0.02579119499999999,-0.22402353000000003,-0.014243275,-0.23165429000000004,0.03424295500000002,-0.13736405000000007,-0.028216094999999997,-0.12258670000000005,0.074627675,-0.11886635000000001,0.05750147499999997,-0.10458229000000008,0.011726944999999989,-0.0023999500000000396,-0.011726944999999989,0.0023999499999999285,0.004341005000000009,0.15184292,0.0003495550000000014,0.17115704999999992,-0.008729545000000005,0.30288594999999996,0.0035092250000000047,0.32465787999999995,0.00845176000000003,0.08665947999999996,0.040384719999999985,0.01849770000000006,-0.013972819999999997,0.10906758999999999,0.08571756999999997,0.01800440999999997,-0.00738593999999998,0.15424287000000003,-0.013070550000000014,0.15104302999999997,0.01207649999999999,0.1687571,0.0031596700000000033,0.15350083000000003,-0.04003446999999999,-0.007630760000000014,-0.023453889999999977,0.004799899999999968,0.13236662783153802,0.12742752375807198
0.06880967999999998,-0.24408237,0.07160918,-0.24951858,0.06791908000000002,-0.25911773,0.05350295999999999,-0.26102064,0.03965075000000001,-0.28249178,0.025579430000000014,-0.22540406000000002,-0.013644060000000013,-0.23183215000000001,0.03492158000000001,-0.13946197,-0.028171679999999977,-0.12272954999999997,0.07509772000000003,-0.11946697000000006,0.057240380000000035,-0.10553690000000004,0.011486580000000024,-0.0025608000000000297,-0.011486579999999968,0.0025608000000000297,0.004073060000000017,0.15098946999999996,0.0005688500000000096,0.1703266,-0.007351620000000003,0.3015057,0.002666959999999996,0.32241580000000003,0.009342149999999994,0.08594209000000003,0.04017614000000003,0.01999499999999993,-0.014527619999999963,0.10910260000000005,0.08541206000000001,0.01719264999999992,-0.007413520000000007,0.15355027,-0.01142468000000002,0.15051623000000003,0.012055429999999978,0.16776579999999996,0.0020981099999999864,0.15208920000000004,-0.03922349000000003,-0.006428089999999997,-0.022973159999999992,0.0051216000000000594,0.13309180935041987,0.12809569772686208
0.068254435,-0.2430307,0.07094203499999996,-0.24841615,0.06738526499999997,-0.25808062,0.052678034999999956,-0.25975644000000003,0.03911933499999998,-0.28132298,0.02493493499999999,-0.22423836000000003,-0.014035165000000016,-0.23089983000000003,0.033986405,-0.13809290000000002,-0.028377525000000015,-0.12157742999999999,0.074215335,-0.1194965,0.057089484999999995,-0.10447512999999997,0.011417734999999984,-0.0025338000000000305,-0.01141773500000004,0.0025338000000000305,0.003727864999999997,0.1514913,0.0002784550000000108,0.17096234,-0.007468425000000001,0.30228555999999995,0.00244523499999999,0.3242083,0.009051470000000006,0.08614546000000001,0.040228929999999996,0.018596400000000013,-0.014342359999999998,0.10932240000000004,0.08546701000000001,0.017102300000000015,-0.0076898699999999875,0.15402510000000003,-0.011196289999999998,0.15079425999999996,0.01169619000000005,0.16842853999999996,0.0021667799999999793,0.15324596000000001,-0.03897010000000001,-0.006661470000000003,-0.022835470000000024,0.005067600000000061,0.13275470521623706,0.12705963281811145
0.06901419999999997,-0.2426723249999999,0.07178628999999997,-0.24806991499999992,0.06816486999999999,-0.2577074549999999,0.05352279999999998,-0.2595664649999999,0.039813969999999976,-0.28109914499999994,0.02592289999999997,-0.22446978499999992,-0.013798700000000053,-0.23050088499999993,0.03510026999999999,-0.13931088499999994,-0.027230400000000043,-0.12107468499999996,0.07513013999999996,-0.12003338499999994,0.05784303999999996,-0.1034611849999999,0.011589369999999988,-0.002661584999999911,-0.011589370000000043,0.002661585000000022,0.0037437699999999796,0.15135081500000003,0.0004911699999999852,0.1712505150000001,-0.008428060000000015,0.3026135550000001,0.004453169999999951,0.324857465,0.009177370000000018,0.08515889999999998,0.04002986999999997,0.019277500000000003,-0.013431699999999991,0.10942619999999997,0.08507344,0.01761350000000006,-0.007845600000000008,0.15401239999999994,-0.012171829999999995,0.15126274000000006,0.012080540000000028,0.16858893000000008,0.0039619999999999655,0.1536069499999999,-0.039721600000000024,-0.0060311000000000115,-0.02317874000000003,0.005323169999999933,0.13346748250953452,0.12681838143928895
0.06973983500000003,-0.24230993499999998,0.07262817500000002,-0.24774819499999995,0.06887690500000004,-0.2573972749999999,0.054601675000000016,-0.25940060499999995,0.04072753500000004,-0.28096473499999997,0.026533375000000026,-0.22447782499999996,-0.01271154499999999,-0.23052267499999995,0.035253875000000046,-0.13999435499999996,-0.026747454999999976,-0.12126477499999999,0.07691767500000002,-0.11960447499999993,0.05821847500000005,-0.10277277499999993,0.011472775000000046,-0.0026722249999999725,-0.01147277499999999,0.0026722250000000836,0.0051989950000000396,0.15147442500000008,0.0012615450000000306,0.1713618950000001,-0.0067780749999999945,0.30249646500000005,0.004550915000000044,0.3258706250000001,0.00872050000000002,0.08448347,0.04166379999999997,0.020389880000000027,-0.014035909999999985,0.10925789999999996,0.08496593000000002,0.018492000000000064,-0.006273780000000007,0.15414665000000005,-0.011977070000000034,0.15102203999999997,0.012734320000000021,0.16868967,0.0032893700000000137,0.15450872999999998,-0.039244920000000016,-0.0060448499999999905,-0.022945550000000037,0.005344450000000056,0.13400069412533835,0.12639429714810121
0.06942209500000002,-0.2435716349999999,0.07239393500000002,-0.24908423499999993,0.06845009499999999,-0.25879853499999994,0.054547815,-0.2604852349999999,0.040320995000000026,-0.2822633349999999,0.026134135000000003,-0.22464516499999992,-0.01260998499999999,-0.23228531499999994,0.03357753499999999,-0.13727599499999987,-0.026620564999999985,-0.12272766499999987,0.075858135,-0.11971229499999991,0.057739335,-0.10461149499999989,0.011466205000000007,-0.0023450549999999293,-0.011466205000000007,0.0023450550000000403,0.005524275000000023,0.15171036500000012,0.0009269749999999966,0.1708469050000001,-0.005795745000000019,0.3020186050000001,0.003794675000000025,0.32457617500000013,0.007443399999999989,0.08736917000000005,0.0422806,0.01756369999999996,-0.014010579999999995,0.10955765000000006,0.08435989999999999,0.018116169999999987,-0.005941929999999984,0.15405542000000005,-0.011320020000000042,0.15030823999999998,0.012393180000000004,0.16850185000000006,0.0028677000000000286,0.15372927000000003,-0.03874411999999999,-0.007640150000000012,-0.022932410000000014,0.00469010999999997,0.13387079470273752,0.12739352555995176
0.06946373,-0.24222515,0.07260917,-0.24765969999999998,0.06854261,-0.25752829,0.05507993,-0.2589287,0.04064687,-0.28118019,0.026735290000000023,-0.22274028,-0.012367139999999999,-0.23155526999999998,0.03391938,-0.13416249999999996,-0.02620191999999999,-0.12205635000000004,0.07635720000000001,-0.11754494999999998,0.05731486000000002,-0.10402180999999999,0.011536910000000011,-0.0020927499999999766,-0.011536910000000011,0.0020927499999999766,0.00575363000000001,0.15244822000000002,0.0011374499999999843,0.17094580999999998,-0.006316669999999969,0.30321381999999997,0.004595379999999982,0.32575924999999994,0.007184089999999976,0.08857778000000005,0.042437820000000015,0.01661754999999998,-0.013834779999999991,0.10949891999999994,0.08351678000000001,0.018034540000000043,-0.005783280000000002,0.15454097,-0.012070299999999978,0.15076559999999994,0.012674359999999996,0.16885306,0.003457929999999998,0.15481343999999997,-0.03910243000000002,-0.008814989999999967,-0.023073820000000023,0.004185499999999953,0.13240423135430415,0.1264945298268921
0.06962748499999999,-0.242529675,0.07274934499999997,-0.248049635,0.06857698499999998,-0.257717575,0.05525719499999998,-0.259295675,0.040523014999999996,-0.281084475,0.027259464999999983,-0.22267694500000002,-0.01250142500000001,-0.231482935,0.033740844999999964,-0.135097315,-0.026895705000000047,-0.12338257500000005,0.07641851499999996,-0.11902080500000001,0.055831615,-0.10314671499999994,0.011699764999999973,-0.0021316249999999703,-0.011699765000000029,0.0021316249999999703,0.005414914999999965,0.15166838500000002,0.0005066349999999775,0.170640825,-0.007155755000000041,0.30252172499999996,0.005250774999999985,0.32515602499999996,0.006481379999999981,0.08757963000000002,0.04267767,0.01607650999999999,-0.014394280000000037,0.10810035999999995,0.08272732000000005,0.020235860000000105,-0.0062848500000000085,0.15380001,-0.012570670000000006,0.15085333999999995,0.012206400000000006,0.16850920000000003,0.004744140000000008,0.15451519999999996,-0.03976088999999999,-0.008805989999999986,-0.02339953,0.004263249999999941,0.13360986865735222,0.12507604150219973
0.07022949499999998,-0.24255993000000003,0.07323793499999998,-0.24810583000000003,0.069169435,-0.25778943000000004,0.055496535000000013,-0.25936718000000003,0.04101273500000002,-0.28110029000000003,0.027324155000000017,-0.22273315000000005,-0.011925644999999985,-0.23160340000000001,0.033863054999999975,-0.13463473000000004,-0.026274515,-0.12336258,0.07632108500000001,-0.11874713000000003,0.056152635000000006,-0.10295586000000001,0.01150793499999997,-0.002149269999999981,-0.011507935000000025,0.002149269999999981,0.0051786750000000215,0.15154806999999992,0.0012667350000000188,0.17092962999999994,-0.007107895000000031,0.30165476999999996,0.005996064999999995,0.32534407,0.006538899999999959,0.08809842000000001,0.042458030000000035,0.0158876,-0.014348870000000014,0.10824082000000002,0.08242715,0.02040671999999999,-0.006329259999999948,0.1536973399999999,-0.012286570000000052,0.15010670000000004,0.012774670000000043,0.16878035999999996,0.004729329999999976,0.15441444000000004,-0.0392498,-0.008870249999999968,-0.023015869999999994,0.004298539999999962,0.13340091967262488,0.12500016434005917
0.07032265999999998,-0.24255428,0.07344530999999999,-0.2480656,0.06924215,-0.25779482000000004,0.05583140999999997,-0.25964732,0.04094780999999997,-0.2815739,0.027288339999999967,-0.22322190000000003,-0.01180312,-0.23274929,0.033236409999999994,-0.13434142000000004,-0.02557657000000002,-0.12472592000000005,0.07667204,-0.11920297999999996,0.056100209999999984,-0.10290462,0.011474910000000005,-0.0020455799999999913,-0.011474910000000005,0.0020455799999999913,0.005113060000000003,0.15149157999999996,0.001380469999999967,0.17092942999999994,-0.007640189999999991,0.30169508,0.006668379999999974,0.32475851999999994,0.0059480700000000275,0.08888047999999998,0.04343563,0.015138440000000086,-0.01377345000000002,0.10802336999999995,0.08167678,0.021821300000000043,-0.006361850000000002,0.15353715999999995,-0.012753249999999994,0.15020350000000005,0.012855379999999972,0.16888384999999995,0.005287910000000007,0.15382909,-0.03909145999999997,-0.009527389999999969,-0.02294982000000001,0.004091159999999983,0.13407655326341325,0.12482364088206367
0.07018644000000002,-0.24208032000000002,0.07336647000000002,-0.24767278999999998,0.06907770000000002,-0.25731834,0.05586087000000001,-0.25934512,0.04079744000000002,-0.28104829,0.02712572000000002,-0.22330548,-0.011685429999999997,-0.23159365999999998,0.03358488999999998,-0.13558932,-0.025591489999999995,-0.12226972000000003,0.07783371,-0.11939175999999996,0.05753499000000001,-0.10088191999999996,0.011317069999999985,-0.0022526200000000385,-0.011317069999999985,0.0022526200000000385,0.0046781900000000265,0.15184913,0.0016957499999999959,0.17119068000000004,-0.007375729999999969,0.30222915000000006,0.006457329999999983,0.32550298,0.0064591699999999586,0.08771615999999999,0.04424882000000002,0.016197560000000055,-0.013906059999999998,0.10932393999999995,0.08312648,0.021387800000000068,-0.006638879999999958,0.15410175000000004,-0.012053919999999996,0.15038002000000006,0.01301281999999998,0.16893806,0.0047615799999999875,0.15431229999999996,-0.038811150000000016,-0.008288179999999978,-0.02263413999999997,0.004505240000000077,0.13470724374297466,0.12400540112130277
0.06969852999999998,-0.24083813000000004,0.07316539999999994,-0.24637108000000002,0.06878532999999998,-0.25629827,0.055920169999999936,-0.25889470000000003,0.04076207999999998,-0.28128626,0.026307089999999977,-0.22424077000000003,-0.011578330000000026,-0.23219948,0.03336538999999994,-0.13628282999999997,-0.025442430000000016,-0.12191816,0.07778347999999996,-0.12084373000000004,0.05851112999999997,-0.10118873000000006,0.010859059999999976,-0.002584730000000035,-0.010859060000000031,0.002584730000000035,0.004360809999999937,0.15005216999999993,0.0031733299999999742,0.17222419999999994,-0.007708090000000056,0.29879431,0.008260129999999977,0.32553277,0.007058299999999962,0.08795794000000007,0.04441809000000002,0.015439099999999928,-0.01386409999999999,0.11028132000000002,0.08395355999999998,0.020729429999999938,-0.006498250000000039,0.15263689999999996,-0.012068899999999994,0.14874214000000008,0.014032390000000006,0.1696394699999999,0.005086800000000002,0.1533085700000001,-0.03788542,-0.00795870999999998,-0.021718120000000007,0.00516946000000007,0.13588255617751824,0.12482449383437419
0.06971486499999996,-0.24058012999999995,0.07320009499999997,-0.2461042599999999,0.06887142499999999,-0.2560698599999999,0.055970264999999964,-0.25875399999999993,0.04095016499999998,-0.2812612299999999,0.02632339499999997,-0.2242346799999999,-0.01145069500000001,-0.23205931999999996,0.03382484499999999,-0.13588827999999997,-0.025112915000000013,-0.12105993999999998,0.07793912499999994,-0.12030367999999991,0.058875524999999984,-0.10134717999999998,0.010787204999999966,-0.002585819999999961,-0.010787205000000022,0.002585820000000072,0.004455164999999983,0.15034392000000008,0.003608324999999968,0.17227096000000008,-0.007704075000000032,0.2991212200000001,0.008638824999999961,0.32572812000000007,0.007501450000000021,0.08834639999999994,0.04411427999999995,0.01558460000000006,-0.013662220000000003,0.11099937999999998,0.08398844,0.019712759999999996,-0.006332039999999983,0.15292974000000004,-0.012159240000000016,0.1487773,0.01439552999999999,0.16968514,0.005030499999999993,0.15345715999999998,-0.03777408999999998,-0.00782464000000005,-0.02157440999999999,0.005171640000000033,0.13552444400426805,0.12511980035171455
0.06953618,-0.24049041999999993,0.07315195000000002,-0.24600259999999996,0.06868995,-0.25606662999999996,0.05617695,-0.25844482999999996,0.04082885000000003,-0.28127843999999996,0.026782479999999997,-0.22332701999999993,-0.011937109999999973,-0.23201567999999995,0.03379065000000003,-0.13395159999999995,-0.025522920000000004,-0.12093055999999991,0.07802531000000001,-0.11961829999999996,0.058880829999999995,-0.10100925999999999,0.011087249999999993,-0.0025065999999999145,-0.011087249999999993,0.0025066000000000255,0.004923879999999992,0.15026280000000003,0.003279000000000032,0.17260300000000006,-0.008143750000000005,0.29861187,0.0089997,0.32603764,0.007008170000000036,0.08937541999999998,0.04423465999999998,0.014333299999999993,-0.013585810000000031,0.11108512000000004,0.08440375,0.01992129999999992,-0.006163370000000001,0.15276939999999994,-0.013067629999999997,0.14834906999999997,0.014366250000000025,0.17009640000000004,0.0057206999999999675,0.15343463999999996,-0.03871958999999997,-0.008688660000000015,-0.022174499999999986,0.00501319999999994,0.13489200922758032,0.12494424952924404
0.06988124499999998,-0.2409547999999999,0.07327948499999998,-0.2465426699999999,0.06902389499999995,-0.2564404699999999,0.055923414999999976,-0.25925007999999994,0.04098244499999998,-0.2816073699999999,0.026174824999999957,-0.22431466999999994,-0.01136477500000005,-0.23224011999999994,0.033424944999999984,-0.13525124999999993,-0.024646855000000023,-0.12104034999999991,0.07807694499999995,-0.11989620999999995,0.059377624999999934,-0.10058944999999997,0.010756504999999972,-0.0025809499999999153,-0.010756505000000027,0.0025809500000000263,0.00499878499999995,0.15073635000000007,0.003546814999999981,0.1727316000000001,-0.0075389850000000536,0.3002671800000001,0.008675624999999965,0.3262203,0.0072501200000000265,0.08906342,0.04465199999999997,0.015355039999999986,-0.013282079999999974,0.11119977000000003,0.08402447999999996,0.02045089999999994,-0.005757720000000022,0.1533173,-0.012537770000000004,0.14953083,0.014303320000000008,0.17015065000000007,0.005128809999999984,0.15348869999999992,-0.037539600000000006,-0.00792545,-0.02151301,0.0051618999999999415,0.13525868501009908,0.12475146342635382
0.07047051999999998,-0.24134699999999998,0.07379628999999999,-0.24695923999999997,0.06959542999999996,-0.25679707999999996,0.05628180999999999,-0.25960049999999996,0.04150593999999996,-0.28174885999999993,0.02641642999999999,-0.22473606999999995,-0.010827980000000015,-0.23225757999999996,0.03377089,-0.13575289999999995,-0.02433943000000005,-0.12118079999999998,0.07782853999999995,-0.11919015999999993,0.05927205999999996,-0.10119020000000001,0.010643089999999966,-0.002665399999999929,-0.010643090000000022,0.00266540000000004,0.004790309999999964,0.15027547000000008,0.004142349999999961,0.17266350000000008,-0.007359080000000018,0.2992699000000001,0.00895271999999997,0.32605490000000004,0.007354460000000007,0.08898317,0.04405764999999995,0.01656274000000002,-0.013511450000000036,0.11107677999999999,0.08361149000000001,0.01999059999999997,-0.005852780000000002,0.15294087,-0.012149389999999982,0.14899443,0.014785439999999983,0.16999810000000004,0.004810370000000008,0.15339139999999996,-0.037244410000000006,-0.007521510000000009,-0.021286179999999988,0.005330799999999969,0.13450614998861612,0.12519630126678066
0.07030053999999997,-0.241514295,0.07367221999999995,-0.24711284499999997,0.06937832999999999,-0.25693899499999995,0.05627196000000001,-0.25988486499999996,0.041252929999999965,-0.28201377499999997,0.026467499999999977,-0.22513574499999994,-0.011169570000000018,-0.23262357499999997,0.03346795999999996,-0.13654485500000002,-0.024958300000000044,-0.12177208499999992,0.07826812999999999,-0.11947332499999996,0.05916685999999999,-0.101657365,0.010763269999999991,-0.002692674999999922,-0.010763269999999991,0.0026926750000000332,0.004902899999999988,0.15034642500000006,0.003822369999999964,0.17262817500000005,-0.007661620000000036,0.298906075,0.008857979999999988,0.32579657500000003,0.007000459999999986,0.08859088999999992,0.04480017000000003,0.017071530000000057,-0.013788730000000027,0.11085149000000005,0.08412516000000003,0.02011471999999992,-0.005860370000000004,0.15303909999999998,-0.012564520000000023,0.14855964999999993,0.014585639999999955,0.16993550000000002,0.005035610000000024,0.15316839999999998,-0.037637069999999995,-0.007487830000000029,-0.021526539999999983,0.0053853499999999555,0.13488745804574312,0.12561510231583822
0.06990050999999997,-0.24125263999999996,0.07324745999999999,-0.24693302,0.06886323999999994,-0.25670054999999997,0.055911779999999967,-0.25962577,0.040683149999999946,-0.28160418,0.026175969999999937,-0.2245049,-0.011471790000000037,-0.23221216,0.03264214999999998,-0.13493120000000003,-0.02553201000000005,-0.12095829999999996,0.07733260999999997,-0.11869370000000001,0.05933844999999999,-0.10218969999999994,0.010781049999999959,-0.00261979999999995,-0.010781050000000014,0.002619800000000061,0.004856369999999943,0.15067969999999997,0.003934169999999959,0.17218783000000004,-0.007778230000000053,0.29951813000000005,0.008494709999999961,0.3255291,0.0064661800000000436,0.08957369999999998,0.04469045999999999,0.016237500000000016,-0.014060220000000012,0.11125386000000004,0.08487046000000004,0.018768600000000024,-0.0059246800000000155,0.15329949999999992,-0.012634599999999996,0.14883843000000008,0.014715219999999973,0.16956802999999998,0.004560540000000002,0.15334126999999997,-0.037647759999999975,-0.0077072599999999936,-0.021562099999999973,0.005239600000000011,0.13379932884601334,0.12610224252764105
0.06954171999999997,-0.24165635000000008,0.07266014999999998,-0.24729254000000006,0.06848356,-0.25701206000000004,0.05495021,-0.25969215000000007,0.04021399999999997,-0.28143944000000004,0.02569218000000001,-0.22436984000000004,-0.012088750000000037,-0.23204794000000006,0.03128357999999998,-0.13535707000000008,-0.02648092000000002,-0.12152337000000002,0.07537687999999998,-0.11923352000000009,0.05815537999999998,-0.10202052000000006,0.01083814999999999,-0.0026102200000001075,-0.01083814999999999,0.0026102199999999964,0.004058539999999999,0.1506945799999999,0.0028941299999999948,0.17204661,-0.008951460000000022,0.30000098,0.007973039999999987,0.32625857999999996,0.005591399999999969,0.08901276999999996,0.0440933,0.016123549999999987,-0.014392169999999982,0.11052457000000004,0.0846363,0.01950284999999996,-0.0067796099999999915,0.15330480000000002,-0.013010000000000022,0.14930640000000006,0.013732279999999986,0.16943639,0.005078909999999992,0.15421196999999998,-0.037780930000000046,-0.007678100000000021,-0.02167629999999998,0.005220440000000104,0.13329006629491522,0.12533035919045515
0.06831138000000003,-0.24042229500000006,0.07164208,-0.24611939500000007,0.06716306,-0.2556563250000001,0.05445103000000001,-0.2588823250000001,0.03898780000000002,-0.28027272500000006,0.02583749000000002,-0.22437302500000006,-0.01311768999999996,-0.23099712500000008,0.03193066,-0.13766609500000004,-0.027505239999999986,-0.12103872500000001,0.07598986000000002,-0.12006206500000005,0.057183430000000035,-0.09952928500000002,0.011172840000000017,-0.002795025000000062,-0.011172839999999962,0.002795024999999951,0.0035958100000000326,0.15039727499999989,0.0016423300000000252,0.17215172499999998,-0.009332909999999972,0.2995449149999999,0.00779346000000003,0.325271675,0.006093169999999981,0.08670693000000002,0.04405920000000002,0.017604029999999993,-0.014387550000000027,0.10995840000000007,0.08468867000000002,0.02150943999999999,-0.007577029999999985,0.15319229999999995,-0.012928720000000005,0.14914764000000003,0.012815169999999987,0.16935670000000003,0.006151130000000005,0.15311995,-0.03895517999999998,-0.006624100000000022,-0.02234567999999998,0.005590050000000013,0.13398807690254383,0.12305626381980315
0.068714035,-0.24204913500000003,0.07202983499999999,-0.247876335,0.067354415,-0.257394815,0.054901005,-0.260277305,0.03891718500000002,-0.281607265,0.026391655000000014,-0.224413435,-0.013047185000000017,-0.23213875500000003,0.03234449500000003,-0.13501727500000005,-0.02726959499999998,-0.12180953500000002,0.076369735,-0.11791217500000006,0.05784619499999999,-0.10036473499999998,0.011399894999999993,-0.0025916649999999652,-0.011399894999999993,0.0025916649999999652,0.0040731350000000055,0.150437465,0.0019307749999999957,0.17167586499999998,-0.00874602499999999,0.299129365,0.0076533850000000125,0.324200095,0.005952840000000015,0.08939615999999995,0.044025239999999966,0.017105099999999984,-0.014222409999999963,0.11032922,0.08511578999999997,0.02144480000000004,-0.007326759999999988,0.15302912999999996,-0.012819159999999996,0.1486919,0.013330669999999989,0.16908420000000002,0.005722610000000017,0.15252423000000004,-0.03943884000000003,-0.0077253200000000355,-0.022799789999999986,0.0051833299999999305,0.1323627596277961,0.12407675560413436
0.06810960999999999,-0.24163178000000002,0.07142266999999997,-0.24748008,0.06676620999999999,-0.25688698,0.05438264999999998,-0.25996898,0.038493730000000004,-0.28109735,0.02599376999999997,-0.22410765,-0.01315120000000003,-0.23191514000000002,0.03173817000000001,-0.13499797999999996,-0.02809199000000001,-0.12219237999999999,0.07677621000000001,-0.11747697999999995,0.05660796000000001,-0.09811413000000002,0.011263949999999967,-0.0026098500000000247,-0.011263950000000023,0.0026098500000000247,0.0035733900000000096,0.15043752,0.0014339700000000066,0.17214065999999995,-0.008877550000000012,0.30001272,0.007258419999999988,0.32511851999999997,0.005744400000000038,0.08910967000000003,0.04503804,0.01752100000000001,-0.014940789999999982,0.10972276000000003,0.08469995000000002,0.024078249999999968,-0.007690559999999957,0.15304737000000002,-0.012450940000000021,0.14957520000000002,0.01269792000000003,0.16953080999999992,0.005824449999999981,0.15297786000000002,-0.03914497,-0.007807490000000028,-0.02252789999999999,0.005219700000000049,0.13223582632836114,0.1214574670989335
0.06782005000000002,-0.24175649,0.07118740000000001,-0.24755113,0.06643080000000001,-0.25700512999999997,0.054195400000000005,-0.25984494999999996,0.03795725999999999,-0.28110456,0.025978959999999995,-0.22407471,-0.013768940000000007,-0.23190685,0.031717930000000005,-0.13546882999999998,-0.02875401999999999,-0.12229102999999997,0.0755093,-0.11830638999999998,0.054476950000000024,-0.09810536000000003,0.01146649999999999,-0.002542069999999952,-0.01146649999999999,0.002542070000000063,0.0031148000000000287,0.15072764000000005,0.0009779000000000315,0.17201352999999997,-0.009327099999999977,0.30083150999999997,0.006902279999999983,0.32503557000000005,0.00573897000000001,0.08860588000000003,0.043791369999999996,0.01716244,-0.014985079999999984,0.10961582000000003,0.08323097000000002,0.024185669999999937,-0.008351699999999962,0.15326971,-0.012441900000000006,0.15010386999999992,0.012444400000000022,0.1694714599999999,0.005924379999999951,0.15302204000000008,-0.0397479,-0.007832139999999987,-0.02293299999999998,0.005084140000000015,0.1322983674007446,0.12032640509675098
0.06965136500000002,-0.24151977999999996,0.07267114499999999,-0.24741255999999995,0.06834209499999999,-0.25659117,0.05520892500000002,-0.25983269999999997,0.03990154499999998,-0.28033549999999996,0.027344825000000017,-0.22462176999999994,-0.012204254999999997,-0.23131867999999994,0.033387904999999996,-0.13772961999999994,-0.025901074999999996,-0.12257644999999995,0.07570954499999999,-0.1176642,0.057158595000000034,-0.0959025,0.011653424999999995,-0.002707499999999974,-0.011653424999999995,0.002707500000000085,0.005513994999999994,0.15016550000000006,0.0007858250000000178,0.17221424000000007,-0.005955094999999966,0.30152920000000005,0.006860915000000023,0.3269930000000001,0.0060430799999999785,0.08689215,0.042321639999999994,0.020065419999999945,-0.013696819999999998,0.10874223,0.08305967000000003,0.026673949999999946,-0.006139430000000001,0.15287300000000004,-0.01146908999999996,0.1513637,0.012439250000000013,0.16950674,0.006075090000000005,0.15477876000000002,-0.039549080000000014,-0.00669691,-0.02330684999999999,0.005415000000000059,0.13159874385549583,0.12024569096845183
0.06953757500000002,-0.24165098499999998,0.07264525500000002,-0.24757162500000002,0.06815669500000004,-0.256722725,0.05538270500000003,-0.260036125,0.039642695000000006,-0.280464185,0.027713745000000012,-0.224697455,-0.01255952499999996,-0.23116628499999997,0.033814495,-0.138128975,-0.02656172499999998,-0.12223602499999997,0.07570344500000004,-0.11721152499999998,0.05747592500000004,-0.09456752499999999,0.01181942500000005,-0.0027802749999999987,-0.011819424999999995,0.0027802749999999987,0.005070375000000016,0.150238675,0.0006371150000000214,0.17249657500000004,-0.006395784999999987,0.301138475,0.0071486250000000195,0.32698832499999997,0.006100749999999988,0.08656848,0.041888950000000036,0.020917450000000004,-0.01400220000000002,0.10893026,0.08403765000000002,0.027668499999999985,-0.006749050000000034,0.15301895,-0.011466160000000003,0.15089980000000003,0.012456540000000016,0.16971630000000004,0.006511509999999998,0.15449174999999993,-0.04027326999999997,-0.006468829999999981,-0.023638850000000045,0.0055605499999999974,0.13105601469571282,0.11949242526814201
0.06950108000000005,-0.24287200000000003,0.07260038000000002,-0.24887472000000005,0.06808034000000002,-0.25801149000000007,0.05525548000000002,-0.2611777800000001,0.03940168000000005,-0.28160482000000003,0.026852980000000026,-0.22509971000000006,-0.012608889999999984,-0.23191538000000006,0.03161938000000003,-0.1365508500000001,-0.02704361999999999,-0.12235358000000007,0.07456133000000004,-0.11630515000000008,0.057387500000000036,-0.09643835,0.011605140000000014,-0.0027655500000000055,-0.011605139999999958,0.0027655499999998945,0.004992460000000032,0.15005340999999994,0.00039226000000003314,0.17228838999999996,-0.006038319999999986,0.30006455,0.00675714000000005,0.3257444799999999,0.004766400000000004,0.08854885999999995,0.042941950000000007,0.020245700000000033,-0.014434730000000007,0.10956179999999999,0.08443112000000003,0.025915230000000067,-0.006612679999999982,0.15281895999999995,-0.011030780000000018,0.15001114000000004,0.011997399999999991,0.16952284000000006,0.006364880000000017,0.15345608999999993,-0.03946187000000001,-0.006815669999999996,-0.023210279999999972,0.0055310999999999,0.12982573946439172,0.12083624518073863
0.06889800000000001,-0.24291014000000005,0.0720422,-0.24884848000000004,0.06745630000000002,-0.2579718200000001,0.05490210000000001,-0.26125553000000007,0.038787000000000016,-0.28163963000000003,0.026996579999999992,-0.22563228000000007,-0.013373599999999985,-0.23186302000000003,0.032875180000000004,-0.13938868000000004,-0.028711980000000026,-0.12281428000000005,0.07501107000000001,-0.11699724,0.0566103,-0.0949629500000001,0.011826720000000013,-0.002868780000000015,-0.011826720000000013,0.002868779999999904,0.0047911399999999715,0.1497180199999999,0.00032999999999999696,0.17182591999999997,-0.005939399999999984,0.2995315799999999,0.0058666,0.32501375999999993,0.005878600000000012,0.08624360000000003,0.04213589000000001,0.02239144000000004,-0.01533838000000004,0.10904873999999998,0.08532228000000003,0.027851329999999952,-0.007035580000000041,0.1525867999999999,-0.010730539999999955,0.14981356,0.01215672000000001,0.16895714000000006,0.005536600000000003,0.15318783999999996,-0.04037017999999998,-0.006230739999999957,-0.023653440000000026,0.005737559999999919,0.13045139886905813,0.11939293572600225
0.06894265999999999,-0.24204000499999995,0.07197653999999998,-0.24797082499999995,0.06748837000000002,-0.25703802499999995,0.05469130999999999,-0.260561285,0.038910979999999984,-0.28068802499999995,0.02725071000000001,-0.22573176499999997,-0.01308724,-0.23156547499999997,0.03370173999999998,-0.14025008499999997,-0.02824131000000002,-0.12312686499999992,0.07373822000000002,-0.11680752499999991,0.056276890000000024,-0.094129625,0.011824219999999996,-0.0028796749999999705,-0.011824219999999996,0.0028796750000000815,0.0040924800000000094,0.14964987500000004,0.000471559999999982,0.171940325,-0.006121759999999976,0.29998481500000007,0.005874600000000008,0.32582587500000004,0.006451029999999969,0.08548168,0.04003648000000004,0.023442560000000057,-0.01515407000000002,0.10843861000000005,0.08451820000000004,0.028997239999999924,-0.007731739999999987,0.15252955,-0.010214239999999986,0.15033494000000003,0.012295779999999978,0.16906064999999992,0.005403040000000026,0.15388555000000004,-0.04033795000000001,-0.005833709999999992,-0.023648439999999993,0.005759350000000052,0.12966456108599023,0.1185266445560749
0.06920348999999998,-0.24191875499999999,0.07219671,-0.24783705499999997,0.06784765999999998,-0.25683870499999994,0.054782319999999995,-0.260654185,0.03943283999999997,-0.28058329499999995,0.027381259999999963,-0.22643894499999995,-0.012541140000000006,-0.23101931499999995,0.035028859999999995,-0.14181202499999995,-0.027621720000000016,-0.12301575499999995,0.0749995,-0.11444315499999991,0.055680499999999966,-0.09687235499999991,0.011556139999999993,-0.0031028049999999308,-0.011556139999999993,0.0031028050000000418,0.0034669599999999634,0.14929458500000004,0.0009733599999999787,0.17216784500000004,-0.006425600000000031,0.299057095,0.006827289999999986,0.326457945,0.007647600000000032,0.08462692,0.03997064,0.027368870000000045,-0.01508058000000001,0.10800356,0.08330221999999998,0.02614340000000004,-0.008089180000000029,0.15239738999999997,-0.009892559999999995,0.14976250999999996,0.012529499999999971,0.16906504,0.005853930000000007,0.15429009999999999,-0.03992239999999997,-0.00458037,-0.023112279999999985,0.0062056099999999725,0.12814731158402073,0.12048152711314372
0.06935471999999998,-0.24285577500000005,0.07240466999999995,-0.24877520500000005,0.06803864999999998,-0.25778089500000007,0.05505906999999999,-0.261544335,0.03971410999999997,-0.281555105,0.027703869999999964,-0.22720557500000005,-0.012456410000000029,-0.23189465500000006,0.03585652999999994,-0.14190699500000004,-0.02737493000000002,-0.1234575750000001,0.07546759999999997,-0.11544873500000008,0.05617818999999996,-0.09881331500000001,0.011613529999999983,-0.003101125000000038,-0.011613530000000039,0.003101124999999927,0.0033575699999999764,0.14836982499999996,0.0013938099999999398,0.17142382499999997,-0.0064758600000000555,0.2973151249999999,0.007240069999999987,0.32468272499999995,0.008152659999999978,0.08529858000000001,0.039611070000000026,0.026458259999999956,-0.01491851999999999,0.10843707999999996,0.08355311999999998,0.024644260000000084,-0.008255960000000007,0.15147095,-0.009833430000000032,0.14894529999999995,0.013007339999999978,0.16832270000000005,0.0058462600000000475,0.15325889999999998,-0.04016027999999999,-0.004689080000000012,-0.02322706000000002,0.006202249999999965,0.1292258787096339,0.12240208487224385
0.06947373499999998,-0.24170646500000004,0.07267069499999995,-0.24758574500000002,0.06817537499999998,-0.256710565,0.055522615,-0.26033812500000003,0.03991489499999995,-0.28067490500000003,0.028216054999999962,-0.22643068500000002,-0.012467685000000006,-0.23140579500000003,0.036553294999999986,-0.14128614500000003,-0.027305705000000013,-0.12310770500000001,0.075573055,-0.11409924500000002,0.05687951499999999,-0.09787744500000006,0.011764764999999955,-0.0030643049999999894,-0.01176476500000001,0.0030643049999999894,0.0033677749999999618,0.14867159499999993,0.0016501949999999654,0.171731615,-0.006127605000000036,0.29783145499999997,0.0077555949999999485,0.3255065549999999,0.008337240000000024,0.08514453999999999,0.039019760000000014,0.027186900000000014,-0.014838020000000007,0.10829809000000001,0.08418522,0.02523025999999995,-0.008396989999999993,0.15173589999999992,-0.009495379999999998,0.14915986000000003,0.013414959999999976,0.16866731000000001,0.006105399999999983,0.15377493999999992,-0.04068373999999997,-0.004975110000000005,-0.023529529999999965,0.006128609999999979,0.12806348337261372,0.12207077483894706
0.06946231000000003,-0.24109322,0.07259009000000005,-0.24693397,0.06811367000000007,-0.25614765,0.05541835000000006,-0.25931949,0.039736900000000075,-0.27990419,0.028669670000000036,-0.22473189,-0.012349809999999961,-0.23095021,0.038210130000000064,-0.13832197000000002,-0.02533824999999995,-0.12380451000000003,0.07683907000000006,-0.11013795000000004,0.057361220000000046,-0.09773975000000001,0.011893770000000026,-0.002757950000000009,-0.01189376999999997,0.002757950000000009,0.003370370000000067,0.14945774999999994,0.0019132000000000593,0.17192744999999998,-0.006544729999999943,0.29900682,0.00806617000000004,0.32634715000000003,0.009540460000000028,0.08640991999999997,0.03862894,0.028184019999999976,-0.01298843999999999,0.10714569999999995,0.08269947,0.02606476000000002,-0.008523399999999959,0.15221569999999995,-0.00991510000000001,0.14954907000000006,0.01380697000000003,0.16916949999999997,0.00615296999999998,0.15441970000000005,-0.04101948,-0.006218319999999999,-0.023787539999999996,0.005515900000000018,0.12549245551860883,0.1220493397982558
0.06897171000000002,-0.24190522999999997,0.07203865999999998,-0.24751146000000002,0.06768437,-0.25706934,0.05489105999999999,-0.25902663,0.03933970999999997,-0.28055288,0.029202649999999997,-0.22289448,-0.012844400000000034,-0.2324775,0.03923113,-0.1347952,-0.023433850000000034,-0.12834272999999996,0.07595692999999998,-0.10815679999999994,0.05719563,-0.09896859999999996,0.012370270000000017,-0.0021037000000000416,-0.012370270000000017,0.0021037000000000416,0.003996710000000014,0.14925684000000006,0.0014406299999999983,0.17118650000000002,-0.0071195700000000195,0.29842694000000003,0.007882789999999973,0.32584060000000004,0.010028480000000006,0.08809928,0.036725799999999975,0.026638400000000062,-0.01058945,0.10413477000000004,0.08062948000000003,0.02937413,-0.008373560000000002,0.1513605400000001,-0.011116280000000034,0.14917009999999997,0.013810900000000015,0.16908279999999998,0.006442159999999975,0.15465410000000002,-0.04204705000000003,-0.009583019999999998,-0.024740540000000033,0.004207400000000083,0.12365485574600608,0.12269891715129357
0.06897616499999998,-0.24189594500000006,0.07185101499999996,-0.24763542500000002,0.06761076499999996,-0.25703734500000003,0.054515515000000014,-0.25903212500000006,0.03938087499999998,-0.280085375,0.02950669499999997,-0.22247957500000004,-0.012181255000000002,-0.23206394500000005,0.040409415000000004,-0.13396623500000004,-0.021216365000000015,-0.12866937500000009,0.07686853499999996,-0.106882005,0.05800366499999998,-0.09849992500000004,0.012348174999999961,-0.0019908250000000294,-0.012348175000000017,0.0019908249999999184,0.003962894999999966,0.14909542499999995,0.0009104349999999872,0.17090657499999995,-0.007043575000000024,0.29819467499999996,0.007445994999999983,0.32537942499999994,0.010902720000000032,0.08851334,0.036459119999999956,0.027084230000000042,-0.009035110000000013,0.10339456999999996,0.07922003,0.030169450000000042,-0.008385279999999995,0.15108624999999998,-0.01100646999999999,0.14909925000000002,0.013258610000000004,0.16891575000000003,0.006535559999999996,0.15447285,-0.041687949999999974,-0.009584370000000009,-0.024696349999999978,0.003981649999999948,0.12314640269338765,0.12266936140270762
0.06945308,-0.24111669500000005,0.07205839000000003,-0.246697155,0.06809668000000002,-0.25613087500000004,0.05423589000000001,-0.25770183500000005,0.03931067999999999,-0.278792875,0.029852749999999983,-0.22107049500000003,-0.012376949999999998,-0.23085885500000003,0.04176168000000002,-0.133163975,-0.019245010000000007,-0.12859417500000003,0.07614822999999998,-0.10521787500000002,0.05697392000000001,-0.09657207499999998,0.012575429999999999,-0.00187737500000007,-0.012575429999999999,0.001877374999999959,0.004160930000000007,0.14997798499999992,0.0009143500000000082,0.171733825,-0.0075452799999999876,0.300566675,0.008009900000000014,0.327191825,0.01190893000000004,0.08790652000000004,0.03438654999999996,0.027946099999999974,-0.006868060000000009,0.10226468,0.07621893000000002,0.03202210000000005,-0.008414499999999991,0.15185536,-0.011706209999999995,0.15058869000000008,0.013489780000000007,0.16985645000000005,0.007095550000000006,0.15545799999999999,-0.04222969999999998,-0.009788359999999996,-0.025150859999999997,0.003754750000000029,0.1213291384626545,0.12053798691999543
0.07009839500000004,-0.24315100000000006,0.07224193500000003,-0.24855953000000008,0.06902223499999999,-0.25801932000000005,0.05352288500000002,-0.25883810000000007,0.040812634999999986,-0.27994500000000005,0.02894353500000002,-0.22179657000000008,-0.011348544999999988,-0.23248118000000007,0.039147765,-0.13228110000000004,-0.01917249500000001,-0.1289566000000001,0.07432513499999999,-0.10411310000000007,0.057138734999999996,-0.09573950000000009,0.012194865,-0.0014489000000000862,-0.012194865,0.0014488999999999752,0.005008065000000006,0.15237274999999995,0.0009987650000000126,0.1707173299999999,-0.00534332500000001,0.30438765999999995,0.00654166500000003,0.3272399599999999,0.01020422999999998,0.08951547000000004,0.035177369999999986,0.02816799999999997,-0.007823950000000024,0.10352457999999998,0.07631123000000001,0.0332171,-0.007186799999999993,0.15382165000000003,-0.010351390000000016,0.15201491,0.013193630000000012,0.16926842999999991,0.005542900000000017,0.15652263,-0.04029208000000001,-0.010684609999999983,-0.02438973,0.0028978000000000614,0.12000045171545354,0.11938481136023968
0.06994053999999994,-0.24310812999999998,0.07218528999999996,-0.24869829999999998,0.06878503999999996,-0.25799948,0.05367102999999995,-0.25915965,0.040696229999999944,-0.27986017,0.028643669999999954,-0.22206077000000002,-0.010921610000000026,-0.23168418000000002,0.03827043999999996,-0.13230915,-0.01832274000000006,-0.12674001000000001,0.07419511999999995,-0.10406431999999999,0.05926903999999994,-0.09457574999999996,0.011979009999999957,-0.0016473500000000474,-0.011979010000000012,0.0016473500000000474,0.005041659999999948,0.15273545,0.0010918899999999843,0.17141965000000003,-0.005199340000000052,0.30491524999999997,0.006538719999999942,0.32812125000000003,0.009626770000000007,0.08975162000000003,0.03592467999999999,0.02824483,-0.0074011300000000335,0.10494417,0.07759178,0.032164260000000056,-0.006937350000000009,0.15438280000000004,-0.010241,0.15217979999999998,0.013070899999999996,0.1697723,0.005446829999999958,0.1567016,-0.03956527999999998,-0.009623409999999999,-0.02395801999999997,0.0032947000000000948,0.119833551593504,0.11972956862200955
0.07002364000000005,-0.24393069500000003,0.07214688000000002,-0.24948068499999998,0.06884573000000005,-0.258795525,0.05334632000000006,-0.259523165,0.04040752000000003,-0.280175235,0.02852520000000003,-0.22210299500000003,-0.010917799999999978,-0.231316325,0.03912188000000005,-0.13352640500000001,-0.01629539999999996,-0.12610950499999996,0.07418887000000002,-0.10522056499999999,0.05960743000000007,-0.09081270500000005,0.01199724000000002,-0.0016334350000000164,-0.011997239999999965,0.0016334350000000164,0.004918680000000064,0.152623395,0.0008752200000000654,0.17125538500000004,-0.005045549999999954,0.30546783499999997,0.006739900000000021,0.328154775,0.010596680000000025,0.08857659000000001,0.035066989999999965,0.028305840000000027,-0.005377599999999982,0.10520682000000003,0.07590283000000003,0.035296799999999906,-0.007078559999999956,0.15425683,-0.009964230000000018,0.15284443999999997,0.01287246000000003,0.16962195000000002,0.0058646799999999555,0.15689938999999997,-0.039443000000000006,-0.009213329999999964,-0.023994479999999985,0.003266870000000033,0.12082256554010842,0.1169338170364267
0.07024821999999997,-0.24312504499999998,0.07207663999999997,-0.248517785,0.06922658999999998,-0.257820725,0.05276468000000001,-0.258668515,0.04075727000000001,-0.27927482499999995,0.028458709999999998,-0.221185325,-0.011002930000000022,-0.23094940499999994,0.039448680000000014,-0.13163364499999997,-0.016876100000000005,-0.12644914499999993,0.07432120999999997,-0.10111174499999998,0.05775669,-0.08738844499999998,0.01184404,-0.0016114149999999494,-0.01184404,0.0016114150000000604,0.004062589999999977,0.15290510499999999,0.0010227399999999665,0.17221705500000006,-0.006418289999999993,0.30562251500000004,0.00813258,0.32875495500000007,0.010989970000000016,0.08955168000000002,0.03487252999999996,0.03052189999999999,-0.005873169999999983,0.10450026000000001,0.07463279,0.03906069999999995,-0.007781450000000023,0.15451651999999994,-0.01048087999999997,0.15271741000000005,0.012866779999999967,0.17060564,0.007109840000000034,0.1565379,-0.03946164000000002,-0.009764079999999953,-0.02368808,0.00322283000000001,0.11748920138173466,0.112983346987742
0.07002889000000001,-0.24282199999999998,0.07183105000000006,-0.24811079999999996,0.06906949000000001,-0.25734024,0.05255051000000005,-0.2584382,0.04061412000000003,-0.27886505,0.02835015000000002,-0.22113711999999996,-0.011118649999999952,-0.2305703,0.03939437000000001,-0.13209729999999997,-0.017867189999999977,-0.1251122,0.07430493000000005,-0.09913004999999997,0.05603208000000004,-0.07822969999999996,0.011793270000000022,-0.0016861000000000237,-0.011793269999999967,0.0016861000000000237,0.0036543500000000284,0.15298520000000004,0.0006348700000000096,0.17283444000000003,-0.006549519999999975,0.30605669999999996,0.0076599500000000265,0.3285304,0.011044219999999993,0.08903981999999999,0.034910560000000035,0.032967250000000003,-0.006748540000000025,0.1054581,0.07389927000000002,0.04688250000000005,-0.008138919999999994,0.15467130000000007,-0.010203870000000004,0.15307149999999992,0.012428139999999976,0.17114834,0.007025080000000017,0.15569595999999997,-0.03946879999999997,-0.009433180000000041,-0.02358653999999999,0.0033722000000000474,0.11577146033266617,0.10481800032562394
0.07067329,-0.24288715,0.07225388000000005,-0.24823808000000003,0.06957794,-0.25739383,0.052754789999999996,-0.25826149,0.04117424000000003,-0.27840593,0.029877840000000044,-0.22033521,-0.010629759999999988,-0.23068885,0.041696460000000046,-0.12831541000000002,-0.01648392999999998,-0.12446955000000004,0.07504974000000003,-0.09524109000000003,0.056507680000000005,-0.07631825000000003,0.012162390000000023,-0.0014492499999999575,-0.012162389999999967,0.0014492499999999575,0.0034549799999999964,0.15305915000000003,0.0008548800000000023,0.17262612,-0.0068241399999999786,0.30546591,0.00843248000000002,0.32834641,0.011818620000000002,0.09201979999999998,0.033353279999999985,0.03307431999999999,-0.005854169999999992,0.10621929999999996,0.07299160999999998,0.04815130000000001,-0.008707410000000027,0.1545084,-0.010279119999999975,0.15240675999999997,0.01301726999999997,0.17117687000000004,0.007577600000000018,0.15572028999999998,-0.04050760000000003,-0.010353639999999997,-0.02432477999999999,0.002898499999999915,0.11292354953953633,0.10374662678880164
0.07167683999999996,-0.24296477500000002,0.07307468,-0.248071655,0.07117297,-0.257438275,0.052907270000000006,-0.257799575,0.04349554,-0.278499235,0.02931003999999998,-0.219998825,-0.009392360000000044,-0.230580915,0.04014044,-0.12859007499999997,-0.01700090000000004,-0.12337734499999997,0.07222234,-0.09610807499999996,0.05489033999999998,-0.070863915,0.011503889999999961,-0.001403225000000008,-0.011503890000000017,0.001403225000000008,0.0035070899999999905,0.15308662500000003,0.001687099999999997,0.17264052500000004,-0.005930020000000036,0.305219025,0.009753089999999964,0.327841865,0.010830400000000018,0.09140875000000004,0.0320819,0.03248200000000001,-0.007608539999999997,0.10720357000000003,0.07189124000000002,0.05251342999999997,-0.00799679999999997,0.15448985000000004,-0.009437110000000026,0.15213239999999995,0.013190990000000014,0.17123730000000004,0.008065989999999967,0.15520133999999997,-0.038702400000000026,-0.010582089999999988,-0.023007779999999978,0.002806450000000016,0.11249772790561147,0.09813629960963731
0.07253894999999999,-0.24491786999999998,0.07338412,-0.25035758999999996,0.07203862999999999,-0.25921791,0.05229434999999999,-0.26046943,0.044251030000000025,-0.27978944,0.027078309999999994,-0.22205673999999997,-0.008140760000000025,-0.23126827,0.035858730000000005,-0.12962516999999996,-0.019293689999999974,-0.12197627,0.07148514,-0.09537863000000002,0.05595256999999998,-0.06252426999999994,0.010332029999999992,-0.001830030000000038,-0.010332029999999992,0.001830030000000038,0.002997440000000018,0.15244246000000006,0.003003929999999988,0.17306226999999996,-0.004733229999999977,0.30501902999999997,0.008751940000000014,0.32689398999999997,0.008780420000000011,0.09243157000000002,0.03562641,0.034246539999999936,-0.01115292999999995,0.109292,0.07524625999999995,0.05945200000000006,-0.007334589999999974,0.1542724900000001,-0.007730669999999995,0.1525765699999999,0.01333595999999998,0.17123223999999992,0.005748010000000026,0.15383172,-0.03521907000000002,-0.009211530000000023,-0.020664059999999984,0.003660060000000076,0.1117633366745647,0.09238573550960122
0.07270924000000001,-0.24735745500000006,0.07312939000000002,-0.25277152500000005,0.07215911000000003,-0.261282145,0.05162540999999998,-0.26274790500000006,0.04447028000000003,-0.28110683500000005,0.02789303999999998,-0.22360400500000005,-0.007932989999999973,-0.23290717500000002,0.03689240999999999,-0.132318555,-0.021058589999999988,-0.12296680500000001,0.07279045,-0.09956830500000002,0.049409780000000014,-0.05132275500000005,0.010473549999999998,-0.0016528350000000191,-0.010473549999999998,0.0016528350000000191,0.0022996100000000075,0.15129459499999998,0.002047750000000015,0.17128519499999995,-0.005664589999999969,0.303246695,0.00812421000000002,0.32387269499999993,0.008999370000000007,0.09128545000000005,0.03589804000000002,0.03275024999999998,-0.013125600000000015,0.10994037000000001,0.07046837,0.07164404999999996,-0.00817393999999999,0.15294743,-0.007964199999999977,0.15195210000000003,0.012521300000000013,0.16963235999999993,0.006076460000000006,0.1525875,-0.03582602999999995,-0.009303169999999972,-0.020947099999999996,0.0033056700000000383,0.11606392760427721,0.07995265066110697
0.07239499999999999,-0.24890061999999996,0.07243329999999998,-0.25429419,0.07195258999999998,-0.26273858999999994,0.050489110000000004,-0.26375297,0.044796089999999955,-0.2818706899999999,0.027347469999999985,-0.22376008999999997,-0.007497430000000027,-0.23429738999999994,0.03576899,-0.1316961299999999,-0.02372669000000005,-0.12354734,0.07156966999999997,-0.09979262999999994,0.04118801,-0.04207363999999991,0.01027216999999997,-0.0012108399999999353,-0.010272170000000025,0.0012108400000000463,0.0034909899999999716,0.15170501000000003,0.0017619700000000016,0.16984067000000003,-0.003263380000000038,0.30468221000000006,0.0059104899999999905,0.32323358,0.008421520000000016,0.09206396000000006,0.035800679999999974,0.031903499999999974,-0.016229260000000023,0.11075004999999993,0.06491470000000005,0.0814737000000001,-0.006781179999999998,0.15291584999999996,-0.0067543700000000095,0.15297720000000004,0.012034140000000026,0.16862982999999998,0.004148519999999989,0.15339291,-0.03484490000000001,-0.010537299999999972,-0.020544339999999994,0.0024216799999999816,0.11608511026765707,0.0672435597994544
0.07328216500000001,-0.247357555,0.07306034499999997,-0.252642305,0.073171445,-0.261313625,0.050607185,-0.262030845,0.04625918499999998,-0.280719305,0.027247734999999995,-0.22128680499999998,-0.00645979499999999,-0.233676585,0.036056645,-0.12862150500000002,-0.02557871500000003,-0.122996455,0.07107914500000001,-0.09809720499999997,0.033936715000000006,-0.032013654999999974,0.009601815000000014,-0.0008282649999999947,-0.009601815000000014,0.0008282649999999947,0.002815084999999995,0.15262573499999998,0.003219644999999993,0.17030143500000006,-0.0033253149999999954,0.306232395,0.0077966250000000015,0.325059945,0.008808910000000003,0.09266529999999995,0.03502250000000001,0.03052430000000006,-0.01911892000000004,0.11068012999999999,0.059515430000000036,0.09098280000000003,-0.006786730000000019,0.15345399999999998,-0.00614039999999999,0.15360666,0.012821460000000007,0.16947317000000006,0.004576980000000008,0.15475850999999996,-0.033707529999999986,-0.012389780000000017,-0.019203630000000027,0.0016565299999999894,0.11506827882893049,0.05453618343675417
0.07405980000000001,-0.24789416499999994,0.07352007999999999,-0.25324770499999993,0.07419378999999998,-0.26180315499999995,0.05039619000000001,-0.2618036549999999,0.048157669999999986,-0.28011444499999993,0.027124680000000012,-0.22008220499999992,-0.0040864199999999795,-0.23199880499999992,0.035227850000000005,-0.12558680499999997,-0.022626919999999995,-0.11840680499999989,0.07111470000000003,-0.09513600499999997,0.031225749999999997,-0.024382304999999938,0.00886113999999999,-0.0006667349999999184,-0.00886113999999999,0.0006667350000000294,0.0035820699999999928,0.1537269950000001,0.003730789999999984,0.1703808950000001,-0.0023337199999999836,0.3072131950000001,0.008449089999999992,0.326409755,0.008103169999999993,0.09449539999999995,0.035886850000000026,0.0304508,-0.018540500000000015,0.11359200000000003,0.05385266999999999,0.09402449999999996,-0.005279069999999997,0.15439373,-0.005915789999999976,0.15348620000000002,0.012591929999999973,0.16971416000000006,0.004718300000000009,0.15602885999999994,-0.03121109999999999,-0.0119166,-0.01772227999999998,0.0013334699999999478,0.1131368583044735,0.047269579591886546
0.07329996999999999,-0.25102577,0.07221294,-0.25662164,0.07311880999999998,-0.26460404,0.04805554000000001,-0.26500259,0.04643482999999998,-0.28145107,0.02593265,-0.22325001,-0.005714830000000004,-0.23213927,0.03515196999999998,-0.12994647000000004,-0.02891406000000002,-0.11715496999999997,0.06983209000000001,-0.09824016999999996,0.016097199999999978,-0.011404999999999998,0.008580470000000007,-0.0014054300000000408,-0.008580470000000007,0.0014054300000000408,-5.0980000000033776e-05,0.15115652999999996,0.00450600000000001,0.17188563,-0.006150229999999979,0.30437927,0.009223109999999979,0.32522883,0.009219319999999975,0.09330353999999996,0.034680120000000036,0.031706300000000076,-0.023199230000000015,0.11498430000000004,0.04501126,0.10574996999999997,-0.00863145000000004,0.15256196,-0.006099249999999945,0.15322274000000002,0.013086470000000017,0.17048019999999997,0.004717109999999969,0.1533432,-0.031647480000000006,-0.00888926000000001,-0.017160940000000013,0.0028108600000000816,0.1145806607743732,0.027804577202572248
0.072075885,-0.25315418999999995,0.070605105,-0.25880579,0.07208672499999996,-0.26664543999999996,0.04558736499999999,-0.26775909,0.045684314999999975,-0.28355199999999997,0.02239791499999999,-0.22671434999999995,-0.005554035000000013,-0.23327568999999998,0.03200004499999998,-0.13362688,-0.032752835000000036,-0.11698821999999998,0.068804965,-0.09858871999999996,0.007410324999999995,-0.011121579999999964,0.007141165000000005,-0.0018811199999999584,-0.007141165000000005,0.0018811200000000694,-0.002397795000000036,0.14954858000000004,0.004960664999999975,0.17177182000000002,-0.00642820500000002,0.3017347800000001,0.007579394999999989,0.32395328,0.009602129999999987,0.09308746999999995,0.03680492000000002,0.03503816000000004,-0.027198800000000023,0.11628747,0.04016316000000003,0.10586664000000001,-0.00953896000000004,0.1514297,-0.004030409999999984,0.15218620000000005,0.01210182999999998,0.16989069999999995,0.0026187300000000135,0.15218146,-0.027951950000000003,-0.006561340000000027,-0.01428233000000001,0.003762240000000028,0.11469430730511432,0.019514509179328617
0.07313267499999998,-0.25326668999999996,0.07135697499999999,-0.25914936999999993,0.072680635,-0.26669638999999995,0.046087345,-0.26762806999999994,0.044987995,-0.28254030999999996,0.023491075000000028,-0.22501284999999993,-0.006661664999999983,-0.2311406099999999,0.032995895,-0.13367058999999992,-0.03504465499999998,-0.1182658499999999,0.06974713500000002,-0.09487404999999993,0.004300314999999999,-0.012459449999999928,0.007736544999999984,-0.002121349999999911,-0.007736544999999984,0.002121350000000022,-0.0016452550000000121,0.14809495000000006,0.004624204999999992,0.17143165000000005,-0.007218885000000008,0.2997243500000001,0.007680104999999993,0.3242316500000001,0.00950481999999997,0.09134226000000001,0.03675124000000002,0.03879653999999999,-0.028382989999999997,0.11287476000000002,0.03934496999999998,0.10580639999999997,-0.009381799999999996,0.15021629999999997,-0.005573629999999996,0.15162940000000003,0.012360749999999976,0.16931030000000002,0.0030559000000000003,0.15280000000000005,-0.03015274000000001,-0.006127759999999982,-0.015473089999999967,0.004242699999999933,0.11157229328752774,0.018907292965932434
0.07470377,-0.253194925,0.07306309,-0.25886825500000005,0.07423220000000003,-0.26655072500000004,0.04810765,-0.266025255,0.047384570000000015,-0.28139823500000005,0.026935199999999992,-0.22241405500000005,-0.005228630000000012,-0.23173818500000004,0.03558805000000004,-0.13126805500000005,-0.03502659999999996,-0.12288659499999999,0.07216607000000003,-0.09266442500000005,0.0014495700000000111,-0.01407921500000009,0.008407280000000017,-0.0014106050000000092,-0.008407280000000017,0.0014106050000000092,0.00020724999999999216,0.14914504499999992,0.0063180500000000195,0.17031729499999992,-0.0063168299999999955,0.299732545,0.009284420000000015,0.32547894499999996,0.008652850000000045,0.091146,0.03657801999999999,0.03860363,-0.02979796999999995,0.10885159000000005,0.036476169999999974,0.1088073799999999,-0.008200030000000025,0.15055564999999993,-0.006524079999999988,0.1505875000000001,0.014725330000000036,0.16890668999999991,0.002966369999999996,0.15516165000000004,-0.032163830000000004,-0.009324129999999986,-0.016814560000000034,0.0028212100000000184,0.11132135000464424,0.018360065782967762
0.07465286000000004,-0.25061352,0.07373113000000003,-0.25594279999999997,0.07436783000000002,-0.26411275,0.04990963000000004,-0.26275365,0.048090960000000016,-0.27965097,0.02880499000000003,-0.2195719,-0.005623639999999985,-0.23096194999999997,0.036887,-0.12922445000000005,-0.03639610999999998,-0.12313085000000001,0.07239640000000003,-0.09065235000000005,-0.001085159999999974,-0.013168749999999951,0.009065340000000033,-0.0009574500000000263,-0.009065339999999977,0.0009574500000000263,0.0013247800000000254,0.15091095,0.006780330000000001,0.17045875,-0.00633123999999996,0.30216851,0.010135210000000006,0.32755935,0.008082009999999973,0.09034744999999994,0.035509400000000024,0.0385721,-0.030772469999999996,0.10783109999999996,0.03531095000000001,0.10996210000000006,-0.0077405600000000074,0.15186840000000001,-0.007656019999999986,0.15125756,0.01584566999999998,0.16950129999999997,0.0033548800000000045,0.15710060000000003,-0.034428630000000016,-0.011390049999999985,-0.01813068000000001,0.0019149000000000527,0.109799809866564,0.0162244506616526
0.07443198999999995,-0.25163146999999997,0.07308387,-0.2573294,0.07384247,-0.26494713999999997,0.048818769999999956,-0.26441570999999997,0.047172369999999963,-0.27981373,0.02807441999999999,-0.22039370999999996,-0.00612625,-0.23095337,0.03557747,-0.13010739999999998,-0.040129000000000026,-0.12534177000000002,0.07189488999999999,-0.09091046999999997,-0.005097510000000027,-0.016106269999999978,0.00887804999999997,-0.001219630000000027,-0.008878050000000026,0.001219630000000027,0.00028517000000000126,0.14917915999999998,0.006099519999999969,0.16963387000000008,-0.006801430000000053,0.30056643000000005,0.009105209999999975,0.32586463,0.007503050000000011,0.09028630999999998,0.03631741999999999,0.03919693000000002,-0.034002750000000026,0.10561159999999997,0.03503149,0.10923550000000004,-0.00859287999999997,0.15039879,-0.007086600000000054,0.15138727000000007,0.014977569999999996,0.16841424000000005,0.0030056900000000053,0.1562307599999999,-0.03420066999999999,-0.010559660000000026,-0.017756099999999997,0.002439260000000054,0.10961555046384244,0.017733564038331387
0.07524943500000003,-0.25280047,0.07348347500000002,-0.25860407999999996,0.074592575,-0.26605255,0.04858673500000005,-0.26565057,0.04810197500000002,-0.28039782999999996,0.028510405000000016,-0.22163853,-0.005348844999999991,-0.23220775,0.035783515000000043,-0.13258715,-0.040984914999999955,-0.12907334999999998,0.07225353500000004,-0.09071954999999998,-0.004046665000000005,-0.018676909999999936,0.008758464999999993,-0.0012457099999999555,-0.008758464999999993,0.0012457100000000665,-0.00023256499999996239,0.14836295,0.006359704999999993,0.16865344999999998,-0.006397384999999978,0.29883655,0.009024605000000019,0.32529395000000005,0.007273110000000027,0.08905138000000001,0.03647001999999999,0.041867600000000005,-0.035636069999999964,0.10313440000000001,0.03693824999999995,0.11039644000000004,-0.008991029999999955,0.14960865999999995,-0.006164820000000015,0.15047359999999999,0.015118169999999986,0.16740773999999992,0.0026649000000000256,0.15664050000000007,-0.03385925000000001,-0.01056921999999999,-0.017516929999999986,0.002491420000000022,0.10971413746026766,0.02047222134758219
0.07541396,-0.25524279999999994,0.07336186,-0.26119901999999995,0.07466747000000001,-0.2685004,0.04798340000000001,-0.2675854,0.04833515000000005,-0.28192101999999997,0.02870600000000001,-0.22217969999999998,-0.005352629999999969,-0.23385743999999997,0.03454911000000005,-0.1329849999999999,-0.04196742999999997,-0.13356552999999993,0.07079085000000002,-0.09227979999999991,-0.005541749999999956,-0.023446499999999926,0.008886830000000012,-0.0009964000000000084,-0.008886829999999957,0.0009964000000000084,-0.00042836999999995573,0.14859254,0.0055033300000000285,0.16795210000000005,-0.007062469999999987,0.29860563000000007,0.008654760000000039,0.3244929000000001,0.00584311000000004,0.08919470000000007,0.03624173999999997,0.0407052,-0.0366148,0.10029191000000004,0.036425680000000016,0.11011903,-0.009315199999999968,0.14958894,-0.006634100000000032,0.15001309000000007,0.014390159999999985,0.16695570000000004,0.0031514300000000106,0.15654080000000004,-0.03405862999999998,-0.011677739999999992,-0.01777365999999997,0.0019928000000000168,0.11029400168513419,0.0246707300381727
0.07534792499999998,-0.25214123,0.07352143499999997,-0.25817581,0.07458683500000002,-0.26550884999999996,0.048729354999999974,-0.26509783,0.048560084999999975,-0.27962224999999996,0.029393555000000016,-0.22013285,-0.004914285000000018,-0.23278950999999998,0.03508397499999999,-0.13040483000000003,-0.04308614500000002,-0.13411589000000002,0.07069003499999998,-0.08939786999999999,-0.006648725000000022,-0.02470209000000001,0.008939205000000006,-0.0008461699999999794,-0.008939205000000006,0.0008461699999999794,-0.0003450249999999988,0.14878097,0.005119325000000008,0.16840717000000005,-0.006177005000000013,0.29966177000000005,0.007778524999999981,0.32645177000000003,0.005690419999999974,0.08972801999999996,0.035606059999999995,0.04100696000000004,-0.03817186,0.09867361999999996,0.03643742,0.1094138,-0.009284230000000004,0.14962714,-0.005831980000000014,0.15088080000000004,0.014058530000000014,0.16756100000000007,0.0026591999999999727,0.15804459999999998,-0.034307840000000034,-0.012656659999999986,-0.01787841000000001,0.0016923399999999589,0.10795632718177707,0.025650728793895884
0.07549609499999999,-0.25058366499999996,0.07382287500000001,-0.25653936499999996,0.074690005,-0.26394574499999995,0.04933105500000001,-0.262648505,0.04883008500000002,-0.27752326499999996,0.03088938499999999,-0.21741940499999995,-0.0053877950000000285,-0.231381165,0.03580762500000001,-0.12880723500000002,-0.04389355500000003,-0.13609726499999997,0.07027440499999998,-0.08821444499999997,-0.007553644999999998,-0.03240572499999994,0.009647324999999984,-0.0004808149999999678,-0.009647324999999984,0.0004808149999999678,0.0002979550000000164,0.15075255500000007,0.004165725000000009,0.16830611500000003,-0.005638815000000019,0.301827015,0.007786795000000013,0.327791815,0.004918240000000018,0.08861216999999993,0.034466779999999975,0.040592790000000045,-0.03850576,0.09528390000000003,0.03633991000000003,0.10369154000000003,-0.009349369999999968,0.15123337000000003,-0.005936770000000036,0.1510744599999999,0.013813049999999993,0.16782530000000007,0.003621070000000004,0.15948569999999995,-0.03627718000000002,-0.013961760000000045,-0.01929464999999997,0.0009616299999999356,0.10664348391863097,0.03295311835189492
0.07461514500000005,-0.25162264999999995,0.07277826500000001,-0.25750986,0.07405357500000004,-0.26500288,0.047995905000000005,-0.26380971999999997,0.048771125000000026,-0.27895156,0.030085995000000032,-0.21866357999999997,-0.005850654999999982,-0.23345035999999997,0.035394245000000046,-0.1295767,-0.04455627499999998,-0.13965306,0.06966547500000003,-0.08929456000000002,-0.007369954999999984,-0.03618480000000002,0.009603605000000015,-0.00043850000000000833,-0.00960360499999996,0.00043850000000000833,0.0009113450000000078,0.15046690000000007,0.0038133450000000235,0.16889214000000008,-0.005908774999999977,0.3010899,0.006679165000000042,0.32719135,0.005308250000000014,0.08908687999999998,0.034271229999999986,0.040282139999999966,-0.038705619999999996,0.09379729999999997,0.037186319999999995,0.10346825999999998,-0.008692260000000007,0.15090540000000008,-0.006820119999999985,0.15062299999999995,0.013416949999999983,0.16845364000000007,0.002865820000000019,0.1582992099999999,-0.035936650000000014,-0.01478678,-0.019207209999999975,0.0008770000000000167,0.10725123601441852,0.03669135177684929
0.07492900000000002,-0.25053971999999997,0.07310891000000003,-0.25651564,0.07436413000000003,-0.2638392,0.04823742000000003,-0.26268456999999995,0.04932508000000002,-0.27748142,0.030347250000000048,-0.21762056999999996,-0.005496829999999953,-0.23220991999999996,0.03485265000000004,-0.12885276999999995,-0.04501076999999998,-0.13985584999999995,0.06958309000000001,-0.08821981999999995,-0.0073839099999999935,-0.038455049999999935,0.009495200000000037,-0.0004931200000000135,-0.009495199999999981,0.0004931200000000135,0.0005309300000000405,0.15132388000000008,0.0041785900000000376,0.16962297999999998,-0.006644649999999974,0.30264081,0.007895650000000032,0.3280134800000001,0.004505399999999993,0.08876780000000001,0.034730439999999974,0.04063295,-0.039513940000000025,0.09235407000000001,0.037626859999999984,0.10140080000000001,-0.008964269999999996,0.1518170000000001,-0.007175580000000015,0.1513169299999999,0.013673790000000019,0.16912985999999997,0.0037170599999999943,0.1583905000000001,-0.03584408,-0.014589350000000001,-0.01899040000000002,0.000986240000000027,0.10633216078657523,0.03900535209189882
0.07531583000000003,-0.251583485,0.07327321000000003,-0.257683785,0.07452953000000001,-0.265011365,0.04820561000000001,-0.26372128499999997,0.04899424000000002,-0.278304665,0.03057989,-0.21728102500000002,-0.005060729999999958,-0.232430925,0.03527391000000002,-0.12762096499999998,-0.044269809999999965,-0.140684665,0.06946582000000001,-0.08776062500000004,-0.007542489999999957,-0.03962316499999996,0.009336470000000041,-0.0003866249999999738,-0.009336469999999986,0.0003866249999999738,-0.0009908399999999928,0.151594475,0.0040838699999999895,0.17022807500000003,-0.008629259999999972,0.302606315,0.007458810000000038,0.330170375,0.004694020000000021,0.08966006000000004,0.03419190999999999,0.03986033999999994,-0.03920908000000001,0.09174626000000002,0.03672732000000001,0.10106150000000003,-0.010327310000000034,0.15198109999999998,-0.007638419999999979,0.15101184,0.013420339999999975,0.16984145000000006,0.0033749400000000485,0.15994229999999998,-0.035640619999999956,-0.015149899999999994,-0.018672940000000027,0.0007732499999999476,0.10606486037996989,0.04004998951416211
0.07486138999999997,-0.25276616499999993,0.07271147999999994,-0.25890839499999996,0.07409716999999993,-0.26626966499999993,0.04743694999999998,-0.2649719649999999,0.04854884999999998,-0.27962663499999996,0.029901129999999942,-0.21800878499999993,-0.004913620000000063,-0.23375180499999992,0.03528840999999994,-0.12799850499999998,-0.042853220000000025,-0.14365780499999992,0.06926964999999996,-0.08872100499999991,-0.00852411000000003,-0.044285624999999884,0.009153619999999973,-0.00015309499999993648,-0.009153620000000029,0.0001530950000000475,-0.0013532200000000438,0.15130643500000007,0.003107769999999954,0.16916523500000002,-0.008678930000000029,0.30194543500000004,0.00691819999999993,0.3275013350000001,0.005387279999999994,0.09001027999999994,0.033981240000000024,0.039277500000000076,-0.03793959999999996,0.09009400000000001,0.034329109999999996,0.09937218000000003,-0.010506840000000017,0.15145953,-0.007325709999999985,0.15063899999999997,0.012261389999999983,0.16901213999999998,0.0038104299999999758,0.1583361000000001,-0.034814750000000005,-0.015743019999999996,-0.018307240000000002,0.000306189999999984,0.10704303688110214,0.04444317853257678
0.07458222000000003,-0.25225323,0.07278215999999998,-0.25819766,0.07410944000000003,-0.26580788,0.04785930999999999,-0.26429242,0.04909617999999999,-0.27973342,0.030057429999999996,-0.2181808,-0.004949449999999966,-0.23367225999999996,0.03585035000000003,-0.12718531,-0.04150029999999999,-0.14073892999999998,0.06941426,-0.08792254,-0.007058889999999984,-0.041836380000000006,0.009226440000000002,-0.00019177999999997475,-0.009226440000000002,0.00019177999999997475,-0.00103375,0.15120396000000003,0.003271220000000019,0.16940321999999997,-0.008786419999999961,0.30166351999999996,0.007891719999999991,0.32707998000000005,0.005792920000000035,0.09099549000000001,0.033563909999999975,0.03926277,-0.036550850000000024,0.09293332999999998,0.034441410000000006,0.09890254999999998,-0.010260190000000002,0.15139574,-0.0077526699999999615,0.15045955999999994,0.012497660000000022,0.16921144,0.004620499999999972,0.15767676000000008,-0.03500687999999996,-0.015491459999999957,-0.018452880000000005,0.0003835599999999495,0.10639201063298881,0.04208401722730493
0.07452991999999997,-0.25155605000000003,0.07284512999999998,-0.25734742,0.07415538999999999,-0.26508180000000003,0.04799140000000002,-0.26368077,0.04917914000000001,-0.2794123,0.029760259999999983,-0.21870045,-0.004513340000000032,-0.23391742999999998,0.035737189999999974,-0.12706916000000001,-0.039590120000000006,-0.13975179999999998,0.06944765999999997,-0.08767429999999998,-0.008695339999999996,-0.03971990000000003,0.009134409999999982,-0.0001790999999999876,-0.009134409999999982,0.0001790999999999876,-0.00041024000000000616,0.15128229999999998,0.003264099999999992,0.17001946,-0.008008810000000033,0.30229209999999995,0.007667990000000013,0.32781006999999995,0.005976929999999991,0.09163128999999998,0.03371046999999999,0.03939486000000003,-0.035076779999999974,0.09416563,0.03089478000000001,0.10003189999999995,-0.009544649999999988,0.15146139999999997,-0.007598570000000027,0.15100979999999997,0.012398509999999974,0.16984036000000002,0.004403890000000021,0.15779060999999994,-0.034273600000000015,-0.015216979999999991,-0.018268819999999963,0.0003581999999999752,0.10626898959057858,0.03990141580777431
0.07445025999999999,-0.2510716049999999,0.07294719,-0.25664970499999995,0.07440568000000003,-0.2645426349999999,0.04816170000000003,-0.26323233499999993,0.050108120000000034,-0.27946421499999996,0.029269619999999996,-0.21954685499999993,-0.0033335599999999577,-0.23469826499999996,0.03514252000000001,-0.12863733499999996,-0.03706973999999996,-0.14026413499999996,0.06939141000000004,-0.08758303499999998,-0.00905223999999999,-0.03660813499999993,0.00865446000000003,-0.0001001649999999854,-0.008654459999999975,0.00010016500000009643,-0.00027943999999996416,0.15107396500000003,0.003769140000000004,0.16988590500000011,-0.007645919999999973,0.301674635,0.008392520000000014,0.3271653350000001,0.005872900000000014,0.09090951999999997,0.03424889000000003,0.04105429999999999,-0.033736180000000004,0.09443413,0.028017499999999973,0.10365600000000003,-0.008933899999999995,0.15117413000000002,-0.007366480000000009,0.15060067,0.012423599999999979,0.16978574000000002,0.00462338000000001,0.15727943,-0.032603179999999954,-0.015151410000000032,-0.017308920000000005,0.00020033000000008183,0.10649990440718433,0.03671045515678609
0.07351704000000003,-0.253722815,0.07172253,-0.259290485,0.07360169,-0.267138685,0.046219730000000014,-0.265693845,0.04928699000000003,-0.281623245,0.02767195,-0.222144925,-0.0042645699999999676,-0.23538457499999998,0.03399717000000002,-0.13115844499999996,-0.03710947999999997,-0.138177895,0.06853519000000002,-0.09015220499999999,-0.011231729999999995,-0.03535258500000005,0.008473530000000007,-0.0004256950000000037,-0.008473529999999951,0.0004256950000000037,-0.0009591399999999695,0.14959255500000002,0.0024666899999999936,0.169255355,-0.008826609999999957,0.29941595499999996,0.007687440000000045,0.32509325499999997,0.00632522000000002,0.09098648000000004,0.03453802,0.04100623999999997,-0.032844910000000005,0.09720667999999999,0.025877749999999977,0.10282530999999995,-0.009432669999999976,0.15001825000000002,-0.007867469999999988,0.14982339999999994,0.010940219999999945,0.16882966,0.005220750000000052,0.15583789999999997,-0.03193651999999997,-0.013239649999999992,-0.01694705999999996,0.0008513900000000074,0.10797337448989773,0.03588443934351495
0.07407041999999997,-0.2529030400000001,0.07229668,-0.25832229000000007,0.07432348,-0.2663715900000001,0.04685834,-0.26445371000000006,0.05032512,-0.2809748600000001,0.02850526999999997,-0.2206576400000001,-0.0033291800000000427,-0.2353404400000001,0.03597995999999998,-0.12972682000000013,-0.035403340000000005,-0.13891404000000007,0.06978825,-0.08863429000000012,-0.010021380000000024,-0.033201990000000126,0.008412059999999999,-6.795000000003881e-05,-0.008412059999999999,6.794999999992779e-05,-0.0007375800000000154,0.15032210999999995,0.003432820000000003,0.16894465999999986,-0.007960500000000037,0.3001541499999999,0.008497900000000003,0.32563140999999995,0.007474690000000006,0.09093081999999997,0.03380829000000002,0.041092530000000016,-0.03207415999999996,0.09642640000000002,0.02538195999999998,0.10571204999999995,-0.009149640000000014,0.15039006,-0.0072229200000000215,0.14983203999999994,0.011844880000000002,0.16887670999999993,0.00506508,0.1566867500000001,-0.031834450000000014,-0.014682799999999996,-0.016824119999999998,0.0001358999999999666,0.1077545046850094,0.03330883994476547
0.07543658500000006,-0.2537677000000001,0.07349766500000005,-0.2593857000000001,0.07536446500000005,-0.26722518000000006,0.04786562500000002,-0.2652826000000001,0.05083151500000005,-0.2811084000000001,0.029338885000000037,-0.22087030000000007,-0.002300034999999978,-0.2353955000000001,0.03641404500000006,-0.12956315000000007,-0.03446053499999996,-0.1388058700000001,0.07067002500000003,-0.08938760000000012,-0.008860954999999948,-0.03210910000000011,0.008402865000000037,-8.017000000004604e-05,-0.008402864999999982,8.016999999993502e-05,-0.0006705949999999405,0.1508968999999999,0.00427543500000005,0.1693924699999999,-0.006433914999999957,0.2998158999999999,0.009243395000000043,0.3260732299999999,0.007075160000000025,0.09130715,0.034255979999999964,0.04017554999999995,-0.03216049999999998,0.09658962999999998,0.02559958000000001,0.10669677,-0.009073459999999978,0.15097706999999994,-0.005763320000000016,0.14891900000000002,0.012678300000000031,0.16931229999999997,0.0049679599999999935,0.15668075999999997,-0.031638920000000015,-0.014525200000000016,-0.01680573000000002,0.00016033999999998105,0.1088715585801476,0.032192529406385624
0.07585103999999998,-0.2527826849999999,0.07429550999999995,-0.2582424749999999,0.07578210999999996,-0.26633714499999994,0.04930056999999999,-0.2635249249999999,0.05147604999999994,-0.28007508499999995,0.031110839999999973,-0.21899402499999993,-0.0022594500000000517,-0.23432412499999994,0.038161909999999966,-0.12842142499999987,-0.03355102000000004,-0.1376818549999999,0.07129566999999998,-0.08806775499999997,-0.007171910000000059,-0.031248374999999884,0.009004189999999967,0.00016747500000002802,-0.009004190000000023,-0.000167474999999917,0.000246569999999946,0.15199387500000006,0.0043014499999999845,0.1691880750000001,-0.005793550000000036,0.30066330500000005,0.010012549999999953,0.3271094750000001,0.007051069999999993,0.09057260000000006,0.03313376000000001,0.0403536699999999,-0.03129156999999999,0.09664227000000003,0.026379109999999983,0.10643348000000002,-0.008757620000000021,0.15182640000000003,-0.006040119999999982,0.14866943,0.013305640000000007,0.16935555000000002,0.005711099999999969,0.1579214,-0.033370290000000025,-0.015330100000000013,-0.01800837999999999,-0.000334949999999945,0.10800779737474188,0.031134861406603334
0.07696729499999999,-0.25315455000000003,0.075371405,-0.25849602000000005,0.07695319499999997,-0.26669555000000006,0.050155214999999975,-0.26327092,0.052466595000000005,-0.27997305000000006,0.03169876499999996,-0.21880517000000005,-0.0017575650000000165,-0.23306865000000004,0.039258974999999974,-0.12910861000000007,-0.03206995500000004,-0.13451308,0.07221122499999999,-0.08755115000000002,-0.006280635000000034,-0.02974644999999998,0.009104634999999972,1.9549999999979306e-05,-0.009104635000000028,-1.9549999999979306e-05,0.002440024999999957,0.15242935000000002,0.005748764999999989,0.16923069999999996,-0.004253235000000022,0.30175105,0.010524144999999985,0.32881110999999996,0.007560210000000012,0.08969655999999998,0.032952250000000016,0.041557460000000046,-0.030312390000000022,0.09855557000000004,0.025789320000000004,0.10476663000000003,-0.006664610000000015,0.15240980000000004,-0.006693259999999979,0.1493217,0.014853400000000017,0.16925024999999994,0.004775379999999996,0.15958041,-0.03345632999999998,-0.014263479999999995,-0.01820927,-3.909999999995861e-05,0.10794011858395423,0.029860736086205243
0.079011985,-0.25405114999999995,0.07719193500000004,-0.2597741499999999,0.07857282500000001,-0.2675383699999999,0.05170761500000004,-0.26446797999999994,0.053421085000000035,-0.27984669999999995,0.032640535000000026,-0.21945142999999995,-1.595499999995642e-05,-0.23206504999999994,0.039548565000000035,-0.13076483999999988,-0.030644754999999968,-0.1327394999999999,0.072812245,-0.08895029999999993,-0.005355814999999986,-0.027242539999999926,0.009008635000000043,-0.00018599999999990846,-0.009008634999999987,0.00018600000000001948,0.004488245000000002,0.15205980000000008,0.007193885000000011,0.16826445000000012,-0.0010901849999999658,0.3014979400000001,0.01058904500000002,0.3275975000000001,0.0069080300000000094,0.08868659000000007,0.03326367999999996,0.041814539999999956,-0.03062880000000001,0.09932555000000004,0.025288939999999982,0.10549695999999997,-0.004520390000000041,0.1522458,-0.005578429999999968,0.14943814,0.016202519999999998,0.1680784500000001,0.003395160000000008,0.15933304999999998,-0.03265648999999998,-0.012613619999999992,-0.01801727000000003,0.00037199999999992794,0.10931606287971635,0.027670704734140707
0.07851892500000002,-0.25456657499999996,0.076725865,-0.260302485,0.07805695499999998,-0.267980615,0.05134504499999998,-0.265247615,0.05297296499999998,-0.280401215,0.03264539500000002,-0.22081561499999997,-0.0003637750000000106,-0.23266451499999996,0.03982004499999997,-0.132176815,-0.030877674999999993,-0.13270111499999993,0.072658055,-0.08832071499999994,-0.005529575000000009,-0.026903774999999963,0.009136374999999974,-0.0003282150000000206,-0.00913637500000003,0.0003282150000000206,0.0038878250000000114,0.15197368499999997,0.006628654999999983,0.16880108500000002,-0.0015329150000000236,0.300859585,0.009832255000000012,0.32774428499999997,0.007174649999999949,0.08863879999999996,0.03283801000000003,0.043856100000000064,-0.030513899999999983,0.09996340000000004,0.025348099999999985,0.10579733999999996,-0.005248549999999963,0.1523019,-0.005420740000000035,0.14888590000000002,0.015765030000000013,0.16847287,0.0032036000000000286,0.15894319999999995,-0.03300917000000003,-0.011848899999999996,-0.018272750000000004,0.0006564300000000411,0.10852503806160305,0.02746980679946802
0.07862912,-0.25460999,0.07658151999999996,-0.26080538999999997,0.07797704999999999,-0.26811661,0.05108157999999996,-0.26612582,0.0528884,-0.28047271,0.03293014999999999,-0.22070308,0.00015745999999999816,-0.23277385,0.04062701999999996,-0.12995769999999995,-0.029376800000000036,-0.13185784999999994,0.07369019999999998,-0.08654054999999994,-0.0016685300000000014,-0.026445880000000033,0.00918559999999996,-0.00010814999999997355,-0.009185600000000016,0.00010814999999997355,0.004897600000000002,0.15514652000000007,0.006533669999999991,0.16973029000000006,0.00037369999999997683,0.30684395,0.009751799999999977,0.32954364999999997,0.007696869999999967,0.09074538000000004,0.033063180000000025,0.043417150000000015,-0.029534260000000034,0.10091600000000006,0.027708270000000035,0.10541196999999991,-0.0042879999999999585,0.15525467000000004,-0.004523900000000025,0.1516974299999999,0.015719270000000007,0.1696221400000001,0.0032181299999999857,0.1598133599999999,-0.03277268999999999,-0.012070770000000008,-0.018371199999999976,0.0002162999999999471,0.10784898326326492,0.027597515298044505
0.07850301500000006,-0.25394335000000007,0.07661545500000005,-0.25995987000000004,0.07786729500000006,-0.26752558000000004,0.05140620500000004,-0.2649088700000001,0.05284387500000004,-0.2799359800000001,0.03379875500000007,-0.21927955000000005,-0.00046872499999994766,-0.23267176000000006,0.041238575000000055,-0.1286176200000001,-0.029285824999999932,-0.13206452000000002,0.07376187500000003,-0.08610936000000002,-0.00028044499999996253,-0.025201620000000036,0.009680575000000025,0.00015971999999997433,-0.009680574999999969,-0.00015972000000008535,0.005077425000000024,0.15619191999999993,0.0062021550000000425,0.1698348799999999,-0.00030464499999993677,0.3071791799999999,0.010333005000000062,0.3298657799999999,0.007439819999999986,0.09066192999999995,0.03252329999999998,0.042508260000000075,-0.028817099999999984,0.10060724000000004,0.02900537999999997,0.10686289999999998,-0.00460315,0.15603219999999995,-0.005382069999999961,0.15098725999999996,0.01588273000000001,0.1699946,0.004130850000000019,0.16003089999999998,-0.03426748000000002,-0.013392210000000015,-0.019361149999999994,-0.0003194400000000597,0.10746519052110037,0.026748069082214096
0.07888222499999997,-0.251985525,0.07690082499999995,-0.25806985499999996,0.078074545,-0.26545017499999995,0.05170372499999998,-0.263476375,0.05267662499999998,-0.277992735,0.03370729499999997,-0.21871267499999997,0.00035162499999996655,-0.23167517499999996,0.04142970499999998,-0.12880127499999994,-0.027717855000000013,-0.13187927499999996,0.07403239499999997,-0.08560011499999998,0.0016265849999999582,-0.024227475,0.00942665499999995,0.00010512500000003921,-0.009426655000000006,-0.00010512499999992819,0.004585024999999965,0.15661408500000007,0.006925044999999963,0.17040618500000004,0.0006872749999999872,0.30776896500000006,0.010470364999999981,0.33057522500000003,0.007722410000000013,0.08991140000000003,0.03260268999999999,0.04320115999999996,-0.02806947999999998,0.09979589999999999,0.02934443999999997,0.10765179999999996,-0.004841629999999986,0.15650896000000003,-0.0038977499999999776,0.15115488,0.01635169999999997,0.17051130999999997,0.0035453200000000185,0.16016903999999998,-0.033355670000000004,-0.012962499999999988,-0.018853309999999956,-0.0002102499999999674,0.1073279544406079,0.02653416446809853
0.07910990499999998,-0.25227799999999995,0.07695891500000002,-0.25826408999999995,0.07844687499999997,-0.26579656999999995,0.05137785499999997,-0.2635857199999999,0.052986645,-0.27843042999999995,0.03296797499999998,-0.21879568999999993,0.0006918249999999793,-0.23210706999999992,0.04133080499999997,-0.12900024999999993,-0.027146074999999992,-0.13250126999999995,0.07409232500000001,-0.08511441999999991,0.003313714999999995,-0.02575688999999992,0.00911477500000002,0.0002607500000000318,-0.00911477500000002,-0.00026074999999992077,0.0042174749999999706,0.15778005000000006,0.006815934999999995,0.1702858800000001,0.0016316450000000149,0.3096967500000001,0.009595144999999972,0.33097365,0.008362829999999988,0.08979544,0.032761520000000044,0.043885830000000015,-0.02783789999999997,0.09960579999999997,0.030459789999999987,0.10674438000000003,-0.004897300000000049,0.15751930000000003,-0.0025858299999999557,0.15191670000000002,0.015930710000000015,0.17054663000000003,0.0027792099999999764,0.1606877699999999,-0.03227615,-0.013311379999999984,-0.01822955000000004,-0.0005214999999999526,0.1072893361734119,0.028364070909862364
0.07868711499999997,-0.25354726,0.07638187499999999,-0.25967529,0.07768352499999998,-0.26701173,0.05068699499999996,-0.26468806,0.051625494999999966,-0.27889538,0.03298814499999997,-0.21907486000000004,-0.0003010750000000395,-0.23195854,0.04164601499999998,-0.12875716000000004,-0.02782105500000004,-0.13278476,0.073591195,-0.08523135999999998,0.0029852249999999803,-0.02853536000000001,0.009374364999999996,0.00013509000000000437,-0.009374365000000051,-0.00013509000000000437,0.0026401949999999563,0.15641474,0.006223064999999972,0.16950699999999996,-0.0001910450000000563,0.30756047,0.009625994999999998,0.32975113999999994,0.008657870000000012,0.0903177,0.03194518000000002,0.04352580000000006,-0.02751998,0.09917377999999999,0.03080628000000002,0.10424939999999999,-0.006734170000000039,0.15627965,-0.0028312400000000126,0.15114572999999998,0.015597430000000023,0.16964208999999997,0.003402930000000026,0.16024413999999998,-0.03328922000000001,-0.012883679999999953,-0.018748730000000047,-0.00027018000000000875,0.10682336842119985,0.030973130307429392
0.07914822999999999,-0.25306002,0.07675202999999997,-0.25924332,0.07833307,-0.26658208,0.050818929999999984,-0.2647141,0.05233158999999998,-0.27897940000000004,0.031956929999999995,-0.21927793,0.0011098900000000023,-0.23199930000000002,0.04136426999999998,-0.12836539999999996,-0.025331270000000017,-0.1321622,0.0743741,-0.08546750000000003,0.004094590000000009,-0.026349850000000008,0.008634169999999997,8.589999999997211e-05,-0.008634169999999997,-8.589999999997211e-05,0.003231549999999972,0.15597070000000002,0.006943690000000002,0.16998809999999998,0.0012673599999999952,0.30845310000000004,0.0095615,0.3304583,0.009407339999999986,0.09091253000000005,0.03300983000000002,0.04289789999999993,-0.02644116000000002,0.09983710000000001,0.029425860000000026,0.10581235,-0.005402620000000025,0.15588480000000005,-0.001964189999999977,0.15248240000000002,0.015577859999999999,0.17007399999999995,0.002617809999999998,0.1604702,-0.030847039999999992,-0.01272137000000001,-0.017268339999999993,-0.00017179999999994422,0.10789403434835913,0.029185893865703378
0.07909974999999997,-0.250349415,0.07676586999999996,-0.25655882500000005,0.07828134999999997,-0.26387454500000007,0.05104339999999996,-0.26215185500000004,0.05249281,-0.27637072500000004,0.03210601999999996,-0.21715210500000004,0.0016137499999999694,-0.22961487500000005,0.041399609999999976,-0.1251270750000001,-0.024418830000000002,-0.12785647500000008,0.07469052999999998,-0.08293887500000008,0.00574988999999998,-0.022392025000000038,0.008557929999999991,5.0675000000000026e-05,-0.008557929999999991,-5.0675000000000026e-05,0.0037941699999999856,0.1567291249999999,0.00725017,0.17082436499999998,0.0020965699999999643,0.310133585,0.009497769999999961,0.332438955,0.009293590000000018,0.09202502999999995,0.03329092,0.04218820000000001,-0.026032579999999972,0.10175839999999997,0.030168719999999982,0.10546445000000004,-0.004763760000000006,0.1566784499999999,-0.0016976000000000213,0.15340446000000008,0.01580809999999999,0.17087503999999998,0.0022475999999999607,0.16161459,-0.030492269999999988,-0.012462770000000012,-0.017115859999999983,-0.00010135000000000005,0.10611685159277254,0.026530164586276144
0.078687,-0.25095695,0.07669003000000002,-0.25689629999999997,0.07822040000000002,-0.2646199,0.05132730000000002,-0.26228572,0.05305342000000002,-0.27771707,0.03250380000000003,-0.21761126999999997,0.0010811000000000015,-0.23108174999999997,0.04175620000000002,-0.12614645000000002,-0.02479834999999997,-0.12919515000000004,0.07451079999999999,-0.08400814999999995,0.006688499999999986,-0.023710209999999954,0.008847339999999981,0.00023554999999997328,-0.008847339999999981,-0.00023554999999997328,0.004028540000000025,0.15675549,0.006826480000000024,0.17030290999999997,0.0018747299999999911,0.30895190000000006,0.009814839999999991,0.33135035,0.009252399999999994,0.09146481999999995,0.03275459999999997,0.04213830000000007,-0.02587944999999997,0.10188659999999994,0.031486849999999955,0.10548494000000008,-0.0048187999999999565,0.15651994000000002,-0.0021538100000000338,0.15219641000000006,0.015673820000000005,0.17053845999999995,0.0029883599999999677,0.16104744000000004,-0.031422700000000026,-0.013470480000000007,-0.017694679999999963,-0.00047109999999994656,0.10681147395697518,0.028149990881369717
0.07883532499999996,-0.25093888999999997,0.076492155,-0.25697608999999993,0.07796691499999997,-0.26446101999999994,0.050761754999999964,-0.26192341999999996,0.05218447499999995,-0.27655013999999994,0.03306479499999998,-0.21605907999999996,0.00019417499999996313,-0.23037524999999998,0.04035787499999999,-0.12600862000000002,-0.026315525000000006,-0.13261719999999994,0.07337661499999998,-0.08418391999999997,0.006442654999999964,-0.02426691999999997,0.009221094999999957,0.00027108000000009014,-0.009221095000000012,-0.0002710799999999791,0.003106724999999977,0.15575022000000005,0.006244754999999991,0.16941661000000008,-0.0014181450000000373,0.30768484000000007,0.010868454999999999,0.33158053,0.007293080000000007,0.09005045999999994,0.03301873999999999,0.04182470000000005,-0.02650969999999997,0.09775805000000004,0.03275817999999997,0.10835027999999997,-0.00611436999999998,0.15547913999999996,-0.004524870000000014,0.15193462000000002,0.015465850000000003,0.16968769000000006,0.004623700000000008,0.1621639199999999,-0.03287062000000002,-0.014316170000000017,-0.01844218999999997,-0.0005421600000000693,0.10605931251648963,0.028655774311089535
0.07889650999999998,-0.24989276999999993,0.07661538000000001,-0.25594729999999993,0.07813333,-0.26347779999999993,0.05109642999999997,-0.26149149999999993,0.05267071000000001,-0.27626589999999995,0.03301040999999999,-0.21634297999999996,0.0008710200000000001,-0.23071434999999996,0.04091457999999998,-0.1258461999999999,-0.026387519999999998,-0.13222845999999994,0.07368416,-0.08322646999999994,0.008033659999999998,-0.02369405999999996,0.008975960000000005,0.00023490000000003786,-0.008975960000000005,-0.00023489999999992683,0.0034865000000000035,0.1549663000000001,0.007199159999999982,0.1690332000000001,6.645999999999042e-05,0.30661230000000006,0.010283399999999998,0.3314252000000001,0.007904169999999988,0.09049678000000005,0.03276958000000002,0.04261972999999997,-0.027258539999999998,0.09848589000000002,0.034421179999999996,0.10853439999999998,-0.0054894600000000016,0.15473140000000007,-0.003420040000000013,0.15164599999999995,0.016175119999999987,0.16926810000000003,0.003084240000000016,0.16239199999999998,-0.03213938999999999,-0.014371369999999994,-0.01795192000000001,-0.0004697999999999647,0.1056075349088165,0.028976876305944397
0.07838133000000003,-0.25169333499999996,0.07611216000000004,-0.257823225,0.07753751000000003,-0.26522624499999997,0.05047811000000002,-0.263565975,0.051792030000000044,-0.277929275,0.03205160000000001,-0.21860760499999998,0.0002677200000000268,-0.230929175,0.03993108000000001,-0.12729152499999996,-0.02619001999999998,-0.12921282499999998,0.07286531000000002,-0.084364675,0.007940510000000012,-0.025240975,0.008872680000000022,-6.112499999999521e-05,-0.008872679999999966,6.112499999999521e-05,0.0026956200000000097,0.15516172500000003,0.006557179999999996,0.169074265,-0.0011910699999999608,0.30652742499999996,0.009799040000000037,0.33004346500000004,0.007879479999999994,0.09131608000000002,0.03293423000000001,0.04292684999999996,-0.026457740000000007,0.10171635000000001,0.03413052999999999,0.10397184999999998,-0.006177060000000012,0.15522285000000002,-0.0038866899999999704,0.15136569999999994,0.015429859999999962,0.16901314,0.003241860000000041,0.16096920000000003,-0.03178387999999999,-0.012321570000000004,-0.017745359999999988,0.00012224999999999042,0.10584018724907568,0.0303789338586149
0.07819051500000002,-0.25083097000000004,0.07576568500000003,-0.2571119,0.07713322500000003,-0.26423331,0.05018351500000001,-0.26305377,0.05129422500000003,-0.27666592,0.03223512500000003,-0.21818354,-1.8350000000055822e-06,-0.23015547000000003,0.039824205,-0.12802997000000005,-0.028389414999999973,-0.13072072,0.072496165,-0.08287220000000006,0.00685383500000003,-0.028090269999999973,0.009040284999999981,-0.00016017000000001502,-0.009040284999999981,0.00016017000000001502,0.003268985000000002,0.15432542999999999,0.006490455000000006,0.16822492999999994,-0.0007501449999999799,0.30590792999999994,0.007827715000000013,0.32965928999999994,0.00758907999999997,0.09015356999999996,0.03267196,0.045157769999999986,-0.028387579999999968,0.09943475000000002,0.035243250000000004,0.10263045000000004,-0.005771299999999979,0.1544856,-0.004019129999999982,0.15158249999999995,0.015530739999999987,0.16806475999999992,0.0013372600000000068,0.16143436,-0.03223696000000004,-0.01197193000000002,-0.018080569999999963,0.00032034000000003005,0.10424935785555377,0.03241466351465028
0.07845735000000004,-0.24917472999999996,0.07618308000000001,-0.255362,0.07741648000000001,-0.26266746999999996,0.05093694000000004,-0.26169314,0.051531640000000045,-0.27581783,0.03273281,-0.21653899999999998,0.00036085000000002365,-0.23036467,0.03962368000000005,-0.12607754999999998,-0.02846341999999996,-0.13301939999999995,0.07286715000000005,-0.08070869999999997,0.005492660000000038,-0.025586449999999927,0.009018360000000003,0.0001883000000000301,-0.009018359999999948,-0.0001883000000000301,0.0024642000000000275,0.15548375999999997,0.00540423000000001,0.16921673000000004,-0.0025772499999999754,0.3085605,0.0072249200000000235,0.3324005,0.006890870000000049,0.09046145,0.03324347,0.045368850000000016,-0.028824269999999985,0.09734527000000004,0.03395608,0.10743295000000003,-0.0065541599999999756,0.15529545999999994,-0.005041450000000003,0.15307674000000004,0.014422589999999957,0.16940503000000007,0.0018206900000000137,0.16318376999999995,-0.03237195999999998,-0.013825670000000012,-0.01803671999999995,-0.0003766000000000602,0.10305820003019704,0.029251251680276764
0.07783838000000004,-0.24900900999999998,0.07557102000000004,-0.25516837,0.07674770000000003,-0.26243927999999994,0.05038147000000004,-0.26152276999999996,0.050783120000000015,-0.27550431999999997,0.03250571000000002,-0.21652760999999998,-0.0005397899999999844,-0.22963934999999996,0.039060010000000034,-0.12670134999999993,-0.030046749999999955,-0.13258009999999998,0.07207163,-0.08048624999999998,0.003795700000000013,-0.027535019999999966,0.009176950000000017,-3.684999999997718e-05,-0.009176949999999962,3.68500000000882e-05,0.002459480000000014,0.15405602000000007,0.005067550000000032,0.1686858,-0.00379744999999998,0.30645855,0.006741090000000005,0.33182325,0.006554300000000013,0.08982626000000005,0.033011619999999964,0.04621509999999995,-0.02950695999999997,0.09705924999999999,0.03384244999999997,0.10504508000000001,-0.006717470000000003,0.15409287000000005,-0.006256929999999994,0.15240252999999993,0.014244499999999993,0.1686489499999999,0.0016735399999999734,0.16313745000000002,-0.033045500000000005,-0.013111739999999983,-0.01835389999999998,7.370000000006538e-05,0.10211682884158907,0.0304712596280397
0.07749457999999998,-0.24691585000000005,0.07542263999999999,-0.25303673000000004,0.07639339,-0.26036419000000005,0.050604780000000016,-0.25931305000000004,0.05055515999999999,-0.27354552000000004,0.03296479000000002,-0.21435188000000005,-0.0009979900000000042,-0.22782709000000007,0.03880081000000002,-0.12443409999999999,-0.03033707000000002,-0.13127990000000006,0.07150350999999999,-0.07827430000000002,0.004087769999999991,-0.026808310000000057,0.009349209999999997,-0.00010665000000009695,-0.009349209999999997,0.00010664999999998592,0.0024879800000000007,0.15168072,0.005473490000000025,0.16730261999999996,-0.005684709999999982,0.30516944999999995,0.008057729999999985,0.33239745,0.005836019999999997,0.08991778000000006,0.03270269999999997,0.04615979999999997,-0.029339080000000017,0.09654719,0.03442484000000001,0.10447159,-0.006861229999999996,0.1517873700000001,-0.008172689999999982,0.15348872999999996,0.014822700000000022,0.16719596999999997,0.00258423999999996,0.16509483000000003,-0.033962780000000026,-0.013475210000000015,-0.018698419999999993,0.00021330000000008287,0.09986660360206753,0.030082677795070074
0.07826232500000002,-0.24691093499999994,0.07639224500000003,-0.25307946499999995,0.07702387500000002,-0.26042601499999996,0.05197875500000004,-0.25945906499999993,0.05097062500000005,-0.27376994499999996,0.03342692500000005,-0.21447590499999997,-0.00012097499999996764,-0.22827902499999997,0.038897265000000014,-0.12464303499999996,-0.029778524999999945,-0.13160851499999993,0.07191847500000004,-0.07873776499999996,0.0052420050000000495,-0.026818514999999987,0.009297775000000008,7.565000000098188e-06,-0.009297774999999953,-7.564999999987165e-06,0.0032489450000000586,0.1515411350000001,0.00632314500000003,0.16635423500000002,-0.0036651949999999545,0.30550293500000003,0.007629285000000041,0.33186429500000003,0.0054703399999999625,0.08983287000000001,0.03302121000000002,0.04590527,-0.029657549999999977,0.09667051000000004,0.035020529999999994,0.10478999999999994,-0.0060488299999999495,0.15153357,-0.006914140000000013,0.15396179999999993,0.015620919999999983,0.1663618,0.0013061400000000112,0.16551006000000001,-0.03354790000000002,-0.013803120000000002,-0.01859554999999996,-1.5130000000085353e-05,0.10060904067378296,0.030499708889609095
0.07834939499999999,-0.24606711999999992,0.07654589499999997,-0.2521178499999999,0.077197915,-0.25960472999999995,0.05214202499999998,-0.2583164799999999,0.05126723499999997,-0.2729916799999999,0.033521054999999966,-0.21362671999999994,6.129500000001675e-05,-0.22778979999999993,0.03935873499999998,-0.12351557999999996,-0.029498964999999988,-0.13124817999999994,0.07208374499999998,-0.07795427999999993,0.003939295000000009,-0.02785927999999993,0.009290964999999984,0.00013022000000006972,-0.009290964999999984,-0.0001302199999999587,0.0033690650000000044,0.15276505000000007,0.006477194999999991,0.16719379000000012,-0.003268655000000009,0.30695912000000003,0.007601694999999964,0.3328296700000001,0.005837680000000012,0.09011113999999998,0.03272501,0.04556130000000003,-0.029560260000000005,0.09654162,0.03343826,0.1033889,-0.00592189999999998,0.15263483,-0.006637720000000014,0.15419406999999996,0.015768159999999976,0.16732401000000008,0.0011244999999999727,0.16563587999999996,-0.03345975999999995,-0.014163079999999995,-0.01858192999999997,-0.0002604400000000284,0.1002004109790893,0.030723615479809636
0.07910811499999998,-0.24676975,0.07715889499999995,-0.25285905,0.07806688499999997,-0.26025476999999997,0.05230152499999996,-0.25933367,0.052123424999999945,-0.27365419,0.03316753499999997,-0.21541768,0.0012558049999999432,-0.22796037000000002,0.039901224999999985,-0.12554372000000003,-0.02684420500000001,-0.12975692,0.07287543499999999,-0.07918272000000004,0.005543054999999963,-0.024881220000000037,0.008821784999999971,-0.00023028000000002713,-0.008821785000000026,0.00023028000000002713,0.003051954999999995,0.15248982,0.007051354999999981,0.16902857999999998,-0.0026260950000000505,0.30585382000000005,0.008520834999999949,0.33339728,0.006733690000000014,0.08987395999999997,0.032974210000000004,0.046360999999999986,-0.028100009999999953,0.09820345000000003,0.03238725999999997,0.10487569999999996,-0.005769829999999976,0.15272010000000003,-0.0056780500000000456,0.15336400000000006,0.015873140000000008,0.16879829999999996,0.0014694799999999675,0.16436870000000003,-0.03191173000000003,-0.012542690000000023,-0.017643569999999997,0.00046056000000005426,0.10166788017990788,0.028929847225237865
0.07905140500000002,-0.24843453,0.07708934500000003,-0.25442175,0.07796524500000002,-0.26186041,0.052138715,-0.26033955,0.051738585000000004,-0.27474067999999996,0.03321184500000002,-0.21576026999999998,0.0005108450000000375,-0.22848691,0.03956604500000005,-0.12620491999999994,-0.027525874999999977,-0.13044140999999998,0.07243394500000006,-0.07992765000000002,0.003892215000000032,-0.02392375000000002,0.009055705000000025,-0.00018804999999999517,-0.00905570499999997,0.00018804999999999517,0.0025654750000000393,0.15209364999999997,0.006535915000000003,0.16844064999999997,-0.0038819349999999475,0.30483799,0.008556845000000035,0.33231812000000005,0.006354200000000032,0.08955535000000003,0.032867900000000005,0.046277269999999926,-0.028036720000000015,0.09804550000000001,0.03141809000000001,0.10651765999999996,-0.006490229999999986,0.15228169999999996,-0.006447409999999987,0.15274434000000003,0.015591619999999973,0.16825259999999997,0.002020930000000032,0.16387747000000008,-0.03270099999999998,-0.012726640000000011,-0.018111409999999994,0.00037609999999999033,0.10185875079568572,0.02736836735295697
0.07919223999999997,-0.24971826500000005,0.07732407999999996,-0.255697655,0.07796418,-0.263175355,0.052583239999999976,-0.26131363500000004,0.05158519,-0.275806535,0.03400380999999997,-0.21633537500000005,0.00035689999999999333,-0.229469635,0.04044995999999995,-0.12590763500000002,-0.026789560000000046,-0.13025186500000002,0.07281731999999996,-0.08082897499999997,0.0045885900000000035,-0.02307443500000006,0.00945224,-3.7834999999986074e-05,-0.00945224,3.7834999999986074e-05,0.0027918100000000057,0.15305826499999997,0.006517039999999974,0.16871516499999994,-0.0037479800000000396,0.305002165,0.00840204,0.331889965,0.006446149999999984,0.09042774000000003,0.03236736000000001,0.04507866000000005,-0.02714646000000004,0.09921776999999998,0.03137815000000005,0.10717742999999996,-0.006660429999999995,0.15309609999999996,-0.006539790000000045,0.15194390000000002,0.015969279999999975,0.16867732999999996,0.0018850000000000255,0.16317480000000006,-0.033646909999999974,-0.013134259999999953,-0.01890448,7.566999999997215e-05,0.10267590596583988,0.02704296454980116
0.07919820999999999,-0.25024300000000005,0.07735803999999996,-0.25618216000000005,0.07805683999999996,-0.2637424200000001,0.05250035999999997,-0.26167363000000005,0.05165944,-0.2763817600000001,0.03404786999999998,-0.2166810600000001,0.00032833999999998253,-0.22976032000000007,0.04064093999999996,-0.1252398,-0.02438292000000003,-0.12888430000000006,0.07271716,-0.08117730000000012,0.006472790000000006,-0.01896920000000002,0.009555309999999984,-4.834000000009109e-05,-0.009555310000000039,4.8339999999980066e-05,0.002500409999999953,0.15256714999999998,0.005569299999999999,0.16903649999999992,-0.004426719999999995,0.3043160399999999,0.009317419999999965,0.3312818999999999,0.006593069999999979,0.09144126000000008,0.032076220000000044,0.04406249999999989,-0.024711260000000013,0.10087602000000001,0.030855710000000036,0.10991510000000004,-0.007054900000000031,0.15261549000000008,-0.006927129999999948,0.15174888999999991,0.015124610000000038,0.16898815999999994,0.003748119999999966,0.16224539999999998,-0.03371953,-0.013079259999999981,-0.019110620000000023,9.668000000007115e-05,0.10281696088731716,0.02487100354351632
0.08006720999999994,-0.25190315,0.07820024999999997,-0.25794910000000004,0.07867089,-0.2654502,0.053537809999999963,-0.26325143000000006,0.05199780999999998,-0.27779220000000004,0.034641389999999994,-0.21709135000000007,0.001251369999999974,-0.23205182000000008,0.040947469999999986,-0.12468013,-0.025151690000000004,-0.13257074000000002,0.07305457999999998,-0.0825163000000001,0.006807839999999954,-0.017705700000000046,0.009493559999999956,0.0002970999999999391,-0.009493560000000012,-0.0002971000000000501,0.0020816299999999455,0.1523098599999999,0.006605179999999988,0.16815903999999993,-0.002909510000000004,0.30345437,0.008223409999999987,0.32965769999999994,0.006306079999999992,0.09241122000000007,0.032107109999999994,0.0421638299999999,-0.026403059999999978,0.09948108000000006,0.03195952999999996,0.11486503999999997,-0.007411930000000011,0.15201275999999997,-0.0049911399999999495,0.15114451000000007,0.01609874,0.16845613999999998,0.0016182299999999983,0.16149866000000002,-0.03339002000000002,-0.014960470000000003,-0.01898711999999997,-0.0005941999999999892,0.10439378565317195,0.02384942338757897
0.07875748999999999,-0.25396998000000004,0.07697472,-0.25983420000000007,0.07747032999999998,-0.26754221000000006,0.05235955999999997,-0.26505443000000006,0.05072127999999998,-0.2801015600000001,0.03359239999999997,-0.21900293000000004,-0.00047533999999999077,-0.23373902000000008,0.039801680000000006,-0.12642328000000003,-0.026025340000000008,-0.13223585000000004,0.07195476,-0.08490571000000002,0.0074217599999999995,-0.01554504000000001,0.009752839999999985,0.00016691999999995932,-0.009752839999999985,-0.00016692000000007035,0.0016628799999999777,0.1513921199999999,0.005395380000000005,0.16804715999999997,-0.004277079999999989,0.30153332,0.007329360000000007,0.32820441999999994,0.006209280000000039,0.09257965000000001,0.03215308,0.041517570000000004,-0.025550000000000017,0.10150317000000003,0.03344710000000001,0.11669081000000003,-0.008089960000000007,0.15122519999999995,-0.005939959999999966,0.15014120000000009,0.01514821999999999,0.16821408000000004,0.0019339800000000018,0.16015725999999997,-0.03406773999999996,-0.014736090000000035,-0.01950567999999997,-0.00033384000000002967,0.1053870543605964,0.02305327438552705
0.07862460999999998,-0.25530248000000005,0.07666072000000002,-0.26126488000000003,0.07735256000000001,-0.26876931000000004,0.05175131999999999,-0.26700573000000005,0.05046189000000001,-0.28142314,0.03269094,-0.22120408000000003,-0.000275789999999998,-0.23390418000000002,0.040002769999999965,-0.12811058000000008,-0.02620766000000002,-0.13019988000000005,0.07218503999999998,-0.08567698000000001,0.005397339999999973,-0.01617878000000006,0.009291259999999968,-0.00026898000000008526,-0.009291260000000023,0.00026897999999997424,0.0013763599999999654,0.15009911999999992,0.006307039999999986,0.16834651999999994,-0.004708060000000014,0.29954247,0.007146600000000003,0.32761902,0.007311829999999964,0.09309349999999994,0.03218227000000001,0.04243360000000007,-0.025931870000000024,0.10370429999999997,0.031604999999999994,0.11402109999999999,-0.007914900000000002,0.1503681,-0.006084419999999979,0.14944335000000009,0.01559830000000001,0.16807753999999997,0.000839560000000017,0.15927250000000004,-0.03296673,-0.012700099999999992,-0.01858251999999999,0.0005379600000000595,0.10606674326426917,0.022051842983696418
0.07820728500000007,-0.25557319,0.07585543500000003,-0.26188143,0.07663503500000002,-0.26913856,0.05063345500000005,-0.26665540000000004,0.049698535000000044,-0.28032353000000004,0.03222355500000007,-0.21890629,-0.0004355349999999314,-0.23246203000000004,0.037897135000000026,-0.12519813000000002,-0.028082164999999937,-0.12990908,0.07024139500000004,-0.08557669000000001,0.004985955000000042,-0.016730730000000027,0.009485155000000023,-7.529999999977832e-06,-0.009485154999999967,7.529999999977832e-06,0.0029914650000000265,0.15090687000000003,0.004471215000000028,0.16752097,-0.0016045849999999362,0.30078317,0.0029730150000000233,0.32758756999999994,0.005673579999999956,0.09370815999999998,0.032344260000000014,0.03962144000000001,-0.027646630000000005,0.10255295000000003,0.03306811999999998,0.11317834999999998,-0.006493689999999996,0.1509144,-0.004596049999999963,0.14987629999999996,0.013956369999999996,0.16751344,-0.001498200000000005,0.16006659999999995,-0.03265909,-0.013555740000000038,-0.01897030999999999,1.5059999999955664e-05,0.10494475614361685,0.02212650836575216
0.07862208999999998,-0.25640074,0.07619967,-0.26288622000000006,0.07683646999999999,-0.26984736000000004,0.05086664999999996,-0.26756582,0.04951991,-0.28045139,0.03223056999999996,-0.21956858,-0.0001055500000000098,-0.23204237000000005,0.037619809999999976,-0.12467751999999999,-0.02768518000000003,-0.12740742000000005,0.06998051999999999,-0.08587692000000002,0.0034453399999999634,-0.014453720000000003,0.009448809999999974,-6.87200000000221e-05,-0.00944881000000003,6.871999999991107e-05,0.002770410000000001,0.15178077999999995,0.004491999999999996,0.16771322,-0.0007696600000000053,0.30216798,0.0029490999999999823,0.32681172999999997,0.005389240000000017,0.09489106000000003,0.032360710000000015,0.03880059999999996,-0.02757963000000002,0.10463495,0.031130519999999995,0.11295370000000005,-0.006678399999999973,0.15184949999999997,-0.0035400700000000063,0.15038720000000005,0.013940810000000026,0.16764450000000009,-0.0015429000000000137,0.15909850999999997,-0.03233611999999997,-0.01247379000000004,-0.018897620000000004,0.00013743999999993317,0.10501016666382405,0.01942061708020879
0.07762669500000002,-0.25767176499999994,0.07541446499999999,-0.2640601649999999,0.07598842500000003,-0.27115565499999994,0.05027116500000001,-0.26906981499999993,0.048833895000000016,-0.2823150849999999,0.03141026499999999,-0.2219801449999999,-0.001314705000000027,-0.23326858499999992,0.03677971499999999,-0.12736908499999988,-0.028932734999999987,-0.12622388499999992,0.069378795,-0.08744138499999987,0.0029748549999999985,-0.014290484999999964,0.009628725000000005,-0.0003104149999999528,-0.009628725000000005,0.00031041500000006383,0.0030632449999999922,0.15128994500000004,0.0034599949999999935,0.1675924150000001,-0.0006081649999999938,0.30075115500000005,0.0021174950000000248,0.3248412650000001,0.005369449999999998,0.09461106000000002,0.03259908,0.03992770000000001,-0.02761802999999996,0.10704469999999999,0.031907589999999986,0.11193339999999996,-0.006565480000000012,0.15160036,-0.003671409999999986,0.14946121,0.013088719999999998,0.16728200000000004,-0.0013424999999999687,0.15724885,-0.03272497000000002,-0.01128844000000001,-0.01925745000000001,0.0006208300000000166,0.10564978371083296,0.019288247966738736
0.07804369,-0.25905665,0.07587261000000001,-0.26557189,0.07626257000000003,-0.27255672999999997,0.05081452000000003,-0.27031278,0.048803929999999995,-0.28321251,0.03154169000000001,-0.22235009,-0.0010958799999999935,-0.23253785999999999,0.03732557000000003,-0.12731908999999997,-0.029226809999999992,-0.12351542999999998,0.06995044,-0.08769470000000001,0.0031675200000000348,-0.013706499999999955,0.009525890000000037,-0.000532929999999987,-0.009525889999999981,0.000532929999999987,0.0025949900000000192,0.15049107000000006,0.003735730000000048,0.16733081000000005,-0.0009955099999999772,0.29899657,0.0013234900000000382,0.32370017000000006,0.005783880000000019,0.09503100000000003,0.03262486999999997,0.039624389999999954,-0.02813093,0.10902243,0.03239433000000003,0.10980893000000003,-0.006930900000000018,0.15102400000000005,-0.0035904999999999965,0.14850549999999996,0.01326162000000003,0.16679788000000006,-0.00241224000000001,0.15636936,-0.032637570000000005,-0.010187769999999985,-0.019051780000000018,0.001065859999999974,0.10605800484751446,0.019075744393155375
0.078258135,-0.2597751799999999,0.07596118499999999,-0.2663980999999999,0.07632104499999998,-0.2731636999999999,0.05069088500000002,-0.2713474999999999,0.04866320499999999,-0.2836050999999999,0.03184432500000001,-0.22349197999999992,-0.001329265000000024,-0.2329558599999999,0.036949964999999974,-0.12883559999999994,-0.029677084999999992,-0.12454629999999989,0.06948146500000002,-0.08830283999999988,0.0031183450000000223,-0.014317499999999872,0.009623115000000015,-0.0007368999999999293,-0.009623115000000015,0.0007369000000000403,0.0017595049999999945,0.14974220000000005,0.003688524999999998,0.1673439000000001,-0.0029686349999999972,0.29874153000000014,0.0023980249999999703,0.32411560000000006,0.005105639999999967,0.09465637999999998,0.032531500000000046,0.040532760000000057,-0.028347819999999968,0.10840956000000002,0.032795430000000014,0.11022880000000002,-0.00786361000000002,0.15047909999999998,-0.004728139999999992,0.1489993300000001,0.013311640000000013,0.16660700000000006,-0.0012905000000000277,0.15677169999999996,-0.03317359000000003,-0.00946387999999998,-0.01924623000000003,0.0014737999999999696,0.10606986335810041,0.019722569870369286
0.07899504000000002,-0.25846921000000006,0.07684161,-0.26498715000000006,0.07710627999999997,-0.27195372000000007,0.05188661,-0.2701462700000001,0.049599930000000014,-0.2830047500000001,0.03265408999999997,-0.22250735000000005,-0.00026479000000001474,-0.23401945000000007,0.037922579999999984,-0.1289800000000001,-0.029219610000000007,-0.12929895000000002,0.07041884999999998,-0.08788015000000005,0.0029875799999999897,-0.017338890000000107,0.009531189999999967,-0.0003206500000000334,-0.009531190000000023,0.0003206499999999224,0.0024768900000000094,0.15025164999999996,0.004969429999999997,0.16667781999999998,-0.001223310000000033,0.29964307999999995,0.0032263299999999995,0.3249947499999999,0.0052684900000000146,0.09352734999999995,0.032496269999999994,0.04109985000000005,-0.028954819999999992,0.10472050000000005,0.03220719,0.11196005999999992,-0.007054299999999958,0.1505723,-0.0037002000000000423,0.14939143,0.01450062000000002,0.16635717000000005,-0.0017430999999999974,0.1583169299999999,-0.032918879999999984,-0.011512100000000025,-0.01906237999999999,0.0006412999999999558,0.10664883112592281,0.021646684626623572
0.07997642500000002,-0.25586372999999996,0.07785384500000003,-0.26239372999999994,0.07817332500000002,-0.26939409,0.052955465000000035,-0.26759015999999997,0.05086376500000006,-0.28065412999999995,0.03342960500000003,-0.21984718999999997,0.0011157650000000463,-0.23260225999999995,0.038705895000000046,-0.12675662999999993,-0.02843883499999994,-0.13134767999999997,0.07126618500000004,-0.08571622999999995,0.0023110050000000326,-0.020771529999999983,0.00920401500000001,-0.0001495299999999533,-0.009204014999999954,0.00014953000000006433,0.0023750850000000545,0.15108227000000007,0.006131545000000016,0.16796062,-0.0012876849999999829,0.30109457000000006,0.00462154500000006,0.3281734700000001,0.005276290000000017,0.09309056000000004,0.03256028999999999,0.04104039999999998,-0.029554599999999986,0.10125457999999998,0.030749839999999973,0.11057614999999998,-0.006828929999999955,0.15123180000000003,-0.0036627700000000374,0.1500123,0.01533555999999997,0.16781108999999994,-0.0015099999999999558,0.16021285000000007,-0.03231383999999998,-0.01275506999999998,-0.018408029999999964,0.00029906000000001765,0.10570417727790564,0.02388067078463253
0.07997164499999998,-0.25383167500000003,0.07787132499999994,-0.260205595,0.07832306499999997,-0.267400055,0.05305969499999996,-0.26562425500000003,0.05091999499999994,-0.27923627500000003,0.032801394999999955,-0.21839902500000002,0.0016094749999999713,-0.231925225,0.03837054499999998,-0.12594697499999996,-0.027109235000000065,-0.131574845,0.07127859499999994,-0.08391532499999999,0.0023697949999999524,-0.021018674999999987,0.008985874999999977,0.00018742500000001883,-0.008985875000000032,-0.00018742500000001883,0.0034123649999999728,0.15293342499999996,0.005657854999999934,0.16768712499999994,0.001587394999999936,0.305169825,0.003732324999999981,0.330159985,0.005569150000000023,0.09245205000000006,0.032908049999999966,0.042031649999999976,-0.028718710000000036,0.10035038000000002,0.029479030000000017,0.11055617000000001,-0.005573510000000004,0.15274599999999994,-0.0018249700000000368,0.15223640000000005,0.014643729999999966,0.16787454999999996,-0.0019255299999999531,0.16247286000000005,-0.031191919999999984,-0.013526199999999988,-0.01797175000000001,-0.00037485000000003765,0.10465971298718957,0.023725349685755917
0.07982059999999996,-0.2536889,0.077793,-0.26009702,0.07795905999999997,-0.26738412,0.05333475999999998,-0.26560772,0.05039536,-0.27940213999999997,0.03391653,-0.21761031999999997,0.0007334599999999636,-0.23226434,0.03927755999999999,-0.12532966999999995,-0.02797472000000001,-0.13253567,0.07197163000000001,-0.08326352000000004,0.003597740000000016,-0.019161459999999964,0.009567019999999982,0.00035631999999996555,-0.009567020000000037,-0.00035631999999996555,0.00429982000000001,0.15325018,0.005846589999999985,0.16717833000000004,0.00043487999999997085,0.30517828,0.00464523,0.33018117999999996,0.005361029999999989,0.09228065000000002,0.03269407000000002,0.04206614999999991,-0.028708179999999972,0.09972867000000002,0.031572460000000024,0.11337421000000003,-0.005267199999999972,0.15289386000000005,-0.003864940000000039,0.1519281,0.015413610000000022,0.16753465,-0.0012013599999999847,0.16300284999999992,-0.03318307000000004,-0.014654020000000045,-0.01913404000000002,-0.0007126399999999311,0.10433893324582968,0.022955265110148507
0.07988981499999998,-0.255362925,0.077863195,-0.261754335,0.078032445,-0.269073965,0.05329031499999998,-0.26689687500000003,0.05019868500000002,-0.280765925,0.03370856499999997,-0.21858199500000003,0.00026069499999997747,-0.232426095,0.03941182500000001,-0.12638629499999998,-0.027952715000000017,-0.13141119500000004,0.07186688499999999,-0.084453255,0.0046464649999999885,-0.022106555000000028,0.009700194999999967,0.000220864999999959,-0.009700195000000023,-0.00022086500000007003,0.00429723500000001,0.15379676499999995,0.005439595000000019,0.16764190499999998,0.0007705849999999903,0.305581655,0.00381488499999999,0.33024546499999996,0.005703260000000043,0.09219570000000005,0.03245505999999998,0.04193303999999998,-0.028213409999999994,0.10101489999999996,0.032599180000000005,0.10930464000000001,-0.005402959999999957,0.1535759,-0.00352665000000002,0.15178489000000006,0.015139790000000042,0.16786277000000005,-0.0016247100000000292,0.16260355999999998,-0.03344786999999999,-0.01384409999999997,-0.01940038999999999,-0.00044173000000002904,0.10504477113750355,0.026168876168679817
0.07986094000000005,-0.2544622649999999,0.07749558000000001,-0.26099145499999993,0.07785059000000005,-0.2681125649999999,0.052586080000000035,-0.26621100499999995,0.04987985000000006,-0.2794624849999999,0.03335062000000005,-0.21790730499999994,0.0007388400000000184,-0.23211613499999995,0.03895289000000002,-0.12595883499999994,-0.027661139999999973,-0.13317030499999993,0.07148776000000001,-0.08353103499999992,0.004384020000000044,-0.022287604999999933,0.00954176000000001,0.00034183500000006806,-0.009541759999999955,-0.00034183499999995703,0.004110340000000046,0.15385240500000008,0.004964740000000023,0.16737916500000005,0.0018852400000000102,0.30592526500000006,0.002580860000000018,0.3303061650000001,0.005602269999999965,0.09194847,0.032534869999999994,0.042427800000000016,-0.02839997999999999,0.09894583000000001,0.03204516000000002,0.1108827,-0.005431419999999965,0.15351057,-0.0022251000000000354,0.15207285999999998,0.014506499999999978,0.167721,-0.002383880000000005,0.16292700000000004,-0.032611780000000035,-0.014208830000000006,-0.019083519999999965,-0.0006836700000000251,0.10426871648791357,0.025991232550637126
0.078914445,-0.25573318500000003,0.07669456499999999,-0.2622345850000001,0.07684560499999998,-0.26944828500000007,0.05215682499999996,-0.26756473500000005,0.048790585,-0.28114213500000007,0.03304596500000001,-0.21845342500000003,-0.00022297500000001413,-0.23385482500000004,0.038343724999999995,-0.1264192850000001,-0.028932575000000016,-0.13647850500000003,0.07097186499999997,-0.08416511500000001,0.004201485000000005,-0.0244724850000001,0.009684604999999957,0.0005147849999999066,-0.009684605000000013,-0.0005147850000000176,0.0031601949999999768,0.1537248149999999,0.004048865000000013,0.167036745,0.0001633649999999709,0.305638415,0.0018509250000000033,0.329700715,0.005297759999999985,0.09203413999999993,0.03262813999999997,0.04225417000000009,-0.028709600000000002,0.09737632000000002,0.03313406000000002,0.11200601999999993,-0.0065244099999999805,0.15321003,-0.002996830000000006,0.1519136000000001,0.013733470000000025,0.16755153,-0.0021979400000000093,0.16266397,-0.033268940000000025,-0.01540140000000001,-0.01936920999999997,-0.0010295699999999242,0.10453140055656762,0.027691061459938736
0.07835764499999998,-0.25407783000000006,0.07658976499999998,-0.2605551300000001,0.076157755,-0.26767533000000004,0.052796184999999995,-0.2657653100000001,0.04805970500000001,-0.27923101000000006,0.03388470499999996,-0.21653956000000008,-0.0013390750000000229,-0.23036253000000007,0.03785786499999999,-0.12444067000000003,-0.02871432500000004,-0.12993735000000006,0.070582005,-0.08245063000000008,0.0061017949999999654,-0.02057973000000002,0.010135475000000005,0.0001605699999999155,-0.010135475000000005,-0.00016057000000002652,0.002873395000000001,0.15413686999999998,0.004001224999999997,0.16817283999999988,-0.004790895000000017,0.30806356999999995,0.0032684249999999637,0.33318556999999993,0.003973160000000031,0.09209889000000004,0.03272414000000001,0.04199003999999995,-0.027375250000000018,0.10042518,0.034816120000000006,0.10935762000000004,-0.007262080000000004,0.15397630000000007,-0.007664290000000018,0.15392669999999997,0.014136700000000002,0.1683334099999999,-0.0007328000000000334,0.16501273000000005,-0.03522377999999998,-0.01382296999999999,-0.02027095000000001,-0.00032113999999994203,0.10236402373139158,0.026088139683743235
0.07866023999999999,-0.253594775,0.07687373999999997,-0.260040255,0.07643074,-0.267271155,0.05305833999999998,-0.265349055,0.048151639999999996,-0.27904127500000003,0.03420444,-0.216114635,-0.001316530000000038,-0.230463025,0.03826106999999995,-0.123697575,-0.028348010000000035,-0.130169035,0.07086344,-0.08194477499999997,0.006766209999999995,-0.020579815000000057,0.010208410000000001,0.00023287500000002126,-0.010208410000000001,-0.00023287500000002126,0.002892539999999999,0.15440815499999994,0.004327139999999952,0.16837549500000004,-0.0049398100000000444,0.30757782499999997,0.003971939999999952,0.333186275,0.00405662999999995,0.09241706,0.03260237000000005,0.041752800000000034,-0.027031479999999997,0.10029399,0.03511422000000003,0.10958921999999993,-0.007315870000000002,0.15417527999999991,-0.007832350000000043,0.15316967000000004,0.014535549999999953,0.16860837000000006,-0.00035519999999999996,0.16481077999999993,-0.03552097000000004,-0.014348389999999989,-0.020416820000000002,-0.0004657500000000425,0.1021381359915257,0.026497843148226258
0.07814367500000002,-0.25356448000000004,0.07639388500000005,-0.25999881,0.07568010500000005,-0.26713135,0.05270900500000003,-0.26506311,0.04707048500000005,-0.27843962,0.034298505000000035,-0.21608905,-0.0019415149999999493,-0.23018337,0.03827270500000002,-0.12437474999999998,-0.028028444999999957,-0.13110242,0.07073615500000002,-0.08260778000000002,0.005961765000000008,-0.02246819,0.010502475000000011,0.00021684999999993515,-0.010502474999999956,-0.00021685000000004617,0.0021034650000000266,0.15442204999999998,0.003378305000000026,0.16855494999999998,-0.005328894999999945,0.30750915,0.003945035000000041,0.33361874999999996,0.003974199999999983,0.09171430000000003,0.032463450000000005,0.04176696999999996,-0.026086930000000008,0.09908095,0.033990209999999965,0.10863423,-0.008399009999999985,0.15420520000000004,-0.007432359999999971,0.15308710000000003,0.013880779999999981,0.16877180000000003,0.0005667300000000153,0.16506379999999998,-0.036240019999999984,-0.014094319999999994,-0.021004949999999967,-0.0004336999999999813,0.10241101279149276,0.02768019744462089
0.07772244,-0.253994555,0.07588727,-0.26063835500000004,0.07513409999999998,-0.26750105500000004,0.05221819999999999,-0.26615101500000005,0.04653666000000001,-0.27878627500000003,0.03384174000000001,-0.21706015500000003,-0.00181481,-0.23014506500000004,0.03771034000000001,-0.12564528500000005,-0.028589540000000024,-0.131267615,0.07024194,-0.08362251500000006,0.006447470000000011,-0.02378297500000004,0.010207889999999997,-4.5955000000041935e-05,-0.010207889999999997,4.595499999993091e-05,0.0010472599999999943,0.15351308499999994,0.00340414,0.16873138499999996,-0.0061138600000000265,0.30610734500000003,0.004016999999999993,0.333718885,0.0038686,0.09141486999999998,0.032531599999999994,0.04202276999999999,-0.026774730000000024,0.09887745000000003,0.035037010000000035,0.10748463999999996,-0.009160630000000003,0.15355903999999998,-0.007161120000000021,0.1525942600000001,0.013612029999999997,0.16868543000000003,0.0006128599999999929,0.16498750000000006,-0.03565655000000001,-0.013084910000000005,-0.020415779999999994,9.190999999997285e-05,0.10290349139283907,0.02907264903091046
0.077841045,-0.25389173000000004,0.07582688499999996,-0.26066553000000003,0.07505926499999999,-0.26736578,0.052038364999999975,-0.2661235,0.046066284999999985,-0.27832034,0.034015744999999986,-0.21640828,-0.002132595000000015,-0.22976040000000003,0.03747874499999998,-0.12477369999999999,-0.029242005000000015,-0.13205328,0.07021054499999996,-0.08243630000000002,0.005826264999999997,-0.024452649999999965,0.010370665000000001,-2.2399999999977993e-05,-0.010370665000000001,2.2399999999977993e-05,0.0011533249999999828,0.15447924000000002,0.0031191649999999793,0.16962204000000003,-0.005916475000000032,0.30714070000000004,0.004008024999999971,0.33488783,0.003462999999999994,0.09163458000000002,0.03273179999999998,0.04233739999999997,-0.02710941,0.09770712000000004,0.03506827000000001,0.10760063000000003,-0.009217340000000018,0.15450164,-0.007069800000000015,0.15266146000000003,0.01348982999999998,0.16959964000000005,0.0008888599999999913,0.16526578999999997,-0.03614834,-0.013352120000000023,-0.020741330000000002,4.4799999999955986e-05,0.10184724911171829,0.029349081994627994
0.07769002000000003,-0.25239245000000005,0.07591449,-0.25916928000000006,0.07491268000000001,-0.26593578000000007,0.052584060000000044,-0.2648968500000001,0.04574971,-0.27732783000000005,0.03421246,-0.21563422000000004,-0.0023670100000000027,-0.22830925000000007,0.038302660000000044,-0.12468710000000005,-0.02912300000000001,-0.12984315000000007,0.07026072,-0.08160155000000002,0.004431259999999992,-0.023524150000000077,0.01049952000000004,-0.00015445000000002818,-0.010499519999999984,0.00015444999999991715,0.002134899999999995,0.1536997499999999,0.003244960000000019,0.1694661099999999,-0.0052430799999999556,0.30692604999999995,0.0037214300000000256,0.33557574999999995,0.004090200000000044,0.09094711999999999,0.031958059999999955,0.04308555000000003,-0.026755990000000007,0.0984661,0.03355426,0.106319,-0.008364620000000045,0.15385419999999994,-0.007377979999999951,0.15322630000000004,0.013744480000000003,0.16931165999999997,0.0004764700000000066,0.16610964000000006,-0.03657947,-0.012675030000000032,-0.020999040000000024,0.00030889999999994533,0.10101995408754645,0.027992932846852597
0.07816398999999996,-0.2534003100000001,0.07649234999999999,-0.26029192000000007,0.07539854999999995,-0.26704283000000006,0.053233269999999944,-0.26655192000000005,0.04613824999999999,-0.2789469500000001,0.034022309999999945,-0.21728112000000005,-0.0016197200000000467,-0.22909622000000007,0.038524279999999966,-0.12550862000000007,-0.027744380000000013,-0.12879105000000007,0.07079142999999999,-0.0817613800000001,0.005006379999999977,-0.02360808000000003,0.010186649999999964,-0.00030692000000009934,-0.01018665000000002,0.0003069199999999883,0.0025611499999999565,0.15334431999999998,0.003814789999999957,0.16949437999999994,-0.004867970000000055,0.30628137999999994,0.0041986499999999705,0.33429591999999997,0.004501970000000022,0.09177249999999998,0.03226715000000002,0.043747239999999965,-0.026124659999999966,0.10030517,0.03275075999999999,0.10518297000000004,-0.007625500000000007,0.15365124000000008,-0.007429120000000011,0.15293705999999996,0.014001439999999976,0.16918745999999996,0.00038386000000001363,0.16480154000000002,-0.03564202999999999,-0.011815100000000023,-0.020373299999999983,0.0006138400000000876,0.10152718065986076,0.028332938174162256
0.07802322,-0.25381235,0.07657697000000002,-0.26067335,0.07525177999999999,-0.26749919,0.05370572000000001,-0.2673182,0.04593969999999997,-0.28003157,0.03428874999999998,-0.21820905000000002,-0.001875950000000015,-0.23065597999999998,0.038604340000000015,-0.12565325000000005,-0.027618209999999976,-0.12958795,0.07078973999999999,-0.08258445000000003,0.0056879400000000024,-0.022411049999999988,0.010355879999999984,-0.0001634499999999539,-0.010355879999999984,0.0001634499999999539,0.0024098900000000256,0.15392344999999996,0.003785179999999999,0.16946490999999997,-0.004903380000000013,0.30701579999999995,0.004841399999999996,0.33379375,0.004315590000000036,0.09255579999999997,0.032185399999999975,0.04306880000000002,-0.02574225999999996,0.10106802999999998,0.03330614999999998,0.10717690000000002,-0.007945989999999958,0.15408689999999992,-0.007313270000000038,0.15309235,0.014141059999999983,0.16930146000000001,0.0010562199999999966,0.16432884000000003,-0.036164699999999994,-0.012446929999999967,-0.020711759999999968,0.0003268999999999078,0.10220309523443805,0.027694985294135777
0.07769310000000001,-0.25370377,0.07631146,-0.26053044000000003,0.07491498000000002,-0.26727968,0.05353437999999999,-0.26703986,0.04564400000000002,-0.27958563000000003,0.034286870000000025,-0.21822914,-0.002539699999999978,-0.22987702,0.037917160000000005,-0.12543084999999998,-0.02850203000000001,-0.12712817999999998,0.07027603999999998,-0.08236536000000005,0.005976040000000016,-0.020385230000000032,0.010543719999999979,-0.00037169999999997483,-0.010543719999999979,0.00037169999999997483,0.0021776700000000204,0.15382410000000002,0.00368750000000001,0.17002704999999996,-0.0058276500000000175,0.30665306000000003,0.0049283999999999994,0.33456244999999996,0.0036302899999999805,0.09279829,0.03235887999999998,0.04306548999999993,-0.025962330000000033,0.10274884000000001,0.03447807000000003,0.10674294999999995,-0.008366049999999958,0.1541958,-0.008005320000000038,0.15282896,0.014231219999999989,0.16965534999999998,0.0012408999999999892,0.1645354,-0.03682657,-0.01164788,-0.021087439999999957,0.0007433999999999497,0.1014441241905021,0.026528336048129743
0.07781251499999997,-0.25355537,0.07658058499999998,-0.26040421,0.07504146499999997,-0.26723395,0.05406253499999997,-0.2669904,0.045718984999999934,-0.27982197000000003,0.034390024999999935,-0.2178715,-0.0023338150000000724,-0.23005085000000003,0.03853958499999993,-0.12583825000000004,-0.02850789500000006,-0.12846955000000004,0.07066004499999995,-0.08225715,0.005967124999999962,-0.020649550000000017,0.010477114999999981,-0.00025085000000002466,-0.010477115000000037,0.00025085000000002466,0.0023146849999999275,0.15404454999999995,0.0038353049999999556,0.16979195000000002,-0.0050656650000000525,0.3070895,0.004883424999999941,0.33393965000000003,0.004149559999999997,0.09203324999999996,0.03212046000000002,0.04358110000000004,-0.02617407999999999,0.10158129999999999,0.03447502000000002,0.10782000000000003,-0.008162430000000054,0.15429539999999997,-0.00738034999999998,0.15304495000000007,0.014312419999999992,0.1695411,0.0010481199999999857,0.1641477,-0.03672384000000001,-0.012179350000000033,-0.020954230000000018,0.0005017000000000493,0.10172029445039418,0.026593979569398817
0.07767247999999999,-0.25386115,0.07643462000000001,-0.26064022,0.07498673,-0.26753245000000003,0.053786219999999996,-0.26693387,0.0457379,-0.27985711,0.034144110000000005,-0.21806987,-0.00274165000000004,-0.22927085000000003,0.03857754999999996,-0.1257724,-0.029066250000000016,-0.12515355000000006,0.07079648999999999,-0.081681,0.005782189999999965,-0.018255750000000015,0.010546849999999997,-0.0004106499999999569,-0.010546849999999997,0.0004106499999999569,0.0026511300000000015,0.15354084999999995,0.003761799999999982,0.16918148,-0.0046224000000000265,0.30690324999999996,0.004486180000000006,0.33354205000000003,0.004433439999999955,0.09229746999999999,0.03221894000000003,0.0440914,-0.026324599999999976,0.10411729999999997,0.03484843999999998,0.10689780000000004,-0.007895719999999995,0.1539514999999999,-0.007273530000000028,0.1533624,0.014308649999999978,0.16877083000000004,0.0007243800000000244,0.16436057000000004,-0.036885760000000045,-0.011200980000000027,-0.021093699999999993,0.0008212999999999138,0.10116762777317706,0.02480064588436353
0.07727272499999999,-0.254243545,0.076095825,-0.261070385,0.074587495,-0.267868745,0.053600545,-0.267413845,0.045590375000000016,-0.280193495,0.03394662500000001,-0.218625205,-0.0025295349999999717,-0.229999725,0.03844462500000001,-0.126084525,-0.028930244999999966,-0.12691025499999997,0.070433725,-0.082154265,0.005751755000000025,-0.021372064999999996,0.010485055000000021,-0.00036727500000000024,-0.010485054999999965,0.00036727500000000024,0.002484445000000002,0.15335221499999996,0.0034541750000000038,0.16918097499999996,-0.004052995000000004,0.30650207500000004,0.003622504999999998,0.332584475,0.004498000000000002,0.09254067999999999,0.03198909999999999,0.04393026,-0.026400709999999994,0.10308947000000002,0.03468199999999999,0.10553818999999998,-0.008000610000000019,0.15371948999999996,-0.0065374400000000055,0.15314986000000008,0.01393922999999997,0.16881369999999996,0.00016832999999999432,0.16340350000000003,-0.03647615999999998,-0.011374519999999999,-0.020970109999999986,0.0007345500000000005,0.10140490504915922,0.027133612045057685
0.07603239500000003,-0.255761345,0.074468635,-0.262581315,0.073222815,-0.269479145,0.051550235,-0.26848920499999995,0.04413020500000003,-0.281226365,0.03278311500000003,-0.21900197499999996,-0.0039631749999999855,-0.23061197499999997,0.03779518500000001,-0.12711044500000002,-0.032294184999999975,-0.12896164499999996,0.06917321500000001,-0.08249754499999995,0.0012932950000000276,-0.02932014500000002,0.010771034999999984,-0.0001485949999999736,-0.010771034999999984,0.00014859500000008463,0.004387664999999985,0.15498445500000002,0.0023010950000000308,0.16814575500000006,-0.0021114150000000054,0.30783820500000003,-0.0005897650000000199,0.331369555,0.00501206999999998,0.09189152999999994,0.03137803,0.044612900000000066,-0.02833100999999999,0.10165033000000001,0.03358748,0.09964149999999994,-0.006383369999999999,0.15513305,-0.00649907999999999,0.15285375,0.013072130000000015,0.16799715999999998,-0.0028908600000000506,0.16322379999999992,-0.036746290000000015,-0.01161000000000001,-0.02154206999999997,0.00029719000000005824,0.10095624891434359,0.0318426552840134
0.07553842999999999,-0.25489667000000005,0.07399046999999997,-0.26154768000000006,0.07279338000000002,-0.26854598,0.05127309000000002,-0.26757267,0.043852630000000004,-0.28062778000000005,0.03217677000000002,-0.21837142000000004,-0.0038390400000000158,-0.23138445000000002,0.03699958999999997,-0.12722160999999998,-0.03394695000000003,-0.13187378000000005,0.06883255999999999,-0.08174685000000004,-0.0011805500000000024,-0.02842015000000009,0.010520030000000014,0.00016554999999995879,-0.010520030000000014,-0.0001655500000000698,0.0037079299999999704,0.1562616,0.002407590000000015,0.16847895000000002,-0.00157280999999998,0.30895684999999995,-0.0024886000000000075,0.33224535,0.00482281999999995,0.09114981000000005,0.031832970000000016,0.04547475999999995,-0.030107910000000015,0.09951066999999997,0.03276640000000003,0.10345362999999996,-0.006812100000000043,0.15609605000000004,-0.0052807399999999505,0.15269524999999995,0.012927620000000029,0.16864450000000009,-0.0048961900000000225,0.16376639999999998,-0.03601581000000004,-0.013013029999999981,-0.021040060000000027,-0.0003311000000000286,0.10054845811229975,0.029758163717380163
0.07566169,-0.25588214,0.07405185000000003,-0.26270899,0.07269024000000002,-0.26950028,0.05139440000000001,-0.26899257,0.04346102000000002,-0.2814058,0.032284020000000024,-0.21926821999999996,-0.0037941400000000014,-0.23147853999999995,0.03695432000000004,-0.12713781999999996,-0.03416163,-0.1297639,0.06890478,-0.08195962000000001,-0.0011422799999999955,-0.023811479999999996,0.010534619999999995,5.520000000092118e-06,-0.010534619999999995,-5.519999999981096e-06,0.004068879999999997,0.15527468,0.0028423200000000093,0.16781648000000005,-0.0019730099999999973,0.30770398,-0.0028610799999999603,0.33064188000000005,0.004670300000000016,0.0921304,0.03195045999999996,0.045178199999999946,-0.030367489999999997,0.10171463999999997,0.03301935,0.10595241999999999,-0.006465739999999998,0.1552691599999999,-0.006041889999999994,0.1524293,0.013376940000000004,0.16782200000000003,-0.00570339999999997,0.1628254,-0.036078160000000026,-0.012210319999999997,-0.02106923999999999,-1.1040000000073213e-05,0.1006248466018469,0.02559179130497122
0.07629972500000004,-0.256906915,0.07504397500000004,-0.26369985500000004,0.07334659500000001,-0.270543815,0.053036865000000044,-0.270040235,0.04419299500000001,-0.282814915,0.032847945000000045,-0.22026803500000003,-0.003108944999999974,-0.23348226500000002,0.037217495000000045,-0.12848241500000002,-0.03567220499999996,-0.13276638500000004,0.06968829500000001,-0.08352861499999997,-0.002629804999999985,-0.025920855000000076,0.010551635000000004,0.00019758500000000012,-0.010551635000000004,-0.00019758500000000012,0.004914165000000026,0.15431708499999996,0.003417735000000033,0.16632918499999994,0.0011915550000000108,0.30633638499999993,-0.00418773499999997,0.32890493499999995,0.00436955,0.09178562000000001,0.032470799999999966,0.044953800000000044,-0.03256325999999998,0.10071587999999998,0.03304239999999997,0.10684552999999997,-0.005637469999999978,0.15411949999999996,-0.003722610000000015,0.15201929999999997,0.013969370000000036,0.16652676999999994,-0.007605470000000003,0.16257575000000002,-0.03595689000000002,-0.013214229999999993,-0.021103270000000007,-0.00039517000000000024,0.10250473707295481,0.026915460427824826
0.07575531000000002,-0.25710384999999997,0.07450638999999998,-0.26395228,0.07281815000000003,-0.2707442,0.05250321000000002,-0.2706885,0.04364661000000003,-0.2833363,0.03199541,-0.22071261999999997,-0.003650409999999993,-0.2337981,0.03586431000000001,-0.12983964999999997,-0.03776774999999999,-0.13427042,0.06948837000000002,-0.08341469999999995,-0.003419789999999978,-0.024194599999999955,0.010272210000000004,1.9700000000066886e-05,-0.010272210000000004,-1.9699999999955864e-05,0.0038686600000000237,0.15394936000000004,0.0031755099999999925,0.16703717000000007,-0.0006831700000000107,0.306206,-0.004223470000000007,0.3292621,0.0038689000000000084,0.09087297,0.03362406000000001,0.04642495000000002,-0.034117339999999996,0.09952768000000001,0.03434796000000001,0.11007582000000005,-0.00640354999999998,0.15392965999999997,-0.0045518300000000345,0.15225663999999994,0.013447719999999996,0.16705687000000002,-0.0073989799999999994,0.16222492999999993,-0.035645819999999995,-0.013085480000000038,-0.020544420000000008,-3.940000000002275e-05,0.10231252469031152,0.02512730486674606
0.076240325,-0.25751797,0.074887765,-0.2646702,0.07318069500000002,-0.271147,0.05281744500000002,-0.27230028,0.04404498499999998,-0.28408826000000004,0.031829045,-0.22235868000000003,-0.002672714999999992,-0.23446054,0.03471152500000002,-0.13169570000000003,-0.03774549500000002,-0.13517508,0.069241775,-0.08544070000000004,-0.0026018749999999757,-0.02601034000000002,0.009868875,-0.00024179999999995871,-0.009868875,0.00024179999999995871,0.004387365000000032,0.15362949999999997,0.003897385000000031,0.16755940000000002,-0.00037674500000001165,0.30542594,-0.003522324999999993,0.32930479999999995,0.0028824800000000206,0.09066298,0.034530249999999985,0.04625499999999999,-0.035072780000000026,0.09928545999999999,0.03514362000000004,0.10916473999999998,-0.005481509999999967,0.15387129999999993,-0.004764110000000044,0.15179644000000003,0.01376626000000003,0.16731760000000007,-0.007419710000000024,0.16174539999999993,-0.03450175999999999,-0.012101859999999964,-0.01973775,0.00048359999999991743,0.10384601010929603,0.02723938588844468
0.07634636499999997,-0.257048595,0.07508258499999998,-0.264144915,0.073381535,-0.270697165,0.053204114999999996,-0.271456675,0.044573185000000015,-0.283599735,0.03226732500000001,-0.22101123499999997,-0.0023515150000000262,-0.23448406500000002,0.035354584999999994,-0.130543095,-0.03849638500000002,-0.137278065,0.07008230500000001,-0.08417360500000004,-0.002694014999999994,-0.027263985000000046,0.009829284999999965,-1.2534999999980201e-05,-0.009829285000000021,1.2534999999980201e-05,0.0040953049999999935,0.15373546500000002,0.004222744999999972,0.16729630500000003,-4.0295000000023506e-05,0.30583162500000005,-0.003516085000000002,0.329713665,0.0030872599999999806,0.09046813999999997,0.03472772000000002,0.04636948999999996,-0.036144869999999996,0.09720600000000001,0.03580237000000003,0.11001407999999996,-0.005733979999999972,0.153748,-0.004135600000000017,0.15209616000000004,0.014052029999999993,0.16728377000000005,-0.007738829999999974,0.16241735999999996,-0.03461884000000004,-0.013472830000000047,-0.019658569999999986,2.5069999999960402e-05,0.10350609703136002,0.02819433668812412
0.07709788000000001,-0.25610998000000007,0.07575683999999999,-0.26329013000000007,0.07418721,-0.26976463000000006,0.05364816,-0.27134730000000007,0.04527526000000004,-0.28325248000000003,0.03234738000000004,-0.22153494000000007,-0.0017764699999999745,-0.23421514000000004,0.03574171000000004,-0.13128197000000003,-0.03809547999999996,-0.13654876000000005,0.07112273000000002,-0.08419470000000007,-0.0014435700000000051,-0.026862230000000098,0.009463119999999992,-0.0002467000000000441,-0.009463119999999992,0.0002466999999999331,0.0032632000000000216,0.15442809999999996,0.0053599400000000075,0.16879734999999996,-0.0012181499999999734,0.3065186999999999,-0.0011378200000000116,0.33168319999999996,0.003394330000000001,0.09025297000000004,0.035381019999999985,0.04708726999999996,-0.036319009999999985,0.09766638,0.036651909999999954,0.10968652999999995,-0.00619991999999997,0.1546748,-0.004481349999999995,0.15209059999999996,0.014823059999999999,0.16855065000000002,-0.006497760000000019,0.16288585,-0.03412385000000001,-0.012680199999999975,-0.018926239999999983,0.0004933999999999772,0.10415936928261474,0.028270254118903874
0.07693687999999999,-0.25678141499999996,0.07546272999999998,-0.26406564499999996,0.07388173999999997,-0.27045347499999994,0.05328837999999997,-0.272270635,0.04460752000000001,-0.28394131499999997,0.03188932,-0.22197135499999998,-0.0017312800000000017,-0.23535095499999997,0.03492200000000001,-0.131656275,-0.03758419000000002,-0.139407505,0.07073224,-0.08479012499999994,-0.0018354400000000215,-0.028958335,0.00941249999999999,-3.3775000000013655e-05,-0.00941249999999999,3.3775000000013655e-05,0.0030668999999999835,0.15514789500000004,0.004288779999999992,0.16867427499999998,-0.00016129000000003613,0.30758367500000006,-0.0019285700000000183,0.331748025,0.00303268000000001,0.09031507999999999,0.03581023999999999,0.04686615000000005,-0.035852910000000016,0.09594344999999999,0.035748749999999996,0.11044916999999999,-0.006345600000000007,0.15518167000000005,-0.0032281900000000197,0.15243578000000002,0.013701279999999982,0.16864049999999997,-0.00621735000000001,0.16307375000000002,-0.0336206,-0.013379599999999991,-0.01882499999999998,6.755000000002731e-05,0.10461237679639102,0.029965885278024084
0.07682812,-0.256690565,0.07524160000000002,-0.26389550500000003,0.07377604000000004,-0.270404005,0.05275381000000001,-0.271454835,0.04408044,-0.283349595,0.03128617,-0.22071751500000003,-0.0018812099999999665,-0.23382710499999998,0.03530047000000003,-0.12986226500000003,-0.03466575999999999,-0.13604431500000003,0.07058424000000002,-0.08406746499999995,-0.0005260300000000107,-0.024905865000000027,0.009368690000000013,4.103499999996707e-05,-0.009368689999999957,-4.103499999996707e-05,0.0030648699999999973,0.15596653500000002,0.00407527000000002,0.168941475,-0.00025290000000000035,0.30954653499999996,-0.0017040299999999675,0.33209753499999994,0.004014300000000026,0.09085525,0.03528376999999999,0.04579480000000008,-0.03278455000000002,0.09778278999999995,0.03413972999999998,0.11113845,-0.0063038200000000155,0.15592550000000005,-0.0033177699999999977,0.15357999999999994,0.013443959999999977,0.16898250999999997,-0.005779299999999987,0.16315605999999994,-0.03316737999999997,-0.013109589999999949,-0.01873737999999997,-8.206999999993414e-05,0.10402683948891502,0.02639038474150201
0.07637967499999998,-0.25915323,0.07459332499999993,-0.26669059000000006,0.07277523499999994,-0.27280758000000005,0.052017644999999946,-0.27434690000000006,0.04190909499999995,-0.28503592000000005,0.030877014999999952,-0.22255258000000006,-0.003043875000000029,-0.23381025000000005,0.03487296499999998,-0.13177980000000006,-0.033899585000000065,-0.13503052000000004,0.06985231499999994,-0.08622841000000003,-0.0014499850000000425,-0.025324349999999995,0.00966705499999998,-0.0003218500000000679,-0.009667055000000035,0.0003218499999999569,0.003243674999999946,0.1545856499999999,0.0034566149999999407,0.16856505,-0.001813335000000027,0.30725585,-0.0019036350000000701,0.33008088999999996,0.003995950000000026,0.09077278,0.034979349999999965,0.045551390000000025,-0.030855710000000036,0.09877973000000001,0.03244960000000002,0.10970617000000005,-0.006423380000000034,0.15490749999999998,-0.005057009999999973,0.1526702000000001,0.013123669999999976,0.16824320000000004,-0.005360250000000011,0.16151583999999997,-0.03392088999999998,-0.011257669999999997,-0.019334110000000015,0.0006437000000000248,0.10489138464288279,0.02693042542970492
0.07710804999999998,-0.25795374,0.07554373000000003,-0.26574714,0.07326540000000004,-0.2716568,0.05350227000000002,-0.27406315,0.04218691000000002,-0.28429083,0.03166347000000003,-0.22252139999999998,-0.0017784299999999975,-0.23332799999999998,0.03570836999999999,-0.12937900000000002,-0.03221776999999998,-0.13253937,0.07053190000000004,-0.0841516,-0.001419730000000008,-0.024587550000000014,0.009557629999999984,-0.0003446999999999756,-0.009557629999999984,0.0003446999999999756,0.003752940000000038,0.15454489999999999,0.004405270000000017,0.16868800000000006,-0.00011572999999998057,0.30732747000000005,-0.0014079300000000017,0.33009096000000004,0.004044899999999962,0.09314239999999996,0.03482353000000005,0.04522740000000003,-0.03043933999999998,0.10078862999999999,0.03079803999999997,0.10795181999999998,-0.005804689999999946,0.15488959999999996,-0.0038686700000000185,0.15278257000000006,0.0139629,0.16834330000000008,-0.005813200000000018,0.16140295999999998,-0.033441900000000024,-0.0108066,-0.019115259999999967,0.0006893999999999512,0.10364100583091092,0.02622675173315405
0.07761810500000005,-0.25801915,0.07623199500000005,-0.26562445,0.07388217500000005,-0.27177998,0.054238385000000056,-0.27361873,0.04247073500000004,-0.28446742999999997,0.03235710500000005,-0.22243281999999998,-0.002203244999999965,-0.23325548000000002,0.03665953500000002,-0.13003469,-0.031191044999999973,-0.13182490999999996,0.07042125500000002,-0.08496218999999994,-0.0007997349999999681,-0.01946205000000001,0.009855965000000022,-0.000472550000000016,-0.009855964999999967,0.000472550000000016,0.0024781950000000164,0.15368347999999998,0.00387627500000004,0.16997145000000002,-0.0013385949999999425,0.30615044999999996,0.00017497500000002164,0.33161865,0.004302429999999968,0.09239812999999997,0.033761719999999995,0.04507250000000007,-0.028987800000000008,0.10143057000000005,0.030391310000000005,0.11236285999999995,-0.007377770000000006,0.15415603,-0.003816789999999959,0.15246696999999998,0.013732240000000007,0.1694989,-0.0037013000000000185,0.1616472,-0.03456035000000002,-0.01082266000000004,-0.01971192999999999,0.000945100000000032,0.1039550557698551,0.021895286683962394
0.07712477499999998,-0.258681985,0.07567472499999994,-0.266349225,0.07333780499999998,-0.272369575,0.05362607499999994,-0.274463745,0.04179604499999995,-0.284944575,0.03158467499999995,-0.22318578500000003,-0.0025579750000000456,-0.23333976499999998,0.03577871499999996,-0.13065452500000002,-0.032064125000000054,-0.131604495,0.06976215499999994,-0.08556396499999996,-0.001209605000000058,-0.020583574999999965,0.009692354999999986,-0.0006282250000000378,-0.009692355000000041,0.0006282250000000378,0.0017540249999999369,0.15314907499999997,0.0035565949999999402,0.16986667499999997,-0.0016068050000000444,0.305509975,-0.00045599500000004234,0.331054325,0.00419404000000001,0.09253126,0.033983439999999976,0.04509056000000006,-0.02950615000000001,0.10173526999999999,0.030854519999999996,0.11102092000000002,-0.007938330000000049,0.1537773,-0.0033608299999999813,0.15236090000000002,0.013248949999999982,0.16923844999999993,-0.0040125899999999826,0.16118765000000002,-0.03414265,-0.010153979999999951,-0.019384710000000027,0.0012564500000000756,0.10403105690796177,0.022845076204786444
0.076714895,-0.25909561,0.075339125,-0.26674147,0.07307739499999999,-0.27286567,0.053416454999999974,-0.27472532,0.041834594999999974,-0.28555387,0.03125689500000001,-0.22354189000000002,-0.0026179050000000315,-0.23395096999999998,0.03586306499999997,-0.13090971,-0.032411825000000005,-0.13191936999999998,0.069383525,-0.08592606999999997,-0.0012971549999999943,-0.021273470000000017,0.00977097499999996,-0.0005415699999999912,-0.009770975000000015,0.0005415699999999912,0.0028324650000000062,0.15291063000000005,0.0027383449999999754,0.16936213,0.001346595000000006,0.30535756999999997,-0.002174865000000026,0.33006553000000005,0.004606169999999965,0.09263218000000001,0.03352046000000003,0.04498364000000005,-0.029793919999999974,0.1020316,0.03111467000000001,0.11064589999999996,-0.006938509999999953,0.15345220000000004,-0.0014858700000000002,0.15244693999999992,0.01250931999999999,0.16882056,-0.004913210000000001,0.16070340000000005,-0.03387480000000004,-0.01040907999999996,-0.019541949999999975,0.0010831399999999825,0.10413533961990282,0.023403025351308764
0.07618974,-0.25885935,0.0751558,-0.26654426999999997,0.07236172000000002,-0.27261077,0.05387194000000001,-0.27465238,0.04106432999999998,-0.28542625,0.031543600000000005,-0.22342301999999997,-0.0030058800000000163,-0.23391833,0.035264180000000034,-0.13089865,-0.032990469999999994,-0.13206429999999997,0.06923469999999998,-0.08601590000000003,-0.002634279999999989,-0.019964709999999997,0.009951600000000005,-0.0005312499999999831,-0.009951600000000005,0.0005312499999999831,0.0024121200000000176,0.15392234999999999,0.002349829999999997,0.17054091000000005,0.0001790999999999876,0.30659917999999997,-0.002270300000000003,0.33144925000000003,0.003720580000000029,0.09252436999999997,0.03397051999999995,0.04488274999999997,-0.029984589999999978,0.10185403000000004,0.030356190000000005,0.11209958999999997,-0.007539479999999987,0.15445359999999997,-0.00223302000000003,0.15267682999999999,0.012301430000000002,0.17000966000000006,-0.00462013,0.16090833999999998,-0.03454948000000002,-0.010495310000000035,-0.01990320000000001,0.0010624999999999662,0.10402937725100783,0.02176298573964518
0.07646661500000002,-0.2581546250000001,0.075564715,-0.26572525500000005,0.072647095,-0.27193367500000004,0.05439200500000002,-0.2736172250000001,0.04121033499999999,-0.28473752500000005,0.03211933500000003,-0.22237832500000004,-0.0034887249999999703,-0.23290610500000009,0.035703894999999986,-0.12957592500000004,-0.033570464999999994,-0.12968528500000004,0.06939077500000002,-0.08566436500000008,-0.0033635850000000023,-0.017872725000000034,0.010220704999999997,-0.0005128750000000792,-0.010220704999999997,0.0005128749999999682,0.0026087750000000076,0.154296475,0.00267213500000002,0.17039007499999992,-0.0006558050000000093,0.3072076749999999,-0.001237664999999999,0.33160357499999993,0.003584559999999959,0.09280240000000001,0.03368688000000003,0.04391155999999996,-0.030081740000000023,0.10322082000000005,0.03020687999999999,0.11181256,-0.007611929999999989,0.15480935000000007,-0.003264580000000017,0.1529111999999999,0.012892840000000017,0.16987719999999995,-0.003909800000000019,0.1612135,-0.03560806,-0.010527780000000042,-0.020441409999999993,0.0010257500000000475,0.1036912408693473,0.019622700681975455
0.07690995,-0.25715833999999993,0.07596492999999999,-0.2647371999999999,0.07316643,-0.2709421799999999,0.05461185000000002,-0.2725876199999999,0.041825909999999966,-0.2836763199999999,0.03231295000000001,-0.2215251599999999,-0.0030246200000000334,-0.23131039999999992,0.036216780000000004,-0.1283230399999999,-0.03236289000000003,-0.12634979999999996,0.07009543000000001,-0.08450079999999993,-0.0026664299999999974,-0.01616375999999986,0.01010759,-0.000601899999999933,-0.01010759,0.0006019000000000441,0.0032001600000000074,0.15464960000000005,0.0032606299999999866,0.17045330000000014,-0.0005780000000000229,0.3086365500000001,-8.909000000001388e-05,0.3326281000000001,0.003903829999999997,0.09320212,0.03387865000000001,0.04382223999999996,-0.02933827,0.10496059999999996,0.029696460000000036,0.1101860400000001,-0.006907429999999992,0.1552515,-0.0037781600000000304,0.15398695000000007,0.013368219999999986,0.1698514000000001,-0.0033497200000000005,0.16217479999999995,-0.03533757000000004,-0.009785240000000028,-0.02021518,0.0012037999999999771,0.10313857847127621,0.018342797425180187
0.07650792500000003,-0.2578048,0.07550160500000003,-0.2651841,0.07287986499999999,-0.27152912,0.054023345,-0.2729642,0.04163752500000001,-0.28439848,0.03211365500000002,-0.22208260000000002,-0.0035739349999999726,-0.2324962,0.035914025000000016,-0.12864153,-0.03264497500000002,-0.12808109999999995,0.06971322499999999,-0.08508000000000004,-0.0034603249999999863,-0.017219940000000045,0.010207424999999992,-0.0005692000000000474,-0.010207424999999992,0.0005692000000000474,0.003020624999999999,0.15329700000000002,0.003215065000000017,0.16976126000000002,-0.0018473350000000055,0.3064336,0.00013202499999998007,0.3318255,0.0038003699999999974,0.09344107000000001,0.033799199999999974,0.04356152999999996,-0.029071040000000048,0.10441510000000004,0.029184650000000034,0.1108611599999999,-0.007186799999999993,0.15386620000000006,-0.0048679600000000045,0.15313659999999996,0.01342249000000001,0.16919205999999998,-0.003083040000000037,0.16206423999999997,-0.03568758999999999,-0.010413599999999967,-0.020414849999999984,0.0011384000000000949,0.10335867428658321,0.019025689484210642
0.07620083,-0.25705488000000004,0.07533965999999997,-0.26440905000000003,0.07263869,-0.27077587000000003,0.05408193,-0.27246795000000007,0.041673970000000005,-0.28406553000000007,0.03173313999999999,-0.22183073000000003,-0.003343750000000034,-0.23256403000000003,0.034600189999999975,-0.12879239000000003,-0.032816570000000045,-0.12899930000000004,0.06949478999999997,-0.0845824300000001,-0.003092360000000016,-0.018422530000000048,0.009948750000000006,-0.0005021299999999895,-0.009948750000000006,0.0005021299999999895,0.0027985399999999605,0.15377176999999997,0.003465389999999957,0.1696757299999999,-0.0028175599999999967,0.3073553699999999,0.00033570999999998907,0.33250757,0.002867049999999982,0.09303834,0.0348946,0.04420995999999994,-0.02947282000000001,0.10356473,0.02972421000000003,0.11057676999999999,-0.007150210000000046,0.15427389999999996,-0.005616099999999957,0.15358359999999993,0.013414139999999963,0.16917359999999992,-0.003129679999999968,0.16283184000000006,-0.03507689000000003,-0.010733300000000001,-0.019897500000000012,0.001004259999999979,0.10303022725283884,0.020128408778333703
0.07585642999999997,-0.258771785,0.07496717999999997,-0.26623788499999995,0.07228688,-0.2724959049999999,0.05367559999999999,-0.27452066499999994,0.041341819999999974,-0.28583980499999995,0.031415250000000006,-0.22386086499999996,-0.003769630000000024,-0.23394868499999993,0.03430256999999998,-0.13189378499999993,-0.033922070000000026,-0.13140681499999995,0.06903628,-0.08683765499999996,-0.003799700000000017,-0.022036784999999948,0.010056349999999992,-0.0006613149999999957,-0.010056349999999992,0.0006613149999999957,0.003300729999999974,0.15263056500000005,0.002349029999999974,0.16909751500000003,-0.0019037299999999924,0.30557861500000005,-0.0008715300000000092,0.33054491500000005,0.002887319999999971,0.09196708000000003,0.03473371000000003,0.04505612999999997,-0.030152440000000003,0.10254186999999998,0.03012237000000001,0.10937003000000001,-0.006755620000000018,0.15329188000000005,-0.005204459999999966,0.15294805,0.012405379999999966,0.16843620000000004,-0.0032205599999999834,0.16144740000000002,-0.03518488000000003,-0.01008781999999997,-0.020112699999999983,0.0013226299999999913,0.10442697792524926,0.02354462598625209
0.07649112000000002,-0.25832332,0.07536362000000002,-0.26601584,0.07264972000000003,-0.27204332,0.053892019999999985,-0.27404944999999997,0.041424479999999986,-0.28470607,0.032666450000000014,-0.22235315,-0.004002359999999983,-0.23306294,0.03476267999999999,-0.13160256999999997,-0.03524305999999999,-0.13379519,0.06911112000000003,-0.08636747,-0.004335939999999983,-0.023983879999999957,0.01044908,-0.0005764799999999903,-0.01044908,0.0005764799999999903,0.003193620000000008,0.15298688000000005,0.0019068999999999892,0.16902101999999997,-0.0025952399999999987,0.30505068,0.00024521999999999045,0.33108105,0.0020962299999999767,0.09075058000000003,0.034348440000000036,0.04523509999999997,-0.03124070000000001,0.09926774999999999,0.03090712000000001,0.10981131000000005,-0.007255459999999991,0.15356336000000004,-0.005788860000000007,0.15206379999999997,0.012355979999999989,0.16844453999999998,-0.0016616799999999987,0.16206003000000002,-0.036668809999999996,-0.010709789999999997,-0.02089816,0.0011529599999999807,0.10392944194087499,0.025309716789983994
0.07641300500000003,-0.25723218999999997,0.07532387500000004,-0.26498227999999996,0.07259733500000004,-0.27092882999999995,0.05403603500000004,-0.27343562,0.041687695000000025,-0.28396125,0.03252300500000005,-0.22159678,-0.004246964999999936,-0.23276990999999997,0.033763635000000014,-0.13108342999999995,-0.03970831499999994,-0.13552939999999997,0.06915780500000002,-0.08520474999999994,-0.005305864999999965,-0.02772825000000001,0.01022663500000004,-0.0007180500000000256,-0.010226634999999984,0.0007180500000000256,0.0026982150000000593,0.15230715000000006,0.002751795000000057,0.16905225000000002,-0.0035382249999999504,0.3057047500000001,-4.011499999995172e-05,0.33299665,0.0012406299999999648,0.09051335000000005,0.03539417,0.045878680000000005,-0.03546135,0.09724051,0.03440244999999997,0.10780114999999996,-0.00752841999999998,0.15302520000000008,-0.00623644000000001,0.15339760000000002,0.01297843000000004,0.1683342,-0.0027919100000000086,0.1639444,-0.036769969999999985,-0.011173129999999976,-0.020453270000000023,0.0014361000000000512,0.10300915141121629,0.028868771381596794
0.07668745999999999,-0.25589150000000005,0.07534102000000004,-0.26371382000000004,0.07299402999999999,-0.2695869,0.05371836000000002,-0.27212984,0.042692370000000035,-0.28244680000000005,0.03301870000000001,-0.21997957,-0.004227700000000001,-0.23193209000000004,0.03376028000000003,-0.13089460000000003,-0.0434022,-0.13809193000000003,0.06960175000000002,-0.08433453000000002,-0.006518450000000009,-0.03051035000000002,0.010188799999999998,-0.0007413000000000558,-0.010188799999999998,0.0007412999999999448,0.0030119499999999855,0.15232016999999998,0.0031271600000000177,0.16931874999999996,-0.0034638599999999853,0.30517189999999994,0.0005113999999999952,0.3343177599999999,0.0007415800000000194,0.08908496999999999,0.035841469999999986,0.04656007000000001,-0.0391745,0.09384016,0.03688374999999999,0.10758158000000001,-0.007176850000000012,0.15306147000000003,-0.006475809999999971,0.15285172999999996,0.013315960000000016,0.16857745000000002,-0.0026157600000000225,0.16499900999999995,-0.03724640000000001,-0.011952520000000022,-0.020377599999999996,0.0014826000000000006,0.1025559687660128,0.031466443981565465
0.07726458000000003,-0.25683291,0.07549510000000004,-0.26470963000000003,0.07385293000000004,-0.27055944000000004,0.05282513,-0.27334616000000006,0.04338727000000003,-0.28354151000000005,0.03244767000000004,-0.22131508000000005,-0.004892079999999965,-0.23167441000000005,0.03544839999999999,-0.13253153000000006,-0.045353949999999976,-0.13644890000000004,0.07025580000000003,-0.08418258,-0.007254149999999959,-0.030671340000000047,0.009876099999999999,-0.0011543800000000104,-0.009876099999999999,0.0011543800000000104,0.0013667700000000171,0.1524229199999999,0.004057299999999986,0.17033761999999997,-0.005526399999999987,0.30553688999999995,0.002514039999999995,0.3336917199999999,0.0030007299999999515,0.08878354999999999,0.034807400000000044,0.04834895000000006,-0.04046187000000001,0.09522551000000001,0.03809980000000002,0.10577755999999999,-0.008509329999999982,0.15357729999999992,-0.006893170000000004,0.15311397000000004,0.013933399999999985,0.16918323999999996,-0.0015432599999999908,0.16335409999999995,-0.037339750000000005,-0.01035933,-0.019752199999999998,0.002308760000000021,0.10266153207180381,0.03193354154053233
0.07865603500000007,-0.25695879,0.07689725500000005,-0.26515215000000003,0.07510777500000004,-0.27074171,0.05439617500000005,-0.27424105000000004,0.044891135000000026,-0.28386528,0.03365056500000002,-0.22156895000000004,-0.0032780549999999464,-0.23254562,0.03616105500000005,-0.13275993000000003,-0.046002604999999974,-0.13904089000000003,0.07172831500000004,-0.08435411000000004,-0.006372344999999946,-0.03309775000000004,0.009714085000000039,-0.0010002500000000358,-0.009714084999999983,0.0010002500000000358,0.0023243650000000504,0.15246724999999994,0.004973075000000049,0.16918699999999998,-0.00351570499999998,0.30586934999999993,0.002831615000000065,0.33249034999999993,0.002510490000000032,0.08880902000000002,0.03556725999999999,0.04840581999999999,-0.04272455000000003,0.09350472999999998,0.03963026000000003,0.10594313999999999,-0.0073897199999999885,0.15346749999999998,-0.0058400700000000305,0.15340209999999999,0.014687160000000032,0.16818674999999994,-0.002141459999999984,0.16330334999999996,-0.03692861999999997,-0.010976669999999966,-0.019428170000000022,0.0020005000000000717,0.10389239962284297,0.034261360600939435
0.07940396,-0.25487031000000004,0.07765183000000003,-0.26310953000000004,0.07555559,-0.26857899,0.055490960000000034,-0.27204360000000005,0.04508871000000003,-0.28137073,0.03483489000000001,-0.21907863000000005,-0.002968439999999961,-0.23146506000000006,0.03628706000000004,-0.13027437000000003,-0.04760550999999996,-0.13992571000000004,0.07226776000000001,-0.08240237000000006,-0.006991089999999978,-0.03241589,0.010011290000000006,-0.0007223299999999933,-0.010011290000000006,0.0007223299999999933,0.0030375400000000052,0.15370861999999996,0.0058364300000000036,0.16909991000000002,-0.001937339999999954,0.30747466999999995,0.002637620000000007,0.33409771999999993,0.0014521700000000304,0.08880426000000002,0.03598069999999998,0.04787199999999997,-0.04463707,0.09153935000000002,0.040614419999999984,0.10750982000000003,-0.006973750000000001,0.15443094999999996,-0.004974879999999959,0.15376605,0.01584772000000001,0.16837758000000003,-0.0031988099999999964,0.1649978099999999,-0.03780332999999997,-0.012386430000000004,-0.020022580000000012,0.0014446599999999865,0.10270100774219555,0.033275565101263116
0.07972450000000003,-0.25608374500000003,0.07784170000000001,-0.26451492500000007,0.07584976999999998,-0.26986604500000005,0.05544427000000002,-0.27387164500000005,0.045096899999999995,-0.282915385,0.034262269999999984,-0.22047028500000004,-0.0029275400000000062,-0.23278251500000002,0.036046120000000015,-0.13299328500000002,-0.049493940000000014,-0.14321384500000006,0.07177650000000002,-0.084522345,-0.007920329999999975,-0.033621495,0.009648800000000013,-0.000858004999999995,-0.009648800000000013,0.000858004999999995,0.001902159999999986,0.15330605499999994,0.006179119999999982,0.16959059499999996,-0.002078919999999984,0.30669450499999995,0.0026369700000000162,0.33317780499999994,0.0017838500000000312,0.08747700000000003,0.035730380000000006,0.04847094000000002,-0.04656640000000001,0.08956866999999996,0.04157361000000004,0.10959235000000006,-0.007746640000000027,0.15416405999999994,-0.00398107999999997,0.15338845,0.015827919999999995,0.16873258999999996,-0.003542149999999966,0.16358720999999998,-0.03718980999999999,-0.01231222999999998,-0.019297600000000026,0.00171600999999999,0.10420927451491831,0.034522797233000974
0.07970925000000001,-0.25669880500000003,0.07780541000000002,-0.265178695,0.07590519000000001,-0.270553525,0.05523695000000006,-0.274720475,0.04513021000000006,-0.28385426500000005,0.03352337000000005,-0.22083392500000004,-0.002697849999999946,-0.23341522500000006,0.03573525000000005,-0.13418419500000006,-0.04987334999999998,-0.14629136500000006,0.07151781000000001,-0.08545882500000002,-0.00890089999999999,-0.037448225,0.009181370000000022,-0.0008833249999999904,-0.009181369999999967,0.0008833249999999904,0.0011400100000000246,0.15336927499999997,0.006810450000000023,0.17017717499999996,-0.003118549999999942,0.307773035,0.0034629900000000546,0.333660175,0.0022118799999999994,0.08664972999999998,0.03578255999999996,0.048725370000000046,-0.04717550000000004,0.08712386,0.040972449999999994,0.10884314000000006,-0.008041359999999997,0.15425259999999996,-0.004258559999999967,0.15440376,0.01599181999999999,0.16929384999999997,-0.003347459999999969,0.16348300000000004,-0.03622122,-0.012581300000000017,-0.01836273999999999,0.0017666499999999807,0.10506591717642598,0.03833257607862273
0.07920705500000003,-0.2578623400000001,0.077232525,-0.2664387400000001,0.075368555,-0.2717198000000001,0.05459815499999998,-0.2759840600000001,0.04450599500000002,-0.2849192200000001,0.032839375000000004,-0.2215379300000001,-0.0031858849999999994,-0.2341587000000001,0.03477193500000003,-0.13577322000000008,-0.05110234499999999,-0.1485723000000001,0.07090972500000003,-0.08616570000000012,-0.011179994999999998,-0.03820516000000007,0.00912521500000002,-0.0008687000000000555,-0.009125214999999964,0.0008686999999999445,0.001128214999999988,0.15339313999999993,0.005973955000000031,0.17010879999999995,-0.003240044999999969,0.3077994999999999,0.0024644249999999923,0.33269609999999994,0.0019325600000000276,0.08576471000000002,0.03613779,0.04960751999999996,-0.047916459999999994,0.0855864,0.039922349999999995,0.11036714000000003,-0.007997000000000032,0.15426183999999998,-0.004368259999999957,0.15440635999999996,0.015099169999999995,0.1692401,-0.0035095300000000385,0.1625873,-0.03602526,-0.012620770000000003,-0.018250429999999984,0.0017374,0.10532285547278004,0.0391278501345014
0.07866470499999995,-0.25922848,0.07649691499999994,-0.26793072,0.07481770499999996,-0.27301359999999997,0.05356995499999995,-0.27738398999999997,0.04392175499999995,-0.28580206999999996,0.03218253499999996,-0.22282326999999996,-0.0038940450000000126,-0.23436508,0.03434299499999999,-0.13754959,-0.05238326500000001,-0.14904154999999997,0.07026265499999995,-0.08692104999999994,-0.012101005000000054,-0.04092319,0.00917561499999997,-0.001135749999999991,-0.009175615000000026,0.001135749999999991,0.0011178749999999904,0.15226615,0.00513570499999999,0.16997830999999997,-0.00294108500000001,0.30583415,0.0012520749999999636,0.33131038,0.0021604600000000307,0.08527367999999996,0.035919659999999964,0.050628540000000055,-0.04848922,0.08532353000000004,0.04028225999999996,0.10811835999999997,-0.00805773999999998,0.15340189999999998,-0.00405896,0.15356800000000004,0.014311320000000016,0.16884255999999997,-0.0038836300000000268,0.16133207000000005,-0.03607657999999997,-0.011541810000000041,-0.018351229999999996,0.002271499999999982,0.10531260205716877,0.0421605543200715
0.07898264499999996,-0.25800459,0.07675900499999994,-0.26670278999999997,0.07511976499999995,-0.27174293,0.05377240499999997,-0.27608587,0.044243004999999946,-0.28437056,0.03242880499999995,-0.22193438999999998,-0.003455435000000062,-0.23349000999999997,0.03490987499999998,-0.13681997,-0.05209789500000006,-0.14832598999999996,0.07058775499999997,-0.08611749000000002,-0.011934375000000053,-0.039034829999999965,0.009156734999999971,-0.0011047299999999982,-0.009156735000000027,0.0011047299999999982,0.0011616349999999387,0.15251117000000003,0.005413404999999982,0.17017307000000004,-0.0019394150000000554,0.30636652,0.0009652349999999532,0.33155014000000005,0.0024810700000000296,0.08511441999999997,0.035677879999999995,0.050702479999999994,-0.04864246,0.08516402,0.04016352000000001,0.10929116,-0.007995100000000033,0.15361590000000003,-0.003101049999999994,0.15385534999999995,0.01457014000000001,0.16906834000000004,-0.004448170000000029,0.16137707,-0.03588424000000001,-0.011555619999999989,-0.01831347,0.0022094599999999964,0.1048853639983101,0.0402355509588622
0.07951430500000001,-0.25767623999999995,0.07743020499999997,-0.2662673,0.07562021499999999,-0.27152501999999995,0.054665515,-0.27548467,0.04477558500000001,-0.28426413999999994,0.03348348499999998,-0.22127889999999995,-0.0031215450000000033,-0.23357667,0.03569401500000002,-0.13525118999999997,-0.050576075,-0.14734029999999998,0.07130198500000001,-0.08525547,-0.010509594999999983,-0.03930937000000001,0.009480584999999986,-0.0008550299999999789,-0.009480584999999986,0.0008550300000000899,0.0022050249999999716,0.15377143000000004,0.005606184999999986,0.16997499000000005,-0.0014040650000000099,0.30694866,0.0017489050000000228,0.33194513000000003,0.002210530000000044,0.08602770999999998,0.03560796999999999,0.049995719999999966,-0.047454529999999995,0.08623637,0.040066480000000015,0.10803092999999997,-0.007275560000000014,0.15462646000000002,-0.0036090899999999815,0.15317722999999994,0.015086769999999972,0.16911995999999996,-0.003857279999999963,0.16197013999999998,-0.03660502999999998,-0.012297770000000041,-0.01896116999999997,0.0017100600000000687,0.10461988228894929,0.0401775794310721
0.07931496499999996,-0.258242945,0.07715019499999998,-0.26685248500000003,0.07553544499999998,-0.27201095500000005,0.05411130499999994,-0.276535165,0.04480156499999999,-0.285011925,0.032525694999999966,-0.223186445,-0.0026548750000000565,-0.23415864500000005,0.03487635499999997,-0.13641155500000002,-0.049127135000000044,-0.14549188500000004,0.07089838499999995,-0.08534962499999998,-0.009597235000000037,-0.034751124999999994,0.009007214999999957,-0.0011445850000000313,-0.009007215000000013,0.0011445849999999202,0.0014102449999999767,0.15270381499999996,0.006083964999999969,0.17035876500000002,-0.0020212150000000206,0.306355515,0.002375394999999947,0.33203315499999997,0.0023506600000000044,0.08677489,0.03602202999999998,0.05106193000000003,-0.04647225999999999,0.08866676000000001,0.03952990000000001,0.11074076000000005,-0.007596969999999981,0.1538484,-0.0034314599999999973,0.15365170000000006,0.015091179999999982,0.1692141800000001,-0.003708570000000022,0.16167438999999995,-0.03518057000000002,-0.010972200000000043,-0.01801442999999997,0.0022891699999999515,0.10450361565692591,0.03590055877008732
0.07845154000000004,-0.25940444999999995,0.07632721000000003,-0.26773439999999993,0.07488957000000002,-0.27312339999999996,0.05308205000000005,-0.27713245,0.04422231000000004,-0.28617479999999995,0.03190425000000002,-0.22442385999999998,-0.00405314999999995,-0.23496094999999995,0.03468716000000005,-0.13703396999999995,-0.04960700999999995,-0.14387857999999998,0.07069084000000003,-0.08677699999999999,-0.009012369999999936,-0.03443979999999991,0.009240660000000012,-0.0012162000000000006,-0.009240659999999956,0.0012162000000000006,-5.945999999995566e-05,0.15295756000000005,0.004853130000000039,0.1705236400000001,-0.003842919999999972,0.3060908,0.002514450000000057,0.33114385,0.0027829100000000273,0.08738989000000003,0.03600367999999998,0.050256969999999956,-0.04555386,0.09108236999999997,0.040594640000000015,0.10943878000000007,-0.009300119999999967,0.15417376000000005,-0.0037834600000000163,0.15313323999999995,0.014093789999999995,0.1693074400000001,-0.002338679999999982,0.16062020999999993,-0.03595739999999997,-0.010537089999999971,-0.018481319999999968,0.0024324000000000012,0.10534123180726719,0.03565673081374811
0.07953526000000005,-0.26014683,0.07754132000000002,-0.26853833,0.07580654000000003,-0.27389071000000004,0.05450244000000004,-0.27775041,0.04511000000000004,-0.28662218,0.033609420000000056,-0.2249277,-0.0031626099999999546,-0.23511846000000003,0.03629519000000003,-0.13666108,-0.047555849999999955,-0.14173804,0.07162812000000007,-0.08757961999999997,-0.00951592999999995,-0.031219080000000066,0.009561020000000031,-0.0011801200000000067,-0.009561019999999976,0.0011801200000000067,0.0010443500000000272,0.15281551999999998,0.0059623000000000315,0.17021032000000003,-0.0037448799999999505,0.30535828,0.00390904000000003,0.33129801999999997,0.0026857699999999762,0.08826662000000002,0.03533293000000004,0.04908146000000002,-0.04439324,0.09338042000000002,0.038039920000000005,0.11051895999999994,-0.008516670000000004,0.15399564,-0.004789229999999978,0.15254276,0.015523320000000007,0.16903020000000002,-0.002053260000000001,0.16108769999999994,-0.03677203000000001,-0.010190760000000021,-0.019122040000000007,0.0023602400000000134,0.10638232232217906,0.032399231375884595
0.078366345,-0.26102592499999994,0.07638729499999997,-0.2692247549999999,0.07509706499999996,-0.27473697499999994,0.05301411499999997,-0.2786340749999999,0.044561364999999964,-0.28798963499999997,0.029594244999999963,-0.22755055499999993,-0.0019204250000000034,-0.23637957499999995,0.034558184999999964,-0.13828181499999997,-0.04445385500000004,-0.13981210499999996,0.07091466499999999,-0.08796372499999994,-0.007708154999999994,-0.02907653499999996,0.008220814999999992,-0.001202425000000007,-0.008220814999999992,0.001202425000000007,-0.00011762500000001008,0.1515123650000001,0.005037585000000011,0.1686369550000001,0.000900634999999983,0.306415325,-0.0011345050000000079,0.3272163250000001,0.00496394,0.08926873999999996,0.036356480000000024,0.05031809000000004,-0.04253343000000004,0.09656746999999999,0.03674570000000005,0.11073557,-0.008338440000000003,0.1527147900000001,0.001018259999999993,0.15490295999999992,0.013258400000000004,0.16743453000000008,-0.006172090000000019,0.15857937,-0.03151466999999997,-0.00882902000000002,-0.016441629999999985,0.002404850000000014,0.10704224402315418,0.030283299670894482
0.07883096,-0.2621788750000001,0.07706466000000001,-0.2702525550000001,0.07567247999999999,-0.2758984250000001,0.053918330000000014,-0.2793755550000001,0.04545709999999997,-0.2890965050000001,0.030405579999999988,-0.22864803500000008,-0.0010681000000000163,-0.23711812500000007,0.03577676000000002,-0.1394557950000001,-0.041309629999999986,-0.13818979500000012,0.07165447000000003,-0.0889405350000001,-0.004314480000000009,-0.025691275000000124,0.008328439999999993,-0.0011673250000000523,-0.008328439999999993,0.0011673249999999413,0.0006359000000000226,0.15076008499999993,0.005650969999999977,0.1675446249999999,0.0018562699999999932,0.30458792499999987,-0.0003025999999999862,0.32576562499999995,0.005371180000000031,0.08919223999999998,0.03587771000000001,0.050515260000000006,-0.04024152999999997,0.09892832999999995,0.03699514999999998,0.11249851999999999,-0.00769253999999997,0.15192740999999998,0.0012203699999999706,0.15382783999999994,0.01397940999999997,0.16637729999999995,-0.005953569999999964,0.15822100000000006,-0.031473680000000004,-0.008470089999999986,-0.016656879999999985,0.0023346499999999937,0.10823272365262278,0.027156882531719346
0.07855051500000004,-0.2616830500000001,0.07702314500000002,-0.26962620000000004,0.07528108500000003,-0.27539456000000007,0.05426694500000001,-0.2785881800000001,0.044855245000000044,-0.28862611000000005,0.031285525000000036,-0.22830438000000008,-0.001266254999999994,-0.23688630000000005,0.036909945,-0.13737095000000005,-0.037590754999999976,-0.13597176000000005,0.07146286500000004,-0.08859088000000004,-0.002747004999999969,-0.02538918000000001,0.008833525000000009,-0.0010093200000000913,-0.008833524999999953,0.0010093199999999802,0.00036060500000001383,0.1510824799999999,0.004947775000000043,0.16768012,0.0005693750000000386,0.30463461999999997,0.0003942250000000258,0.3260003199999999,0.005624419999999963,0.09093343000000004,0.03455292000000004,0.04878007000000001,-0.03632449999999998,0.10091454,0.03484375000000001,0.11058258000000004,-0.008472919999999995,0.1520918,0.00020877000000002477,0.15355214000000006,0.013781299999999996,0.1666708,-0.004553550000000017,0.1583201999999999,-0.03255178000000003,-0.008581919999999965,-0.017667049999999962,0.0020186400000000715,0.10767062682491077,0.02709107838312088
0.07710445500000002,-0.261692065,0.075591505,-0.269631045,0.07369428500000003,-0.275350045,0.05295002500000001,-0.27871436499999996,0.04283836499999999,-0.288610965,0.030244855000000015,-0.22852243499999997,-0.0027812649999999772,-0.236700105,0.035132825000000034,-0.136589715,-0.037547045,-0.13459168500000002,0.07047546500000001,-0.08829256500000005,-0.0031576449999999867,-0.024064824999999956,0.009066045000000023,-0.001083564999999953,-0.009066044999999967,0.001083565000000064,-0.0008118750000000174,0.15163447500000005,0.002632185000000009,0.16874160500000002,-0.0011803449999999716,0.304927485,-0.0007655850000000131,0.326452835,0.004887970000000019,0.09193271999999997,0.03534263999999998,0.048297149999999955,-0.034765780000000024,0.10210841999999998,0.034389400000000014,0.11052686000000006,-0.00987792000000004,0.15271804,-0.0003684699999999541,0.15329300999999995,0.011698229999999976,0.16765803999999995,-0.003397770000000022,0.15771122999999998,-0.03302611999999999,-0.008177670000000026,-0.01813208999999999,0.002167130000000017,0.10666080135521398,0.025833132023664898
0.07740162499999997,-0.26021998,0.07586557500000002,-0.26799634,0.07409251499999997,-0.27379958000000004,0.05306769499999997,-0.27714911000000003,0.04334653500000002,-0.28721838000000005,0.030726564999999983,-0.22749650000000005,-0.002155565000000026,-0.23530710000000005,0.035888745,-0.13490474000000002,-0.033349324999999985,-0.13137008000000006,0.071119765,-0.08716184000000005,-0.0006626750000000015,-0.01992828000000002,0.009030984999999991,-0.0010877200000000142,-0.009030984999999991,0.0010877200000000142,-0.0005644750000000087,0.15248286999999994,0.0031533349999999793,0.16978501999999995,-0.0033169849999999945,0.30637216999999994,0.0015688349999999907,0.32837182,0.005162180000000016,0.09259176000000002,0.03523102,0.04774289999999998,-0.03119375999999996,0.10393701999999999,0.032686649999999984,0.11144180000000004,-0.00959546,0.15357058999999995,-0.002752509999999986,0.1538893,0.01218431999999997,0.16869729999999994,-0.0015844999999999887,0.15858680000000003,-0.03288213000000001,-0.007810600000000001,-0.018061969999999983,0.0021754400000000285,0.10613091319527411,0.022620806092093652
0.07897636000000002,-0.26045808000000004,0.07723212000000007,-0.26843652,0.07545867000000006,-0.27404973000000005,0.05409818000000005,-0.27741370000000004,0.04425597000000003,-0.28676638000000004,0.031006060000000057,-0.22794357000000004,-4.3899999999930106e-05,-0.23421341,0.03711292000000005,-0.13493252,-0.029203569999999957,-0.12732670000000001,0.07247910000000002,-0.08717785,0.0010064000000000184,-0.014159350000000015,0.00862660000000004,-0.0012551499999999827,-0.008626599999999984,0.0012551499999999827,0.0005299000000000276,0.15152641999999994,0.004696400000000045,0.16929134999999995,0.00019760000000001998,0.30549295,0.0018968200000000213,0.32845839999999993,0.006106859999999992,0.09301105000000004,0.03536617999999997,0.04775467,-0.029159670000000026,0.10688671,0.030209969999999975,0.11316735,-0.008096700000000012,0.15278156999999992,-0.0003323000000000076,0.15396653000000005,0.01332300000000003,0.16803619999999997,-0.0027995800000000237,0.15916704999999998,-0.031049959999999988,-0.006269839999999971,-0.017253200000000024,0.0025102999999999653,0.10705069888394003,0.018176949668467477
0.079973085,-0.26174022499999994,0.07831896500000002,-0.269882545,0.07623891500000002,-0.27535822499999996,0.05525593499999998,-0.27865656499999997,0.044522094999999984,-0.28762220499999996,0.03171233499999998,-0.22869818499999994,0.0005659650000000016,-0.23395584499999994,0.037910265,-0.13583197499999994,-0.02689741499999998,-0.12567489499999995,0.07313428500000002,-0.0883263849999999,0.0031528049999999808,-0.01181122499999998,0.008679135000000004,-0.0014538249999999087,-0.008679135000000004,0.0014538250000000197,0.000721415000000003,0.1512140150000001,0.005465995000000001,0.16971817500000008,0.00040818500000000535,0.3045582750000001,0.003360794999999972,0.32797797500000003,0.006197930000000018,0.09286621,0.03522402000000002,0.04750559000000004,-0.02746337999999998,0.10828094999999999,0.03005021999999996,0.11386366999999997,-0.007957720000000001,0.15266784,-0.0003132299999999977,0.15334426,0.014145130000000006,0.16826435000000006,-0.0021052000000000293,0.15825979999999995,-0.03114636999999998,-0.005257659999999997,-0.01735827000000001,0.0029076499999999283,0.10817258452341841,0.01777516119944063
0.07979461500000001,-0.26155589500000004,0.07804971500000002,-0.2696465250000001,0.07602985499999998,-0.2751675250000001,0.05475176500000001,-0.27834774500000004,0.04393739499999999,-0.28726865500000004,0.03128881499999997,-0.22879420500000008,-0.0001444850000000275,-0.23288512500000008,0.03730876500000002,-0.13666858500000006,-0.026222515000000002,-0.12294267500000011,0.07227610499999998,-0.08872962500000003,0.003983984999999968,-0.008396975000000029,0.008830834999999981,-0.0016710250000000482,-0.008830834999999981,0.0016710249999999371,0.0006825149999999947,0.1511676449999999,0.0046194949999999735,0.170180075,-0.0005595250000000052,0.304155835,0.003100814999999979,0.3279848249999999,0.006019950000000052,0.09212562000000002,0.03496733999999996,0.04793896000000003,-0.026078029999999974,0.10994244999999997,0.03020649999999997,0.11454570000000008,-0.008148319999999987,0.15283866999999995,-0.0012420399999999998,0.15298819000000008,0.013450329999999955,0.16850905000000005,-0.0015186799999999945,0.15780474999999994,-0.0314333,-0.004090919999999998,-0.017661669999999963,0.0033420499999999853,0.10772419467943539,0.016296755371312352
0.07885057000000001,-0.262934595,0.07710177000000001,-0.270823805,0.07513744,-0.276596185,0.05384802999999999,-0.279029965,0.04307843,-0.288626345,0.031309069999999994,-0.22885620499999998,-0.001594490000000004,-0.23483684499999996,0.03752487999999998,-0.136086025,-0.027515650000000003,-0.12556856500000002,0.07157255000000001,-0.09028977500000002,0.0039905899999999606,-0.007754024999999998,0.00933533999999997,-0.0013381249999999678,-0.009335340000000025,0.0013381249999999678,-0.0002714699999999959,0.15148031500000003,0.0032783499999999854,0.16997847500000007,-0.0016092600000000012,0.303768775,0.0023146599999999684,0.327118475,0.006215809999999988,0.09277017999999998,0.03404767000000003,0.04579624999999998,-0.02592116,0.10926827999999994,0.03150623999999996,0.11781454000000002,-0.009606809999999966,0.15281844,-0.0013377900000000054,0.15228845999999996,0.01261369000000001,0.1686403500000001,-0.000963690000000017,0.15713999999999995,-0.03290356,-0.0059806399999999815,-0.018670679999999995,0.0026762499999999356,0.10856273000577414,0.016132191481240205
0.07851406,-0.26494587,0.07677550999999999,-0.27294752000000005,0.07466663999999995,-0.27863635000000003,0.053640439999999956,-0.28104392000000006,0.04249986,-0.29041702,0.03158043999999999,-0.22979806000000003,-0.0022763100000000036,-0.23590998000000007,0.03817458999999995,-0.13623698000000006,-0.028778410000000032,-0.12613132000000005,0.07154821,-0.09144732,0.0034033899999999506,-0.007258220000000093,0.009548469999999976,-0.001363420000000004,-0.009548470000000031,0.001363420000000004,-0.0008531600000000195,0.15059603999999993,0.0031956899999999733,0.16936837999999999,-0.002771910000000044,0.30211738,0.0024841899999999972,0.32527297999999993,0.006594149999999965,0.09356107999999996,0.03337362000000005,0.044789660000000064,-0.02650210000000003,0.10977866000000003,0.03218179999999998,0.11887309999999995,-0.010401629999999995,0.15195945999999994,-0.0019187500000000246,0.15152134000000006,0.012744160000000004,0.16800495999999998,-0.000711499999999976,0.15590459999999995,-0.03385674999999999,-0.006111920000000048,-0.019096940000000007,0.002726840000000008,0.10935756397834401,0.015559028046417334
0.07958285500000001,-0.26396946000000004,0.07781012500000001,-0.27196647,0.07593535499999998,-0.27773423,0.05440656499999996,-0.28008051,0.043900264999999994,-0.28968035000000003,0.03176738499999998,-0.22935407000000002,-0.0012186650000000077,-0.23502573000000004,0.03920976500000001,-0.13633521000000004,-0.027410635000000017,-0.12434856000000005,0.07287027499999998,-0.09112023000000002,0.004713254999999972,-0.005768030000000035,0.009292674999999972,-0.0013797700000000024,-0.009292675000000028,0.0013797700000000024,0.00021650499999997797,0.15106556999999998,0.004130464999999972,0.16925126999999995,-0.0006325349999999896,0.30303037,0.003364664999999989,0.32504866999999993,0.007442380000000026,0.09301885999999998,0.03366050999999998,0.045214980000000016,-0.02619197000000001,0.11067716999999999,0.03212388999999999,0.11858053000000002,-0.009076169999999995,0.15244533999999998,-0.0008490399999999676,0.1519648,0.01342314,0.16787149999999995,-0.0007657999999999832,0.15579739999999997,-0.03298604999999999,-0.005671660000000023,-0.01858535,0.0027595400000000048,0.10997936798678015,0.015724411594870584
0.07924682999999999,-0.26339175499999995,0.07786336999999999,-0.27101360499999994,0.07580302,-0.277187425,0.054916999999999994,-0.27853243499999997,0.044149899999999964,-0.28923740499999995,0.03267032999999997,-0.22841718499999997,-0.0016431700000000271,-0.23458464499999998,0.040348269999999964,-0.13523944499999996,-0.026025620000000027,-0.12205102499999998,0.07272279999999998,-0.09011991499999994,0.0036797599999999764,-0.0025216849999999402,0.00982369999999999,-0.0011701149999999716,-0.00982369999999999,0.0011701150000000826,0.0014388999999999652,0.151318815,0.004074499999999981,0.16864816500000002,-0.0002796600000000149,0.3027040750000001,0.004112499999999963,0.324563315,0.007677939999999994,0.09317774000000001,0.03237453000000001,0.04511953000000002,-0.02438245,0.11253362,0.029705380000000003,0.11952934000000004,-0.008384800000000026,0.15248892999999997,-0.00171855999999998,0.15138526000000008,0.013898199999999972,0.16747804999999993,3.799999999998249e-05,0.15591515,-0.0343135,-0.0061674600000000135,-0.01964739999999998,0.002340230000000054,0.10894201990439682,0.01399902922389975
0.07605470000000003,-0.26458628,0.07450156000000002,-0.27182571,0.073048,-0.27826187999999996,0.05132257000000001,-0.27975465,0.04183120000000001,-0.29111443,0.028848839999999987,-0.23065421999999997,-0.004129500000000008,-0.23621955,0.03634392000000003,-0.13694085,-0.02958052,-0.12058614999999995,0.0692566,-0.09302509999999997,0.00038240000000000496,-0.0024769999999999515,0.00963868000000001,-0.0012434500000000348,-0.00963868000000001,0.0012434500000000348,0.0027499400000000063,0.15067094999999997,0.0017353200000000402,0.16728905000000005,0.00022516999999999676,0.30288845,-0.0018139600000000033,0.32181781,0.007495080000000043,0.09371336999999996,0.03291267999999997,0.04391575000000003,-0.02545101999999999,0.11563340000000005,0.029962920000000004,0.11810915,-0.006888740000000004,0.1519144,-0.0025247700000000095,0.1522175,0.01137400000000005,0.16604560000000002,-0.0035492800000000435,0.15452875999999993,-0.032978339999999995,-0.005565330000000035,-0.01927736000000002,0.0024869000000000696,0.10944481560059793,0.01068942433290494
0.076338285,-0.26368242999999997,0.07478785500000001,-0.27090191999999996,0.07352698499999999,-0.27739023999999995,0.051463904999999976,-0.27884957,0.042548485000000025,-0.29033529999999996,0.028533684999999975,-0.23053133999999997,-0.0036531149999999846,-0.23512172999999997,0.03678598500000002,-0.13784262999999997,-0.029982055000000007,-0.11881439999999999,0.06947413499999999,-0.09263639999999995,0.00023078500000001112,-0.0026377499999999943,0.009355785000000005,-0.001426700000000003,-0.009355785000000005,0.001426700000000003,0.0029659249999999804,0.15000444000000002,0.0023064349999999956,0.16698780000000002,0.0017376550000000046,0.3020988,-0.0022870150000000034,0.32152057,0.008252300000000046,0.09268871000000001,0.03268814999999997,0.045206230000000014,-0.026328940000000023,0.11630732999999999,0.03021284000000002,0.11617664999999999,-0.006389860000000025,0.15143114000000002,-0.0012282699999999758,0.15209435999999998,0.011662220000000001,0.16556110000000002,-0.004593449999999999,0.15453276999999999,-0.03218679999999996,-0.00459039,-0.01871157000000001,0.002853400000000006,0.10924021869628645,0.010412592288541807
0.07682646999999998,-0.2649219299999999,0.07519812999999997,-0.2717911899999999,0.07417184999999998,-0.2786318699999999,0.05163334999999997,-0.2783870699999999,0.04359696999999996,-0.2908083199999999,0.02969999999999995,-0.22872599999999993,-0.003387970000000018,-0.2369285799999999,0.03704484999999996,-0.1382530299999999,-0.02921225000000005,-0.12732184999999996,0.06968988999999998,-0.09304508999999994,0.00010878999999996974,-0.004789499999999891,0.009629769999999982,-0.0007716099999999226,-0.009629770000000037,0.0007716100000000337,0.002347649999999979,0.15074955000000012,0.002077049999999969,0.16684720000000008,4.249999999983434e-06,0.3007348500000001,-0.000685350000000029,0.32156190000000007,0.007344850000000014,0.09047297000000004,0.032645040000000014,0.045207939999999947,-0.025824280000000033,0.10960672999999993,0.02932104000000002,0.12253235000000007,-0.007282120000000003,0.15152116000000004,-0.0023433999999999955,0.1499853,0.011706820000000007,0.16607559000000005,-0.002762399999999998,0.15471469999999998,-0.03308796999999997,-0.00820257999999996,-0.01925954000000002,0.0015432199999999563,0.11009819764975629,0.011214521626253136
0.07824924999999999,-0.26516445000000005,0.07672600000000002,-0.27233614000000006,0.07536009999999999,-0.27882667000000005,0.05329011,-0.27859740000000005,0.044785240000000004,-0.29011415000000007,0.03142680000000003,-0.22883897000000003,-0.0026003,-0.23484780000000005,0.03848217000000004,-0.13868995000000006,-0.02941745000000001,-0.12249490000000007,0.07057462000000003,-0.09277930000000001,0.0014362099999999933,-0.003418000000000032,0.009888070000000027,-0.0011514000000000246,-0.009888069999999971,0.0011513999999999136,0.0032961499999999977,0.1504245999999999,0.0035618700000000225,0.16653973999999994,0.0011705200000000082,0.2998451999999999,0.0005699200000000015,0.3211539,0.007055370000000005,0.09014901999999997,0.032092449999999995,0.04591065000000005,-0.026817150000000012,0.11235289999999998,0.030853660000000005,0.11907690000000004,-0.006591920000000029,0.15157599999999993,-0.0021256299999999895,0.14942060000000001,0.013449939999999994,0.16538834000000002,-0.002991950000000021,0.15461416000000006,-0.03402710000000003,-0.0060088300000000205,-0.019776139999999998,0.0023027999999999382,0.10990236307428744,0.01221141817637897
0.078224185,-0.2640189700000001,0.07675790500000002,-0.27110940000000006,0.075649945,-0.27768086000000003,0.05309214499999998,-0.27729972,0.045503285000000004,-0.28911408000000005,0.030119414999999983,-0.22793328000000007,-0.0019810849999999935,-0.23322320000000007,0.03635134499999998,-0.13634400000000002,-0.029372814999999997,-0.11857810000000002,0.069777215,-0.09172686000000008,-0.0002297150000000192,-0.0029539700000000835,0.009251655000000025,-0.0012788000000000244,-0.009251655000000025,0.0012787999999999133,0.0032683250000000164,0.15094039999999997,0.003625284999999978,0.16745129999999997,0.0009526550000000245,0.30199069999999995,0.00011390500000002524,0.3227222999999999,0.006231929999999997,0.09158928000000005,0.033425870000000024,0.044617139999999944,-0.027391730000000003,0.11464510000000006,0.029143099999999977,0.11562412999999994,-0.005983330000000009,0.1522192,-0.002315669999999992,0.15105029999999997,0.012876940000000003,0.16617250000000006,-0.003511379999999953,0.15527099999999994,-0.032100499999999976,-0.0052899200000000035,-0.01850331000000005,0.0025575999999999377,0.10883103863823596,0.009965527745006789
0.07870818000000002,-0.26077360000000005,0.07713422000000003,-0.26790288000000007,0.07606096000000007,-0.27406856,0.05344099000000002,-0.27435893000000006,0.04640416000000003,-0.28512204,0.03151149000000003,-0.22669206000000003,-0.0012530299999999328,-0.23055586000000006,0.03762827000000002,-0.13579796000000005,-0.02967837999999995,-0.11571646000000002,0.07038126000000006,-0.09055746000000009,-0.0008469499999999575,-0.0011342600000000536,0.00946092000000004,-0.0015169100000000935,-0.009460919999999984,0.0015169099999999824,0.0038960900000000187,0.15107050999999994,0.00482982000000004,0.16803279999999998,0.0014704800000000517,0.30295644,0.0010507500000000447,0.3246478399999999,0.006116779999999988,0.09089409999999998,0.03275299000000004,0.04524049999999996,-0.028425350000000016,0.11483940000000004,0.02883142999999999,0.11458219999999997,-0.005564830000000021,0.15258742000000003,-0.002425609999999967,0.15188593000000006,0.014290740000000024,0.16651589,-0.0037790699999999955,0.15661503999999993,-0.032764519999999964,-0.0038638000000000283,-0.018921840000000023,0.003033820000000076,0.10788654860555184,0.009012723313727137
0.07937993500000001,-0.25998462499999997,0.077618095,-0.26711435499999997,0.07681027499999998,-0.273154535,0.05359259500000002,-0.273310775,0.047329695000000005,-0.283757975,0.03194090500000002,-0.22606302499999997,-0.0009588249999999965,-0.229577435,0.037897495,-0.13685340499999998,-0.031512025,-0.116325075,0.07015258499999999,-0.08982051499999999,-0.0022005649999999877,-0.0027914749999999877,0.009506585000000012,-0.0015252749999999926,-0.009506585000000012,0.0015252749999999926,0.004281405000000016,0.15149372500000002,0.005065435000000007,0.16763262499999998,0.0030263649999999753,0.30400882500000004,0.00033447500000000074,0.32511227500000006,0.005956589999999984,0.08920961999999999,0.032255089999999986,0.047032889999999994,-0.030553200000000003,0.11325236,0.02931146000000001,0.11353360000000001,-0.005225179999999996,0.15301900000000002,-0.0012550400000000406,0.15251510000000001,0.014572020000000019,0.16610735,-0.004730960000000006,0.15747965000000008,-0.032899730000000016,-0.0035144100000000233,-0.019013170000000024,0.0030505499999999852,0.107116696750122,0.008486003700382189
0.08011640000000003,-0.26063944000000006,0.07808850000000006,-0.26807938000000003,0.07707545000000005,-0.27388306000000007,0.05394507000000004,-0.27480994000000003,0.046432620000000036,-0.28448735,0.03163207000000007,-0.22638874000000003,-0.0006470499999999269,-0.23057984000000004,0.03715301000000004,-0.13545728000000007,-0.03236590999999994,-0.11869218000000004,0.06966375000000002,-0.09003241000000006,-0.004361389999999965,-0.005192530000000084,0.009275550000000021,-0.001461820000000058,-0.009275549999999966,0.001461819999999947,0.003453980000000023,0.15057721999999996,0.0052139800000000625,0.16711511999999995,0.0031425700000000667,0.3024875199999999,-0.000548299999999946,0.32390131999999994,0.005520939999999974,0.09093145999999996,0.03251073999999998,0.045424870000000006,-0.031718860000000015,0.11188766,0.028004519999999977,0.11349964999999995,-0.005821569999999998,0.15203904000000001,-0.00031140999999995644,0.15191029999999994,0.014489530000000028,0.1656533,-0.0057622800000000085,0.1567862,-0.032279119999999994,-0.004191100000000003,-0.018551099999999987,0.002923640000000005,0.10719834006265257,0.008272202997273484
0.08006387999999998,-0.26106025,0.07797388,-0.26835788,0.07730601999999998,-0.27435122,0.053567450000000016,-0.27497662,0.047246200000000016,-0.28513445000000004,0.031117039999999985,-0.22670515000000002,-0.0002787000000000206,-0.23171735,0.036273940000000005,-0.13594115,-0.03307165000000001,-0.12080694999999997,0.06943647999999997,-0.08997425000000003,-0.005098419999999992,-0.005459149999999968,0.009025079999999963,-0.001314950000000037,-0.009025080000000019,0.001314950000000037,0.0036206400000000083,0.15041854999999993,0.004953639999999981,0.16675394999999993,0.0035161200000000115,0.30258535,-0.0013371000000000355,0.32378430999999996,0.00515690000000002,0.09076400000000001,0.03316253999999996,0.04596689999999998,-0.03279294999999999,0.11091040000000002,0.027973230000000016,0.1153478,-0.005404439999999955,0.15173349999999997,-0.00010451999999999684,0.15216680000000005,0.01397872,0.1654389999999999,-0.006290740000000017,0.15703036000000004,-0.031395740000000005,-0.005012199999999967,-0.018050159999999982,0.002629900000000074,0.10728470872612741,0.007829884390308727
0.07882114000000001,-0.26136503,0.07704760999999999,-0.26863971999999997,0.07622515000000002,-0.27476258,0.05324538000000001,-0.27585471,0.04648958000000003,-0.28653148,0.02982912999999998,-0.22810515999999997,-0.0005211099999999913,-0.23368457999999998,0.03511892999999999,-0.13784238,-0.03463094,-0.12421053999999998,0.06943291000000001,-0.09033807999999999,-0.007456589999999985,-0.007148379999999954,0.008807049999999983,-0.0012577200000000177,-0.008807049999999983,0.0012577200000000177,0.004149279999999977,0.14932952,0.0034396500000000163,0.16639502000000006,0.005996690000000027,0.30135062,-0.00440278999999999,0.32226926,0.005289800000000011,0.09026277999999999,0.03431398000000002,0.0475043,-0.03410983000000001,0.10947404,0.027174350000000014,0.11706216000000003,-0.0046577700000000055,0.15058724,0.0018474100000000493,0.15202110000000002,0.0122467,0.16513730000000004,-0.007842440000000006,0.15587423999999994,-0.030350239999999973,-0.005579420000000002,-0.017614099999999966,0.0025154400000000354,0.10775344745514734,0.00851388627018235
0.07949776999999997,-0.2609809449999999,0.07775694999999999,-0.2682319049999999,0.07695037999999998,-0.2743786849999999,0.05395264999999999,-0.2754691849999999,0.04740137999999999,-0.2862182849999999,0.03052277999999997,-0.22770411499999987,0.0004871300000000023,-0.2335456849999999,0.03598279999999998,-0.1368131849999999,-0.032971819999999985,-0.12370558499999984,0.07068215,-0.0894617849999999,-0.008044229999999986,-0.005195714999999934,0.008637859999999997,-0.0011934849999999386,-0.008637859999999997,0.0011934850000000496,0.004343459999999966,0.14972741500000009,0.004621199999999992,0.16702071500000015,0.005269059999999992,0.30139591500000007,-0.002774460000000034,0.32333715500000015,0.00546002000000001,0.09089092999999998,0.03469935000000002,0.04735139999999999,-0.03345894999999999,0.10984010000000005,0.02492759,0.1185098699999999,-0.0042944000000000315,0.15092090000000002,0.0009256000000000264,0.15166849999999998,0.01325905999999999,0.1658272300000001,-0.007395660000000026,0.15631644,-0.03003564999999997,-0.005841570000000018,-0.017275719999999994,0.0023869699999999883,0.10789247752505313,0.006416718259118114
0.07805881000000003,-0.26101927999999996,0.07644826000000005,-0.26812685999999997,0.07556987000000004,-0.27438067,0.05280075000000006,-0.27502983,0.04601812000000005,-0.28606265,0.03038759000000002,-0.22742365999999997,-0.0019895699999999406,-0.23228423999999998,0.035277550000000046,-0.13627175999999996,-0.03556864999999998,-0.11988100000000002,0.06904665000000004,-0.08892683999999995,-0.009915139999999933,-0.0045551999999999815,0.009384570000000036,-0.0013594000000000106,-0.009384569999999981,0.0013594000000000106,0.0039550100000000366,0.15052450000000006,0.002229590000000059,0.16763490000000003,0.003153410000000023,0.3016909,-0.003913579999999972,0.32343469999999996,0.0048899600000000265,0.09115190000000001,0.033769099999999996,0.04734492000000001,-0.03357908000000004,0.11240323999999996,0.025653510000000046,0.11532580000000003,-0.00542956,0.15188390000000007,-0.0008016000000000134,0.15116639999999992,0.01161416000000004,0.16627550000000002,-0.006143170000000031,0.15579979999999993,-0.03237715999999996,-0.004860580000000003,-0.018769140000000017,0.002718800000000021,0.1059604659204554,0.005938349744238703
0.07896721500000004,-0.26052303,0.07770465500000001,-0.26774762,0.07642221500000002,-0.27389437,0.05447785500000002,-0.27495832000000003,0.046946915000000033,-0.28590853,0.032210035000000026,-0.22776311999999999,-0.0013478849999999931,-0.23211408,0.038274695000000025,-0.13604880000000003,-0.034089784999999984,-0.11900845000000004,0.07087938500000002,-0.08774755000000001,-0.00817005500000001,-0.004515379999999958,0.009479035000000025,-0.001485650000000005,-0.009479034999999969,0.001485650000000005,0.0022379650000000084,0.15137305,0.004366595000000029,0.16927000000000003,0.0006244650000000185,0.30494224999999997,0.0001246450000000343,0.32685597999999993,0.0060646599999999995,0.09171431999999996,0.03260468999999999,0.04830125000000002,-0.03274189999999999,0.11310562999999996,0.025919729999999974,0.11449307000000009,-0.007241070000000016,0.15285870000000001,-0.00161349999999999,0.15356919999999996,0.013845629999999998,0.16778435000000003,-0.004241949999999994,0.1575859799999999,-0.03355792000000002,-0.004350960000000015,-0.018958069999999994,0.00297130000000001,0.10588256878132726,0.006142132341565057
0.07868905999999998,-0.26120963500000005,0.07746457000000001,-0.26841993500000005,0.07615478999999997,-0.27464139500000007,0.05423121999999997,-0.27546390500000006,0.04681165999999998,-0.28658003500000007,0.032441589999999965,-0.22777458500000003,-0.0018069500000000294,-0.23221811500000006,0.03833694999999998,-0.135012935,-0.033621769999999995,-0.11776098499999998,0.07097235000000002,-0.08786406499999999,-0.007159609999999983,-0.003077295000000091,0.009641889999999986,-0.0015223349999999858,-0.009641889999999986,0.0015223349999999858,0.002103469999999996,0.15091851499999998,0.0042890500000000165,0.16920296499999998,-0.0013322100000000003,0.304562365,0.0013458900000000162,0.327010425,0.005895360000000016,0.09276165000000003,0.03263540000000004,0.04714887000000001,-0.031814819999999966,0.11445713000000007,0.026462160000000012,0.1146836899999999,-0.00753841999999999,0.15244084999999996,-0.0034356799999999965,0.15364385000000003,0.013930940000000003,0.16768063,-0.0029431600000000002,0.15780746,-0.034248539999999994,-0.004443530000000029,-0.019283779999999973,0.0030446699999999716,0.10590712753731216,0.005226692083459741
0.078866775,-0.26038408,0.07770104499999997,-0.26767209000000003,0.076347695,-0.27382564000000004,0.05446077499999996,-0.27511824,0.04687087499999998,-0.28605364000000005,0.03259961499999997,-0.22792798000000003,-0.0020329450000000082,-0.23074037000000003,0.03889920499999999,-0.13437527000000005,-0.033247625,-0.11315944,0.07162215499999997,-0.08692568,-0.006358124999999992,-0.0009754400000000496,0.009689675000000009,-0.001852810000000038,-0.009689675000000009,0.001852809999999927,0.0021439050000000015,0.15121876,0.00422422499999997,0.17026505999999997,-0.0022761250000000177,0.30467106,0.0020741049999999928,0.32731979999999994,0.0062995900000000216,0.09355270999999998,0.03272294999999997,0.04744959000000004,-0.031214679999999995,0.11758093000000003,0.02688950000000001,0.11218399999999995,-0.007545770000000007,0.15307157000000005,-0.004420030000000019,0.15345229999999999,0.013913899999999979,0.16841225000000004,-0.0021501199999999776,0.15705473999999997,-0.03463255999999998,-0.002812389999999998,-0.019379350000000017,0.003705619999999965,0.10522844334583349,0.004370151423577904
0.07764423999999998,-0.2606975,0.07661424,-0.2679232,0.07518725999999998,-0.27416687,0.05360851999999999,-0.27551633,0.045857800000000004,-0.28670191,0.03181145999999996,-0.22902457999999998,-0.003058570000000038,-0.23148586,0.03857195999999996,-0.13633395999999998,-0.03429301000000001,-0.11388403000000002,0.07060668999999997,-0.08826692999999997,-0.006753100000000012,-0.0020477300000000254,0.009819609999999979,-0.0019430700000000467,-0.009819610000000034,0.0019430700000000467,0.0020409899999999648,0.14982297,0.0034350300000000056,0.1692361,-0.0015216000000000118,0.30250577,0.0011755099999999907,0.32508967,0.006760500000000003,0.09269062,0.03203473000000001,0.04806703000000001,-0.031234439999999974,0.11760182999999996,0.02753991,0.1118363,-0.007778620000000014,0.15176604000000005,-0.0035625899999999766,0.1526828,0.01325464000000004,0.16729302999999995,-0.002259520000000015,0.15585357,-0.034870029999999996,-0.00246128000000001,-0.019639220000000013,0.0038861400000000934,0.10557877580378541,0.00503288865564307
0.07724592000000002,-0.26028170000000006,0.07647546999999999,-0.26744347,0.07486323,-0.27378164000000005,0.05390590000000001,-0.2757646,0.045281499999999975,-0.28730570000000005,0.030931890000000017,-0.22988252000000003,-0.003263589999999983,-0.23206301000000001,0.03703698999999999,-0.13768725000000004,-0.035014480000000014,-0.11454783000000002,0.06962821000000002,-0.08836896999999999,-0.008562130000000001,-0.003066670000000049,0.00962426999999999,-0.002035129999999996,-0.00962426999999999,0.002035129999999996,0.00219372000000001,0.15036138,0.0027817199999999875,0.17048743,-0.0014326900000000142,0.3038761299999999,-0.0006678700000000148,0.32669673,0.0061050999999999744,0.09219527,0.03259122000000003,0.04931828000000005,-0.03175089000000003,0.11751518,0.026452350000000013,0.11148115999999997,-0.00743054999999998,0.15239650999999999,-0.0036264100000000243,0.15351474999999992,0.012405989999999978,0.1684523,-0.0034495900000000024,0.1562093,-0.03419548,-0.0021804899999999794,-0.01924853999999998,0.004070259999999992,0.10513802711040951,0.005211190326556922
0.07820824000000004,-0.26110951,0.0775171,-0.26835048999999994,0.07580078000000001,-0.27476554999999997,0.05510396000000001,-0.27669914999999995,0.046251600000000004,-0.28848861,0.03167292999999999,-0.22990236999999997,-0.0020975500000000036,-0.23345250999999995,0.03804305000000002,-0.13724539999999996,-0.03427311999999999,-0.11732284999999998,0.07053825000000002,-0.08944924999999992,-0.008267219999999964,-0.004242099999999915,0.009448650000000003,-0.0018207499999999266,-0.009448650000000003,0.0018207500000000376,0.00264865000000003,0.14934351,0.003966300000000034,0.16950874999999999,-0.0006359499999999962,0.30200865,0.00010050000000000336,0.32489791,0.006370120000000035,0.09265697,0.0324952,0.04779615000000004,-0.03217556999999999,0.11612965999999997,0.026005900000000026,0.11308075000000006,-0.006799999999999973,0.15116425999999994,-0.0032846000000000264,0.15266513999999998,0.013414950000000037,0.16768799999999995,-0.0038658000000000303,0.15538916000000003,-0.03377047999999999,-0.0035501399999999794,-0.018897300000000006,0.003641499999999964,0.10682084646926368,0.006176886510807813
0.07911308000000006,-0.25984336999999996,0.07815437000000003,-0.26712034999999995,0.07674693000000005,-0.27343701,0.05549173000000002,-0.27578077999999995,0.047473330000000036,-0.28723623,0.03200163000000006,-0.22935961,-0.00033847999999997436,-0.23320027,0.03964040000000002,-0.13663170999999996,-0.032542179999999976,-0.11777971999999992,0.07195993000000006,-0.08828734999999999,-0.006660859999999935,-0.0033294999999999852,0.00905870000000003,-0.0017335499999999726,-0.009058699999999975,0.0017335499999999726,0.004073700000000013,0.14842915,0.005922430000000034,0.16845049,0.001574600000000037,0.30137185,-0.00019875999999996452,0.32442135000000005,0.007638769999999961,0.09272790000000003,0.03231953000000004,0.048344359999999975,-0.0322037,0.11542055000000007,0.02588132000000004,0.11445021999999994,-0.004985000000000017,0.15016269999999998,-0.0024990999999999763,0.1529427,0.01498113000000001,0.16671694000000004,-0.006121189999999999,0.15597086000000004,-0.03234011000000003,-0.0038406599999999957,-0.018117400000000006,0.0034670999999999452,0.10699591127680023,0.005602152440633847
0.07968246000000007,-0.2596373,0.07866409000000002,-0.26706932,0.07689908000000006,-0.27318306000000003,0.05606581000000005,-0.2758391,0.04681167000000003,-0.286663,0.03243497000000006,-0.22867300000000002,-0.0005068899999999821,-0.23248090000000005,0.03874009000000006,-0.13672094,-0.032619119999999946,-0.11864019999999997,0.07171559000000005,-0.08778810000000004,-0.006131289999999956,-0.003339300000000045,0.009170290000000025,-0.001767799999999986,-0.00917028999999997,0.001767799999999986,0.003402940000000021,0.14863134999999994,0.0060517100000000434,0.16838946,-0.0003500599999999854,0.3014057,0.0008242100000000474,0.3246548,0.006305119999999997,0.09195206,0.03297549999999999,0.04893283999999998,-0.032112229999999964,0.11384070000000007,0.02648782999999999,0.11530089999999993,-0.005767350000000004,0.15039914999999993,-0.0037530000000000063,0.15277435000000006,0.015222000000000013,0.16662166,-0.005227499999999996,0.15626534000000003,-0.032941860000000045,-0.0038079000000000307,-0.018340579999999995,0.003535599999999972,0.10635509655949738,0.005942894194750602
0.07840348000000003,-0.26175496,0.07733188000000002,-0.26926929,0.07546107000000002,-0.27534836,0.05492495000000003,-0.2780998,0.04498774999999999,-0.2888087,0.03145071999999999,-0.23016521,-0.0021319499999999936,-0.23418863,0.03765950000000001,-0.13859829,-0.03528889000000002,-0.12097689,0.07015505,-0.08998782999999999,-0.007202649999999977,-0.004614030000000047,0.009504149999999989,-0.0018123700000000076,-0.009504149999999989,0.0018123700000000076,0.004003550000000022,0.14723423000000002,0.004617309999999986,0.16744806999999995,0.00014065000000001993,0.29914876999999995,-0.0027803699999999765,0.32202896999999997,0.006208780000000025,0.09156692,0.032495549999999984,0.04861046000000002,-0.033156940000000024,0.11321174,0.02808624000000004,0.11636285999999996,-0.005500599999999967,0.14904660000000003,-0.0038629000000000024,0.15191453999999993,0.014121459999999975,0.16563569999999994,-0.007397679999999962,0.15458090000000002,-0.03358266999999998,-0.00402342,-0.019008299999999978,0.003624740000000015,0.10702076161671434,0.006826091063705549
0.07669087500000005,-0.262025265,0.07581231500000002,-0.269348635,0.07356941500000003,-0.27550486500000004,0.05394461500000003,-0.27790109500000004,0.04296758500000003,-0.28887982500000003,0.031839715000000046,-0.22962869500000005,-0.004660704999999987,-0.23468400500000003,0.03777086500000004,-0.13749440500000004,-0.037806784999999954,-0.12213133500000006,0.06919801500000006,-0.08950756500000001,-0.007688134999999985,-0.005644865000000054,0.010337885000000047,-0.001701964999999972,-0.010337884999999991,0.001701964999999972,0.0024753450000000177,0.147461485,0.003615045000000039,0.16770429499999995,-0.004199484999999947,0.29926128499999993,-0.0033760449999999387,0.322440835,0.005931149999999996,0.09213429000000001,0.031427150000000015,0.04798684000000003,-0.03314607999999997,0.11255266999999997,0.03011864999999997,0.11648647000000001,-0.007862540000000029,0.14916344999999998,-0.006674829999999965,0.15179979999999993,0.01395293000000003,0.16600232999999998,-0.006991089999999978,0.15473654000000003,-0.03650042000000003,-0.0050553099999999795,-0.020675770000000038,0.003403929999999944,0.1057087427556345,0.007810063131076497
0.07664965999999995,-0.25973613000000007,0.07605304999999996,-0.26697556000000006,0.07355856,-0.2733106800000001,0.05462666999999999,-0.27604668000000004,0.04272186,-0.28760425000000006,0.0320242,-0.22813026000000008,-0.0052123400000000375,-0.23384211000000005,0.037511309999999964,-0.13653578000000005,-0.03847331000000004,-0.12238631000000011,0.06892200999999998,-0.08841388000000006,-0.006311900000000037,-0.005442080000000016,0.010443270000000004,-0.0017118200000000305,-0.010443270000000004,0.0017118199999999195,0.002143969999999995,0.14847401999999998,0.003598429999999986,0.16924216999999997,-0.005627099999999996,0.3019616799999999,-0.0024889500000000453,0.32540492,0.005487109999999962,0.09159448000000003,0.031410700000000014,0.048121899999999995,-0.03326097,0.11145579999999994,0.03216141,0.1169442300000001,-0.00829930000000001,0.15018584000000001,-0.007771069999999991,0.15348765999999991,0.01404169999999999,0.16753035000000005,-0.006087380000000031,0.15616275000000002,-0.03723654000000004,-0.005711849999999963,-0.02088654000000001,0.00342363999999995,0.10458016179099744,0.008261144187514148
0.07758889000000002,-0.25824505000000003,0.07704406000000003,-0.26532132,0.07468391000000002,-0.27181733,0.05543280000000006,-0.27462262000000004,0.04387701000000005,-0.28655082000000004,0.03188056000000006,-0.22711713000000006,-0.004279989999999956,-0.23213265000000005,0.03792416000000004,-0.13569853000000004,-0.03740583999999997,-0.11915815000000007,0.06909309000000002,-0.08812715000000004,-0.004016959999999958,-0.005774920000000017,0.009742740000000027,-0.0019334500000000032,-0.009742739999999972,0.0019334500000000032,0.0010939900000000446,0.14774504999999993,0.00700820000000002,0.16880971,-0.008490079999999955,0.29998718999999996,0.0010295300000000562,0.32448175,0.006043599999999982,0.09141860000000002,0.031168929999999984,0.047571379999999996,-0.03312585000000001,0.11297449999999998,0.03338888000000001,0.11338323000000006,-0.008648749999999983,0.14967849999999994,-0.00958407,0.15224214000000003,0.016750939999999992,0.16687626,-0.005978669999999964,0.15567204,-0.036160550000000014,-0.0050155199999999955,-0.01948548,0.0038669000000000064,0.10465093389364716,0.009602266642064282
0.07577059999999997,-0.25987377,0.07553211999999998,-0.26655855,0.07305138,-0.27366122000000004,0.05455405999999996,-0.27486842000000006,0.04261739999999997,-0.28861677,0.03236309999999998,-0.22541255000000004,-0.007275690000000001,-0.23482085000000003,0.03780873999999995,-0.13188960000000005,-0.04140313000000001,-0.12462574999999998,0.06852663999999997,-0.08721204999999999,-0.003857000000000055,-0.01264485000000004,0.010795759999999988,-0.0012767500000000487,-0.010795760000000043,0.0012767499999999377,0.00011516999999999777,0.14821244999999994,0.004478859999999973,0.16833595,-0.01149859000000003,0.29868534999999996,-0.0002570000000000072,0.32380637999999995,0.005445639999999974,0.09352295,0.03071790000000002,0.044677550000000066,-0.03412744000000001,0.11019510000000005,0.037546129999999955,0.11198089999999994,-0.01068058999999999,0.1494892,-0.011613760000000029,0.15047290000000002,0.015274620000000017,0.16705920000000007,-0.004735859999999981,0.15547042999999994,-0.03963878999999998,-0.00940829999999998,-0.02159152000000003,0.0025534999999999863,0.10352647145375132,0.015554977881617166
0.07339497500000003,-0.25793951000000004,0.07328389499999999,-0.26459771000000004,0.070905255,-0.27165531000000004,0.052631574999999986,-0.27419122,0.04111597500000003,-0.28798028000000003,0.029287475000000007,-0.22639875000000004,-0.007320445000000009,-0.23533677000000003,0.03442572500000002,-0.13323741,-0.042339194999999996,-0.12549115,0.066545945,-0.08667689,-0.0038443049999999923,-0.012881650000000078,0.009817195,-0.0013394500000000198,-0.009817195,0.0013394500000000198,-0.001494804999999988,0.14864294999999994,0.003733625000000018,0.16884310000000002,-0.012131644999999969,0.3001408099999999,-0.0033518550000000147,0.32352919,0.005138250000000011,0.09316134000000004,0.03212021999999998,0.046560519999999994,-0.03501874999999999,0.10984562000000003,0.038494890000000004,0.11260949999999992,-0.011311999999999989,0.14998239999999996,-0.01063683999999998,0.15149785999999998,0.013550820000000019,0.16750365,-0.007085480000000033,0.15468609,-0.036607920000000016,-0.008938019999999991,-0.01963439,0.0026789000000000396,0.1024725804413849,0.015424496755554226
0.07322897500000003,-0.258966965,0.07295875500000004,-0.265636535,0.07053231500000007,-0.272770355,0.052113045000000024,-0.274441465,0.04005323500000002,-0.288354335,0.02986155500000004,-0.22531468500000001,-0.009189764999999961,-0.23452256500000002,0.034841585000000064,-0.13046773499999997,-0.04167131499999993,-0.122979795,0.06527271500000004,-0.08695719499999999,0.0012634850000000641,-0.015880134999999962,0.010745415000000036,-0.001304364999999974,-0.01074541499999998,0.001304364999999974,-0.001020804999999958,0.148502605,0.0023514150000000233,0.16795146500000002,-0.013775424999999952,0.300895665,-0.0035752849999999836,0.323034665,0.004980030000000024,0.09484695000000004,0.030431129999999973,0.043510539999999986,-0.03248154999999997,0.11154277000000001,0.042934799999999995,0.10709966000000004,-0.011766219999999994,0.14980696999999998,-0.012754619999999994,0.15239305999999997,0.013096830000000004,0.16664710000000005,-0.005926700000000007,0.15508319999999998,-0.03905132,-0.009207880000000002,-0.021490830000000016,0.002608729999999948,0.10153636655060541,0.020964749449015576
0.07521139500000001,-0.26008292999999993,0.07483785500000001,-0.26691638999999995,0.072348525,-0.27388342999999993,0.053658925000000024,-0.27546282999999994,0.041555094999999986,-0.2889043699999999,0.031102975000000033,-0.2259349499999999,-0.00772370499999997,-0.23463078999999992,0.036461045000000025,-0.13191642999999997,-0.03896169499999996,-0.12374508999999989,0.06653420500000001,-0.08840108999999996,0.008526014999999998,-0.01775523999999995,0.010556294999999993,-0.0015271599999999719,-0.010556294999999993,0.001527160000000083,-0.0019605249999999907,0.14902181000000003,0.0050354149999999875,0.16944381000000008,-0.014917805000000006,0.30010511000000006,-0.0007839949999999818,0.3233407100000001,0.0053580699999999926,0.09401851999999994,0.030073159999999988,0.04351534000000001,-0.031237989999999993,0.11088570000000003,0.04748770999999996,0.10598984999999994,-0.012516819999999984,0.15054897,-0.012957280000000015,0.15108330000000003,0.01559170999999998,0.16791665,-0.005819409999999969,0.1538969,-0.03882668,-0.00869584000000001,-0.021112589999999987,0.0030543200000000548,0.10334701796187928,0.027128315552132996
0.07776801,-0.25986721999999995,0.07735992999999997,-0.26709812,0.07493163999999997,-0.27384685,0.055928809999999995,-0.27663582,0.043957579999999996,-0.28952296,0.031231659999999994,-0.22753543999999998,-0.00433652000000001,-0.23421048,0.038231159999999986,-0.13427811999999995,-0.03363450000000001,-0.12232635999999997,0.06918106000000002,-0.08913205999999996,0.019613190000000003,-0.021956319999999918,0.009386879999999986,-0.001994619999999947,-0.009386879999999986,0.001994620000000058,-0.001734720000000023,0.14849754000000004,0.008948010000000006,0.16986118000000006,-0.012163770000000018,0.29967792000000004,0.0026885600000000065,0.32370638000000007,0.006999499999999992,0.09325732000000003,0.03094990000000003,0.04514605999999999,-0.02929798,0.11188412000000003,0.053247690000000014,0.10037004000000005,-0.01112160000000001,0.15049215999999999,-0.010429049999999995,0.15118038,0.018334889999999993,0.16786656,-0.00625945,0.15384520000000002,-0.035568180000000005,-0.006675040000000021,-0.018773759999999973,0.003989240000000005,0.10568007102394474,0.03761185433993514
0.07704931500000001,-0.25784204000000005,0.076978665,-0.26460433000000005,0.07442949500000001,-0.2719861,0.055910815,-0.27343890000000004,0.04370204500000002,-0.28804928,0.03155111500000002,-0.22479057000000002,-0.005292254999999968,-0.23397320000000005,0.038645664999999996,-0.13036904000000005,-0.032082685,-0.12319526000000003,0.06851011500000004,-0.08700260000000004,0.024593845000000003,-0.02707510000000002,0.009858444999999993,-0.0015207999999999888,-0.009858444999999993,0.0015207999999999888,-0.002805634999999973,0.14867785,0.008271375000000025,0.16881515999999996,-0.013795964999999966,0.30074789999999996,0.003031174999999997,0.32450475999999995,0.007094549999999977,0.09442152999999998,0.029864450000000042,0.043366440000000006,-0.02679043000000003,0.11077794000000002,0.05667653,0.09612016000000001,-0.012664079999999966,0.15019865,-0.010990329999999993,0.15207004999999996,0.01812982000000002,0.16729435999999998,-0.005240200000000028,0.15568959999999998,-0.036843369999999986,-0.009182630000000025,-0.019716889999999987,0.0030415999999999777,0.10366849340580249,0.04477371754784385
0.07756843000000002,-0.25799799,0.07722770000000001,-0.26477232,0.07486100000000001,-0.27197173,0.05553851999999998,-0.27299475,0.043869449999999977,-0.2869738,0.030984449999999997,-0.22441890999999997,-0.004815349999999996,-0.23269235,0.037495900000000026,-0.12940114999999996,-0.03053450000000002,-0.12137514999999999,0.06835036,-0.08602175000000001,0.02932336000000002,-0.02766415,0.009608459999999985,-0.001654449999999974,-0.009608459999999985,0.001654449999999974,-0.0050617299999999865,0.14945454999999996,0.007557199999999986,0.16947860000000003,-0.013853859999999996,0.30152970999999995,0.0030592500000000133,0.32460541,0.00651145000000003,0.09501776,0.030854459999999972,0.04337939999999996,-0.025719150000000024,0.1113172,0.05985786000000004,0.09371099999999999,-0.014670189999999972,0.15110899999999994,-0.008792130000000009,0.15207516,0.01716565999999997,0.16782415000000006,-0.004497949999999973,0.15512680999999995,-0.03579979999999999,-0.00827344000000002,-0.01921691999999997,0.003308899999999948,0.10280297721807481,0.04873671013181336
0.07820169999999999,-0.258487835,0.07780525999999999,-0.265232195,0.07530472999999999,-0.272436465,0.05612585999999997,-0.272670915,0.044137729999999986,-0.286614225,0.032234680000000016,-0.223711445,-0.004361000000000004,-0.232787415,0.03845009999999999,-0.127844265,-0.0269471,-0.12125756500000007,0.06892863999999999,-0.08664022500000002,0.03438482999999998,-0.028083164999999966,0.010140199999999988,-0.001398134999999967,-0.010140199999999988,0.001398134999999967,-0.004403070000000009,0.14915373499999995,0.007301879999999983,0.168240685,-0.013435530000000029,0.299619985,0.0027569299999999908,0.32302603499999993,0.0062154199999999715,0.09586718,0.03047854,0.04120404,-0.022586099999999998,0.11152984999999993,0.06133192999999998,0.0931744000000001,-0.014543269999999997,0.15055186999999992,-0.00903246000000002,0.15046625000000002,0.01744207999999997,0.16684255000000003,-0.004544949999999992,0.15478534999999993,-0.03659568000000002,-0.009075969999999989,-0.020280399999999976,0.002796269999999934,0.10354851319648055,0.053400611852214695
0.08101071500000001,-0.2566384300000001,0.080462445,-0.2634787300000001,0.078298225,-0.2705827500000001,0.05815472499999996,-0.2710839000000001,0.04687928499999999,-0.2845854900000001,0.03241516499999997,-0.2227010800000001,-0.0016662849999999896,-0.22873248000000007,0.03875120500000001,-0.12767927000000012,-0.02178497500000004,-0.11424243000000012,0.07091524499999996,-0.08472918000000007,0.04460826499999998,-0.027616430000000136,0.009369834999999993,-0.002013070000000061,-0.009369834999999993,0.00201306999999995,-0.00335369499999999,0.14868660999999994,0.008747084999999988,0.16855956999999988,-0.011333715000000022,0.29840206999999996,0.004716864999999959,0.32311776999999986,0.006336040000000043,0.09502180999999998,0.03216403999999995,0.04295009000000005,-0.02011869000000005,0.11449004999999995,0.06639324000000002,0.08662599999999998,-0.012723529999999983,0.15069968,-0.007980020000000032,0.14971546000000002,0.01811691999999998,0.16654649999999993,-0.004030220000000029,0.15455819999999998,-0.03408144999999996,-0.006031399999999965,-0.018739669999999986,0.004026140000000011,0.1031008843104665,0.06157550283887256
0.08152305999999998,-0.256270085,0.08133565999999998,-0.26267198499999994,0.07908627999999995,-0.270188255,0.05927222999999998,-0.269324615,0.04851829999999996,-0.28381321499999995,0.03510495999999996,-0.22261146499999995,-0.0013184400000000318,-0.22812853499999997,0.04151337999999999,-0.12874458499999997,-0.015694620000000048,-0.11150771500000001,0.07182675999999999,-0.08600601499999994,0.05090615999999998,-0.025834214999999938,0.010522099999999979,-0.0019573149999999595,-0.010522100000000034,0.0019573150000000705,-0.0010103600000000434,0.14911078500000008,0.007877709999999982,0.16903962500000003,-0.011525439999999998,0.298031685,0.00584193999999999,0.32498582500000006,0.006408420000000026,0.09386687999999999,0.03031338,0.04273857000000003,-0.014376180000000016,0.11662081999999996,0.06660078000000003,0.08567350000000007,-0.011532460000000022,0.15106810000000004,-0.010515079999999954,0.1489208999999999,0.018399810000000016,0.16708230999999996,-0.0020357699999999923,0.15594620000000003,-0.036423399999999995,-0.005517070000000013,-0.021044200000000013,0.00391463000000003,0.1040309824494876,0.06742255013249278
0.08149058000000003,-0.25611232,0.08110233000000006,-0.26230649,0.07955033000000006,-0.27014487000000004,0.058170180000000016,-0.26938452,0.048674770000000034,-0.28447653,0.03295693000000005,-0.22415955000000004,-0.0006968299999999816,-0.22681527,0.04234743000000002,-0.13136667000000002,-0.008951029999999971,-0.10786684000000002,0.07136027000000006,-0.08575750999999998,0.05644813000000004,-0.026957270000000033,0.009748630000000036,-0.002445270000000055,-0.00974862999999998,0.002445269999999944,-0.0018853499999999523,0.14724143,0.006773870000000015,0.16929572999999998,-0.012084669999999964,0.29575578999999996,0.005817830000000024,0.32343219,0.009390499999999968,0.09279288000000002,0.02901284000000004,0.04560916000000004,-0.00825419999999999,0.11894843,0.06539916000000001,0.08090956999999999,-0.011633979999999988,0.14968670000000006,-0.010199320000000012,0.14851435999999996,0.016522499999999996,0.16685046000000003,-0.0009560399999999913,0.15413646000000003,-0.03365376000000003,-0.0026557199999999725,-0.019497260000000016,0.004890539999999999,0.10361912717885241,0.07243286818115931
0.08406047500000002,-0.252670705,0.08386926500000003,-0.258861955,0.082586245,-0.266616915,0.06092267499999998,-0.266858425,0.052106315000000014,-0.281948505,0.03432108500000003,-0.22347411500000003,0.002148115000000006,-0.224125075,0.04364674499999999,-0.13014337499999995,-0.002183204999999966,-0.10203327500000003,0.07340924500000001,-0.084059475,0.06675778500000001,-0.019961275,0.009505554999999999,-0.002901374999999984,-0.009505554999999999,0.002901374999999984,0.0002490749999999875,0.14752066500000005,0.007148794999999986,0.17189172500000005,-0.010531705000000002,0.29693052499999995,0.007087965000000029,0.324953425,0.009325659999999958,0.09333074000000008,0.029762500000000025,0.046083899999999955,-0.004331319999999972,0.12209179999999997,0.06894098999999998,0.08207200000000003,-0.009256480000000011,0.15042204000000003,-0.01078077999999999,0.1494098599999999,0.016654349999999984,0.16899035000000007,-6.08299999999562e-05,0.15306169999999997,-0.03217297000000002,-0.0006509599999999782,-0.019011109999999998,0.005802749999999968,0.1032972351577045,0.07961656732727242
0.08520083500000003,-0.251481665,0.08451081500000002,-0.257259785,0.08463569500000001,-0.265431145,0.06027345500000003,-0.265126805,0.05516737500000002,-0.281258185,0.03312669500000004,-0.223242465,0.005123155000000046,-0.224075745,0.04523445500000006,-0.13033188500000004,0.005781755000000055,-0.10106098500000005,0.07384102500000006,-0.08575998500000004,0.07544727500000004,-0.01823698500000004,0.00844685500000003,-0.002637085000000039,-0.008446854999999975,0.002637085000000039,0.0005919250000000487,0.148812465,0.008093705000000062,0.17225771499999998,-0.009230804999999953,0.298125255,0.005974725000000014,0.323875515,0.012107760000000023,0.09291057999999996,0.028606569999999998,0.0445719,0.0006586000000000092,0.12301475999999995,0.06966551999999998,0.08282400000000001,-0.007854929999999982,0.15144955000000004,-0.009822730000000002,0.14931278999999997,0.016540560000000037,0.16962062999999994,-0.002118980000000048,0.15161780000000002,-0.028003539999999993,-0.0008332799999999918,-0.016893710000000006,0.005274170000000078,0.10576300853511546,0.08645202049010656
0.08772037999999999,-0.2469753349999999,0.08665644999999994,-0.2532277149999999,0.08686338999999998,-0.26083511499999995,0.06191979999999997,-0.2616419749999999,0.056533889999999976,-0.27628380499999994,0.034389349999999985,-0.22010139499999992,0.007093179999999977,-0.21876577499999994,0.04507766999999996,-0.12498317499999989,0.009914499999999937,-0.09337207499999989,0.07417394999999993,-0.08054957499999993,0.08059741999999998,-0.014041224999999935,0.008446799999999977,-0.0029986249999999215,-0.008446800000000032,0.0029986250000000325,0.0018284199999999418,0.1500297250000001,0.007415369999999977,0.17404492500000002,-0.008379350000000063,0.3006280250000001,0.005545349999999949,0.326086725,0.010688319999999973,0.09511822000000003,0.029096279999999974,0.04443359999999996,0.0028213199999999605,0.12539370000000005,0.07068292000000004,0.07933084999999995,-0.006618380000000035,0.15302835000000004,-0.010207770000000005,0.15059829999999996,0.01586217000000001,0.17104629999999998,-0.0018700200000000278,0.1520418,-0.02729617000000001,0.0013356199999999818,-0.01689360000000001,0.005997249999999954,0.10165730713050093,0.09065996692824733
0.09012095999999997,-0.24490098,0.08966901,-0.25140348,0.08924874,-0.25891326,0.06557952,-0.26138682,0.058522539999999956,-0.27593536,0.03537534999999997,-0.22215013,0.009454119999999955,-0.21789757999999998,0.045381479999999974,-0.12931437999999995,0.013486079999999956,-0.09073748000000004,0.07422702999999997,-0.08171138,0.08475790999999999,-0.013068749999999962,0.008141120000000002,-0.003429580000000043,-0.008141120000000002,0.003429580000000043,0.002586480000000002,0.15022086,0.007556979999999991,0.17451932000000003,-0.006801620000000008,0.30333762,0.005429849999999958,0.32564597000000006,0.010006130000000002,0.09283575000000005,0.028845549999999998,0.04760299999999995,0.004031960000000001,0.12716009999999994,0.07127183000000004,0.07766873000000007,-0.00555464,0.15365044000000005,-0.00938810000000001,0.15311675999999996,0.015698099999999993,0.17108974,-0.0021271300000000326,0.15112665000000003,-0.025921230000000017,0.004252550000000022,-0.016282240000000003,0.006859160000000086,0.10244699952545262,0.09435266115870712
0.09405198499999995,-0.23683180000000004,0.09385266499999995,-0.24362540000000005,0.09347810499999998,-0.25101223000000006,0.07000684499999998,-0.25896522000000005,0.06388186499999998,-0.27240195000000006,0.03824462499999998,-0.22354078000000005,0.015156795,-0.21722108000000007,0.047752464999999966,-0.13159600000000005,0.018334384999999953,-0.08694330000000006,0.07749160499999996,-0.07895140000000012,0.09202089499999999,-0.00812405000000005,0.006882764999999957,-0.003755300000000017,-0.006882765000000013,0.003755299999999906,0.005499535,0.15146549999999992,0.01158829499999997,0.17705379999999993,-0.006592785000000045,0.30278649999999996,0.008725724999999962,0.3272660999999999,0.00950783999999999,0.09194478,0.029739139999999997,0.05264459999999993,0.0031775899999999524,0.13027778,0.07368651000000004,0.07881925000000001,-0.0013832299999999575,0.15522079999999994,-0.012092320000000045,0.15132100000000004,0.018471059999999984,0.17329850000000002,-0.0028625700000000087,0.15021229999999997,-0.023087829999999976,0.006319699999999984,-0.01376552999999997,0.007510599999999923,0.10315067494377153,0.09961452162118785
0.09516486500000004,-0.23439433499999995,0.09503689500000007,-0.240969155,0.09507107500000006,-0.24818169499999998,0.07092126500000007,-0.258212415,0.06637459500000004,-0.271138485,0.03872188500000007,-0.22779509499999995,0.017128225000000052,-0.21702645499999995,0.048860695000000065,-0.13761508499999997,0.023134855000000065,-0.08410391499999992,0.07682060500000004,-0.07794945499999995,0.09747629500000005,-0.008322384999999932,0.006521525000000028,-0.004606994999999947,-0.0065215249999999725,0.004606995000000058,0.006361185000000047,0.14926621500000004,0.012932225000000075,0.17733634500000006,-0.0066560549999999385,0.299590845,0.010983325000000044,0.32523819500000006,0.010138809999999998,0.09018000999999998,0.027959909999999977,0.059665630000000025,0.006006630000000013,0.13292254000000003,0.07434143999999998,0.07578152999999999,-0.00016033999999998105,0.15387320999999998,-0.013017239999999985,0.15032462999999996,0.019453750000000047,0.17272935,-0.0019489000000000312,0.14790185,-0.021593660000000015,0.010768639999999996,-0.01304305,0.009213990000000005,0.10159270194112371,0.10479845147680762
0.09569723499999999,-0.23563058999999997,0.09645963499999999,-0.24122755999999995,0.09616128499999999,-0.24986982999999996,0.07269630500000002,-0.254862,0.06713153500000002,-0.27226279999999997,0.03851433500000001,-0.22678493,0.015831335000000002,-0.21892430999999996,0.04846993500000002,-0.13262816,0.02573091500000002,-0.08468942999999995,0.07475763499999999,-0.07777862999999996,0.098683305,-0.011363730000000016,0.0073040349999999865,-0.004394629999999955,-0.0073040349999999865,0.004394630000000066,0.0019067549999999822,0.14518377000000005,0.01120639499999998,0.17609787,-0.008672314999999986,0.29571567,0.010461755000000017,0.32431597,0.009955600000000009,0.09415677,0.02628769999999997,0.054849530000000035,0.009899580000000019,0.13423488,0.07295238999999998,0.07332569999999994,-0.005397280000000004,0.1495784,-0.010579069999999968,0.15053189999999994,0.018510429999999967,0.17170323999999992,-0.0007446399999999631,0.14821810000000002,-0.02268300000000001,0.00786062000000004,-0.014608069999999973,0.008789260000000021,0.09967547145090411,0.10715242484500852
0.10357463,-0.22875747000000002,0.10322931000000002,-0.2363868,0.10433611000000004,-0.24266717,0.07729781000000002,-0.25202762,0.07662609000000004,-0.26406752,0.04360807,-0.22705185,0.026089909999999994,-0.21036282,0.06241834000000002,-0.13696837,0.040732570000000023,-0.07016069000000003,0.08250761000000001,-0.07717699,0.11410237000000006,-0.004932220000000043,0.005620330000000007,-0.005456979999999945,-0.005620330000000007,0.005456980000000056,0.00902432000000003,0.14998025000000004,0.014072840000000031,0.18209154000000005,0.002186390000000038,0.30789787999999996,0.016308570000000022,0.32775860999999995,0.018810270000000018,0.09008348,0.020089269999999992,0.059791380000000005,0.01464266000000003,0.14020212999999998,0.07336980000000004,0.06522846999999998,0.0034039900000000234,0.15543722999999998,-0.006837929999999992,0.15791762999999992,0.019693170000000038,0.17663456,0.0022357299999999913,0.1456670699999999,-0.017518160000000005,0.016689029999999994,-0.011240660000000013,0.01091396,0.10514472721063338,0.12017262738215397
0.10541789499999998,-0.22760338000000008,0.10420621499999999,-0.23598719000000007,0.10600559499999995,-0.24175985000000005,0.07692568499999997,-0.25065565000000006,0.07956485499999999,-0.26132440000000007,0.04281291499999995,-0.2220765500000001,0.03128961499999999,-0.20911670000000004,0.05993469499999998,-0.1184407500000001,0.04865153499999997,-0.06873465000000012,0.08906371499999999,-0.0600424100000001,0.12047561499999992,-0.0019418500000000227,0.003850384999999956,-0.004915210000000059,-0.0038503850000000117,0.004915209999999948,0.008446595000000001,0.1496202499999999,0.015437444999999994,0.1835152499999999,0.0018395649999999875,0.306824,0.018799774999999963,0.32976454999999993,0.01712178000000003,0.1036358,0.029129020000000005,0.05839833999999999,0.017361919999999975,0.14038204999999992,0.07182407999999996,0.0667928000000001,0.004596210000000045,0.15453545999999996,-0.006607030000000014,0.1572037500000001,0.019287830000000006,0.17860003999999996,0.003362329999999969,0.14624930000000003,-0.011523299999999959,0.01295985000000005,-0.007700769999999968,0.009830420000000006,0.10149049112862205,0.12451495310943013
0.10646679999999997,-0.22592424999999994,0.10306917999999998,-0.23386968999999996,0.10732241999999997,-0.23904768999999992,0.07195476,-0.25194611999999994,0.08078024,-0.25915148999999993,0.03764941999999999,-0.22601702999999995,0.03456022999999997,-0.2072392899999999,0.05627705999999999,-0.11696498999999994,0.052152809999999994,-0.06728568999999995,0.10513933999999997,-0.026270989999999883,0.12225108000000001,0.0010171100000000433,0.0008295799999999964,-0.006181149999999969,-0.0008295799999999964,0.00618115000000008,0.00400433,0.1480504600000001,0.017522679999999957,0.18209551000000002,-0.005167960000000027,0.29978314000000006,0.016514979999999957,0.3291481500000001,0.01862764,0.10905204000000002,0.04886227999999998,0.09069400000000005,0.017592580000000024,0.13995359999999996,0.07009827000000002,0.0683028,0.003174750000000004,0.15423161000000007,-0.009172290000000027,0.15173267999999995,0.018352259999999954,0.17591435999999994,-0.0010077000000000003,0.14705264000000007,-0.0030891900000000194,0.018777740000000043,-0.0016591599999999929,0.012362300000000048,0.1062267748850693,0.12318894502006746
0.10604979999999997,-0.22454681499999996,0.10330363999999997,-0.23210978499999996,0.10734455999999998,-0.23802319499999997,0.07301259999999998,-0.25092267499999993,0.08194701999999998,-0.26016573499999995,0.037697729999999985,-0.22658365499999994,0.036202069999999975,-0.20942205499999994,0.05876739999999997,-0.11474003499999996,0.05600567999999995,-0.06651143500000001,0.11209746999999992,-0.02339983499999998,0.12603405,-0.0005278349999999765,0.0002638999999999836,-0.005752804999999972,-0.0002639000000000391,0.005752805000000083,0.001992219999999989,0.148974665,0.01634279999999999,0.181475665,-0.00666650000000002,0.298340025,0.015784299999999973,0.326235115,0.021069669999999985,0.11184361999999998,0.05333006999999995,0.09134019999999998,0.01980360999999997,0.14291061999999993,0.07002837000000006,0.06598360000000003,0.0017283200000000054,0.15472746999999998,-0.008658720000000009,0.14936536,0.01660670000000003,0.17572285999999993,-0.0005585000000000173,0.14475945,-0.0014956600000000098,0.0171616,-0.0005278000000000227,0.011505610000000055,0.11321733545162502,0.1264540177812161
0.10887706000000003,-0.22155699999999995,0.10502216000000003,-0.22949247999999994,0.1104849,-0.23440523999999996,0.07270944000000001,-0.24912391999999994,0.08541765000000001,-0.25570709999999996,0.0342365,-0.22570899999999994,0.04214808000000003,-0.20510162999999992,0.05414816,-0.11930299999999994,0.06032806000000002,-0.06702569999999997,0.11603485999999996,-0.023407839999999958,0.12961370000000005,-0.00010235999999996803,-0.002973899999999974,-0.006387999999999949,0.0029739000000000293,0.00638800000000006,0.0018217200000000267,0.14862380000000008,0.020162249999999993,0.18102200000000002,-0.004932859999999983,0.29915060000000004,0.017738699999999996,0.32701880000000005,0.019911659999999998,0.106406,0.06188669999999996,0.09589515999999998,0.018179979999999984,0.13807592999999996,0.06928564000000004,0.06692334,0.0047956200000000004,0.15501180000000003,-0.00675458000000001,0.15052679999999996,0.017188349999999963,0.17463399999999996,-0.0024235499999999965,0.14599680000000004,0.00791158000000003,0.020607370000000014,0.005947800000000003,0.01277600000000001,0.12021963196734212,0.12680600820532759
0.11274496,-0.221377995,0.10772887999999997,-0.22989627499999998,0.11443981000000003,-0.233739315,0.07349225999999998,-0.250146325,0.08966489999999999,-0.253939235,0.03363233999999998,-0.22582962499999998,0.049389079999999974,-0.20280110499999998,0.05520054999999996,-0.11928177500000003,0.06964030999999998,-0.06669097499999999,0.12174768000000002,-0.022372245000000013,0.13356888,-5.747499999997352e-05,-0.005511700000000008,-0.0068792749999999625,0.005511700000000008,0.0068792749999999625,0.0022112999999999716,0.14779122499999997,0.02214427999999996,0.18243892500000003,-0.003919820000000018,0.298591625,0.01834937999999997,0.32773502499999996,0.021568209999999977,0.10654784999999994,0.06654713000000007,0.09690953000000002,0.02025123000000001,0.13611013,0.06392857000000002,0.06663350000000001,0.00772299999999998,0.15467049999999993,-0.00613111999999999,0.15080040000000006,0.016632579999999952,0.17555965000000007,-0.00379489999999999,0.14529609999999993,0.01575673999999999,0.023028519999999997,0.011023400000000017,0.013758549999999925,0.12819899343366667,0.1282449213423865
0.11622145499999997,-0.21892354500000005,0.11106999499999998,-0.22825229500000005,0.11810229499999997,-0.23103589500000005,0.076201195,-0.251061085,0.09343057499999996,-0.25221619500000003,0.030582724999999977,-0.22927916500000006,0.05507263499999998,-0.20131984500000005,0.04282936500000001,-0.12849232500000007,0.072177465,-0.06870141500000004,0.112759355,-0.029556165000000023,0.140511365,0.0017665849999999317,-0.008132544999999991,-0.008046894999999998,0.008132544999999991,0.008046894999999998,0.003943295000000013,0.14523258499999991,0.024625355000000015,0.18302993499999998,-0.0016343349999999868,0.29898068499999997,0.018984854999999967,0.329282195,0.01224664000000003,0.10078683999999999,0.06992999,0.09893616000000005,0.017104830000000015,0.13261843,0.0683339,0.07046799999999998,0.012075840000000004,0.1532794799999999,-0.00557763,0.15374810000000005,0.016492810000000024,0.17498303999999998,-0.005640500000000048,0.14625226000000002,0.024489910000000004,0.02795932000000001,0.016265089999999982,0.016093789999999997,0.12279047268230098,0.13252771135988314
0.11823476499999996,-0.21719338499999996,0.11322902499999998,-0.226600215,0.12009732500000003,-0.229388215,0.07853992499999995,-0.25013163499999996,0.09552396499999999,-0.25118711499999996,0.030926695000000004,-0.22931637499999996,0.05832345499999997,-0.20116021499999998,0.040109475000000006,-0.13199771500000002,0.075000925,-0.07042046499999999,0.107609285,-0.035249514999999954,0.14183092499999994,0.0034803850000000303,-0.008978354999999993,-0.008007914999999977,0.008978354999999993,0.008007914999999977,0.004213124999999984,0.14673108499999998,0.025979294999999958,0.18444005500000005,-0.0011317750000000015,0.300941445,0.019051804999999977,0.33204678500000007,0.009182780000000001,0.09731865999999995,0.06749981,0.09674820000000006,0.016677470000000028,0.13073975,0.06682999999999995,0.07390085000000002,0.013191479999999978,0.15473899999999996,-0.005344899999999986,0.15421036,0.017000939999999964,0.17643214000000007,-0.006927489999999981,0.14760673000000002,0.027396759999999964,0.028156159999999986,0.017956709999999987,0.016015829999999953,0.11972795233916596,0.13292969526597806
0.11885204000000005,-0.21651449500000003,0.11381372000000001,-0.22604601500000004,0.12077178,-0.22870629500000006,0.07880757999999999,-0.24994701500000005,0.09666180000000002,-0.25062191500000003,0.029266110000000012,-0.23034229500000003,0.061446920000000016,-0.20032188500000003,0.03684177999999999,-0.13502776500000002,0.07995581000000002,-0.06778831500000004,0.10289167999999999,-0.04271447500000003,0.14334513999999998,0.004429385000000008,-0.01041352000000001,-0.008218885000000009,0.01041352000000001,0.008218885000000009,0.0037070800000000292,0.14659658499999995,0.027458929999999993,0.184045735,-0.0018775899999999845,0.30159008499999995,0.01919238000000001,0.33099408499999994,0.007575669999999979,0.09531453000000001,0.0660499,0.09231328999999999,0.01850889,0.13253357,0.06338932999999997,0.07221770000000005,0.014120600000000039,0.15481546999999996,-0.005584670000000014,0.1549935,0.017045409999999983,0.17582684999999998,-0.008266549999999984,0.14694834999999995,0.032180810000000004,0.030020409999999997,0.02082704000000002,0.016437770000000018,0.11843991758055264,0.1329856229299784
0.12239566000000002,-0.21390275000000003,0.11842089999999994,-0.22462572000000003,0.12432860000000001,-0.22752894,0.08420947000000001,-0.24650059000000002,0.10131010000000001,-0.24898390000000004,0.02764435999999998,-0.22670008000000003,0.06860598000000001,-0.19756128000000006,0.03141745000000001,-0.13062532000000004,0.08793887,-0.06014328000000002,0.09889239999999999,-0.05111752000000003,0.14715257000000004,0.006899779999999911,-0.013084099999999987,-0.0077669200000000105,0.013084099999999987,0.0077669200000000105,0.0060134800000000155,0.14747012999999998,0.03151090000000001,0.18939388000000001,0.005579559999999983,0.30655997999999995,0.021723060000000016,0.33494978,0.0037730900000000345,0.09607475999999998,0.06747494999999998,0.07950780000000002,0.01933288999999999,0.13741800000000004,0.059213700000000036,0.06704305999999993,0.019097580000000003,0.15523705,-0.00043392000000003206,0.15908984999999998,0.01842680000000002,0.18162696,-0.009787839999999992,0.14555589999999996,0.04096162000000003,0.029138799999999965,0.026168199999999975,0.015533840000000021,0.12007502268419522,0.13407127425336315
0.12571767,-0.21259129,0.12106924000000008,-0.22386743999999997,0.12795161,-0.22579747,0.08534767000000004,-0.24711141999999997,0.10549887000000002,-0.24708449,0.026345420000000064,-0.22923682,0.07343085000000005,-0.19542181999999997,0.02556287000000007,-0.13611868,0.09088715000000003,-0.05742952000000001,0.09499939000000007,-0.05726787,0.14949567000000008,0.009107879999999957,-0.01495386999999998,-0.008682520000000027,0.014953870000000036,0.008682520000000027,0.006773870000000071,0.14534185,0.032504170000000054,0.19013241000000003,0.006486040000000026,0.30569312000000004,0.02253297000000004,0.33438597999999997,-0.000782549999999993,0.09311814000000002,0.06943652,0.07885081,0.01745629999999998,0.13799229999999996,0.05860852000000005,0.06653739999999997,0.02172774000000005,0.15402437000000002,-0.00028783000000004444,0.16035127000000005,0.01755030000000002,0.18144989,-0.009971200000000013,0.14425356999999994,0.047085429999999984,0.03381500000000004,0.029907740000000016,0.017365040000000054,0.12020921603292364,0.13454247239578143
0.12874302000000004,-0.21204047999999998,0.12317866,-0.22437249999999997,0.13046712000000005,-0.22485883,0.08633489,-0.24780538000000002,0.10818219000000001,-0.24391253000000002,0.027425860000000024,-0.22904491,0.07789949000000002,-0.19147386,0.02315824999999999,-0.13869026,0.09351461999999999,-0.05397722999999999,0.09031377000000002,-0.06210282999999994,0.15144892,0.013277369999999955,-0.01601853999999997,-0.009190669999999956,0.016018540000000026,0.009190669999999956,0.0055690999999999935,0.14630697000000004,0.033573390000000036,0.19171011999999998,0.006802440000000021,0.30741162,0.022936120000000004,0.33700237,-0.004267610000000033,0.09035464999999998,0.06715552000000002,0.07658743000000007,0.015615129999999977,0.13749663,0.057934299999999994,0.06725459999999994,0.021587639999999964,0.15549764,0.0012333400000000272,0.16110464999999996,0.01755485000000001,0.18251945000000003,-0.010637270000000032,0.14529225,0.05047362999999999,0.037571049999999995,0.032037079999999996,0.018381339999999913,0.11876976393763564,0.13549202538833932
0.12879605,-0.21322551499999992,0.12305123999999995,-0.22552177499999992,0.13069744,-0.22593683499999995,0.08566878,-0.24843969499999996,0.10875621999999996,-0.24429664499999992,0.026287100000000008,-0.22970852499999994,0.0787214,-0.19102154499999996,0.02036608000000001,-0.14011329499999997,0.09459859999999998,-0.051951744999999994,0.08772839999999998,-0.066255395,0.15222629999999998,0.014863785000000074,-0.016538300000000006,-0.009346004999999935,0.016538300000000006,0.009346005000000046,0.004822469999999968,0.14499020500000004,0.032711429999999986,0.190639055,0.005996400000000013,0.3059440550000001,0.021569859999999996,0.335671555,-0.005921019999999999,0.08959522999999997,0.06736231999999998,0.07385789999999998,0.01587719999999998,0.13906979999999997,0.057627700000000004,0.06681553000000007,0.021360769999999973,0.15433620999999997,0.0011739300000000452,0.16095385000000006,0.01617312999999998,0.18129304999999996,-0.01114156999999999,0.1450325,0.05243429999999999,0.03868697999999998,0.03307660000000001,0.01869200999999998,0.11878646134582048,0.1358001444775682
0.12917958500000004,-0.21243300500000006,0.12310583500000005,-0.2246607750000001,0.131387405,-0.2250428750000001,0.08511881500000001,-0.24718701500000007,0.11054249500000002,-0.24290793500000007,0.025560815000000014,-0.2283945750000001,0.08072118500000003,-0.19095923500000006,0.015262985000000007,-0.13897549500000006,0.09491653500000002,-0.05528213500000012,0.080898515,-0.060928425000000064,0.15192843500000008,0.015014624999999948,-0.017256304999999972,-0.008953375000000041,0.017256305000000027,0.00895337499999993,0.004833505000000016,0.14605758499999988,0.032212005000000044,0.18989519499999996,0.0061689550000000315,0.3063655249999999,0.02097581500000001,0.33593292499999994,-0.010297830000000008,0.08941908000000004,0.06563553,0.07804707,0.014195349999999995,0.13567709999999994,0.05701190000000006,0.07029676000000007,0.022089809999999988,0.15501095999999992,0.0013354500000000158,0.16030794000000004,0.014955700000000016,0.18094182000000003,-0.011236190000000035,0.14603772999999998,0.055160370000000014,0.03743534000000004,0.03451261,0.01790674999999997,0.11106653191549153,0.13480846171624175
0.13127059500000005,-0.21281427999999997,0.125139605,-0.22542874999999996,0.13336808499999997,-0.22535628999999996,0.08687878500000001,-0.24862952,0.112308945,-0.24318664999999995,0.02601804499999999,-0.23032347999999997,0.08263504500000002,-0.19059828999999995,0.012507274999999984,-0.14057189999999997,0.096426825,-0.0546122,0.07776054500000001,-0.05831434999999996,0.152561795,0.013788850000000075,-0.017569824999999983,-0.009457449999999978,0.017569824999999983,0.00945745000000009,0.006104714999999983,0.14455355000000003,0.03183364500000002,0.19050955000000003,0.007344524999999991,0.30401085000000005,0.02130890499999999,0.33529641,-0.013510770000000005,0.08975158,0.06525327000000003,0.08225755000000001,0.013791779999999976,0.13598608999999995,0.056134970000000006,0.06840105000000007,0.023674539999999966,0.154011,0.0012398100000000079,0.15945730000000002,0.014263820000000038,0.18105209999999994,-0.010524740000000032,0.14478685999999996,0.05661700000000003,0.03972519000000002,0.03513964999999997,0.018914900000000068,0.10712084821334686,0.135061441538438
0.13336061999999999,-0.21395191000000002,0.12685251999999997,-0.22682091000000004,0.13528552,-0.22643760000000002,0.08764571999999998,-0.24920878000000002,0.11387485000000003,-0.24271312000000006,0.026603070000000006,-0.23033342,0.08427557000000002,-0.18840051000000002,0.013275519999999985,-0.14159137000000005,0.09791747,-0.05084258000000008,0.07903418000000001,-0.060154790000000014,0.15438692000000004,0.013196059999999954,-0.01800984,-0.009723010000000087,0.01800984,0.009723009999999976,0.004441890000000004,0.14384266,0.03284469000000001,0.18875315999999998,0.006496579999999974,0.3036450599999999,0.022027970000000008,0.3345090599999999,-0.013327550000000021,0.08874204999999996,0.06575866000000002,0.08143658000000004,0.013641899999999985,0.13755792999999994,0.05646945000000003,0.06403864000000004,0.022451730000000003,0.1535656700000001,0.00205468999999997,0.1598023999999999,0.01483485000000001,0.17903015,-0.010816720000000002,0.14575589999999994,0.057672500000000015,0.04193290999999999,0.03601968,0.019446020000000064,0.1093659282031145,0.1364212960854313
0.133582835,-0.21574863000000005,0.12726339500000006,-0.22871855000000002,0.135730095,-0.22823445000000003,0.08831689500000006,-0.25168925000000003,0.11507365500000005,-0.24510630000000005,0.02770799500000004,-0.23342680000000005,0.08507059500000003,-0.19007337000000002,0.016536115000000018,-0.14293828000000003,0.09939643500000006,-0.04973385000000008,0.08317893500000006,-0.05659380000000003,0.15370869500000006,0.012197049999999932,-0.017917124999999978,-0.009804849999999976,0.017917125000000034,0.009804849999999976,0.004752815000000021,0.14452785,0.03181845500000002,0.18851224999999994,0.00698402500000006,0.30485847999999993,0.022288445000000046,0.3326465799999999,-0.011171880000000023,0.09048852000000002,0.06664282000000005,0.08634448,0.014325840000000034,0.14033951999999994,0.05431226,0.06193090000000001,0.02266994,0.1543327,0.002231210000000039,0.16033062999999992,0.01390132999999999,0.17870739999999996,-0.009530009999999978,0.14413432999999998,0.057362599999999986,0.043353430000000026,0.03583425000000001,0.019609699999999952,0.11139847031995598,0.13581263970597474
0.13276736,-0.21398901999999997,0.126598,-0.22671759999999996,0.13552660000000005,-0.22654303999999997,0.08778530000000001,-0.25086135,0.11607753000000004,-0.24518067,0.02668870000000001,-0.23495146999999994,0.08559428000000002,-0.19203084999999998,0.012891630000000043,-0.14216053999999995,0.09934445000000003,-0.04903170000000001,0.07801567000000004,-0.05780183999999999,0.15368245000000003,0.012524370000000062,-0.018215939999999986,-0.009751300000000018,0.01821594000000004,0.009751300000000018,0.005507630000000041,0.14515909999999999,0.03085490000000002,0.19015959999999998,0.007665260000000007,0.30439650000000007,0.021455630000000003,0.3332174400000001,-0.013797069999999967,0.09279093,0.06512404,0.08435869999999995,0.013750170000000006,0.14299914999999996,0.054338,0.061556070000000074,0.023723570000000027,0.1549104,0.002157629999999966,0.15923740000000008,0.012638959999999977,0.18040829999999997,-0.009399270000000015,0.1430578400000001,0.05890558000000001,0.042920619999999965,0.03643188000000003,0.019502600000000037,0.10756103921719845,0.13549489012064253
0.13211539000000005,-0.21432567000000008,0.12620304999999998,-0.2272571900000001,0.13471849999999996,-0.22680133000000008,0.08807185000000001,-0.2523686300000001,0.11507972999999999,-0.2461197000000001,0.02597689000000003,-0.2364147900000001,0.08547464999999999,-0.19245117000000006,0.009538680000000022,-0.1443028400000001,0.09909328,-0.04891927000000007,0.07395467,-0.060309170000000134,0.15288205,0.011457329999999932,-0.01829124999999998,-0.009858930000000043,0.01829124999999998,0.009858929999999932,0.007043850000000018,0.14507782999999996,0.03005985,0.1895366599999999,0.008069990000000027,0.3047637699999999,0.020573549999999996,0.3321305299999999,-0.01643821000000001,0.09211195,0.06441598999999998,0.08399366999999996,0.01361863000000002,0.1435319,0.053788769999999986,0.0603766,0.0253351,0.15493676,0.0010261400000000087,0.15968593999999992,0.011768600000000018,0.17967772999999998,-0.009486300000000003,0.14259387,0.059497759999999955,0.04396362000000004,0.03658249999999996,0.019717859999999976,0.10514055579415588,0.13460029096253842
0.13075554500000008,-0.21629055000000003,0.12477954499999999,-0.22942807999999998,0.13323194500000002,-0.22871438,0.08661604500000003,-0.25397145,0.11366234500000005,-0.24718559,0.024993045000000047,-0.23638370000000003,0.08379487500000005,-0.19296157000000003,0.007511145000000052,-0.14592293,0.09418664500000001,-0.05377721999999996,0.07532454500000002,-0.06069659999999999,0.14852954500000004,0.005799149999999975,-0.018134314999999956,-0.009738800000000047,0.018134315000000012,0.009738800000000047,0.0069272950000000555,0.14567854999999996,0.02823807500000003,0.18889230999999995,0.008139985000000016,0.30476764999999995,0.018969815000000056,0.32987011,-0.017481899999999995,0.09046077000000002,0.06781339999999997,0.08522633000000002,0.010391769999999967,0.13918435000000007,0.05434290000000003,0.059576369999999934,0.025061610000000012,0.15541735,0.0012126899999999607,0.15908909999999998,0.010103760000000017,0.1791535099999999,-0.009268259999999973,0.14097780000000004,0.05880183,0.04342213,0.03626862999999997,0.019477600000000095,0.10644837196190268,0.13045473103293498
0.12957783,-0.21944152999999994,0.12358216999999994,-0.23236782999999994,0.13202592999999996,-0.23191518999999994,0.08529106999999997,-0.25677922999999997,0.11179027999999996,-0.25052879999999994,0.023938130000000002,-0.23893750999999996,0.08093718999999999,-0.19537272999999994,0.008534209999999987,-0.14995224999999995,0.09107082999999999,-0.054686829999999964,0.08026855,-0.07060487999999998,0.14670823,0.003951530000000036,-0.01754017000000002,-0.009960929999999979,0.017540169999999966,0.00996093000000009,0.00868403000000001,0.14393517,0.028145599999999993,0.18814667000000007,0.00870491000000001,0.3014598300000001,0.01797346999999999,0.32700017000000003,-0.015403920000000015,0.08898526000000001,0.07173434000000001,0.07934736999999997,0.01013364,0.14068589999999997,0.055637400000000004,0.05863836,0.02622420000000003,0.15389609999999998,2.0880000000000898e-05,0.1575246600000001,0.010605430000000027,0.17818573999999998,-0.010172130000000001,0.13885349999999996,0.05699905999999999,0.043564780000000025,0.03508033999999999,0.01992186000000007,0.11508359735271097,0.12930777475667737
0.12693342500000004,-0.21950846999999996,0.12167387500000004,-0.23242389999999996,0.129478125,-0.23204457999999994,0.084846325,-0.25779289999999994,0.11011812500000001,-0.25211304999999995,0.022345064999999997,-0.23981383999999994,0.08062612499999999,-0.1973062,0.008835405000000018,-0.14957899999999996,0.08788719500000003,-0.05650624999999998,0.08903929500000002,-0.07781925999999995,0.14182805500000006,-0.004697199999999957,-0.01832062499999998,-0.009831199999999929,0.018320625000000035,0.00983120000000004,0.007225325000000005,0.14398935000000002,0.028111845000000024,0.18794840000000002,0.007469025000000018,0.3017743500000001,0.017305365000000017,0.32539450000000003,-0.013509659999999979,0.09023483999999998,0.08020389,0.07175974000000002,0.007261070000000036,0.14079995,0.053940860000000035,0.05180905000000002,0.025545949999999984,0.15382054999999994,0.00024370000000001335,0.15778500000000006,0.00979121999999999,0.17811719999999998,-0.010806480000000007,0.13744610000000002,0.058281059999999996,0.04250763999999996,0.036641250000000014,0.01966239999999997,0.12707686148536249,0.12435899513812786
0.12335103999999997,-0.22427143,0.11820375999999999,-0.23715434999999996,0.12571749999999993,-0.23700346,0.08189629999999998,-0.2616519,0.10596589999999995,-0.2566501,0.020053239999999972,-0.24015777,0.07651072999999997,-0.2003719,0.00481979999999993,-0.14655484999999996,0.08187197999999996,-0.061061759999999965,0.08870761999999993,-0.07165330000000003,0.14035546999999993,-0.008594769999999974,-0.01779476000000002,-0.009365599999999974,0.017794759999999965,0.009365599999999974,0.005875599999999981,0.14580296000000004,0.024768829999999964,0.18740193000000005,0.007042439999999983,0.30287794,0.01501709999999995,0.32625477,-0.015233440000000043,0.09360292000000003,0.08388782,0.07490154999999993,0.005361249999999984,0.13931014000000003,0.05848348999999997,0.05246698999999999,0.02367036,0.15516856,0.0011668400000000023,0.15707497999999998,0.006974069999999999,0.17803633000000008,-0.009751730000000014,0.13885283999999998,0.05645749,0.03978587,0.035589519999999986,0.018731199999999948,0.12337955469588305,0.12386969979071148
0.12347536999999997,-0.22492165999999997,0.11843921000000002,-0.23752395999999998,0.12608337000000003,-0.23785112999999997,0.08197179999999998,-0.26141365,0.10650629,-0.25755606999999997,0.018995850000000036,-0.23924679999999998,0.07681766000000001,-0.2004805,0.0026501700000000072,-0.14340406,0.08199734000000003,-0.05941399999999997,0.08725481000000002,-0.07210519999999998,0.14007811000000003,-0.012162499999999965,-0.018173129999999982,-0.00922069999999997,0.018173130000000037,0.00922069999999997,0.006924089999999994,0.14514970000000005,0.025423709999999988,0.18629570000000006,0.0067427500000000196,0.30210544000000006,0.013806580000000013,0.32561386999999997,-0.01634568000000003,0.09584273999999998,0.08460464000000001,0.07129886000000002,0.00517968000000002,0.14106650000000004,0.058080770000000004,0.0472515,0.025097219999999976,0.15437040000000002,-0.0001813399999999743,0.15695574,0.007250579999999951,0.1770750000000001,-0.011617129999999976,0.1393181699999999,0.057821809999999974,0.038766299999999976,0.03634626000000002,0.01844139999999994,0.12275793608925493,0.12376617224040015
0.12069059500000007,-0.2246500600000001,0.11552702500000006,-0.2371891200000001,0.123206125,-0.23764414000000006,0.07908157500000002,-0.2613529300000001,0.10353917500000004,-0.25776828000000007,0.01691162500000004,-0.2391956500000001,0.073960195,-0.20068938000000008,0.0017314050000000192,-0.14099548000000006,0.07834185500000002,-0.05946932000000005,0.08957985500000004,-0.06869331000000012,0.13885172500000004,-0.021371520000000088,-0.017920775,-0.00920638000000007,0.017920775,0.009206379999999958,0.007594774999999998,0.1461186699999999,0.02431825500000001,0.18593751999999997,0.007364465000000042,0.3032322799999999,0.01132009500000003,0.3261381699999999,-0.015180220000000022,0.09820017000000003,0.08784845000000002,0.07230216999999994,0.0043816600000000094,0.14122006000000004,0.06050987000000002,0.03809779999999996,0.025515549999999998,0.15532504999999996,-0.00023030999999995583,0.15711361000000001,0.006397480000000011,0.17673114,-0.01299815999999998,0.14020064999999993,0.057048569999999965,0.03850627000000001,0.03584155,0.018412760000000028,0.12286203763254872,0.12473693372979998
0.12023951499999996,-0.22727859999999994,0.11473895499999998,-0.24028859999999996,0.12237661499999997,-0.24061649999999996,0.07786241500000002,-0.26480429999999994,0.10214211499999998,-0.26049532999999997,0.016029194999999996,-0.24139594999999997,0.07291196500000002,-0.20134397999999992,-0.00034306499999997575,-0.14196535999999993,0.07701183500000003,-0.05798503999999993,0.08582805500000001,-0.07404319999999998,0.13892586500000004,-0.030873739999999983,-0.017707185000000014,-0.009555699999999945,0.017707185000000014,0.009555700000000056,0.009510685000000019,0.14508280000000007,0.02334086499999999,0.18545560000000005,0.009683865000000014,0.3004144000000001,0.010289835000000025,0.32624050000000004,-0.016372259999999972,0.09943059000000004,0.08617111999999999,0.06792215999999995,0.0040998700000000055,0.14335894,0.06191403000000001,0.02711129999999995,0.027217870000000033,0.1546385,0.000173179999999995,0.15533160000000001,0.005633679999999974,0.1758999,-0.013051029999999963,0.1407849,0.05688277000000003,0.04005197000000005,0.03541437000000003,0.0191114,0.1219761598760496,0.12778305051788366
0.11864450499999996,-0.22974359999999994,0.11332894499999996,-0.24213892999999992,0.12060634499999995,-0.24316465999999992,0.07664227499999998,-0.2655365999999999,0.10008007499999999,-0.2628167999999999,0.016446915000000006,-0.24157965999999992,0.06969719499999999,-0.2042105999999999,0.00013020499999999435,-0.14047799999999988,0.07382559499999997,-0.06190249999999986,0.085511685,-0.07249549999999993,0.131728495,-0.039985039999999916,-0.016500385000000006,-0.00900219999999996,0.016500385000000006,0.009002200000000071,0.010096844999999965,0.1457940000000001,0.022556605000000007,0.1837229400000001,0.006748884999999982,0.30034413000000004,0.009564724999999996,0.3260683000000001,-0.016316710000000012,0.10110166000000004,0.08538148000000001,0.06798249999999995,0.0041283999999999765,0.14230810000000005,0.057902900000000035,0.021917459999999944,0.02659722999999997,0.15479620000000005,-0.003347959999999983,0.15455012999999995,0.006056220000000001,0.17472074000000004,-0.012991880000000011,0.14234535999999998,0.05325027999999998,0.03736906000000001,0.03300077000000001,0.01800440000000003,0.12015765298379832,0.12520889352194475
0.11604402000000003,-0.232582085,0.11052688,-0.24447470500000001,0.11822668000000003,-0.245992245,0.07334966000000004,-0.26790174499999997,0.09769443000000005,-0.266228285,0.01422075000000006,-0.244184585,0.06643412000000004,-0.20745068499999997,0.001991730000000025,-0.14148338500000002,0.06976155000000006,-0.06298048499999997,0.09268186000000006,-0.07836914500000003,0.12814055000000002,-0.04828638500000004,-0.016371519999999973,-0.008949514999999963,0.01637152000000003,0.008949514999999963,0.009118280000000034,0.14678171500000003,0.022091600000000045,0.183528315,0.0048659800000000475,0.29979731499999995,0.008398330000000065,0.32422701499999995,-0.012229020000000035,0.10270119999999999,0.09069013000000004,0.06311423999999999,0.00332743000000002,0.1444702,0.05837899999999996,0.014694099999999932,0.025489800000000007,0.15573123,-0.004252299999999987,0.15301559999999992,0.005720080000000016,0.17457880000000003,-0.01369326999999998,0.14069869999999995,0.05221336999999998,0.03673390000000004,0.03274304,0.017899029999999927,0.12927383617252686,0.12557174967304907
0.11388195000000001,-0.23530236999999993,0.10834681999999995,-0.24665279999999995,0.11615224999999996,-0.24884016999999997,0.07102387999999998,-0.26866196,0.09524250000000001,-0.26856822999999996,0.01308745,-0.24322769999999994,0.06297438999999999,-0.20896167999999993,0.0029197499999999987,-0.13890139999999995,0.06623004999999998,-0.06420273999999992,0.09384593000000002,-0.08254419999999996,0.12464054999999996,-0.05618179999999995,-0.015706449999999983,-0.008496699999999913,0.015706449999999983,0.008496700000000024,0.00817030000000002,0.14662807,0.02116475000000001,0.18139130000000003,0.0034457700000000147,0.29935540000000005,0.007190279999999993,0.32312964,-0.010167700000000002,0.10432629999999998,0.09092618000000002,0.056357199999999996,0.0032556599999999936,0.14475894,0.058410499999999976,0.008020939999999976,0.023876750000000002,0.1551247699999999,-0.0047245300000000046,0.15272733000000005,0.005458300000000027,0.1728946,-0.013974470000000017,0.14173833999999996,0.04988693999999999,0.03426602000000001,0.031412899999999966,0.016993399999999936,0.13222993692774115,0.1266883834653359
0.10948893999999998,-0.23818380000000006,0.10417098000000002,-0.24891245000000006,0.11184353999999996,-0.25189880000000003,0.06740241999999996,-0.27006185000000005,0.09090799,-0.27204487000000005,0.011431539999999962,-0.24258328000000007,0.05780093999999997,-0.21245510000000006,0.002839179999999941,-0.13607245,0.061272769999999976,-0.06923852000000008,0.09385473999999999,-0.08599455,0.11954613999999997,-0.06476799000000011,-0.014640960000000036,-0.0077982500000000066,0.01464095999999998,0.0077982499999998955,0.007834489999999972,0.14667884999999992,0.018611609999999945,0.1794660899999999,0.00011720999999997872,0.29834914999999995,0.005047079999999982,0.32086929,-0.008592360000000021,0.10651083000000006,0.09101556000000005,0.05007790000000001,0.003471830000000009,0.14321657999999998,0.05827336999999999,0.004470529999999973,0.022475450000000008,0.15447709999999992,-0.007717279999999993,0.15167030000000004,0.0039706499999999645,0.17166784000000002,-0.013564529999999964,0.14140320000000006,0.046369400000000005,0.030128180000000004,0.029281920000000017,0.015596499999999902,0.1337384696045981,0.12755765746739786
0.10601073000000005,-0.24268003,0.10008377000000002,-0.25327013,0.10876576999999998,-0.25641315,0.06258240000000004,-0.2741548,0.08839652000000003,-0.27661522,0.007966870000000015,-0.24501769999999995,0.05565927000000004,-0.21588819999999997,0.0012716300000000236,-0.13762469999999993,0.06072509000000004,-0.07115649999999996,0.09302079000000002,-0.09925499999999998,0.12125627000000005,-0.07621159999999993,-0.014842030000000006,-0.007448499999999969,0.014842030000000006,0.00744850000000008,0.008936070000000018,0.1494898,0.01673570000000002,0.17972350000000004,0.0006487300000000418,0.30065240000000004,0.00012421000000001348,0.32015367000000006,-0.006695239999999991,0.10739300000000002,0.09174916,0.03836969999999995,0.005065819999999999,0.14473170000000002,0.06053118000000002,-0.005055099999999979,0.023778100000000024,0.15693829999999998,-0.008287339999999976,0.15116260000000004,0.001893670000000014,0.17227499999999996,-0.016611490000000007,0.14043017000000002,0.047692400000000024,0.029129499999999975,0.029684060000000012,0.014897000000000049,0.1416432892183827,0.13536248670435844
0.10542465500000009,-0.24307856000000005,0.09965380499999998,-0.25360658,0.10795020500000008,-0.25686018000000005,0.062371685000000066,-0.27466813000000007,0.08754958500000004,-0.27723765000000006,0.00756727500000004,-0.24640182000000005,0.05513168500000004,-0.21737054000000006,0.0007110650000000107,-0.13908418,0.059307235000000014,-0.07318032000000008,0.09311734500000002,-0.09894222000000008,0.12070910499999998,-0.07996418000000005,-0.014910354999999986,-0.007502019999999998,0.014910355000000042,0.007502019999999998,0.008115245000000049,0.15019671999999995,0.018869835000000057,0.1802382199999999,-0.0012174949999999574,0.3003046199999999,0.0007819650000000511,0.32073061999999997,-0.006856210000000029,0.10731764000000005,0.09240628000000001,0.04014195999999992,0.004175549999999972,0.14419021999999998,0.06140186999999997,-0.006783859999999975,0.023025600000000035,0.15769873999999995,-0.009332740000000006,0.15010789999999996,0.003959480000000015,0.1727361999999999,-0.018087870000000006,0.14049240000000007,0.04756441,0.029031279999999993,0.029820710000000028,0.015004039999999996,0.1415319544955485,0.13727239942538522
0.10434272499999997,-0.24142507000000002,0.09920868500000002,-0.25173555,0.10684442500000002,-0.25541184,0.06303522499999997,-0.27277398999999997,0.08632592499999997,-0.27655187,0.008300754999999993,-0.24438202999999997,0.053447754999999986,-0.21636365000000002,0.0015485650000000017,-0.13610500999999997,0.05884698500000002,-0.07148571000000004,0.09288308499999998,-0.09631396999999997,0.11878708500000001,-0.07864083,-0.014124124999999987,-0.007425429999999955,0.014124124999999987,0.007425429999999955,0.009496895000000005,0.15143472999999996,0.017943894999999987,0.18234662999999995,-0.0018349750000000165,0.30123473,0.0012316450000000034,0.32247727000000004,-0.006752189999999991,0.10827702,0.09133451999999997,0.03979104,0.005399230000000033,0.14487793999999998,0.059940099999999996,-0.007155119999999959,0.023621019999999993,0.15886015999999992,-0.011331870000000022,0.14980000000000004,0.00381977,0.1749212,-0.016712249999999984,0.14013064000000008,0.04514699999999999,0.028018379999999954,0.028248249999999975,0.01485085999999991,0.13911044366012099,0.1355054844142819
0.10207727999999994,-0.24691099999999994,0.09705417999999999,-0.2567578099999999,0.10445381999999992,-0.2609240199999999,0.06118967999999997,-0.27650097999999995,0.08253280999999996,-0.28159276999999994,0.007640979999999964,-0.2446459099999999,0.04900802999999998,-0.21928522999999994,0.003405019999999981,-0.13630674999999992,0.056104109999999985,-0.0759795499999999,0.09160415999999993,-0.10545749999999998,0.11474151999999993,-0.0832267499999999,-0.013090360000000023,-0.007267049999999942,0.013090359999999968,0.007267050000000053,0.007865879999999936,0.14695899000000012,0.01646042999999997,0.18016260000000006,-0.005304590000000053,0.29469995000000004,0.000958929999999969,0.3179622500000001,-0.004235959999999983,0.10833915999999999,0.08819913999999995,0.03084924999999994,0.007096080000000005,0.14330568000000005,0.058637409999999945,-0.007247200000000009,0.02095623999999996,0.15422604000000006,-0.01317046999999999,0.14774095999999992,0.003370070000000003,0.17289555,-0.015501500000000001,0.13779965000000005,0.041367050000000016,0.02536067999999997,0.02618071999999999,0.014534099999999994,0.14353503749688748,0.13609587123710104
0.09940349999999998,-0.24630034499999998,0.09401090000000001,-0.25548032499999995,0.10216290000000006,-0.26037970499999996,0.057751529999999995,-0.274516225,0.07988780000000001,-0.281451595,0.007281420000000038,-0.242428345,0.044785900000000045,-0.21964052499999998,0.010086270000000008,-0.13432086499999996,0.05455586000000001,-0.07695032499999999,0.09257394000000008,-0.10659562499999997,0.11171140000000002,-0.08354557499999993,-0.011855799999999972,-0.006739425000000021,0.011855800000000027,0.006739425000000021,0.007959870000000036,0.14733391500000004,0.015005530000000045,0.179592835,-0.00430094999999997,0.296158375,-0.0001654999999999851,0.317324175,0.00280484999999997,0.10810748000000003,0.08248767000000007,0.027725239999999984,0.009769959999999966,0.1426902,0.057155540000000005,-0.0065952499999999414,0.019815670000000007,0.15407334000000006,-0.012260820000000006,0.14882445999999994,0.0031497300000000172,0.17285340999999999,-0.01517103000000003,0.13773133999999998,0.03750448000000001,0.022787820000000014,0.0237116,0.013478850000000042,0.14448817001715955,0.13461991708644003
0.09713424999999998,-0.24744124499999992,0.09211235000000007,-0.2562960249999999,0.10000644999999997,-0.2617165549999999,0.05656657000000004,-0.2751733149999999,0.07762847,-0.2834980949999999,0.007350330000000016,-0.2431150749999999,0.04119528,-0.22211311499999992,0.011095469999999996,-0.1347380749999999,0.05036467,-0.07952427499999992,0.08981621000000001,-0.1076770749999999,0.10744284999999998,-0.08486187499999986,-0.010576990000000008,-0.006396424999999928,0.010576990000000008,0.006396425000000039,0.008493450000000013,0.14713345500000008,0.01254377000000001,0.17867562500000012,-0.0021075899999999925,0.29539062500000013,-0.0007030100000000039,0.3153917250000001,0.00374513999999998,0.108377,0.07872074000000001,0.027061,0.00916939,0.14258884,0.05707817999999998,-0.005337599999999942,0.019070440000000022,0.15352988,-0.010601040000000006,0.14825717000000005,0.0019667800000000013,0.17227920000000008,-0.013246780000000014,0.1367161,0.033844949999999985,0.021001959999999986,0.021153980000000017,0.012792849999999967,0.1426063275968584,0.13308295214801022
0.09677796500000002,-0.2478694400000001,0.09175376499999999,-0.2570090000000001,0.099776125,-0.26238430000000007,0.05577802500000001,-0.27570609000000007,0.07779707500000005,-0.2837941100000001,0.0039489250000000475,-0.24471543000000007,0.04240422500000002,-0.22172686000000008,0.0053198750000000294,-0.13739716000000013,0.05042709500000003,-0.07869976000000012,0.08798746500000004,-0.10687546000000003,0.10819262500000004,-0.08801979000000004,-0.011818574999999998,-0.0067768100000000775,0.011818575000000053,0.0067768099999999665,0.009786355000000024,0.14575677999999992,0.012700455000000055,0.17751943999999986,0.0041407550000000515,0.29173393999999997,-0.001105374999999964,0.3126805399999999,0.001370949999999982,0.10731826999999994,0.08266759000000001,0.030521700000000096,0.008022870000000015,0.14302709999999996,0.05776553000000001,-0.009320029999999924,0.021604930000000022,0.15253359,-0.005645599999999973,0.14597716000000005,0.0008818800000000016,0.1707426299999999,-0.013805830000000019,0.13516110000000003,0.03845529999999997,0.022988569999999986,0.02363715000000005,0.013553620000000044,0.14135411331936576,0.13518266488334404
0.09751937999999993,-0.24995422000000006,0.09273933000000001,-0.25867080000000003,0.10103342999999998,-0.26400864,0.056666709999999954,-0.27536404000000003,0.07863012999999996,-0.28442370000000006,0.0014605799999999891,-0.24729913000000003,0.042267419999999944,-0.22274655000000004,0.005397659999999971,-0.14283768000000008,0.05198482999999998,-0.08208724,0.08803979999999995,-0.11023008000000001,0.10913368000000001,-0.09099348000000007,-0.01224156000000004,-0.0075276800000000366,0.012241559999999985,0.0075276799999999255,0.01039833999999995,0.13960251999999995,0.015766179999999963,0.17627521999999995,0.014818949999999997,0.28589462,0.0014397599999999566,0.30905505999999994,0.003937079999999982,0.10446144999999996,0.08264213999999998,0.03260760000000007,0.009717410000000037,0.14065931000000004,0.05714885000000003,-0.008906240000000065,0.02263989999999999,0.1471302,0.004420610000000047,0.14629210000000004,0.0035246199999999783,0.16874754000000003,-0.014326420000000006,0.13277983999999998,0.040806839999999955,0.02455257999999999,0.024483120000000025,0.015055359999999962,0.14354140214310848,0.1381828567002434
0.09701974999999996,-0.25040655,0.09215739,-0.25912630999999997,0.10042185999999997,-0.26449680999999997,0.056653889999999985,-0.27525850999999996,0.07757736999999998,-0.2844103,0.004430459999999969,-0.24651711999999998,0.04026381999999995,-0.22229883,0.014032229999999979,-0.14357474999999997,0.051693449999999974,-0.08288830999999997,0.08812881999999994,-0.11182855000000003,0.11062545999999995,-0.09055685000000002,-0.01050766000000003,-0.007732549999999949,0.010507659999999974,0.00773255000000006,0.012267989999999951,0.13687581000000004,0.015307859999999951,0.17761765000000007,0.022158339999999943,0.28152388000000006,0.0016791899999999416,0.31137728,0.00960177000000001,0.10294237,0.07409658999999996,0.03174619999999995,0.011429630000000024,0.13941052000000004,0.05893200999999998,-0.007668540000000057,0.02277564999999998,0.14460836,0.009890349999999992,0.14464807000000002,0.004800199999999977,0.1698851,-0.01362867000000001,0.1337596299999999,0.03583335999999998,0.024218289999999976,0.021015320000000004,0.01546510000000001,0.14340548247117477,0.1403010335998991
0.09545652500000001,-0.25147103499999995,0.09041905500000003,-0.259779385,0.09899938499999994,-0.26550101499999995,0.05479830499999999,-0.274487155,0.07623180499999999,-0.28442110499999995,0.00581726499999996,-0.24580573499999997,0.036954324999999955,-0.22236813499999997,0.019715454999999993,-0.14569108499999994,0.049441104999999985,-0.08480963499999994,0.08843812499999998,-0.11255799499999997,0.10848528499999999,-0.09027349499999993,-0.008950295000000053,-0.007667435,0.008950294999999997,0.007667435,0.012669264999999985,0.13609261500000003,0.014329124999999998,0.17805332500000004,0.024580565,0.281548625,0.0018250049999999907,0.314740565,0.013898190000000032,0.10011465000000003,0.06872266999999999,0.033133089999999976,0.01248678000000003,0.13755850000000003,0.05904418,-0.005463859999999987,0.021619560000000038,0.14376005000000003,0.011911300000000014,0.14545600999999997,0.005378830000000001,0.17038589000000004,-0.012504120000000007,0.13668724,0.031137059999999994,0.023437600000000003,0.01790059000000005,0.01533487,0.14313117734166095,0.13964111143773164
0.09364191,-0.24959267999999996,0.08857123,-0.25790479999999993,0.09663012999999998,-0.26417826999999994,0.05387046999999995,-0.27350623999999996,0.07405373999999998,-0.28360562999999994,0.010485449999999952,-0.24282796999999995,0.03484356999999999,-0.22223283999999993,0.02547286999999998,-0.14046134999999993,0.04818952999999998,-0.0819818,0.08695894999999998,-0.11256599999999994,0.10752856999999993,-0.08822509999999995,-0.006614130000000051,-0.006921199999999961,0.006614129999999996,0.006921200000000072,0.016568639999999968,0.1374740000000001,0.012148369999999964,0.17795610000000006,0.02397566999999995,0.27639230000000004,-0.0006383300000000203,0.31576274000000004,0.014987420000000029,0.10236662000000002,0.06148608,0.027895349999999985,0.01334595999999999,0.14025103999999994,0.059339039999999954,-0.006243299999999952,0.02318277000000002,0.14439520000000006,0.007407029999999981,0.13891829999999994,0.005534239999999968,0.1710349,-0.012786699999999984,0.13780663999999998,0.02435812000000004,0.020595130000000017,0.013228260000000047,0.013842400000000032,0.14112669863539784,0.13869586368815615
0.09333642999999991,-0.24708514999999998,0.08874514,-0.25539542,0.09635295999999993,-0.26169467,0.05499415999999996,-0.27156332,0.07411994999999993,-0.28189448,0.010461719999999952,-0.24171927999999998,0.03554859999999993,-0.22177866000000002,0.022440639999999956,-0.13785601999999997,0.047957999999999945,-0.08118245000000002,0.08558716999999993,-0.10919007999999997,0.10875049999999997,-0.08463832000000004,-0.006710260000000023,-0.006942120000000052,0.006710259999999968,0.006942120000000052,0.017457779999999923,0.13708427999999995,0.011525999999999925,0.17908988000000003,0.026766699999999977,0.27451338000000003,-0.0010502700000000753,0.31737508000000003,0.011978920000000004,0.10386326000000001,0.06314652999999998,0.02866594,0.012409400000000015,0.14059621,0.06079250000000003,-0.0034558700000000275,0.024168039999999946,0.1440264,0.009308920000000054,0.13742910000000008,0.004815739999999957,0.17214775999999998,-0.01257627,0.1382852,0.025086879999999978,0.019940619999999964,0.013420519999999991,0.013884240000000103,0.13774418647901795,0.13711012934809455
0.09481955500000006,-0.24828591499999997,0.08962423500000005,-0.256633935,0.09762480500000004,-0.262966895,0.055036005000000054,-0.27174674499999996,0.07511566500000005,-0.281896795,0.012947575000000044,-0.24105485499999996,0.03554285500000004,-0.22238047499999997,0.027352735000000017,-0.13427837499999995,0.05084880500000005,-0.08070057499999994,0.08895080500000008,-0.10982337499999995,0.10988850500000003,-0.08456387499999996,-0.005514544999999982,-0.006809775000000018,0.005514545000000037,0.006809775000000018,0.021320265000000005,0.13264597499999997,0.011426905000000043,0.17607762500000002,0.03057406500000004,0.27112662500000007,-0.0009243649999999826,0.31628919499999997,0.014405159999999972,0.10677648000000001,0.06159807000000006,0.024455000000000005,0.015305950000000013,0.14167990000000003,0.05903969999999997,-0.003863300000000014,0.026834809999999987,0.13945575,0.009253800000000034,0.1384806500000001,0.005912360000000005,0.16926785,-0.012351270000000025,0.14021156999999995,0.022595279999999995,0.01867437999999999,0.01102909000000002,0.013619550000000036,0.13976946782320698,0.13871938379478224
0.09446881499999998,-0.24789049499999993,0.089518775,-0.2563844249999999,0.097286975,-0.26266714499999994,0.05530087500000003,-0.2717795249999999,0.07456477500000003,-0.28195720499999993,0.011852475000000029,-0.2409867249999999,0.03500829500000002,-0.2218910349999999,0.024369334999999992,-0.1359732749999999,0.048574275,-0.08192917499999997,0.08683567500000006,-0.10943277499999993,0.10921702500000002,-0.08360823499999992,-0.005684624999999999,-0.007120924999999945,0.005684624999999999,0.007120925000000056,0.022867455000000037,0.12989222500000008,0.011319475000000023,0.17526606500000008,0.032259075000000026,0.27111712500000007,-0.0018966249999999851,0.31787892500000003,0.012516859999999963,0.10501345000000001,0.062466340000000065,0.026540499999999967,0.013565979999999978,0.13996185999999994,0.06064275000000002,-0.0016790599999999545,0.028552080000000035,0.13701315000000003,0.00939161999999999,0.1412249,0.0056348500000000246,0.16814514000000003,-0.013216100000000008,0.14261285999999995,0.023155819999999994,0.01909569,0.011369249999999997,0.01424185,0.13794100392019953,0.13766168066700915
0.09603751000000005,-0.24500700000000003,0.09137612000000006,-0.25336280000000005,0.09892069999999997,-0.25981062000000005,0.05760079000000001,-0.26933497000000006,0.07654041,-0.27997729000000005,0.014290630000000026,-0.24088203000000008,0.036435770000000034,-0.22212111000000007,0.028226070000000048,-0.13427388000000007,0.05017090000000002,-0.08032685000000006,0.08816657000000006,-0.10737035000000006,0.10880822000000001,-0.08231389,-0.005160749999999992,-0.006952050000000098,0.005160750000000047,0.006952049999999987,0.024630130000000028,0.1312306499999999,0.012663690000000005,0.17636805,0.03590067000000002,0.27199255,-0.0013043299999999647,0.31747680999999994,0.013935440000000021,0.10660815000000001,0.05994050000000001,0.02690353000000001,0.013735129999999984,0.14179426,0.05863731999999999,-0.00198703999999994,0.02979088000000002,0.1381827,0.011270539999999996,0.1407619000000001,0.007502939999999958,0.169416,-0.01396801999999997,0.14110875999999994,0.022145140000000008,0.018760920000000014,0.010321500000000039,0.013904100000000086,0.13709056726584948,0.13678891066707305
0.09432118499999997,-0.2439562,0.08996598499999997,-0.25195695,0.09767692500000003,-0.25870325000000005,0.05676640500000002,-0.26831751000000004,0.07608594499999999,-0.28000649000000005,0.013904145000000034,-0.24106520000000004,0.034681185,-0.22382428000000004,0.027362245000000007,-0.13687015000000002,0.04673810500000003,-0.08472595000000005,0.08776747500000004,-0.11000591000000004,0.109725285,-0.08180225000000008,-0.004755155000000011,-0.006846149999999995,0.004755155000000011,0.006846149999999995,0.024306045,0.13057534999999998,0.011181495000000041,0.17680509,0.03599559499999999,0.27113111,-0.00244010499999997,0.31869134999999993,0.013458099999999973,0.10419505000000001,0.06040523000000003,0.026864239999999984,0.012056920000000027,0.13909833,0.06298717999999998,0.0029236999999999735,0.02906120000000001,0.13742149999999997,0.011689549999999993,0.14055576000000003,0.00642634000000003,0.16995894,-0.013621600000000011,0.14188625999999993,0.02077703999999997,0.017240919999999993,0.009510310000000022,0.01369229999999999,0.1385726276916712,0.1373945669041426
0.09700054999999996,-0.24446058499999995,0.09241761000000004,-0.252547325,0.10065875000000002,-0.259275685,0.058303130000000036,-0.26877841499999994,0.07963739000000003,-0.280341835,0.013195769999999996,-0.24165388499999996,0.03821661000000004,-0.22428708499999994,0.024049299999999996,-0.13685474499999994,0.04934432,-0.08450698499999998,0.08772495000000002,-0.109947185,0.11299159000000003,-0.08061698499999992,-0.005992249999999977,-0.006822914999999985,0.005992250000000032,0.006822914999999985,0.025749650000000013,0.13136451500000002,0.013319269999999994,0.17678805500000006,0.038184350000000034,0.27236177500000003,-0.0016831299999999771,0.3188184150000001,0.01085353,0.10479914000000001,0.06367565000000003,0.02690755999999994,0.011127709999999957,0.13978009999999996,0.06364727000000003,0.00389000000000006,0.03174189999999999,0.13818743,0.01243470000000002,0.14099726,0.007327019999999962,0.16996514000000007,-0.015002399999999971,0.14203036000000002,0.025020840000000044,0.017366800000000016,0.011984500000000009,0.01364582999999997,0.13934679271110945,0.1381831931619963
0.09635091000000001,-0.2430848100000001,0.09233006999999999,-0.25111314000000007,0.09973707999999998,-0.2579508100000001,0.05953970999999997,-0.2675668600000001,0.07843834,-0.2795681800000001,0.015088290000000004,-0.2399420100000001,0.036853849999999966,-0.22381708000000006,0.024704069999999967,-0.13375484000000004,0.04711895999999999,-0.08415848000000004,0.08745290999999994,-0.10934198000000006,0.11140800999999995,-0.08176978000000013,-0.00498113,-0.0066962200000000305,0.00498113,0.0066962199999999195,0.02541547999999999,0.13105331999999992,0.011472609999999994,0.1773272199999999,0.03611698999999996,0.27132341999999987,-0.003270570000000028,0.32012277999999994,0.009615779999999963,0.10618717000000005,0.06274883999999997,0.02441285999999998,0.010265110000000022,0.13965860000000002,0.06428904999999996,0.0023886999999999103,0.03039660999999999,0.13774953999999995,0.01070150999999997,0.14027009999999995,0.006491479999999994,0.17063099999999998,-0.014743180000000022,0.14279556000000004,0.02176555999999996,0.016124930000000037,0.00996226,0.01339243999999995,0.13813111089359703,0.1383940531328366
0.09764519999999999,-0.24015019999999992,0.0933117,-0.2483312399999999,0.10102034999999998,-0.2547827999999999,0.06013160000000001,-0.2644706499999999,0.08027662000000002,-0.2754481999999999,0.017800040000000017,-0.2381301999999999,0.03718756000000001,-0.2203040999999999,0.028655419999999987,-0.13433059999999997,0.04577760000000003,-0.0812970999999999,0.09041984000000003,-0.10665999999999987,0.11011875999999998,-0.08075929999999987,-0.00422353999999997,-0.006903299999999946,0.004223540000000026,0.006903300000000057,0.027336499999999986,0.1310190000000001,0.012613099999999988,0.17662115000000012,0.03700955,0.27303050000000006,-0.0026226199999999644,0.3217707000000001,0.01085537999999997,0.10379959999999994,0.06176442000000004,0.0276706000000001,0.008590040000000021,0.139007,0.06434115999999995,0.0005378000000000327,0.031560039999999956,0.13792230000000005,0.009673050000000016,0.14201149999999996,0.008389559999999963,0.16971785000000006,-0.015235719999999953,0.14514954999999996,0.01938751999999999,0.01782610000000001,0.008447079999999996,0.013806600000000002,0.13750915814124665,0.13747192097882527
0.09488428999999998,-0.2377513999999999,0.09052039,-0.2452314799999999,0.09904699000000006,-0.2521511999999999,0.057181590000000004,-0.2623529999999999,0.07958061,-0.2745887299999999,0.015086270000000013,-0.2385314699999999,0.03561941000000002,-0.22238796999999993,0.023406839999999984,-0.13419103999999993,0.04218784000000003,-0.08377699999999988,0.08344636,-0.10832999999999993,0.10733429000000005,-0.0786851999999999,-0.004572309999999968,-0.006672799999999923,0.004572310000000024,0.006672800000000034,0.02555352999999999,0.13058970000000014,0.010350169999999992,0.17685294000000007,0.034194060000000026,0.2723627700000001,-0.0048929099999999726,0.32157964000000006,0.008320569999999972,0.10434042999999998,0.06003952000000001,0.025861040000000002,0.006568430000000014,0.13861097000000006,0.06514645000000002,0.00509179999999998,0.03012583999999996,0.13726250000000007,0.008640530000000035,0.14177306999999995,0.005777859999999968,0.17018014000000004,-0.015243079999999964,0.14472669999999999,0.020533140000000005,0.016143499999999977,0.009144619999999992,0.013345599999999957,0.13446736622842323,0.13358896922096672
0.09244573,-0.23926430000000004,0.08860515999999996,-0.24630768000000003,0.09639105999999997,-0.2537726,0.05639638999999996,-0.26309107000000004,0.07611590000000001,-0.27667366000000004,0.015803809999999974,-0.23837085000000002,0.03155511,-0.22395544,0.025485099999999983,-0.13360746,0.03883757999999998,-0.08504650000000002,0.08053136,-0.11045539999999998,0.10299539000000002,-0.08105077000000005,-0.0030662100000000136,-0.006271099999999974,0.0030662100000000136,0.006271099999999974,0.023463899999999982,0.13151906999999996,0.007012689999999988,0.17677429999999994,0.030964999999999965,0.27215789999999995,-0.007380190000000009,0.3205652,0.009681290000000009,0.10476339000000001,0.055046260000000014,0.02315206000000003,0.007282469999999985,0.13890893999999998,0.06415781000000004,0.003995729999999975,0.026530109999999996,0.13779016999999993,0.007501099999999983,0.14063883,0.0039464799999999745,0.17050319999999997,-0.014392879999999997,0.14379090000000005,0.015751300000000024,0.014415410000000017,0.006132420000000027,0.012542199999999948,0.13357740106917376,0.13270625454653334
0.09239118000000002,-0.239246735,0.08847706,-0.24640966499999994,0.09685323000000001,-0.253609465,0.056053500000000034,-0.26403514499999997,0.07807702999999999,-0.27716691499999996,0.015357779999999988,-0.24061976499999999,0.03335242999999999,-0.22497983499999996,0.024177510000000013,-0.13534671499999995,0.03912745000000001,-0.08510471499999994,0.08037913000000002,-0.11174831499999993,0.10438988999999999,-0.082727985,-0.0038485099999999717,-0.0065113149999999065,0.003848510000000027,0.0065113150000000175,0.022702730000000004,0.13159214500000005,0.006975789999999982,0.17784844500000008,0.03060162999999999,0.271237885,-0.007488209999999995,0.32024424500000004,0.008819730000000026,0.10527305000000003,0.05620162000000001,0.02359840000000002,0.00577502000000002,0.13987512000000002,0.06526243999999998,0.002376729999999938,0.026551239999999976,0.13810345999999996,0.007898899999999986,0.13964573999999996,0.0031272799999999545,0.17133713000000006,-0.014463999999999977,0.14239579999999996,0.01799465,0.015639930000000024,0.007697019999999999,0.013022629999999924,0.13479288374750947,0.13443296380276082
0.09391335499999998,-0.23889547000000005,0.08980351500000006,-0.24620797000000005,0.098503585,-0.25323497,0.05667862500000004,-0.26432954000000003,0.07987189500000003,-0.27682977000000003,0.013685705000000048,-0.24221279,0.03591188500000003,-0.22414179,0.02243932500000001,-0.13925193000000002,0.04011282500000002,-0.08381077000000003,0.08089255500000003,-0.11197500000000005,0.10536598500000005,-0.08361677,-0.005307674999999956,-0.0068772300000000675,0.005307675000000012,0.006877229999999956,0.02278495500000005,0.13347522999999994,0.009985685000000022,0.17892266999999995,0.03341475500000002,0.27241633,-0.005903904999999987,0.32040813,0.008753619999999962,0.10296085999999999,0.05845323000000002,0.027276929999999977,0.004200939999999986,0.14033101999999997,0.06525316000000003,0.00019400000000002748,0.028092630000000007,0.14035246,0.010629799999999967,0.13894110000000004,0.00467801000000001,0.17204544,-0.01588959000000001,0.14148546000000006,0.022226179999999984,0.018071000000000004,0.010615349999999968,0.013754460000000024,0.1359265276207179,0.13491044969184596
0.09429991500000001,-0.239228235,0.09029024499999994,-0.246882885,0.09860141499999997,-0.253538995,0.05767731499999995,-0.264432995,0.08052679499999998,-0.276135355,0.015335494999999977,-0.24084103500000004,0.03710487499999998,-0.22337254500000003,0.021977064999999962,-0.13628623500000003,0.04072239499999997,-0.08308106500000001,0.08235841499999996,-0.11054223500000004,0.105183115,-0.08267023500000004,-0.005082785000000034,-0.006750464999999983,0.005082784999999979,0.006750464999999983,0.02439755499999996,0.132389725,0.010477334999999977,0.17765906499999995,0.03305947499999995,0.27107796500000003,-0.005985325000000041,0.320656595,0.0066415699999999855,0.1045548,0.06038135,0.02574399999999999,0.003617519999999985,0.14029148000000002,0.06446072000000003,0.00041082999999997316,0.029480339999999994,0.13914019,0.00866191999999999,0.13868824000000002,0.005394549999999998,0.17090859999999997,-0.016462660000000018,0.14299753000000004,0.021769380000000005,0.017468490000000003,0.010165570000000013,0.013500929999999967,0.13571549276767525,0.13422420666406976
0.09366780499999999,-0.23995593999999998,0.09028567500000001,-0.24735828999999998,0.09765720500000002,-0.25438541,0.058768155000000044,-0.26600241999999996,0.07853027500000004,-0.27862513999999994,0.016031055000000016,-0.24327700999999996,0.03522265499999999,-0.22645395999999995,0.024270895000000015,-0.13976193999999997,0.040003714999999995,-0.08719133999999995,0.08496683499999996,-0.11153773999999994,0.102484945,-0.08525173999999991,-0.004165945000000004,-0.0065464100000000025,0.004165945000000004,0.0065464100000000025,0.024949045000000003,0.13424866000000002,0.008586275000000032,0.17842896000000008,0.032466945000000025,0.27170393000000004,-0.007150384999999981,0.31718406,0.008239839999999998,0.10351506999999999,0.06069593999999995,0.028224200000000033,0.004781060000000004,0.13926262,0.06248123,0.0019396000000000413,0.029114990000000007,0.14079507000000002,0.007517900000000022,0.13745527000000002,0.004420330000000028,0.17188255000000008,-0.015736660000000013,0.1387550999999999,0.019191599999999975,0.016823050000000006,0.008331890000000008,0.013092820000000005,0.1377237519300766,0.13451217827550963
0.09215865500000003,-0.23743507500000005,0.08915154499999994,-0.24434961500000008,0.09646676500000001,-0.25190163500000007,0.05836667499999998,-0.26298592500000006,0.07797373499999999,-0.2770477350000001,0.016792044999999978,-0.24140630500000004,0.033306345000000015,-0.22625605500000007,0.025752435000000018,-0.13839297500000003,0.037195845000000005,-0.08733267500000008,0.08485965499999998,-0.11009023500000004,0.10122404499999998,-0.08384303500000001,-0.0034070749999999816,-0.00626947500000008,0.0034070749999999816,0.006269474999999969,0.02440389500000001,0.13450147499999998,0.007775854999999998,0.17837322499999997,0.030858414999999972,0.2717761249999999,-0.00794847500000001,0.3186334249999999,0.00896039000000004,0.10301333000000001,0.05910721999999996,0.028302739999999993,0.00388949999999999,0.13892337999999999,0.06402819999999998,0.0034896400000000716,0.02781096999999999,0.14077095000000006,0.006454519999999964,0.13727464999999994,0.0043687800000000165,0.17210375,-0.01572433000000001,0.14026019999999995,0.016514300000000037,0.015150249999999976,0.006814149999999963,0.012538950000000049,0.13627092805096208,0.13299783486388414
0.09395551999999996,-0.24050211,0.09051356999999993,-0.24779255,0.09797471999999996,-0.25489005,0.05901371999999999,-0.26517667,0.07924389999999998,-0.2779276,0.018936929999999963,-0.24177537999999998,0.03410669999999999,-0.22520687,0.02862363999999995,-0.13846395,0.038224519999999984,-0.08516120000000005,0.08601062999999998,-0.11117765000000002,0.10115200000000002,-0.08394104999999996,-0.002882000000000051,-0.006477549999999943,0.0028819999999999957,0.006477550000000054,0.02490224999999996,0.13408814999999996,0.007741689999999968,0.17864044999999995,0.03099780999999996,0.27117135000000003,-0.008755950000000012,0.31924474999999997,0.009686709999999987,0.10331142999999998,0.05738699000000003,0.027286299999999986,0.004117819999999994,0.14004566999999996,0.06292748000000004,0.0012201500000000864,0.02778425000000001,0.1405656999999999,0.00609556,0.13708320000000007,0.004859689999999972,0.1721628999999999,-0.01649763999999998,0.14060430000000002,0.015169770000000027,0.01656850999999998,0.005764000000000047,0.012955099999999997,0.13734631632601918,0.13353844437449466
0.09387344499999994,-0.24023199499999998,0.09061130500000003,-0.24743741499999994,0.09836674499999998,-0.25483624499999996,0.059048924999999974,-0.26496002499999993,0.08056384500000002,-0.278589245,0.016408144999999985,-0.24115821499999995,0.03610247499999997,-0.22579139499999995,0.02388072499999999,-0.13665874499999997,0.03810725499999995,-0.085505045,0.08732410499999999,-0.11104954499999997,0.10097766499999994,-0.08558304499999991,-0.0044934750000000245,-0.006183084999999977,0.004493474999999969,0.006183085000000088,0.023690884999999995,0.13714705500000002,0.007787104999999961,0.17978632500000002,0.031462204999999965,0.2734272550000001,-0.00832205500000005,0.32035171500000004,0.0074725800000000064,0.10449946999999998,0.06344338,0.0256092,0.002004779999999984,0.14028634999999995,0.06287040999999999,-7.799999999991147e-05,0.02818436000000002,0.14333014,0.0077713199999999705,0.13628020000000007,0.003293629999999992,0.17360323999999994,-0.01610916000000001,0.14056539,0.019694329999999982,0.015366820000000003,0.008986949999999994,0.012366170000000065,0.139382360541024,0.1331548779997676
0.0942903,-0.2395666400000001,0.09048609999999996,-0.2471039200000001,0.09879403000000003,-0.2539160200000001,0.057908760000000004,-0.2646072000000001,0.08133225999999999,-0.2766585000000001,0.01567014,-0.2414174300000001,0.037086180000000024,-0.2236014500000001,0.021854660000000026,-0.13795476000000007,0.03857240000000001,-0.08368616000000006,0.08595559999999997,-0.1106803300000001,0.10001960000000004,-0.0842282700000001,-0.005035000000000012,-0.006726300000000074,0.005035000000000012,0.006726299999999963,0.023941360000000023,0.13498133999999995,0.008174979999999998,0.17966622999999993,0.031013999999999986,0.27255315999999996,-0.007567900000000016,0.3213406299999999,0.006184520000000027,0.10346267000000003,0.06410093999999994,0.02727442999999996,0.0014862199999999826,0.13991529000000003,0.061447200000000035,-0.0005421100000000401,0.028976360000000034,0.14170764000000002,0.007072639999999963,0.13757182,0.0031399799999999867,0.17293992999999996,-0.015742880000000015,0.14167439999999998,0.021416040000000025,0.01781598000000001,0.010070000000000023,0.013452600000000037,0.1381511116191285,0.1315097260321263
0.09318602500000006,-0.23699041999999998,0.089359925,-0.24418244,0.09806462500000002,-0.25118874999999996,0.05699258500000004,-0.26207380999999996,0.08151035500000003,-0.27467330999999995,0.016522455000000047,-0.24040290999999997,0.03629630500000003,-0.22321966,0.02397289500000005,-0.13885373,0.03701876500000001,-0.08429967999999999,0.08523872500000007,-0.11038137999999997,0.09791692500000004,-0.08225107999999992,-0.004514774999999971,-0.006458520000000023,0.004514775000000026,0.006458520000000023,0.024117285000000044,0.13674032000000003,0.006981665000000026,0.18026686000000003,0.030916055000000053,0.27505678,-0.008526474999999978,0.32323002,0.007450440000000003,0.10154917999999996,0.06126583000000002,0.028472350000000035,0.0007224599999999803,0.13891998,0.060898160000000034,0.002048600000000067,0.028632060000000015,0.14319884000000005,0.0067987700000000095,0.13831645999999997,0.0024668899999999994,0.17380834,-0.015508140000000004,0.14296315999999998,0.01977384999999998,0.017183249999999983,0.009029549999999997,0.012917040000000046,0.13731588252212343,0.1288151961407601
0.094210075,-0.23674823000000006,0.09023567500000007,-0.24441187000000003,0.098773475,-0.25091145000000004,0.05760984500000005,-0.26279281000000004,0.08179487500000004,-0.27410422000000007,0.015400155000000026,-0.24048695000000003,0.03838940500000004,-0.22214805000000004,0.02095432500000005,-0.13726495000000005,0.03880010500000003,-0.08314335000000006,0.087836735,-0.10825319,0.09903882500000005,-0.08345265000000002,-0.0055513749999999695,-0.006682950000000076,0.005551375000000025,0.006682949999999965,0.023942105000000047,0.13740405,0.007242905000000022,0.18104155,0.031417355000000036,0.27602465,-0.008228794999999955,0.32375325,0.005554170000000025,0.10322199999999998,0.06688240999999995,0.029011760000000053,0.0004106999999999861,0.13900469999999998,0.06023872000000002,-0.00030929999999995683,0.029493480000000016,0.14408700000000008,0.007475249999999989,0.13862059999999998,0.0016915299999999966,0.17435860000000003,-0.015471699999999977,0.1427117,0.022989250000000017,0.01833889999999999,0.011102749999999995,0.013365900000000042,0.1379777255321658,0.12986273404969764
0.09373833500000006,-0.23669925000000003,0.09040169500000006,-0.24405597,0.09833103500000007,-0.25098698,0.05893515500000007,-0.26249995,0.08105997500000006,-0.27510385,0.017184575000000035,-0.24041457,0.036318405000000054,-0.22312315,0.02297027500000004,-0.13660715,0.03802095500000002,-0.08258145000000006,0.08756693500000001,-0.10966894999999999,0.09975983500000007,-0.08286395000000002,-0.004237814999999978,-0.006615550000000026,0.004237815000000034,0.006615550000000026,0.02497338500000007,0.13639765000000004,0.0061521750000000375,0.18116889999999997,0.03016089500000002,0.27430944999999995,-0.009039534999999932,0.32339381,0.005785700000000005,0.10380741999999998,0.06459665999999997,0.026938200000000023,0.0017025499999999694,0.14054169999999994,0.06173888000000005,-0.00028249999999996334,0.029211200000000048,0.14301320000000006,0.005187509999999951,0.13791179999999992,0.0019143600000000038,0.17455334999999994,-0.01519170999999997,0.14222491000000004,0.01913383000000002,0.017291420000000002,0.008475630000000012,0.013231100000000051,0.1380149099703452,0.13088558830188454
0.09473208999999999,-0.23779227999999997,0.09129365000000006,-0.24542413000000002,0.09928140999999996,-0.25210232,0.05941485000000002,-0.26378635,0.08215975000000003,-0.27573117999999996,0.015972849999999983,-0.24135731,0.03842042000000001,-0.22339591999999997,0.019789979999999985,-0.13827212,0.03989355,-0.08378067999999994,0.08839915000000004,-0.11174627999999998,0.10085715,-0.08395688000000001,-0.005253950000000007,-0.006761180000000033,0.005253950000000007,0.006761180000000033,0.02560572,0.13573572,0.007307420000000009,0.18075622000000002,0.031150180000000027,0.27344682,-0.008045929999999979,0.32257882000000004,0.003817130000000002,0.10308519,0.06860917000000005,0.026525840000000023,0.0014731299999999892,0.13961524000000003,0.06096360000000001,-0.00017620000000007074,0.030859670000000006,0.14249690000000004,0.005544460000000029,0.13771109999999998,0.0020534700000000017,0.17399504,-0.015353349999999988,0.14182260000000002,0.022447570000000028,0.01796139000000002,0.010507900000000014,0.013522360000000067,0.14068679526387684,0.1317943028374277
0.09418163999999996,-0.237808275,0.09044129999999995,-0.24561209500000003,0.09876355999999997,-0.251932665,0.058164899999999964,-0.26459746500000003,0.08214369999999993,-0.275573005,0.014665579999999956,-0.24240539500000002,0.039432829999999974,-0.223748785,0.016665819999999998,-0.13876758499999997,0.03996689999999997,-0.084338625,0.08755694000000003,-0.11183822499999996,0.10033473999999998,-0.08443682500000005,-0.005956200000000023,-0.006761475000000017,0.005956199999999967,0.006761475000000017,0.02492432,0.13703017500000003,0.006095539999999955,0.18104597499999997,0.030788800000000005,0.274475115,-0.008991320000000025,0.322544775,0.002000240000000042,0.10363781000000005,0.07089112000000003,0.026929360000000013,0.0005340699999999976,0.13941016,0.060367840000000006,-9.820000000004825e-05,0.030880520000000022,0.14379165000000005,0.005864480000000005,0.13744493999999996,0.0001393399999999878,0.17428449999999995,-0.01508685999999998,0.14149880000000004,0.02476725000000002,0.018656610000000018,0.01191239999999999,0.013522950000000034,0.140662115522347,0.13124190921889858
