0,1,2,3,4,5,6,7,8,9,10,11,12,13,14,15,16,17,18,19,20,21,22,23,24,25,26,27,28,29,30,31,32,33,34,35,36,37,38,39,40,41,42,43,44,45,46,47,48,49,50,51,52,53,54,55
0.07068043499999999,-0.2826257450000001,0.07823186499999996,-0.2902927850000001,0.06793170499999995,-0.3038008050000001,0.06867540499999997,-0.3057216250000001,0.03301426499999999,-0.3373115150000001,0.053445305,-0.2615948150000001,-0.048985365,-0.26984608500000007,0.088295805,-0.1471729850000001,-0.10588024500000001,-0.12131838500000014,0.105133325,-0.04818834500000013,0.008686804999999964,-0.08036238500000015,0.032379775,-0.0052748850000000624,-0.032379775,0.005274884999999951,0.04647317499999998,0.16990631499999986,-0.01647279500000004,0.20284645499999987,0.04818993499999996,0.30824211499999987,-0.02511397500000001,0.3232815149999999,0.034850500000000006,0.11442183,0.016837519999999995,0.09898463999999996,-0.05689488000000001,0.14852769999999993,0.11456704999999998,0.04095599999999999,0.014093399999999978,0.17518119999999993,0.0017167599999999839,0.1383358,0.01590697999999996,0.19757156999999992,-0.00864117999999997,0.12043506000000004,-0.10243067,-0.008251269999999977,-0.06475955,0.010549770000000014,0.0844668224024919,0.09497476510078513
0.07292948500000002,-0.27955225000000006,0.07922853500000004,-0.28691610000000006,0.07015059500000004,-0.3001556000000001,0.067619965,-0.30294085000000004,0.03388337500000005,-0.33346220000000004,0.052872765000000044,-0.25998419000000006,-0.04995934499999999,-0.26816299000000005,0.086098175,-0.1415396900000001,-0.10651113499999998,-0.11884775000000003,0.10359315500000005,-0.04529485,0.008184715000000009,-0.08070439000000007,0.032870935000000046,-0.005613550000000078,-0.03287093499999999,0.005613549999999967,0.050682585,0.16938544999999994,-0.01639286499999998,0.20370769999999994,0.05039356500000003,0.30671238999999995,-0.024230664999999985,0.32359534999999995,0.033225409999999955,0.11844449999999995,0.01749498000000005,0.09624484000000011,-0.05655178999999999,0.14931524000000002,0.11469584999999999,0.03814335999999996,0.017811649999999957,0.17499900000000002,-0.0002890199999999732,0.13732694,0.01647807000000001,0.19809414999999997,-0.007837800000000006,0.11988765000000001,-0.10283211000000003,-0.008178799999999986,-0.06574187000000004,0.011227100000000045,0.08109400700063103,0.0955842725701572
0.07404076999999998,-0.2841803500000001,0.08033105999999995,-0.2903708300000001,0.07300817999999998,-0.3040082600000001,0.06752836999999995,-0.3041789000000001,0.03882610999999997,-0.33743484000000007,0.05176695999999997,-0.2629020000000001,-0.049759330000000046,-0.27360980000000007,0.08352387,-0.14105,-0.10463878000000001,-0.12097980000000008,0.09974291999999996,-0.04939065000000009,0.010841909999999955,-0.08741910000000008,0.03238817999999999,-0.005144900000000008,-0.032388180000000044,0.005144899999999897,0.04964908999999995,0.16036019999999995,-0.014603909999999998,0.1921839299999999,0.0479618,0.3063693999999999,-0.015804360000000017,0.31668509999999994,0.03175691000000003,0.12185200000000007,0.016219049999999957,0.09165934999999992,-0.05487944999999997,0.15263,0.11548068999999997,0.0335607,0.017260909999999963,0.16550509999999996,-0.0016872899999999524,0.14600919999999995,0.017784270000000046,0.18703903,-0.0012004500000000196,0.12450117000000005,-0.10152629000000002,-0.01070779999999999,-0.06477636000000003,0.010289799999999905,0.0805875138810604,0.10216131742204627
0.07540042999999996,-0.27901742999999996,0.08150203,-0.28546894999999994,0.07398289999999996,-0.29824463999999995,0.06872694000000001,-0.29993216999999994,0.03981784999999999,-0.33114877,0.05355899999999997,-0.26114530999999996,-0.04871635000000002,-0.27052912999999995,0.07851702999999999,-0.13603816999999996,-0.10241665000000003,-0.11754346999999998,0.09358556000000001,-0.04783563000000002,0.012681080000000011,-0.08585936999999999,0.03329167999999999,-0.005658469999999971,-0.03329167999999999,0.005658470000000082,0.05280466,0.15911613000000002,-0.015997750000000033,0.19426573000000003,0.049207520000000005,0.30778899000000004,-0.016584500000000002,0.31854983000000003,0.02495803000000002,0.12510714,0.015068530000000024,0.08820253999999994,-0.053700300000000006,0.15298565999999997,0.11509773000000004,0.03168409999999999,0.019512980000000013,0.1647746,-0.0035971399999999987,0.14867286000000002,0.017293929999999957,0.18860725999999994,-0.0005867499999999692,0.12428410000000001,-0.10227534999999999,-0.009383819999999987,-0.06658335999999998,0.011316940000000053,0.07358168787898255,0.10241586644794455
0.07840810999999998,-0.27440337499999995,0.08464660000000002,-0.28114995499999995,0.07694227999999997,-0.29343242499999994,0.07224452999999997,-0.29578432499999996,0.04351864999999999,-0.32600963499999996,0.056999699999999986,-0.257478075,-0.044807470000000016,-0.26747907499999996,0.07672991000000001,-0.12968107499999992,-0.09943646,-0.11442423499999999,0.08891303,-0.04976362499999998,0.014983550000000012,-0.08316422499999998,0.03331406999999997,-0.0054302249999999,-0.03331407000000003,0.005430225000000011,0.05166907999999998,0.16371416500000002,-0.016088290000000005,0.199864425,0.047969229999999974,0.312830225,-0.01596643000000003,0.32043152500000005,0.019730210000000026,0.12779700000000005,0.012183119999999992,0.07991744999999995,-0.05462898999999999,0.15305483999999997,0.11442001000000002,0.031260010000000005,0.018355010000000005,0.16914438999999992,-0.0036998500000000045,0.14911606,0.017225780000000024,0.1944342,0.00012185999999997366,0.12056710000000004,-0.10180717,-0.010000999999999982,-0.06662814,0.01086044999999991,0.07111044022252717,0.10090409639091419
0.08280089999999996,-0.27163335000000005,0.08867973999999995,-0.27836021000000005,0.08131882999999995,-0.29042118000000006,0.07521306,-0.29256608000000006,0.04806539999999998,-0.32195236000000005,0.059629779999999966,-0.2569643300000001,-0.040935210000000055,-0.26565013000000004,0.07512745999999998,-0.13361333000000009,-0.09736002000000002,-0.1133555300000001,0.08391103999999999,-0.05906533000000003,0.016641499999999976,-0.08294736000000003,0.03302805999999997,-0.005186630000000081,-0.033028060000000026,0.00518662999999997,0.048456679999999974,0.1649094299999999,-0.015054740000000011,0.19773756999999992,0.04628327999999998,0.3152737699999999,-0.01494532000000004,0.32063836999999995,0.015497680000000014,0.12335099999999999,0.008783580000000013,0.07454800000000006,-0.056424809999999964,0.15229459999999995,0.11400152,0.030408170000000068,0.015428620000000004,0.17009606,-0.002173399999999992,0.15036433999999999,0.017973320000000015,0.19255093999999995,0.00010941999999997121,0.12290080000000003,-0.10056499000000002,-0.008685799999999966,-0.06605612,0.01037326000000005,0.07410797505916887,0.10116652303955939
0.08656772499999998,-0.2646236700000001,0.09223129499999999,-0.2712617200000001,0.08525403499999995,-0.2834665800000001,0.07797826499999999,-0.28552630000000007,0.05153500499999997,-0.3154094800000001,0.061329964999999986,-0.25153785000000006,-0.04044935500000002,-0.2613946200000001,0.07009100499999998,-0.1287603100000001,-0.09848835500000003,-0.11238912000000012,0.080233685,-0.05357575000000003,0.014663965000000001,-0.08094969000000007,0.033978764999999966,-0.005389550000000076,-0.03397876500000002,0.005389549999999965,0.055133094999999965,0.16304074999999996,-0.016559635000000017,0.19763448999999988,0.04907619499999999,0.31401504999999996,-0.015641335000000034,0.3224806499999999,0.008761039999999998,0.12277753999999996,0.010142680000000015,0.07518456000000007,-0.05803900000000001,0.14900549999999996,0.11315232000000003,0.031439430000000046,0.02115433,0.16843030000000003,-0.006056899999999976,0.1509743,0.017419130000000005,0.19224493999999992,0.000918299999999983,0.12484616000000004,-0.10177932,-0.009856770000000015,-0.06795752999999999,0.010779100000000041,0.06679391809623388,0.09909883725670302
0.08900365499999996,-0.2618656100000001,0.094677925,-0.26774705000000004,0.08865738499999998,-0.28074968000000006,0.07974502499999997,-0.28084696000000003,0.056854815,-0.31266591000000005,0.06260022500000001,-0.24873039000000008,-0.036969485000000024,-0.26056171000000006,0.06902340499999998,-0.13087288000000008,-0.09740806500000002,-0.1151022100000001,0.078380685,-0.05287907000000003,0.015154064999999994,-0.08073771000000007,0.03315505499999999,-0.004699560000000047,-0.03315505499999999,0.004699559999999936,0.053774204999999964,0.16740138999999998,-0.014320315000000028,0.19853838999999995,0.04728518500000001,0.31576108999999997,-0.014322455000000012,0.32168098999999994,0.006423179999999973,0.11785751,0.009357280000000023,0.07799381000000005,-0.06043857999999999,0.14545949999999996,0.11256213000000001,0.03436450000000002,0.020619149999999975,0.17210095000000003,-0.0064890199999999565,0.14835969999999998,0.01883473999999996,0.19383883000000002,-2.1399999999838215e-06,0.12314259999999999,-0.09956971000000003,-0.011831319999999979,-0.06631010999999998,0.009399119999999983,0.06608042669911417,0.09814936668276215
0.08969381999999998,-0.25870005499999993,0.09512852,-0.26395765499999996,0.09025870000000003,-0.2774896149999999,0.07930670000000001,-0.2758804349999999,0.05961159999999999,-0.30924833499999993,0.062053899999999995,-0.24380610499999994,-0.03679070000000001,-0.25870202499999995,0.06672106,-0.1262120149999999,-0.09900801000000001,-0.11673862499999998,0.07754561999999998,-0.04642017499999995,0.012889280000000003,-0.07817400499999994,0.033140800000000026,-0.004158624999999971,-0.033140800000000026,0.004158625000000082,0.057326560000000026,0.16658482500000005,-0.01597573000000002,0.19526212500000006,0.05157957000000002,0.3175833250000001,-0.014207230000000015,0.32199572500000007,0.0046671600000000035,0.11759409000000004,0.010824559999999983,0.07979183999999995,-0.06221731,0.14196339999999996,0.11189729000000001,0.03856462000000005,0.02418576,0.17074345000000002,-0.005746990000000007,0.15099850000000004,0.017165070000000004,0.19110349999999998,0.0017685000000000062,0.1267336,-0.0988446,-0.014895920000000007,-0.06628160000000005,0.008317250000000054,0.06130111457090233,0.0943261905703994
0.09494212499999999,-0.25692137000000004,0.09995004499999999,-0.26178418000000003,0.09625310499999995,-0.27572715000000003,0.08229070499999996,-0.27344321000000005,0.06629496499999998,-0.3077386200000001,0.064831855,-0.24319671000000004,-0.032810695000000056,-0.26026108000000003,0.06966868499999995,-0.12448080000000006,-0.09759285500000003,-0.12116160000000009,0.080889255,-0.039633150000000006,0.013802144999999988,-0.07816655000000006,0.03240394499999999,-0.0036191500000000154,-0.032403945000000045,0.0036191499999999044,0.05299863499999996,0.1694355999999999,-0.013102195000000039,0.19807975,0.04811143499999998,0.3194180499999999,-0.00921589500000003,0.31975964999999995,0.004836829999999959,0.11871590999999998,0.01122057000000004,0.08484765000000005,-0.06478215999999998,0.13909947999999994,0.11139500000000002,0.042995050000000035,0.02059468999999997,0.17305474999999992,-0.0048871999999999804,0.14998245,0.019301750000000006,0.1944606000000001,0.003886300000000009,0.12167989999999995,-0.09764255000000005,-0.017064369999999995,-0.06480789000000003,0.00723829999999992,0.06039729697425291,0.09393563475900983
0.09677830999999998,-0.2553292299999999,0.09942188000000002,-0.2602721799999999,0.09867111,-0.2735142199999999,0.07853156,-0.2745617099999999,0.06889939,-0.3054185299999999,0.06374903999999998,-0.2424653799999999,-0.028785530000000004,-0.2595787999999999,0.07029318000000001,-0.11477521999999996,-0.09850879000000001,-0.12327811999999994,0.08645814000000002,-0.02355744999999987,0.010067710000000007,-0.07466039999999996,0.030490689999999987,-0.003817949999999959,-0.030490689999999987,0.00381795000000007,0.049955709999999987,0.1710725500000001,-0.015018650000000022,0.2042588500000001,0.04574172999999998,0.30639239000000007,-0.01541254000000003,0.3195636500000001,0.006544140000000032,0.12769015999999994,0.016164960000000006,0.09121777000000009,-0.06972326000000001,0.13630067999999995,0.10857650000000002,0.048617719999999975,0.01946502,0.17489050000000006,-0.004213980000000006,0.13531983999999997,0.015472039999999965,0.20044090000000003,-0.00039389000000000784,0.11530479999999999,-0.09253456999999998,-0.01711341999999999,-0.060981379999999974,0.007635900000000029,0.059346468469088365,0.08833931870510721
0.09967133500000003,-0.25477175999999996,0.10209063500000004,-0.25987901999999996,0.101491895,-0.2731730599999999,0.080562835,-0.2731263299999999,0.07159700500000005,-0.3042341599999999,0.06451496500000004,-0.23809325999999992,-0.025670464999999976,-0.25875988999999994,0.06906873500000005,-0.10951555999999996,-0.09693950499999998,-0.12503301999999994,0.09435363500000005,-0.0164334599999999,0.00992506500000001,-0.0724254299999999,0.029516135,-0.0025857099999999633,-0.029516135,0.0025857100000000743,0.04615033500000004,0.17405248000000006,-0.01571956499999999,0.1996240400000001,0.042947835000000045,0.31147480000000005,-0.013751065000000007,0.31824994000000006,0.0045537700000000125,0.12857769999999996,0.0252849,0.09308210000000006,-0.07126904,0.13372687,0.10686456999999999,0.05260759000000004,0.016634200000000043,0.17663819000000003,-0.003202499999999997,0.13742232,0.013796570000000008,0.19703833000000004,0.001968499999999984,0.11862589999999995,-0.09018543000000001,-0.02066663000000002,-0.05903227,0.005171420000000038,0.06629978571845088,0.08474832966813917
0.10028549000000003,-0.25183322999999996,0.10330896,-0.25697765999999994,0.10292654000000001,-0.27048822999999994,0.08256439000000004,-0.27195228999999993,0.07517435,-0.30420948999999997,0.06350919000000005,-0.23953162999999994,-0.021734279999999995,-0.2621145999999999,0.06482629000000001,-0.10900942999999996,-0.09748805999999999,-0.12755466999999998,0.10101889000000003,-0.017246529999999982,0.008395870000000027,-0.07210832999999994,0.02785291000000001,-0.002321229999999952,-0.027852909999999953,0.002321230000000063,0.04337044000000001,0.17921667000000008,-0.016345410000000005,0.20488407000000008,0.045199020000000034,0.31632627,-0.01292567,0.31751667000000006,0.00131709999999996,0.13052219999999998,0.03619260000000002,0.09176289999999998,-0.07575377999999999,0.13455992999999994,0.10588393000000001,0.05544634000000004,0.015517530000000002,0.18153790000000003,0.001828580000000024,0.13710959999999994,0.011507499999999948,0.20256284000000002,0.0034197400000000044,0.11263259999999997,-0.08524347000000004,-0.02258296999999998,-0.05570581999999996,0.004642460000000015,0.07467278761001496,0.0827872783299584
0.10198331,-0.25393249,0.10434611999999999,-0.25907773,0.10522007,-0.27252676000000003,0.08191681,-0.27253173,0.07754917,-0.30467846000000004,0.06075620999999998,-0.23841603,-0.019953849999999995,-0.26145053,0.058292449999999996,-0.11237642999999997,-0.09810813000000002,-0.12958842999999998,0.09651150999999997,-0.03494613000000002,0.006707989999999997,-0.07339952999999999,0.026588200000000006,-0.002177729999999989,-0.026588200000000006,0.002177729999999989,0.04359173999999999,0.17923186999999996,-0.016927269999999994,0.20318146999999998,0.04734402999999998,0.31656827,-0.014463460000000039,0.31656827,-0.0024637599999999815,0.12603960000000003,0.03821905999999997,0.07743029999999995,-0.07815428000000002,0.13186210000000004,0.10481612000000001,0.056188899999999986,0.017003539999999984,0.18140959999999995,0.0037522899999999915,0.13733640000000003,0.009660930000000012,0.20100374,0.002463809999999955,0.11338680000000001,-0.08071005999999997,-0.023034500000000013,-0.05317640000000001,0.004355459999999978,0.07722070525394142,0.08258667263925637
0.10567323499999998,-0.25396842,0.107750495,-0.25965077,0.10876766499999996,-0.27261506999999996,0.08424608499999997,-0.27341273,0.08047778499999997,-0.30394857999999997,0.058710235,-0.23971706999999998,-0.015758335000000012,-0.25950554,0.047882545,-0.12248789999999998,-0.09662380500000001,-0.12908790000000003,0.08750151499999997,-0.06343125999999999,0.007192714999999961,-0.07314509999999996,0.02467258499999997,-0.002880600000000011,-0.024672585000000025,0.002880600000000011,0.043398964999999956,0.17750995999999997,-0.014638835000000017,0.20327174999999997,0.04790766499999999,0.3174089,-0.012036135000000003,0.3192513,-0.010827690000000001,0.11722917,0.039618969999999976,0.059056639999999994,-0.08086547,0.13041763999999995,0.10381651999999997,0.05594280000000007,0.018726379999999987,0.18039055999999998,0.004508700000000032,0.13989894000000003,0.010033750000000008,0.20039114999999996,0.0026027000000000133,0.11597955000000004,-0.07446857000000001,-0.019788470000000002,-0.049345169999999994,0.005761200000000022,0.0872574172857557,0.08243363636635227
0.10898730000000001,-0.2609179300000001,0.11212090000000002,-0.26685521000000006,0.11173493000000001,-0.27975264000000005,0.08846195000000001,-0.27676645000000005,0.08347648000000002,-0.30834982000000005,0.05885702000000004,-0.24212385000000008,-0.014375849999999968,-0.26241353000000006,0.04164237000000004,-0.12904619000000006,-0.09645063999999998,-0.13224089000000006,0.09133279,-0.07477379000000006,0.007882890000000031,-0.07685019000000004,0.02380532000000002,-0.0026005500000000348,-0.023805319999999963,0.0026005499999999238,0.03824401000000005,0.17631553999999994,-0.008216799999999969,0.1974149099999999,0.042655620000000005,0.31743400999999993,0.0032132900000000353,0.31743400999999993,-0.017214649999999998,0.11307766000000002,0.04969041999999996,0.0542724,-0.08207479000000001,0.13017264,0.10433353000000001,0.055390700000000015,0.014438690000000032,0.17891608999999997,0.004411609999999955,0.14111847,0.015588519999999995,0.19481435999999996,0.011430090000000004,0.12001910000000005,-0.07323287,-0.020289679999999977,-0.04761063999999998,0.0052010999999999585,0.09883792681303316,0.08553690863920495
0.10827001000000003,-0.25636802,0.11170267,-0.26186224999999996,0.11169313000000003,-0.27543187999999996,0.08872499,-0.27357837999999995,0.08389454000000002,-0.30713398,0.05664627,-0.2406737,-0.013490290000000016,-0.26261717999999995,0.04342674000000002,-0.12610285,-0.09555282000000001,-0.13052995,0.10182099,-0.07516705000000001,0.009035630000000017,-0.07410410999999995,0.022663040000000023,-0.0027436499999999864,-0.022663040000000023,0.0027436499999999864,0.03908075,0.17155918000000003,-0.008123990000000025,0.19703075000000003,0.043897940000000024,0.32167765000000004,0.0006445800000000057,0.32167765000000004,-0.01321952999999998,0.11457085,0.05839424999999998,0.050935799999999976,-0.08206253,0.13208722999999994,0.10458845000000003,0.05642584000000006,0.016417709999999974,0.17430283000000002,0.004817190000000027,0.15011847,0.014539049999999998,0.19428710000000005,0.008768570000000031,0.1246469,-0.07013656000000001,-0.02194347999999996,-0.045326080000000046,0.005487299999999973,0.10728993389765183,0.08312871884485225
0.10767589999999999,-0.26257927999999997,0.11039708999999998,-0.26817228,0.11023155000000001,-0.28008757999999995,0.08726378000000001,-0.27811242999999997,0.08309187000000001,-0.30830517999999996,0.05288191999999997,-0.24328695,-0.011484190000000005,-0.26318988,0.04293484999999997,-0.13425697999999997,-0.09819054000000002,-0.13471571999999998,0.11034627999999996,-0.08535401999999992,0.009411449999999988,-0.07326697999999998,0.020224350000000002,-0.0036714799999999492,-0.020224350000000002,0.0036714800000000603,0.042965069999999994,0.16427756999999998,-0.010705450000000005,0.19492412000000003,0.04546981,0.32255502,-0.005751449999999991,0.32255502,-0.009947070000000002,0.10902997000000003,0.06741143,0.04890296000000005,-0.08670635000000002,0.12847416,0.10760199000000001,0.06144874,0.022740719999999992,0.16794904999999993,0.0025047400000000053,0.15827745000000004,0.009518899999999997,0.19125263999999997,0.004954000000000014,0.1276309,-0.06436610999999998,-0.019902929999999985,-0.040448700000000004,0.0073429600000000095,0.12163058664569734,0.08244881605463844
0.106697445,-0.265949535,0.109460475,-0.27161793500000003,0.10955082500000002,-0.283348375,0.086444085,-0.282918535,0.083448825,-0.31255683500000003,0.05114052499999999,-0.249371165,-0.010474474999999983,-0.267537335,0.04003562500000002,-0.140974535,-0.09857079499999999,-0.13712107500000004,0.110478405,-0.09863723499999999,0.007746785000000034,-0.07799443500000003,0.019505775000000003,-0.004152765000000058,-0.019505775000000003,0.004152764999999947,0.044980165000000016,0.16036296500000002,-0.01072497499999997,0.19337940499999995,0.047902725000000035,0.315655295,-0.006741045000000001,0.321723765,-0.011104899999999973,0.10839663,0.07044277999999998,0.04233730000000002,-0.08809632,0.13041625999999995,0.10631758000000002,0.05912664000000001,0.025474390000000013,0.16451573000000008,0.0029225600000000185,0.15529232999999998,0.008780800000000033,0.18922664,0.003983929999999969,0.12834436000000005,-0.061614999999999975,-0.01816616999999998,-0.039011550000000006,0.008305530000000005,0.13116148245692327,0.0865497804410479
0.10661257000000002,-0.27115071500000004,0.10769039999999996,-0.27754373500000007,0.10880046999999998,-0.28827846500000004,0.08236224999999997,-0.28632272500000006,0.08200805,-0.312842235,0.049983679999999975,-0.24732584500000004,-0.010262790000000022,-0.26520122500000004,0.04206303,-0.14001226500000008,-0.10006609,-0.13811456500000008,0.11653199999999997,-0.10246841500000003,0.006568909999999983,-0.07617692500000006,0.019044549999999993,-0.004089934999999989,-0.019044549999999993,0.004089934999999989,0.04324964999999997,0.15928333499999991,-0.01121133000000002,0.19146593499999998,0.048117049999999995,0.316568395,-0.011322820000000011,0.32577963499999996,-0.007920649999999974,0.10731357999999996,0.07446896999999997,0.037543850000000045,-0.08980329999999997,0.12708665999999996,0.10663499999999998,0.061937640000000016,0.02420509999999998,0.1633732699999999,0.004867400000000022,0.1572850600000001,0.007833219999999974,0.187376,-0.00011148999999999187,0.13431369999999998,-0.060246469999999996,-0.017875379999999996,-0.03808909999999999,0.008179869999999978,0.1384995604130674,0.08425448443513975
0.10489778999999999,-0.27591063,0.10570364999999998,-0.28272545,0.10640033999999998,-0.29320838,0.08023269,-0.29004725000000003,0.07843613999999999,-0.31581379000000004,0.04808404999999999,-0.24572495,-0.011256160000000015,-0.26646231000000004,0.04260461999999998,-0.13805798999999996,-0.10213265000000002,-0.14185922000000006,0.12302558999999996,-0.11300299999999996,0.004261519999999963,-0.07891165,0.018376289999999962,-0.0032653500000000557,-0.018376290000000017,0.0032653499999999447,0.03629494,0.16160704999999997,-0.012447690000000011,0.19016624999999998,0.04431104999999996,0.31543495,-0.012691010000000003,0.32734175,-0.005479430000000007,0.10766696000000003,0.08042096999999998,0.02505499,-0.09087649,0.12460308999999997,0.10639416999999998,0.06294757000000006,0.017918650000000036,0.16487240000000003,0.008016109999999965,0.15382790000000002,0.005928600000000006,0.18690090000000004,-0.00024331999999999132,0.1371755,-0.059340210000000004,-0.020737360000000038,-0.03675257999999998,0.0065307,0.15163715843424552,0.08523807699963726
0.10716110999999995,-0.276155995,0.10771283999999998,-0.283839395,0.10737880999999999,-0.293084475,0.08173800999999997,-0.28850291499999997,0.07747742999999996,-0.310903055,0.049260259999999945,-0.24031223499999999,-0.00954919000000004,-0.258871695,0.03992720999999999,-0.13738767500000004,-0.10095632000000004,-0.138961675,0.11976200999999997,-0.11612452500000003,0.005276909999999968,-0.07417037500000001,0.017925409999999975,-0.003270525000000024,-0.01792541000000003,0.003270525000000024,0.028576259999999964,0.16398136500000005,-0.011947240000000026,0.19002502499999996,0.03841780999999994,0.321535425,-0.010570940000000029,0.332761565,-0.009333049999999954,0.10292455999999994,0.07983479999999998,0.02126315000000001,-0.09140713,0.11991002,0.10623323000000001,0.0647913,0.01065084999999999,0.16725189000000007,0.009841549999999977,0.15755405999999994,0.005978170000000005,0.18675449999999993,0.001376299999999997,0.14273654000000002,-0.058809449999999985,-0.018559460000000028,-0.035850820000000005,0.006541050000000048,0.15200894189342942,0.08084207225320492
0.10549209999999998,-0.27376874500000004,0.10633965000000001,-0.28106364500000003,0.10634674,-0.29064594500000007,0.08113894999999999,-0.2864578950000001,0.07716107,-0.31017872500000004,0.049322829999999984,-0.23834836500000006,-0.010435450000000013,-0.25909912500000004,0.04384402999999998,-0.134700445,-0.10042842000000002,-0.13987074500000007,0.12571116999999998,-0.11677734500000003,0.0017516499999999935,-0.073040345,0.018293989999999982,-0.00286579500000006,-0.018293990000000038,0.002865794999999949,0.031089529999999976,0.16440645499999995,-0.012676730000000025,0.19106985499999996,0.03812523000000001,0.322268185,-0.013212129999999989,0.3322030549999999,-0.005478800000000006,0.10364792000000006,0.08186714,0.01792309999999997,-0.08999297,0.11922837999999997,0.10218007000000001,0.06683040000000007,0.012795539999999994,0.16727225,0.007035700000000034,0.15786173000000003,0.005617260000000013,0.18820406,-0.0005353999999999637,0.14113319999999996,-0.05975828,-0.02075075999999998,-0.03658798000000002,0.005731590000000009,0.15657040519381335,0.0785084057455582
0.09828734,-0.26638972499999997,0.10043795999999999,-0.272539445,0.10040928999999998,-0.28351854499999996,0.07843965999999997,-0.28098952499999996,0.07379905999999997,-0.30886387499999995,0.04776935999999998,-0.23847794499999997,-0.014022860000000026,-0.261462985,0.05101059999999996,-0.13706758499999994,-0.10332346000000003,-0.14022214499999996,0.13446586,-0.11710064499999995,-0.002549240000000008,-0.07494004499999996,0.01900943999999999,-0.0025165950000000104,-0.019009440000000044,0.0025165950000000104,0.0344873,0.165135555,-0.015281140000000026,0.19271195500000005,0.04195905999999999,0.320993655,-0.020853940000000015,0.33452001500000006,0.0032412399999999786,0.10141036000000003,0.08345526000000003,0.01996693999999999,-0.08930060000000001,0.12124084000000002,0.10077422000000003,0.06528210000000001,0.01547786000000001,0.16765215,0.007471759999999994,0.1558581,0.0037283000000000177,0.19019536000000004,-0.005572799999999989,0.14180806,-0.06179222000000001,-0.022985040000000012,-0.03801888000000003,0.005033190000000021,0.16266434592011517,0.07918629467357086
0.09690542000000002,-0.25937724999999995,0.09994362000000001,-0.26512581999999996,0.09938116000000002,-0.27638401999999995,0.07956165999999998,-0.27478519999999995,0.07397298000000002,-0.30367655999999993,0.050567189999999984,-0.23412818999999996,-0.013090119999999983,-0.25764099999999995,0.0626776,-0.13374177999999992,-0.10105502999999999,-0.1364716199999999,0.14356921,-0.10998761999999995,-0.002878869999999978,-0.07152448,0.01828394,-0.001748219999999967,-0.01828394,0.001748220000000078,0.02318511000000001,0.1662166300000001,-0.010773020000000022,0.18943753000000008,0.028701790000000005,0.3291937800000001,-0.012399720000000003,0.33558025,0.012110410000000016,0.10038641000000004,0.08089161,0.02375415999999997,-0.08796491000000001,0.12116938000000005,0.09817616000000001,0.0649471399999999,0.00490117000000001,0.16796485000000005,0.005516679999999996,0.16297715000000002,0.0075109199999999765,0.18768931,-0.001626699999999981,0.14614271999999995,-0.06365730999999997,-0.023512809999999995,-0.03656788,0.003496440000000045,0.16556620002685604,0.07487459346797759
0.09783723999999999,-0.25795484,0.10104731,-0.26352760000000003,0.10033970999999997,-0.27493972000000005,0.08078969000000003,-0.27371252000000007,0.07484719000000001,-0.30286373000000005,0.05300643999999999,-0.23442436000000005,-0.01360956000000002,-0.25677620000000007,0.06655314000000001,-0.13684580000000002,-0.10068484999999999,-0.13718963000000006,0.13760674,-0.10581315000000002,-0.0011876599999999793,-0.07136180000000003,0.018956240000000013,-0.0018576000000000148,-0.018956240000000013,0.0018575999999999038,0.021996860000000007,0.16553779999999996,-0.008183559999999979,0.1879227,0.02427572,0.3284554999999999,-0.008795439999999988,0.33275579999999993,0.013546700000000023,0.09757856000000004,0.0710536,0.031032649999999995,-0.08707528999999997,0.11958657,0.09949719000000001,0.06582783000000003,0.003040619999999994,0.16739539999999997,0.0022788599999999937,0.16291769999999994,0.010772680000000034,0.1860651000000001,-0.0006118800000000091,0.14483309999999994,-0.06661600000000001,-0.02235184000000001,-0.037912480000000026,0.0037151999999999186,0.15774884318451435,0.07534456165893058
0.09920501500000001,-0.2528837699999999,0.10106151500000005,-0.2584427999999999,0.10116481500000002,-0.2696019199999999,0.08077540500000002,-0.2709137299999999,0.07461610500000004,-0.2976419099999999,0.05838697500000001,-0.23083821999999993,-0.012264224999999962,-0.2540507999999999,0.07392353500000004,-0.1311937499999999,-0.10040173499999996,-0.13559694999999994,0.13997298500000005,-0.09886654999999989,-0.003261864999999975,-0.06685239999999992,0.02155453500000004,-0.0014735499999999346,-0.021554534999999986,0.0014735500000000457,0.031875995000000046,0.17224455000000005,-0.01778450499999995,0.19650798000000014,0.03601303500000003,0.32427245000000005,-0.028145614999999957,0.34067495000000014,0.015536560000000033,0.09964447000000004,0.06604945000000001,0.0323272,-0.08813751,0.11845384999999997,0.09713986999999999,0.06874455000000002,0.010321460000000005,0.1737181,0.004137039999999981,0.1520279,0.0037700300000000353,0.1950344300000001,-0.010361110000000007,0.14416697,-0.07065119999999997,-0.023212579999999983,-0.04310907000000003,0.0029470999999999803,0.1533242503630867,0.0707322926189403
0.10222606499999998,-0.25287434000000003,0.10588471499999996,-0.25784670000000004,0.10567359499999995,-0.27024638,0.08644889499999997,-0.26857942,0.08138411499999998,-0.30027165000000006,0.05859941499999993,-0.23118263000000006,-0.008958925000000062,-0.25642270000000006,0.07497421499999996,-0.13267886000000007,-0.09707626500000005,-0.13724210000000003,0.14166981499999998,-0.09581340000000005,0.0003411349999999369,-0.06986987,0.019516184999999964,-0.0008636000000000754,-0.01951618500000002,0.0008635999999999644,0.023038194999999928,0.16509109999999994,-0.011050835000000037,0.18569059999999993,0.027930544999999973,0.33021135,-0.015081425000000037,0.33641095,0.016374800000000023,0.09850376999999999,0.06669560000000002,0.03686546000000002,-0.08811733999999999,0.11918060000000003,0.09741739999999999,0.06737223000000003,0.0035220099999999643,0.1659547,0.004892350000000045,0.16512025000000008,0.008465349999999983,0.18482699999999996,-0.0040305900000000006,0.15072035000000006,-0.06755834,-0.025240070000000003,-0.03903236999999998,0.0017272000000000398,0.15471578407588832,0.07346793134302403
0.10238447,-0.25075817999999994,0.1040044,-0.25566969999999994,0.10516437000000001,-0.2676094599999999,0.08296049999999999,-0.26769975999999995,0.07906984,-0.29617969999999993,0.06089439000000002,-0.22892429999999991,-0.010148870000000032,-0.2534576799999999,0.07745988999999998,-0.12977729999999987,-0.09877683000000001,-0.13598135999999994,0.13935653999999997,-0.0919973999999999,-0.0027831300000000225,-0.06704699999999997,0.02188487,-0.0009435999999999334,-0.02188487,0.0009436000000000444,0.0326554,0.16936890000000004,-0.020173649999999987,0.19171156000000011,0.03771257,0.3249871000000001,-0.03215505000000002,0.3428721000000001,0.016565499999999955,0.09914700000000004,0.06189665,0.03777989999999998,-0.08862795999999998,0.11747631999999997,0.09599369999999999,0.06893435999999997,0.01077053,0.17031249999999998,0.00505717,0.15561820000000004,0.0017112200000000133,0.19076796000000007,-0.011981400000000031,0.15116054,-0.07104326000000005,-0.024533379999999994,-0.04376974,0.0018871999999999778,0.1486283544517293,0.07062292941663918
0.10441805000000004,-0.24987395,0.10566337000000003,-0.25476025,0.10708775000000004,-0.26677628000000003,0.08355244000000006,-0.2663737,0.08014749000000004,-0.29496388,0.06143729000000003,-0.22622888000000002,-0.009537589999999985,-0.25208185,0.08054192000000004,-0.12604179999999998,-0.09795190999999995,-0.1368085,0.14546387000000005,-0.08556229999999998,-0.0027468899999999463,-0.06594114000000006,0.021471810000000036,-0.0006380999999999748,-0.02147180999999998,0.0006380999999999748,0.029809340000000017,0.17174519999999993,-0.017929629999999974,0.19302779999999997,0.03200342000000006,0.32607193,-0.029939759999999982,0.3400236,0.01910463000000001,0.10018708000000004,0.06492195,0.0404795,-0.08841431999999996,0.11527335,0.09520502,0.07086735999999993,0.008337529999999982,0.1723832999999999,0.0021940800000000427,0.15432673000000008,0.003542180000000006,0.1923897,-0.012010130000000008,0.1469958,-0.07097488000000002,-0.025852969999999975,-0.042943620000000016,0.0012761999999999496,0.15028689460057254,0.06916225725049759
0.10833923000000001,-0.25567073500000004,0.11038599999999998,-0.26049915500000004,0.11189850000000001,-0.27316642500000005,0.08801300000000001,-0.26890782500000004,0.086706,-0.300464775,0.061395840000000035,-0.230218955,-0.005036639999999981,-0.257589145,0.07919665000000004,-0.13083673500000004,-0.09448988999999999,-0.14229417500000008,0.14537060000000002,-0.08990067499999999,0.0008960500000000371,-0.07305181500000002,0.0201635,-0.0004022249999999783,-0.0201635,0.0004022249999999783,0.02708440000000001,0.16733669499999992,-0.014695569999999991,0.18919437500000003,0.037930180000000036,0.326971225,-0.028027999999999997,0.3420259849999999,0.01780081,0.09938221999999997,0.06617394999999998,0.04093606000000005,-0.08945325000000001,0.11529496999999994,0.09538594000000003,0.06924236000000006,0.006920900000000008,0.1677389199999999,0.010845780000000027,0.15963453000000005,0.00546793000000001,0.18879215000000005,-0.013332430000000006,0.1528316099999999,-0.06643248000000002,-0.027370190000000016,-0.040327,0.0008044499999999566,0.153905134556364,0.07641335379712176
0.10749502999999999,-0.24799892499999998,0.10837274000000002,-0.253197525,0.11009669999999999,-0.265054325,0.08577573,-0.26482580499999997,0.08315735000000002,-0.292838285,0.06361280000000002,-0.22462882499999998,-0.006470699999999996,-0.251268185,0.08113550000000003,-0.12501968499999994,-0.09518389,-0.13889456499999997,0.14523797,-0.08468587500000002,-0.0003492599999999624,-0.06478092499999999,0.02166090000000004,-0.00043552499999999217,-0.021660899999999983,0.00043552499999999217,0.03306730000000002,0.17368100500000005,-0.01927954999999998,0.195544575,0.038119700000000034,0.327708235,-0.03283191999999996,0.344547735,0.017522700000000002,0.09960914000000004,0.06410246999999997,0.040333809999999914,-0.08871319,0.11237362000000001,0.09483463000000003,0.07411363999999998,0.011406399999999983,0.17411653000000005,0.0050524000000000124,0.15402722999999996,0.0023813500000000043,0.19510905,-0.01355236999999998,0.14900316000000002,-0.07008350000000002,-0.02663936,-0.04332180000000002,0.0008710499999999843,0.14956407892574805,0.06861028603709576
0.108972915,-0.24853458000000006,0.10958791499999998,-0.2539300200000001,0.111671615,-0.2655892000000001,0.08649791499999998,-0.2654498800000001,0.084693835,-0.29305281000000005,0.06395696499999998,-0.2246392000000001,-0.005085125000000024,-0.25138988000000007,0.08239085499999999,-0.12565794000000008,-0.094097345,-0.1413341800000001,0.14643361500000002,-0.08620044000000004,0.0007872150000000078,-0.06608648000000006,0.021400344999999987,-0.0005817800000000872,-0.021400344999999987,0.0005817799999999762,0.034855735,0.17003795999999993,-0.01839824499999998,0.19394645999999993,0.040553214999999976,0.32512701999999993,-0.033193585000000025,0.34297301999999996,0.01843389000000001,0.09898126000000002,0.06404276000000003,0.039457500000000034,-0.08901221999999998,0.11005569999999998,0.09488456,0.07524770000000003,0.013455390000000012,0.17061974000000002,0.005697479999999977,0.15508906,0.0030021000000000075,0.19336467999999996,-0.014795340000000046,0.14902656000000003,-0.06904209,-0.02675067999999997,-0.042800689999999975,0.0011635600000000634,0.15153835668598398,0.07026339523664654
0.10874876499999997,-0.24705442,0.10939713499999998,-0.25235896999999996,0.11168667500000001,-0.26384051999999997,0.08635363499999998,-0.26433156999999996,0.08539858499999997,-0.29153936999999996,0.06357646499999997,-0.22577889999999995,-0.004306224999999997,-0.25133722,0.08029513499999996,-0.12753231999999992,-0.09281644500000003,-0.14084692999999993,0.145299835,-0.08621966999999997,0.0020833650000000037,-0.06503996999999995,0.021204504999999985,-0.0008180300000000251,-0.02120450500000004,0.0008180300000000251,0.036000105000000004,0.17109623000000007,-0.017880404999999988,0.19538743000000003,0.043561075000000005,0.32589577000000003,-0.031447645000000024,0.3447188,0.01671866999999999,0.09824658000000003,0.06500470000000003,0.04131264999999995,-0.08851022000000003,0.11049029000000005,0.09489981000000003,0.07580695999999998,0.01479560000000002,0.1719142600000001,0.00756097,0.15479953999999996,0.003324100000000052,0.1945694,-0.013567240000000036,0.14933136999999996,-0.06788268999999997,-0.025558320000000023,-0.042409010000000025,0.0016360600000000503,0.15064226180756346,0.06985414127406404
0.11123587999999995,-0.24872657999999992,0.11202830999999996,-0.25413131999999994,0.11426123999999999,-0.2655427799999999,0.08872916999999997,-0.2662746399999999,0.08785997999999995,-0.29348111999999993,0.06449033999999998,-0.22762266999999992,-0.0024245100000000464,-0.2531219799999999,0.07966240999999996,-0.12870371999999997,-0.09088457000000003,-0.14270421999999994,0.14593048999999997,-0.08660477999999994,0.00362332999999998,-0.0666301199999999,0.020809509999999976,-0.0007830199999999676,-0.02080951000000003,0.0007830200000000787,0.03524466999999998,0.1708511800000001,-0.016543090000000038,0.19488678000000004,0.04163913999999996,0.32598954,-0.02875509000000004,0.34202372000000003,0.015172069999999982,0.09891894999999995,0.06626808000000001,0.04209894000000003,-0.08846005999999998,0.11041775999999998,0.0945079,0.07607410000000003,0.014435160000000002,0.17163420000000007,0.0063944699999999854,0.15513835999999992,0.004266419999999993,0.19410375999999996,-0.012212,0.14713694,-0.06691485000000003,-0.025499309999999997,-0.04161902000000001,0.0015660400000000463,0.151725522327847,0.07170421964658145
0.11251939500000002,-0.2508821650000001,0.11255999500000002,-0.2566104450000001,0.11521145500000002,-0.2674776250000001,0.08798563500000006,-0.2672639450000001,0.08812907500000006,-0.2928222650000001,0.06359487500000005,-0.22712856500000012,-0.001741464999999942,-0.25156636500000007,0.07450634500000003,-0.1285332950000001,-0.09050648499999997,-0.14210976500000005,0.14364045500000006,-0.08639056500000009,0.0046522950000000285,-0.0651000650000001,0.02082413500000002,-0.0011092350000000417,-0.020824134999999966,0.0011092349999999307,0.03813999500000004,0.17057943499999995,-0.018898044999999974,0.19565648499999988,0.046649575000000054,0.3258341349999999,-0.03252136499999997,0.3464558849999999,0.010911469999999979,0.09859527000000001,0.06913411000000003,0.04214273000000002,-0.08876502000000003,0.10945660000000001,0.09515878,0.07700969999999996,0.017315860000000016,0.17168867,0.008509580000000017,0.15525469999999997,0.0019260899999999914,0.19454724999999995,-0.013623319999999994,0.15079940000000003,-0.06533633999999999,-0.024437799999999954,-0.04164826999999999,0.0022184699999999724,0.14952174993930253,0.07094166541627638
0.10792959000000002,-0.24567408000000002,0.11060217,-0.25074688,0.11171099000000001,-0.26236524000000006,0.08980238000000001,-0.26022523000000003,0.08919245000000003,-0.29018526000000006,0.05825532,-0.22580638000000003,0.00043437000000001724,-0.25224438000000005,0.06895235,-0.12655102000000007,-0.09123305999999998,-0.14270897999999999,0.14253422,-0.08682511999999998,0.008090020000000031,-0.06931368000000004,0.017041719999999982,-0.0009931200000000695,-0.017041719999999982,0.0009931199999999585,0.03152959999999999,0.16770691999999998,-0.014873329999999962,0.19225841999999993,0.043138200000000015,0.33745987,-0.02018633999999997,0.35069691999999997,0.010697029999999996,0.09925535999999996,0.07358187,0.03972590000000009,-0.09166743,0.10953540000000006,0.09932308000000001,0.07339529999999994,0.014487880000000009,0.16870004000000005,0.011608600000000024,0.16975295,0.00216839000000002,0.19126529999999997,-0.005313010000000007,0.15843850000000004,-0.05782094999999998,-0.026438000000000017,-0.034083439999999965,0.001986240000000028,0.15203782351852443,0.07466358203078394
0.10788666999999996,-0.2464997000000001,0.11016603999999997,-0.25182091000000006,0.11120553999999999,-0.26292745000000006,0.08900828999999999,-0.2604966000000001,0.08846716999999998,-0.28895922000000007,0.05744351999999997,-0.22466727000000009,0.0010756199999999994,-0.25043705000000005,0.06533824999999999,-0.12656380000000012,-0.09071489000000002,-0.1416375500000001,0.14088549,-0.08905665000000007,0.01113763000000001,-0.06670665000000009,0.016703970000000012,-0.0011407500000000237,-0.016703970000000012,0.0011407499999999127,0.03210645000000001,0.17020467999999989,-0.014231060000000018,0.1945992499999999,0.044401219999999963,0.33905474999999996,-0.02011333000000004,0.3513233499999999,0.007894730000000016,0.09810346999999997,0.07554724000000002,0.037507150000000045,-0.09179051000000002,0.10879949999999994,0.10185252000000003,0.07493090000000002,0.015402479999999996,0.1713454299999999,0.012294769999999955,0.16885007000000007,0.002472909999999995,0.19345849999999998,-0.005882270000000023,0.15672410000000003,-0.05636789999999997,-0.025769779999999964,-0.033407940000000025,0.0022814999999999364,0.15215207978309203,0.07333774183406523
0.11079663500000003,-0.2495164199999999,0.11220180500000004,-0.2551525799999999,0.11427780500000007,-0.2665124199999999,0.08859925500000004,-0.2629295199999999,0.09076422500000003,-0.2912695899999999,0.05820015500000003,-0.22525464999999995,0.0031456950000000594,-0.25243587999999995,0.06211188500000003,-0.12749937999999994,-0.08591052499999996,-0.1429508799999999,0.13830640500000002,-0.09764307999999988,0.010886405000000043,-0.0675240399999999,0.017119825000000033,-0.0005166199999999677,-0.017119824999999977,0.0005166200000000787,0.029756275000000054,0.16940522000000002,-0.012258504999999975,0.19201145000000008,0.046670015000000065,0.33261726,-0.02199366499999994,0.34980092000000007,0.003911730000000002,0.09775527,0.07619451999999999,0.029856300000000058,-0.08905622000000002,0.10948500000000005,0.09679693,0.07542684,0.012636450000000021,0.16992184,0.01691374000000001,0.16321204,0.004861320000000002,0.19149483,-0.009735159999999965,0.15778947,-0.05505445999999997,-0.02718123,-0.03423965000000001,0.0010332400000000463,0.1553053006314594,0.0735790753682628
0.11077008499999996,-0.25310723000000007,0.111886035,-0.2587812300000001,0.11427185499999998,-0.2700149700000001,0.08744751499999998,-0.26635885000000004,0.09115336499999999,-0.2942543900000001,0.057017364999999987,-0.22798233000000007,0.003453814999999971,-0.25582973000000003,0.057586734999999944,-0.12723423000000011,-0.08673251500000004,-0.14468213000000008,0.135471515,-0.10496413000000004,0.011339164999999984,-0.07008648000000006,0.016618584999999964,-0.0004208700000000176,-0.01661858500000002,0.0004208699999999066,0.027926784999999954,0.1690829399999999,-0.011752285000000029,0.19124852999999997,0.042788034999999947,0.33171116999999994,-0.020826805000000004,0.34696536999999994,0.000569369999999958,0.10074809999999995,0.07788478000000004,0.02227010000000007,-0.09018633000000001,0.11114759999999996,0.09807168000000002,0.07459565000000001,0.01130819999999999,0.16950380999999992,0.014861249999999993,0.16262823000000004,0.00486629999999999,0.19082766000000007,-0.009074519999999975,0.15571683999999997,-0.053563550000000015,-0.027847399999999967,-0.03323716999999998,0.0008417399999999242,0.1582886988417446,0.07584802033728366
0.10624365499999999,-0.2557684250000001,0.10871039499999996,-0.26161315500000004,0.11014987499999995,-0.2727502850000001,0.08667223499999999,-0.27243038500000005,0.088830725,-0.30063272500000005,0.051523755000000004,-0.23629858500000006,0.00396181499999998,-0.2615082250000001,0.045856495,-0.13627172500000007,-0.08657988500000002,-0.14706762500000004,0.128534035,-0.11488992500000006,0.012834794999999954,-0.07460022500000008,0.014387924999999968,-0.001121075000000027,-0.014387925000000024,0.0011210749999999159,0.027664615000000004,0.16822097499999988,-0.008629485000000048,0.191618415,0.040053055000000004,0.3280975749999999,-0.015137955000000036,0.34321901499999996,-0.005667260000000007,0.10002686,0.08267754,0.021381800000000006,-0.0905417,0.11444060000000006,0.09941467999999998,0.07246739999999996,0.013276690000000035,0.1693420499999999,0.01238844,0.15987660000000004,0.005758439999999976,0.19049734000000007,-0.006508469999999988,0.15160059999999997,-0.047561940000000025,-0.025209640000000033,-0.02877584999999999,0.002242149999999943,0.1611604345317256,0.08046609073322997
0.10141581999999999,-0.25941169499999994,0.10404357999999997,-0.2653849649999999,0.10457685,-0.2767026649999999,0.08310368999999995,-0.27630340499999995,0.08185267999999996,-0.3048350749999999,0.04688998999999999,-0.2377765149999999,-0.00042709000000001884,-0.26457926499999995,0.03954424999999995,-0.13647904499999997,-0.08944402000000004,-0.14872644499999987,0.12350201999999999,-0.12818184499999996,0.010801589999999972,-0.07722034499999997,0.014993149999999955,-0.0014130149999999064,-0.01499315000000001,0.0014130150000000175,0.034792869999999976,0.16639165500000008,-0.010697450000000053,0.19373875500000004,0.04931434999999995,0.32313235500000004,-0.020988700000000027,0.3407102550000001,-0.007345740000000045,0.10129746999999995,0.08395777000000004,0.008297200000000005,-0.08901693000000002,0.11585282000000008,0.10024561000000001,0.0715060999999999,0.01979972000000002,0.16780467,0.014521479999999976,0.15674069999999996,0.004295699999999958,0.19232574000000002,-0.010291249999999974,0.14697150000000003,-0.04731708000000001,-0.026802750000000042,-0.029986299999999966,0.002826029999999924,0.16686674662210507,0.08275611105264188
0.09922576499999997,-0.26616972499999997,0.101444965,-0.2724469749999999,0.10200935499999997,-0.28369625499999995,0.07966422499999998,-0.28290937499999996,0.07784158499999999,-0.3111035449999999,0.043964174999999994,-0.24194910499999994,-0.004913274999999995,-0.26817333499999996,0.03507522499999999,-0.14235237499999998,-0.09263867500000003,-0.15182177499999994,0.116661405,-0.14306321499999997,0.009013864999999954,-0.0818425049999999,0.015721645000000006,-0.0017420249999999804,-0.015721645000000006,0.0017420250000000914,0.03622809499999996,0.16646482500000004,-0.013356234999999994,0.19456732500000007,0.04969859499999996,0.3204899750000001,-0.02161055500000003,0.33578232500000005,-0.008888950000000007,0.09959672999999997,0.08158618000000001,-0.0007108399999999904,-0.08772540000000004,0.11635156000000002,0.10165253999999999,0.06997927000000004,0.020506449999999954,0.16820685000000002,0.013470499999999996,0.15402515000000006,0.0023654100000000122,0.19282529999999998,-0.008254320000000037,0.14121499999999998,-0.04887744999999999,-0.026224230000000015,-0.03144329000000001,0.003484050000000072,0.17366782630030725,0.08716776416933611
0.09515601000000001,-0.26514612000000004,0.09699327000000002,-0.27132344,0.09820520999999999,-0.28250268000000006,0.07385522,-0.28374332,0.07302108000000002,-0.31153315000000004,0.03501251,-0.24544314000000006,-0.008119319999999985,-0.26622842,0.02362320000000001,-0.15296847000000002,-0.09420318,-0.14960012,0.10339108000000002,-0.15078182000000007,0.007671709999999998,-0.08315762000000004,0.013417650000000003,-0.0027375800000000172,-0.013417650000000003,0.002737579999999906,0.03278538000000003,0.16642117999999995,-0.01177895000000001,0.19381565,0.04290080000000002,0.32379517999999996,-0.017997800000000008,0.33550327999999996,-0.011389309999999986,0.09247467000000004,0.07976788000000001,0.0021866499999999567,-0.08608386000000001,0.11662830000000002,0.10187489,0.06644249999999996,0.019367730000000027,0.16915875999999996,0.010115419999999986,0.157374,0.001638699999999993,0.1910780700000001,-0.006218849999999998,0.14168762999999995,-0.04313182999999998,-0.02078527999999996,-0.026835300000000006,0.005475159999999923,0.17324062774979349,0.08844629154605405
0.08978309000000001,-0.26450505,0.09279789000000005,-0.27064792,0.09302245000000003,-0.28197302,0.07129245000000001,-0.28572737,0.06871091000000001,-0.31423692,0.031061490000000025,-0.25032466,-0.011315119999999956,-0.26851432,0.01937358,-0.15892392,-0.09561226999999997,-0.14666705000000002,0.09640418,-0.16198776999999998,0.007231910000000008,-0.08328908000000002,0.012241970000000046,-0.0031704799999999755,-0.012241969999999991,0.0031704799999999755,0.026870360000000038,0.16574948,-0.0066468299999999925,0.19214467999999996,0.03049801000000002,0.32560208,-0.007324669999999978,0.33214138000000004,-0.011687910000000024,0.09140073999999998,0.0770306,-0.003063849999999979,-0.08429715000000002,0.12184726999999995,0.10284417999999998,0.06337797,0.014628389999999991,0.16891995999999998,0.0036276499999999823,0.1598526,0.0055951399999999984,0.18897419999999998,-0.0006778399999999851,0.13999670000000008,-0.04237660999999998,-0.018189659999999996,-0.024483940000000037,0.006340959999999951,0.1797392811686644,0.08862554664230848
0.08753128500000001,-0.26015305499999997,0.09152335500000003,-0.26632565499999994,0.09059180500000003,-0.27818993499999994,0.07150049500000005,-0.28272473499999995,0.06483525500000004,-0.31277603499999995,0.029306655000000015,-0.24860221499999996,-0.014594004999999965,-0.26575499499999994,0.018262515000000035,-0.15869833499999997,-0.09547496499999997,-0.14070273499999997,0.09185495500000002,-0.16519239499999994,0.007041155000000021,-0.07830837499999999,0.012668625000000044,-0.0035513349999999333,-0.012668624999999989,0.0035513350000000443,0.02892535500000004,0.1663223250000001,-0.006816374999999986,0.19460001500000002,0.030325055000000045,0.33031066500000006,-0.00621851499999998,0.336343865,-0.01104413999999998,0.08990387999999999,0.07359243999999998,-0.006494059999999968,-0.08088096,0.12505225999999997,0.10251611999999999,0.06239435999999998,0.016256729999999997,0.16987366000000004,0.0013997000000000037,0.16398833999999995,0.005852250000000003,0.19104867999999997,0.0005978600000000056,0.14174385,-0.04390065999999998,-0.01715277999999998,-0.025337250000000033,0.007102669999999978,0.17999529754077603,0.08419909470375858
0.084816065,-0.264485655,0.08890619500000002,-0.27083560500000003,0.08728837499999997,-0.282798235,0.06886926500000001,-0.289236485,0.059118685000000004,-0.319193035,0.02534302500000002,-0.256362765,-0.01868912500000003,-0.27190743500000003,0.014500345000000026,-0.163716435,-0.097508755,-0.14216853500000004,0.08515784500000001,-0.17682227500000003,0.004848564999999971,-0.08226719500000002,0.012975424999999985,-0.0041151350000000475,-0.012975424999999985,0.0041151349999999365,0.028377445,0.16444006499999997,-0.009264474999999994,0.19566979500000004,0.03247242499999997,0.32624926499999995,-0.00823955500000001,0.333173065,-0.010842679999999993,0.09264633,0.07065749999999998,-0.013105840000000035,-0.07881962999999997,0.1297389,0.10235731999999997,0.059901340000000025,0.015402020000000016,0.16855520000000002,0.00409497999999997,0.1618092,0.0037109499999999906,0.1915546600000001,0.0010249199999999847,0.13750326999999996,-0.04403215000000005,-0.015544670000000038,-0.02595084999999997,0.008230269999999984,0.1871845558907999,0.08820204961195058
0.08193475,-0.26846967,0.08678195,-0.27527428,0.08382378000000001,-0.28764069999999997,0.06769429000000005,-0.29371115999999997,0.05369649000000004,-0.32452337,0.021584550000000036,-0.25818958999999997,-0.022226409999999974,-0.27205036,0.011594570000000026,-0.16524072999999995,-0.09855110999999997,-0.13825272999999993,0.07999779000000001,-0.18099249,0.00449322000000002,-0.08164912999999996,0.012774850000000004,-0.004760529999999985,-0.012774850000000004,0.004760529999999985,0.029837450000000043,0.1633388,-0.008482799999999957,0.19738076999999998,0.03305398000000004,0.32427050999999996,-0.008421829999999964,0.33296057,-0.00998998000000001,0.09294886000000002,0.06840321999999999,-0.01575176000000006,-0.0763247,0.13379763000000006,0.10304432999999999,0.056603599999999976,0.01706260000000004,0.16809933,0.0032165299999999952,0.16093170999999995,0.004292050000000047,0.19262024,6.096999999999353e-05,0.13557980000000003,-0.04381096000000001,-0.013860770000000022,-0.02554970000000001,0.00952105999999997,0.18861767517304737,0.08811819098710828
0.08256815999999995,-0.26978104999999997,0.08786325999999994,-0.27670318,0.08444242999999996,-0.29043256999999995,0.06933836999999998,-0.29563478,0.05254850999999999,-0.32917977,0.023563789999999973,-0.25751543,-0.02547801000000005,-0.27470964999999997,0.01110525999999995,-0.15849654999999996,-0.09879812000000004,-0.13577529999999993,0.08175476999999998,-0.19044828999999996,0.004110739999999946,-0.08515318999999999,0.015541489999999991,-0.004563299999999937,-0.015541490000000047,0.004563300000000048,0.030348139999999968,0.16187835000000006,-0.00936303000000005,0.19914405000000002,0.03983362999999995,0.31678855000000006,-0.007273290000000043,0.33173695000000003,-0.012458530000000023,0.09901888000000003,0.07064951000000003,-0.031951740000000006,-0.07332011,0.13893435000000004,0.10290885999999999,0.05062210999999994,0.014806649999999977,0.16644165,0.009485489999999985,0.1549102,0.006178459999999997,0.19458074999999997,0.0020897400000000066,0.1325929,-0.049041800000000024,-0.017194219999999982,-0.031082980000000038,0.009126599999999985,0.19732569005494066,0.09184366457134105
0.07710994999999998,-0.273121345,0.08329114999999998,-0.27994562500000003,0.07922357999999996,-0.294358125,0.06619044999999996,-0.298198085,0.048358549999999945,-0.333724585,0.019630769999999964,-0.257755485,-0.028311100000000033,-0.275893855,0.009884129999999991,-0.16105894500000006,-0.10067467000000002,-0.13559868500000005,0.07836327999999998,-0.19580371500000004,0.00351151999999999,-0.08579741500000004,0.014648849999999991,-0.004322215000000074,-0.014648850000000047,0.004322214999999963,0.02997234999999998,0.16328747499999996,-0.00568875000000002,0.19839591499999998,0.03819456999999998,0.31548358499999996,-0.004236570000000051,0.32862501499999996,-0.009746639999999973,0.09669653999999994,0.06847914999999999,-0.03474476999999998,-0.07236356999999999,0.14029516999999997,0.10418619000000001,0.04980127000000001,0.01532349999999999,0.16760969000000003,0.008222220000000002,0.15219611,0.008960100000000026,0.19407370000000002,0.0014521799999999696,0.1302291,-0.04794187,-0.018138370000000015,-0.029297700000000038,0.008644430000000036,0.20180360113852006,0.09193120661600065
0.07689371499999997,-0.27666124500000006,0.08319279499999999,-0.2843552450000001,0.07775822499999996,-0.29787717500000005,0.066557015,-0.30309927500000006,0.04524717499999997,-0.33609163500000006,0.020229245000000007,-0.26341077500000004,-0.030017705000000006,-0.27653124500000004,0.007981534999999984,-0.1657012750000001,-0.10019931500000001,-0.13240647500000002,0.07702484500000001,-0.19206017500000006,0.005535954999999981,-0.08661917500000005,0.01579377500000001,-0.005519625000000028,-0.01579377500000001,0.005519624999999917,0.03303781499999997,0.1630814249999999,-0.007530005000000006,0.2005623649999999,0.04373017499999998,0.31270897499999994,-0.003696205000000008,0.32798332499999994,-0.012247710000000023,0.09770949999999995,0.06904331000000002,-0.026358899999999963,-0.07018161,0.14412477,0.10573526999999999,0.045787299999999975,0.01724403999999996,0.16860104999999992,0.010692360000000012,0.14962755000000005,0.008263770000000004,0.19504274,0.0038337999999999983,0.12742096000000003,-0.05024695000000001,-0.013120469999999995,-0.03158755000000002,0.011039249999999945,0.19633293337503877,0.09457545055305258
0.07410918,-0.28148573499999996,0.08060417999999997,-0.28943269499999996,0.07441371999999996,-0.30305759499999996,0.06447469,-0.30810929499999995,0.041066519999999995,-0.34100893499999996,0.017326640000000004,-0.26844239499999994,-0.03269152000000003,-0.279159275,0.0025551499999999505,-0.17137622499999994,-0.10000782000000003,-0.1322849949999999,0.07454566999999995,-0.19117479499999995,0.006210759999999982,-0.0879195949999999,0.01640347999999997,-0.006324054999999995,-0.016403480000000026,0.006324054999999995,0.039898169999999955,0.16066193500000003,-0.010543360000000002,0.199418545,0.05035402,0.30641484500000005,-0.009454280000000037,0.32479560500000004,-0.014771490000000054,0.09706617000000001,0.07199052,-0.019798570000000015,-0.0673163,0.14687428000000008,0.10621858,0.0443654,0.023494689999999985,0.16698599000000003,0.010455850000000044,0.14575291,0.005860120000000024,0.19309449,0.0010890799999999645,0.12537706000000004,-0.050018160000000034,-0.01071688000000004,-0.032806959999999996,0.01264810999999999,0.19377902450096007,0.09691888059661069
0.07165935499999998,-0.28191308000000004,0.079585705,-0.2895000300000001,0.07236832500000001,-0.30458085000000007,0.06520006500000003,-0.30756778000000007,0.03962433500000001,-0.3443154500000001,0.01660548500000003,-0.2690546300000001,-0.03508805500000001,-0.28002781000000004,0.005759485000000009,-0.17496288000000004,-0.09969171499999999,-0.12995321000000004,0.07702491500000003,-0.19034041000000007,0.008414215000000003,-0.0873896500000001,0.01691881500000003,-0.006494949999999999,-0.016918814999999976,0.006494949999999999,0.043084285,0.15889484999999992,-0.010347985000000004,0.1987817799999999,0.053186745000000035,0.3047455499999999,-0.011120434999999984,0.32426904999999995,-0.010846000000000022,0.09409175000000003,0.07126543000000002,-0.015377530000000028,-0.06460365999999998,0.1500746,0.10810592999999999,0.042563559999999945,0.02616546999999997,0.16538979999999992,0.010102460000000035,0.1458507,0.006570829999999972,0.1922868299999999,-0.0007724499999999801,0.12548727000000004,-0.05169354000000004,-0.010973179999999971,-0.03383763000000001,0.012989899999999999,0.1934215510738698,0.09724238029861731
0.07267640999999997,-0.28498575000000004,0.08215328,-0.29376030000000003,0.07236389999999998,-0.3091583,0.06932395000000002,-0.31076807,0.038639849999999976,-0.34829918,0.018303499999999973,-0.26935718000000003,-0.035648650000000004,-0.27857253,0.0004227299999999823,-0.17675993,-0.0997602,-0.12750119000000004,0.06879689,-0.18047103000000003,0.01183495000000001,-0.08826752999999998,0.017194969999999976,-0.006637329999999997,-0.01719497000000003,0.006637329999999997,0.04109440999999997,0.16348927000000002,-0.008953820000000001,0.20034386999999998,0.04850405000000002,0.30705464000000005,-0.0032783499999999854,0.32269567,-0.01788076999999999,0.09259725000000002,0.06837416000000002,-0.0037111000000000227,-0.06411154999999999,0.15107133999999994,0.11159515,0.03923366000000006,0.023899439999999994,0.17012660000000002,0.007409640000000051,0.14356537000000003,0.00824115000000003,0.19370653999999998,0.005675470000000016,0.12235180000000001,-0.053952149999999977,-0.009215349999999956,-0.03438994000000001,0.013274659999999994,0.18133094993237203,0.09924549716146319
0.07120145499999997,-0.284905965,0.07939729499999998,-0.293249065,0.07109407499999998,-0.308071045,0.06574323499999996,-0.309176125,0.03724101499999999,-0.345309755,0.019520084999999965,-0.266402245,-0.03874666500000001,-0.275370985,0.006600654999999955,-0.17057462499999998,-0.10058670500000003,-0.12426792499999995,0.06922999499999999,-0.17193692500000002,0.010845664999999949,-0.08784902500000003,0.019137864999999976,-0.006922424999999954,-0.01913786500000003,0.006922424999999954,0.046782734999999964,0.160540825,-0.01426049500000004,0.19946157499999995,0.055551804999999954,0.306691775,-0.009651665000000031,0.322822575,-0.01291943000000001,0.09582762,0.06262934000000003,-0.0013623000000000385,-0.06184004000000001,0.15110306000000007,0.11143236999999998,0.03641889999999992,0.027644869999999988,0.16746324999999995,0.00876906999999999,0.14615095,0.004877369999999992,0.19253915,0.004608830000000008,0.12336100000000005,-0.05826674999999998,-0.00896874000000003,-0.03827573000000001,0.013844849999999909,0.1724500121721855,0.09940140746671244
0.06965782999999998,-0.28895089,0.07832275999999999,-0.2975826,0.06902992999999996,-0.31245049999999996,0.06589696,-0.31242523,0.03493460999999998,-0.34887967,0.021482559999999984,-0.26656674999999996,-0.041023010000000026,-0.27759405,0.01127752999999998,-0.16722744999999994,-0.10144128000000002,-0.12737115,0.07144463000000001,-0.16791844999999994,0.009161560000000013,-0.09169388,0.020558240000000005,-0.0067851500000000176,-0.020558240000000005,0.0067851500000000176,0.05008805999999999,0.15894275000000002,-0.013566540000000016,0.19949234999999998,0.05724195999999998,0.30440729,-0.009861940000000013,0.31913435,-0.010205030000000004,0.09933930000000002,0.06016710000000003,-0.0006909999999999972,-0.060418269999999996,0.1502229,0.11060284000000004,0.03567726999999998,0.029529819999999984,0.16572790000000004,0.007153899999999991,0.14546453999999998,0.00699169999999999,0.19270719999999997,0.0037046000000000023,0.11964200000000003,-0.06250557000000001,-0.011027300000000018,-0.04111648000000001,0.013570300000000035,0.1689774098988444,0.10286586344254786
0.07047281499999997,-0.28796250999999995,0.079617365,-0.2972411999999999,0.06911023499999996,-0.31168440999999997,0.068380885,-0.31203614999999996,0.035085015,-0.3474911299999999,0.024531354999999977,-0.26544682999999997,-0.03931362500000002,-0.27611674999999997,0.01583791499999998,-0.1650271499999999,-0.10136806500000003,-0.12543094999999993,0.07583986499999995,-0.16158295,0.010328514999999983,-0.09169549999999993,0.020749644999999983,-0.006634049999999947,-0.02074964500000004,0.006634050000000058,0.04946351499999996,0.16152085000000005,-0.010491534999999996,0.19973975,0.059144014999999994,0.30658605000000005,-0.008176985000000025,0.31998305000000005,-0.008693439999999997,0.10041968000000007,0.06000194999999997,0.0034441999999998973,-0.062054440000000016,0.15068580000000004,0.11169658000000002,0.03373545,0.028713869999999975,0.1681549,0.009680500000000036,0.1450652,0.010258110000000042,0.19310569999999994,0.002314549999999971,0.12024330000000005,-0.06384498,-0.01066992,-0.04149929000000002,0.013268100000000005,0.164450886135826,0.10312396633270124
0.06905794000000004,-0.28689475999999997,0.07850539000000001,-0.29586004,0.06804547,-0.31082338,0.06768456,-0.31030063999999996,0.03444755000000005,-0.34715767999999997,0.024512320000000032,-0.26449789999999995,-0.041087509999999994,-0.27513506,0.01854429000000002,-0.16564510999999993,-0.10170801999999998,-0.12458607999999993,0.07443643,-0.15943823999999995,0.01053253000000004,-0.09137728,0.021351990000000043,-0.0068650199999999995,-0.021351989999999987,0.0068650199999999995,0.052033750000000045,0.16089702000000006,-0.010567989999999972,0.20111788000000008,0.06178764000000003,0.30648125000000004,-0.008626159999999994,0.32019622000000003,-0.005968030000000013,0.09885279000000002,0.05589213999999998,0.0062068699999999755,-0.06062050999999999,0.15054898000000005,0.11224055000000002,0.03320879999999993,0.030681760000000002,0.16776204000000006,0.009753889999999987,0.14558422999999998,0.010784000000000016,0.19425286000000008,0.0019418299999999777,0.11907833999999995,-0.06559983000000003,-0.010637160000000034,-0.04270398000000003,0.013730039999999999,0.1615442516194308,0.10328684391015346
0.06739558999999995,-0.28516969999999997,0.07660698999999999,-0.29368453999999994,0.06638248999999996,-0.30861249999999996,0.06577038999999996,-0.30755459999999996,0.03264878999999998,-0.34429662999999994,0.024929939999999984,-0.26209955999999995,-0.043843330000000014,-0.27342869999999997,0.017036519999999944,-0.15864449999999997,-0.10293804000000004,-0.12270834999999991,0.06433304999999995,-0.14616425999999993,0.008604289999999959,-0.09023009999999998,0.022552609999999973,-0.006659199999999976,-0.02255261000000003,0.006659200000000087,0.05077870999999995,0.16261235000000007,-0.013230740000000019,0.20269886000000004,0.058823339999999946,0.30891180000000007,-0.009694410000000042,0.32134280000000004,-0.00789342000000004,0.10345505999999999,0.04729653,0.012480240000000031,-0.05909471000000002,0.15072035000000006,0.11154233,0.03247824999999993,0.028226099999999976,0.16927155000000005,0.008044629999999997,0.14629945,0.00932187000000001,0.19603965999999995,0.0035363299999999764,0.11864394,-0.06877327,-0.011329140000000015,-0.04510522,0.013318400000000064,0.14562715039510038,0.10177567917778792
0.06625626000000007,-0.282652435,0.07571711000000003,-0.291051715,0.06525742000000007,-0.305818435,0.06549992000000004,-0.305770055,0.032124800000000064,-0.34203338499999997,0.026333200000000057,-0.26355425499999996,-0.04486218999999997,-0.271648705,0.019813910000000046,-0.16370829499999995,-0.10447111999999995,-0.12167465499999996,0.06189831000000007,-0.13626275499999996,0.008008290000000029,-0.089189615,0.02317001000000002,-0.007151094999999996,-0.023170009999999963,0.007151094999999996,0.04962806000000003,0.163142895,-0.013866839999999936,0.20311179499999998,0.058462360000000047,0.30958164500000007,-0.00873723999999998,0.323005945,-0.006519290000000011,0.09984596000000001,0.04208440000000002,0.02744553999999999,-0.05960892999999998,0.14997405000000003,0.11247940999999997,0.032485039999999965,0.02645805000000001,0.17029399,0.008834300000000017,0.14643875000000006,0.009303170000000027,0.1959607,0.005129599999999956,0.11989415000000003,-0.07119539000000003,-0.00809445000000003,-0.04634001999999998,0.014302189999999992,0.13479503688506336,0.10126015403007295
0.06779759499999999,-0.28864273000000007,0.07705181500000002,-0.29683585000000007,0.06687542499999999,-0.31215810000000005,0.066373195,-0.3098054800000001,0.033534495,-0.34774610000000006,0.02955889500000003,-0.26104560000000004,-0.044367535000000013,-0.2766177000000001,0.030097325000000008,-0.15002771000000004,-0.10397173499999998,-0.1265896500000001,0.07042869499999999,-0.1270374500000001,0.009530165000000035,-0.09637415000000005,0.02312416500000003,-0.005111450000000017,-0.023124164999999974,0.005111449999999906,0.03873536500000002,0.16551194999999996,-0.013132814999999964,0.1997188499999999,0.04583143500000003,0.3103998499999999,-0.006077934999999979,0.31687924999999995,0.0005384299999999786,0.11101789000000001,0.04033136999999998,0.02299025999999993,-0.05960419999999997,0.15002804999999997,0.11350190000000002,0.030215500000000062,0.015611199999999992,0.17062339999999998,0.00709607000000001,0.14488789999999996,0.00999135000000001,0.19460739999999999,0.007054879999999986,0.11716040000000005,-0.07392643000000004,-0.015572100000000033,-0.046248330000000004,0.010222899999999924,0.13078099263471324,0.10660971942139652
0.06814885500000001,-0.28993132,0.07760134499999999,-0.29825087,0.06724006500000002,-0.31352882,0.06751638500000001,-0.3104349,0.03416467499999998,-0.3485009,0.03196511499999999,-0.2603796,-0.04515688499999998,-0.27565821,0.03330156499999998,-0.15017844999999996,-0.10445025499999999,-0.12732129000000003,0.06993988499999998,-0.11994861000000001,0.008852715000000011,-0.09903344999999997,0.024314314999999975,-0.005329950000000028,-0.024314314999999975,0.005329950000000028,0.04391974500000001,0.16678579000000004,-0.013328885000000013,0.20182075,0.050640585000000016,0.30991555000000004,-0.0060339249999999955,0.31566925,0.001336449999999989,0.11020115000000003,0.03663832,0.030229839999999952,-0.05929337000000001,0.14833691999999998,0.11330297,0.028287840000000064,0.019605430000000035,0.17211574000000007,0.006720840000000006,0.14312976,0.010985429999999963,0.19649079999999997,0.007294960000000017,0.11384850000000002,-0.07712199999999997,-0.015278610000000026,-0.04862862999999995,0.010659900000000055,0.12336583748356146,0.10950694561798763
0.06855924999999996,-0.28872293999999993,0.07765634999999999,-0.29679789999999995,0.06741298999999995,-0.31177387999999995,0.06735264999999996,-0.30850359999999993,0.03421581999999995,-0.34556511999999995,0.03398734999999997,-0.25969285999999997,-0.04533203000000002,-0.27297005999999996,0.037590969999999946,-0.15038315999999996,-0.10406974000000002,-0.12487719999999991,0.06839928999999995,-0.1095212499999999,0.00943594999999997,-0.09980999999999995,0.02501190999999997,-0.0054227000000000025,-0.025011910000000026,0.0054227000000000025,0.04328854999999998,0.16576060000000004,-0.01254635000000004,0.19900230000000008,0.05019254999999995,0.31174924000000004,-0.0070615500000000275,0.31732400000000005,0.003603619999999974,0.10930970000000001,0.03080832,0.04086191000000006,-0.05873771,0.14809286000000005,0.11350568999999999,0.025067199999999956,0.01827664000000001,0.17118330000000004,0.006903999999999966,0.14598864,0.012465559999999987,0.19357960000000007,0.005484800000000012,0.11832169999999997,-0.07931938,-0.013277199999999989,-0.05002382,0.010845400000000005,0.1127784237137888,0.11072748623476282
0.06839018499999999,-0.28633412499999994,0.07767571499999998,-0.29474356499999993,0.06670723500000003,-0.3092029949999999,0.068331435,-0.30644474499999996,0.033500485000000024,-0.34219984499999995,0.037530385,-0.25837528499999995,-0.045720384999999975,-0.26956042499999994,0.044224335000000004,-0.14897644499999996,-0.10347361499999999,-0.12175759499999994,0.06894625500000001,-0.095580145,0.009556545000000027,-0.099001075,0.02646346500000002,-0.005589814999999998,-0.02646346500000002,0.005589814999999998,0.046405835000000006,0.166214855,-0.01272831499999999,0.19768195500000008,0.05615456499999999,0.31258979500000006,-0.0074032150000000185,0.31971195500000005,0.006693950000000004,0.10939884,0.02472192000000001,0.05339629999999995,-0.057753230000000016,0.14780283,0.11303016000000002,0.022756519999999947,0.019942369999999987,0.17180467,0.009748729999999983,0.14637494000000006,0.01373515000000003,0.19209214000000008,0.0053250999999999715,0.12202999999999997,-0.08325076999999997,-0.011185139999999982,-0.05292693000000004,0.011179629999999996,0.09951405398079712,0.11061959768229226
0.06918928500000004,-0.2832638699999999,0.078125685,-0.29097196999999997,0.06800082500000004,-0.30610808999999994,0.06785792500000004,-0.30266821999999993,0.03446458499999999,-0.33994834999999995,0.037382105,-0.25598040999999994,-0.04663359499999997,-0.26856499999999994,0.04552454500000003,-0.14555549999999995,-0.10306493499999997,-0.12101751999999999,0.067702655,-0.0899643899999999,0.009387055000000033,-0.09860259999999998,0.026760015000000026,-0.0054181499999998994,-0.02676001499999997,0.0054181500000000105,0.047545485,0.16647410000000007,-0.013448974999999974,0.19808340000000002,0.057086415,0.31255975,-0.006737434999999958,0.32097375000000006,0.008142440000000029,0.11042490999999999,0.022178109999999973,0.055591110000000055,-0.056431339999999997,0.14754747999999995,0.11245199,0.022414920000000005,0.020785469999999973,0.17189224999999997,0.009540930000000003,0.14608564999999996,0.013311039999999996,0.19266525,0.006711540000000016,0.12289035000000004,-0.08401569999999997,-0.012584590000000007,-0.053520029999999996,0.01083629999999991,0.09393809913079569,0.11012232789106575
0.06782173000000002,-0.2846304649999999,0.07716145000000002,-0.29212882499999987,0.06684284000000001,-0.3078373649999999,0.06740760000000001,-0.3034058449999999,0.033497200000000005,-0.3422923649999999,0.03672637000000001,-0.2558106349999999,-0.047991000000000006,-0.2703438649999999,0.046394480000000016,-0.14266296499999986,-0.10423547999999999,-0.1229189249999999,0.06765209999999999,-0.08177836499999991,0.009290829999999972,-0.09786840499999994,0.026917199999999974,-0.005305264999999948,-0.026917199999999974,0.005305265000000059,0.04756154000000001,0.16578763500000016,-0.013418870000000027,0.19949529500000007,0.0563264,0.31239418500000016,-0.008714840000000001,0.3191402350000001,0.009668110000000008,0.11314767000000003,0.021257619999999977,0.060884599999999955,-0.056244479999999986,0.14742494,0.11352630999999996,0.025050519999999965,0.02064434000000004,0.1710929000000001,0.008764859999999985,0.14660655,0.013498329999999947,0.19419003,0.004704030000000026,0.11964494000000003,-0.08471737000000001,-0.014533230000000008,-0.05383439999999995,0.010610530000000007,0.0866456409845296,0.10934270719965641
0.06718016999999998,-0.2879459450000001,0.07711399000000002,-0.29605489500000004,0.06562478999999999,-0.3114469550000001,0.06875299000000001,-0.30762659500000006,0.03237203999999999,-0.34577643500000005,0.038336729999999986,-0.2584944150000001,-0.04783194000000002,-0.27273546500000007,0.04736579000000002,-0.14534836500000003,-0.10575361,-0.12587761500000005,0.06513436,-0.08281651500000009,0.007108989999999982,-0.09864891500000006,0.027421489999999993,-0.005299385000000045,-0.027421489999999993,0.005299384999999934,0.04854228999999999,0.16537488499999997,-0.01278971000000001,0.19901598499999995,0.05669464000000002,0.30942673499999995,-0.010563480000000014,0.31695378499999993,0.009029060000000033,0.11314605000000005,0.017768569999999984,0.06253184999999994,-0.05792166999999998,0.14685785,0.11286259999999998,0.027228699999999995,0.021120799999999995,0.17067427000000002,0.00815235000000003,0.14405184999999998,0.014631779999999983,0.19371660000000002,0.0022262299999999957,0.11793779999999998,-0.08616867,-0.014241049999999977,-0.054842979999999986,0.01059876999999998,0.0862042110750618,0.10953357075308189
0.06608586999999994,-0.28939776000000006,0.07777117999999994,-0.29816614,0.06425604999999995,-0.31427800000000006,0.07200981999999995,-0.30881705000000004,0.032141499999999934,-0.34890433000000004,0.04083438999999994,-0.25777214000000004,-0.04705877000000003,-0.27285566000000006,0.05033968999999994,-0.14623620000000004,-0.10587850000000004,-0.12577800000000006,0.06492518999999997,-0.08071220000000001,0.005700369999999955,-0.09882564999999999,0.02779254999999997,-0.004956700000000036,-0.027792550000000027,0.004956699999999925,0.04920294999999997,0.16533843999999998,-0.012008080000000032,0.1977629999999999,0.05813746999999997,0.30859559999999997,-0.010685600000000073,0.31849459999999996,0.009505299999999994,0.11153594,0.014585500000000029,0.06552400000000003,-0.058819730000000015,0.14707766,0.11157887,0.02695235000000007,0.021410399999999996,0.17029514,0.008934520000000001,0.14325716,0.015784469999999995,0.19280629999999999,0.0013224799999999592,0.12073160000000005,-0.08789315999999997,-0.015083520000000017,-0.0555851,0.009913399999999961,0.0843666328213921,0.10905297731675591
0.06531397500000002,-0.2896980700000001,0.077348635,-0.29886983000000006,0.06330687500000004,-0.31539885000000006,0.07180003500000004,-0.30967633000000006,0.030571475000000015,-0.35067230000000005,0.04052619500000004,-0.25769816000000006,-0.048395264999999965,-0.27248878000000004,0.05247975500000002,-0.1468893000000001,-0.10612504499999997,-0.12477900000000008,0.06335107500000003,-0.08269330000000008,0.006130705000000014,-0.09832055000000006,0.027937125000000007,-0.0050915000000000266,-0.027937125000000007,0.0050914999999999155,0.04904557500000001,0.16728215999999996,-0.011603554999999988,0.20130144999999988,0.05714879500000003,0.3110021999999999,-0.010754904999999981,0.31969629999999993,0.011953559999999974,0.11080885999999995,0.010871320000000018,0.06419600000000003,-0.05772978000000001,0.14770977999999996,0.11225574999999999,0.026458450000000022,0.02110845,0.17237365999999998,0.008103220000000022,0.14372003999999994,0.01633357000000002,0.19620994999999997,0.0008486500000000063,0.11839485000000005,-0.08892146000000001,-0.014790619999999977,-0.055874250000000014,0.010182999999999942,0.0853005698564934,0.10887914917977362
0.06417410499999998,-0.2921531500000001,0.07588283499999998,-0.3018933200000001,0.061277285000000015,-0.31756422000000006,0.07040880500000002,-0.31220490000000006,0.027869334999999995,-0.35070837000000005,0.04160110500000003,-0.25850730000000005,-0.04899294500000001,-0.27115170000000005,0.056217355000000024,-0.14830315000000005,-0.106471285,-0.12537830000000005,0.06422095500000002,-0.07569176000000011,0.002693045000000005,-0.09865105000000007,0.028427915000000026,-0.005145130000000053,-0.02842791499999997,0.005145129999999942,0.04795708500000001,0.1668042999999999,-0.012105915000000023,0.19901839999999993,0.05723352500000001,0.31021975999999996,-0.012190915000000024,0.32026409999999994,0.014616249999999997,0.11020415,0.0080036,0.07261138999999994,-0.05747833999999999,0.1457734,0.10916433,0.02672724999999998,0.019529169999999985,0.17194942999999996,0.009276439999999997,0.14341546000000005,0.016321999999999948,0.19387327,-8.500000000000174e-05,0.12124570000000001,-0.09059405000000004,-0.0126444,-0.056855829999999996,0.010290259999999996,0.07910732404018295,0.10836125291779346
0.061713309999999966,-0.29321667999999995,0.07429006999999999,-0.30309286999999996,0.05898481999999994,-0.31930246999999995,0.07029476999999995,-0.31194144999999995,0.026904489999999948,-0.35209375,0.04242294999999996,-0.25519354999999994,-0.049762550000000016,-0.27068882999999994,0.058050219999999986,-0.14264924999999995,-0.10805783000000005,-0.12556329999999993,0.06436737999999997,-0.0673686,3.599999999998049e-05,-0.09645514999999993,0.028727919999999962,-0.004520149999999945,-0.028727920000000018,0.004520150000000056,0.04687484999999997,0.16827288000000007,-0.013698750000000037,0.19974915000000004,0.05644776999999995,0.31173735,-0.013360250000000018,0.32159665000000004,0.015627270000000026,0.11254429999999999,0.006317159999999988,0.07528064999999995,-0.05829528000000003,0.14512553,0.10809383000000003,0.02910815,0.018146930000000006,0.17279303000000001,0.009572919999999985,0.14346446999999996,0.01502916999999998,0.19522899999999999,0.00033850000000001934,0.1218475,-0.09218549999999998,-0.01549528,-0.05745583999999998,0.009040300000000001,0.07225025104796597,0.10499225830439309
0.05917885500000003,-0.29433724,0.07265195500000005,-0.30430472000000003,0.05703962500000004,-0.32037160000000003,0.07017958500000004,-0.311697,0.026198125000000017,-0.35235903,0.041090755000000034,-0.25341722000000005,-0.048388514999999965,-0.26992750000000004,0.05910536500000002,-0.13977707000000006,-0.10673908499999998,-0.12575040000000004,0.06514677500000005,-0.0666736,0.0006363050000000037,-0.09367080000000005,0.027475355000000035,-0.004371000000000014,-0.02747535499999998,0.004371000000000014,0.05212136500000003,0.16263109999999992,-0.012092274999999986,0.19322739999999994,0.054840655000000016,0.31125479999999994,-0.01219293499999996,0.3235296,0.018014609999999986,0.11364015,0.006041410000000025,0.07310347000000006,-0.05835057000000002,0.1441771,0.10737538999999999,0.032079599999999986,0.024646009999999996,0.16700209999999993,0.0027192899999999853,0.14862370000000003,0.015383079999999993,0.18885639999999992,-0.00010065999999997466,0.13030220000000003,-0.08947927,-0.01651027999999999,-0.054950710000000014,0.008742000000000028,0.07280624871243127,0.10199245057942088
0.054681070000000054,-0.296875425,0.06917683000000002,-0.30685316500000004,0.05208556000000003,-0.323459335,0.06851373000000005,-0.311790505,0.02169593000000003,-0.35375326500000004,0.04097168000000001,-0.25115628500000003,-0.05120189999999997,-0.269685045,0.06069715000000003,-0.13894919500000003,-0.10785828999999997,-0.12668306500000004,0.06024317000000001,-0.07483776500000006,-0.0019052199999999853,-0.094862165,0.02861957000000004,-0.0038727650000000002,-0.028619569999999983,0.0038727650000000002,0.05274240000000002,0.16242863499999993,-0.013263869999999955,0.192604385,0.056666890000000025,0.31197033499999993,-0.016893619999999998,0.325079935,0.019725470000000023,0.11220709000000001,-0.0004539800000000205,0.06411142999999997,-0.05665639,0.14300197999999997,0.10595306999999998,0.03182090000000004,0.024122829999999984,0.16630139999999993,0.003924490000000003,0.1495417,0.015355700000000028,0.18873162,-0.0036297500000000427,0.13247555,-0.09217357999999998,-0.018528759999999977,-0.05723914000000002,0.0077455300000000005,0.07769223450229763,0.10228510594425466
0.054021485000000036,-0.29758545000000003,0.068484655,-0.3079204,0.05101572500000001,-0.32431561000000003,0.06790278500000002,-0.31273885,0.019938184999999997,-0.3541146,0.040627825000000006,-0.25107921,-0.05226097499999999,-0.26968038,0.06013928500000004,-0.13813085000000003,-0.10952254499999997,-0.12757055000000006,0.05603032499999999,-0.07758030999999999,-0.004389864999999993,-0.09578439999999999,0.02900208500000001,-0.004028449999999961,-0.029002084999999955,0.004028449999999961,0.05331935500000001,0.16136994999999998,-0.013926514999999973,0.19391760000000002,0.058124235000000024,0.31099105000000005,-0.01917348499999999,0.32511225,0.019511460000000036,0.11294835999999997,-0.00410896000000005,0.06055054000000004,-0.057261569999999984,0.14210982999999994,0.10513267999999998,0.03178615000000007,0.024317270000000002,0.16539839999999995,0.004804880000000011,0.14962110000000006,0.015075569999999983,0.18988915000000006,-0.0052469700000000175,0.13119464999999997,-0.0928888,-0.01860117,-0.058004169999999966,0.008056899999999922,0.0783607163504597,0.1028025602718672
0.05194458999999996,-0.29852858500000007,0.06754303999999994,-0.30818558500000004,0.04943514999999993,-0.3256784850000001,0.06836358999999997,-0.3109634150000001,0.019970689999999958,-0.35513678500000007,0.041190389999999966,-0.24994071500000004,-0.05328639000000007,-0.27042805500000006,0.06042758999999992,-0.137602785,-0.11074385000000006,-0.12657758500000005,0.05576758999999992,-0.07632642500000009,-0.005265670000000056,-0.09441348500000002,0.029550089999999973,-0.0035793850000001015,-0.02955009000000003,0.0035793849999999905,0.05235018999999996,0.16282931499999997,-0.014956580000000053,0.1939183149999999,0.059305769999999924,0.31067377499999993,-0.01968824000000008,0.32609731499999994,0.019237199999999954,0.11233793000000003,-0.0046599999999999975,0.06127635999999992,-0.05745745999999999,0.14385047,0.10547818,0.03216410000000003,0.02280009999999999,0.16640870000000008,0.006955579999999961,0.14784445999999996,0.014593509999999976,0.1903389299999999,-0.004731660000000026,0.13217900000000005,-0.09447678000000004,-0.02048734000000002,-0.05910018,0.007158770000000092,0.07732715651704512,0.10095709794548029
0.05253754500000002,-0.3000450699999999,0.06822336499999998,-0.30967285999999994,0.049633874999999994,-0.3270862299999999,0.06931020500000001,-0.31170332999999995,0.020012305000000008,-0.35548932999999994,0.04252327500000003,-0.2502374599999999,-0.052641115000000016,-0.2711672699999999,0.06114576500000002,-0.13756482999999997,-0.11127599499999999,-0.1277366299999999,0.05573613500000002,-0.07300702999999997,-0.005721674999999982,-0.09448082999999996,0.02981193500000001,-0.003221269999999943,-0.02981193500000001,0.003221270000000054,0.05044935500000003,0.16596947000000006,-0.014815915000000013,0.19437917000000005,0.058544525000000014,0.31228471,-0.021388395000000004,0.32573307000000007,0.01862248999999999,0.11267262999999994,-0.005409629999999999,0.0645578,-0.05863487999999997,0.14343064,0.10555432000000001,0.033255799999999947,0.020637420000000017,0.16919074,0.008095169999999985,0.14631523999999996,0.014996019999999999,0.1911579,-0.006572479999999992,0.13135390000000002,-0.09516439000000004,-0.020929809999999993,-0.05962387000000002,0.006442539999999997,0.07444539236526061,0.10062823148241057
0.052935644999999976,-0.30036675999999995,0.06890638500000001,-0.3100958999999999,0.05015676499999999,-0.32762902999999993,0.07027624500000001,-0.31248163999999995,0.020994824999999995,-0.35654413999999995,0.04248280500000001,-0.25147657999999995,-0.05167271499999998,-0.271981,0.06061284499999997,-0.1408611999999999,-0.11067908500000001,-0.12875705999999998,0.061205434999999975,-0.07847242999999993,-0.004823754999999985,-0.09554605999999999,0.029393714999999987,-0.003403299999999998,-0.029393714999999987,0.003403300000000109,0.051194715,0.16670740000000006,-0.01431043500000001,0.19568515000000009,0.05874668500000002,0.31116980000000005,-0.019428055,0.32531810000000005,0.01813003999999996,0.11061538000000004,0.000592590000000004,0.06238876999999998,-0.05900637000000003,0.14322394,0.10585533000000003,0.03321099999999999,0.021801000000000015,0.17011070000000006,0.007551970000000019,0.1444624,0.015083279999999977,0.19228184999999998,-0.005117619999999989,0.12963294999999997,-0.09415551999999999,-0.020504420000000023,-0.058787429999999974,0.006806600000000107,0.08153134249057406,0.1019541994172443
0.05183141000000002,-0.29937070000000005,0.06767074000000001,-0.30878127000000005,0.049567760000000016,-0.32655427000000004,0.06881681,-0.31142188000000004,0.020604169999999977,-0.35632837,0.04087162999999999,-0.25055636000000003,-0.05343099000000001,-0.27184400000000003,0.059506610000000015,-0.13856469999999999,-0.11374671,-0.12852229999999998,0.05740598000000002,-0.07786194000000002,-0.008697830000000017,-0.09753040000000002,0.02948611000000001,-0.0034887000000000112,-0.02948611000000001,0.0034887000000000112,0.05271306999999997,0.1644951,-0.015683490000000022,0.19521719999999998,0.06039683000000001,0.30985905999999996,-0.021205890000000005,0.32613559999999997,0.018634980000000023,0.11199166000000005,-0.0021006299999999922,0.06070275999999997,-0.06031571999999999,0.14332170000000005,0.10504887999999998,0.03099189999999996,0.023226959999999963,0.16798380000000002,0.0076837600000000394,0.14536395999999996,0.013802619999999988,0.19172849999999997,-0.005522399999999983,0.1309184,-0.09430262,-0.021287639999999997,-0.05897222000000002,0.0069774000000000225,0.07944116042024123,0.10313588682009965
0.054173589999999994,-0.29360172999999995,0.06934096999999995,-0.30364266999999995,0.05117638999999996,-0.32049999999999995,0.06955881999999997,-0.30873526999999995,0.02057011999999997,-0.35113630999999995,0.04105673999999998,-0.24975256999999995,-0.051958240000000044,-0.26871217,0.05857111999999998,-0.13779752,-0.11307233000000003,-0.12760602,0.06051354999999997,-0.07099119999999992,-0.009844460000000055,-0.09804956999999992,0.028861889999999946,-0.0037998699999999275,-0.02886189,0.0037998700000000385,0.05133278999999996,0.1645145,-0.014514190000000038,0.19403519000000002,0.057163439999999954,0.31075283,-0.018869310000000028,0.32826193000000004,0.017514379999999996,0.11195504999999994,0.001942429999999995,0.06680632000000009,-0.06111408999999998,0.14110614999999999,0.10322786999999997,0.029556450000000067,0.022470900000000016,0.16831436999999994,0.005830649999999993,0.14623832999999997,0.014347699999999963,0.19023531999999999,-0.00435511999999999,0.13422674,-0.09301498000000002,-0.01895960000000002,-0.05772377999999995,0.007599739999999966,0.0742731607508695,0.10360970549190114
0.06023219499999999,-0.28997822,0.073302655,-0.30073458000000003,0.05670225499999998,-0.31580397,0.070698235,-0.31033084,0.023515255000000013,-0.34803366,0.042258355000000025,-0.25352895,-0.04948303500000001,-0.2687408,0.05899019500000002,-0.14206766999999998,-0.111335245,-0.12952178000000003,0.062150095000000016,-0.08074331999999995,-0.008583304999999986,-0.10221356000000004,0.02855506499999999,-0.004589920000000025,-0.02855506499999999,0.004589920000000025,0.053609075000000006,0.16311485000000003,-0.01499784500000001,0.19464672000000005,0.05689449499999999,0.31211334999999996,-0.016499965000000005,0.32666898,0.016731839999999998,0.11146128,0.0031598999999999933,0.06132435000000003,-0.06185220999999999,0.13921901999999997,0.10275194000000001,0.027308219999999994,0.025054010000000015,0.16770477000000006,0.0032854199999999834,0.14899849999999992,0.013557219999999981,0.19005680000000003,-0.0015021199999999957,0.13202225999999995,-0.09174139000000003,-0.015211850000000027,-0.05711012999999998,0.00917984000000005,0.08323440618074289,0.10865474926393237
0.063040765,-0.2896172150000001,0.074837025,-0.2994211050000001,0.060526945,-0.3141036750000001,0.06991797500000002,-0.3107398150000001,0.027226644999999994,-0.3476482750000001,0.03925841499999999,-0.2576008450000001,-0.04907140500000001,-0.2711651750000001,0.053235544999999995,-0.14871013500000008,-0.114938335,-0.13143491500000004,0.06360464500000002,-0.09787167500000005,-0.012107554999999992,-0.10428487500000005,0.027624605000000024,-0.00547212500000005,-0.02762460499999997,0.005472124999999939,0.05563164500000001,0.15848882499999994,-0.01638451499999999,0.1950194249999999,0.057846125000000026,0.3098943249999999,-0.017491405000000015,0.3252835249999999,0.013977130000000004,0.10889071,0.01036910000000002,0.05083846000000003,-0.06586692999999999,0.13973026000000005,0.10283078000000001,0.027150039999999986,0.028007039999999983,0.16396095,0.0022144800000000187,0.15140549999999997,0.01124008999999998,0.18954729999999997,-0.001106890000000027,0.1302641,-0.08832982,-0.013564330000000013,-0.05524920999999999,0.010944249999999989,0.09915765284940996,0.11084844558992471
0.06936842000000004,-0.2856052800000001,0.07830064000000003,-0.2945853600000001,0.06726738000000004,-0.3081210100000001,0.06922891000000003,-0.30704321000000007,0.03264737000000001,-0.3408547800000001,0.04032418000000004,-0.2559852400000001,-0.046852159999999976,-0.2694423000000001,0.05523789000000001,-0.1426612800000001,-0.11384793999999998,-0.1311670800000001,0.06518766000000004,-0.08920138000000011,-0.012046639999999997,-0.1025694800000001,0.027450560000000013,-0.005548280000000072,-0.027450559999999957,0.005548279999999961,0.05708098,0.15667401999999986,-0.015252089999999996,0.1933388599999999,0.060321840000000015,0.3117868799999999,-0.014593959999999961,0.3257710199999999,0.014913709999999969,0.11332396,0.009949770000000024,0.053459900000000005,-0.06699578,0.13827521999999998,0.10180129999999998,0.0285976,0.02963041999999999,0.16222229999999993,0.003240860000000012,0.15511286000000002,0.012198469999999961,0.18779057999999993,0.0006581300000000345,0.13243216000000002,-0.08717634000000002,-0.013457059999999965,-0.05490111999999997,0.011096560000000033,0.091771073089618,0.10920957274334522
0.07454401,-0.28303100500000006,0.08189105000000002,-0.29154253500000005,0.07203094999999998,-0.30431331500000003,0.0699476,-0.30505208500000003,0.03565668999999999,-0.33599566500000005,0.04202088999999998,-0.259218135,-0.046390529999999985,-0.26836975500000004,0.04868560999999999,-0.15317553500000003,-0.11357501,-0.12954379500000002,0.06611601,-0.10921113500000001,-0.013844999999999996,-0.10185493500000009,0.02835821999999999,-0.006294265000000077,-0.02835821999999999,0.006294264999999966,0.047823910000000025,0.16104082499999994,-0.015014020000000017,0.19853426499999993,0.05758311999999999,0.31013196499999995,-0.00931069000000001,0.32705436499999996,0.006664720000000013,0.10604259999999999,0.017430400000000013,0.043964400000000015,-0.06718448000000002,0.13882596000000003,0.09973001000000001,0.027688859999999926,0.019465690000000035,0.16733509000000002,0.009759209999999963,0.14909114,0.013344199999999973,0.19223999999999997,0.0057033300000000065,0.12852010000000003,-0.08841141999999996,-0.009151620000000027,-0.05671643999999998,0.012588530000000042,0.1096245083741815,0.10911866483516197
0.07795360499999998,-0.285133675,0.08345615499999998,-0.293447125,0.07596472500000001,-0.30527557499999997,0.06851972499999998,-0.30666170499999995,0.03992152500000001,-0.33521342499999995,0.04158666499999997,-0.261264825,-0.04376772499999998,-0.27008940499999995,0.04476032499999999,-0.15334052499999995,-0.113031615,-0.13274542499999997,0.06843634500000001,-0.11231718499999999,-0.014233374999999993,-0.10525592499999992,0.027706375000000005,-0.006496924999999987,-0.027706375000000005,0.006496924999999987,0.04884558499999997,0.16114517500000003,-0.015298705000000024,0.199287435,0.058707175,0.309440625,-0.009444895000000009,0.32349367500000004,0.0031736600000000226,0.10792430000000003,0.02367602000000002,0.041023339999999964,-0.06926389000000002,0.13734397999999998,0.09879824000000001,0.027489500000000056,0.021139209999999964,0.16764210000000002,0.009861590000000031,0.14829545,0.012407669999999982,0.19279051000000003,0.005853810000000015,0.12420624000000002,-0.08535438999999995,-0.00882457999999997,-0.05541275000000001,0.012993849999999973,0.1133880852764897,0.11256207714911128
0.08002125999999993,-0.28431853000000007,0.08393981999999994,-0.29227581,0.07829346999999998,-0.30415515000000004,0.06627549999999993,-0.30287225000000007,0.04192092999999997,-0.33142113000000006,0.03909269999999998,-0.25368695,-0.042918060000000036,-0.26878353000000005,0.036938219999999966,-0.13727135000000001,-0.11496232000000003,-0.1339866500000001,0.07444115999999995,-0.1073388500000001,-0.017965880000000045,-0.10358589000000007,0.02696569999999998,-0.005881150000000002,-0.026965700000000037,0.005881150000000002,0.05063583999999993,0.15867984999999996,-0.015832220000000063,0.19801634999999995,0.05847647999999994,0.30760270999999995,-0.011174650000000064,0.32466304999999995,-0.002154480000000014,0.11641560000000001,0.037502939999999985,0.029932499999999918,-0.07204426,0.13479687999999995,0.09699643999999999,0.030400760000000027,0.02367013999999995,0.16456099999999996,0.00784064000000001,0.14892286,0.011133479999999973,0.19213519999999995,0.00465757,0.1266467,-0.08201076000000002,-0.015096580000000026,-0.05393140000000002,0.011762300000000003,0.11201599971210192,0.10983637651704473
0.08396157499999995,-0.2814961250000001,0.08767756499999996,-0.2897438550000001,0.08285745499999997,-0.3008910550000001,0.06945916499999999,-0.3011570750000001,0.04855566499999997,-0.3280911950000001,0.04092043499999998,-0.2541697750000001,-0.03653978499999999,-0.2663104650000001,0.03537717499999998,-0.1422425650000001,-0.11228595500000002,-0.13220097500000005,0.07826566499999998,-0.10947442500000015,-0.014457185000000039,-0.10046888500000006,0.025436915000000004,-0.0064611250000000675,-0.025436915000000004,0.0064611249999999565,0.053299335,0.16023491499999987,-0.012485114999999991,0.20004813499999985,0.06414381499999999,0.31134487499999985,-0.007353515000000033,0.3276529749999999,-0.005543259999999994,0.11192721,0.04288849,0.032768139999999946,-0.07574617000000003,0.13410949000000005,0.09782876999999998,0.03173208999999999,0.02786242,0.16669603999999993,0.01084447999999999,0.15110996,0.012951800000000013,0.1935870099999999,0.005131599999999958,0.12760484000000005,-0.07746021999999997,-0.01214069000000001,-0.05087383000000001,0.012922250000000024,0.1157696713455321,0.10749223929881173
0.08599906000000002,-0.27605491500000007,0.08826650000000003,-0.28401079500000004,0.08543120000000004,-0.295221865,0.06808088000000001,-0.29660192500000004,0.05226626000000001,-0.32217764500000007,0.04306346000000005,-0.25031867500000005,-0.03285689999999997,-0.262784245,0.04132579000000003,-0.137216295,-0.11048708999999995,-0.13155664500000008,0.08697752000000003,-0.0980069950000001,-0.013017639999999941,-0.098015815,0.025143040000000005,-0.0064055050000000335,-0.02514303999999995,0.0064055049999999225,0.05594836000000003,0.164134055,-0.01411123999999997,0.20623549499999994,0.06679679000000005,0.307847585,-0.015021039999999986,0.33183005499999996,-0.0017376700000000245,0.11310238000000006,0.04565173,0.03920929999999989,-0.07763018999999999,0.13122759999999994,0.09746945000000001,0.03354083000000008,0.030805320000000025,0.17053956000000003,0.01084843000000002,0.14371352999999998,0.01103179999999998,0.19982999,-0.0009098000000000162,0.12559456000000002,-0.07592036000000002,-0.012465569999999981,-0.050286079999999955,0.012811009999999956,0.11051848663047516,0.10512296321785447
0.08967722500000003,-0.275405795,0.09092847500000001,-0.283342545,0.08940045499999999,-0.294367025,0.06893043500000001,-0.295211855,0.05625285499999999,-0.32026398500000003,0.04496686500000002,-0.248076295,-0.029385465,-0.262329285,0.04979959500000003,-0.13130676500000005,-0.10719262499999999,-0.13228032499999998,0.10606853500000002,-0.08991272500000003,-0.010810404999999967,-0.099440325,0.024387674999999998,-0.005952775000000021,-0.024387674999999998,0.005952775000000021,0.05428049500000004,0.16616397500000002,-0.012012884999999973,0.20732080499999994,0.068026525,0.308845975,-0.013407664999999958,0.332551775,0.004832730000000007,0.11676952999999995,0.05626893999999999,0.04139404000000002,-0.07780715999999999,0.13004896000000005,0.09638222000000002,0.03283999999999998,0.029892820000000042,0.17211675000000004,0.013746029999999965,0.14268199999999998,0.012374790000000024,0.20136802999999992,-0.0013947799999999844,0.12523097000000005,-0.07435233000000002,-0.014252990000000021,-0.048775349999999995,0.011905550000000042,0.11713682637984565,0.10626404748673421
0.09189460999999999,-0.27614071500000004,0.09260424,-0.283997145,0.09172012000000002,-0.29480263500000004,0.06933128,-0.29634144500000004,0.05819266000000001,-0.320719085,0.04561956,-0.25049692500000004,-0.02853049000000002,-0.264419285,0.05351399000000001,-0.132429185,-0.10753739000000001,-0.13538698500000002,0.11940510999999998,-0.086301085,-0.012122460000000002,-0.10172423500000005,0.024213240000000025,-0.006139844999999977,-0.024213240000000025,0.006139844999999977,0.05261617000000002,0.16480661499999993,-0.012703100000000023,0.20755551500000002,0.06708138000000002,0.307418215,-0.012777819999999995,0.33173701499999997,0.007894430000000008,0.11806774000000003,0.06589111999999997,0.046128100000000005,-0.07900689999999999,0.1290323,0.09541493000000001,0.033662749999999964,0.028402929999999993,0.1709464599999999,0.014465210000000006,0.14261160000000006,0.011510140000000002,0.20141567000000005,-7.471999999997259e-05,0.12418149999999994,-0.07415005000000002,-0.013922359999999967,-0.04842648000000005,0.012279689999999954,0.12444804744323831,0.10853960896951309
0.09522943500000003,-0.27752759,0.09808908500000002,-0.28482275999999995,0.095594505,-0.29561900999999996,0.07747273500000001,-0.29361379,0.065235545,-0.32082324999999995,0.047404274999999996,-0.24989216999999997,-0.023108894999999963,-0.26558395999999995,0.05585764500000001,-0.13585698999999996,-0.10634279499999999,-0.13553079,0.12629750500000003,-0.08745879000000001,-0.004481244999999967,-0.10133388999999993,0.021918075000000037,-0.005375059999999987,-0.02191807499999998,0.005375059999999987,0.04993824500000005,0.16141131000000009,-0.00949249499999999,0.19979201000000002,0.062396545000000025,0.32180736,-0.005885194999999954,0.33202401000000004,0.008453370000000016,0.11403518000000001,0.07043986000000002,0.04839819999999995,-0.08323390000000003,0.13005316999999994,0.10186155000000002,0.034196900000000086,0.02802017000000001,0.16678637000000007,0.012458299999999978,0.1603960499999999,0.012425579999999992,0.19441695000000003,0.0036073000000000355,0.13223200000000002,-0.07051316999999996,-0.015691789999999983,-0.04383615000000002,0.010750119999999974,0.13278856930413024,0.10812420196492264
0.09395974000000001,-0.27384096999999996,0.09679929999999998,-0.28063143999999995,0.09469960999999999,-0.29172366999999993,0.0758103,-0.28935922999999997,0.06481717999999997,-0.31722063999999994,0.04607822,-0.24858866999999996,-0.02402563000000002,-0.2630852899999999,0.0579422,-0.14033196999999997,-0.10786163000000001,-0.1351169699999999,0.13320502,-0.08793682999999997,-0.007095730000000022,-0.10108816999999992,0.021535619999999978,-0.0054628699999998975,-0.021535620000000033,0.0054628700000000086,0.046295719999999985,0.16267090000000006,-0.010635759999999994,0.20042113000000006,0.05864976999999999,0.3213706300000001,-0.007782960000000005,0.33487843000000006,0.011863979999999996,0.10825669999999998,0.07526282000000001,0.05239514000000001,-0.083836,0.12796832000000002,0.10076589999999999,0.03402879999999997,0.024760100000000007,0.16813376999999996,0.012354050000000005,0.15869973000000004,0.010899860000000039,0.19495826000000005,0.0028527999999999887,0.1344573,-0.07010385000000002,-0.01449661999999996,-0.04307124000000001,0.010925739999999906,0.13882366143579997,0.10752504149403377
0.09370693999999996,-0.26932603,0.09378553,-0.27612215,0.09511956999999999,-0.28828412,0.06876391999999998,-0.28805277,0.062309119999999996,-0.31581217,0.04709100999999999,-0.24280941,-0.028073210000000015,-0.26155835,0.06667420999999996,-0.13478860000000004,-0.11014819,-0.14001629000000004,0.13367509,-0.09689095000000003,-0.015732080000000037,-0.10099175000000005,0.023784250000000007,-0.0042191999999999785,-0.023784250000000007,0.0042191999999999785,0.04508729,0.16976015,-0.015419180000000032,0.20278218000000003,0.06043004999999996,0.31558135,-0.014773780000000014,0.33773765,0.019583199999999967,0.10802080999999997,0.06700088000000004,0.037897650000000005,-0.08207497999999999,0.12154205999999995,0.09441610999999997,0.039024539999999996,0.021303039999999995,0.17397934999999998,0.015342759999999955,0.14582119999999998,0.008365069999999974,0.19856298000000006,0.0006454000000000182,0.13495546999999997,-0.07516422,-0.01874893999999999,-0.047568500000000014,0.008438399999999957,0.1437499563964042,0.10551863077964671
0.09810835000000001,-0.26493192,0.09878355,-0.27112735,0.09928935,-0.28270545999999996,0.07538439999999996,-0.28127939999999996,0.06807321,-0.30895132,0.05187082999999998,-0.23738473999999998,-0.022316009999999997,-0.25924244999999996,0.07561214999999999,-0.13208679999999995,-0.10812179000000002,-0.14257960000000003,0.14633733,-0.09571220000000003,-0.01257050000000004,-0.09496775999999996,0.022780089999999975,-0.003729399999999994,-0.02278009000000003,0.003729399999999994,0.04545625999999997,0.16629990000000006,-0.015983140000000007,0.20353593999999997,0.05652266,0.31818345000000003,-0.01662115000000003,0.3414323,0.02374132000000001,0.10529794000000003,0.07072518,0.036374599999999924,-0.08580578000000003,0.11666284999999993,0.09555128999999998,0.04761184000000007,0.022676169999999995,0.17002930000000005,0.011066400000000032,0.15188354999999998,0.006796950000000024,0.19980653999999998,-0.0006380100000000222,0.13789636000000005,-0.07418683999999998,-0.021857709999999975,-0.045560180000000006,0.007458799999999988,0.15403644715539763,0.09922381327097689
0.10316398500000001,-0.2627934800000001,0.10389020500000001,-0.26926710000000004,0.104665605,-0.28015596000000004,0.08027832499999998,-0.27824860000000007,0.07532766499999999,-0.3046235400000001,0.058512595,-0.23441076000000005,-0.017299324999999977,-0.2557371500000001,0.08751576500000002,-0.13554376,-0.10647537499999998,-0.14437836000000004,0.16128209500000001,-0.09602200000000005,-0.009585624999999987,-0.09297806000000008,0.022627475000000008,-0.003495930000000036,-0.022627475000000008,0.003495929999999925,0.04179042500000002,0.16973119999999997,-0.011352835000000006,0.2051878599999999,0.05347424500000003,0.3199903999999999,-0.010012715000000005,0.34105283,0.029003170000000023,0.09886700000000004,0.07376632999999999,0.03952175999999996,-0.08917605,0.11135879000000004,0.09688975,0.051400299999999954,0.019162950000000012,0.17322713,0.011683820000000011,0.15025919999999993,0.011274640000000002,0.20169192999999996,0.0013401200000000002,0.13586497000000008,-0.07581191999999998,-0.02132639000000003,-0.045254950000000016,0.006991859999999961,0.16669186325969634,0.09735153105083968
0.10661526999999998,-0.25849522999999996,0.10681986999999998,-0.26462386999999993,0.10846404999999998,-0.2759358499999999,0.08303012999999998,-0.27347506999999993,0.07965277999999998,-0.30056296999999993,0.06472497999999999,-0.23132376999999993,-0.014791130000000041,-0.2546634299999999,0.10002484999999994,-0.13695018999999997,-0.10424942000000004,-0.1483852499999999,0.17012058999999996,-0.09992490999999992,-0.010768620000000007,-0.09574590999999999,0.02445029999999998,-0.003117949999999925,-0.024450300000000036,0.003117950000000036,0.049148889999999945,0.17037130000000011,-0.012943950000000037,0.2083588500000001,0.06261619999999996,0.32070785,-0.017510150000000058,0.34544415000000006,0.035299869999999955,0.09437357999999996,0.07009574000000002,0.03702528000000005,-0.08945829,0.10627818,0.09348080000000003,0.05263933999999992,0.024698589999999965,0.17348925000000004,0.01346731000000001,0.1503365499999999,0.011506349999999999,0.20524090000000006,-0.00456620000000002,0.13708529999999997,-0.07951611000000003,-0.023339659999999984,-0.048900600000000016,0.006235899999999961,0.17490403338152524,0.09980606786023587
0.10763007000000002,-0.25608052000000003,0.10748271000000004,-0.26188979,0.10943927000000003,-0.27304558,0.08325527000000005,-0.27103118000000004,0.08033139,-0.29745545,0.06642057000000001,-0.23145143,-0.014995659999999966,-0.25380812,0.10233161000000002,-0.14194320000000005,-0.10690266999999998,-0.15150874999999997,0.1742374,-0.10241458999999997,-0.013526199999999988,-0.10035155000000007,0.025227100000000002,-0.0031428500000000303,-0.025227100000000002,0.0031428500000000303,0.04788077000000002,0.17181004999999994,-0.016480769999999978,0.20928334999999998,0.06067507,0.32364225,-0.023649149999999952,0.34666135,0.035911040000000005,0.08950822999999997,0.07190578999999997,0.039528610000000075,-0.09190701000000001,0.10229937000000006,0.09337646999999999,0.0511571999999999,0.022653670000000015,0.17495289999999997,0.01279429999999998,0.15183220000000008,0.008746330000000024,0.20614049999999995,-0.007168379999999974,0.137378,-0.08141622999999998,-0.022356690000000012,-0.050454200000000005,0.006285700000000061,0.17905012669282752,0.10415374161387589
0.11103831000000003,-0.25872662999999996,0.11186095000000001,-0.26427724999999996,0.11315421000000003,-0.27593087999999993,0.08816657,-0.27039888999999995,0.08414567,-0.29972423,0.06967203,-0.23217061999999994,-0.015847909999999965,-0.25610647,0.10889328000000004,-0.14597172999999997,-0.10787248999999999,-0.15614172999999998,0.18170695000000003,-0.10702588999999996,-0.010957049999999968,-0.11420187999999998,0.026646150000000035,-0.003265529999999961,-0.02664614999999998,0.003265530000000072,0.048767950000000004,0.1666555700000001,-0.014222789999999985,0.20628357000000008,0.061774770000000034,0.3200909700000001,-0.023818850000000003,0.34072217000000005,0.03922125000000004,0.08619888999999997,0.07281367,0.03894584000000001,-0.09202458000000002,0.09996474,0.09691544000000002,0.04193985,0.02212179999999997,0.16992110000000005,0.01300682000000003,0.1534354,0.012423359999999994,0.20301804,-0.009596060000000017,0.13443859999999996,-0.08551993999999996,-0.023935850000000036,-0.053292300000000015,0.006531060000000033,0.1865745534738583,0.11851050700641742
0.11489969,-0.25250372000000004,0.1151587,-0.25785505000000003,0.11727023000000003,-0.26954621000000006,0.09044042000000002,-0.26275190000000004,0.08924982000000004,-0.29173904000000006,0.07383439000000003,-0.22568443000000005,-0.011265489999999989,-0.25077530000000003,0.11403480000000005,-0.1462115300000001,-0.10388864999999997,-0.16075715000000002,0.18384326000000006,-0.10453143000000009,-0.009774569999999982,-0.11734887999999999,0.026703440000000023,-0.0027167500000000455,-0.026703439999999967,0.0027167499999999345,0.04984519000000004,0.16818201999999993,-0.013811619999999969,0.20644001999999995,0.06327301000000002,0.31869766,-0.025546879999999994,0.34301921999999996,0.04020041000000002,0.07947289999999996,0.06980846000000002,0.0416801,-0.09262315999999998,0.09001815000000002,0.09411407999999999,0.04340827000000003,0.023141750000000016,0.17089876999999998,0.01342781999999998,0.15051564000000006,0.012891819999999998,0.20372327,-0.011735260000000025,0.1365792,-0.08509988000000002,-0.025090869999999987,-0.05340687999999999,0.00543349999999998,0.18724089321816115,0.1212532149956189
0.11786094500000005,-0.24477710000000003,0.11850887500000007,-0.24981885000000004,0.12088915500000003,-0.26188614000000005,0.09424272500000003,-0.25608392,0.09383502500000002,-0.28634163,0.07771219500000004,-0.22270070000000003,-0.008428504999999975,-0.24924203000000006,0.11892769500000006,-0.14591320000000008,-0.10157841499999995,-0.16584532000000002,0.1868004550000001,-0.10043659999999999,-0.010349864999999958,-0.12202800000000003,0.02720263500000003,-0.0025804000000000382,-0.027202634999999975,0.002580399999999927,0.05239449500000004,0.16454256999999994,-0.014341824999999975,0.20619966,0.06315039500000003,0.3139558,-0.02762898499999994,0.34379709999999997,0.041215500000000016,0.07678749999999995,0.06787276000000003,0.04547660000000009,-0.09314990999999997,0.08339671000000004,0.09122854999999999,0.04381731999999999,0.02519186000000001,0.16712296999999998,0.010755899999999985,0.14941323000000006,0.01286081,0.20361926000000008,-0.013287159999999965,0.13759743999999996,-0.08614070000000001,-0.02654133000000003,-0.054405270000000006,0.005160799999999965,0.18720924129751826,0.12574286940909568
0.11949464999999998,-0.23445798499999992,0.12152048999999998,-0.23915516499999995,0.12279111999999998,-0.25205935499999993,0.09957019,-0.24833296499999996,0.09557754000000002,-0.2811724749999999,0.07999029000000002,-0.21926392499999992,-0.006430710000000006,-0.24872924499999993,0.12105019,-0.14283656499999997,-0.09924524000000001,-0.1708457949999999,0.18754121999999995,-0.09754579499999994,-0.008162459999999983,-0.12734477499999997,0.027435089999999995,-0.002412074999999958,-0.027435089999999995,0.002412075000000069,0.05252319,0.1630486350000001,-0.016073159999999975,0.21002472500000002,0.06482726999999999,0.3135592450000001,-0.029146459999999985,0.34500367500000007,0.04105989999999998,0.07642735999999994,0.06649102999999995,0.045290770000000036,-0.09281453,0.07788345000000002,0.09108278000000003,0.043501019999999946,0.025088100000000002,0.16546071000000007,0.012304079999999995,0.15051061,0.01136193000000002,0.20761264999999995,-0.01307330000000001,0.13497895000000004,-0.08642100000000003,-0.029465320000000017,-0.05487017999999999,0.004824150000000027,0.18623747620877834,0.1311803125054953
0.11963529500000003,-0.23219949499999998,0.12199135500000002,-0.237225185,0.122382445,-0.250064085,0.100907615,-0.245574485,0.09411511500000003,-0.278463995,0.08099334500000005,-0.214229475,-0.007465984999999953,-0.244744215,0.11943225500000004,-0.13976387499999998,-0.10105670499999997,-0.17227418499999997,0.18719785500000008,-0.09212825499999999,-0.008643014999999976,-0.13342575499999998,0.028168515000000005,-0.0023495150000000242,-0.02816851499999995,0.0023495150000000242,0.05304364500000003,0.16477808500000002,-0.019159125,0.21197398499999998,0.06300713500000005,0.315436025,-0.03305332499999997,0.346704385,0.03843890999999999,0.07446560000000002,0.06776560000000004,0.04763561999999999,-0.09359072000000002,0.07247003000000002,0.09241368999999999,0.03884842999999999,0.024875130000000023,0.16712760000000004,0.00996349000000002,0.15065794,0.00900938999999995,0.20962446999999995,-0.013894199999999968,0.13473040000000003,-0.08845933,-0.030514739999999985,-0.056337029999999955,0.0046990300000000484,0.18262133812022957,0.13717204195397434
0.11497046999999999,-0.23201136499999997,0.11868712999999997,-0.23602392499999997,0.11801813,-0.250218625,0.10001636999999997,-0.24500188499999992,0.09027934999999998,-0.28169218499999993,0.07861264000000001,-0.21473451499999996,-0.011283650000000034,-0.24949998499999992,0.11703942,-0.140200585,-0.10580258000000001,-0.17882656499999994,0.18442587,-0.0905320249999999,-0.01411984999999999,-0.14401205499999992,0.028756369999999976,-0.00138171499999995,-0.02875637000000003,0.001381715000000061,0.05373669999999997,0.16383145500000007,-0.021420380000000017,0.20621327500000008,0.06081247000000001,0.317759255,-0.03953009000000002,0.34374151500000005,0.038426779999999994,0.07453392999999997,0.06738644999999999,0.049668560000000084,-0.09451892999999997,0.07067341999999999,0.09168273000000002,0.03481451000000002,0.024980329999999995,0.16521317000000002,0.007075770000000037,0.15392779999999995,0.0073359900000000144,0.20483156000000002,-0.01810971,0.13752823999999997,-0.08989629000000005,-0.034765469999999965,-0.05751274000000001,0.002763430000000011,0.1793899969433806,0.146128628517903
0.11813638999999998,-0.23696584500000012,0.12176344,-0.2412725750000001,0.12130270999999998,-0.2553888750000001,0.10247476,-0.2509577350000001,0.09392077999999998,-0.2874889150000001,0.0788141,-0.21985454500000012,-0.006209389999999981,-0.2556653450000001,0.12030958000000003,-0.14059633500000013,-0.1008898,-0.18538043500000012,0.18859820000000005,-0.09456110500000015,-0.008981459999999997,-0.16084683500000008,0.026774120000000012,-0.001108575000000056,-0.026774120000000012,0.001108574999999945,0.049307990000000024,0.16054552499999986,-0.014414759999999971,0.20241498499999988,0.06114940000000002,0.3127164749999999,-0.032147119999999973,0.3378984249999999,0.04149548000000003,0.07925821,0.06828862000000002,0.04603522999999998,-0.09468041000000002,0.07028490999999998,0.09190834,0.024533600000000044,0.02253387000000001,0.1616540999999999,0.011841409999999997,0.15217095000000003,0.012359360000000041,0.20130640999999994,-0.017732360000000003,0.13548344,-0.08502348999999998,-0.035810799999999976,-0.053548240000000025,0.002217150000000001,0.18687003031852734,0.16292984250328024
0.11572787499999998,-0.24590890000000004,0.119423805,-0.25009240000000005,0.119085675,-0.2645622000000001,0.100124655,-0.25942572,0.09239310500000003,-0.2968336200000001,0.07585805499999998,-0.22670678000000005,-0.007520315,-0.26423482000000004,0.11524856500000003,-0.14636082000000006,-0.10356943499999999,-0.19397030000000004,0.18188332500000004,-0.10815812000000002,-0.00894531500000001,-0.17667477000000004,0.02649897499999998,-0.0006518800000000491,-0.02649897499999998,0.0006518799999999381,0.04793932499999998,0.15949687999999995,-0.017205835000000003,0.19766757999999995,0.06371692499999998,0.3059793799999999,-0.034780374999999975,0.33053387999999995,0.039390510000000045,0.08034596,0.06663476000000002,0.038202700000000034,-0.09604911999999999,0.07026452,0.09462411999999998,0.017295530000000003,0.021440349999999997,0.16014876,0.015777600000000003,0.14648249999999996,0.009293139999999978,0.19701570000000002,-0.017574539999999972,0.1328663,-0.08337836999999998,-0.037528039999999985,-0.05299794999999996,0.0013037599999999872,0.18894943202841366,0.17819335503777375
0.11063508999999999,-0.24879327,0.11413651000000002,-0.25253087,0.11355884999999999,-0.26722357,0.09458705,-0.26125273000000004,0.08607550000000003,-0.29892102000000004,0.06905107999999999,-0.22879618000000002,-0.012516629999999973,-0.26714945,0.09960613000000001,-0.14755300000000005,-0.10897009999999999,-0.19476122,0.17229106000000005,-0.11769613000000001,-0.012301669999999987,-0.18230352,0.026409970000000005,-0.0007042000000000437,-0.026409970000000005,0.0007041999999999327,0.04877623000000003,0.16225689999999993,-0.019879199999999986,0.19715039999999995,0.06346430000000003,0.3067535,-0.03811346999999998,0.3304756,0.030555050000000028,0.08124317999999997,0.07268493000000004,0.029856870000000035,-0.09645347000000001,0.07238823,0.09666843,0.012457700000000016,0.022366260000000027,0.16296109999999997,0.014688069999999998,0.14449660000000009,0.006530770000000019,0.19644620000000002,-0.018234269999999997,0.13332520000000003,-0.08156770999999996,-0.038353269999999995,-0.05281994000000001,0.0014083999999999763,0.18699840669030582,0.1835507278887457
0.110337085,-0.252207085,0.114104335,-0.256619195,0.11235615500000001,-0.270585765,0.09563866500000001,-0.267390085,0.08549645499999997,-0.302803225,0.06876663500000002,-0.23614359499999998,-0.008776094999999984,-0.272581315,0.09346345499999997,-0.15495641500000001,-0.106691865,-0.19725890499999998,0.16760713500000002,-0.131782725,-0.010446865000000027,-0.18749916500000002,0.025090665000000012,-0.0007181649999999928,-0.025090665000000012,0.0007181649999999928,0.04742743500000002,0.15848599500000005,-0.014710785000000004,0.190517775,0.06162005500000001,0.30318527500000003,-0.034451815,0.327454735,0.024696819999999953,0.08118717999999997,0.07414368000000005,0.023173690000000025,-0.09791577000000001,0.07532241,0.09624499999999997,0.009759739999999961,0.022336770000000006,0.15920416000000004,0.01419261999999999,0.14469927999999999,0.010379880000000008,0.18979961,-0.019741029999999993,0.13693696,-0.07754273,-0.03643772000000001,-0.050181330000000024,0.0014363299999999857,0.1936204098468302,0.18878613347057274
0.09829416499999999,-0.2532092849999999,0.103243425,-0.2568164849999999,0.10010976499999996,-0.2701577249999999,0.08732299500000001,-0.2679698849999999,0.07500543500000001,-0.3020457349999999,0.061025514999999975,-0.2399741849999999,-0.01717365500000001,-0.2725580649999999,0.076325225,-0.1591079849999999,-0.118425205,-0.1925665849999999,0.152121065,-0.1441956149999999,-0.02222375500000001,-0.18692383499999993,0.024593364999999978,-0.0009204149999999522,-0.024593365000000034,0.0009204150000000633,0.04523863499999997,0.1617086550000001,-0.02287546500000004,0.18535591500000004,0.050528784999999965,0.30652898500000014,-0.030080435000000016,0.32573121500000013,0.015299710000000022,0.0808662,0.07579584,0.014912370000000008,-0.10125155,0.07999148,0.09620145,0.005642749999999974,0.020645269999999993,0.16262907000000004,0.0052901499999999935,0.14482033000000005,0.0017178999999999944,0.18443549999999997,-0.007204969999999977,0.1403753000000001,-0.07819916999999998,-0.03258388000000001,-0.04918673000000001,0.0018408300000000155,0.19181005500841186,0.18785919543534355
0.09644322999999999,-0.25972550499999997,0.10192725000000002,-0.26461428499999995,0.09741602999999999,-0.278519105,0.08775228000000002,-0.27636120499999994,0.07265836000000003,-0.31157377499999994,0.06103116000000003,-0.24544676499999996,-0.016057729999999992,-0.279761375,0.07012135000000003,-0.15868020500000002,-0.11201164,-0.19248780499999996,0.14717963,-0.14793360499999997,-0.0168393,-0.19577356499999998,0.02558126999999999,-0.001155644999999983,-0.02558126999999999,0.001155644999999983,0.04964968000000003,0.16159704500000005,-0.01918926999999998,0.19204479500000005,0.05902678,0.309106145,-0.03630983999999998,0.33037409500000003,0.009090189999999998,0.08676655999999994,0.07705827999999998,0.01074660000000005,-0.09595391,0.08727357000000002,0.09517234,-0.0032857600000000264,0.02406841000000004,0.16275269000000003,0.009377099999999972,0.14750909999999995,0.006392000000000009,0.19088915000000006,-0.01712057,0.1383293,-0.07708889000000002,-0.03431461000000002,-0.05116253999999998,0.002311289999999966,0.1906041203553879,0.1971231487946177
0.09582052500000005,-0.25403731999999996,0.10171653500000005,-0.26000803999999994,0.09637037500000001,-0.2731689199999999,0.08938430500000005,-0.2762149299999999,0.07124617500000002,-0.30836912999999994,0.063487075,-0.24636286999999996,-0.015086454999999943,-0.27582119999999993,0.070386575,-0.16079255999999997,-0.11229999499999996,-0.18976101999999995,0.13664533500000003,-0.15734879999999996,-0.01685162499999998,-0.19654497999999992,0.026048945000000046,-0.0023919999999999497,-0.02604894499999999,0.0023920000000000607,0.053427475,0.1637444,-0.018626584999999973,0.20163470000000006,0.05866767500000003,0.3123579000000001,-0.03524454499999996,0.33815780000000006,0.006899500000000003,0.08557030999999998,0.06625876000000003,0.003443760000000018,-0.09721354000000001,0.08606017999999999,0.09544836999999998,-0.006783959999999978,0.027378529999999957,0.16613639999999996,0.005240200000000028,0.14861350000000006,0.007422360000000017,0.1992427,-0.016617959999999987,0.1365231,-0.07857352999999995,-0.029458329999999977,-0.052097890000000036,0.0047840000000000105,0.19037639388136363,0.19914947327749274
0.09153229500000004,-0.26001716999999996,0.09725652500000004,-0.26623519,0.09218479500000004,-0.27941023,0.08432169500000003,-0.28222383,0.06644846500000001,-0.31447031,0.05858574500000002,-0.25005706,-0.019234524999999947,-0.27762659,0.06962825500000003,-0.16213692999999996,-0.11338976499999998,-0.18801497,0.12740389500000004,-0.16602667,-0.014204934999999974,-0.19927897,0.02569027500000004,-0.0032091300000000045,-0.025690274999999985,0.0032091300000000045,0.05191393500000002,0.15876283000000002,-0.019010944999999946,0.20260650999999996,0.05619116500000004,0.30699767,-0.03835780499999997,0.33567877,0.011042510000000005,0.08792013000000004,0.05777564000000002,-0.0038897400000000304,-0.09415524000000003,0.08961162,0.09918483,-0.011263999999999996,0.026223659999999982,0.16197196000000003,0.004277230000000021,0.14823483999999998,0.006679330000000039,0.19939737999999996,-0.01934686000000002,0.13307226000000005,-0.07782026999999997,-0.02756953000000001,-0.051380550000000025,0.006418260000000009,0.1919771127638813,0.2028135687682794
0.08629485999999997,-0.2689525799999999,0.09143545999999997,-0.2796196899999999,0.08670794999999998,-0.2924488399999999,0.07882908,-0.2968567399999999,0.05812554999999997,-0.3260815399999999,0.06287413999999997,-0.25510718999999993,-0.030136380000000018,-0.2772284399999999,0.07343519999999998,-0.1572877399999999,-0.11468133000000003,-0.1807652099999999,0.10824295999999994,-0.1841446799999999,-0.017090800000000017,-0.19714503999999988,0.031797379999999986,-0.0024673899999999582,-0.03179738000000004,0.0024673900000000693,0.04753797999999998,0.15777316000000008,-0.019463720000000018,0.19590726000000014,0.05017706999999999,0.29299846000000007,-0.03491770000000005,0.3293823600000001,0.010561060000000011,0.09781945000000003,0.034807759999999965,-0.026856939999999996,-0.08454495000000001,0.09646323000000001,0.09759053000000001,-0.016379829999999984,0.015740599999999993,0.16024055000000004,0.0026390900000000106,0.1352253,0.012333660000000024,0.19343987000000007,-0.015453980000000034,0.13347509999999996,-0.09301051999999999,-0.02212124999999998,-0.06359476000000003,0.0049347800000000275,0.19710546517862074,0.20015345539310903
0.07700002,-0.281312785,0.08470201,-0.289981595,0.07482040000000001,-0.301916435,0.07620766000000001,-0.306062095,0.04517652999999999,-0.336632215,0.049572159999999976,-0.262814995,-0.03330952000000004,-0.289502795,0.05507113999999996,-0.15422710500000003,-0.11724864000000002,-0.18141933499999996,0.09381469999999997,-0.18247478499999997,-0.01522842000000002,-0.204474435,0.02780494,-0.0035218350000000287,-0.02780494,0.0035218350000000287,0.04966925999999999,0.15675071500000004,-0.025288880000000014,0.20240026499999997,0.052733839999999976,0.306661265,-0.04278051999999999,0.326042865,0.005498979999999987,0.10858788999999996,0.03874356000000001,-0.02824767999999994,-0.08393911999999998,0.10808346000000002,0.10202022,-0.02305510000000005,0.021864319999999993,0.16027255000000007,0.0030645799999999834,0.14991054999999998,0.0025160599999999866,0.19887842999999994,-0.017491639999999975,0.12364260000000005,-0.08288168000000001,-0.026687799999999984,-0.05560988,0.007043670000000057,0.19073921130423097,0.20837614352229314
0.072604905,-0.2790777349999999,0.08162180499999999,-0.2885401549999999,0.069187885,-0.3004840049999999,0.076119255,-0.3036967849999999,0.03813607499999999,-0.3340606149999999,0.05129651499999999,-0.2570300749999999,-0.036563564999999965,-0.2820616049999999,0.06163344500000001,-0.14555045499999986,-0.11388670499999998,-0.16764769499999993,0.08879257499999998,-0.17851728499999991,-0.011101804999999965,-0.19352898499999993,0.029245575000000024,-0.0037398949999999376,-0.029245574999999968,0.0037398950000000486,0.048827075,0.16188549500000005,-0.02510624499999997,0.21057094500000006,0.052994735000000015,0.3126621450000001,-0.043429304999999974,0.3346550450000001,0.010336930000000022,0.11147962000000006,0.027159129999999976,-0.03296683000000006,-0.07732314000000001,0.11441390999999995,0.10278490000000001,-0.02588129,0.019581499999999974,0.16562538999999998,0.0041676600000000175,0.15077665000000007,0.004139329999999997,0.20683105000000002,-0.018323060000000002,0.12408410000000003,-0.08786007999999995,-0.02503152999999997,-0.05849114999999999,0.007479789999999986,0.18464284785556165,0.19810150783441122
0.07196003500000003,-0.28108043000000005,0.08160203500000002,-0.29170818000000004,0.06827585500000005,-0.30429200000000006,0.07595905500000005,-0.30760751000000003,0.03620265500000003,-0.33879621000000004,0.045798785000000064,-0.26156775000000004,-0.03713828499999994,-0.28255385000000005,0.04412439500000004,-0.1491660800000001,-0.10712114499999995,-0.16167775000000006,0.07852357500000007,-0.17967401000000005,-0.0063447449999999295,-0.18706772000000005,0.029076515000000025,-0.00478405000000004,-0.02907651499999997,0.004784049999999929,0.05029931500000007,0.1639512999999999,-0.01994156499999994,0.21320724999999996,0.05847555500000007,0.3118955499999999,-0.041884514999999956,0.33610834999999994,-0.0016743900000000256,0.11240166999999995,0.03439918000000003,-0.03050792999999996,-0.06998286000000001,0.12087609999999999,0.10077640000000002,-0.025389969999999984,0.02122280000000004,0.16873534999999995,0.008176240000000001,0.14794425,0.00913495000000003,0.20842320000000003,-0.021942950000000017,0.12290109999999999,-0.08293707,-0.020986100000000008,-0.058153029999999994,0.009568099999999968,0.18174572856451182,0.19319377583003494
0.06678404499999996,-0.28529558,0.076370145,-0.29613473999999995,0.062836795,-0.30818050999999996,0.07085144500000001,-0.31164370999999996,0.030102244999999972,-0.34164210999999994,0.04271817499999997,-0.26321357999999995,-0.04070865500000004,-0.28095916,0.04692927499999999,-0.14929810999999993,-0.10000573500000001,-0.15766481,0.07629724499999996,-0.17822201,-0.0019595350000000122,-0.18688377999999994,0.029267225000000008,-0.005159139999999951,-0.029267225000000008,0.005159140000000062,0.05154892499999997,0.16099804000000006,-0.021362254999999997,0.21067669,0.057124375000000005,0.30937636,-0.040714625000000004,0.33359289000000003,0.004211100000000023,0.11391547000000002,0.029367969999999965,-0.028923900000000058,-0.059297079999999974,0.12329435,0.0980462,-0.029218969999999955,0.02228169999999996,0.16615718000000002,0.005575450000000037,0.14837831999999995,0.007904970000000011,0.20551754999999994,-0.019352370000000008,0.12291620000000003,-0.08342683000000001,-0.01774558000000004,-0.058534450000000016,0.010318280000000013,0.17933928669936577,0.19397472272247873
0.06537295000000004,-0.29036908,0.07324125000000004,-0.3012256,0.06092732000000001,-0.3121604,0.06495191,-0.3187145,0.02617375000000005,-0.34512375,0.037155610000000006,-0.27344932,-0.04378990999999999,-0.28335346,0.04005715000000004,-0.16142405999999998,-0.09880054999999999,-0.14998056000000004,0.07421095,-0.19018955999999998,0.004347190000000001,-0.18674572,0.028763310000000042,-0.006383899999999998,-0.028763309999999986,0.006383899999999998,0.05154835000000002,0.1642494,-0.02175242999999999,0.2098318,0.05733071000000001,0.3097147,-0.03941307999999999,0.3297991,0.0029015400000000358,0.11202526000000002,0.034153799999999956,-0.0287655,-0.05501064,0.13337289999999996,0.10314773999999999,-0.03676515999999996,0.02278503999999998,0.1706333,0.005782359999999986,0.14546530000000002,0.007010879999999997,0.20344790000000001,-0.01766065,0.1199673,-0.08094551999999999,-0.009904140000000006,-0.05752662000000003,0.012767799999999996,0.1893409850761456,0.1959473279521678
0.06231403499999999,-0.29139269,0.06926870499999999,-0.30185551,0.05808553500000002,-0.3133145,0.059461865,-0.31750605,0.022748594999999983,-0.34503413,0.033789285,-0.26884684999999997,-0.04672538500000001,-0.28118867,0.040817745000000016,-0.15150803999999995,-0.09371600499999999,-0.14486246999999997,0.07806003500000003,-0.17919047,0.013515895,-0.18308613,0.028544934999999994,-0.00558132999999994,-0.028544934999999994,0.005581330000000051,0.04947586500000001,0.16816818,-0.022883354999999994,0.20916583,0.053035445000000014,0.31501698,-0.039121295,0.33037483,0.007028460000000014,0.11733881000000002,0.03724229000000001,-0.027682430000000036,-0.04699061999999998,0.1363262,0.10723189999999999,-0.03822366000000005,0.020930930000000014,0.17374950999999994,0.0035595800000000066,0.1468488,0.005661579999999999,0.20358449999999995,-0.016237940000000006,0.12120900000000001,-0.08051467000000001,-0.012341820000000003,-0.05708986999999999,0.011162659999999991,0.1805322093687152,0.1932990529804544
0.056059050000000055,-0.29297625,0.06406493000000002,-0.30384973000000004,0.051175030000000066,-0.31517670000000003,0.056438400000000055,-0.31913659,0.016303730000000016,-0.34650735,0.03179209000000005,-0.26960965000000003,-0.05084483999999995,-0.28128835,0.03515427000000004,-0.14513730999999996,-0.09133742999999994,-0.14179094999999997,0.07496883000000004,-0.16258305000000006,0.017195860000000063,-0.17859972000000002,0.02969329000000004,-0.006145750000000061,-0.029693289999999983,0.00614574999999995,0.05104546000000004,0.16475534999999997,-0.027149569999999956,0.21025169,0.05240349000000005,0.30749085,-0.04019596999999997,0.32988405,0.0033621799999999924,0.12447234000000007,0.03981456,-0.0174457400000001,-0.040492589999999995,0.13949740000000005,0.10853329,-0.036808770000000046,0.021352170000000004,0.17090110000000003,0.00135803000000001,0.14273550000000002,0.002543720000000027,0.20410594000000004,-0.013046400000000014,0.11963236,-0.08263693,-0.011678699999999986,-0.05938658000000002,0.01229150000000001,0.16285730979474516,0.19060294088298688
0.05412113000000002,-0.289224655,0.06201588000000002,-0.299998125,0.04958927000000002,-0.310614125,0.05310949000000004,-0.314681645,0.014026660000000024,-0.340554325,0.023104990000000047,-0.267811295,-0.04884556999999995,-0.273377685,0.02485643000000004,-0.151639325,-0.08739463999999997,-0.134121685,0.07087693000000006,-0.16461082500000002,0.023197490000000043,-0.16681096499999998,0.025538400000000017,-0.007615774999999991,-0.02553839999999996,0.007615774999999991,0.05401077000000004,0.158219475,-0.028767669999999967,0.21093527499999998,0.04984983000000004,0.307339575,-0.03780176999999996,0.334775775,0.001751439999999993,0.11617197000000001,0.04602050000000002,-0.012971500000000025,-0.03854907000000002,0.139256,0.11059213000000001,-0.03268927999999999,0.028472370000000025,0.16583525,-0.004160940000000002,0.14912009999999998,-0.0032292700000000063,0.2033195,-0.00903409999999999,0.12384050000000002,-0.07195056,-0.005566389999999977,-0.05107679999999998,0.015231549999999983,0.16341061173333699,0.1811073565626744
0.054910735000000044,-0.29165585000000005,0.06279774500000002,-0.30206271,0.05074255500000002,-0.31354948000000005,0.052848485,-0.31509393,0.014859725000000046,-0.34284519,0.021139085000000002,-0.26739969,-0.048662765,-0.27310382,0.021486565000000013,-0.14866825000000006,-0.08184908499999999,-0.13091235,0.066950905,-0.15396025000000002,0.030169115000000024,-0.16561039,0.025010864999999993,-0.007528749999999973,-0.025010864999999993,0.007528749999999973,0.056060885000000005,0.15482514999999997,-0.026687874999999972,0.20558765,0.050667624999999994,0.30482915,-0.03402145499999998,0.33210955,0.0003474800000000111,0.11873143999999997,0.04546433999999999,-0.005291999999999963,-0.03318631999999999,0.14219147,0.11201820000000001,-0.034698039999999986,0.03105002000000001,0.16235389999999994,-0.005393260000000011,0.15000400000000003,-0.0016770099999999788,0.19805890000000004,-0.007333580000000006,0.12652189999999996,-0.06980185,-0.005704129999999974,-0.050021729999999986,0.015057499999999946,0.15231924089704366,0.18171954213220984
0.05601707,-0.2939576950000001,0.06371732000000002,-0.3044653050000001,0.052156939999999985,-0.3164743750000001,0.05278830000000001,-0.31850627500000006,0.015585870000000002,-0.3473332350000001,0.018823790000000007,-0.27102891500000004,-0.04733504999999999,-0.27691654500000007,0.01682977000000002,-0.15155557500000005,-0.07661741,-0.13009704500000008,0.06109954000000001,-0.165348975,0.034666699999999995,-0.1647244750000001,0.024078829999999996,-0.007308475000000092,-0.024078829999999996,0.007308474999999981,0.058405739999999984,0.1591685249999999,-0.024201169999999994,0.207476365,0.05271520000000002,0.30581702499999996,-0.031239169999999983,0.32995252499999994,-0.0019940199999999852,0.11947333999999998,0.044269769999999986,-0.013793399999999956,-0.029282360000000007,0.1468195,0.11128410999999999,-0.034627430000000015,0.03432690999999999,0.16647699999999999,-0.005690539999999966,0.14664850000000007,-0.00012233999999999856,0.20016789000000001,-0.007037999999999989,0.12247615999999995,-0.06615884,-0.0058876300000000326,-0.04815765999999999,0.014616950000000073,0.1623186144875383,0.18178661441559282
0.05550421,-0.290760175,0.06354259000000001,-0.301240255,0.05172957,-0.313332605,0.05311558999999999,-0.314699075,0.015489830000000038,-0.34392475499999997,0.017817510000000036,-0.267476345,-0.046302960000000004,-0.273462025,0.015692070000000002,-0.14864072500000003,-0.07418738999999996,-0.127171425,0.06817234999999999,-0.158701125,0.03688374999999999,-0.15820532499999995,0.023522540000000036,-0.007449174999999975,-0.02352253999999998,0.007449174999999975,0.06010001000000004,0.15921957500000006,-0.024713390000000002,0.208839275,0.056272160000000016,0.304574405,-0.03210648999999999,0.332558075,-0.002125440000000034,0.11883561999999998,0.05248027999999999,-0.01006039999999997,-0.02788442999999996,0.1462906,0.11107113999999996,-0.031033899999999948,0.03657747,0.16666875000000003,-0.0038278500000000215,0.14535482999999993,-0.001190850000000021,0.20139010000000002,-0.007393099999999986,0.12371880000000002,-0.06412047000000004,-0.005985679999999993,-0.04704508000000002,0.01489834999999995,0.15770465405890405,0.17632451117701722
0.05674678999999999,-0.29217562,0.06433053,-0.3025083,0.05332036000000001,-0.31432972000000003,0.05292858,-0.31659752,0.017437530000000034,-0.34499658000000005,0.016233560000000036,-0.27157355000000005,-0.04334633999999998,-0.27445355000000005,0.014795730000000007,-0.15651780000000004,-0.06925303999999999,-0.12876379999999998,0.06924256000000001,-0.15694186,0.04143659999999999,-0.15665640000000003,0.022102310000000014,-0.007964399999999983,-0.022102310000000014,0.007964399999999983,0.0597858,0.15560109999999994,-0.022280560000000005,0.20641275999999997,0.056648089999999984,0.3008351,-0.031709779999999965,0.3300738,-0.0014378300000000288,0.11505575000000001,0.05444683,-0.00042405999999994837,-0.025906700000000005,0.14568975000000006,0.11068963999999998,-0.027892600000000045,0.037683489999999986,0.16356549999999992,-0.0031377100000000158,0.14523400000000009,-0.00017824999999999092,0.19844836,-0.00942921999999996,0.12366104,-0.05957990000000002,-0.0028799999999999937,-0.04420462000000003,0.015928799999999965,0.15625775743339626,0.1764573627725069
0.058216924999999975,-0.292375025,0.06551762499999997,-0.30203636500000003,0.05550027499999999,-0.314513195,0.05304477499999999,-0.315477565,0.01983247499999996,-0.345212065,0.016713774999999986,-0.272900325,-0.04154812500000005,-0.273602565,0.020487454999999988,-0.16416022500000005,-0.060756525000000006,-0.12684882500000005,0.06597267499999998,-0.15684079500000003,0.04940151499999995,-0.15270602500000008,0.021666174999999954,-0.00793762500000006,-0.02166617500000001,0.007937624999999948,0.05943587499999997,0.157352335,-0.017150584999999996,0.20598827499999994,0.057349344999999996,0.3009209749999999,-0.028131845000000044,0.328887175,0.0037736800000000015,0.10874009999999995,0.04548521999999999,0.007319430000000016,-0.01920839999999996,0.14675373999999997,0.11015803999999996,-0.025857200000000025,0.03776970000000002,0.16528996000000007,-0.0020865299999999753,0.14356863999999991,0.004515590000000014,0.19805065,-0.010981260000000048,0.12289890000000003,-0.05826190000000003,-0.0007022400000000206,-0.043332349999999964,0.015875250000000007,0.15535514146077978,0.17566160322409277
0.057695965000000016,-0.29256437,0.06430766500000001,-0.30163691000000004,0.055859305000000026,-0.31463895000000003,0.05005506500000001,-0.31391809000000004,0.020214294999999993,-0.34475387,0.014249065000000005,-0.27248857000000004,-0.04197021499999998,-0.27139545000000004,0.02654669500000001,-0.16799783000000001,-0.054449195000000006,-0.12396709000000006,0.07563083500000001,-0.15948239000000008,0.05508259500000001,-0.14649023000000005,0.020962665000000047,-0.008240670000000061,-0.02096266499999999,0.00824066999999995,0.05793280500000003,0.15452656999999992,-0.018285164999999992,0.20514086999999992,0.05894443500000002,0.30134406999999996,-0.027968565,0.32914646999999997,0.012297630000000004,0.10449074000000003,0.04908414,0.00851543999999993,-0.012478980000000028,0.14742835999999998,0.10953179000000002,-0.022523139999999997,0.036970139999999985,0.16276723999999998,0.0010116299999999856,0.14681750000000005,0.0026774999999999993,0.19690019999999997,-0.009683400000000009,0.12400560000000005,-0.05621927999999998,0.001093120000000003,-0.04192533000000004,0.01648134000000001,0.16081873858387058,0.1724080421073147
0.05774982499999998,-0.29306766,0.06347376500000002,-0.30155679999999996,0.05635319500000002,-0.31458645999999996,0.04773698500000001,-0.31260633,0.020860325000000013,-0.3432251,0.012868035,-0.27177012,-0.04174841499999998,-0.26855045,0.029813005000000004,-0.17105842,-0.05011653500000002,-0.12138583999999997,0.08316959499999999,-0.1517465,0.063841115,-0.14058413999999997,0.020373185000000016,-0.008668629999999955,-0.020373185000000016,0.008668630000000066,0.05746559499999998,0.15485670000000007,-0.016610035000000023,0.20595170000000007,0.05885306499999998,0.30116770000000004,-0.027977334999999992,0.3301197,0.016944970000000004,0.10071170000000002,0.05335658999999998,0.019311919999999982,-0.008368120000000034,0.14716461000000003,0.11395765000000002,-0.0191983,0.037092409999999965,0.16352533000000002,0.0013874700000000018,0.14631099999999997,0.003763149999999993,0.19728307,-0.011367299999999969,0.12416799999999995,-0.05461644999999998,0.003219670000000008,-0.04074637000000003,0.01733726000000002,0.15625193116446595,0.17137221967741129
0.059018654999999975,-0.29235740000000005,0.06446001499999998,-0.30096370000000006,0.057919995,-0.3135486,0.047829714999999995,-0.31261305000000006,0.022389015000000012,-0.34210725000000003,0.011832314999999982,-0.27403725,-0.03950895500000001,-0.2669864,0.028873415000000013,-0.17605312,-0.042859215000000006,-0.12021930000000003,0.07980985499999999,-0.15451769999999998,0.06767701500000001,-0.13862885000000003,0.019582584999999986,-0.009496100000000007,-0.019582584999999986,0.009496100000000007,0.05876217499999997,0.15387149999999994,-0.014527084999999995,0.20982884000000002,0.060105095,0.29856406,-0.02558200500000002,0.33091519999999996,0.01704110000000003,0.09798413,0.05093643999999997,0.021535420000000027,-0.003350259999999994,0.14676709999999998,0.11053623000000001,-0.018409549999999997,0.039179589999999986,0.16336759999999995,0.0013429200000000252,0.14469256000000008,0.0050554999999999906,0.20033274,-0.011054920000000024,0.12108635999999995,-0.051341269999999994,0.007050849999999997,-0.03916516999999997,0.018992200000000015,0.15703053371307407,0.171916370961763
0.05984493000000002,-0.29295152,0.06562426000000005,-0.30185583,0.05859395000000006,-0.3144637,0.04936826000000005,-0.3126851,0.023171030000000037,-0.34231946,0.01256403000000006,-0.27241433,-0.03775888999999999,-0.2662533,0.02871906000000002,-0.17301795000000003,-0.038654089999999974,-0.11999289999999996,0.08236158000000005,-0.1559775,0.07259935000000006,-0.13967680000000005,0.019267970000000023,-0.009465999999999974,-0.019267969999999968,0.009465999999999974,0.05868080000000003,0.15175709999999998,-0.013544319999999943,0.20979022999999997,0.05926880000000001,0.2953196,-0.024085669999999948,0.3310107,0.01615502999999996,0.09939637999999995,0.05364252000000003,0.01704045000000004,-0.0008951999999999849,0.14626040000000007,0.11125344000000004,-0.019683900000000087,0.03941283000000001,0.16122309999999995,0.0005879999999999774,0.14356250000000004,0.0057236500000000246,0.20032423,-0.010541350000000005,0.12122047000000002,-0.05032292000000005,0.006161029999999956,-0.03853593999999999,0.01893199999999995,0.15951935072298315,0.17516614763082053
0.061885809999999986,-0.29409703000000004,0.06708305999999997,-0.30308481000000004,0.06070759999999997,-0.31568184,0.04974173999999998,-0.31349241,0.024996970000000007,-0.34297356,0.012444169999999977,-0.27125758,-0.035561920000000025,-0.26730161,0.027765990000000018,-0.16773316000000005,-0.03386369,-0.12060471000000006,0.07997334,-0.16067721000000001,0.07678718000000001,-0.14239338,0.01876569,-0.008877250000000059,-0.01876569,0.008877249999999948,0.05939319999999998,0.15287753999999998,-0.012174010000000013,0.20913424999999997,0.060610359999999974,0.29729613999999993,-0.022299230000000003,0.33014539,0.015321820000000042,0.10352441999999995,0.052207349999999986,0.007055950000000033,0.0016982300000000228,0.14669689999999996,0.11065087000000001,-0.021788669999999954,0.04062750999999998,0.16175479000000004,0.001217159999999995,0.14441859999999995,0.006591679999999989,0.20025700000000002,-0.01012521999999999,0.12101114000000002,-0.04800609,0.003955969999999975,-0.03753138,0.017754500000000006,0.16367530135766997,0.17892220227191982
0.06326502,-0.29429159,0.06872537000000001,-0.30359265999999996,0.06192724999999999,-0.31644774,0.05148773000000001,-0.31411949,0.025990710000000028,-0.34428662,0.011688489999999996,-0.26932034,-0.032831889999999975,-0.26968338999999997,0.02155246999999999,-0.15769586000000002,-0.029700709999999964,-0.12256955999999997,0.07776095,-0.16142135999999996,0.07847201000000004,-0.14599419000000002,0.017870030000000037,-0.007997809999999994,-0.01787002999999998,0.007997809999999994,0.05984305000000001,0.15432424,-0.011739949999999999,0.2091031,0.06017365000000002,0.29818308000000004,-0.020663810000000005,0.32982504,0.009863979999999994,0.11162447999999997,0.056208480000000005,-0.003725499999999937,0.003131180000000011,0.14711383,0.10817272,-0.023424630000000057,0.04197301999999997,0.16232205,0.0003306000000000142,0.14385884000000004,0.006130079999999982,0.20110529,-0.008923860000000006,0.12072194000000003,-0.04452037999999997,-0.0003630499999999759,-0.03574006000000002,0.015995619999999988,0.16469884029054024,0.18164615254764305
0.06287683500000002,-0.29586781999999995,0.06898046499999999,-0.30557133999999997,0.06128136499999998,-0.31849596999999996,0.052400485,-0.31584486999999994,0.02543411499999998,-0.34619556999999995,0.009857365000000007,-0.26961293,-0.030890244999999983,-0.2710112499999999,0.013695234999999972,-0.15360346999999996,-0.026447064999999992,-0.12376360999999991,0.07497163499999998,-0.15901016999999995,0.079194975,-0.14934336999999998,0.01690931499999998,-0.007763729999999969,-0.01690931499999998,0.00776373000000008,0.05938838499999999,0.15338283000000008,-0.013379595000000022,0.2084503900000001,0.060132815000000006,0.29826653000000003,-0.021289165,0.32968123000000005,0.0038378699999999655,0.11600946000000001,0.06127640000000001,-0.0054066999999999865,0.004443179999999991,0.14724764,0.10564203999999999,-0.025579760000000062,0.04247907000000001,0.16114656000000005,0.0007444300000000181,0.14488369999999995,0.0035297199999999584,0.20068666000000002,-0.007909569999999977,0.12123083999999995,-0.04074760999999999,-0.001398319999999953,-0.03381862999999996,0.015527460000000048,0.16200839057424155,0.18417023491002588
0.06264946500000002,-0.29682537999999997,0.069347035,-0.30680692,0.06104944499999998,-0.31968375,0.053540564999999984,-0.31705731,0.02590186499999997,-0.34750059,0.008954864999999979,-0.26980137,-0.028228354999999983,-0.27169915,0.012056844999999983,-0.15121068999999998,-0.022159335000000002,-0.12362191,0.081102805,-0.15875874999999995,0.082516865,-0.14991275000000004,0.015793665000000012,-0.007640450000000021,-0.015793665000000012,0.007640450000000021,0.05937036499999998,0.15393820999999996,-0.012648594999999985,0.20941224999999997,0.06108461500000001,0.29633005,-0.021040965000000023,0.32923815,0.003101980000000004,0.11859068,0.06904596000000002,-0.007548059999999968,0.0060690199999999805,0.14807724,0.1046762,-0.026290840000000038,0.04357669999999997,0.16157865999999999,0.0017142500000000283,0.14239184000000005,0.0031450700000000276,0.20177179999999995,-0.008392370000000038,0.11982590000000004,-0.03718321999999996,-0.0018977800000000156,-0.031587330000000025,0.015280900000000042,0.16462692477972604,0.18570937278209984
0.05994862500000003,-0.29749338000000003,0.06685050500000006,-0.30769085,0.05795200500000003,-0.32052635,0.051610435000000066,-0.31739021,0.02210387500000005,-0.34779263,0.007806865000000052,-0.26901605,-0.030831494999999987,-0.2711998,0.011569645000000017,-0.14935038,-0.021907334999999972,-0.12341475000000002,0.07945623500000004,-0.15914945000000003,0.08246642500000007,-0.14975285000000005,0.016463635000000032,-0.007701650000000004,-0.016463634999999976,0.007701650000000004,0.05980503500000006,0.15320924999999996,-0.014107374999999978,0.20993134999999996,0.061473425000000026,0.29728935,-0.023166244999999974,0.32923945,0.0037627799999999656,0.11966567,0.06788659000000002,-0.00979907000000002,0.008924160000000014,0.14778504999999997,0.10437376000000004,-0.02633810000000003,0.04334140000000003,0.16091089999999997,0.001668389999999964,0.14408010000000004,0.002356259999999999,0.20222969999999996,-0.009058869999999997,0.11930810000000003,-0.03863836000000004,-0.0021837499999999843,-0.03292727000000001,0.015403300000000009,0.16402592410835554,0.18595450073029593
0.05926128000000003,-0.29814693499999995,0.06603433000000003,-0.3081235049999999,0.057747800000000016,-0.3213436349999999,0.05028626000000003,-0.3175310249999999,0.02177821000000002,-0.34893408499999995,0.0072485400000000255,-0.26928791499999993,-0.03292737999999995,-0.2699820849999999,0.015027660000000054,-0.1541442249999999,-0.021563959999999938,-0.12225961499999993,0.07995496000000002,-0.16150683499999996,0.08447693000000006,-0.1487772449999999,0.016757000000000022,-0.008098184999999924,-0.016756999999999966,0.008098185000000035,0.059881790000000046,0.1507854150000001,-0.014573139999999984,0.20891696500000012,0.059638490000000044,0.2955455750000001,-0.022655469999999955,0.32925021500000007,0.007779120000000028,0.11514369000000002,0.06492729999999997,-0.007362610000000047,0.011363420000000013,0.14772247,0.10604089,-0.02651762999999996,0.043124790000000024,0.1588836,-0.00024330000000000185,0.14476016000000003,0.002183859999999982,0.20081878000000009,-0.008082329999999971,0.12033324999999995,-0.040175919999999976,-0.000694169999999994,-0.03351399999999999,0.01619636999999996,0.1659162320057447,0.1867035326953665
0.058056949999999996,-0.29769583000000005,0.06458280999999999,-0.30732456,0.05696894999999996,-0.32087061000000006,0.04855334,-0.31640483,0.02142229000000001,-0.34866685000000003,0.007018909999999989,-0.26787705000000006,-0.03410614000000001,-0.26869321000000007,0.019919569999999998,-0.15211983000000007,-0.020610930000000027,-0.11899773000000002,0.08450374,-0.15579443000000004,0.08630704,-0.14647213000000003,0.01689446,-0.007903130000000091,-0.01689446,0.00790312999999998,0.059251359999999975,0.15237793,-0.014829990000000015,0.20876421999999994,0.058375239999999995,0.29927012,-0.023860729999999997,0.33051856999999996,0.012900660000000008,0.11575722,0.06458417,-0.0036745999999999723,0.01349520999999998,0.14969548000000005,0.10691797000000003,-0.02747440000000001,0.042356899999999975,0.1602810600000001,-0.0008761199999999802,0.14689218999999998,0.002064469999999985,0.20086108999999996,-0.009030739999999982,0.12175435000000001,-0.041125049999999996,-0.0008161600000000102,-0.03378892,0.015806260000000072,0.16261258056438432,0.1856940238734613
0.05844426500000005,-0.30040274999999994,0.06444123500000004,-0.31006757999999995,0.057244035000000026,-0.32336875,0.04752929500000003,-0.31901007,0.02055084500000004,-0.35035099999999997,0.007038775000000053,-0.27100507999999995,-0.035606734999999945,-0.26793259999999997,0.024540695000000057,-0.16092459999999997,-0.02062675499999994,-0.11832334,0.08406934500000002,-0.16039253999999992,0.08491589500000002,-0.14659529999999998,0.017351865000000022,-0.008565399999999945,-0.017351864999999966,0.008565400000000056,0.05869674500000005,0.1499003000000001,-0.015371604999999955,0.20759990000000006,0.05792486500000005,0.29697285000000007,-0.025522224999999954,0.32929830000000004,0.017501920000000004,0.11008047999999998,0.05952864999999996,0.0005320600000000564,0.014979980000000004,0.14960925999999997,0.10554264999999996,-0.028271959999999985,0.04134488000000003,0.15846570000000004,-0.0007718800000000026,0.14707254999999997,0.0019802600000000115,0.1990345,-0.010150619999999999,0.12169839999999998,-0.04264551,0.0030724799999999886,-0.03470372999999999,0.0171308,0.16583938789723626,0.18583201435680455
0.05910432499999996,-0.30069827499999996,0.064100245,-0.31022382499999995,0.05782102499999997,-0.323263145,0.04592360499999998,-0.31903457499999993,0.020130624999999958,-0.34934953499999993,0.008165325000000001,-0.27111447499999997,-0.037005675000000016,-0.266292155,0.03147002499999996,-0.16145813499999995,-0.020187635000000037,-0.1159721749999999,0.08459472499999998,-0.15848707499999992,0.08575440499999998,-0.14576547499999992,0.01806415499999997,-0.008849924999999925,-0.018064155000000026,0.008849925000000036,0.057354915000000006,0.15175642500000008,-0.014598325000000023,0.2100747850000001,0.05776135499999996,0.29816716500000007,-0.024762494999999995,0.32969182500000005,0.023304699999999956,0.10965634000000002,0.053124700000000025,0.0029710600000000253,0.01681803999999998,0.15031998000000008,0.10594204000000002,-0.029793300000000023,0.039290760000000036,0.16060635,0.0004064399999999524,0.14641073999999998,0.003465830000000003,0.20122486000000006,-0.010164169999999972,0.11961703999999995,-0.04517100000000002,0.004822319999999991,-0.03612831,0.01769984999999996,0.1637607810333335,0.18623698697528798
0.05740370999999994,-0.30265206,0.06231670999999994,-0.31213045,0.05605025999999996,-0.32537955,0.04402037999999997,-0.32060513,0.01788212999999994,-0.3513227,0.006891629999999982,-0.27159232,-0.038543890000000025,-0.26677564,0.033635909999999936,-0.16122099999999995,-0.020074440000000027,-0.11662916000000001,0.09066443999999996,-0.15454800000000002,0.08341778999999994,-0.14655443999999995,0.017972059999999956,-0.008905260000000026,-0.017972060000000012,0.008905260000000026,0.05577267999999996,0.15072587000000004,-0.015847130000000043,0.21002885000000004,0.05526580999999997,0.29544665999999997,-0.02622021000000002,0.3283492,0.026744279999999954,0.11037132000000005,0.05702853000000002,0.006672999999999929,0.01846945,0.15014647999999997,0.10349222999999996,-0.029925279999999943,0.03780062000000001,0.15963113000000007,-0.0005068699999999926,0.14472078999999993,0.0021249299999999693,0.20112359000000002,-0.010373079999999979,0.11832034999999996,-0.04543552000000001,0.004816680000000018,-0.03594411999999997,0.017810520000000052,0.16277588833968007,0.18560070044887353
0.055728394999999986,-0.30260655000000003,0.061095045000000014,-0.31220371,0.05374403500000002,-0.32533275000000006,0.044019925000000015,-0.32041995000000006,0.015337835000000022,-0.35076312000000004,0.009038435000000011,-0.27115605000000004,-0.04011173499999998,-0.26629487,0.03593717499999999,-0.16164971000000006,-0.020934004999999978,-0.11654445000000002,0.09179515500000002,-0.1509487100000001,0.08116919500000003,-0.14404029000000007,0.01917095499999999,-0.008637850000000058,-0.01917095499999999,0.008637849999999947,0.054306515,0.15162535,-0.018080755000000004,0.2088871,0.052389195,0.29516761999999996,-0.028100744999999983,0.32933484999999996,0.026898739999999977,0.10950633999999998,0.05585798000000003,0.01070099999999996,0.019177730000000004,0.14975042,0.1021032,-0.02749584000000005,0.03513556000000001,0.16026320000000005,-0.0019173200000000001,0.14354226999999997,0.0010901999999999856,0.20024925000000005,-0.010019989999999979,0.12044774999999996,-0.04915016999999999,0.0048611800000000205,-0.03834190999999998,0.017275700000000005,0.15977063340795647,0.1826985499008739
0.055487165000000005,-0.30405026000000007,0.06064966500000002,-0.31397240000000004,0.05315488500000004,-0.32636153000000007,0.043232205000000024,-0.32258405000000007,0.014582725000000019,-0.35078390000000004,0.00795012500000003,-0.27539740000000007,-0.039716835000000006,-0.2652195600000001,0.03392088500000001,-0.17351492000000007,-0.020771865,-0.11726095000000003,0.093684765,-0.1525208,0.08385896500000001,-0.1438191000000001,0.018666385000000008,-0.009589200000000075,-0.018666385000000008,0.009589199999999964,0.05314096500000004,0.15000775999999993,-0.01821851499999999,0.20774979999999998,0.05242878500000003,0.29303643999999995,-0.027835834999999975,0.32873109999999994,0.02597075999999998,0.10188248,0.05976387999999999,0.02099412000000006,0.018944970000000005,0.14795861000000005,0.10463083000000001,-0.026558150000000058,0.03447458000000003,0.15959696,-0.0007121800000000067,0.14302868000000002,0.00044787000000001687,0.19816060000000002,-0.009617319999999985,0.12098129999999996,-0.047666960000000036,0.010177839999999994,-0.037332770000000015,0.01917840000000004,0.16142242600204093,0.18451437315697797
0.05432680499999998,-0.30578279499999994,0.06030291499999996,-0.31553569499999995,0.052011434999999995,-0.32850799499999994,0.044048934999999956,-0.32316765499999994,0.013861434999999978,-0.35298291499999995,0.009567404999999973,-0.27505016499999996,-0.04036540500000002,-0.26663091499999997,0.038188484999999994,-0.17120695499999994,-0.018440015000000032,-0.11821657499999993,0.09738781499999999,-0.149203015,0.08371561499999997,-0.14441421499999996,0.01937639499999999,-0.009227454999999996,-0.019376395000000046,0.009227454999999996,0.05215501499999997,0.14840238500000003,-0.019358635000000013,0.20703643500000002,0.050997634999999986,0.291633885,-0.028420265,0.32756888500000003,0.02862108000000002,0.10384321000000002,0.059199329999999994,0.022003939999999944,0.02192538999999999,0.14841434000000003,0.10215563,-0.026197640000000022,0.03277861999999998,0.15762984000000002,-0.0011573799999999856,0.14323149999999996,1.7760000000033305e-05,0.19780898000000002,-0.009061629999999987,0.12053245000000001,-0.049932809999999994,0.00841924999999999,-0.03875279000000004,0.01845490999999999,0.1602464946503667,0.18502358035188107
0.05411853500000002,-0.30989875,0.059730905,-0.31984988000000003,0.05166913500000003,-0.33238645,0.04273145500000003,-0.32791698,0.012905484999999994,-0.35645534,0.008523245000000013,-0.28040905000000005,-0.041307764999999996,-0.26871412,0.037241685000000024,-0.18135501000000004,-0.017688344999999994,-0.12153982000000008,0.09475548500000003,-0.15494978000000004,0.08511780499999999,-0.14793768000000007,0.019426745000000023,-0.00964798,-0.019426744999999968,0.00964798,0.051616715000000035,0.14805228999999998,-0.020220385000000007,0.20535302,0.050332085000000026,0.28992622,-0.027698644999999966,0.32450892,0.028718440000000012,0.09905404000000001,0.057513800000000004,0.026405230000000002,0.023619420000000002,0.14717429999999992,0.10280614999999999,-0.026397859999999995,0.03218997000000001,0.15770026999999998,-0.0012846300000000088,0.14187393000000004,-0.0007936400000000399,0.19570504,-0.007478259999999959,0.11915589999999998,-0.04983101000000001,0.011694930000000048,-0.03885348999999999,0.01929596,0.16366744377923062,0.18911055806680416
0.053010979999999985,-0.3128002549999999,0.057956410000000014,-0.32287859499999993,0.050172700000000015,-0.33519825499999995,0.04078691000000001,-0.33047359499999995,0.01058553000000001,-0.35839495499999996,0.010056330000000002,-0.27947205499999994,-0.04323005000000002,-0.27051189499999995,0.04365815000000001,-0.17539365499999993,-0.01640797999999999,-0.12373125499999993,0.09717672,-0.15537470499999995,0.08697157,-0.15068395499999998,0.02061455000000001,-0.008972404999999961,-0.02061455000000001,0.008972405000000072,0.05048235000000001,0.14645044500000004,-0.022394950000000025,0.2024310450000001,0.04856414999999997,0.28845221500000007,-0.030021589999999987,0.32214844500000006,0.033601820000000004,0.10407840000000002,0.05351856999999999,0.02001894999999998,0.02682207000000003,0.14678064000000002,0.10337954999999999,-0.02695270000000005,0.0298678,0.15542285,-0.0019182000000000365,0.14200177000000003,-0.0017804000000000153,0.19345864000000002,-0.007626639999999962,0.11971739999999997,-0.05328638000000002,0.008960159999999995,-0.04122910000000002,0.017944810000000033,0.16521319354215902,0.19252253505785763
0.052818325,-0.31150600999999994,0.057825505,-0.3213757699999999,0.049954465,-0.33377170999999994,0.04057108500000001,-0.32869756999999994,0.01012244499999998,-0.3566225499999999,0.010921744999999983,-0.2802525699999999,-0.04391778499999999,-0.2685365699999999,0.046700885000000025,-0.1831972899999999,-0.014632315000000007,-0.12221979999999988,0.09679018500000003,-0.1552532299999999,0.08784776500000002,-0.14653486999999987,0.021168314999999993,-0.00909196999999995,-0.021168314999999993,0.00909197000000006,0.050285245000000034,0.1488600900000001,-0.021968934999999967,0.20193653000000011,0.04943038500000002,0.29215186000000004,-0.029489765,0.3240011300000001,0.03577914000000004,0.09705528000000002,0.0500893,0.027944059999999993,0.02928546999999998,0.14631677000000004,0.10248008000000003,-0.024315069999999994,0.02911693000000004,0.15795206000000006,-0.0008548600000000128,0.14329176999999993,-0.0008006199999999741,0.19284456000000005,-0.007520830000000034,0.12206459999999997,-0.05483952999999997,0.011716000000000004,-0.042336629999999986,0.01818394000000001,0.16456543120316763,0.19001110237812943
0.050468524999999986,-0.3105611199999999,0.055832565,-0.32024254999999996,0.04767840499999998,-0.33308871999999995,0.03933899499999999,-0.32752919999999996,0.007707344999999977,-0.35680129999999993,0.012459204999999973,-0.2790447999999999,-0.04707799500000004,-0.2687978999999999,0.05374409499999999,-0.18198972999999996,-0.014869235000000036,-0.12295429999999996,0.10128333499999997,-0.15524439999999995,0.08461310499999997,-0.1450575999999999,0.022475464999999972,-0.008964199999999978,-0.022475465000000028,0.008964200000000089,0.05069454499999998,0.14750487,-0.022328205000000045,0.20310620000000001,0.04658496499999998,0.2932755,-0.02898905500000004,0.32454610000000006,0.04128489000000002,0.09705506999999997,0.04753923999999998,0.02674533000000001,0.03220876,0.14584359999999996,0.09948234,-0.022103299999999937,0.028219080000000007,0.15646907,-0.0041095800000000016,0.14577063,0.0001472599999999824,0.19414199999999993,-0.006660849999999996,0.12143990000000005,-0.05953720000000001,0.010246900000000003,-0.04495093,0.017928400000000067,0.16615828985030176,0.18759178206916446
0.049030515,-0.31195118000000005,0.05436687500000004,-0.32168492000000004,0.045974385000000006,-0.33425245000000003,0.037742475,-0.32914170000000004,0.005043844999999991,-0.35755759000000004,0.011177195000000029,-0.28267015,-0.048894364999999995,-0.26900645,0.05508981500000004,-0.18966507000000005,-0.01432388499999998,-0.12377025000000008,0.102342975,-0.15624824999999998,0.08494804500000003,-0.14526181999999999,0.02271588499999999,-0.009572150000000001,-0.02271588499999999,0.009572150000000001,0.04899965500000003,0.14509850999999996,-0.023093005,0.20190045,0.04649741500000004,0.29199935,-0.030155884999999993,0.32346874999999997,0.04391262000000001,0.09300507999999996,0.04725315999999996,0.03341682000000007,0.034570480000000015,0.14523619999999993,0.09927193000000001,-0.021491569999999904,0.02628377000000004,0.15467065999999996,-0.002502239999999989,0.14690084000000003,-0.00037712000000000856,0.1923283,-0.007062879999999994,0.12156829999999996,-0.060071560000000024,0.0136637,-0.04543176999999998,0.019144300000000003,0.16689623055383274,0.18858706235849212
0.046387349999999994,-0.3115678600000001,0.05262908999999999,-0.3215601600000001,0.04288963000000001,-0.3346739000000001,0.03771127000000002,-0.3279158200000001,0.0018646800000000074,-0.3577473700000001,0.012176410000000026,-0.27918216000000007,-0.05056324000000001,-0.2684708200000001,0.06007297,-0.1839703800000001,-0.015233949999999996,-0.12270762000000013,0.10352784999999998,-0.15208332000000013,0.08501531000000001,-0.14116018000000008,0.02345788999999998,-0.008782220000000063,-0.02345788999999998,0.008782219999999952,0.04742981000000002,0.14723197999999993,-0.02323752000000001,0.20089263999999996,0.04857594999999998,0.2922662799999999,-0.03164589000000001,0.3241040799999999,0.04789655999999998,0.09521177999999997,0.043454879999999974,0.03188705999999997,0.03532929000000001,0.14576319999999998,0.10024926,-0.01845255999999995,0.023971920000000035,0.1560142,0.0011461399999999622,0.14503429999999995,0.00022036999999996976,0.19211042,-0.008408369999999998,0.12321143999999995,-0.06273965000000004,0.010711339999999958,-0.04691577999999996,0.017564440000000014,0.1641535980586829,0.18506528155221338
0.04333618,-0.31274825000000006,0.049682260000000034,-0.3233870300000001,0.03892106000000001,-0.3361226600000001,0.03569859000000003,-0.32990350000000007,-0.003196029999999961,-0.3587838700000001,0.01218022000000002,-0.2782817800000001,-0.05366780999999998,-0.2688672800000001,0.06099597000000001,-0.18000132000000008,-0.01692729999999998,-0.12339900000000004,0.10502792,-0.14851844000000014,0.08515605000000004,-0.13841710000000007,0.024483260000000007,-0.008424300000000051,-0.024483260000000007,0.00842429999999994,0.047304540000000006,0.15077679999999993,-0.024805279999999985,0.20182615999999987,0.04669847999999999,0.29480399999999995,-0.03314953999999998,0.3234212999999999,0.04881574999999999,0.09828046000000001,0.044031949999999986,0.031482879999999935,0.036740510000000004,0.14546828000000006,0.10208335000000002,-0.015018100000000034,0.02282128,0.15920109999999998,-0.0006060600000000194,0.14402720000000002,-0.00032201999999997843,0.19340185999999993,-0.008344259999999992,0.12159514000000005,-0.06584803,0.009414499999999992,-0.04896652000000001,0.01684859999999999,0.16159768041916697,0.18325712824126683
0.03949414000000001,-0.31125119000000007,0.04590032999999999,-0.3222330200000001,0.034698950000000006,-0.3343258800000001,0.03272957999999998,-0.3299829900000001,-0.007117910000000005,-0.35739344000000006,0.009698759999999973,-0.2787883400000001,-0.05540894000000002,-0.2681015400000001,0.05455918999999998,-0.18031809000000004,-0.01948528999999999,-0.12227610000000011,0.09911990999999998,-0.14916101000000004,0.08160791,-0.1366796400000001,0.02446501000000001,-0.008602290000000012,-0.02446501000000001,0.008602289999999901,0.04886130999999999,0.15038365999999992,-0.026590420000000003,0.20045925999999992,0.045702209999999965,0.2961451599999999,-0.036383140000000036,0.32484015999999993,0.04486043000000001,0.09847025000000004,0.04456072,0.031157080000000004,0.03592365000000003,0.14582543999999997,0.1010932,-0.014403539999999992,0.024396299999999982,0.15898594999999993,-0.0031591000000000258,0.1457615,-0.0021254099999999942,0.19185697000000002,-0.009792720000000033,0.12438090000000002,-0.06510769999999999,0.010686799999999996,-0.04893002000000002,0.017204579999999914,0.15915435231889954,0.17988413921702853
0.03777140000000001,-0.3117243599999999,0.04453222000000001,-0.32357465999999996,0.03239872000000005,-0.33508351999999997,0.03196570000000004,-0.3321264099999999,-0.009803829999999958,-0.35816502999999994,0.007824900000000024,-0.28025701999999997,-0.056390479999999965,-0.26693725999999995,0.04905894000000005,-0.18516594999999997,-0.021472359999999968,-0.12154319999999996,0.09968629000000001,-0.15036801,0.08149567000000002,-0.13427665999999994,0.02409256000000004,-0.009158699999999964,-0.024092559999999985,0.009158700000000075,0.049491140000000045,0.15336170000000005,-0.027223649999999988,0.20264360000000003,0.04539987000000001,0.2972068400000001,-0.03496455999999998,0.32407954000000005,0.04123404000000003,0.09509107,0.05062734999999996,0.03479793999999997,0.03491812,0.14539406,0.10296802999999999,-0.012733459999999974,0.025398580000000004,0.1625204,-0.004091270000000036,0.14384514000000004,-0.003131090000000003,0.19348489999999996,-0.00774090999999999,0.12143594000000002,-0.06421537999999999,0.013319760000000014,-0.048185120000000026,0.01831740000000004,0.16017016340751172,0.17810832886999559
0.036811099999999985,-0.312167525,0.042905499999999985,-0.324221855,0.031552899999999995,-0.335119515,0.02946194999999996,-0.333192495,-0.010744540000000025,-0.357859935,0.004015359999999968,-0.280276415,-0.05614516000000003,-0.266458255,0.04252817999999997,-0.18243935499999997,-0.020632299999999992,-0.119807055,0.09806379999999998,-0.15800440500000001,0.08482307,-0.13411425499999996,0.0228796,-0.00970560499999995,-0.0228796,0.009705605000000062,0.05013466,0.152304145,-0.026148229999999995,0.20544644499999998,0.04585435999999998,0.296996175,-0.03399274000000002,0.324901345,0.03851282,0.09783706000000003,0.05553562000000001,0.024434949999999955,0.035512860000000035,0.14665119999999998,0.10545536999999999,-0.014307199999999964,0.027255059999999998,0.16200974999999995,-0.004280300000000015,0.14469202999999997,-0.0032686299999999946,0.19574083999999992,-0.007844510000000027,0.11945490000000003,-0.060160519999999995,0.013818160000000024,-0.0457592,0.019411210000000012,0.16626845164095327,0.17967753686966131
0.03436781,-0.313258705,0.040434910000000046,-0.325639425,0.02868907000000004,-0.33622583500000003,0.026908560000000026,-0.335005785,-0.014685969999999993,-0.358761305,0.0008434200000000391,-0.281868335,-0.058488509999999994,-0.265796865,0.037201490000000004,-0.18487113500000002,-0.020732949999999972,-0.120098865,0.09405951000000001,-0.15794840499999996,0.08345379000000003,-0.13509056500000005,0.022690970000000033,-0.010362234999999997,-0.022690969999999977,0.010362234999999997,0.04994081,0.15261218499999996,-0.02707244999999997,0.20847883499999997,0.042309790000000014,0.29227558499999995,-0.03485651000000001,0.323837135,0.036358069999999965,0.0969972,0.05685802000000001,0.02692273000000006,0.03775556000000002,0.145698,0.10418674,-0.014991700000000052,0.02724983999999997,0.16297441999999995,-0.007631019999999988,0.1396634,-0.004381479999999993,0.19811659999999998,-0.007784060000000037,0.11535830000000002,-0.05933193000000003,0.016071470000000032,-0.04538194000000001,0.020724469999999995,0.16393640863761924,0.1800645081722037
0.029819819999999997,-0.31394172000000004,0.03640652,-0.32664344000000006,0.023496169999999983,-0.33686468,0.02437448999999997,-0.33530864000000005,-0.019280069999999982,-0.3583084,0.00026954000000001255,-0.27961427000000005,-0.06019373,-0.26527158000000006,0.036556639999999974,-0.18149084000000004,-0.023105409999999993,-0.11997040000000003,0.09124243999999998,-0.16003820000000002,0.07999844,-0.1313162000000001,0.02275703000000001,-0.009569400000000061,-0.02275703000000001,0.00956939999999995,0.04466916999999998,0.15798837,-0.026956230000000025,0.2092402499999999,0.03616381000000002,0.29686579999999996,-0.03535543000000002,0.32390319999999995,0.03628709999999996,0.09812343000000001,0.05468580000000001,0.021452640000000023,0.03708832000000001,0.14530118000000003,0.10310385,-0.011345800000000072,0.02191213999999997,0.16755777000000005,-0.008505359999999962,0.13887742999999997,-0.004199200000000014,0.19967084999999996,-0.008399199999999996,0.11466295000000004,-0.06046327000000001,0.014342689999999991,-0.04551406000000002,0.01913880000000001,0.16532123625326567,0.17437728895209065
0.026723960000000047,-0.31266609,0.03372186000000005,-0.32562145000000003,0.020094150000000033,-0.3361429,0.022330460000000052,-0.33360657000000005,-0.023110699999999984,-0.35710485000000003,-0.0019648799999999467,-0.27790329,-0.06240313999999997,-0.26146513000000005,0.03665226000000005,-0.18481469,-0.023676789999999948,-0.11754655000000003,0.08947246000000003,-0.15649185,0.07866056000000005,-0.12696145000000003,0.022705540000000024,-0.010189800000000027,-0.02270553999999997,0.010189800000000027,0.04706644000000004,0.15586694999999995,-0.024894399999999983,0.20926214999999992,0.03779780000000005,0.2946533499999999,-0.03686467999999998,0.32533565,0.038617139999999994,0.09308860000000002,0.052820199999999984,0.028322840000000016,0.03872635000000002,0.14391858000000002,0.10233735,-0.009414900000000004,0.02436090000000002,0.16605674999999998,-0.009268639999999995,0.13878639999999998,-0.0021888600000000147,0.1990723499999999,-0.01197028,0.11607350000000005,-0.06043826000000002,0.01643815999999998,-0.04541107999999999,0.020379600000000053,0.1608170122856686,0.17054486684087714
0.024813415000000005,-0.31318555,0.03142970500000003,-0.32624519,0.017625745000000026,-0.33632287,0.019736465000000036,-0.33488622,-0.026463934999999994,-0.35682261,-0.0029000349999999675,-0.28037968,-0.06418233499999998,-0.26098609,0.03601953500000005,-0.19100567000000002,-0.023905014999999974,-0.11706855000000005,0.08707991500000001,-0.15800495000000003,0.07826274500000002,-0.12598902,0.022878585000000007,-0.010268550000000043,-0.02287858499999995,0.010268550000000043,0.04240473500000003,0.16096418999999995,-0.026684934999999965,0.21116005000000004,0.03111409500000001,0.29905885,-0.03895123499999997,0.32469565,0.038919570000000014,0.08937401,0.05106037999999996,0.03300071999999998,0.040277320000000005,0.14391753999999995,0.10216776,-0.008920469999999958,0.01952615000000002,0.17123274,-0.011290640000000018,0.13809466000000004,-0.003806350000000014,0.2008915,-0.012266300000000008,0.11353559999999996,-0.06128230000000001,0.019393590000000016,-0.04575716999999996,0.020537100000000086,0.16108337797156136,0.1696929403849017
0.023737699999999973,-0.3135968100000001,0.030576679999999967,-0.3266881900000001,0.016325359999999955,-0.3364909800000001,0.019292649999999967,-0.3347408700000001,-0.027783539999999995,-0.3559619100000001,-0.002349050000000019,-0.2809634700000001,-0.06482710000000003,-0.2589457900000001,0.03826259999999998,-0.1968189500000001,-0.02288353000000004,-0.11651375000000008,0.08321091999999997,-0.1579862500000001,0.08000295999999996,-0.12479445000000011,0.023191359999999994,-0.010398650000000065,-0.023191359999999994,0.010398649999999954,0.03982513999999998,0.16359630999999986,-0.026129500000000028,0.2121324899999999,0.028519419999999962,0.30192920999999995,-0.040023450000000016,0.3249449499999999,0.04061165,0.08414452,0.044948319999999986,0.0388327,0.041943569999999986,0.14243204000000004,0.10288649,-0.00828070000000003,0.016633779999999987,0.17399495999999992,-0.011305720000000019,0.1383329000000001,-0.0029381400000000335,0.20173383999999994,-0.013893949999999988,0.11281246,-0.06247805000000001,0.022017679999999984,-0.04638271999999999,0.02079730000000002,0.1593249737371816,0.17007716474551313
0.02252957499999997,-0.31664636999999995,0.02890104499999996,-0.32938777999999996,0.015192545000000002,-0.33938222999999995,0.017280744999999986,-0.33819604999999997,-0.029594055000000008,-0.36000292999999994,-0.0018748350000000191,-0.28134969,-0.06758515500000001,-0.26335310999999995,0.04272991500000001,-0.18751179999999995,-0.02425870499999999,-0.11771231999999998,0.08609989499999998,-0.15512205,0.08064344499999998,-0.12333224999999992,0.023750484999999988,-0.009572049999999943,-0.023750484999999988,0.009572050000000054,0.03335898500000001,0.16886789000000002,-0.028076254999999994,0.21625614999999998,0.015416824999999967,0.30484021000000006,-0.040846885,0.32171035000000003,0.044604750000000026,0.09383789000000003,0.043369979999999975,0.03238974999999994,0.043326450000000016,0.14564078999999996,0.10490214999999997,-0.00561992999999994,0.00960850000000002,0.17843993999999996,-0.01794216000000004,0.13597232000000004,-0.0043257700000000066,0.20668409999999993,-0.012770630000000005,0.10545420000000005,-0.06571031999999999,0.01799658000000004,-0.047500969999999976,0.019144099999999997,0.15834219724175902,0.16900190998723916
0.023765250000000016,-0.31620232,0.030554819999999983,-0.32881315,0.01667805,-0.33936809,0.018737000000000004,-0.33775587,-0.028385030000000033,-0.36081133,-0.0020078800000000174,-0.28264488,-0.06684505000000002,-0.26294101,0.04248679999999999,-0.19342750999999997,-0.023084209999999994,-0.11645735000000002,0.08434908000000002,-0.15764389999999995,0.08146112,-0.12117615000000004,0.023145839999999973,-0.009740549999999959,-0.02314584000000003,0.009740549999999959,0.029670399999999986,0.16993131000000006,-0.027417950000000024,0.21702571999999998,0.010445900000000008,0.30617744999999996,-0.03981669999999998,0.32177325,0.04449468000000001,0.08921737000000002,0.04186228000000003,0.03578361000000002,0.04376084000000002,0.14648365999999996,0.10454532999999999,-0.004718800000000023,0.006524560000000013,0.17967186000000002,-0.019224499999999978,0.1362461399999999,-0.004272109999999996,0.20728517000000002,-0.012398749999999958,0.10474753000000003,-0.06483717,0.019703870000000012,-0.04629168,0.019481099999999918,0.16006635351540968,0.16757624658444764
0.024630654999999946,-0.31841369500000005,0.03093941499999997,-0.33107097500000005,0.017589374999999963,-0.3418150750000001,0.01866093499999999,-0.33992036500000006,-0.028197265000000027,-0.36336230500000005,-4.742500000004535e-05,-0.28263882500000004,-0.06872696500000003,-0.2644666950000001,0.04758830499999994,-0.19333342500000006,-0.024208965000000027,-0.11857755500000011,0.08620815499999995,-0.16072492500000002,0.082822815,-0.12272789500000003,0.024527804999999958,-0.009396575000000018,-0.024527805000000014,0.009396574999999907,0.03303046499999995,0.16891042499999998,-0.030194865000000015,0.21446007499999997,0.013328094999999984,0.3044913749999999,-0.04103474500000004,0.31859467499999994,0.04763572999999999,0.08930539999999998,0.03861985000000001,0.03260850000000004,0.044518,0.14588913999999997,0.10703178000000002,-0.004150339999999919,0.008502659999999995,0.178307,-0.01970236999999997,0.13558094999999992,-0.0056670600000000015,0.20506350000000007,-0.010839880000000024,0.10413459999999997,-0.06867953999999998,0.018172129999999953,-0.04905560999999997,0.018793149999999925,0.16341583488097167,0.17023816019672347
0.025494340000000004,-0.31793265000000004,0.03060836,-0.33040772,0.018570540000000024,-0.34018974,0.017118820000000035,-0.33999546,-0.027514079999999996,-0.36090184000000003,-0.00039482000000001793,-0.28443648,-0.06976137999999998,-0.26283932,0.04603792000000001,-0.19719062000000004,-0.02794300999999999,-0.11585762,0.08213925999999999,-0.16674182000000004,0.08290839,-0.11937375000000006,0.025040149999999983,-0.010476220000000036,-0.025040149999999983,0.010476220000000036,0.03646172000000003,0.16451837999999996,-0.03076922999999998,0.21501808,0.018066620000000033,0.30278372,-0.042395799999999983,0.31926148,0.04643274000000003,0.08724585999999995,0.03610133999999998,0.030448799999999998,0.041818369999999994,0.1469817,0.11085139999999999,-0.0035161300000000617,0.011421570000000048,0.1749946,-0.018395099999999998,0.13826534000000001,-0.0057290799999999975,0.20454185999999996,-0.011626570000000003,0.10424339999999999,-0.06936655999999997,0.021597160000000004,-0.050080299999999967,0.020952440000000072,0.16637080905661336,0.16886059930348618
0.027322689999999983,-0.316592685,0.03230999000000001,-0.329025945,0.02028332999999999,-0.338563885,0.018986539999999996,-0.339357845,-0.02550097000000001,-0.359563425,0.0017946600000000035,-0.284593365,-0.06949927,-0.262485205,0.04697545999999997,-0.201636225,-0.03645904,-0.11297052500000004,0.08254159999999999,-0.17563846500000002,0.07981376000000001,-0.11525182499999997,0.025256200000000006,-0.010295724999999978,-0.025256200000000006,0.010295724999999978,0.03449975999999999,0.16787897500000004,-0.03039824000000002,0.21324017500000003,0.018235789999999974,0.30575707500000004,-0.04239069000000001,0.319166575,0.045180799999999965,0.08295713999999998,0.035566140000000024,0.02599775999999998,0.033040230000000004,0.14951467999999996,0.11627280000000001,-0.0022812999999999306,0.009243559999999984,0.17817470000000002,-0.016263970000000016,0.1378781,-0.005142040000000014,0.20294445000000005,-0.011992449999999988,0.10592639999999998,-0.07129393,0.022108159999999988,-0.05051240000000001,0.020591449999999956,0.1749852528753998,0.1637128089228332
0.029516670000000023,-0.316239155,0.03355804000000001,-0.32798262499999997,0.02318755,-0.33774212499999995,0.018743750000000003,-0.33934755499999997,-0.02276413999999999,-0.35989506499999996,0.0011475400000000024,-0.28670192499999997,-0.07046588999999998,-0.26291144499999997,0.04784399,-0.20685197499999997,-0.04583931000000002,-0.10924752500000001,0.08329608999999999,-0.17995592500000002,0.07276770999999999,-0.11312625499999995,0.024942789999999992,-0.010818875000000006,-0.024942789999999992,0.010818875000000006,0.03496879000000003,0.16674293500000004,-0.02931258999999997,0.21190150500000005,0.01939371000000001,0.305372875,-0.04332876000000002,0.31848587500000003,0.04669645,0.07984995,0.035452099999999986,0.02689604999999995,0.024626579999999954,0.15366391999999995,0.11860702000000001,-0.0038787299999999414,0.010026000000000035,0.17756181000000004,-0.015575080000000019,0.13862993999999995,-0.004369799999999979,0.20108263000000004,-0.01401617000000005,0.10658436999999998,-0.07161342999999998,0.023790480000000003,-0.049885579999999985,0.02163775000000001,0.1789202316776739,0.15782818842325627
0.03225475,-0.31572529,0.03595604999999996,-0.3273563,0.02562331999999995,-0.3366574,0.02110527999999995,-0.33841480999999995,-0.020250590000000013,-0.3577842,0.004574349999999949,-0.28562133999999995,-0.06898022000000004,-0.26281301999999995,0.05136622999999996,-0.20407957,-0.05021906000000004,-0.10828817000000002,0.08663857999999997,-0.17902966999999992,0.06874648,-0.11162622999999994,0.025382079999999974,-0.010495629999999978,-0.02538208000000003,0.010495629999999978,0.03325619999999996,0.16793118000000007,-0.02850298000000001,0.21115063,0.02056287999999995,0.30676416000000006,-0.04328317000000004,0.31883923000000003,0.04679188000000001,0.08154176999999996,0.03527235000000001,0.02504990000000007,0.01876116,0.15452484999999994,0.11896554000000004,-0.0033380599999999205,0.007874119999999984,0.17842681000000005,-0.012693320000000008,0.13883298,-0.003120899999999982,0.20065500000000003,-0.014780190000000026,0.10768860000000002,-0.07355456999999999,0.022808319999999993,-0.05076416,0.020991259999999956,0.17932116838502804,0.1541879842839032
0.035133285000000014,-0.31653631000000004,0.03870472500000005,-0.32671863,0.02970388500000004,-0.33692105000000006,0.023018605000000025,-0.33809772000000005,-0.014314174999999985,-0.35987017000000004,0.0065127650000000314,-0.28658555,-0.06629115499999999,-0.26734365000000004,0.05375492500000001,-0.20374659,-0.054424134999999985,-0.10998985000000006,0.08940958500000001,-0.17878470000000002,0.06056550500000002,-0.11092734999999998,0.02409351500000001,-0.009167400000000048,-0.024093514999999954,0.009167399999999937,0.02314806500000005,0.17501034999999998,-0.027121274999999945,0.21153,0.0059677350000000295,0.3164055499999999,-0.040558544999999946,0.31756534999999997,0.04724215999999998,0.08283896000000002,0.035654660000000005,0.024961889999999987,0.011867020000000006,0.1573538,0.11498964,-0.0009374999999999245,-0.0009454499999999588,0.18417775000000003,-0.01718033000000002,0.14139519999999994,-0.0030277599999999905,0.20236260000000006,-0.013437270000000001,0.10603534999999997,-0.07280392000000002,0.01924189999999998,-0.048187029999999964,0.018334799999999984,0.18175867918626304,0.14693501504040102
0.03671900500000003,-0.31500240500000004,0.03975336500000004,-0.32471997500000005,0.031970575,-0.33500182500000003,0.023003145000000003,-0.33629857500000004,-0.011462674999999978,-0.358334625,0.006394845000000038,-0.28680303500000004,-0.067027155,-0.26684981500000005,0.05144937500000002,-0.20397624500000006,-0.05908809500000001,-0.10782257500000003,0.08742316500000002,-0.17955541500000005,0.05683674500000002,-0.11159401499999999,0.024547975,-0.009688375000000082,-0.024547975,0.009688374999999971,0.028021045000000022,0.17323882499999999,-0.028618584999999974,0.21214442499999997,0.012778945000000042,0.31273776499999995,-0.03987579499999999,0.31766772499999996,0.04505452999999998,0.08282678999999998,0.035973790000000005,0.024420830000000004,0.007939059999999998,0.15902724000000001,0.11592484000000003,-0.0037714399999999593,0.0034730700000000225,0.18292720000000007,-0.01524209999999998,0.13949893999999996,-0.0040706099999999745,0.20245605,-0.011257210000000017,0.10552329999999999,-0.07342200000000004,0.019953219999999994,-0.04909595,0.019376750000000054,0.18113006596337805,0.1460578336604733
0.03959270499999995,-0.31196633500000004,0.042172514999999966,-0.32097369500000006,0.03575008499999999,-0.331558375,0.024199734999999944,-0.332556165,-0.006594635000000015,-0.355265335,0.006508584999999956,-0.285992055,-0.06488133500000004,-0.26506495500000005,0.051157834999999985,-0.20431691500000004,-0.06056166500000004,-0.10499209500000006,0.08648439499999994,-0.1780223350000001,0.055193384999999984,-0.11209607500000007,0.02385473499999996,-0.01010596500000005,-0.023854735000000016,0.010105964999999939,0.029060134999999987,0.171600765,-0.027331365000000052,0.21299916499999993,0.016611684999999987,0.30971896499999996,-0.038653585000000046,0.31960886499999996,0.04464925000000003,0.08167513999999998,0.03532655999999995,0.026294579999999956,0.004319669999999998,0.16007285999999998,0.11575505000000003,-0.00710398000000001,0.005205400000000027,0.18170673000000004,-0.01244845,0.13811819999999997,-0.003476630000000036,0.2028932,-0.011322219999999994,0.10660970000000003,-0.07138992,0.020927099999999976,-0.047709469999999976,0.02021192999999999,0.1792160194449495,0.14554017952337422
0.04267433999999998,-0.31092855499999994,0.045260069999999986,-0.3202362349999999,0.03859836999999999,-0.3306969349999999,0.027460470000000015,-0.3315327549999999,-0.0037579300000000204,-0.3538018149999999,0.009621749999999984,-0.2847613349999999,-0.06334867,-0.2631336749999999,0.05262834999999999,-0.20526271499999993,-0.06258060999999998,-0.10414665499999987,0.08656683999999998,-0.1762218149999999,0.054874429999999974,-0.11376445499999988,0.024539370000000005,-0.010423514999999939,-0.024539370000000005,0.01042351500000005,0.034239870000000006,0.1683875050000001,-0.026645059999999998,0.21049848500000012,0.02356516999999997,0.30544144500000003,-0.038900429999999986,0.3205546450000001,0.043006600000000006,0.07949861999999996,0.03393848999999999,0.029040900000000036,0.0007680600000000148,0.15898702000000003,0.11745503999999996,-0.00961780000000001,0.0097005,0.17881102000000004,-0.010674700000000037,0.13705393999999993,-0.0021056899999999934,0.20007497000000007,-0.012255369999999988,0.11005615999999996,-0.07297041999999998,0.021627659999999993,-0.04907874000000001,0.02084702999999999,0.1770211380527503,0.14740828851581203
0.043791124999999986,-0.30892254,0.046897034999999976,-0.31839044000000005,0.039920905000000007,-0.32897092000000006,0.029766724999999994,-0.32940368000000003,-0.001726614999999987,-0.35220463,0.010651154999999968,-0.2838763,-0.06222804500000001,-0.26167146,0.052222235000000006,-0.20426322000000002,-0.06241576500000001,-0.10215456,0.08587516499999998,-0.17636950000000007,0.05450211500000002,-0.11497210000000002,0.024996744999999987,-0.01099070000000002,-0.024996744999999987,0.010990699999999909,0.040744824999999985,0.16319459999999997,-0.02691374499999999,0.2098899999999999,0.03426705499999999,0.3006879,-0.03995673500000002,0.32184009999999996,0.04157108000000004,0.07961308,0.03365292999999997,0.027893719999999955,-0.00018772000000000233,0.15951690000000002,0.11691788000000003,-0.012817540000000016,0.015748079999999998,0.1741853,-0.006477769999999994,0.13749330000000004,-0.001917000000000002,0.1988993,-0.013042990000000032,0.11195010000000005,-0.07287919999999998,0.022204840000000003,-0.049993489999999974,0.02198139999999993,0.1762280610775038,0.148951991343317
0.046322715000000014,-0.30452962,0.049155065,-0.31402555,0.042429575,-0.3244244,0.03171551499999997,-0.3262883,0.0002995849999999911,-0.3486139,0.01166109500000001,-0.28223645,-0.060567965,-0.26068325,0.051246614999999995,-0.19828954999999998,-0.06313508499999998,-0.09973458999999996,0.084424475,-0.17386489000000005,0.052016954999999976,-0.11261270999999995,0.024911715,-0.011036649999999981,-0.024911715,0.011036649999999981,0.04102791499999997,0.16395815000000002,-0.027312484999999997,0.21299119,0.036487745000000016,0.30365719,-0.04030485500000003,0.32501985,0.039585519999999985,0.08394690000000005,0.03317786,0.02442465999999993,-0.0025671199999999783,0.16094866000000002,0.11515203999999996,-0.012878119999999993,0.01611619999999997,0.1749948,-0.0045401699999999545,0.13969904,-0.0024007699999999965,0.20195454000000002,-0.01299237000000003,0.11202866,-0.07222906000000001,0.02155320000000005,-0.04982343,0.022073299999999962,0.17336321508415567,0.14562686735756722
0.04893422000000003,-0.30395490500000005,0.05191824000000006,-0.31299333500000004,0.04555200000000004,-0.3238430050000001,0.03417706000000004,-0.32492977500000003,0.004415630000000059,-0.3484112650000001,0.012919070000000032,-0.28212437500000004,-0.057508829999999955,-0.26172769500000004,0.051303120000000035,-0.19741589500000006,-0.060858639999999964,-0.09972239500000002,0.08514148000000005,-0.17485493500000004,0.05456397000000002,-0.11591943500000002,0.02427927000000002,-0.010661835000000064,-0.024279269999999964,0.010661834999999953,0.039588630000000014,0.165648515,-0.025340899999999944,0.213053465,0.03578126000000004,0.3036708149999999,-0.03868412999999998,0.32495736499999994,0.03838405,0.08470847999999997,0.03383836000000001,0.02256096000000002,-0.0033498100000000086,0.16200530000000002,0.11542260999999998,-0.016197039999999996,0.015309359999999994,0.17631035000000006,-0.0038073699999999766,0.13802229999999993,-0.00106162999999998,0.20239163000000004,-0.01334323000000004,0.11190389999999995,-0.07042789999999999,0.02039668,-0.04855853999999998,0.021323670000000017,0.17511020156945195,0.1491277117390007
0.051223819999999975,-0.30336136,0.054885539999999955,-0.31265360000000003,0.04813487999999999,-0.32373688000000006,0.037840159999999956,-0.32572990000000007,0.00712604,-0.35032520000000006,0.013885879999999962,-0.28282663,-0.056065520000000035,-0.26386786000000007,0.050691479999999955,-0.19721863000000006,-0.062186220000000014,-0.10254946000000009,0.08873287999999996,-0.17506580000000005,0.05476614999999996,-0.11668870000000009,0.024096549999999994,-0.010732500000000034,-0.024096549999999994,0.010732499999999923,0.04204040999999997,0.16388669999999994,-0.025891600000000015,0.21337583999999998,0.03863370999999999,0.3036327999999999,-0.03816172000000001,0.32401349999999995,0.036805599999999994,0.08560799999999996,0.0380414,0.022152830000000012,-0.006120699999999979,0.16131839999999997,0.11695236999999997,-0.014139239999999997,0.017943859999999978,0.17461919999999997,-0.0034066999999999847,0.13974609999999998,-0.0017950500000000202,0.20264334000000006,-0.012270119999999995,0.11063765999999997,-0.0699514,0.018958769999999958,-0.04819309999999999,0.021464999999999956,0.17658790628114626,0.14985155207981662
0.054632650000000005,-0.305869755,0.058491280000000034,-0.31517260500000005,0.051503259999999995,-0.32616355500000005,0.04156118000000003,-0.32819270500000003,0.010795200000000005,-0.352685405,0.015725900000000015,-0.285059775,-0.05287761000000002,-0.26737397500000004,0.04723991999999999,-0.197763605,-0.06209117999999997,-0.10583730499999999,0.08788472000000003,-0.18042522500000002,0.053520520000000016,-0.12081550500000005,0.023988979999999993,-0.010457755000000013,-0.023988979999999993,0.010457755000000013,0.04299258,0.16360979499999995,-0.02689098000000001,0.21284969499999995,0.03897219000000002,0.30079799499999993,-0.04109607999999998,0.32117319499999997,0.031514019999999976,0.08729617,0.040644800000000036,0.017338379999999987,-0.009213569999999949,0.16153667000000005,0.11561169999999998,-0.014978200000000053,0.01900360000000001,0.17406754999999996,-0.004020389999999985,0.13718819999999998,-0.0029020000000000157,0.20239193999999994,-0.01420509999999997,0.10832350000000002,-0.06860351000000003,0.017685799999999974,-0.047977959999999986,0.020915510000000026,0.18158085374936564,0.15244799566172595
0.05709474999999997,-0.30520533,0.060835749999999966,-0.31439848,0.05411815999999997,-0.32528415,0.043559129999999946,-0.32745325,0.013680099999999973,-0.35173255,0.01645504999999997,-0.28548855,-0.05030718000000001,-0.26829521,0.046380599999999994,-0.19649381999999999,-0.06222662000000001,-0.10654025,0.08858483999999994,-0.17974709,0.05225497999999995,-0.12239354999999996,0.023483699999999996,-0.01038395000000003,-0.023483700000000052,0.01038395000000003,0.04244997999999994,0.16057609000000006,-0.026672450000000014,0.20997438999999996,0.04328706999999998,0.30049155000000005,-0.040315180000000006,0.32152985,0.029925550000000023,0.08899473000000002,0.04220423999999995,0.016746729999999987,-0.011919440000000003,0.16175496,0.11448159999999996,-0.01585329999999996,0.018966279999999947,0.1709600400000001,0.0008370900000000403,0.13991546,-0.0031887499999999624,0.19959043999999992,-0.013642729999999992,0.11155546000000005,-0.06676222999999998,0.01719334,-0.04696740000000005,0.02076790000000006,0.18144429343453924,0.15286010648430282
0.06027589999999999,-0.30440297999999993,0.06409191000000003,-0.31370134999999993,0.05705385000000002,-0.3243128699999999,0.04702458999999998,-0.3265730499999999,0.01687442,-0.3502054499999999,0.019103480000000006,-0.2846035699999999,-0.047226449999999975,-0.26844468999999993,0.04515724999999998,-0.19420344999999994,-0.06270124999999999,-0.10708859999999998,0.09101662999999999,-0.17953774999999994,0.05159018999999998,-0.12275519999999995,0.023432850000000005,-0.010195349999999936,-0.023432850000000005,0.010195350000000047,0.04206248000000001,0.16033965000000006,-0.026947869999999985,0.20991340000000003,0.04379434999999998,0.30073115000000006,-0.041151649999999984,0.32249495000000006,0.026053769999999976,0.09040011999999997,0.045859380000000005,0.014665700000000004,-0.01547480000000001,0.16135608999999995,0.11429143999999997,-0.015666599999999975,0.018629630000000008,0.170535,0.0017318699999999687,0.1403915,-0.00351501999999998,0.19971804999999998,-0.01420378,0.11258155000000003,-0.06632992999999998,0.016158879999999987,-0.04686570000000001,0.020390699999999984,0.18233051241316797,0.15265747697425142
0.06502553999999999,-0.30442041,0.06822693000000002,-0.31307679,0.06282848000000002,-0.32387952999999997,0.04944092,-0.3263449,0.023539980000000016,-0.35055123,0.019984210000000002,-0.28588002999999995,-0.04394144,-0.27022432999999996,0.044013440000000015,-0.19507131,-0.06296265000000001,-0.10898392999999995,0.09320978000000002,-0.1812165,0.050481350000000036,-0.12553163,0.02248507999999999,-0.010340569999999993,-0.02248507999999999,0.010340569999999993,0.042524280000000025,0.15813657000000003,-0.025481639999999972,0.20960314000000002,0.04351225000000003,0.29804850000000005,-0.036965760000000014,0.32158107,0.024029230000000013,0.09080871999999995,0.049196340000000005,0.013854809999999995,-0.01902121000000001,0.1612404,0.11344400000000004,-0.016547700000000054,0.020039200000000035,0.16847714000000003,0.0009879700000000047,0.13991193000000002,-0.0029965599999999815,0.19926257000000003,-0.011484120000000042,0.11197793,-0.06392565,0.015655699999999995,-0.04497015999999998,0.020681139999999987,0.18493395211116564,0.1542250130159985
0.06838922000000003,-0.301335735,0.07215975000000002,-0.309360855,0.0670114,-0.321238205,0.05346057999999998,-0.321939965,0.0287983,-0.349053165,0.02183358000000002,-0.28296703500000003,-0.04107053999999999,-0.269954635,0.047734659999999984,-0.192304535,-0.06276672,-0.10777953500000004,0.09879382000000003,-0.180435935,0.05061633999999998,-0.12427013500000006,0.021994899999999984,-0.009906665000000037,-0.021994899999999984,0.009906665000000037,0.042798859999999994,0.15469336499999997,-0.023740299999999992,0.206238135,0.04621010000000003,0.297770565,-0.03661804000000002,0.322808365,0.025901079999999965,0.09066250000000003,0.05105916000000005,0.011868600000000007,-0.02169618000000001,0.16217509999999996,0.11338305999999998,-0.016490600000000022,0.02080396000000001,0.16460003,0.0034112400000000376,0.14307720000000002,-0.001745400000000008,0.19633146999999995,-0.012877740000000026,0.11657023,-0.06290412000000001,0.013012400000000035,-0.04398979999999997,0.019813330000000073,0.18702488080439802,0.152564104010667
0.07149457000000004,-0.30193380999999997,0.07443686000000005,-0.30939825,0.07071691000000002,-0.32148229,0.05486121000000005,-0.3217813,0.03340890000000002,-0.34955580999999997,0.026325030000000027,-0.2812552,-0.03968468999999997,-0.27307849,0.05754073000000004,-0.18846743,-0.06450846999999998,-0.11310885000000004,0.10897283000000002,-0.17988951999999997,0.05082201000000003,-0.12394221999999999,0.022736530000000033,-0.008891050000000011,-0.022736529999999977,0.008891050000000011,0.042954760000000036,0.15313785000000002,-0.02339408999999998,0.20242285000000004,0.045467250000000015,0.29695515000000006,-0.036073569999999944,0.32180975,0.031215700000000013,0.09278776999999999,0.05143209999999998,0.008577910000000022,-0.024823780000000017,0.15996963999999997,0.11533048000000001,-0.010833369999999953,0.020218230000000004,0.16202890000000003,0.0025124899999999784,0.14381730000000004,-0.0006575600000000015,0.19353180000000003,-0.012679479999999965,0.11938689999999996,-0.06600972,0.008176709999999976,-0.04547306000000001,0.017782100000000023,0.19151286165694167,0.15184049665956872
0.07493060000000001,-0.30129507000000005,0.07776974000000003,-0.30861891,0.07446034000000001,-0.32071763000000003,0.05793669000000001,-0.32122471,0.03797286,-0.34907895000000005,0.028438940000000024,-0.28140841000000005,-0.036343709999999974,-0.2743379100000001,0.05782999,-0.18858433000000008,-0.06576209,-0.11485051000000002,0.11184563000000003,-0.17909059000000005,0.050793860000000024,-0.12195441000000007,0.022315640000000025,-0.008766650000000098,-0.02231563999999997,0.008766649999999987,0.043520439999999994,0.15156155999999998,-0.022477159999999996,0.20118861999999993,0.04764642000000002,0.29529719,-0.03626011000000001,0.32195138999999995,0.029391049999999974,0.09282407999999998,0.05401564000000003,0.009493740000000028,-0.02941838000000002,0.15948740000000006,0.11655595000000002,-0.007103900000000052,0.021204799999999968,0.16032821000000008,0.004125980000000029,0.14373563,-0.0001615200000000261,0.19242196999999994,-0.013782950000000016,0.12076277000000002,-0.06478265,0.00707049999999998,-0.044631279999999995,0.017533300000000085,0.1924210582200495,0.1497764818580461
0.07731292000000001,-0.3023010300000001,0.07993123000000002,-0.3101644300000001,0.07657446000000001,-0.32179973000000006,0.059877899999999984,-0.32345612000000007,0.03987020000000002,-0.3501658000000001,0.02941569999999999,-0.2816654500000001,-0.034067179999999975,-0.27577920000000006,0.05525066000000001,-0.18657440000000008,-0.06849801,-0.11748700000000012,0.10940246000000003,-0.17997942000000006,0.047103530000000005,-0.12119310000000005,0.021783109999999994,-0.00844810000000007,-0.021783109999999994,0.008448099999999958,0.04237466000000001,0.1521610499999999,-0.022959079999999965,0.20037983999999998,0.04736953999999999,0.2954117599999999,-0.036388809999999994,0.3207363999999999,0.025834960000000018,0.09509105000000001,0.05415180000000003,0.006594980000000028,-0.03443083000000002,0.15829219999999994,0.11560154,-0.0037060999999999344,0.020591550000000014,0.16060914999999998,0.004994879999999979,0.14325071,-0.0011759699999999706,0.19193174000000002,-0.013429730000000029,0.12035655999999995,-0.06348287999999996,0.005886250000000037,-0.04356621999999999,0.016896200000000028,0.19261397725856996,0.14680670934235124
0.08079672499999996,-0.3016247100000001,0.083504825,-0.30950117000000005,0.07993362500000001,-0.32100624000000005,0.06372275499999996,-0.32200974000000004,0.04310235499999998,-0.34862870000000007,0.033165484999999995,-0.27942559000000006,-0.031723325000000024,-0.27521657000000005,0.05991998500000001,-0.1867639100000001,-0.06897199500000001,-0.12119332000000005,0.11797854499999999,-0.17556283000000006,0.046221104999999985,-0.1195474700000001,0.022038104999999975,-0.008120870000000058,-0.02203810500000003,0.008120869999999947,0.042208104999999996,0.1474843899999999,-0.02165392500000002,0.19483022999999988,0.047785825000000004,0.29191882999999996,-0.035083325,0.32021042999999993,0.026754500000000014,0.09266167999999997,0.05805855999999998,0.01120108000000003,-0.037248669999999984,0.15402325,0.11519309999999999,0.0016458499999999487,0.02017000000000002,0.15560525999999997,0.005577720000000008,0.14443444000000005,0.00038418000000001173,0.18670935999999994,-0.01342939999999998,0.12538020000000005,-0.06488881000000002,0.004209020000000008,-0.044076210000000005,0.016241740000000005,0.19298025286550746,0.14477059365831071
0.08134022000000002,-0.2972261500000001,0.08405667,-0.30432853000000004,0.08119809,-0.31632738000000005,0.06378400000000001,-0.31764640000000005,0.04543419999999998,-0.34551479000000007,0.03109498999999999,-0.27891196000000007,-0.030135520000000027,-0.2760550300000001,0.052584450000000005,-0.18305553000000008,-0.07000849000000003,-0.12135263000000007,0.11625447,-0.16703223000000011,0.045717379999999974,-0.11645268000000009,0.02091824999999997,-0.008166030000000046,-0.020918250000000027,0.008166029999999935,0.04033692999999999,0.14755806999999999,-0.021877289999999994,0.1971243199999999,0.046420850000000013,0.28961094,-0.03535795000000003,0.32236946999999994,0.021489460000000016,0.09585642999999999,0.06367002,0.016023299999999963,-0.03987297000000001,0.15470240000000002,0.11572587000000001,0.004899949999999986,0.01941868000000002,0.15572410000000003,0.00608392000000002,0.14205287,-0.0009590399999999666,0.18895828999999997,-0.013480660000000033,0.12524515000000003,-0.061230510000000016,0.0028569299999999798,-0.0418365,0.01633205999999998,0.1852767237035684,0.14131571061832088
0.08352780000000004,-0.296064995,0.08702731000000002,-0.302837335,0.08369696000000004,-0.315493635,0.06770208000000005,-0.315324875,0.04885523000000003,-0.345164295,0.034340130000000024,-0.276669615,-0.027761189999999936,-0.277067745,0.05716985000000002,-0.178270455,-0.06918793999999995,-0.12323924499999994,0.11777037000000007,-0.16061523499999997,0.04440120000000003,-0.11866237499999999,0.021249530000000016,-0.007330025000000018,-0.02124952999999996,0.007330025000000018,0.03933593000000002,0.14816362500000002,-0.021939969999999975,0.19589002499999997,0.04857847000000004,0.289455625,-0.037161469999999974,0.322123025,0.022829719999999998,0.09839915999999999,0.06060052000000005,0.017655220000000027,-0.04142675000000001,0.15382850000000003,0.11358913999999998,0.004576869999999955,0.018086400000000002,0.15549365000000004,0.009242540000000021,0.14129199999999997,-0.0006904400000000144,0.18855999999999995,-0.015221499999999999,0.12623300000000004,-0.06210131999999996,-0.00039812999999999654,-0.04249905999999998,0.014660050000000036,0.1811425630796078,0.14207076830682974
0.08726418499999994,-0.2955754099999999,0.09078034499999993,-0.3024245299999999,0.08753216499999994,-0.31501087999999994,0.07121968499999992,-0.3152694099999999,0.05267370499999996,-0.3449363999999999,0.03605267499999992,-0.27652278999999996,-0.023660395000000056,-0.27730369999999993,0.05714795499999997,-0.17718972999999993,-0.06412693500000005,-0.1250228899999999,0.11933878499999995,-0.15779352999999996,0.047445184999999945,-0.11952542999999993,0.02059495499999997,-0.007246129999999962,-0.020594955000000026,0.007246130000000073,0.04112798499999992,0.14589517000000007,-0.019978435000000072,0.19445324000000008,0.049895164999999964,0.2872541700000001,-0.03555637500000003,0.32234877000000006,0.02109528000000005,0.09933306000000003,0.062190829999999975,0.019396199999999975,-0.040466539999999995,0.15228081000000004,0.11157212,0.005497459999999954,0.020533029999999952,0.15314130000000004,0.008767180000000041,0.141359,0.0006165199999999538,0.18720711,-0.015577939999999957,0.12789552999999998,-0.05971306999999998,-0.000780909999999968,-0.041189909999999996,0.014492260000000035,0.18004128307093598,0.14387664534612
0.088097645,-0.2914655200000001,0.09195144499999997,-0.2984022800000001,0.08830346499999997,-0.3105769000000001,0.072841865,-0.3117185800000001,0.05411641499999997,-0.3405052000000001,0.037470594999999995,-0.2753689500000001,-0.021324955000000034,-0.27517023000000007,0.055151245000000015,-0.1748096300000001,-0.05997248500000002,-0.12337485000000015,0.11774538499999998,-0.15362110000000007,0.04959319499999998,-0.11967490000000014,0.020583075000000006,-0.007198600000000055,-0.020583075000000006,0.007198599999999944,0.04035734499999999,0.1489428599999999,-0.020890195,0.19729219999999992,0.05035020499999998,0.29067113999999994,-0.03437045500000002,0.3256756999999999,0.01768065000000002,0.10055932000000001,0.06259413999999996,0.02118853000000004,-0.038647529999999986,0.15179537999999992,0.10956568,0.0036999500000000074,0.019774269999999983,0.15614145999999995,0.009992859999999992,0.14172828000000004,-0.00030711999999999406,0.19009359999999997,-0.013480260000000022,0.12838349999999998,-0.05879555000000003,0.00019872000000004109,-0.04116615000000001,0.014397199999999999,0.17572724032086232,0.14498825426000175
0.08912330500000004,-0.2909640050000001,0.092518035,-0.2975420450000001,0.08955769499999999,-0.3099608650000001,0.072633055,-0.30982318500000006,0.055837534999999994,-0.3390014150000001,0.03990103500000003,-0.27322122500000007,-0.020139734999999992,-0.27485424500000005,0.060300615,-0.17187541500000003,-0.052232544999999964,-0.1251328450000001,0.12006779500000003,-0.15357714500000008,0.05516313500000003,-0.12300330500000012,0.02131196499999999,-0.006484985000000054,-0.02131196499999999,0.006484984999999943,0.04092305500000004,0.14954620499999993,-0.021758465000000005,0.19608695499999995,0.04982297499999999,0.29098099499999996,-0.032940904999999965,0.3254276549999999,0.020399579999999973,0.10134581000000004,0.05976718000000003,0.01829826999999995,-0.03209280999999997,0.14972139999999995,0.10739568,0.0021295399999999853,0.019611090000000053,0.15603119,0.00889991999999995,0.14143479000000003,-0.00044650000000001633,0.18960197,-0.01118243999999996,0.12934069999999998,-0.06004077000000002,-0.001633019999999985,-0.04262392999999998,0.012969969999999997,0.17716889538644903,0.15038503305560072
0.089874065,-0.283046815,0.094086795,-0.28976181500000003,0.09085049499999998,-0.302334905,0.07475236499999999,-0.300165395,0.057432205000000014,-0.330843005,0.04127362499999998,-0.262747085,-0.01786378500000002,-0.266941405,0.06712254499999998,-0.16148983500000003,-0.044278835000000016,-0.12198249500000002,0.121247045,-0.14769703499999998,0.064163945,-0.11829236500000007,0.020627434999999972,-0.005521864999999959,-0.020627435000000027,0.005521864999999959,0.046113214999999985,0.15084996500000003,-0.021153664999999988,0.19123686500000003,0.05007463499999998,0.299818005,-0.02466157499999999,0.32837836499999995,0.025848919999999997,0.10125724999999997,0.05412450000000002,0.01379280000000005,-0.026415049999999995,0.14495891,0.10844278000000002,0.003690129999999958,0.025485780000000013,0.15637183,0.003961419999999993,0.14896803999999997,-0.0005262299999999609,0.18571500000000007,-0.003507910000000003,0.13714149999999992,-0.05913741,-0.004194320000000029,-0.04125487,0.011043729999999918,0.17417831346376336,0.15006512477187134
0.090433565,-0.28285678000000003,0.094747215,-0.2897891,0.09164044500000001,-0.302397,0.07543561500000001,-0.30062188,0.058837324999999996,-0.33142792000000004,0.041802585,-0.26330043000000003,-0.015253685000000017,-0.26762818000000005,0.06849599500000003,-0.1623487,-0.037537834999999964,-0.12502025000000005,0.12267589500000003,-0.14762050999999998,0.06577703499999998,-0.12132145000000005,0.020190684999999986,-0.005226350000000046,-0.020190684999999986,0.005226349999999935,0.047117465000000025,0.15014795000000003,-0.021958405000000014,0.19067844999999994,0.05099031500000001,0.29793994999999995,-0.024571204999999985,0.32621605,0.02669341000000003,0.10095173000000002,0.0541799,0.01472819000000003,-0.022284149999999947,0.14260793,0.10331486999999995,0.003698800000000002,0.02692678000000004,0.15537430000000008,0.0038728499999999833,0.14779199999999992,-0.0017677200000000282,0.1854521,-0.0026127999999999707,0.13553760000000004,-0.05705627000000002,-0.004327750000000019,-0.04038136999999997,0.010452699999999981,0.17544034618881055,0.15298625613707392
0.09076327999999995,-0.2878507500000001,0.09409457999999998,-0.29376192000000007,0.09184858999999995,-0.30732827000000007,0.07325884999999999,-0.3046583300000001,0.05840284999999995,-0.3363574800000001,0.04124752999999998,-0.26920525000000006,-0.01577537000000001,-0.27419681000000007,0.06491277999999995,-0.16586918000000006,-0.030223650000000046,-0.12792943000000012,0.12170660999999999,-0.1511974100000001,0.06356576999999997,-0.12291988000000009,0.021333149999999967,-0.005238220000000071,-0.021333150000000023,0.00523821999999996,0.04313904999999996,0.15158421999999994,-0.022709650000000026,0.19920161999999986,0.04946554999999997,0.2941999599999999,-0.03334411000000004,0.3281821199999999,0.02366524999999997,0.10333607,0.056793830000000045,0.014671769999999973,-0.014448280000000036,0.14626737999999995,0.09378942000000001,0.005009550000000029,0.02180589999999999,0.15682244,0.006326500000000013,0.14261574,-0.0013765000000000027,0.1939633999999999,-0.010634460000000012,0.12898050000000005,-0.05702289999999999,-0.004991560000000006,-0.04266629999999999,0.010476440000000031,0.17714095127278648,0.1537280885615131
0.09276699000000005,-0.28692695,0.09589633000000003,-0.29306277000000003,0.09337259000000003,-0.30628326,0.07507107000000002,-0.30350428,0.05993309000000002,-0.33421953000000004,0.04467201000000004,-0.26734727,-0.014347909999999964,-0.27378356000000004,0.06624761000000001,-0.16190063,-0.028379709999999947,-0.12870953000000007,0.12273255000000005,-0.14919063,0.06731644000000003,-0.12336926999999998,0.022204910000000022,-0.004858670000000065,-0.022204909999999967,0.004858669999999954,0.04443179000000003,0.15289116999999997,-0.021980379999999966,0.19880726999999998,0.04978829000000001,0.29560787,-0.032210979999999945,0.32977396999999997,0.021575599999999973,0.10544664000000004,0.05648494000000004,0.012709999999999999,-0.014031799999999983,0.14507402999999996,0.09569614999999998,0.005340260000000097,0.022226880000000004,0.15774984000000003,0.005356499999999986,0.14271670000000003,0.00022453000000000056,0.19394860000000003,-0.010230599999999979,0.1309667,-0.059019920000000003,-0.006436290000000011,-0.04440981999999999,0.009717340000000019,0.17589065092099462,0.15638566655057004
0.09476032000000001,-0.2888176249999999,0.09823134,-0.29496014499999995,0.09525307999999999,-0.3082687049999999,0.07779184,-0.3049564449999999,0.062097879999999994,-0.3359707049999999,0.04620698000000001,-0.2677977449999999,-0.012437520000000035,-0.2762641249999999,0.06390946999999997,-0.1613126749999999,-0.029268380000000038,-0.13283667499999996,0.12161462,-0.14992759499999997,0.06654476999999998,-0.12545692499999994,0.022194920000000007,-0.004443974999999933,-0.022194920000000007,0.004443975000000044,0.044230939999999996,0.1528393750000001,-0.021964640000000035,0.19765212500000007,0.04906573999999997,0.2950068750000001,-0.03352088000000003,0.32803317500000007,0.01770248999999996,0.10648507000000001,0.05770515000000004,0.011385079999999936,-0.016830860000000003,0.14342744999999996,0.09581315000000001,0.007379750000000018,0.02203601999999999,0.15728335000000004,0.0048347999999999725,0.1421675,0.00023027999999997162,0.19320815000000002,-0.011556239999999995,0.13038105,-0.058644500000000044,-0.008466379999999996,-0.044389840000000014,0.008887949999999978,0.1762094220988038,0.157318073984225
0.09624961500000001,-0.28651748000000005,0.10016433500000005,-0.2923618800000001,0.09713073500000002,-0.30585224000000005,0.08057083500000006,-0.30228872000000007,0.06541749500000005,-0.33419375000000007,0.04903513500000006,-0.2650967800000001,-0.011171334999999949,-0.27626876000000006,0.06531897500000006,-0.15843558000000002,-0.034689484999999964,-0.13488931000000004,0.12345197500000005,-0.14604738000000006,0.06178510500000006,-0.12610558000000005,0.022413015000000036,-0.003975220000000057,-0.02241301499999998,0.003975219999999946,0.04460078500000003,0.15455977999999992,-0.021313814999999958,0.1977807199999999,0.04957288500000001,0.29660462,-0.03271534499999995,0.32913671999999994,0.016283839999999994,0.10666120000000007,0.05813299999999999,0.01238819999999996,-0.023518150000000015,0.14137945000000002,0.09647459000000003,0.00878372999999999,0.022187769999999996,0.15853499999999998,0.004972099999999979,0.14204484000000006,0.0010992000000000224,0.19380549999999996,-0.011401529999999993,0.13135600000000003,-0.06020647000000001,-0.01117197999999997,-0.04482603000000002,0.007950440000000003,0.17433694411956177,0.15495269581447882
0.09901238000000001,-0.281715045,0.10185913000000002,-0.287930215,0.09980691000000003,-0.300588055,0.08072973,-0.298329215,0.06834630000000003,-0.327273015,0.050795650000000026,-0.260584785,-0.007566030000000001,-0.270320615,0.06749474999999999,-0.15499548500000004,-0.03292381,-0.135630645,0.12822218000000002,-0.135539215,0.06382464999999998,-0.12443886500000001,0.021776450000000003,-0.004477814999999996,-0.021776450000000003,0.004477814999999996,0.045851750000000024,0.154658635,-0.019649950000000027,0.20293688499999996,0.048316729999999974,0.29319418499999994,-0.03601654999999998,0.332683285,0.016699099999999967,0.10558929999999994,0.06072743000000003,0.019456270000000053,-0.025357779999999996,0.13468997,0.09674845999999998,0.011191779999999985,0.02407530000000002,0.15913644999999998,0.00246497999999995,0.13853554999999995,0.0021264999999999756,0.19845906999999996,-0.016366599999999953,0.12974640000000004,-0.05836168000000003,-0.009735830000000001,-0.043552900000000005,0.008955629999999992,0.16884248282109837,0.15474837221577614
0.10311158999999998,-0.28318594,0.10812968,-0.29072848,0.10273480000000001,-0.30500875000000005,0.08908367,-0.29984108000000004,0.06896773,-0.33248528000000005,0.055999010000000016,-0.25998522,-0.010340779999999994,-0.27271162000000004,0.06150061000000001,-0.14732413,-0.038010900000000014,-0.13618324000000004,0.11434322000000002,-0.13444493000000002,0.061339319999999975,-0.13229821000000008,0.025373219999999974,-0.004221719999999984,-0.025373219999999974,0.004221719999999984,0.04470415,0.16002901999999997,-0.017232850000000022,0.20275611999999998,0.054401809999999995,0.29740382,-0.03191244999999998,0.32882132,0.005501599999999995,0.11266109000000002,0.05284261000000001,0.01287919999999998,-0.02767012000000002,0.13652838,0.09935021999999999,0.003885029999999956,0.019330930000000024,0.16425073999999995,0.009697659999999997,0.13737480000000002,0.008140369999999952,0.1985344,-0.01467959999999996,0.1260652,-0.06633979000000001,-0.012726400000000027,-0.05074643999999995,0.008443439999999969,0.15771412531128629,0.1617305038650919
0.10232492500000001,-0.28661464,0.107709995,-0.29329439999999996,0.10215460500000001,-0.30744208,0.08982114499999999,-0.30047262999999996,0.06993820499999998,-0.3339621,0.054968285000000006,-0.25844152,-0.008836104999999983,-0.27585582,0.05790324499999999,-0.14698255999999998,-0.042912275,-0.14155764999999998,0.10306812500000001,-0.13612000000000002,0.05792014499999998,-0.1339787,0.023748775,-0.0031586999999999588,-0.023748775,0.00315870000000007,0.043783324999999984,0.1578522,-0.021851224999999974,0.20127516,0.05203582499999998,0.29368435000000004,-0.032482014999999975,0.3264346,0.0029349599999999865,0.11145896,0.04516488000000002,0.010862559999999966,-0.03407617000000002,0.13429817,0.10083241999999998,0.007578949999999973,0.020034549999999984,0.16101089999999996,0.008252499999999996,0.13583215000000004,0.0018975500000000256,0.19811645999999994,-0.010630790000000001,0.12515944,-0.06380438999999999,-0.017414299999999994,-0.04749755,0.0063174000000000285,0.1548233399139565,0.15961353004280815
0.10355637000000001,-0.28274318000000004,0.10874019000000001,-0.289369,0.10367130000000002,-0.30317716,0.09086727,-0.29703261000000003,0.07311474000000001,-0.32994228000000003,0.05716441,-0.25588088000000003,-0.006492149999999974,-0.27602063,0.05658502999999998,-0.13994083999999996,-0.04417955000000001,-0.14241418000000006,0.10055043000000002,-0.13561257999999998,0.05889173000000003,-0.13234838000000004,0.02381293000000001,-0.00271697999999998,-0.02381293000000001,0.00271697999999998,0.04395971999999998,0.15796191999999998,-0.021432930000000017,0.20161266999999994,0.05237351000000001,0.29382529,-0.03219844999999999,0.32798602,-0.0005793800000000182,0.11594004000000008,0.04396540000000004,0.004328259999999973,-0.03768740000000004,0.13360644999999993,0.10307128000000004,0.010065800000000014,0.02014678999999997,0.16067889999999996,0.008413790000000032,0.13586337000000004,0.0023799999999999932,0.19889568999999996,-0.010765519999999973,0.12637335000000005,-0.06365655999999997,-0.020139749999999956,-0.04762586000000002,0.00543395999999996,0.15345971590489146,0.158375226148679
0.10595283,-0.28055374,0.11026977999999998,-0.28752889,0.10583091,-0.30071165,0.0913929,-0.29551392,0.07448392999999998,-0.32684882,0.05884700999999998,-0.25331344,-0.005244460000000006,-0.2750064,0.058735729999999986,-0.13425018,-0.04494730000000002,-0.14435672,0.09969329999999998,-0.13473111999999998,0.05776475999999997,-0.13176272,0.024086300000000005,-0.0024971200000000193,-0.024086300000000005,0.0024971200000000193,0.04417968,0.15876517999999995,-0.021368500000000012,0.20368068000000006,0.05372926,0.29487394,-0.03383952000000001,0.32836418,-0.00011127999999999139,0.11906326,0.04095757,-0.00048093999999998527,-0.03970284000000002,0.13064968,0.10271206,0.012593999999999994,0.020093379999999994,0.16126229999999997,0.009549580000000002,0.13610876000000005,0.0027177999999999924,0.20118356000000004,-0.01247102,0.12468349999999995,-0.06409146999999998,-0.021692959999999983,-0.04817260000000001,0.004994240000000039,0.152322845315468,0.15724280797527498
0.10838769499999995,-0.27789272,0.11239976499999993,-0.28496246000000003,0.10844619499999997,-0.29793574,0.09297193499999995,-0.29317072,0.07745046499999997,-0.32403575,0.060203504999999935,-0.25104826,-0.0027667150000000307,-0.27414124,0.059262084999999964,-0.13020482,-0.045726015000000064,-0.14572765,0.09884228499999997,-0.13275662,0.05556236499999995,-0.13148042000000004,0.023687234999999973,-0.002221479999999998,-0.02368723500000003,0.002221479999999998,0.04379748499999997,0.15791047999999996,-0.020490005000000033,0.20290682999999998,0.05529411499999992,0.29494403,-0.032965375000000074,0.32891218,-0.0009414199999999706,0.12084344000000002,0.03958020000000001,-0.002551799999999993,-0.042959300000000034,0.12841359000000002,0.10128838000000001,0.014247229999999944,0.020110249999999996,0.16013195999999996,0.011496629999999952,0.13703355000000006,0.0031972299999999954,0.20068534999999998,-0.012475370000000041,0.12600535000000002,-0.06297021999999997,-0.023092979999999985,-0.04737447,0.004442959999999996,0.150624381543368,0.15542424895675064
0.11087265000000002,-0.27466313499999995,0.11505941000000003,-0.281533795,0.11112057000000003,-0.294788705,0.09558141000000003,-0.289382535,0.08070543000000002,-0.32091112499999996,0.06288561000000004,-0.249051205,-0.0010764399999999563,-0.27194039499999995,0.06153081000000005,-0.13037937499999996,-0.04362258999999996,-0.142557375,0.10235251000000001,-0.13188767499999998,0.06168165000000003,-0.12821023499999995,0.024067390000000022,-0.002219274999999965,-0.024067389999999966,0.002219275000000076,0.045100589999999996,0.159514225,-0.01935408999999999,0.20347268500000004,0.056870960000000026,0.295697525,-0.031015970000000004,0.33037252500000003,-0.0013547999999999893,0.11867183000000003,0.04082169999999996,-0.001508300000000018,-0.042546150000000005,0.12938301999999996,0.10530424,0.014347140000000036,0.021033199999999974,0.16173349999999997,0.01177037000000003,0.1361833,0.004713299999999976,0.20125340999999997,-0.011661880000000013,0.12689983999999999,-0.06396204999999999,-0.022889189999999948,-0.04813477999999999,0.004438550000000041,0.15146766642413953,0.15609213605996206
0.11230442000000002,-0.27310435,0.11652425,-0.27976725,0.11275583,-0.29326708,0.09693244000000001,-0.28811665,0.08247682,-0.32031067,0.06443468000000002,-0.24870582000000002,-0.0003310499999999994,-0.27294712,0.06385985,-0.12832524999999995,-0.04292627999999998,-0.14279235,0.10310185,-0.13185075000000002,0.06163708000000001,-0.12733278999999997,0.024337319999999996,-0.0018706499999999737,-0.024337319999999996,0.0018706499999999737,0.04538700000000001,0.15945107999999997,-0.018567769999999983,0.2022986,0.056988150000000015,0.29489131,-0.029472180000000014,0.32988085,-0.0005748300000000262,0.12038057000000008,0.039242,-0.0035255000000000702,-0.042595229999999984,0.13015476999999998,0.10456336,0.015459560000000039,0.021049680000000015,0.16132172999999994,0.011601150000000005,0.13544023000000005,0.005769550000000012,0.20042795000000002,-0.010904410000000031,0.12758225,-0.06476573000000002,-0.024241299999999966,-0.04867463999999999,0.0037412999999999474,0.15198249103804987,0.15519383481051555
0.11263517,-0.27152331500000004,0.11734507000000005,-0.27868648500000004,0.11256621,-0.2917974850000001,0.09871629000000004,-0.28844263500000006,0.08183009000000002,-0.31962906500000005,0.06573886000000001,-0.25120838500000003,-0.0005447499999999827,-0.2720188150000001,0.06266925000000001,-0.13235921500000003,-0.04291788999999996,-0.1403566850000001,0.10181073000000002,-0.13209431500000002,0.06187581000000003,-0.12616971500000007,0.024919210000000025,-0.002894315000000036,-0.02491920999999997,0.002894314999999925,0.04733598,0.15874808499999993,-0.01811950999999995,0.2068787849999999,0.05590683000000002,0.29218658499999994,-0.029116089999999983,0.33007148499999994,-0.0030696100000000004,0.11884917,0.039141480000000006,0.00026490000000001235,-0.042373139999999976,0.13166213,0.10479369999999999,0.014186970000000021,0.022416769999999975,0.16164239999999996,0.008570850000000019,0.13343850000000002,0.00679970000000002,0.20398446999999997,-0.010996580000000034,0.12319270000000004,-0.06628360999999999,-0.020810430000000046,-0.049838419999999994,0.005788629999999961,0.15034941252931583,0.15553423847063802
0.11388388500000002,-0.26761590499999993,0.11883443500000002,-0.27593155499999994,0.11401397499999999,-0.28938032499999994,0.099864485,-0.28665762499999997,0.08238451499999999,-0.3178153249999999,0.067378135,-0.24861912499999994,-0.0007879650000000016,-0.26708458499999993,0.06547069500000002,-0.12402132499999996,-0.039343505,-0.13547502499999997,0.11011523499999998,-0.11882482499999991,0.062102235000000006,-0.12590508499999997,0.026118784999999978,-0.0035964749999999324,-0.026118784999999978,0.0035964750000000434,0.049970954999999984,0.16044807500000002,-0.012138215000000008,0.20863727500000007,0.06067604500000001,0.2934852750000001,-0.02755358499999999,0.33177567500000005,-0.0019074399999999825,0.12459779999999998,0.044644539999999955,0.005196500000000048,-0.03855554,0.13160955999999996,0.10144574,0.009569939999999999,0.023852170000000006,0.16404454999999996,0.010705090000000028,0.13303720000000008,0.01398056999999997,0.20504080000000002,-0.015415369999999984,0.12313839999999998,-0.06816610000000001,-0.01846545999999999,-0.052237569999999955,0.007192949999999976,0.1425937455021257,0.15669589149774796
0.11061567999999994,-0.27168761,0.11616531999999996,-0.27919648,0.11046365999999996,-0.29212777,0.09868877999999998,-0.28895048,0.08015609999999995,-0.31987752,0.06356782999999999,-0.25317491000000003,-0.0021920200000000167,-0.26854195000000003,0.056034839999999975,-0.14073884999999997,-0.043443670000000045,-0.13414674999999998,0.09905553999999994,-0.13570375,0.06329217999999998,-0.12792170999999997,0.02487687999999999,-0.00416245000000004,-0.024876880000000046,0.00416245000000004,0.05178952999999997,0.15916034999999995,-0.018617800000000018,0.20919284999999999,0.057396509999999956,0.29208795,-0.02774199000000005,0.33025675,-0.007532990000000017,0.11243606000000006,0.04302069999999997,0.005035099999999959,-0.04125165000000003,0.13439520000000005,0.10673585000000002,0.006225040000000015,0.026912649999999982,0.1633228,0.005606979999999984,0.13292760000000003,0.006259080000000028,0.20503039999999995,-0.009124190000000032,0.1210639,-0.06575985000000001,-0.015367039999999998,-0.049753760000000036,0.00832490000000008,0.15101518865692148,0.15880808689795745
0.10886393500000002,-0.27535408999999994,0.11482157500000001,-0.28290629999999994,0.10872587500000003,-0.29626238999999993,0.09735421500000002,-0.29213494999999995,0.07831154500000004,-0.32404056999999997,0.05921573499999999,-0.25587773999999996,-0.003614124999999968,-0.26993492999999996,0.04591761500000002,-0.14442420999999994,-0.043055075,-0.13430083999999998,0.09221844500000004,-0.13756782999999995,0.06487949500000001,-0.13279176999999998,0.024069805,-0.00473332999999998,-0.024069805,0.004733330000000091,0.05356480499999999,0.1569816300000001,-0.018595684999999973,0.2088467300000001,0.05575717499999999,0.28811019000000004,-0.026942424999999992,0.32786303000000006,-0.013298119999999969,0.11145353000000002,0.046300830000000015,0.006856379999999995,-0.03944095000000003,0.13563408999999998,0.10793457000000001,0.0015090700000000012,0.029494999999999993,0.16171496000000007,0.002192369999999999,0.13112855999999995,0.005474120000000027,0.2041134,-0.00834674000000002,0.11901629999999996,-0.06282985999999996,-0.014057189999999997,-0.04813961,0.009466660000000071,0.14929581884332727,0.16378379376635535
0.10781194999999999,-0.27727064999999995,0.11384423999999999,-0.28484835,0.10736154999999997,-0.29892594999999994,0.09641169999999999,-0.29363491999999997,0.07514379999999998,-0.32724984999999995,0.05640174999999997,-0.25377928999999994,-0.00608603000000002,-0.27135606999999995,0.04307858999999997,-0.13823164999999993,-0.04408118,-0.13477514999999995,0.09219624999999998,-0.13708939999999992,0.06771849999999996,-0.13625924999999994,0.023861120000000013,-0.0042226499999999945,-0.023861120000000013,0.0042226500000001055,0.05356459999999996,0.1589559100000001,-0.018639400000000028,0.20880815000000008,0.055452520000000005,0.29081045000000005,-0.02724072999999999,0.32689235000000005,-0.01332316,0.11554764000000001,0.04911766000000001,0.0011422500000000113,-0.03799514999999998,0.13658092,0.11179967999999996,-0.0014840999999999882,0.02970347999999995,0.16317856000000008,0.001887920000000043,0.13185453999999996,0.005221719999999985,0.20458549999999998,-0.008601329999999963,0.11808419999999997,-0.06248777999999999,-0.017576780000000014,-0.04772224000000003,0.0084453000000001,0.14940971604176007,0.16769612704816533
0.10628180000000004,-0.28088145000000003,0.11275913000000004,-0.28895401000000004,0.10583617000000001,-0.30264812,0.09589859,-0.29793989000000004,0.07407485000000003,-0.33104765,0.05418389000000001,-0.2572529,-0.0050979399999999675,-0.27304869000000004,0.04586723000000004,-0.13783100000000004,-0.03962669999999996,-0.13325759000000004,0.10974066000000005,-0.13903662000000006,0.07230278000000001,-0.14366564999999998,0.022499250000000026,-0.00508995000000001,-0.02249924999999997,0.00508995000000001,0.05357971,0.15481064999999994,-0.01572536999999996,0.21121804999999994,0.05644967000000001,0.28623071999999994,-0.023226069999999988,0.32476995,-0.008316659999999976,0.11942189999999997,0.06387343000000001,-0.0012056200000000183,-0.03452875999999999,0.1397911,0.11192947999999997,-0.010408059999999941,0.031080459999999976,0.15990059999999995,0.0028699600000000047,0.13142007,0.00677388000000001,0.20612809999999993,-0.007500700000000027,0.11355190000000004,-0.05928182999999998,-0.015795790000000032,-0.0449985,0.01017990000000002,0.15985235069549966,0.17639629651293956
0.10200532000000001,-0.2834756750000001,0.10902164999999997,-0.29181630500000005,0.10172955,-0.30560822500000007,0.09304235,-0.3014917550000001,0.07130464999999997,-0.33482017500000005,0.050852149999999985,-0.2610128950000001,-0.006364950000000036,-0.27527459500000007,0.03795040999999999,-0.13864127500000012,-0.03925424999999999,-0.13217447500000012,0.09368688999999997,-0.14231734500000004,0.07487394999999997,-0.15133397500000012,0.02202691000000001,-0.0054576250000000215,-0.02202691000000001,0.0054576249999999105,0.054355370000000014,0.1539801249999999,-0.015842049999999996,0.21173562499999998,0.056082529999999964,0.284633885,-0.02354159,0.32302762499999993,-0.012901739999999995,0.12237161999999996,0.05573647999999998,-0.0036760699999999202,-0.032889299999999955,0.14310011999999994,0.11412819999999996,-0.019159499999999996,0.03232846,0.15943774999999993,0.0017271599999999498,0.13065376000000006,0.006184860000000014,0.20627800000000007,-0.007699540000000005,0.11129199999999995,-0.05721710000000002,-0.014261699999999988,-0.04405382000000002,0.010915249999999932,0.15448538989845867,0.18431869818143684
0.09812341999999996,-0.28908683,0.10481046,-0.29897765,0.09636363999999997,-0.31091095,0.08917417,-0.30969022,0.06446410999999996,-0.33830179,0.04874129999999999,-0.26632581,-0.008827699999999994,-0.27636555,0.03440862,-0.13679304999999997,-0.036405220000000016,-0.13074708999999995,0.08905669,-0.14650985000000005,0.07340611999999996,-0.15779434999999997,0.022567859999999995,-0.006217449999999958,-0.022567859999999995,0.006217449999999958,0.05450882000000001,0.15215539,-0.019546039999999987,0.21310341,0.05491893999999997,0.28501425,-0.02455349000000001,0.32196205,-0.014332679999999987,0.12953276000000002,0.05464806999999999,-0.009716800000000081,-0.027577520000000022,0.14561846000000006,0.10981133999999998,-0.027047260000000017,0.03194096000000002,0.15837283999999996,0.0004101199999999583,0.13285886000000002,0.0030218200000000084,0.20688596000000004,-0.005007450000000024,0.10885864,-0.05756899999999998,-0.01003974000000002,-0.04513571999999999,0.012434899999999915,0.1552505137271015,0.19002861725613954
0.09734223999999997,-0.29375785000000004,0.10260956999999998,-0.30417716000000006,0.09504788999999997,-0.31542318,0.08486238000000002,-0.31534957,0.06140893999999997,-0.34148317000000006,0.04623377000000001,-0.27082589,-0.009518630000000028,-0.27773928000000003,0.03708278999999998,-0.13750313000000003,-0.03109386000000003,-0.12950208000000007,0.08522923999999998,-0.14823069,0.07610729,-0.16366413000000002,0.02211436,-0.006544930000000004,-0.02211436,0.006544930000000004,0.05263963999999999,0.14959557,-0.019093220000000022,0.21062830999999993,0.05581166999999998,0.2826151,-0.023631060000000037,0.32065436999999997,-0.00915098000000003,0.13332275999999998,0.04814645000000001,-0.01072755999999997,-0.02157523,0.14823719999999996,0.10720115000000002,-0.034162049999999944,0.030525279999999988,0.15614050000000002,0.0031720299999999924,0.13301953,0.0030211399999999777,0.20408337999999993,-0.004537840000000015,0.11002606000000004,-0.055752400000000035,-0.006913390000000019,-0.04422872,0.013089860000000009,0.1551075196893819,0.19651619942082665
0.09524254999999998,-0.29990583,0.10002618000000002,-0.31001018999999996,0.09368244999999997,-0.32209357,0.08032735000000002,-0.32030841,0.05937264999999997,-0.34821983,0.03720821000000002,-0.27321025,-0.008112989999999987,-0.28068452,0.029084280000000018,-0.13698955000000002,-0.021857930000000025,-0.1310403,0.08899391000000001,-0.15142034999999998,0.08270745000000002,-0.17324717999999995,0.018700910000000015,-0.006303049999999977,-0.018700910000000015,0.006303049999999977,0.04968821000000001,0.15030750999999998,-0.018688040000000017,0.21016398999999997,0.05440684000000001,0.28347591000000005,-0.023171790000000025,0.31918285,-0.008123930000000001,0.13622069999999997,0.05990962999999999,-0.014430799999999966,-0.013744940000000039,0.14964422,0.10456538000000004,-0.04220687999999995,0.030987299999999995,0.15661055999999995,0.0047186300000000014,0.13316840000000008,1.286999999999816e-05,0.20386094,-0.0044837500000000086,0.10901886000000005,-0.045321200000000006,-0.007474270000000005,-0.03740182000000003,0.012606099999999953,0.1612455785697394,0.20620848811565073
0.09315777000000003,-0.30503954999999994,0.09809899000000005,-0.31478034999999993,0.09227282000000003,-0.32761446999999994,0.07799029000000002,-0.32385044999999996,0.05837835000000002,-0.3537227499999999,0.034348990000000024,-0.2741054699999999,-0.0063024499999999595,-0.2819445199999999,0.02791330000000003,-0.11735401999999995,-0.00896521999999994,-0.1329140499999999,0.07326078000000003,-0.0578875499999999,0.09035505000000005,-0.17920289999999994,0.01705325000000002,-0.005889749999999916,-0.017053249999999964,0.005889750000000027,0.04582882000000005,0.14677865000000012,-0.015320149999999977,0.2041738500000001,0.05353153000000005,0.28218945000000006,-0.01971560999999994,0.31919815000000007,-0.006435689999999994,0.15675144999999996,0.045347479999999996,0.05946647000000005,-0.002662769999999981,0.14903047000000003,0.09932026999999999,-0.04628885000000005,0.028775570000000028,0.15266840000000004,0.0077027100000000015,0.13541079999999994,0.0017330999999999874,0.19828410000000007,-0.004395459999999962,0.11502429999999997,-0.04065143999999998,-0.007839050000000014,-0.034106499999999984,0.011779499999999943,0.07657060554508432,0.21399960745971588
0.09324155499999998,-0.31115416999999995,0.09729661499999998,-0.32058469999999994,0.092685835,-0.33356146999999997,0.07472585500000001,-0.32900221999999996,0.058662345000000005,-0.3582256,0.030696644999999967,-0.28171936999999997,-0.004231164999999981,-0.28468893999999995,0.031675414999999985,-0.14594010999999996,0.0017793050000000088,-0.13744157,0.08380521499999999,-0.1279744399999999,0.09455470500000002,-0.18977920999999998,0.015378524999999976,-0.005915930000000014,-0.015378525000000032,0.005915930000000014,0.044270054999999975,0.14791543000000007,-0.014879564999999983,0.20053370000000004,0.05246482499999999,0.28778643000000004,-0.01713298499999999,0.31967343000000004,0.0009787700000000177,0.13577926,0.052129800000000004,0.017965670000000045,0.00601046999999999,0.14724736999999993,0.09277540000000001,-0.05233763999999996,0.02889153,0.15383136000000008,0.008194770000000018,0.13987099999999997,0.0004989600000000483,0.19461777000000002,-0.002253420000000006,0.11913973,-0.03492780999999995,-0.002969569999999977,-0.030757050000000008,0.011831860000000027,0.13993031039691214,0.22445913409316295
0.09292429499999999,-0.31675705499999995,0.09650510499999998,-0.32536461499999997,0.09329321499999998,-0.339027855,0.07322114499999999,-0.332952335,0.059806974999999984,-0.364433405,0.03218251499999997,-0.281909135,-0.003995125000000044,-0.289708035,0.031769035,-0.11847343499999996,0.011914304999999958,-0.14422953500000002,0.05625837499999997,-0.019536235000000013,0.101434735,-0.203730735,0.016055644999999952,-0.004589164999999951,-0.016055645000000007,0.004589165000000062,0.044708694999999965,0.150006325,-0.011663055000000033,0.19717696500000004,0.05041122499999995,0.29304590500000005,-0.014747745000000034,0.319996865,-0.0004134799999999661,0.16343570000000002,0.02448933999999997,0.09893719999999995,0.015909430000000002,0.14547849999999996,0.08952043000000004,-0.059501199999999976,0.028653050000000013,0.15459548999999995,0.0057025299999999834,0.14303958000000006,0.004392589999999974,0.19258779999999998,-0.003084690000000001,0.12281989999999998,-0.03617764000000001,-0.0077988999999999975,-0.03211128999999996,0.009178330000000012,0.04289142572866754,0.23916766112615315
0.08777619999999997,-0.31835869,0.09161540000000001,-0.32732628999999996,0.08683852999999997,-0.34079724,0.06923742999999999,-0.33380139,0.05285481999999997,-0.36405945,0.030796339999999978,-0.28241044,-0.005551729999999977,-0.28796845,0.044307929999999995,-0.14450688999999994,0.018687740000000008,-0.14560189,0.09151296999999997,-0.12511998999999996,0.1047919,-0.21831611,0.015597389999999989,-0.004217150000000003,-0.015597389999999989,0.004217150000000003,0.039261449999999976,0.15523651000000005,-0.011809269999999983,0.19710850999999996,0.03763484,0.29757798,-0.016958130000000016,0.32432461,0.013511590000000018,0.13790355000000004,0.047205039999999976,0.019386899999999985,0.024239469999999985,0.14236655999999998,0.08610415999999999,-0.07271422,0.023664059999999987,0.15945366000000005,-0.0016266099999999728,0.14234146999999997,0.003788120000000006,0.19289135999999996,-0.005148860000000033,0.12721610000000005,-0.036348069999999955,-0.005558010000000002,-0.031194779999999978,0.008434300000000006,0.14276089102692652,0.25301113207313963
0.088911515,-0.32003404,0.091386945,-0.3296709,0.08657324500000002,-0.3440305,0.06608776500000002,-0.33640437,0.05076436499999998,-0.36724172,0.030852144999999997,-0.28507624000000004,-0.008283395000000027,-0.28674795000000003,0.048585215000000015,-0.15205060000000004,0.027759715000000018,-0.14856630000000004,0.07940046499999998,-0.13159569999999998,0.10440704499999998,-0.23112137,0.017010525,-0.006041199999999969,-0.017010525,0.006041199999999969,0.036639615000000014,0.15399969999999996,-0.006806554999999992,0.19821654,0.025255364999999974,0.30153034999999995,-0.013344055000000021,0.3271883,0.017733070000000017,0.13302564,0.03081524999999996,0.020454900000000054,0.036043110000000045,0.13818165,0.07664732999999996,-0.08255506999999995,0.019629090000000016,0.16004089999999993,-0.01138425000000004,0.14753064999999999,0.010203970000000007,0.19217534000000003,-0.006537500000000029,0.12897176,-0.039135540000000024,-0.001671709999999993,-0.03402105,0.012082399999999938,0.14020141612499354,0.26643631680705576
0.08604032,-0.32288047,0.08758464999999999,-0.33197419999999994,0.08410588000000002,-0.34616559999999996,0.060868849999999974,-0.33933499999999994,0.048573880000000014,-0.3700712,0.028977069999999994,-0.28652959999999994,-0.009002600000000027,-0.29062249999999995,0.051893089999999975,-0.14085066000000002,0.03619026999999997,-0.15931963999999998,0.07377804999999998,-0.07213979999999998,0.11014742,-0.24413529999999994,0.016645369999999993,-0.005247699999999966,-0.016645369999999993,0.005247700000000077,0.03678152000000001,0.15784140000000002,-0.008058349999999992,0.1987143,0.017908749999999973,0.30914430000000004,-0.016835509999999998,0.32802010000000004,0.02291601999999998,0.14567893999999992,0.02188496000000001,0.06871086000000004,0.045192869999999996,0.13130285999999997,0.07395715000000003,-0.08481565999999996,0.02013615000000002,0.1630891,-0.01887277000000004,0.15130290000000002,0.00858702,0.19346659999999993,-0.008777160000000006,0.12930580000000003,-0.03797967000000002,-0.00409290000000001,-0.033290739999999985,0.010495400000000044,0.08796985942010138,0.279764708791127
0.07664052500000001,-0.3350496700000001,0.079152265,-0.3436995500000001,0.07430920499999999,-0.35674942000000004,0.054798884999999964,-0.34846783000000003,0.03633050500000001,-0.37728717000000006,0.02196029500000002,-0.28725727000000006,-0.012979975000000032,-0.29296813000000005,0.03635651499999998,-0.13254377000000006,0.039373524999999965,-0.1668167100000001,0.069253905,-0.04440260000000007,0.104173195,-0.25459969000000005,0.014819634999999998,-0.0032249700000001047,-0.014819634999999998,0.0032249699999999937,0.026911295000000002,0.17127978999999993,-0.015828955000000033,0.20344122999999992,-0.0022821050000000342,0.3155444799999999,-0.016954654999999985,0.32599442999999995,0.01439621999999996,0.1547135,0.032897390000000026,0.08814116999999999,0.0523535,0.12615141999999996,0.06479967000000003,-0.08778297999999995,0.012091660000000004,0.17450476000000004,-0.029193400000000036,0.14426468999999997,-0.0010093200000000357,0.20021625999999992,-0.0011256999999999517,0.12255320000000003,-0.03494027000000005,-0.005710859999999984,-0.029639269999999995,0.006449940000000098,0.06825457466609691,0.28395923808801243
0.07768433000000002,-0.334967035,0.0777409,-0.343158365,0.07647138000000003,-0.35732813500000005,0.048165700000000033,-0.347399675,0.042522980000000044,-0.37799227500000004,0.018077869999999996,-0.291377005,-0.008588099999999987,-0.292793185,0.049130549999999995,-0.16265669500000002,0.049212650000000024,-0.17398523500000002,0.06099842999999999,-0.10826973500000003,0.10591288000000004,-0.271743035,0.012031779999999992,-0.0047574950000000005,-0.012031779999999992,0.0047574950000000005,0.023059900000000022,0.16068211499999996,-0.009316959999999985,0.19880776499999997,-0.003930519999999993,0.309944165,-0.015014899999999998,0.328593465,0.03105268,0.12872031,0.011867879999999997,0.054386959999999984,0.05780075000000001,0.11880795,0.05670023000000002,-0.0977578,0.01102812000000003,0.16543960999999996,-0.026990420000000015,0.14926205000000003,0.0027148200000000067,0.19405026999999997,-0.0056979400000000124,0.1297857,-0.026665969999999983,-0.0014161799999999891,-0.024063559999999984,0.009514990000000001,0.11450989757239374,0.30060519941078284
0.07470998000000001,-0.330478435,0.07361707,-0.338461135,0.07396259999999999,-0.35258377500000004,0.04213481999999996,-0.340719315,0.041333609999999965,-0.37102485500000004,0.01084653999999996,-0.28538484500000005,-0.003943160000000001,-0.28626641500000005,0.06388998000000001,-0.18527331500000005,0.056412779999999996,-0.16444581500000005,0.09988141,-0.246242595,0.10751334000000001,-0.28316231500000005,0.007085559999999991,-0.004142385000000082,-0.007085559999999991,0.004142384999999971,0.011615509999999996,0.170255445,-0.004450090000000018,0.20636768500000002,-0.006249280000000024,0.3230092849999999,-0.012624210000000025,0.33754708499999997,0.05304344000000005,0.10011153,0.03599142999999999,-0.06096927999999996,0.06035594,0.1218206,0.05110056000000002,-0.1187165,0.004529950000000005,0.1743978300000001,-0.01786479000000002,0.15275383999999992,0.002635469999999973,0.20222530000000005,-0.008174120000000007,0.13117939999999995,-0.014789699999999961,-0.0008815699999999982,-0.014171119999999982,0.008284770000000052,0.25927510767381157,0.309316825477212
0.07225780000000004,-0.3359552,0.07056732000000004,-0.34324715000000006,0.07228138,-0.35614637000000005,0.03905012000000002,-0.3451772,0.03938274000000003,-0.37307576000000003,0.008388650000000053,-0.28498945000000003,-0.004021569999999974,-0.28817812000000004,0.06399123000000001,-0.18275500000000006,0.06093448000000001,-0.16460250000000004,0.10593663000000003,-0.25393102000000006,0.10899611000000003,-0.2833281,0.0054219200000000245,-0.002244899999999994,-0.005421919999999969,0.002244899999999994,0.0007189800000000357,0.1794888,-0.0056867199999999785,0.20514493999999994,-0.01639528999999995,0.33694696,-0.009912419999999977,0.33863889999999996,0.05560257999999996,0.10223444999999998,0.04194540000000002,-0.07117602,0.06495604999999999,0.12357562,0.04806163000000002,-0.11872559999999999,-0.004702939999999989,0.1817337,-0.017114269999999987,0.15745816,-0.00026480000000000947,0.20290003999999995,-0.004225699999999999,0.13349396000000002,-0.012410220000000027,-0.0031886700000000046,-0.010843839999999993,0.004489799999999988,0.2710149625519568,0.30764171355341413
0.06898334999999994,-0.33840857,0.06556605999999993,-0.34601744,0.06920164999999995,-0.35753294,0.03240740999999997,-0.34820493,0.03782190999999996,-0.37238207,0.0032540599999999476,-0.28369709,-0.0008103600000000655,-0.28386027,0.06257453999999996,-0.18268060000000003,0.06226220999999993,-0.15656652000000004,0.10304230999999997,-0.2699061,0.10407232999999994,-0.27311244,0.001878349999999973,-0.0028507300000000235,-0.0018783500000000286,0.0028507300000000235,-0.004311740000000064,0.17775467999999994,-0.001108990000000032,0.20680907999999998,-0.028634730000000053,0.33166893,-0.012523790000000035,0.34230063,0.05932048000000001,0.10101648999999996,0.040467770000000014,-0.08722549999999996,0.06307257,0.12729374999999998,0.041810120000000006,-0.11654591999999997,-0.006190090000000037,0.18060540999999997,-0.02432298999999999,0.15391425000000003,0.0007693599999999967,0.20395834999999995,-0.011414800000000003,0.13549155000000002,-0.004064420000000013,-0.00016318000000004051,-0.0037567000000000017,0.005701460000000047,0.28557436413081355,0.2956031423867333
0.06485990999999997,-0.33684084000000003,0.06151719,-0.34461504,0.06436166999999998,-0.35640865,0.02918584000000002,-0.34724185,0.03289361000000002,-0.37149256,0.0011500199999999738,-0.27760288,-0.004359329999999995,-0.27620023,0.03999132999999999,-0.13381200999999998,0.05853786999999999,-0.14364201,0.06838865,-0.09606230999999998,0.09818930999999997,-0.26191506,0.001958950000000015,-0.003979150000000042,-0.001958950000000015,0.003979150000000042,-0.002663059999999995,0.18271565999999995,-0.001181650000000034,0.21239849,-0.03904696000000002,0.32554399,-0.009833089999999989,0.34722829,0.03884131000000002,0.14379087000000002,0.028397320000000004,0.0377497,0.06289719999999999,0.13255822,0.03965143999999998,-0.11827304999999999,-0.00462201000000001,0.18669481,-0.036383900000000025,0.14282833000000006,0.0007772999999999808,0.20841933999999995,-0.008651439999999955,0.1348298,-0.0055093499999999684,0.0014026500000000053,-0.00391790000000003,0.007958300000000085,0.1135438831363257,0.2841292045752279
0.06205434999999998,-0.33565762999999993,0.05772467999999997,-0.3435395399999999,0.061358880000000005,-0.35428684999999993,0.024633479999999985,-0.34815224999999994,0.029231919999999967,-0.3692773999999999,-0.006285089999999993,-0.27735375999999995,-0.00469105000000003,-0.27311443999999996,0.018901,-0.1272562399999999,0.051867019999999986,-0.14115383999999997,0.054739099999999985,-0.06970209999999999,0.0983928,-0.25518562999999994,-0.0003429500000000085,-0.0051099399999999795,0.0003429500000000085,0.0051099400000000905,-0.004477100000000012,0.17798380000000003,-0.0030982999999999983,0.21113760000000004,-0.0411938,0.31468570000000007,-0.012716879999999986,0.35033080000000005,0.025186089999999994,0.15009752000000004,0.035838099999999984,0.05755413999999992,0.056558070000000016,0.13196059999999998,0.04652578000000002,-0.11403178999999997,-0.004134150000000003,0.18309374,-0.03671669999999999,0.13670190000000004,-0.003441250000000007,0.20602765999999995,-0.009618579999999988,0.13919320000000002,0.0015940399999999633,0.004239319999999991,0.000685900000000017,0.01021988000000007,0.08488921819446861,0.27815024150025003
0.05989045000000004,-0.336241995,0.05308253000000007,-0.345140075,0.059183570000000074,-0.354437295,0.016883140000000074,-0.349576295,0.027250890000000028,-0.366161295,-0.01499222999999994,-0.274753695,-0.0013724499999999695,-0.265754195,0.017663360000000072,-0.13456247499999996,0.048473360000000076,-0.12957787499999995,0.06965637000000008,-0.10283092500000002,0.09259331000000004,-0.232645875,-0.004835009999999973,-0.005989875000000033,0.0048350100000000285,0.005989875000000033,-0.007939159999999945,0.18171142500000004,-0.001508509999999963,0.21719368500000003,-0.03885125999999994,0.314116925,-0.01807990999999992,0.354442025,0.03265559000000001,0.14019122000000006,0.051993010000000006,0.03173154999999994,0.049845810000000046,0.13617632000000007,0.04411994999999996,-0.10306800000000005,-0.003104149999999972,0.18770130000000007,-0.030912099999999998,0.13240549999999995,-0.006343519999999991,0.21120381,-0.01657139999999996,0.13724833999999997,0.01361977999999997,0.008999499999999994,0.009670020000000001,0.011979750000000067,0.12217673534436459,0.2542607724304961
0.05391212000000001,-0.33538213000000006,0.046944299999999994,-0.34460810000000003,0.054295079999999996,-0.35418190000000005,0.010350799999999993,-0.35043060000000004,0.024215319999999985,-0.36760878,-0.023396199999999978,-0.2782755,-0.000807329999999995,-0.2667046,0.016710700000000023,-0.17654454000000003,0.04913042000000001,-0.12597180000000008,0.06582994999999997,-0.24846732000000005,0.08869401999999998,-0.22150110000000006,-0.007839839999999987,-0.005800499999999986,0.007839839999999987,0.005800499999999986,-0.01206839999999998,0.18615043999999992,-0.0022143299999999866,0.22193649999999998,-0.036840700000000004,0.32204073999999994,-0.01995184,0.35420209999999996,0.0401069,0.10173095999999998,0.04911924999999995,-0.07192278000000002,0.04993775,0.14073279999999994,0.03956359999999998,-0.09552929999999998,-0.004228559999999992,0.1919509399999999,-0.024772300000000025,0.13589030000000002,-0.010054169999999973,0.216136,-0.017737510000000012,0.13226559999999998,0.022588869999999983,0.011570899999999995,0.015679679999999974,0.011600999999999972,0.25360288540857834,0.2412538409767447
0.05342204500000003,-0.32975566,0.046279265000000014,-0.33990258,0.05341775500000001,-0.34875625,0.009818625000000025,-0.34628359999999997,0.02423204499999998,-0.36178914,-0.026180904999999977,-0.27399557999999996,0.004382745000000021,-0.26134765,0.01180060500000002,-0.16983944,0.05407822499999998,-0.11816490000000002,0.06242795499999998,-0.2392051,0.089519925,-0.21483396999999999,-0.010301575000000007,-0.0054225300000000365,0.010301575000000007,0.0054225300000000365,-0.01159344499999998,0.19377449999999996,0.0006469250000000204,0.22340804999999997,-0.03075562500000001,0.33537275,-0.019976274999999988,0.3588717,0.037981509999999996,0.10415613999999995,0.05062734999999996,-0.06936566,0.04969547999999996,0.14318274999999997,0.03544170000000002,-0.09666906999999997,-0.0012918699999999728,0.19919703,-0.01916218000000003,0.14159825000000004,-0.009654649999999987,0.21798551999999993,-0.020623200000000008,0.13546365000000005,0.030563649999999998,0.012647929999999974,0.020603150000000015,0.010845060000000073,0.24483438191934112,0.2340693759742451
0.05171505500000001,-0.33024449999999994,0.04309067500000002,-0.34180704999999995,0.05116158500000001,-0.34866574999999994,0.00519850500000002,-0.34802704999999995,0.024242575000000044,-0.35866520999999996,-0.028777004999999967,-0.27369020999999993,0.009534255000000047,-0.26046900999999995,0.008886275000000055,-0.1633822199999999,0.05642902500000002,-0.1171658499999999,0.06726965500000004,-0.23424824999999994,0.08732893500000005,-0.21359990999999995,-0.012659904999999971,-0.0049220499999999,0.012659905000000027,0.004922050000000011,-0.012905044999999948,0.1968654500000001,0.0014363550000000558,0.22056635000000002,-0.02379384499999998,0.34965005000000005,-0.018089644999999988,0.35918705000000006,0.03766328000000002,0.11030799000000002,0.058383379999999985,-0.07086603000000002,0.046894769999999975,0.14330316000000004,0.03089991000000003,-0.09643406000000004,-0.00024513999999997704,0.2017875,-0.010888800000000032,0.15278459999999994,-0.011223549999999971,0.2156443,-0.019526000000000043,0.13862070000000004,0.038311260000000014,0.013221199999999989,0.025319809999999998,0.009844099999999911,0.24285641965621088,0.23092706866753945
0.04857885500000003,-0.32608191500000006,0.03910946500000001,-0.33863754500000004,0.047784095000000026,-0.3445787250000001,0.0009031950000000233,-0.34387767500000005,0.023213995000000043,-0.3524355150000001,-0.03108560499999996,-0.2653778050000001,0.012465775000000012,-0.25409157500000007,0.006081915000000049,-0.15075994500000006,0.05908951500000004,-0.11436141500000008,0.06802144500000001,-0.21457957500000008,0.085052615,-0.20539863500000005,-0.014443274999999978,-0.004421125000000026,0.014443275000000033,0.004421124999999915,-0.00998880499999999,0.1979142249999999,0.0028244250000000193,0.21922502499999996,-0.020156905000000003,0.35485362499999995,-0.015311064999999957,0.36484502499999993,0.03716752000000001,0.11461786000000002,0.061939529999999965,-0.06381963000000002,0.046623740000000025,0.13973016,0.02596309999999996,-0.09103721999999997,0.004454469999999988,0.20233534999999991,-0.010168100000000013,0.15693940000000006,-0.011618850000000014,0.21480390000000005,-0.018135489999999976,0.14561999999999997,0.04355137999999997,0.011286230000000008,0.02888655000000001,0.00884224999999994,0.2257587299554126,0.2213820466562119
0.04433945,-0.32358617,0.03490352999999996,-0.33603958,0.04353747999999996,-0.34198735,-0.0025979899999999945,-0.34061945000000005,0.02053687999999998,-0.34916398000000004,-0.03239986,-0.26157758000000003,0.01130494999999998,-0.25125772,0.003645279999999973,-0.14584423000000002,0.05850445999999998,-0.11010490000000006,0.06118061999999996,-0.21368126000000004,0.08235228,-0.19984463000000002,-0.014476480000000014,-0.004234700000000036,0.014476479999999958,0.004234700000000036,-0.008781719999999993,0.19610324,0.004143960000000002,0.2172543,-0.020071360000000038,0.35201309999999997,-0.013842100000000024,0.3683432,0.036045139999999976,0.11573335000000001,0.05753533999999999,-0.06783703000000002,0.04719951,0.14115281999999996,0.02384782000000002,-0.08973972999999996,0.005694760000000021,0.20033794000000005,-0.011289640000000045,0.15590985999999996,-0.010332519999999956,0.21301959999999998,-0.017986060000000026,0.15108889999999997,0.04370480999999998,0.010319860000000014,0.028952959999999972,0.008469400000000071,0.22269229505360888,0.21507091193113245
0.04098228999999998,-0.31944729000000005,0.030363529999999972,-0.33206222,0.03985689999999997,-0.33739124000000004,-0.008082820000000046,-0.33457796,0.017827629999999983,-0.34102334,-0.034699930000000045,-0.25396932000000005,0.011832069999999972,-0.24196102000000003,0.00620246999999996,-0.14599122000000003,0.05986444999999996,-0.10713452000000001,0.056510669999999985,-0.21340568000000004,0.07833888,-0.19595338,-0.015731800000000018,-0.0046604199999999985,0.015731799999999962,0.0046604199999999985,-0.008676930000000027,0.19162597999999997,0.009487129999999955,0.21483401999999996,-0.01602282000000005,0.34416928,-0.007982030000000029,0.37687687999999997,0.040902400000000005,0.10797810000000002,0.050308200000000025,-0.06741446000000001,0.048032379999999986,0.13482650000000002,0.01847443000000004,-0.08881886,0.007054869999999991,0.19628639999999997,-0.007345890000000022,0.15254330000000005,-0.006244670000000008,0.21017359999999996,-0.017469159999999984,0.16204286,0.04653200000000002,0.012008300000000027,0.03146359999999998,0.009320839999999997,0.22089263918059496,0.2101559973366604
0.04229358,-0.31667727,0.030943720000000008,-0.32983967000000003,0.040673249999999994,-0.3343291,-0.00810816999999997,-0.33149823,0.01973577999999998,-0.33548608,-0.037760079999999974,-0.24937784000000002,0.018338469999999996,-0.23820522,-0.0003215099999999693,-0.13627112000000002,0.06238615000000003,-0.10877329999999996,0.06100282000000001,-0.18992698000000002,0.08068955,-0.19062826,-0.01898769,-0.005283700000000002,0.01898769,0.005283700000000002,-0.006063050000000014,0.18037709999999996,0.018989250000000013,0.20998377000000001,-0.008676289999999975,0.32817346000000003,-0.0020198499999999897,0.37740569999999996,0.037438570000000004,0.11310672,0.06132432999999998,-0.05365586,0.044047680000000033,0.12943192000000003,0.01830339999999997,-0.08185496000000003,0.012924639999999987,0.18566079999999996,-0.002613239999999961,0.14779636000000007,1.5600000000115521e-06,0.20470007,-0.021009100000000003,0.16742192999999994,0.05609854999999997,0.011172620000000022,0.03797538,0.010567400000000005,0.2012253029298714,0.20539867477299165
0.039337089999999963,-0.321802555,0.02699322999999998,-0.33533430499999994,0.036941749999999995,-0.338941275,-0.013217400000000046,-0.335045905,0.016914229999999975,-0.33599069499999995,-0.04289587,-0.251632035,0.020013859999999994,-0.23777112499999997,-0.007339310000000043,-0.14009109499999994,0.06131635999999996,-0.11305210499999996,0.05805522999999996,-0.18590149499999997,0.07808194999999996,-0.19379545499999995,-0.02155573000000005,-0.006625384999999984,0.021555729999999995,0.006625384999999984,-0.006618690000000038,0.16709504500000005,0.029585769999999956,0.20449200499999998,-0.0065430200000000105,0.309444645,0.0061730599999999525,0.37574144500000006,0.03555655999999996,0.11154094000000003,0.06539454,-0.04581040000000003,0.041302499999999964,0.12471902000000001,0.016765589999999997,-0.08074334999999999,0.014937040000000013,0.17372043000000004,7.567000000002766e-05,0.14234959999999997,0.00803003999999996,0.19786662,-0.023412710000000003,0.17124944000000009,0.06290973,0.013860910000000004,0.043111460000000046,0.013250769999999967,0.19615766252903225,0.20823958954481728
0.037560340000000025,-0.3136626,0.02430690000000002,-0.3272506,0.034622980000000025,-0.33076433,-0.016486310000000004,-0.32702447,0.014915720000000021,-0.32689242,-0.046110860000000004,-0.24341456,0.02312464000000003,-0.23025810000000002,-0.008661619999999981,-0.13846005,0.062201039999999985,-0.11128886000000004,0.055063589999999996,-0.19056676,0.07047258,-0.18745057000000004,-0.02423246000000001,-0.006842299999999968,0.02423246000000001,0.006842299999999968,-0.006045259999999997,0.16103559999999995,0.03976795999999999,0.20112953999999994,-0.00499092000000001,0.3000326,0.015046520000000008,0.37556389999999995,0.03744924000000002,0.10495451,0.06372520999999998,-0.05210671,0.039076399999999956,0.11896923999999998,0.008271540000000022,-0.07616171,0.018187200000000014,0.1678778999999999,0.001054339999999987,0.13899700000000004,0.01553549999999998,0.19428723999999997,-0.024721439999999983,0.17443436,0.06923550000000003,0.013156459999999981,0.04846492000000002,0.013684599999999936,0.20010632360796124,0.19971947333810816
0.03341350500000001,-0.313629425,0.01992566499999998,-0.327457555,0.03021041499999999,-0.33082980500000003,-0.020663884999999993,-0.32711261500000005,0.011762364999999997,-0.326646755,-0.04966367500000002,-0.24375939500000005,0.02437636500000001,-0.23201778500000003,-0.009159935000000008,-0.13454348500000002,0.06475436499999998,-0.11326465500000005,0.055870535,-0.18419055500000003,0.069754865,-0.18807709500000003,-0.026083765000000037,-0.006875395000000006,0.02608376499999998,0.006875395000000006,-0.009120934999999997,0.15453308499999996,0.04514296499999998,0.19730520499999993,-0.0017767150000000398,0.29314118499999997,0.02074421500000001,0.376168945,0.04050374000000001,0.10921591000000003,0.06503047,-0.049647070000000015,0.04037799999999997,0.11875312999999998,0.005000500000000019,-0.07481243999999998,0.01696283000000004,0.16140847999999997,0.007344219999999957,0.1386081,0.0190592,0.19042980999999992,-0.02439874999999997,0.17886374000000005,0.07404004000000003,0.011741610000000013,0.05216753000000002,0.013750790000000013,0.19533861178557507,0.19978397916852622
0.027532979999999985,-0.31074317999999995,0.01399613999999999,-0.32408585999999995,0.023837459999999977,-0.32748427999999996,-0.0263177,-0.32208638999999994,0.007889199999999985,-0.3217450399999999,-0.054863280000000014,-0.23775716999999996,0.024240319999999982,-0.22800721999999995,-0.01607597999999999,-0.13337933999999996,0.06899721999999997,-0.11160333999999994,0.05096521999999998,-0.18620037999999994,0.06609381999999997,-0.18475063999999997,-0.028004780000000007,-0.006583809999999968,0.028004780000000007,0.006583810000000079,-0.006552530000000001,0.15075296000000005,0.04783847000000002,0.1915761600000001,-0.004531249999999987,0.29253136,0.022134619999999994,0.3735038100000001,0.038787300000000025,0.10437783,0.06704119999999997,-0.052821039999999986,0.04475689999999999,0.11640388000000002,-0.0029034000000000004,-0.07314730000000003,0.021452250000000006,0.15733677000000001,0.002021280000000014,0.14177839999999997,0.019833690000000015,0.18499235000000003,-0.025703850000000028,0.18192765,0.0791036,0.009749950000000007,0.056009560000000014,0.013167620000000047,0.19621002298191825,0.19508881752915547
0.025328230000000007,-0.3115154949999999,0.011293600000000015,-0.32468872499999996,0.021517709999999968,-0.3281079049999999,-0.02941515,-0.32089869499999996,0.006046229999999986,-0.32092658499999993,-0.05548354,-0.23531625499999992,0.02403115,-0.22940327499999996,-0.007936290000000013,-0.13685969499999995,0.07300833000000001,-0.12432478499999994,0.05465523,-0.20415444499999996,0.06713803000000002,-0.20740522499999992,-0.028168189999999982,-0.005820524999999965,0.028168189999999982,0.005820525000000076,-0.007194509999999987,0.14883293500000006,0.050167530000000016,0.18923687500000008,-0.002519529999999992,0.2939503750000001,0.023109329999999983,0.3714267750000001,0.047547249999999985,0.09845655999999997,0.06259152000000001,-0.06729475000000001,0.04897718000000001,0.10507849000000002,-0.005870299999999995,-0.08308043999999998,0.020973679999999995,0.15465346000000002,0.004674979999999995,0.14511744000000004,0.021999340000000034,0.18341635,-0.027058200000000032,0.18218990000000002,0.07951469,0.005912979999999957,0.056336379999999964,0.011641050000000042,0.21493269347184668,0.21675762706924087
0.02492776000000002,-0.31384827000000004,0.010941760000000023,-0.3268709000000001,0.021308790000000022,-0.3302222000000001,-0.02980758,-0.32213483000000004,0.006967290000000015,-0.32217817000000004,-0.05522839999999998,-0.23712797000000008,0.02555196000000004,-0.23138877000000008,-0.0056447399999999814,-0.14444725000000003,0.07631700000000002,-0.13014103000000005,0.054513160000000005,-0.21104877000000005,0.06807719000000001,-0.21396814000000003,-0.02858058999999996,-0.0052617700000000545,0.028580590000000017,0.0052617699999999434,-0.008201619999999965,0.14873802999999997,0.050956360000000034,0.18388722999999996,-8.733999999999131e-05,0.29530446999999993,0.025863479999999994,0.36772112999999995,0.04958366,0.09268072000000005,0.060157899999999986,-0.06660152000000003,0.050765039999999984,0.10124774000000003,-0.008239810000000014,-0.08382710999999998,0.020378969999999996,0.15399980000000002,0.008114279999999974,0.14656643999999996,0.022375770000000017,0.17862546,-0.02509288000000004,0.1838339,0.08078036000000002,0.0057392,0.05716117999999998,0.010523539999999998,0.22192985526526732,0.22275936534783017
0.025608730000000024,-0.30821505999999993,0.011323699999999992,-0.32171589999999994,0.022845700000000024,-0.3248517999999999,-0.029820310000000017,-0.3169026999999999,0.010613009999999978,-0.3166230399999999,-0.05499213,-0.23345867999999992,0.03066564999999999,-0.2284567999999999,-0.005753740000000007,-0.1482798999999999,0.07942451,-0.13612629999999992,0.05325574999999999,-0.21389976999999993,0.06808832999999997,-0.21827029999999992,-0.029687090000000027,-0.003938699999999962,0.029687090000000027,0.003938700000000073,-0.007839370000000012,0.1570965500000001,0.052907959999999976,0.17921256000000008,0.006729929999999995,0.30564873000000004,0.03322627,0.3663385400000001,0.04923838999999999,0.08517878000000001,0.05900949,-0.06561987000000002,0.048758860000000015,0.09233049999999998,-0.011336180000000029,-0.082144,0.021847720000000015,0.16103525000000007,0.014569300000000007,0.14855217999999992,0.02322086999999995,0.17527386,-0.019681689999999974,0.18712598000000003,0.08565777999999999,0.005001880000000014,0.059374180000000054,0.007877400000000034,0.22575022840035067,0.22550276032576097
0.024489384999999975,-0.3006644,0.011106055000000004,-0.3137649,0.021317054999999974,-0.31664243000000003,-0.02898044500000002,-0.30873906,0.010988214999999968,-0.30831814,-0.055615825000000035,-0.22671985,0.031823975000000004,-0.22463192999999998,-0.01267348500000004,-0.14414418,0.07820223499999995,-0.13795847,0.05093505499999995,-0.21212488000000002,0.06361831499999998,-0.21462732,-0.03096689500000005,-0.003741949999999994,0.030966894999999994,0.003741949999999994,-0.00936626500000004,0.15156713,0.05322740499999995,0.17770299999999994,0.0017718549999999889,0.30323520000000004,0.035041455,0.36506227,0.042942339999999996,0.08257566999999999,0.06360853999999999,-0.0679807,0.04637825999999995,0.08667345999999998,-0.014583919999999972,-0.07666885000000001,0.02160063000000001,0.15530908,0.011138120000000029,0.15166807000000004,0.022260509999999956,0.17396104999999995,-0.01818594999999995,0.18735927000000008,0.08743980000000004,0.002087920000000021,0.061933790000000044,0.007483899999999988,0.22390036830962876,0.220796859824476
0.023687255000000018,-0.30027227999999995,0.010428264999999992,-0.31287259999999995,0.02101014499999998,-0.31570195999999995,-0.029844545,-0.30602096999999995,0.011236734999999998,-0.3057853599999999,-0.05292429500000001,-0.22585589999999994,0.029188674999999997,-0.2198804299999999,-0.0027620250000000013,-0.1579801999999999,0.08035827499999998,-0.13637991999999993,0.052687445,-0.23129805999999992,0.067262545,-0.2289922499999999,-0.02948472499999999,-0.0033225999999999534,0.02948472499999999,0.0033226000000000644,-0.012272885000000011,0.15410874000000008,0.051324855,0.17029110000000003,4.497500000000265e-05,0.30731980000000003,0.03855861500000002,0.3554372000000001,0.05016227000000001,0.06787570000000004,0.05544947,-0.07331786000000001,0.05116959999999998,0.08350050999999997,-0.013095729999999972,-0.09261232999999996,0.01721183999999998,0.15743134000000003,0.012317860000000014,0.15321105999999995,0.021840130000000013,0.16696849999999996,-0.012766239999999984,0.1851461000000001,0.08211297000000001,0.005975470000000038,0.05896944999999998,0.006645200000000018,0.24233257289254467,0.2353664232945619
0.022101625000000014,-0.29812231999999994,0.008837804999999976,-0.31072682999999995,0.01946587500000002,-0.31334229999999996,-0.031612535,-0.3040557299999999,0.009341074999999976,-0.30366309999999996,-0.055154955000000006,-0.22318995999999997,0.027361945,-0.21871656999999994,-0.006562245000000022,-0.16452697999999993,0.078834395,-0.14366263999999995,0.05252842499999999,-0.2402032699999999,0.06807564500000002,-0.23322421999999993,-0.029655295000000026,-0.002149399999999968,0.029655295000000026,0.002149400000000079,-0.014519575000000007,0.16246310000000008,0.047511974999999984,0.16679790000000005,-0.0011685949999999945,0.3152157000000001,0.040654405000000005,0.3433615000000001,0.04859270999999998,0.05866298000000003,0.05909067000000001,-0.07567628999999998,0.05147245,0.07505392999999999,-0.010758749999999984,-0.08956157999999997,0.01513572000000002,0.16461250000000005,0.013350980000000012,0.15275260000000002,0.017856679999999958,0.16464849999999998,-0.0068575699999999795,0.17656360000000004,0.0825169,0.0044733900000000215,0.05931059000000005,0.004298800000000047,0.25184084032383486,0.23848870892775387
0.019007529999999995,-0.2931967200000001,0.005781560000000019,-0.3066902000000001,0.01593931999999998,-0.3086266000000001,-0.03367545999999999,-0.3010465300000001,0.007652360000000025,-0.2996048500000001,-0.05446890999999998,-0.21785290000000007,0.028543860000000032,-0.2193452500000001,-0.005040939999999994,-0.1536293500000001,0.07661172999999999,-0.1508915500000001,0.05085990000000001,-0.22899285000000008,0.05802067999999999,-0.2234814000000001,-0.029982479999999978,-0.0006804500000000546,0.029982479999999978,0.0006804499999999436,-0.017372940000000003,0.1618670499999999,0.04513958000000001,0.1628048499999999,-0.0036384199999999756,0.31426674999999993,0.04085026000000003,0.3306023899999999,0.04942796999999999,0.06422354999999996,0.05590084000000001,-0.07536349999999997,0.04806786999999996,0.0684537,-0.018591049999999998,-0.07258985000000001,0.012609539999999975,0.16254749999999996,0.013734520000000028,0.15239970000000003,0.015157100000000034,0.16212439999999995,-0.004289319999999985,0.16779754000000002,0.08301277000000001,-0.0014923500000000312,0.059964959999999956,0.0013608999999999982,0.24220248222886653,0.22590855595718928
0.016921854999999986,-0.29182842000000003,0.004151294999999944,-0.30569168,0.01397011499999995,-0.30686783,-0.03456261500000002,-0.29978635000000003,0.007275374999999973,-0.29735869000000004,-0.055178765000000046,-0.21615185000000003,0.028524534999999962,-0.21889951000000002,-0.007286485000000009,-0.15706941000000002,0.07526395499999994,-0.15789818000000005,0.04940471499999999,-0.23070490000000005,0.05675548499999994,-0.22256043000000003,-0.030010035000000046,0.00031674999999997677,0.03001003499999999,-0.00031674999999997677,-0.01797538500000001,0.1646685,0.04218221499999997,0.15629380999999998,-0.0038257150000000073,0.31535145,0.03970957499999994,0.30951434999999994,0.04789228000000004,0.059082440000000014,0.0566912,-0.07363549000000003,0.046739419999999976,0.061001329999999965,-0.01850847,-0.06466224999999998,0.012034650000000036,0.16435175000000002,0.014149670000000003,0.15068294999999998,0.012172179999999977,0.15661055999999995,-0.002472640000000026,0.15322053999999996,0.08370330000000001,-0.002747659999999985,0.060020070000000036,-0.0006334999999999535,0.24429020710271016,0.22384720770124636
0.015303155000000013,-0.28960592000000007,0.0027709450000000246,-0.3031825000000001,0.012662245000000016,-0.30403839000000005,-0.03548858500000002,-0.29661836,0.006407194999999977,-0.29403122000000004,-0.05678407499999999,-0.21354284000000007,0.02759812500000003,-0.21642822000000006,-0.00758747500000001,-0.16848834000000007,0.07525895500000002,-0.16474312000000008,0.05405059499999998,-0.25754218000000006,0.06040506499999998,-0.23337450000000004,-0.030060874999999987,0.000731119999999974,0.030060874999999987,-0.000731120000000085,-0.018260734999999972,0.16360807999999993,0.039526335000000024,0.15027690999999999,-0.005624304999999996,0.31198117999999997,0.03608094500000003,0.2927302799999999,0.04919659999999998,0.0450545,0.06163806999999999,-0.08905384,0.04766082999999999,0.051685099999999984,-0.014853890000000036,-0.06863137999999996,0.011800140000000015,0.16287695999999996,0.012636429999999976,0.14837310000000004,0.009465460000000037,0.15100803000000007,-0.0034453899999999926,0.1424533699999999,0.08438220000000002,-0.002885379999999993,0.060121749999999974,-0.001462240000000059,0.2716244408709403,0.23461396404430082
0.01459287499999995,-0.29086935999999997,0.0009172650000000004,-0.30362248,0.013065534999999961,-0.3045459,-0.03868940500000004,-0.2943946,0.005987714999999949,-0.29239696,-0.057245195000000026,-0.2120782,0.02427941499999997,-0.21212387,-0.0019087350000000503,-0.17847135999999997,0.07471989499999998,-0.17163423,0.050808264999999964,-0.26060203,0.06856723499999995,-0.2504701,-0.028460845000000012,0.0008642700000000003,0.028460844999999957,-0.0008642700000000003,-0.019591735,0.1687153,0.035915535,0.14744820000000003,-0.0006133850000000218,0.3132125,0.03476631499999999,0.28720940000000006,0.055336459999999976,0.03360684000000003,0.052717000000000014,-0.08213067000000002,0.05044048000000001,0.04048963999999999,-0.006152660000000032,-0.07883586999999997,0.008869110000000013,0.16785103,0.018978349999999977,0.1444972,0.0074546900000000416,0.14831247000000003,-0.0011492200000000063,0.13976120000000003,0.08152461,-4.566999999999766e-05,0.05692168999999997,-0.0017285400000000006,0.273218260436381,0.2528074225350612
0.013409334999999967,-0.28216114500000006,0.0008120050000000045,-0.29449750500000005,0.012693554999999968,-0.295464125,-0.037478285,-0.28600013500000004,0.006253795000000006,-0.285269735,-0.05722339500000001,-0.204566185,0.023329924999999974,-0.20909676500000002,-0.0006379450000000286,-0.16431316500000004,0.07585029500000001,-0.17866820500000002,0.04871755499999997,-0.24212896500000003,0.068722055,-0.25851050500000006,-0.027806295000000036,0.001458554999999917,0.02780629499999998,-0.001458555000000028,-0.018848105000000004,0.16633406499999992,0.031598915000000005,0.1454232649999999,-0.005322345000000006,0.322558895,0.027783455000000012,0.27654479499999995,0.05658544999999998,0.04025301999999997,0.0493555,-0.07781579999999999,0.05252037000000004,0.030428559999999993,-0.007128240000000008,-0.07984230000000003,0.008958190000000033,0.16487551,0.013525759999999998,0.1562248300000001,0.0037926200000000243,0.14688181999999994,-0.0038154599999999927,0.13112153000000004,0.08055331999999998,-0.004530580000000006,0.05561259000000002,-0.002917109999999945,0.25532485096161883,0.2602879259880875
0.010874875000000006,-0.2783966399999999,-0.0008035249999999716,-0.2907231199999999,0.010544054999999997,-0.2912088699999999,-0.03733552499999998,-0.2826391499999999,0.005374335000000008,-0.2817464499999999,-0.057991495000000004,-0.2020290199999999,0.022553195000000026,-0.20597936999999988,-0.0025366949999999777,-0.1633089699999999,0.07353629500000003,-0.1755061699999999,0.04491317500000003,-0.2419328099999999,0.06333073500000003,-0.2556109499999999,-0.02748062499999998,0.00210843000000005,0.02748062499999998,-0.002108429999999939,-0.018266265000000004,0.16898953000000005,0.026804074999999983,0.14119866000000014,-0.007350275000000017,0.32783857000000005,0.019637575000000018,0.2618850300000001,0.055454800000000026,0.038720050000000006,0.047449870000000005,-0.07862384,0.0509831,0.030473199999999978,-0.010205560000000002,-0.08010477999999999,0.009214359999999977,0.1668811,0.010915989999999987,0.15884904,-0.000676549999999998,0.14330709000000008,-0.0071664999999999646,0.12068636999999993,0.08054469000000003,-0.003950349999999991,0.05496124999999996,-0.004216859999999989,0.2545525271907108,0.2560249168213174
0.012110595000000002,-0.26996001500000005,0.0006983549999999838,-0.281667215,0.012193355000000017,-0.282239925,-0.03600346500000001,-0.27528496500000005,0.00657513500000001,-0.27461601500000005,-0.060005665000000014,-0.201036235,0.02340825499999999,-0.20296089500000003,-0.011617655000000005,-0.162114755,0.072814885,-0.16977191500000005,0.037372355000000024,-0.23514519500000003,0.062844605,-0.24286969500000005,-0.027915984999999977,0.0016250150000000074,0.027915984999999977,-0.0016250150000000074,-0.018141944999999993,0.164692685,0.02429155500000002,0.13945414499999997,-0.008568014999999984,0.329885615,0.01315909500000001,0.263740285,0.04838801000000001,0.03892148000000001,0.04899001000000003,-0.07303044000000003,0.04940663000000001,0.03318897999999998,-0.009970279999999998,-0.07309778,0.009774039999999984,0.16306767,0.009573930000000008,0.16519293000000002,-0.0036244299999999563,0.14107915999999998,-0.01113246000000001,0.12428614000000004,0.08341392,-0.0019246600000000225,0.05583196999999995,-0.003250030000000015,0.2456067989356152,0.24376013645263417
0.01284316499999999,-0.2681577150000001,0.001772494999999985,-0.2803596750000001,0.011920304999999964,-0.2808268850000001,-0.03326153500000001,-0.2737718350000001,0.008750734999999954,-0.2716919650000001,-0.056962465000000045,-0.1984314550000001,0.029950114999999944,-0.20216768500000004,-0.021329935000000022,-0.15025120500000005,0.07032188499999997,-0.1617140350000001,0.03146901499999999,-0.20056693500000006,0.05543336499999996,-0.2061886950000001,-0.02866950500000004,0.002099434999999983,0.028669504999999984,-0.002099435000000094,-0.017145635000000048,0.1642100649999999,0.022658434999999977,0.13932366499999993,-0.005854265000000025,0.3182441949999999,0.007560314999999984,0.26842961499999995,0.03563253000000002,0.048180250000000036,0.05279895000000001,-0.05031573,0.04037177000000003,0.04045364999999995,-0.014888520000000016,-0.04447466,0.011523869999999992,0.16211062999999992,0.011291370000000023,0.15403413,-0.006011070000000007,0.14142310000000002,-0.015098119999999993,0.12910595000000002,0.08691257999999999,-0.0037362299999999515,0.057339010000000024,-0.004198870000000077,0.2114008020721949,0.20583665914857635
0.013318614999999978,-0.2652509699999999,0.0036107149999999866,-0.2767970999999999,0.014312135000000004,-0.2773462499999999,-0.028151254999999986,-0.2669776599999999,0.01765664499999997,-0.2661090999999999,-0.046613285000000004,-0.19608675999999992,0.03548898499999997,-0.19351713999999992,-0.0035069750000000233,-0.17626839999999988,0.07984604499999998,-0.16449019999999992,0.03842543500000001,-0.2317526299999999,0.061703385,-0.2307249799999999,-0.02726356499999999,0.001028800000000052,0.02726356499999999,-0.0010287999999999409,-0.014702455000000003,0.15599654000000007,0.021382915000000002,0.13858906000000004,-0.00739453499999998,0.30476115000000015,0.005335784999999982,0.2749775000000001,0.04310630999999998,0.019818360000000035,0.04193241000000003,-0.05548423000000002,0.044357060000000004,0.02902694,-0.018142659999999977,-0.06623478,0.012561109999999986,0.15496774000000002,0.007307920000000023,0.14876461000000007,-0.005880649999999987,0.13961785999999998,-0.01604713000000002,0.13638844000000006,0.08210226999999998,0.0025696199999999947,0.05452712999999998,-0.0020575999999999928,0.24187236070672663,0.23226372146382393
0.01609406499999999,-0.26440723,0.006743535000000023,-0.27560644999999995,0.01782060499999999,-0.27578345,-0.024497674999999997,-0.26473504999999997,0.022239785000000012,-0.26320625,-0.043587564999999995,-0.19533668999999998,0.038402305000000025,-0.18876009,-0.003716734999999971,-0.18223815,0.07958809500000003,-0.15885911999999996,0.03834981500000001,-0.23394949999999998,0.061893564999999984,-0.21615174999999998,-0.027451265000000002,0.0002335500000000268,0.027451265000000002,-0.00023354999999991577,-0.01755673499999999,0.15315065000000005,0.019045065000000028,0.14017535000000003,-0.012995405000000015,0.3028256100000001,0.002927365000000015,0.2748224,0.039870830000000024,0.013098539999999992,0.04206654999999998,-0.05171134999999999,0.04118579,0.029900970000000027,-0.01769453000000004,-0.05729263000000001,0.009894530000000012,0.15291710000000003,0.004561329999999975,0.14967496000000002,-0.008406199999999975,0.14040889999999995,-0.016117700000000013,0.13464705,0.08198987000000002,0.006576599999999988,0.054902530000000005,-0.00046709999999994256,0.24325189215393353,0.21864798448769204
0.012261089999999975,-0.25952733999999994,0.005113030000000018,-0.27152321999999995,0.014956140000000007,-0.27132149999999994,-0.02150386999999998,-0.26139677999999994,0.02518302,-0.2600878999999999,-0.04041075999999999,-0.19291443999999996,0.04203235999999999,-0.18790132999999998,-0.00922023999999999,-0.17740006999999997,0.07733372,-0.15635363999999996,0.033187120000000014,-0.23265553999999994,0.058528460000000004,-0.19773279999999993,-0.02771756000000003,0.0001875000000000071,0.027717559999999974,-0.0001875000000000071,-0.019921689999999992,0.14662094000000003,0.01660965999999997,0.1412954500000001,-0.017293539999999996,0.2949239,0.00389579000000001,0.2725913000000001,0.03119052,0.01551437,0.042407360000000005,-0.05525546999999997,0.035301360000000004,0.03154769000000002,-0.01880525999999999,-0.04137915999999997,0.007795870000000038,0.14643344000000003,0.0026281499999999958,0.14830295999999998,-0.011107900000000004,0.1414829500000001,-0.01271386999999996,0.13129585,0.08244311999999998,0.005013109999999987,0.055435120000000004,-0.0003750000000000142,0.2406766738226702,0.1999336317653935
-0.003050730000000057,-0.2622518450000001,-0.005173180000000055,-0.2726477650000001,0.0035846999999999407,-0.27181720500000006,-0.01677038000000003,-0.25897484500000006,0.028301669999999945,-0.2601527850000001,-0.03705980000000006,-0.19786842500000007,0.05074108999999993,-0.18771877500000006,-0.013551640000000031,-0.18321728500000006,0.09235335999999994,-0.1499372650000001,0.025468419999999936,-0.22940140500000006,0.058713219999999955,-0.22050302500000007,-0.029010850000000032,-0.00036087500000003825,0.029010849999999977,0.0003608749999999272,-0.02106695000000003,0.14040992499999994,0.017963119999999944,0.14213690499999987,-0.02046765000000006,0.29033062499999995,0.001731019999999972,0.2731708749999999,0.023508160000000028,0.014651140000000007,0.03902005999999997,-0.046184119999999995,0.04161227000000001,0.03778150999999996,-0.033640139999999985,-0.07056575999999998,0.007943900000000004,0.14077079999999997,0.0005992999999999693,0.14992070000000002,-0.011047730000000033,0.14177602999999994,-0.01623209999999997,0.13103397000000006,0.08780088999999999,0.01014965000000001,0.05802170000000001,0.0007217499999999655,0.2354305741453599,0.22285217770268007
-0.013013635000000023,-0.25981635500000005,-0.013249425000000037,-0.26916912500000006,-0.00412638500000001,-0.26848775500000005,-0.01764978500000003,-0.25422671500000005,0.027307095000000003,-0.25698563500000005,-0.03760534500000001,-0.19490021500000004,0.05207166499999999,-0.18691680500000007,-0.022935415000000015,-0.18351897500000003,0.09244909499999998,-0.15588467500000003,0.01980733499999998,-0.22681370500000003,0.05696013499999997,-0.21942249500000005,-0.029490915000000006,-0.0003638250000000953,0.02949091499999995,0.0003638249999999843,-0.02199003500000002,0.1370212249999999,0.015424694999999988,0.14563876499999995,-0.025514885000000043,0.29076576499999995,0.000554885000000005,0.27735948499999996,0.014669929999999998,0.011381240000000015,0.042742749999999996,-0.043294730000000003,0.04037742999999999,0.031032130000000047,-0.035488960000000014,-0.06353782000000002,0.0075008799999999876,0.13738505,-0.003524850000000024,0.15374454000000004,-0.014066219999999963,0.14527493999999996,-0.014869809999999983,0.13172072,0.08967701,0.007983409999999969,0.05898182999999996,0.0007276500000000796,0.23175389016169043,0.2214962403892012
-0.008714849999999996,-0.25337575000000007,-0.009063710000000003,-0.2632347200000001,-0.0005098800000000181,-0.26259981000000004,-0.013143679999999991,-0.25171084000000005,0.029041260000000013,-0.25360526000000005,-0.034378209999999965,-0.19090958000000008,0.05612930999999999,-0.1871192000000001,-0.029552209999999968,-0.16098235000000005,0.09328365999999999,-0.15105881000000004,0.020552249999999994,-0.21462734000000006,0.05861336,-0.21542778000000007,-0.029581159999999995,-0.0006172200000000849,0.029581159999999995,0.0006172199999999739,-0.018721429999999983,0.13198301999999995,0.016661890000000013,0.14770371999999998,-0.024654530000000008,0.2810949599999999,0.0039552199999999815,0.28281479,0.004825999999999997,0.029927230000000027,0.05010445999999996,-0.053644990000000004,0.03715435,0.03606039000000005,-0.03467029999999999,-0.06436897000000003,0.010859730000000012,0.13260024000000004,-0.0059331000000000245,0.14911193999999994,-0.012919269999999983,0.1470865,-0.012706670000000031,0.13511107,0.09050751999999995,0.003790379999999982,0.05916231999999999,0.0012344400000000588,0.21980375397304408,0.21798695066870408
-0.010024429999999973,-0.25027272,-0.009396499999999974,-0.25987229,-0.0019958599999999604,-0.25950245000000005,-0.01033767999999996,-0.24912015000000004,0.02766555000000004,-0.25166887000000004,-0.03344459999999999,-0.18794033000000004,0.057408450000000055,-0.18643319000000003,-0.03546991999999999,-0.14975705,0.09433010000000003,-0.15239555000000005,0.015040550000000041,-0.19121417000000002,0.06050962000000004,-0.21319105000000005,-0.029564829999999986,-0.00112885000000007,0.029564830000000042,0.001128849999999959,-0.016170649999999953,0.12386989999999998,0.018968370000000012,0.14868534999999994,-0.025266949999999955,0.27148785,0.0038718600000000047,0.28930164999999997,-0.002025319999999997,0.03818328000000004,0.05051047000000003,-0.041457120000000014,0.03692164999999997,0.03403763999999998,-0.033820479999999986,-0.0607955,0.013394180000000033,0.12499875000000005,-0.009096300000000002,0.14761795,-0.01059646000000003,0.14755649999999998,-0.015096510000000007,0.14061630000000003,0.09085305000000005,0.001507140000000018,0.05912966000000003,0.002257700000000029,0.19524873573072574,0.21654237359961237
-0.013535024999999978,-0.25041690999999994,-0.012549094999999955,-0.25991871999999994,-0.00542536499999996,-0.2597455699999999,-0.011843894999999993,-0.2486816699999999,0.025398405000000013,-0.2514066999999999,-0.03437399499999999,-0.1871378099999999,0.056940005000000016,-0.18465654999999992,-0.03796556499999998,-0.15425584999999992,0.09405887500000004,-0.15418764999999995,0.015097235000000042,-0.19421320999999991,0.05941966500000001,-0.21346824999999992,-0.02975845499999996,-0.0018314099999999778,0.029758455000000017,0.0018314100000000888,-0.015824614999999986,0.11737075000000008,0.01720488500000006,0.1488592500000001,-0.026039834999999956,0.2599086500000001,0.0030844050000000123,0.29161590000000004,-0.0035915699999999884,0.03288195999999999,0.05306280000000002,-0.03995736,0.037118870000000026,0.030468899999999965,-0.03463921000000003,-0.05928059999999996,0.013933839999999975,0.11920216000000006,-0.01021521999999997,0.1425379,-0.012553569999999958,0.14702784000000002,-0.014120480000000046,0.14275664999999993,0.091314,0.002481259999999985,0.05951690999999998,0.0036628200000000666,0.19754186871804183,0.21733322565769758
-0.013606644999999973,-0.24728209000000007,-0.012769405000000011,-0.25697091000000005,-0.006125665000000002,-0.25717265000000006,-0.012650465,-0.24573168000000006,0.02384945500000002,-0.24940562000000005,-0.03421488499999997,-0.18116340000000009,0.05542584500000003,-0.18321559000000004,-0.04350237499999998,-0.12551668000000005,0.09354549500000003,-0.15228939000000008,-0.0005240750000000127,-0.12653932000000007,0.061516634999999986,-0.20878925000000004,-0.02903762500000001,-0.0014910500000000493,0.02903762500000001,0.0014910499999999383,-0.014478204999999966,0.11408534999999997,0.017178945,0.14735498999999996,-0.025204104999999977,0.25164495,0.002781654999999994,0.29323285,-0.00928749000000001,0.05564672000000004,0.04297829999999997,-0.001022640000000019,0.038119650000000005,0.03092619999999996,-0.03202886000000005,-0.05649985999999996,0.014559420000000045,0.11557640000000002,-0.01072590000000001,0.1375596,-0.01185868000000001,0.14586394000000003,-0.014397290000000007,0.14587786000000003,0.08964073,-0.0020521899999999538,0.05807525000000002,0.0029820999999999875,0.1282579134540844,0.21277380162668075
-0.020492200000000016,-0.2462859650000001,-0.020655069999999998,-0.2559702850000001,-0.0140034,-0.25684036500000007,-0.022740130000000025,-0.24360971500000012,0.015290169999999992,-0.2481680650000001,-0.04257116,-0.1783556550000001,0.04710793999999996,-0.18231271500000007,-0.057316930000000016,-0.1215413150000001,0.08444344999999998,-0.15185336500000007,-0.015465260000000036,-0.1068430150000001,0.0574788,-0.20576941500000007,-0.0290667,-0.0014840150000000607,0.0290667,0.0014840149999999497,-0.024386800000000042,0.11495314499999987,0.008096369999999964,0.14511118499999986,-0.031844170000000005,0.2464692449999999,-0.005751000000000006,0.29142753499999996,-0.01474577000000002,0.05681434000000002,0.04185166999999998,0.014698299999999997,0.037335510000000016,0.030459349999999996,-0.02696464999999998,-0.05391604999999999,0.004679899999999959,0.11643715999999993,-0.007457369999999963,0.13151610000000002,-0.020970330000000037,0.14362716999999992,-0.01384736999999997,0.1463163500000001,0.08967909999999996,-0.003957059999999957,0.0581334,0.0029680300000000104,0.10623331893089666,0.20919185374477398
-0.022486039999999985,-0.24532795000000007,-0.02312386999999999,-0.25529402000000007,-0.017070099999999977,-0.2564483800000001,-0.026357839999999966,-0.24368401000000006,0.010252800000000006,-0.24908837000000006,-0.04378048000000001,-0.17516851000000006,0.04301997000000002,-0.18680181000000007,-0.05637118999999999,-0.10148158000000007,0.08139650000000004,-0.15461909000000007,-0.017525000000000013,-0.09104227000000004,0.05564188000000003,-0.20524140000000007,-0.027971299999999977,-0.00043805000000007865,0.027971300000000032,0.00043804999999996763,-0.025752799999999965,0.11428398999999989,0.005645420000000012,0.14490008999999993,-0.03045517999999997,0.24237314999999993,-0.008271319999999971,0.2913213499999999,-0.012590709999999977,0.07368692999999998,0.038846189999999975,0.010439310000000035,0.03837653000000002,0.03218272,-0.025754620000000006,-0.050622310000000004,0.002218500000000012,0.11472203999999997,-0.004702380000000006,0.12808916000000004,-0.02232588000000002,0.14446203999999996,-0.013916739999999983,0.14642126,0.08680045000000003,-0.011633300000000013,0.05594260000000001,0.0008761000000000463,0.0912044399439983,0.20753240024111635
-0.02581907,-0.24988295499999996,-0.026280869999999956,-0.259996835,-0.019927169999999994,-0.260944635,-0.028004419999999974,-0.24944936499999998,0.00863258,-0.254915835,-0.04374448999999997,-0.18102813499999998,0.04124696,-0.192756255,-0.05907003999999999,-0.09056197499999996,0.07789573,-0.16148893499999994,-0.02916873999999997,-0.023311134999999927,0.051565269999999996,-0.209353935,-0.027120069999999996,-0.0005510650000000172,0.027120069999999996,0.0005510650000000172,-0.025835410000000003,0.11261256500000005,0.004119560000000022,0.14261306500000004,-0.02818872,0.23574896499999998,-0.011354639999999971,0.283245265,-0.015325550000000021,0.09046616000000002,0.02990130000000002,0.06725084000000003,0.03664877,0.03126732000000004,-0.02633046,-0.047865000000000046,0.001284659999999993,0.11316363000000007,-0.0023533099999999973,0.12313639999999992,-0.023000509999999974,0.14206200000000002,-0.015474199999999994,0.14063219999999998,0.08499144999999997,-0.011728120000000009,0.05424013999999999,0.0011021300000000345,0.02285208601361801,0.211323630548124
-0.030122010000000032,-0.23859560999999996,-0.030760850000000006,-0.24812609999999996,-0.024590370000000028,-0.24915340999999996,-0.03281605000000004,-0.23773636999999997,0.0031679299999999855,-0.24350676999999993,-0.048551970000000055,-0.17274016999999997,0.03709276999999994,-0.18666789999999994,-0.06548208000000003,-0.08336061999999994,0.07290684999999997,-0.15099233999999995,-0.027590300000000012,-0.04264786999999998,0.04692092999999997,-0.19765210999999994,-0.026739510000000022,7.523000000009272e-05,0.026739509999999966,-7.52299999999817e-05,-0.024778360000000055,0.12006968000000007,0.0013470099999999818,0.14439189000000008,-0.02488318000000006,0.24668023000000006,-0.016549850000000033,0.28416333000000005,-0.01693010999999997,0.08937955000000003,0.037891780000000014,0.040712749999999964,0.035814080000000026,0.035675559999999995,-0.025985919999999996,-0.04665976999999999,0.001961149999999967,0.11999444999999997,-0.00010482000000000546,0.12661055,-0.025392499999999985,0.14446712000000006,-0.017896860000000014,0.13977143999999997,0.08564474,-0.013927729999999972,0.05347901999999999,-0.00015046000000007442,0.04273157049810018,0.1986049174208705
-0.029542129999999944,-0.23308774999999998,-0.030222129999999958,-0.24289903000000002,-0.024203609999999987,-0.24333605000000003,-0.03180844999999999,-0.2336393,0.0033787900000000204,-0.23815590000000003,-0.04815132999999994,-0.17076845000000002,0.038342190000000054,-0.18535331,-0.06688941999999995,-0.08542112000000002,0.07465883000000006,-0.14618939000000003,-0.033627629999999964,-0.08130187,0.046867620000000054,-0.19430113,-0.026493149999999965,0.0008235500000000062,0.02649315000000002,-0.0008235500000000062,-0.02122052999999996,0.12468599999999996,0.002480670000000018,0.14274235000000002,-0.01909405999999997,0.26292384999999996,-0.01562382999999995,0.28250695000000003,-0.018738090000000013,0.08534733,0.033261789999999986,0.004119250000000019,0.03631664000000001,0.03916391999999996,-0.02779121000000001,-0.04811173999999996,0.005272620000000006,0.12386244999999996,0.0021264699999999914,0.13823785,-0.024012480000000003,0.14356590000000002,-0.018104499999999968,0.13976460000000002,0.08649351999999999,-0.014584859999999977,0.052986299999999986,-0.0016471000000000124,0.08243473427534537,0.1945474055093958
-0.032291814999999946,-0.22977129499999993,-0.032977354999999986,-0.23945967499999998,-0.026315704999999967,-0.23975261499999995,-0.03372223499999999,-0.23134509499999995,0.002303025000000014,-0.23577191499999994,-0.04767091499999998,-0.17210043499999994,0.03581412500000003,-0.18341029499999995,-0.06788027499999996,-0.07946087499999993,0.07350801500000004,-0.14649258499999995,-0.05388180499999995,-0.019450464999999917,0.047211095000000036,-0.19151981499999998,-0.025138304999999972,0.0004194849999999972,0.025138305000000027,-0.0004194849999999972,-0.01852397499999997,0.127206045,0.0027198650000000435,0.14232023500000002,-0.01369877499999994,0.26608433500000006,-0.015933704999999965,0.27916385500000007,-0.020209359999999982,0.09263956000000001,0.013998470000000013,0.060010410000000014,0.03769389000000001,0.03691770999999999,-0.02629692,-0.04502723000000003,0.006614330000000002,0.12678656,0.0048252000000000295,0.13887829000000007,-0.022418439999999984,0.14273972000000001,-0.018653570000000008,0.13684362000000005,0.08348504000000001,-0.011309860000000005,0.05027661,-0.0008389699999999944,0.03494286343808268,0.19237085066218582
-0.030911650000000013,-0.225986185,-0.03152239000000001,-0.23594614500000005,-0.02508537999999999,-0.23581490500000002,-0.03241495999999999,-0.229913625,0.002868270000000006,-0.23328852500000002,-0.0445817,-0.17322740500000006,0.038800009999999996,-0.18008604500000003,-0.05984407000000003,-0.07798464500000002,0.07762554999999999,-0.14083328500000003,-0.056361490000000014,-0.002784745000000033,0.04627874999999998,-0.19289600500000004,-0.025158230000000004,-7.76049999999806e-05,0.025158230000000004,7.76049999999806e-05,-0.018115150000000024,0.11729315499999993,0.0039272399999999985,0.14132439499999994,-0.011506970000000005,0.24721185499999998,-0.01638233,0.280118525,-0.015262370000000025,0.09524276000000004,0.003482580000000013,0.07519989999999999,0.03882553999999999,0.03925276,-0.03134680000000001,-0.05206272000000001,0.007043079999999979,0.11737075999999991,0.006608180000000019,0.12991870000000005,-0.021230990000000005,0.14124678999999996,-0.02030957,0.13879413000000007,0.08338171,-0.006858639999999971,0.05031646000000001,0.0001552099999999612,0.03132047320215965,0.19412596560352896
-0.03289027499999997,-0.21749034499999997,-0.033525574999999974,-0.227231845,-0.027518404999999968,-0.227035045,-0.03483195499999997,-0.22139367499999996,-0.0006617449999999914,-0.22456419499999997,-0.047699044999999995,-0.16664257499999996,0.037209255,-0.17231504499999994,-0.061998324999999965,-0.07375681499999998,0.07789604500000002,-0.13043188499999997,-0.057667444999999984,-0.009281244999999938,0.044312675000000024,-0.17933114499999997,-0.025763674999999986,-0.0006810149999999515,0.025763674999999986,0.0006810150000000625,-0.019655184999999964,0.11437901500000003,0.004320005000000016,0.143127255,-0.014171794999999987,0.246308655,-0.017447484999999985,0.284411525,-0.01429927999999997,0.09288575999999998,0.004330879999999981,0.06447557000000004,0.04068679000000003,0.041883159999999975,-0.03358337,-0.04889926,0.006108490000000022,0.11506002999999998,0.005483389999999977,0.13192963999999996,-0.02144366999999997,0.14244623999999995,-0.02176749,0.14128427,0.08490829999999999,-0.005672469999999985,0.05152734999999997,0.001362030000000014,0.03304261636532131,0.18096530924148313
-0.03309608999999997,-0.21999044999999995,-0.03353374999999997,-0.22942735999999997,-0.02797341999999997,-0.22920807999999998,-0.034205419999999986,-0.22282882999999998,-0.0012533200000000022,-0.22587547999999996,-0.04689854999999998,-0.16775389999999996,0.03688095000000002,-0.17310805999999995,-0.05954600999999998,-0.07546533999999999,0.07894705000000002,-0.13039207999999997,-0.0576681,-0.010892139999999939,0.04563280000000003,-0.17860190999999997,-0.025376750000000003,-0.0009009199999999717,0.025376750000000003,0.0009009200000000828,-0.016587269999999987,0.11231871999999998,0.009516970000000013,0.14224772000000008,-0.012564309999999967,0.24267052,-0.015521029999999991,0.2822108200000001,-0.01264746,0.09228855999999996,0.0018779099999999826,0.06457320000000005,0.042066099999999995,0.04271597999999999,-0.03331424999999999,-0.04820983000000001,0.008789480000000016,0.11321963999999995,0.00402296000000002,0.13035180000000002,-0.01585977999999999,0.1413468,-0.025038000000000005,0.1399631,0.0837795,-0.005354159999999997,0.05075350000000001,0.0018018400000000545,0.033801712410925264,0.18064211452374948
-0.03032716000000002,-0.21749225000000005,-0.032582009999999995,-0.22506508000000003,-0.024741909999999978,-0.22500574,-0.03688332999999999,-0.21886414000000004,-0.0033542300000000136,-0.22188684000000003,-0.05299269000000001,-0.16492116,0.03521151,-0.16959306000000002,-0.06247836000000001,-0.07267792000000001,0.07519785000000001,-0.12485462000000003,-0.05184757000000001,-0.014982720000000005,0.04556383000000003,-0.17385262,-0.026466570000000023,-0.0006356800000000273,0.026466570000000023,0.0006356799999999163,-0.012787190000000004,0.11076873999999992,0.016005849999999988,0.14062893999999992,-0.009742699999999993,0.23313152999999998,-0.015600200000000009,0.27708614,-0.009485670000000002,0.09224324,0.010630790000000001,0.0576952,0.03998634000000001,0.04473843999999999,-0.029634019999999983,-0.048997999999999986,0.013679380000000019,0.11140441999999995,0.003044490000000011,0.12236279000000005,-0.010460720000000034,0.13999326,-0.03160605,0.13645720000000006,0.08820420000000001,-0.004671900000000007,0.052933140000000045,0.0012713599999999436,0.029155320573809484,0.17553026000207933
-0.027082800000000018,-0.21591855000000004,-0.030919749999999968,-0.2233942100000001,-0.02257999999999999,-0.2231051300000001,-0.040236380000000016,-0.21632742000000005,-0.005086949999999979,-0.21831533000000009,-0.057522499999999976,-0.16135051000000006,0.03310885000000002,-0.16693428000000005,-0.062128989999999995,-0.06959955000000007,0.07412532,-0.1220835500000001,-0.053653479999999976,-0.014234150000000056,0.04533484999999998,-0.1664242700000001,-0.02758244999999998,-5.450000000073452e-06,0.02758244999999998,5.449999999962429e-06,-0.015508230000000012,0.11100348999999998,0.021717580000000014,0.13058444999999996,-0.007282819999999968,0.2354999499999999,-0.010009849999999987,0.2631331499999999,-0.004606490000000019,0.09175095999999999,0.00847551000000002,0.05536540000000001,0.04101646999999997,0.04485072999999995,-0.028790470000000012,-0.04434072,0.012074219999999969,0.11100894000000006,0.008225410000000044,0.12449645999999992,-0.0058648699999999665,0.130579,-0.03172743,0.13254869999999996,0.09063135,-0.005583769999999988,0.05516489999999996,1.0900000000035881e-05,0.02970108598941963,0.16737383130298003
-0.03265436000000005,-0.21544174500000007,-0.034287730000000016,-0.2250141650000001,-0.03027979000000003,-0.22528688500000005,-0.04264176000000003,-0.21554709500000008,-0.00803754000000001,-0.2201974750000001,-0.058252790000000054,-0.15810542500000008,0.02873726999999998,-0.17374787500000005,-0.06600154000000003,-0.06691918500000005,0.07487218999999995,-0.1220396250000001,-0.05593083000000004,-0.009750425000000118,0.06109239999999999,-0.11894948500000008,-0.02693144000000003,0.001999474999999973,0.026931439999999973,-0.001999475000000084,-0.017224880000000053,0.10799302499999996,0.026205389999999995,0.11607273499999993,-0.009980530000000043,0.23327087499999988,-0.001548980000000033,0.2447966749999999,-0.007748749999999971,0.09118624000000003,0.010070709999999983,0.05716875999999993,0.04613491999999997,0.051708249999999956,-0.013779789999999958,0.003090140000000019,0.009706559999999975,0.10599354999999999,0.0072443500000000105,0.1252778499999999,-0.0007260499999999781,0.11807221000000001,-0.027754370000000028,0.12872393999999998,0.08699006000000004,-0.015642449999999974,0.05386288,-0.003998950000000057,0.03128937152424291,0.12183708806074486
-0.029991655000000006,-0.21404558499999998,-0.03225874500000003,-0.22330399500000003,-0.027586285000000044,-0.22382363500000002,-0.04121628500000002,-0.214984685,-0.007565785000000047,-0.22013368500000002,-0.05568614500000002,-0.15471443499999998,0.026447064999999992,-0.17284631500000003,-0.06510075500000001,-0.06713303500000001,0.07369846499999999,-0.12094661500000004,-0.056371185000000046,-0.0035417349999999903,0.07408547499999996,-0.10648243499999999,-0.025563785000000006,0.002304494999999962,0.02556378499999995,-0.002304494999999962,-0.014452085000000003,0.10478413499999994,0.030372084999999993,0.11402796500000001,-0.012007785000000049,0.21556506499999994,0.004201594999999947,0.23876996500000003,-0.00941460999999999,0.08758139999999998,0.008729569999999964,0.06359130000000002,0.0472514,0.05189969999999999,0.00038700999999996544,0.014464180000000049,0.011111700000000002,0.10247963999999998,0.002444299999999955,0.11078093,0.004808300000000043,0.11633245999999997,-0.026170490000000046,0.12474200000000002,0.08213321000000001,-0.018131880000000045,0.051127569999999956,-0.004608989999999924,0.031357204913271555,0.11492344226962445
-0.017974099999999993,-0.2141687550000001,-0.023374969999999995,-0.22198616500000007,-0.016765470000000005,-0.22234388500000007,-0.039668819999999994,-0.2127176750000001,-0.0055057299999999865,-0.2157418350000001,-0.05589844999999999,-0.15024518500000011,0.026859650000000013,-0.1686514850000001,-0.06436930000000002,-0.06347890500000009,0.07392425000000002,-0.1179357350000001,-0.05571581999999997,-0.014706995000000112,0.07239652000000002,-0.1037693850000001,-0.0251961,0.0037439649999999602,0.0251961,-0.0037439650000000713,-0.014014240000000011,0.1114025649999999,0.031298170000000014,0.10991966499999994,-0.009237999999999968,0.2245767649999999,0.007910399999999984,0.23676376499999996,-0.00847085000000003,0.08676628000000003,0.008653480000000047,0.048771909999999974,0.04706460000000001,0.050715750000000004,-0.001527730000000005,0.014166349999999994,0.011181859999999988,0.10765859999999994,0.004776240000000043,0.1131742,0.006102070000000015,0.11366363000000002,-0.02338777000000003,0.12684410000000002,0.0827581,-0.018406299999999987,0.0503922,-0.0074879300000000315,0.03566358414124975,0.11060273185754865
-0.008186004999999996,-0.21201893,-0.015482474999999996,-0.21948378000000002,-0.008391824999999964,-0.22026982,-0.037070504999999976,-0.21050195,-0.003383864999999986,-0.21280633,-0.05466347499999996,-0.14790078,0.025906415000000016,-0.16652095,-0.06225785499999997,-0.06147497000000002,0.072117875,-0.11624061000000002,-0.052704174999999964,-0.006231890000000018,0.07591540499999999,-0.09733548000000003,-0.024784425,0.004057549999999965,0.024784425,-0.004057550000000021,-0.014645694999999959,0.11231044999999995,0.03457841500000003,0.10249704999999998,-0.010940695,0.22304155000000003,0.012060475000000015,0.22727295000000003,-0.007594380000000012,0.08642580999999999,0.009553680000000009,0.05524308,0.04621145999999998,0.05028033999999998,0.0037975299999999934,0.018905129999999992,0.01013873000000004,0.10825289999999999,0.0037049999999999583,0.11073110000000008,0.00979399000000003,0.1065546,-0.022517940000000014,0.12477590000000005,0.08056988999999998,-0.01862016999999999,0.04956885,-0.008115099999999986,0.029755419936141007,0.10637269076621735
-0.007934750000000046,-0.20826816999999997,-0.01504758000000006,-0.21557111999999995,-0.00825372000000002,-0.21622033999999996,-0.03686520000000004,-0.20708681999999995,-0.0028676100000000204,-0.20879794999999995,-0.053797390000000056,-0.14860075,0.025679379999999974,-0.16292055,-0.061967910000000015,-0.06352232999999996,0.07136274999999997,-0.10963110999999998,-0.05081155000000004,-0.004363289999999964,0.06908586999999994,-0.10340844999999999,-0.02473835000000002,0.0033433299999999777,0.024738349999999965,-0.0033433299999999777,-0.016465600000000025,0.11154813000000008,0.03496204999999997,0.10031623,-0.014330300000000018,0.22192926000000002,0.015901449999999984,0.22699473000000003,-0.008170519999999959,0.08507842000000004,0.011156359999999976,0.059159039999999996,0.04568337,0.05328944000000002,-0.0022768800000000367,0.006222659999999991,0.008272749999999995,0.1082048000000001,0.0021353000000000066,0.11038112999999994,0.010223700000000002,0.10365955999999998,-0.019060599999999983,0.12667850000000003,0.07947677000000003,-0.014319799999999994,0.049476699999999985,-0.006686659999999955,0.02718830171350171,0.10945195645014666
0.0011610999999999705,-0.204436615,-0.007402960000000014,-0.21185524500000003,-0.00038704000000000516,-0.21277381500000003,-0.03326070000000003,-0.205125495,-0.0016137400000000302,-0.20563747500000001,-0.05298460000000005,-0.148014855,0.024644319999999942,-0.158451275,-0.06289324000000002,-0.06451897500000003,0.06994226999999997,-0.103276325,-0.04883358000000004,-0.009480495000000033,0.06569329999999995,-0.100493895,-0.024467920000000032,0.0023965049999999932,0.024467919999999976,-0.0023965049999999932,-0.017299300000000017,0.11457456499999996,0.03431346999999996,0.10354836499999998,-0.01740240000000004,0.22574402500000001,0.020728079999999982,0.23234802499999996,-0.009908639999999969,0.08349587999999997,0.014059659999999974,0.05503848,0.04529795000000003,0.05517495,-0.0042489700000000186,0.0027824300000000024,0.007168620000000014,0.11217805999999997,-0.00010310000000002262,0.11116946000000005,0.00984554999999998,0.10594486999999997,-0.013585389999999975,0.12879965999999998,0.07762891999999999,-0.010436420000000002,0.04893584000000001,-0.0047930099999999864,0.027106244967453556,0.10640784689559553
0.007461309999999999,-0.19723775,0.00012285000000000768,-0.2062194,0.004431669999999999,-0.2069646,-0.026585990000000004,-0.20135097000000002,0.00016590999999999134,-0.20042853,-0.05023071000000001,-0.14592795000000003,0.02390331000000001,-0.15082874000000002,-0.06109093999999998,-0.06191960000000002,0.06914693,-0.09947090000000003,-0.04677909000000002,-0.004491940000000028,0.06261134000000002,-0.0951726,-0.02485925,-7.952999999999433e-05,0.02485925,7.952999999999433e-05,-0.018838369999999993,0.11092059999999998,0.03691116,0.11087330000000001,-0.01959702000000002,0.22554566000000004,0.03172225000000001,0.23343505000000003,-0.01086022999999997,0.08400835000000001,0.01431184999999996,0.05742765999999999,0.045243619999999984,0.05135783999999999,-0.00653558999999998,0.004298300000000033,0.006020880000000006,0.11100012999999997,-0.0007586500000000274,0.11462506000000006,0.012051909999999999,0.11079377000000001,-0.005188909999999991,0.12256175000000002,0.07413402000000002,-0.004900789999999988,0.0497185,0.00015905999999998865,0.022359533707877303,0.10246066839965959
0.00979276999999995,-0.19329219000000003,0.00285481999999998,-0.20247489000000002,0.006364999999999954,-0.20295849,-0.02331966000000002,-0.19873377000000003,0.00015289999999995585,-0.19724211000000003,-0.04823038000000002,-0.14317217,0.022914799999999957,-0.14789095000000002,-0.059710770000000024,-0.05968135000000002,0.06470123,-0.09679449000000001,-0.0452785,-0.004611819999999989,0.05548845999999996,-0.08714169,-0.0242425,8.6189999999986e-05,0.0242425,-8.6189999999986e-05,-0.020717150000000017,0.11289906999999999,0.03566828,0.11146290999999997,-0.021828100000000017,0.22968750999999998,0.03398551999999999,0.22940371000000004,-0.011480390000000007,0.08349081999999997,0.014432270000000025,0.05506953000000003,0.04178643000000004,0.05109646000000001,-0.009212770000000037,0.009652800000000017,0.0035253499999999827,0.11281288,-0.0011109499999999994,0.11678844,0.011425779999999996,0.11154909999999996,-0.0016827600000000054,0.11794080000000007,0.07114517999999997,-0.0047187800000000335,0.048485,-0.000172379999999972,0.021554224503797386,0.09249308134434488
0.009983375000000017,-0.18987139999999997,0.0026708250000000433,-0.19867896999999995,0.007978375000000038,-0.19912963999999994,-0.023798974999999944,-0.19494773999999992,0.0028981550000000134,-0.19405073999999994,-0.04667568499999997,-0.14120097999999998,0.023048475000000013,-0.14567976999999993,-0.05890640499999994,-0.05955617999999996,0.05902809500000006,-0.09565251999999996,-0.047361464999999936,-0.006147109999999956,0.05007639500000005,-0.09904657999999994,-0.023411574999999962,0.0006352600000000264,0.023411575000000018,-0.0006352599999999708,-0.023045824999999964,0.11475846,0.032907515000000054,0.10905866000000008,-0.025910554999999946,0.2281965600000001,0.03361463500000006,0.22845561000000003,-0.012230719999999973,0.08164480000000002,0.011544940000000004,0.05340907,0.035979620000000045,0.05002724999999997,-0.008951700000000007,-0.0033940599999999765,0.000365749999999998,0.11412319999999998,-0.002864729999999982,0.1134381000000001,0.009495940000000036,0.10969392000000006,0.0007071200000000055,0.11939694999999995,0.06972415999999998,-0.004478789999999955,0.04682314999999998,-0.0012705199999999972,0.024891720989698534,0.10195979859618591
0.008309414999999987,-0.18676114,0.0011996149999999872,-0.19479188999999997,0.006712834999999973,-0.19509462,-0.024160845000000042,-0.19013491999999999,0.002133174999999987,-0.18962955999999997,-0.04530336500000004,-0.13632985999999997,0.02041085499999995,-0.14187619,-0.05924548500000004,-0.06003442999999997,0.054303434999999955,-0.09266982000000001,-0.050541835000000035,-0.0060946399999999845,0.04204820499999995,-0.08973372000000002,-0.022192315000000018,0.0015127600000000019,0.022192314999999962,-0.0015127600000000019,-0.02688489500000002,0.11720204000000001,0.026173734999999976,0.10782334000000005,-0.03009439500000005,0.22782629,0.030559794999999945,0.22319254,-0.013942120000000002,0.07629543,0.008703650000000007,0.05393978999999999,0.033892580000000005,0.04920637,-0.012255230000000006,0.002936099999999997,-0.004692580000000002,0.11568928,-0.0032095000000000318,0.11062424999999998,0.003981420000000013,0.10933610000000005,0.004386059999999969,0.11536919999999995,0.06571421999999999,-0.005546330000000044,0.04438462999999998,-0.0030255200000000038,0.02935247551724387,0.09042783946890307
0.013238705000000017,-0.17861160999999998,0.0063895050000000175,-0.18732335,0.011582134999999993,-0.18745771,-0.019005894999999995,-0.18600894,0.00586378500000001,-0.18488468000000002,-0.041874195,-0.13573131,0.02193468500000001,-0.13941951000000002,-0.054716345,-0.061973290000000014,0.053346065,-0.08926244,-0.04419296499999997,-0.017181979999999986,0.04582700500000003,-0.08388421000000001,-0.021713134999999995,0.0012169599999999892,0.021713134999999995,-0.0012169599999999892,-0.027329745000000016,0.11618671999999997,0.024486755000000027,0.10710288999999995,-0.03180199499999997,0.22658659000000003,0.029111865000000015,0.21643535999999997,-0.012842149999999997,0.07375801999999998,0.010523380000000027,0.04479131000000003,0.03141137999999999,0.050157070000000026,-0.007519059999999966,0.005378229999999984,-0.005616610000000022,0.11496975999999998,-0.004472249999999955,0.11039987000000007,0.002773620000000032,0.10831984999999994,0.004625109999999988,0.10933247000000001,0.06380888000000001,-0.0036882000000000303,0.04342626999999999,-0.0024339199999999783,0.029049333037997588,0.0861124436358614
0.018125310000000006,-0.17951714000000002,0.011991150000000006,-0.18831923,0.01620425000000003,-0.18832799,-0.013137330000000003,-0.18596935000000003,0.011136130000000022,-0.18407979000000002,-0.037641869999999966,-0.13660049000000002,0.025400210000000034,-0.13658599,-0.05192835000000001,-0.06628525000000002,0.05343578999999998,-0.08349530999999999,-0.031039700000000003,-0.03992104000000002,0.04898097000000001,-0.09662717000000004,-0.02156268,0.0005928899999999571,0.02156268,-0.0005928900000000126,-0.026699150000000005,0.11450496999999993,0.02423362000000001,0.10502310999999998,-0.034690600000000016,0.22259023999999994,0.025874090000000016,0.21299700999999993,-0.014286480000000046,0.07031524,0.02088865000000001,0.02636421,0.02803557999999995,0.05309068,-0.0044548199999999705,-0.01313186000000005,-0.005136470000000004,0.11391207999999997,-0.007991450000000011,0.10808527000000001,0.0026709400000000105,0.10561599999999999,0.001640470000000005,0.10797389999999996,0.06304208,1.4500000000028379e-05,0.04312536,-0.0011857799999999696,0.041607600653309706,0.09987164543373912
0.02311571000000001,-0.17717490999999996,0.01741998,-0.18618996999999998,0.02079348000000003,-0.18598411999999998,-0.0066112099999999785,-0.18534321999999998,0.013458640000000022,-0.18296513999999997,-0.03312272999999999,-0.13539107,0.026903830000000017,-0.13342864999999998,-0.047938460000000016,-0.06277833999999999,0.05293450999999999,-0.0800863,-0.04035643999999999,-0.012333199999999989,0.05175190000000002,-0.09467276999999996,-0.020650639999999998,0.00030110999999999333,0.020650639999999998,-0.00030110999999999333,-0.02764015999999997,0.11172103000000005,0.024256009999999995,0.10266592999999996,-0.03571323999999998,0.21831118,0.020619410000000005,0.20764573000000003,-0.014815730000000027,0.07261273000000001,0.007582020000000023,0.05044514,0.026030679999999973,0.05334234999999998,-0.0011826099999999728,-0.014586469999999963,-0.006989519999999971,0.11141992000000006,-0.00807308000000001,0.10659014999999994,0.0036053699999999966,0.10296703999999995,-0.00363659999999999,0.10497980000000007,0.06002656000000001,0.0019624200000000203,0.041301279999999996,-0.0006022199999999867,0.02340821101272157,0.0993644734537611
0.02792876999999999,-0.17280763,0.022757309999999975,-0.18194535,0.02591827999999996,-0.18164715000000003,-0.0008783300000000382,-0.18208135000000003,0.01983767999999997,-0.17951509,-0.02853279000000003,-0.13522937000000002,0.03168660999999995,-0.13163785,-0.045780390000000004,-0.06571695,0.053074839999999956,-0.07683445,-0.028672870000000017,-0.025184570000000017,0.04728966999999995,-0.09102213000000003,-0.020839930000000007,-8.384999999999643e-05,0.02083992999999995,8.384999999999643e-05,-0.025496750000000012,0.11178874999999994,0.023359309999999966,0.10458795000000004,-0.03798503000000003,0.21928639,0.01823952999999995,0.21167339000000002,-0.017247599999999974,0.06951242000000002,0.017107519999999987,0.04053237999999998,0.021388230000000008,0.0548034,-0.005785170000000006,-0.014187680000000036,-0.004656820000000006,0.11187259999999993,-0.012488280000000018,0.10749764000000006,0.0025193800000000155,0.10450410000000004,-0.005119780000000018,0.10708543999999998,0.06021939999999998,0.0035915200000000147,0.04167985999999996,0.00016769999999999285,0.026294506908516105,0.09486774129190599
0.03138445500000003,-0.16839572999999997,0.026392615000000008,-0.17718766999999996,0.028627265000000013,-0.17716612999999998,0.0031351150000000216,-0.17952314999999996,0.01863004500000004,-0.17684606999999997,-0.027831214999999965,-0.13474045999999995,0.031057645000000023,-0.12955174999999997,-0.04707960499999997,-0.06680202999999996,0.04875774500000002,-0.07257382999999995,-0.03622542499999998,-0.02619926999999994,0.03659533500000001,-0.07739532999999993,-0.020422354999999948,-0.0004630499999999649,0.020422355000000003,0.0004630500000000204,-0.02823808499999997,0.10920207000000004,0.019984475,0.10512397000000007,-0.03958018499999999,0.21496533000000007,0.012010565000000029,0.21045004,-0.019248390000000004,0.06793843,0.010854179999999991,0.040602760000000016,0.017700099999999996,0.056977920000000015,-0.012162410000000012,-0.004821499999999979,-0.00781573000000002,0.10966512,-0.011342100000000022,0.10576326000000003,-0.0004378800000000016,0.10466092000000005,-0.007973909999999973,0.10532606999999994,0.05888885999999999,0.005188709999999985,0.04084470999999995,0.0009260999999999853,0.030200828487200473,0.0795203912107127
0.03320210000000001,-0.17123086999999998,0.02817780999999997,-0.180404,0.03021400000000002,-0.17981078,0.004051729999999976,-0.18308041999999997,0.01875410999999999,-0.17838915,-0.028303789999999995,-0.13725484999999998,0.03179543000000001,-0.13090638999999998,-0.04422457000000002,-0.07199281999999996,0.044854630000000006,-0.07516351999999998,-0.027944520000000028,-0.03950151999999996,0.029772509999999974,-0.058525369999999965,-0.021314339999999987,-0.001066850000000008,0.021314339999999987,0.001066850000000008,-0.03226298999999999,0.10482608000000004,0.02064750999999998,0.10515288,-0.044645639999999986,0.21275738,0.0075581200000000015,0.20228298,-0.015920780000000023,0.06526203000000003,0.01628004999999999,0.0324913,0.013059199999999993,0.05574287,-0.015082120000000032,0.016638150000000018,-0.010948650000000004,0.10589293000000005,-0.012382649999999995,0.10793129999999995,-0.0006668300000000071,0.10408603,-0.013089389999999979,0.0971301,0.06009922000000001,0.00634846,0.042628679999999974,0.002133700000000016,0.03900234794010864,0.060189478518070716
0.03660837,-0.1659925,0.03189427,-0.17495272,0.033875880000000025,-0.17479646999999998,0.007613330000000029,-0.17925908999999995,0.02161550000000001,-0.17534339,-0.0259046,-0.13755193,0.03109723000000003,-0.12800076999999999,-0.042900380000000016,-0.06932812999999999,0.04365867000000001,-0.07017269999999998,-0.030183499999999974,-0.026353669999999996,0.036369739999999984,-0.07085251999999997,-0.020165739999999988,-0.001973210000000003,0.020165739999999988,0.001973210000000003,-0.029712879999999997,0.10215203,0.021274269999999984,0.10545120000000002,-0.04429939999999999,0.20884893,0.006006600000000029,0.20181643,-0.016995780000000016,0.0682238,0.012716880000000041,0.04297445999999999,0.01256143999999998,0.05782807000000001,-0.007288930000000027,-0.0006798199999999976,-0.00954714000000001,0.10412524000000001,-0.014586519999999992,0.10669689999999998,0.0011085299999999965,0.10347799000000002,-0.015267669999999955,0.09636522999999997,0.05700183000000003,0.009551160000000003,0.040331479999999975,0.003946420000000006,0.0263583448878946,0.07460667909800635
0.037430609999999975,-0.16301792999999998,0.03186884000000001,-0.17167262,0.03562035999999996,-0.17189122,0.00665530999999997,-0.1758617,0.025460270000000007,-0.17278856999999997,-0.02349290000000004,-0.13460153999999996,0.03274852,-0.1281661,-0.04232773000000001,-0.06829256,0.042740489999999964,-0.07116827999999997,-0.031643840000000034,-0.019511139999999982,0.03191455999999998,-0.04637419999999998,-0.01978481000000004,-0.0016740000000000088,0.019784809999999986,0.0016740000000000088,-0.025500330000000015,0.10117800000000005,0.020098740000000004,0.10840270000000002,-0.04283872,0.20423236000000006,0.004313559999999994,0.20844959999999996,-0.01883482999999997,0.06630897999999996,0.010683889999999974,0.04878142000000002,0.009991969999999961,0.05699782000000003,-0.010825929999999984,0.024794079999999996,-0.005715519999999974,0.10285200000000005,-0.01733838999999998,0.10305436000000001,0.0003139300000000178,0.10672870000000001,-0.01578518000000001,0.10004689999999994,0.05624142000000004,0.006435439999999959,0.03956962000000003,0.0033480000000000176,0.021419620816450016,0.04955562892651549
0.03808418999999996,-0.16090214000000003,0.032667559999999984,-0.16963055999999999,0.03605181999999996,-0.16991045999999999,0.008181519999999998,-0.17424029000000002,0.024988309999999958,-0.17137686000000002,-0.022933079999999995,-0.13190976,0.032659119999999986,-0.12794396000000002,-0.04051300000000002,-0.06700408000000002,0.04043711,-0.07072493000000002,-0.026800290000000004,-0.014215289999999992,0.028931539999999978,-0.015446179999999976,-0.019563510000000006,-0.001377459999999997,0.019563510000000006,0.001377459999999997,-0.024089180000000043,0.09984404000000002,0.01915646999999998,0.10928967999999994,-0.03934159000000004,0.20541573999999996,0.0009893599999999947,0.20967809000000004,-0.017579920000000027,0.06490567999999997,0.013712710000000017,0.05278879000000003,0.007777990000000012,0.057219030000000004,-0.01150557000000002,0.05527875000000004,-0.004525670000000037,0.10122150000000002,-0.015252409999999994,0.10557169999999994,-0.00040704000000002516,0.10791221999999995,-0.018167109999999986,0.1003884100000001,0.05559219999999998,0.003965799999999964,0.03912702000000001,0.002754919999999994,0.014737057504037223,0.01925603409143478
0.03905008499999996,-0.15967190000000003,0.03375853499999998,-0.16895535,0.03731335499999994,-0.16952215000000004,0.008969514999999928,-0.17201221,0.029423414999999953,-0.17002182999999998,-0.019696635000000073,-0.13126468000000002,0.03295896499999995,-0.12570314999999999,-0.03916503500000007,-0.06469011000000002,0.040870944999999936,-0.07020005000000001,-0.02065004500000006,-0.03449405,0.04412051499999997,-0.08182305000000001,-0.01793421500000003,-0.0016176700000000155,0.017934214999999976,0.0016176700000000155,-0.01671848500000006,0.09816412000000002,0.018322864999999966,0.10483634999999997,-0.03283135500000006,0.19641835000000002,0.001876114999999956,0.20885125,-0.019468399999999997,0.06657457,0.01851499000000001,0.030196060000000025,0.007911979999999985,0.05550309999999997,0.003249570000000035,-0.011622999999999994,0.0012157299999999704,0.09978179000000004,-0.01611287,0.09825423,0.0003886499999999904,0.10321867999999995,-0.01644675000000001,0.10401490000000002,0.052655600000000025,0.005561530000000037,0.03586843000000001,0.003235340000000031,0.032988363016271345,0.08745327930848794
0.03919049000000002,-0.16032322999999998,0.03358093000000001,-0.1695126,0.037546210000000024,-0.17009601000000002,0.008089060000000037,-0.17345776000000002,0.028185569999999993,-0.17126016,-0.021014699999999997,-0.13315026000000002,0.03225893000000002,-0.12579054,-0.04230737000000001,-0.06960146,0.040940809999999994,-0.07202491,-0.03698366999999997,-0.027469809999999983,0.04356419,-0.07486713,-0.017908270000000004,-0.0019613199999999886,0.017908270000000004,0.0019613199999999886,-0.015804470000000015,0.09790203999999997,0.01702838000000001,0.10524293999999995,-0.030097969999999974,0.19631630000000005,-0.002261869999999999,0.20784754,-0.021292670000000014,0.06354880000000002,0.005323700000000042,0.04213165000000002,0.008681879999999975,0.05376563000000001,0.0026233800000000085,-0.0028422200000000064,0.002103799999999989,0.09986335999999996,-0.014293499999999959,0.09841426000000009,-0.0008798899999999943,0.10328161999999996,-0.01929025000000001,0.10260460000000005,0.053273630000000016,0.007359720000000014,0.03581654000000001,0.003922639999999977,0.031852063469108224,0.0809989935767655
0.04077708499999999,-0.159686135,0.03520211499999998,-0.16874022500000002,0.038951634999999984,-0.16926170500000004,0.010020704999999963,-0.17238493500000002,0.027901054999999952,-0.16999904500000002,-0.019793415000000036,-0.131859045,0.030319804999999977,-0.12261111500000005,-0.04238268500000003,-0.06338231500000002,0.04024961499999996,-0.06792340500000005,-0.03632566500000006,-0.011810175000000034,0.04994948499999996,-0.086996505,-0.016577245000000018,-0.002846105000000043,0.016577244999999963,0.0028461049999999877,-0.010470785000000038,0.09472152499999997,0.017930624999999978,0.105807125,-0.022085345000000034,0.18925096499999994,-0.0021021350000000605,0.20973636499999992,-0.022589269999999995,0.06847672999999999,0.0060570199999999685,0.05157213999999999,0.009929809999999983,0.05468771,0.00969987,-0.019073099999999954,0.00610645999999998,0.09756763000000002,-0.011614559999999996,0.09452943999999996,0.0013533800000000151,0.10296102000000001,-0.02003276000000004,0.10392923999999992,0.050113220000000014,0.00924792999999996,0.03315448999999998,0.005692210000000031,0.021687661087846737,0.09584049756877151
0.03981770499999998,-0.158047485,0.03416846499999998,-0.16701494500000003,0.037860444999999965,-0.166995065,0.009809154999999958,-0.170786225,0.025890205,-0.168012985,-0.01956592500000004,-0.13044424500000001,0.027907925,-0.12299788500000003,-0.042483165000000045,-0.062212665,0.03913583499999995,-0.06982548500000002,-0.03680389500000003,-0.01575823500000001,0.05120770499999999,-0.08604915499999999,-0.015167935000000021,-0.0024987850000000034,0.015167934999999966,0.0024987850000000034,-0.008975795000000009,0.09428691500000003,0.01519030499999996,0.104832745,-0.019795074999999995,0.19399271499999998,-0.0061441750000000295,0.20884221499999994,-0.022917240000000005,0.06823158000000001,0.005679270000000014,0.04645442999999999,0.011227909999999952,0.05317240000000001,0.01207187000000004,-0.016223669999999968,0.006192140000000013,0.09678570000000003,-0.010819279999999987,0.09970579999999996,2.2369999999993784e-05,0.10233396,-0.02133447999999999,0.10400946999999994,0.04747385000000004,0.007446359999999985,0.030335869999999987,0.004997570000000007,0.02537573209631794,0.09560126934249619
0.03971812999999996,-0.15751777000000006,0.03466960999999996,-0.16692374000000004,0.03731907000000001,-0.16696738000000005,0.01121359999999999,-0.17024232000000006,0.024016079999999995,-0.16752322000000003,-0.018632950000000037,-0.12885234,0.026775729999999998,-0.11918469000000004,-0.03932002000000001,-0.05802946000000003,0.03925066999999999,-0.06454761000000003,-0.03997187000000002,-0.0008569200000000388,0.05107318999999999,-0.08508797000000001,-0.014375269999999996,-0.002970980000000012,0.014375269999999996,0.0029709799999999564,-0.008777740000000034,0.09481385999999992,0.01188796999999997,0.10703502999999992,-0.011376019999999987,0.19742779999999993,-0.009382250000000036,0.21265451999999996,-0.020687069999999974,0.07082287999999998,-0.0006518500000000094,0.057172539999999994,0.01247493999999999,0.054637080000000005,0.011822520000000003,-0.02054035999999998,0.005597529999999962,0.09778483999999993,-0.002598279999999953,0.10261394000000001,-0.0024873000000000256,0.10406404999999996,-0.021270220000000006,0.10561949000000004,0.045408680000000035,0.009667649999999972,0.02875053999999999,0.005941959999999968,0.025683753254608276,0.09539976943069042
0.038004044999999986,-0.14881791500000002,0.03277298499999998,-0.15804510500000002,0.036594484999999954,-0.158573105,0.009074894999999972,-0.162709255,0.025775614999999974,-0.16136209500000004,-0.017628935000000012,-0.12482641500000002,0.026721984999999948,-0.11617533499999999,-0.03798750500000003,-0.05350460500000004,0.039481344999999946,-0.060325834999999994,-0.04179898500000001,0.010193834999999984,0.04703119499999997,-0.067221215,-0.013622045000000027,-0.0030512050000000013,0.013622044999999972,0.0030512050000000013,-0.0031071050000000544,0.09571776499999995,0.008646194999999968,0.11143041499999995,-0.010381845,0.198007865,-0.012875435000000046,0.21512241499999996,-0.02035857000000002,0.07132180999999999,-0.0038114799999999782,0.06369844000000002,0.012759359999999997,0.055849499999999996,0.007549850000000025,-0.0068953800000000065,0.010514939999999973,0.09876896999999996,-0.007274739999999946,0.10229010000000005,-0.004975850000000004,0.10837920999999995,-0.021521630000000014,0.103692,0.04435091999999996,0.008651080000000033,0.02724409,0.0061024100000000026,0.031134723900577612,0.07780992427948315
0.03842517499999998,-0.15051938999999998,0.03285659499999999,-0.15907984999999997,0.036646815,-0.15939118999999996,0.010136394999999965,-0.16250689999999995,0.02288329499999997,-0.16093896999999996,-0.018800225000000004,-0.12243582999999997,0.025750934999999975,-0.11565844999999997,-0.04045873500000002,-0.05286131999999999,0.038007614999999995,-0.06232862999999994,-0.04506385500000004,0.00950063000000001,0.04869547499999999,-0.07831364999999996,-0.012940435000000028,-0.0018236499999999545,0.012940434999999972,0.00182365000000001,-0.0003870750000000145,0.09751735000000006,0.007341924999999971,0.10961664999999998,-0.0034690750000000437,0.1938105,-0.018400725000000007,0.20987365000000002,-0.02165851000000002,0.06957450999999998,-0.004605120000000018,0.06236195,0.01225668000000002,0.05332982000000003,0.010687859999999993,-0.015985020000000016,0.012553360000000013,0.09934100000000001,-0.003082000000000029,0.09629314999999994,-0.005598510000000001,0.10779299999999997,-0.025742649999999978,0.10025700000000004,0.04455115999999998,0.0067773799999999995,0.02588087,0.0036472999999999645,0.034061025087551315,0.08775197853434187
0.03727064499999999,-0.15108590500000002,0.03132201499999998,-0.15995334500000002,0.03522578500000001,-0.16018582500000006,0.009003234999999998,-0.16197444500000002,0.022082635000000017,-0.15987090500000006,-0.017593075000000014,-0.12103746500000007,0.025821935000000018,-0.11597460500000006,-0.03963356499999998,-0.05416648500000004,0.03657514500000003,-0.06540070500000006,-0.04905093500000002,0.005949694999999977,0.04727331499999998,-0.07519017500000003,-0.011889435000000004,-0.0015225550000000365,0.011889435000000004,0.001522554999999981,0.003763385000000008,0.09365669499999996,0.004001415000000008,0.10720275499999998,0.012208645000000018,0.18186079499999996,-0.02135725500000002,0.207884395,-0.022040489999999968,0.06687098000000002,-0.009417370000000036,0.06011618000000002,0.010753210000000013,0.050573900000000005,0.010698169999999951,-0.009789469999999967,0.01565282000000001,0.09517924999999999,0.00844526000000001,0.08820410000000001,-0.007888019999999996,0.1056802,-0.025358670000000028,0.10068164000000002,0.04341501000000003,0.005062860000000002,0.023778870000000008,0.0030451100000000175,0.03790529781326749,0.08447994973901973
0.038182859999999985,-0.15092823,0.03284416000000001,-0.15997243,0.03560403000000001,-0.16005501,0.011906709999999987,-0.16219359,0.022087190000000034,-0.15945674999999998,-0.01605488999999999,-0.12114659,0.027143509999999982,-0.11516504999999999,-0.04131024999999999,-0.05673650000000002,0.03586191,-0.06346744999999998,-0.05252414999999999,0.0018002500000000032,0.045108530000000036,-0.06445645,-0.011645110000000014,-0.001883250000000003,0.011645110000000014,0.001883250000000003,0.005420829999999988,0.08817575,0.0035846800000000067,0.10551765000000002,0.016344760000000014,0.17190114999999995,-0.023068929999999988,0.20548345,-0.025255360000000004,0.06441008999999998,-0.011213899999999999,0.058536750000000026,0.008718400000000015,0.05169760000000001,0.009246620000000039,-0.0009890000000000176,0.01706594,0.090059,0.010923930000000026,0.08372539999999995,-0.008060430000000007,0.10363440000000002,-0.026653609999999994,0.0999658,0.04319839999999997,0.005981540000000007,0.023290220000000028,0.003766500000000006,0.04104465962304473,0.07430179186390058
0.037418905,-0.14668678500000004,0.03220182500000002,-0.15582962500000003,0.03542867500000002,-0.155958425,0.011214435000000023,-0.15871097500000003,0.023634965000000008,-0.15631514500000004,-0.016485454999999982,-0.12068938500000004,0.027924775000000013,-0.11348476500000004,-0.04081654499999998,-0.05791106500000004,0.03543066500000003,-0.06141059500000001,-0.054458494999999996,-0.0015883950000000202,0.045744265000000006,-0.06605350500000001,-0.011949865000000004,-0.0022286250000000396,0.011949865000000004,0.002228624999999984,0.00590565500000001,0.08582347499999998,0.003550584999999995,0.10518360500000001,0.01880344500000003,0.17071653499999995,-0.02479579500000001,0.204567775,-0.02433109,0.06277832,-0.013641950000000014,0.05632267000000002,0.007505890000000015,0.05207417000000003,0.010313599999999978,-0.00464291,0.017855520000000014,0.08805210000000002,0.01289779000000002,0.08489305999999996,-0.008399280000000009,0.10295498000000003,-0.028346380000000004,0.09938417,0.044410229999999995,0.007204619999999995,0.023899730000000008,0.004457250000000024,0.042513451035287635,0.07618733981900733
0.03418003000000003,-0.14710203000000005,0.029464600000000007,-0.15609731000000004,0.031888379999999994,-0.15620736000000002,0.009654419999999997,-0.15870871000000003,0.01935996000000001,-0.15640784000000002,-0.01760575999999997,-0.11946461000000003,0.024215419999999988,-0.11191741000000005,-0.041334800000000005,-0.05703628000000005,0.03141660000000002,-0.061214270000000015,-0.0551681,0.0011301899999999754,0.041938260000000005,-0.06734133000000003,-0.011306480000000008,-0.002395190000000047,0.011306480000000008,0.0023951899999999915,0.002576500000000037,0.08694658999999993,-0.00036999999999998145,0.10737204,0.014534900000000017,0.17086289,-0.02890653999999998,0.20521544999999997,-0.023729040000000035,0.062428329999999976,-0.013833299999999993,0.058166470000000026,0.007201180000000029,0.050703140000000035,0.010521659999999988,-0.0061270600000000175,0.013882980000000045,0.08934177999999998,0.01195839999999998,0.08391630000000005,-0.011676479999999989,0.10497685000000001,-0.02853654,0.09784340999999996,0.04182117999999996,0.007547199999999976,0.022612960000000015,0.0047903800000000385,0.04400306822448634,0.0761675007314721
0.03442430499999999,-0.141545325,0.03023155500000002,-0.149923445,0.03215153500000001,-0.14979693500000002,0.012715505000000016,-0.152743825,0.018985854999999996,-0.151225975,-0.015687125000000024,-0.115825175,0.022054204999999993,-0.106510675,-0.03774894499999998,-0.053885915000000006,0.036039425000000014,-0.054648434999999995,-0.05373429499999999,0.0054128449999999995,0.044042705000000015,-0.06390855499999998,-0.009368525000000016,-0.005183525000000022,0.009368525000000016,0.005183525000000022,0.007372364999999992,0.08242842499999997,0.0045512449999999816,0.11267438499999999,0.012243004999999973,0.17151477499999995,-0.030694115000000022,0.212680625,-0.022061819999999954,0.061939259999999996,-0.01598535000000001,0.059298760000000006,0.01398522000000002,0.051862240000000004,0.008003280000000002,-0.009260119999999983,0.016740890000000008,0.08761195,0.004870639999999982,0.08908634999999998,-0.004817280000000035,0.10749085999999997,-0.03524536,0.10000624000000002,0.03774133000000002,0.009314500000000003,0.018737050000000033,0.010367050000000044,0.04561364494172547,0.0773046847053838
0.031049345000000006,-0.15094851999999997,0.02660926500000005,-0.15872672,0.02825796500000005,-0.15864126,0.008767305000000003,-0.16053695,0.013680185000000011,-0.15895885999999998,-0.018945734999999964,-0.12146288999999999,0.01689626500000002,-0.11322937,-0.04053220499999999,-0.05984039000000002,0.030422065000000054,-0.06187549999999997,-0.053945754999999984,-0.00235945999999998,0.03836151500000001,-0.07301754999999999,-0.008666004999999977,-0.004534919999999998,0.008666005000000032,0.004534919999999998,0.006195725000000041,0.08514878000000003,0.005549405000000007,0.10728417999999995,0.004881235000000039,0.17444148000000004,-0.034286134999999995,0.20167973000000006,-0.021586470000000024,0.06162249999999997,-0.013413549999999996,0.05748093000000004,0.013525800000000032,0.051353870000000024,0.007939449999999959,-0.011142050000000014,0.014861730000000017,0.08968370000000003,-0.0013144900000000015,0.0892927,-0.003116600000000025,0.10274925999999995,-0.03983554,0.0943955500000001,0.035841999999999985,0.008233519999999994,0.01733201000000001,0.009069839999999996,0.04533197973036365,0.08304341585737546
0.027155660000000026,-0.15399535000000003,0.02375039000000001,-0.16170307000000006,0.0241768,-0.16142969000000007,0.006721670000000013,-0.16346802000000005,0.010628389999999988,-0.16163923000000002,-0.021753109999999964,-0.12223212000000006,0.016113480000000013,-0.11668934000000003,-0.04373971999999998,-0.05901567000000002,0.02381938,-0.06840591000000007,-0.05277267999999996,-0.004426940000000046,0.03475701000000003,-0.07954802000000005,-0.01052323999999999,-0.0022311300000000256,0.01052323999999999,0.00223112999999997,4.5710000000032114e-05,0.08560282999999991,0.005885940000000034,0.10177362999999995,-0.00851495999999996,0.17654022999999996,-0.036979859999999976,0.19099835999999992,-0.021986610000000018,0.06321645000000004,-0.009032959999999979,0.054588729999999974,0.007705899999999988,0.04828342999999996,0.010937630000000031,-0.011142109999999983,0.010568950000000021,0.08783395999999993,-0.008560669999999992,0.09093740000000006,-0.004637299999999955,0.09954249999999998,-0.04286580000000001,0.08922472999999997,0.03786658999999998,0.005542780000000025,0.02104647999999998,0.004462259999999996,0.04230646241261136,0.08529422596597853
0.027021174999999953,-0.155914675,0.023276484999999958,-0.16343469499999996,0.023949554999999956,-0.16284843499999996,0.005233524999999961,-0.16569478499999996,0.009959134999999952,-0.16333493499999996,-0.024710595000000057,-0.123967685,0.015543524999999947,-0.11983437499999999,-0.044504845000000015,-0.059109284999999956,0.024048254999999963,-0.07293503499999998,-0.04864138500000004,-0.009868235000000003,0.037098704999999954,-0.08696026499999998,-0.011710825000000036,-0.001787794999999981,0.01171082499999998,0.0017877950000000364,0.0006971349999999599,0.08615526500000004,0.01573127499999999,0.09519930500000007,-0.015114005000000041,0.175990125,-0.031315865000000054,0.17207086500000002,-0.019794249999999958,0.06485840000000004,-0.004136540000000022,0.04924104999999995,0.008504730000000016,0.04689934000000001,0.013050449999999991,-0.01402523,0.012407959999999996,0.08794306000000002,-0.01581114,0.08983485999999996,0.004020450000000009,0.09341151000000003,-0.04704714000000004,0.07687155999999995,0.040254120000000004,0.004133310000000001,0.023421650000000016,0.0035755900000000174,0.03780422955843962,0.0923079769286382
0.027704035000000016,-0.15038688500000003,0.023617465000000004,-0.15704342500000001,0.023340424999999998,-0.15740628500000003,0.006134075000000017,-0.159229705,0.007804265000000032,-0.156797725,-0.023097645,-0.11805264500000001,0.014545335000000048,-0.11629275500000003,-0.035129914999999956,-0.048293425,0.024865105,-0.06317214500000001,-0.03203703499999999,-0.014703675000000027,0.039675934999999996,-0.07758934500000003,-0.011121704999999982,-0.0016586050000000352,0.011121705000000037,0.0016586049999999797,0.004808855000000001,0.09055147499999994,0.028354985,0.09610302500000001,-0.011561164999999984,0.17578357499999997,-0.027275665000000004,0.16851427499999994,-0.012032269999999956,0.06975922000000001,0.0030928799999999645,0.033589749999999974,0.01031976999999995,0.05312061000000001,0.014810829999999997,-0.014417200000000019,0.015930559999999983,0.09221007999999997,-0.016370019999999985,0.08523210000000003,0.017233279999999962,0.09444442000000003,-0.055630650000000004,0.07241124999999993,0.03764298000000005,0.0017598899999999862,0.02224341000000002,0.003317210000000015,0.0246500482821799,0.08423527544975086
0.028304865000000012,-0.14923895000000004,0.025523964999999982,-0.15668707000000004,0.024769984999999994,-0.15644155000000004,0.008195864999999969,-0.15896115000000005,0.010798595000000022,-0.15696790000000005,-0.02204303499999999,-0.11993118000000003,0.015101185000000017,-0.11810901000000001,-0.034499535000000026,-0.049461770000000016,0.01955564500000001,-0.06829165000000004,-0.02557037499999998,0.0009003099999999598,0.03661640500000002,-0.07949399000000001,-0.012079665000000017,-0.0010759100000000132,0.012079665000000017,0.0010759099999999577,-0.007115535000000006,0.08543948999999995,0.026408164999999983,0.08830695,-0.015108204999999986,0.17661424999999997,-0.012505064999999982,0.16858779000000002,-0.012456500000000037,0.07046941000000001,0.008929160000000047,0.050362079999999976,0.004454459999999993,0.04981735999999998,0.017060760000000008,-0.011202339999999977,0.004964130000000011,0.08651539999999996,-0.00799266999999998,0.09117476000000002,0.014328499999999966,0.08723104000000004,-0.038913229999999965,0.08028084000000002,0.037144220000000006,0.0018221700000000118,0.024159330000000034,0.002151819999999971,0.013634687447554448,0.08422327704285554
0.027697660000000013,-0.146837565,0.024340689999999998,-0.154039765,0.02506606,-0.154321665,0.005368560000000022,-0.156283465,0.012471759999999998,-0.15533280499999996,-0.02246530999999996,-0.12076091499999997,0.014611490000000005,-0.11893238499999997,-0.03361611999999997,-0.052997464999999966,0.019518919999999995,-0.07024408499999996,-0.027731359999999983,-0.0033538349999999717,0.034530019999999995,-0.07605394499999996,-0.012127459999999979,-0.001268384999999983,0.012127460000000034,0.0012683850000000385,-0.009850409999999976,0.08165246500000001,0.024054110000000017,0.08778977500000007,-0.01280783999999996,0.16976841500000006,-0.007198869999999968,0.169473765,-0.011150810000000011,0.06776345,0.005884759999999989,0.049643629999999994,0.00490742999999999,0.04868830000000002,0.0150111,-0.00580986,0.0022770500000000027,0.08292084999999999,-0.002957429999999983,0.08811595000000005,0.011926649999999983,0.08652139000000003,-0.031252979999999986,0.08168398999999993,0.037076799999999965,0.0018285299999999949,0.024254920000000013,0.0025367700000000215,0.015742642627986574,0.08050228202468858
0.03209442999999995,-0.14231563000000003,0.029083849999999967,-0.15005216999999998,0.02891147999999999,-0.149725,0.01035883999999998,-0.15192694,0.01633403,-0.14909246999999998,-0.017388550000000003,-0.11673203999999998,0.017600479999999974,-0.11299467000000002,-0.02969864,-0.05446745000000003,0.021026169999999955,-0.06453057000000001,-0.01791757000000005,-0.01617384999999999,0.03854286999999995,-0.06617022,-0.011803570000000041,-0.0013142700000000063,0.011803569999999985,0.0013142700000000063,-0.00915262,0.08205780000000001,0.02676308999999999,0.08571769999999995,-0.01016223000000005,0.17224102999999996,0.0029755299999999485,0.17174269999999997,-0.012310089999999996,0.06226458999999995,0.011781069999999949,0.03829360000000004,0.0034256899999999813,0.04846410000000001,0.017516699999999996,-0.0016396499999999925,0.0026509500000000408,0.08337207000000002,-0.0010096100000000496,0.09018322999999995,0.014959520000000004,0.08440342999999995,-0.02378756000000004,0.08602500000000002,0.03498902999999998,0.003737369999999962,0.023607140000000026,0.0026285400000000125,0.016068233063296026,0.07258888726967853
0.03051890500000004,-0.14055898500000003,0.028264504999999995,-0.147442825,0.027121265000000006,-0.14714976500000004,0.012122605000000009,-0.150465925,0.013829425000000006,-0.148180545,-0.015442175000000002,-0.11492782500000004,0.015300805000000028,-0.11271589500000001,-0.02924342499999999,-0.05804040500000002,0.021408874999999994,-0.06692537500000001,-0.011940764999999964,-0.029873125,0.036919545,-0.067816965,-0.010771945000000005,-0.001062155000000009,0.010771945000000005,0.001062155000000009,-0.012803364999999955,0.08361024499999997,0.025578335000000008,0.08730117499999995,-0.01898957499999998,0.16835332499999994,0.010258705000000035,0.16646713499999993,-0.013801249999999987,0.05688742000000002,0.017302660000000025,0.028167280000000017,0.0061080699999999655,0.04579052,0.015510670000000004,-0.0008915899999999977,-0.0020314199999999505,0.08467239999999998,-0.006186210000000025,0.08474307999999997,0.014806390000000003,0.08623901999999994,-0.015319629999999973,0.07916595999999998,0.03074298000000003,0.0022119300000000286,0.02154389000000001,0.002124310000000018,0.02883466893399852,0.0736751664927498
0.03131338,-0.144712165,0.029621620000000015,-0.15207196500000003,0.027675170000000027,-0.152464465,0.009605750000000024,-0.153224325,0.013960470000000003,-0.153520535,-0.014145479999999988,-0.11796906500000004,0.013914480000000007,-0.118323485,-0.021241549999999998,-0.06256253500000003,0.01989337000000002,-0.07058276499999999,0.001385750000000019,-0.05322096500000001,0.031603590000000015,-0.06266919500000001,-0.010960919999999985,-0.0006024350000000123,0.01096092000000004,0.0006024349999999568,-0.014870689999999964,0.08960423500000003,0.02356375000000005,0.08856123500000002,-0.027856449999999977,0.16963796499999995,0.018905750000000054,0.170230235,-0.00709607000000001,0.05540653000000001,0.022627300000000017,0.009341570000000021,0.0059788900000000145,0.047740720000000014,0.011710219999999993,0.007913569999999981,-0.003909769999999979,0.09020667000000004,-0.012985760000000013,0.08003372999999991,0.01260283000000001,0.08795880000000006,-0.0046579999999999955,0.08166899999999999,0.028059959999999995,-0.00035441999999996643,0.021921840000000026,0.001204869999999969,0.05404766377420767,0.06655388033455145
0.03447532500000006,-0.13560341000000004,0.032479285000000024,-0.14335359000000003,0.030780065000000023,-0.14251367000000004,0.015855265000000007,-0.1468815,0.015985545000000045,-0.14332935000000002,-0.01434970499999999,-0.10896547000000001,0.01815783500000001,-0.10605608,-0.02962017499999997,-0.05094118000000003,0.021144505000000036,-0.0586024,-0.0057522149999999495,-0.03640608000000001,0.03777589500000006,-0.06226791000000004,-0.012024034999999988,-0.0004409499999999955,0.012024035000000044,0.0004409499999999955,-0.015340814999999952,0.08100075000000001,0.024767765000000053,0.07653780999999998,-0.025473234999999983,0.16798598999999997,0.013498185000000051,0.15474768,-0.01527046999999998,0.05802428999999998,0.02386796000000002,0.014535100000000023,0.0029866700000000246,0.04745368,0.016631390000000024,-0.0036655100000000385,-0.0033167799999999636,0.0814417,-0.01013242000000003,0.08698523999999996,0.012743730000000009,0.07609685999999999,-0.011269580000000001,0.07820987000000001,0.03250754,0.0029093900000000117,0.024048070000000032,0.000881899999999991,0.036507893694779234,0.06779055550708524
0.037948949999999926,-0.13126921500000005,0.03561336999999992,-0.13830659500000003,0.035124129999999976,-0.13861489500000007,0.014754129999999976,-0.14173123500000007,0.02238542999999993,-0.14176169500000002,-0.009140900000000063,-0.10947806500000007,0.019630029999999965,-0.11125696500000004,-0.020314440000000045,-0.05016199500000007,0.022330149999999938,-0.061515065000000035,0.0034647699999999504,-0.04288235500000004,0.038497129999999935,-0.05462974500000006,-0.011053550000000023,-0.00017348500000002876,0.011053549999999968,0.00017348499999997324,-0.011441470000000065,0.09074378499999991,0.02499104999999996,0.08806448499999997,-0.026802530000000047,0.17283238499999998,0.016238999999999948,0.17058098499999996,-0.011173539999999982,0.05931607,0.023779209999999995,0.007279640000000032,0.0027001199999999725,0.049741900000000006,0.016166979999999997,0.006885319999999973,-0.00038792000000004156,0.09091726999999994,-0.015361059999999982,0.08208860000000007,0.013937499999999992,0.087891,-0.008752050000000011,0.08251649999999999,0.028770930000000028,-0.0017788999999999722,0.02210709999999999,0.000346970000000002,0.04510908104028833,0.061290652644993934
0.04066779499999995,-0.13069522499999997,0.03884057499999999,-0.13730281499999997,0.03787036499999996,-0.138035955,0.019830124999999976,-0.139923005,0.026240364999999988,-0.141442585,-0.0039781050000000096,-0.10764235499999997,0.02267099499999997,-0.11195856500000001,-0.013232805000000014,-0.052626934999999986,0.022156894999999954,-0.06276905500000002,0.010862294999999966,-0.044831034999999964,0.03562475499999995,-0.043355015,-0.010532664999999997,0.0006663849999999916,0.010532664999999997,-0.0006663849999999916,-0.012837845000000014,0.089490615,0.024641394999999955,0.084029515,-0.029733375000000006,0.17126131499999997,0.014698135000000001,0.164492215,-0.009254700000000005,0.05501541999999998,0.02409509999999998,0.007795900000000022,-0.0005141000000000173,0.04918950999999999,0.013467859999999998,0.01941404000000002,-0.0023051800000000178,0.08882423,-0.016895529999999992,0.08177069999999997,0.014108729999999958,0.08469589999999999,-0.009943259999999954,0.0804627,0.02664909999999998,-0.0043162100000000425,0.021065329999999993,-0.0013327699999999831,0.050276829057310235,0.0495169881136262
0.041533525000000016,-0.13274583499999998,0.040225805,-0.14000204499999996,0.038082985000000014,-0.13997198499999997,0.022108614999999998,-0.14276358499999997,0.025811265000000028,-0.141830285,-0.002608384999999991,-0.10985931500000001,0.023092745000000026,-0.10990220499999998,-0.015210394999999988,-0.05513728499999998,0.023925605000000016,-0.059875984999999965,0.006603305000000004,-0.048964854999999974,0.03760862500000001,-0.051224115000000014,-0.010518434999999993,-0.00035834499999998215,0.010518434999999993,0.00035834500000003766,-0.014184354999999982,0.08842741500000006,0.02902933499999999,0.08666846500000003,-0.03314043499999997,0.17100158499999996,0.023174585000000025,0.16974011499999997,-0.012602009999999997,0.05472203000000003,0.02181369999999999,0.0061724300000000065,0.0008328599999999908,0.05002622000000001,0.01368301999999999,0.00865186999999995,-0.003665919999999989,0.08878576000000005,-0.018956079999999986,0.08257416999999989,0.018510899999999997,0.08631011999999999,-0.005854749999999964,0.08307164999999994,0.025701130000000016,-4.2889999999962125e-05,0.021036869999999985,0.0007166900000000198,0.051533938283501085,0.05826344114354821
0.045961010000000024,-0.13343644999999993,0.04435316,-0.14042881999999995,0.042903970000000013,-0.14057089999999994,0.024347910000000028,-0.14234367999999997,0.030427430000000033,-0.14157299999999995,-0.0016530699999999787,-0.10753315999999996,0.024945610000000007,-0.10827624999999996,-0.016488520000000007,-0.05026903999999993,0.025638890000000025,-0.058738479999999926,0.004888749999999997,-0.040961699999999934,0.038534559999999995,-0.05189829999999995,-0.011403109999999994,-0.00020579999999997822,0.011403109999999994,0.00020580000000003373,-0.014574849999999973,0.0860643000000001,0.036526329999999996,0.08395870000000005,-0.036604729999999974,0.16739955000000006,0.036998069999999994,0.1659115000000001,-0.014835450000000028,0.05726412000000003,0.021377270000000004,0.009307339999999997,0.0006932800000000183,0.049537770000000036,0.01289566999999997,0.0068401799999999735,-0.0031717399999999785,0.08627010000000007,-0.02202988,0.08133524999999997,0.02512322,0.08375290000000002,0.00047173999999999827,0.08195280000000005,0.026598679999999986,-0.0007430900000000018,0.022806219999999988,0.00041160000000001196,0.043891549153220785,0.058744810970097594
0.04597176000000003,-0.12749717500000002,0.045535760000000036,-0.13523254499999998,0.04128171000000003,-0.134516015,0.030844230000000028,-0.139162615,0.026201380000000052,-0.13516927499999998,-0.0009985399999999922,-0.10218824500000001,0.026207400000000047,-0.09695426499999998,-0.028877689999999956,-0.043455544999999984,0.026325240000000028,-0.04528109499999999,-0.022776839999999965,-0.0029578450000000145,0.03885556000000001,-0.04433337500000001,-0.011421309999999962,-0.0004959849999999766,0.011421310000000018,0.0004959849999999766,-0.019625709999999963,0.08612300500000003,0.03569819000000002,0.08018645499999999,-0.03754373999999999,0.16480465499999997,0.03038530000000006,0.16172495499999995,-0.027879149999999964,0.05873270000000003,0.006100849999999991,0.04049769999999997,0.00011783999999998018,0.05167316999999999,0.012530319999999984,0.0009477199999999852,-0.0082044,0.08661899,-0.01791803000000003,0.07868164999999994,0.02427688,0.07969047000000001,-0.005312889999999959,0.08153849999999996,0.02720594000000004,0.005233980000000027,0.02284261999999998,0.0009919699999999532,0.0116193294230132,0.05255767870703669
0.04619941500000002,-0.12484322500000006,0.04419191499999997,-0.13295762500000002,0.04274881499999994,-0.13265846500000006,0.025973934999999948,-0.13775469500000004,0.028729994999999953,-0.13442618500000003,-0.002547585000000019,-0.10185079500000005,0.024162434999999982,-0.09556366500000002,-0.026711325000000008,-0.040316145000000025,0.023297634999999983,-0.04326124500000006,-0.023267585000000035,0.002093244999999966,0.040245514999999954,-0.04386217500000006,-0.01132891500000005,-0.0011400750000000182,0.011328914999999995,0.0011400749999999626,-0.019989555000000048,0.08807727499999995,0.031404154999999934,0.087397575,-0.04206562500000005,0.17297287499999991,0.02382261499999999,0.171694715,-0.02416373999999999,0.061534650000000024,0.003443739999999973,0.04240938999999999,-0.0008647999999999989,0.05230241999999996,0.01694787999999997,-0.0006009299999999995,-0.008660639999999997,0.08921734999999997,-0.022076070000000003,0.08489559999999996,0.02007523999999994,0.08625750000000004,-0.007581539999999942,0.08429713999999999,0.02671002,0.00628713000000003,0.022657830000000045,0.002280149999999981,0.012368759015814785,0.05349179619925377
0.04289464999999992,-0.13016032000000005,0.04172058000000001,-0.13691796,0.039040819999999976,-0.13682713000000002,0.027060879999999954,-0.14016451000000002,0.024931849999999978,-0.13790961000000002,-0.0003891500000000603,-0.10212316000000005,0.021299019999999946,-0.09844522,-0.030592900000000034,-0.04221670000000005,0.02165724999999996,-0.046512620000000005,-0.030816270000000034,0.0002500899999999806,0.038518249999999976,-0.04990150000000004,-0.008987290000000037,-0.0008524200000000204,0.008987289999999981,0.0008524199999999649,-0.01873235000000001,0.08767913999999999,0.029772119999999958,0.08796393999999996,-0.04682673000000004,0.16507653999999994,0.01828451999999997,0.16687173999999994,-0.030203749999999974,0.059906459999999995,-0.0002233700000000005,0.04246679000000003,0.0003582300000000149,0.051932599999999995,0.016861000000000015,-0.0033888800000000385,-0.009745059999999972,0.08853156000000001,-0.02809438000000003,0.07739739999999995,0.020784829999999976,0.08711152,-0.011487599999999987,0.07890779999999997,0.021688170000000007,0.003677940000000046,0.017974580000000018,0.0017048399999999853,0.021856804344196797,0.05871999654196176
0.044822205000000004,-0.12893443500000001,0.04402731500000001,-0.13699644500000002,0.040700124999999976,-0.13565249500000004,0.028437165000000042,-0.13881316500000002,0.027817835000000013,-0.134585495,0.006530965,-0.10930436500000001,0.021666065000000012,-0.10330485500000003,0.0006524450000000015,-0.050806335000000036,0.017037265000000024,-0.042796795,0.03270186500000005,-0.05947741500000003,0.035279614999999986,-0.05322159500000001,-0.006135594999999994,-0.00169533500000002,0.006135594999999994,0.0016953349999999645,-0.0002770549999999705,0.09213146500000002,0.023924394999999987,0.09411650500000002,-0.003439134999999982,0.174138205,0.020751825000000057,0.17737195500000003,-0.005878519999999998,0.05849802999999998,0.03204942000000005,-0.008671079999999998,-0.0046287999999999885,0.06050806000000003,0.018242349999999963,-0.010424800000000012,0.005858540000000023,0.09382680000000004,-0.0031620800000000115,0.08200673999999997,0.017788799999999994,0.09242117000000005,-0.00317256999999993,0.08325545000000001,0.015135100000000012,0.005999509999999986,0.012271189999999987,0.0033906699999999845,0.06962124006636197,0.06217107930851206
0.04718451999999995,-0.13140338500000004,0.04631461999999997,-0.13896271500000001,0.04379485000000005,-0.13867321500000002,0.028182820000000053,-0.14263266500000005,0.03042988000000002,-0.14039674500000004,0.006756119999999977,-0.10966176500000002,0.01814212000000004,-0.10466283500000001,0.005084169999999999,-0.054936525000000014,0.015217919999999996,-0.044929295000000036,0.035676319999999984,-0.06332904500000003,0.037775420000000004,-0.055129664999999994,-0.0055423199999999895,-0.0016084650000000034,0.0055423199999999895,0.0016084650000000034,-0.0009812799999999733,0.08647799499999997,0.025444220000000017,0.08879463499999996,-0.009112459999999989,0.15167953499999998,0.028330969999999955,0.15647888499999996,-0.0016719499999999776,0.05472524000000001,0.030592149999999985,-0.008392520000000014,-0.0029242000000000434,0.059733539999999974,0.022557500000000008,-0.010200369999999959,0.004561040000000016,0.08808645999999998,-0.008131180000000016,0.06520154,0.019901900000000028,0.08718616999999995,0.002886749999999938,0.06768425,0.011386000000000063,0.0049989300000000125,0.011084639999999979,0.0032169300000000067,0.07421863835308487,0.06525479393505813
0.04230024499999996,-0.126531565,0.04239188500000002,-0.134821625,0.03735711499999994,-0.133528325,0.029561245000000014,-0.13797700499999999,0.02264618499999993,-0.133912115,0.010145685000000015,-0.10796456500000001,0.01570028499999998,-0.10012853500000002,0.010144134999999999,-0.055308345000000037,0.012832384999999946,-0.03883826500000004,0.036219684999999946,-0.06011076500000001,0.03436718499999991,-0.044586245000000024,-0.003226515000000041,-0.0020886350000000053,0.0032265149999999854,0.0020886350000000053,0.0019870649999999546,0.08622503499999995,0.02674488499999994,0.09001643499999995,-0.0062209750000000175,0.15701407500000003,0.022779884999999944,0.16279313499999998,-1.5500000000168157e-06,0.052656219999999976,0.026075549999999947,-0.004802419999999974,-0.0028679000000000343,0.06129026999999998,0.021534799999999965,-0.005747979999999986,0.0052135799999999954,0.08831366999999996,-0.008208039999999972,0.07078904000000008,0.023518369999999955,0.08792779999999994,-0.003964999999999996,0.07277670000000003,0.005554599999999965,0.007836029999999994,0.006453030000000026,0.004177270000000011,0.07016103095149685,0.05610958697997427
0.045815689999999964,-0.13214033000000003,0.04478802999999998,-0.14070626000000003,0.041761190000000004,-0.13932832000000006,0.028253289999999986,-0.14541473000000005,0.028323989999999966,-0.14092680000000002,0.00696823000000002,-0.11393710000000001,0.019783989999999974,-0.10749726000000004,0.0004609500000000155,-0.05620228000000005,0.013849690000000026,-0.04401075000000004,0.03125456000000004,-0.06330286000000002,0.035566120000000034,-0.050051500000000027,-0.0057396900000000195,-0.0016475200000000134,0.005739689999999964,0.001647519999999958,-0.002744880000000005,0.09040114999999993,0.024621340000000047,0.09191898999999992,-0.008038759999999978,0.16237592,0.02442405000000003,0.16438392000000002,-0.006507280000000004,0.057734819999999965,0.030793610000000027,-0.0071005799999999675,-0.005934299999999948,0.06348651,0.02171643000000001,-0.006040749999999984,0.0029948100000000144,0.09204866999999994,-0.005293879999999973,0.07197477000000008,0.018881650000000083,0.09027146999999996,-0.00019729000000001662,0.0724649300000001,0.012815759999999954,0.0064398399999999745,0.011479379999999983,0.0032950399999999713,0.07190240248822083,0.05968588271530633
0.05361961999999998,-0.12516232,0.05306206000000002,-0.13392727000000004,0.049108619999999936,-0.13266110000000003,0.03668536,-0.13890775,0.033954159999999955,-0.13456513000000003,0.013122499999999926,-0.10812925000000001,0.02464805999999997,-0.1019411,0.006694459999999958,-0.05112730000000004,0.018894960000000016,-0.038872550000000006,0.03829735999999995,-0.058017719999999995,0.04229282999999995,-0.04468530000000004,-0.00544214000000004,-0.0015826700000000082,0.005442139999999984,0.0015826700000000082,0.0002691599999999905,0.09097866999999993,0.029869909999999944,0.09224425000000003,-0.00816140000000004,0.16601350000000004,0.029037589999999946,0.16789184999999995,-0.006428039999999968,0.05700194999999997,0.03160289999999999,-0.006890419999999953,-0.0057530999999999555,0.06306855,0.023397869999999932,-0.005812750000000033,0.00571130000000003,0.09256133999999994,-0.008430560000000031,0.07503483000000011,0.02442776999999996,0.09066158000000002,-0.0008323199999999975,0.07564759999999993,0.011525560000000046,0.006188150000000003,0.010884280000000024,0.0031653400000000165,0.07140069137447128,0.059149796292100626
