0,1,2,3,4,5,6,7,8,9,10,11,12,13,14,15,16,17,18,19,20,21,22,23,24,25,26,27,28,29,30,31,32,33,34,35,36,37,38,39,40,41,42,43,44,45,46,47,48,49,50,51,52,53,54,55
0.08115841499999998,-0.3340068850000001,0.08107690499999998,-0.34489728500000005,0.07994572499999997,-0.3523201550000001,0.05624918499999998,-0.3501148850000001,0.04496498499999996,-0.36590235500000007,0.029097645000000005,-0.2799045050000001,-0.025713454999999996,-0.2808886650000001,0.018019724999999986,-0.13829768500000006,-0.09250481500000002,-0.13062183500000013,0.03822774499999998,-0.025381135000000055,-0.05753983500000004,0.00024957499999989086,0.019012014999999993,-0.006279815000000077,-0.019012014999999993,0.006279814999999966,0.029302045,0.14746488499999988,-0.01483161500000002,0.1959415149999999,0.02310042499999998,0.2836666149999999,-0.03932227500000002,0.3041532149999999,-0.011077920000000019,0.14160682000000002,0.020208019999999993,0.11291655,-0.06679136000000002,0.15026682999999996,0.03496497999999998,0.13087141000000002,0.010290030000000006,0.15374469999999996,-0.006201620000000019,0.13620173000000002,0.004180399999999973,0.18966169999999993,-0.024490659999999997,0.10821170000000002,-0.0548111,-0.0009841600000000117,-0.038024029999999986,0.012559630000000044,0.02709436666865086,0.038996880752311516
0.08065120999999997,-0.33589466999999995,0.08036790999999999,-0.34732346999999997,0.07953233999999998,-0.35453884999999996,0.05540830999999996,-0.35275444999999994,0.04480173999999998,-0.36816033,0.02826396999999997,-0.27956095,-0.025229620000000008,-0.28048795,0.018746479999999954,-0.13789658999999999,-0.09144239000000004,-0.13109052,0.04071290999999999,-0.02411448999999999,-0.055774020000000035,-0.0011044099999999446,0.01844237999999998,-0.006315650000000006,-0.018442380000000036,0.006315650000000006,0.030318509999999965,0.14711165000000004,-0.01594646000000005,0.19556805,0.02351156999999998,0.27939685000000003,-0.03923396000000001,0.30186725000000003,-0.009517490000000017,0.14166436,0.021966430000000037,0.1137821,-0.06621277000000003,0.14939743,0.035668370000000005,0.12998611000000004,0.011876129999999985,0.15342730000000004,-0.0068069399999999836,0.1322852,0.002495919999999985,0.1892524,-0.02328749999999996,0.10629920000000004,-0.05349358999999998,-0.0009270000000000111,-0.036884760000000016,0.012631300000000012,0.028509212753538106,0.03806190530560969
0.08181182000000004,-0.33800630000000004,0.08119559000000004,-0.34952669000000003,0.08089995000000005,-0.35661353,0.05544859000000002,-0.35517635000000003,0.04629540000000004,-0.37012235000000004,0.02726612000000006,-0.2811865,-0.023670849999999966,-0.28082742000000005,0.016472160000000013,-0.14191170000000008,-0.08983534999999998,-0.13110739999999999,0.03970039000000003,-0.03248675000000001,-0.054067339999999964,-0.0003743500000000788,0.01751632000000003,-0.00650234999999999,-0.017516319999999974,0.00650234999999999,0.030981000000000036,0.14587614999999998,-0.014692839999999985,0.19367734999999997,0.02217322000000005,0.2771114499999999,-0.03731223999999994,0.30031494999999997,-0.010793960000000047,0.13927479999999992,0.023228230000000016,0.10942495000000008,-0.06616450000000001,0.14972002000000006,0.03576801000000002,0.1307330499999999,0.013464680000000007,0.15237849999999997,-0.008807779999999987,0.13123529999999994,0.0028234799999999893,0.18717499999999998,-0.022619399999999956,0.1066376,-0.050936970000000026,0.0003590799999999561,-0.035032640000000004,0.01300469999999998,0.03416609437914877,0.037192285032388105
0.08105769499999999,-0.33876418,0.08018702500000002,-0.35014314,0.08066898500000003,-0.35742882000000004,0.05380564500000001,-0.35631216,0.046919584999999986,-0.37175728,0.025378285,-0.28318361000000003,-0.02296632500000001,-0.28297732000000003,0.015848065000000022,-0.14370322999999996,-0.08863327500000001,-0.13238477999999998,0.03952432500000003,-0.03646225000000003,-0.05310387499999997,-0.001587039999999984,0.016682774999999983,-0.006419480000000033,-0.016682774999999983,0.006419480000000033,0.03100402499999999,0.14565561999999999,-0.014173215000000017,0.19266998000000002,0.023367495000000016,0.27672529,-0.03694024499999998,0.29897922,-0.009530219999999978,0.13948038000000007,0.023676260000000005,0.10724097999999993,-0.06566695,0.15059254000000005,0.035529400000000044,0.13079774,0.014321250000000008,0.15207510000000002,-0.007636529999999975,0.13106967000000003,0.0025095599999999663,0.18625049999999999,-0.022767029999999966,0.10630923999999997,-0.04834461000000001,0.00020628999999999786,-0.033365549999999966,0.012838960000000066,0.037739958077287285,0.03729076142585988
0.08057325500000001,-0.33850049499999996,0.07950523500000001,-0.34992692499999994,0.08043473499999998,-0.3571992749999999,0.052741535000000006,-0.35651534499999993,0.046671554999999976,-0.3720131749999999,0.023521774999999967,-0.2830979449999999,-0.02305906499999999,-0.2823534849999999,0.014217005000000005,-0.1423334249999999,-0.08849043499999998,-0.1306046849999999,0.039483235000000005,-0.03465542499999996,-0.05365056499999998,4.631500000007449e-05,0.01610686499999997,-0.006726924999999939,-0.016106865000000026,0.00672692500000005,0.03156067499999998,0.14468127500000005,-0.014226805000000009,0.19393177500000003,0.022122784999999978,0.27472477500000003,-0.03840104500000002,0.29961717500000007,-0.009304769999999962,0.14076452,0.02526623,0.10767799999999994,-0.06543136999999999,0.15174880000000002,0.034839869999999995,0.13065099999999996,0.015453810000000012,0.1514082,-0.009437890000000004,0.13004349999999998,0.0018800600000000167,0.18720484999999998,-0.024174240000000013,0.10568540000000004,-0.04658083999999996,0.0007444600000000023,-0.032213729999999996,0.01345384999999999,0.03642054072397749,0.038133449354367306
0.07756583499999997,-0.3411582000000001,0.07634760499999999,-0.3530827000000001,0.07814152499999999,-0.3606082200000001,0.05026657499999998,-0.3588033000000001,0.04647390499999998,-0.37455598000000007,0.023087754999999988,-0.2822127000000001,-0.021429645000000053,-0.2839330000000001,0.012650954999999964,-0.14186500000000013,-0.08913837500000005,-0.13347793000000008,0.039706935,-0.029369100000000037,-0.054980675000000034,-0.002129560000000086,0.016018855,-0.0050915000000000266,-0.016018855,0.0050914999999999155,0.026733954999999976,0.14563289999999995,-0.017784195000000003,0.18220389999999997,0.019609704999999977,0.26766709999999994,-0.03750885500000001,0.2873686,-0.010436800000000024,0.14034769999999996,0.027055980000000035,0.11249590000000009,-0.06770873,0.15045507000000002,0.03415770000000001,0.13134837,0.010715099999999977,0.15072439999999998,-0.007124249999999999,0.12203419999999998,-0.0017653400000000041,0.17711240000000006,-0.019724660000000005,0.1051647,-0.04451740000000004,-0.001720300000000008,-0.03203771,0.010182999999999942,0.03391941915549853,0.03962533438642509
0.08061870500000001,-0.34280299,0.07878157499999999,-0.35439388999999993,0.08074438499999997,-0.36117179999999993,0.05080267500000002,-0.36056442999999994,0.04739391500000001,-0.37483991999999994,0.021959275,-0.28528942999999996,-0.02164462500000003,-0.28472031999999997,0.012933534999999996,-0.14057514999999998,-0.087934405,-0.13324024999999995,0.03913243500000002,-0.034818049999999934,-0.055379334999999974,0.000794950000000072,0.015256704999999982,-0.006984849999999931,-0.015256704999999982,0.006984850000000042,0.03209096499999997,0.14002199000000004,-0.013407235000000017,0.19278375000000003,0.022250775,0.27006991,-0.04079401500000002,0.29684485000000005,-0.009025740000000004,0.14471427999999997,0.026198900000000025,0.10575710000000005,-0.06628977999999996,0.15148007000000002,0.03255507000000002,0.13403520000000002,0.01683425999999999,0.14700683999999997,-0.009840189999999971,0.13004791999999998,0.0018494699999999642,0.1857989,-0.02738678,0.10406110000000002,-0.04360390000000003,0.0005691099999999838,-0.030513409999999963,0.013969699999999974,0.036670662732938196,0.0405972942463768
0.07764365000000001,-0.344905315,0.07590304000000003,-0.35695765500000004,0.07832132000000003,-0.364230175,0.04862582000000004,-0.362579655,0.04653112000000004,-0.377567995,0.019938659999999997,-0.285546045,-0.02038698,-0.28594277500000004,0.008438360000000034,-0.14521721500000007,-0.08862484999999998,-0.13427641499999998,0.03682898000000001,-0.03496046500000005,-0.05722313000000001,3.085000000013771e-06,0.014690060000000005,-0.005396385000000059,-0.014690060000000005,0.005396384999999948,0.024792860000000028,0.14443181500000002,-0.017421799999999987,0.18157158500000004,0.019851850000000004,0.266844285,-0.03714392999999999,0.284875145,-0.011500299999999963,0.14032882999999996,0.028390619999999978,0.11025675000000001,-0.06823786999999998,0.15166636000000006,0.031401719999999966,0.1342795,0.010102800000000023,0.14982820000000008,-0.0049410100000000234,0.12241247,-0.0027317399999999825,0.1761752000000001,-0.019722130000000004,0.10330355999999996,-0.040325639999999996,-0.0003967300000000118,-0.02938012000000001,0.010792770000000007,0.036934626098185964,0.042873648416188
0.07623235500000003,-0.34619843000000006,0.07431652500000002,-0.3583060700000001,0.077289355,-0.3656112100000001,0.04699832500000001,-0.3637095500000001,0.04653428500000001,-0.37890465000000007,0.01922468500000002,-0.2851407100000001,-0.02022670500000001,-0.28590523000000007,0.009102155,-0.14376365000000013,-0.08834613499999999,-0.1333918500000001,0.03702192500000001,-0.03334092000000011,-0.05781777499999996,0.0021826499999999527,0.014227044999999994,-0.005345550000000032,-0.014227044999999994,0.005345549999999921,0.025893325000000023,0.14203739999999987,-0.016629024999999964,0.17961404999999997,0.018766985000000014,0.2656194099999999,-0.03663735499999998,0.2846057499999999,-0.010122530000000018,0.14137705999999994,0.02791977000000001,0.11042273000000002,-0.06811942999999998,0.15251337999999998,0.030528360000000032,0.13557450000000004,0.011666280000000029,0.1473829499999999,-0.007126340000000009,0.12358201000000002,-0.0024019799999999703,0.17426850000000005,-0.02000833000000002,0.10499169999999991,-0.03945139000000003,-0.0007645199999999908,-0.028454089999999987,0.010691099999999953,0.036101901551736926,0.04370532780271642
0.07592544000000001,-0.34940258500000004,0.0741714,-0.36128306500000007,0.07707399000000004,-0.368853405,0.046985,-0.36613799500000005,0.046422569999999996,-0.38191719500000004,0.019266610000000017,-0.28750501500000003,-0.02054613999999999,-0.28863890500000006,0.008322240000000036,-0.1449991650000001,-0.08783135999999997,-0.13370279500000004,0.035872400000000026,-0.03666363500000003,-0.05684935999999996,0.005434934999999919,0.0144822,-0.005224365000000009,-0.0144822,0.005224365000000009,0.02414122000000002,0.1430907349999999,-0.018137559999999997,0.18044390499999996,0.017669839999999992,0.2647918349999999,-0.037283719999999965,0.28393169499999993,-0.010944369999999981,0.14250584999999993,0.02755015999999999,0.10833553000000007,-0.06728521999999998,0.15493611000000002,0.03098200000000001,0.13913772999999996,0.009659020000000018,0.14831509999999992,-0.0064713800000000266,0.1217011,-0.0036553599999999964,0.17521953999999995,-0.019146159999999968,0.10348778999999997,-0.03981275000000001,-0.0011338900000000263,-0.0289644,0.010448730000000017,0.03802589057698586,0.04236768327617757
0.07797913000000001,-0.34617154499999997,0.07619238,-0.3576450849999999,0.07917164999999998,-0.364883655,0.04817604999999997,-0.36301054499999996,0.04831694999999997,-0.3787230449999999,0.02044203,-0.28528851499999996,-0.020638370000000017,-0.28568921499999994,0.013361929999999966,-0.1390698749999999,-0.08463222000000004,-0.1301344149999999,0.036638669999999984,-0.03554991499999993,-0.05451927000000001,0.009272885000000008,0.014243129999999993,-0.006392214999999979,-0.014243129999999993,0.00639221500000009,0.03140868999999996,0.14093088500000006,-0.014513790000000026,0.19030014500000003,0.021436389999999972,0.271891455,-0.03930937000000001,0.29419038500000005,-0.007080100000000034,0.14621864000000007,0.023276740000000018,0.10351995999999997,-0.06399385000000002,0.15555480000000005,0.030112950000000027,0.1394072999999999,0.01716555999999997,0.14732310000000004,-0.00997229999999999,0.13096056999999994,-0.00027066000000003365,0.18390792999999994,-0.024795579999999984,0.10389024000000002,-0.04108040000000002,-0.0004006999999999761,-0.028486259999999985,0.012784430000000069,0.03676590378573056,0.040379025656255015
0.07699849999999997,-0.34811449999999994,0.07534728000000002,-0.35966214999999996,0.07828017999999998,-0.36697983999999995,0.047514049999999974,-0.36555999999999994,0.047687270000000004,-0.38146212999999995,0.018822799999999973,-0.28834305,-0.02044737000000002,-0.28770579999999996,0.010629300000000008,-0.14204704999999995,-0.08186873,-0.1289884,0.03444811999999997,-0.042004299999999994,-0.04894705999999999,0.009783600000000003,0.013880520000000007,-0.006555599999999995,-0.013880520000000007,0.006555599999999995,0.03082427999999998,0.14127737000000007,-0.015774960000000005,0.19036950000000008,0.021013049999999978,0.27071267,-0.04012608000000001,0.29166990000000004,-0.008193499999999965,0.14629600000000004,0.023818819999999963,0.10004274999999996,-0.06142135999999998,0.15871739999999995,0.032921670000000014,0.138772,0.016943759999999974,0.14783297000000006,-0.009811230000000004,0.12943529999999992,-0.0018944399999999972,0.18381390000000009,-0.024351120000000004,0.10130039999999996,-0.03927016999999999,0.0006372500000000336,-0.027761040000000015,0.01311119999999999,0.04098336859568767,0.03521480102984537
0.07782186500000005,-0.34782984,0.075790305,-0.35923263,0.07893868500000001,-0.36635604000000005,0.04710733500000003,-0.36430352000000005,0.04805331500000004,-0.37927639,0.01807420500000001,-0.28868144,-0.019024634999999956,-0.28561529,0.009393535000000008,-0.14029637000000006,-0.07692316499999996,-0.12141217000000004,0.03331484500000004,-0.04444847000000007,-0.04173181499999995,0.013263029999999953,0.013544865000000017,-0.0069420300000000434,-0.013544864999999962,0.006942029999999932,0.030546035000000027,0.14331448999999996,-0.014461374999999999,0.19219589999999998,0.024274965000000037,0.27128942999999994,-0.03975293499999999,0.29401583,-0.008680670000000001,0.14838506999999995,0.02392131000000003,0.09584789999999999,-0.057898530000000004,0.16420311999999998,0.03519135000000001,0.1346752,0.01700117000000001,0.15025652,-0.00627106999999999,0.12797493999999998,-0.000916510000000037,0.18525387000000004,-0.02529155999999999,0.10181993,-0.037098839999999966,0.0030661499999999897,-0.02708972999999998,0.013884059999999976,0.04239793804743343,0.028887007309558732
0.0765305,-0.346717865,0.07457641999999998,-0.358118625,0.07749043,-0.365222965,0.04626650999999998,-0.362435945,0.04674195999999997,-0.377299785,0.017042379999999968,-0.285685935,-0.01930176,-0.281233915,0.008296660000000011,-0.13900578500000005,-0.07456349000000001,-0.116330885,0.03240059000000001,-0.03926071500000006,-0.03672354,0.011333214999999952,0.013307139999999995,-0.007050485000000051,-0.013307139999999995,0.007050485000000051,0.03159187999999996,0.13870681500000004,-0.013728070000000037,0.18576121499999998,0.020901899999999973,0.27234081499999996,-0.04158820000000002,0.295571115,-0.008745719999999957,0.14668014999999995,0.024103929999999996,0.09974506999999999,-0.05526173000000001,0.16490303,0.03783995000000001,0.12766409999999995,0.018284739999999966,0.1457573000000001,-0.010689979999999988,0.13363399999999992,-0.00042093000000004155,0.17871072999999993,-0.027860129999999983,0.10980990000000002,-0.03634413999999997,0.004452020000000001,-0.02661427999999999,0.014100970000000101,0.0374440749592696,0.02380482231004675
0.07694347499999998,-0.35000178,0.074920345,-0.36139132,0.07787261499999998,-0.36852767,0.046276415000000015,-0.36615552,0.046931215000000026,-0.38087254,0.016113054999999987,-0.29056672,-0.018669824999999973,-0.28524072,0.006164015000000023,-0.14340995999999995,-0.07058616499999998,-0.11862379,0.032067715,-0.04448162,-0.027733685000000008,0.012456880000000004,0.013144655000000005,-0.0074369800000000374,-0.013144655000000005,0.0074369800000000374,0.031983335,0.13578878000000005,-0.013502084999999997,0.18471857999999997,0.022520134999999997,0.26452487999999996,-0.04060001499999999,0.29008443000000006,-0.009949039999999965,0.14715676000000005,0.025903699999999974,0.09892833999999995,-0.051916340000000005,0.16661693,0.04285247999999997,0.13108067,0.018838679999999997,0.1432257600000001,-0.009463200000000005,0.1287360999999999,-0.0003574299999999919,0.17728159999999993,-0.027097929999999992,0.1053658500000001,-0.03478287999999996,0.005325999999999997,-0.02628931000000001,0.014873960000000075,0.04159792726198262,0.015428518799641777
0.07679738000000003,-0.35412480499999993,0.07502354,-0.36399358499999995,0.07781524000000001,-0.37170840499999996,0.047066969999999986,-0.36944700499999994,0.04746233999999999,-0.3856565349999999,0.013957600000000014,-0.29754874499999995,-0.018085079999999976,-0.29296964499999995,0.00214164,-0.14997790499999997,-0.06829800000000003,-0.11983340499999995,0.03143533999999998,-0.054076374999999954,-0.020605280000000004,0.013467255000000011,0.011682460000000006,-0.006779134999999936,-0.011682460000000006,0.006779135000000047,0.029778460000000007,0.13526403500000006,-0.02015186000000002,0.18376093500000001,0.023201689999999997,0.26597195500000004,-0.041301030000000016,0.28632819500000006,-0.011815960000000014,0.14757083999999998,0.029293699999999978,0.09590153000000001,-0.05021292000000005,0.17313624,0.04769272000000002,0.13330065999999996,0.018096,0.14204317,-0.0065767700000000096,0.13070791999999998,-0.008469400000000016,0.17698179999999997,-0.021149169999999995,0.10256726000000005,-0.03204267999999999,0.004579100000000003,-0.02336492000000001,0.013558269999999983,0.05125626966442252,0.011151128457999194
0.076501775,-0.35612086,0.07493227499999999,-0.36570248,0.07754910499999995,-0.37374416,0.047101275,-0.37150815,0.04649537499999995,-0.38840947,0.012678374999999964,-0.30067456,-0.01838540500000002,-0.2956028,0.0015229549999999925,-0.15376243,-0.06410862500000003,-0.12106859999999997,0.034012074999999975,-0.06083479999999997,-0.014457675000000003,0.012491140000000067,0.011631724999999982,-0.006960239999999951,-0.011631725000000037,0.006960240000000062,0.029196854999999966,0.13622600000000007,-0.021762925000000044,0.18616270000000001,0.02397513499999998,0.26178714000000003,-0.041317375000000045,0.2838414,-0.011155419999999971,0.14691212999999997,0.03248911999999998,0.09292763000000004,-0.04572322000000001,0.17453420000000003,0.04965095000000003,0.13355974000000004,0.017565129999999984,0.14318624000000002,-0.005221719999999985,0.12556113999999996,-0.010131200000000007,0.17920245999999995,-0.01955445,0.09767870000000001,-0.031063779999999985,0.005071759999999981,-0.02326345000000002,0.013920480000000013,0.058338223158715605,0.006211026341314281
0.07618943,-0.354127945,0.07492383999999996,-0.363255025,0.07780987,-0.371749965,0.04720374999999999,-0.36946590500000004,0.04721448,-0.38767135500000005,0.011513319999999994,-0.30051294500000003,-0.01761526000000002,-0.294787705,0.0015495700000000001,-0.15430015500000005,-0.05819479999999999,-0.11832905500000002,0.033644379999999974,-0.057546555000000055,-0.009026100000000037,0.014368295000000031,0.011122999999999994,-0.006886064999999997,-0.011122999999999994,0.006886064999999997,0.029900399999999994,0.13843539500000002,-0.0207484,0.18719869499999997,0.02372858,0.264279095,-0.03964380000000001,0.284500895,-0.009963749999999993,0.14621278999999998,0.032094809999999974,0.0967536,-0.04057953999999997,0.17645865,0.049168699999999954,0.13269735000000005,0.0187774,0.14532146,-0.0061718199999999945,0.1258437,-0.009625400000000006,0.18031262999999997,-0.018895400000000007,0.0973022,-0.029128580000000015,0.00572524000000002,-0.022245999999999988,0.013772129999999994,0.05544093978410273,0.007770505477953177
0.07699836999999998,-0.34693313,0.07558054999999997,-0.35592106,0.07835514999999998,-0.36442101,0.04802949999999995,-0.36240722999999997,0.04626224999999995,-0.38045776,0.012247189999999963,-0.29439443,-0.017559830000000054,-0.28721535,0.0031396899999999728,-0.14698352999999997,-0.05127068000000001,-0.10933793000000003,0.034555509999999956,-0.048754929999999974,-0.0035740600000000455,0.02076517,0.011630969999999963,-0.007494629999999947,-0.011630970000000018,0.007494630000000058,0.03366748999999997,0.13367766999999997,-0.02071443000000006,0.18771316999999998,0.023479449999999957,0.26372757,-0.040039970000000036,0.29139227,-0.00910749999999999,0.1474109,0.03141581999999998,0.0982286,-0.03371084999999996,0.17787741999999995,0.04769661999999997,0.13010310000000003,0.022036520000000004,0.14117229999999992,-0.01018804000000001,0.13004990000000005,-0.009083460000000043,0.18021853999999993,-0.019325539999999974,0.10367910000000002,-0.029807020000000017,0.007179080000000004,-0.02326193999999998,0.014989260000000004,0.0472011322989354,0.015524852032779507
0.07669122,-0.34437719,0.0755519,-0.35321968,0.07828219999999997,-0.36186775,0.048305339999999974,-0.3600758,0.04597083999999996,-0.37872966999999996,0.01095952,-0.29350145,-0.017548730000000012,-0.28502368,0.002953199999999989,-0.14577900999999993,-0.04813139999999999,-0.10562019999999994,0.03600579999999998,-0.04876660999999993,-0.0005940400000000179,0.021931449999999963,0.011341600000000007,-0.008086950000000037,-0.011341600000000007,0.008086950000000037,0.03469846999999998,0.12888595000000003,-0.0212754,0.18822611,0.02272597999999998,0.26317294999999996,-0.04232123000000004,0.29296345,-0.008006320000000011,0.14772244000000007,0.03305259999999999,0.0970124,-0.03058266999999998,0.17940348000000006,0.04753735999999997,0.1275516499999999,0.023356869999999974,0.13697290000000006,-0.011972490000000002,0.13428699999999993,-0.009933799999999993,0.18013915999999996,-0.021045830000000043,0.10473734000000001,-0.028508250000000013,0.008477769999999996,-0.022683200000000014,0.016173900000000074,0.04757265495382394,0.017526557739715967
0.07548364500000004,-0.3424439999999999,0.074935525,-0.35110839999999993,0.07726674500000003,-0.36015186999999993,0.04861836500000005,-0.3582938299999999,0.045249865000000056,-0.37816094999999994,0.010314845000000017,-0.29223998999999995,-0.018135634999999983,-0.28417133999999994,0.0024364650000000543,-0.14586727,-0.04744861499999997,-0.10478972999999991,0.03629904500000003,-0.0533648699999999,-0.0006033849999999563,0.02100233000000007,0.011302565000000042,-0.008212629999999943,-0.011302564999999987,0.008212630000000054,0.03595384500000004,0.1280406300000001,-0.021584994999999996,0.18954943000000002,0.023081865000000035,0.26264023000000003,-0.04195449499999998,0.29391253000000006,-0.007878379999999963,0.14637271999999996,0.033862579999999975,0.0925024000000001,-0.02931297999999999,0.17938161000000002,0.046845230000000015,0.12579205999999998,0.024651279999999998,0.13625326000000004,-0.012871980000000005,0.13459959999999993,-0.010282430000000009,0.18133679999999996,-0.020369499999999985,0.10436310000000004,-0.02845048,0.00806865000000001,-0.02260513000000003,0.016425259999999997,0.05160958040333205,0.016674797712788035
0.07428414,-0.33964204500000006,0.07424717999999997,-0.34833177500000007,0.07583151999999999,-0.35755762500000005,0.048974870000000004,-0.35623648500000005,0.04307029000000001,-0.376662325,0.009363819999999967,-0.29091259500000005,-0.019421640000000018,-0.28269287500000007,0.0015713199999999872,-0.14493582500000002,-0.04785845,-0.10287087500000003,0.036016119999999985,-0.055108775,-0.0010287200000000385,0.023794274999999976,0.011447700000000005,-0.008524175000000023,-0.011447700000000005,0.008524174999999912,0.03691957000000001,0.12551993499999992,-0.021986129999999993,0.190161715,0.022432689999999977,0.26272363499999996,-0.04405182000000002,0.29554397499999996,-0.00779249999999998,0.14597677000000003,0.0344448,0.08982705000000002,-0.02843680999999998,0.17982200000000004,0.04682972999999996,0.12666515,0.025471870000000008,0.13404410999999994,-0.014486880000000035,0.13720370000000004,-0.010538429999999988,0.1816375400000001,-0.022065690000000027,0.10538225999999995,-0.028785459999999985,0.008219719999999986,-0.02289540000000001,0.017048349999999934,0.05266623413968761,0.018485970308598932
0.07375050000000005,-0.34087566499999994,0.07442832000000005,-0.34969098499999995,0.07485446000000001,-0.35916430499999996,0.05031156000000003,-0.359119125,0.04098415000000005,-0.38020653499999996,0.007949350000000022,-0.29409114499999994,-0.019830049999999988,-0.286795445,-0.0012862999999999625,-0.14693758499999998,-0.04921462999999998,-0.10519543499999995,0.03535450000000001,-0.06029068500000001,-0.0024732399999999877,0.021987115000000057,0.011122820000000033,-0.008131714999999984,-0.011122819999999978,0.008131715000000095,0.035918000000000005,0.128269615,-0.021791939999999954,0.18898001500000006,0.023314180000000018,0.26513656500000005,-0.04417296999999998,0.29314031500000004,-0.009235649999999984,0.14715355999999996,0.03664079999999997,0.08664689999999997,-0.029384579999999993,0.18160001000000003,0.046741389999999994,0.12718255,0.024795179999999972,0.13640133,-0.012603819999999988,0.13686695000000004,-0.010669119999999976,0.18084829999999996,-0.022381030000000024,0.10416029999999998,-0.02777940000000001,0.0072956999999999605,-0.02224564000000001,0.01626343000000008,0.05751288957341043,0.01633362615393161
0.07490750999999995,-0.3393437199999999,0.07638290999999997,-0.3481034999999999,0.07595161,-0.35812378999999994,0.05328219000000001,-0.3582091399999999,0.04150622999999998,-0.38083526999999995,0.00849681999999996,-0.2932817999999999,-0.019165040000000022,-0.28784101999999995,-0.0018852599999999997,-0.14471781999999989,-0.049382060000000005,-0.10537021999999996,0.03622841999999998,-0.06038081999999989,-0.004211540000000014,0.02427953000000005,0.01113269,-0.007799319999999943,-0.01113269,0.007799320000000054,0.03715303999999997,0.13063318000000013,-0.021808150000000026,0.1905579500000001,0.025362610000000008,0.26739054000000007,-0.04455593000000002,0.2941359800000001,-0.01038207999999996,0.14856398000000004,0.03811367999999998,0.084337,-0.030217019999999983,0.1824708,0.04517051999999999,0.12964975,0.02602034999999997,0.13843250000000007,-0.011790429999999963,0.13675735999999994,-0.010675460000000025,0.18275863000000003,-0.022747779999999995,0.10357802999999999,-0.027661859999999983,0.005440779999999978,-0.02226538,0.015598639999999997,0.058263280086885715,0.017874552832633315
0.07609790500000002,-0.33986447999999997,0.078520005,-0.34929842999999994,0.07603749500000001,-0.35939018999999994,0.057031604999999985,-0.36025072999999996,0.03985813500000002,-0.38299383,0.010291305000000028,-0.29429109999999997,-0.017771125,-0.29040695999999994,-0.001434364999999993,-0.14218372999999995,-0.048023435,-0.10741362999999993,0.038272114999999995,-0.05311225999999991,-0.007267534999999992,0.024892820000000038,0.011255534999999983,-0.007080369999999947,-0.011255534999999983,0.007080370000000058,0.034655784999999995,0.13586107000000003,-0.021491064999999976,0.19150222000000006,0.025390505000000008,0.2690858300000001,-0.04489660499999998,0.29130257000000004,-0.011725670000000021,0.15210737000000002,0.03970647999999999,0.08907147000000004,-0.030252310000000004,0.18299333,0.04075590000000001,0.13230644999999996,0.02340025000000001,0.14294143999999998,-0.009265279999999987,0.13322476000000005,-0.010235529999999993,0.18442185,-0.023405540000000002,0.09980034999999998,-0.028062430000000027,0.003884140000000036,-0.022511069999999966,0.014160740000000005,0.05337443668900401,0.018253424856790552
0.07650767000000003,-0.34087387999999996,0.07953635000000003,-0.35042812999999995,0.07631385000000002,-0.36068282999999995,0.05885239000000003,-0.36301512999999996,0.04008929,-0.38619032999999997,0.010855449999999989,-0.29788451,-0.01686259000000001,-0.29482166,-0.002563099999999985,-0.14466676999999994,-0.0501277,-0.11182422999999997,0.03643384999999999,-0.059123529999999924,-0.013926949999999994,0.02256357000000009,0.010923190000000027,-0.006831570000000009,-0.010923189999999972,0.006831570000000009,0.031757880000000016,0.13815407000000002,-0.02161500999999999,0.19403310000000007,0.022043120000000027,0.2698865100000001,-0.04466881,0.28858437000000003,-0.013418549999999974,0.15321774000000005,0.038996949999999975,0.08554324000000002,-0.03326510999999999,0.18299743000000002,0.036200750000000004,0.13438780000000006,0.02083468999999999,0.14498564000000003,-0.009714759999999989,0.13173244000000006,-0.010691820000000019,0.18720153000000006,-0.023053800000000013,0.09455126999999997,-0.02771804,0.003062850000000006,-0.02184638,0.013663140000000018,0.05818283986088329,0.01601619174890219
0.07534358999999996,-0.34230517000000005,0.07936029,-0.35236533000000003,0.07487289999999996,-0.36259232,0.060206309999999985,-0.36607267000000004,0.039032449999999996,-0.38941780000000004,0.011380029999999985,-0.30097740000000006,-0.017386690000000038,-0.2979628,-0.0035414500000000015,-0.14639173000000005,-0.05485285000000001,-0.11509290000000005,0.03631382,-0.05662445000000005,-0.021355879999999994,0.019399839999999946,0.011211449999999956,-0.00670740000000003,-0.011211450000000012,0.006707399999999919,0.030437009999999987,0.14018657,-0.024929650000000025,0.19544912999999997,0.022763389999999994,0.2723899999999999,-0.04742683000000003,0.28596259999999996,-0.014921479999999987,0.15458567,0.03985527,0.08976728,-0.03746615999999997,0.18286989999999997,0.033496970000000015,0.13449274,0.01922556000000003,0.14689397000000004,-0.007673619999999992,0.1322034299999999,-0.013718200000000014,0.18874173000000005,-0.022497180000000006,0.09051346999999998,-0.028766720000000023,0.003014600000000034,-0.022422899999999968,0.013414799999999949,0.055873436088354225,0.01624830739426419
0.07339300500000001,-0.33936754999999996,0.07864000500000001,-0.35031146999999996,0.072158475,-0.36054263,0.061661944999999996,-0.36543140999999996,0.035454025,-0.38893627,0.00993992499999996,-0.30007343,-0.02028764500000002,-0.29596270999999996,-0.00945858500000002,-0.1471049299999999,-0.06332038500000003,-0.11605827999999996,0.03462352499999999,-0.05473823,-0.02981366499999999,0.019776369999999988,0.011745824999999988,-0.008041369999999937,-0.011745824999999988,0.008041370000000048,0.037577134999999984,0.13101621000000008,-0.025678645,0.19605483,0.02563451499999997,0.26331033000000004,-0.051788795,0.28735657000000003,-0.01939850999999998,0.15296850000000006,0.04408211000000001,0.09236669999999991,-0.043032740000000014,0.17990443,0.033506720000000045,0.13583464999999995,0.025831309999999996,0.13905758000000001,-0.011942620000000015,0.13229411999999996,-0.013932820000000012,0.18801345999999997,-0.02611015,0.09130174000000002,-0.03022756999999998,0.004110720000000012,-0.023491649999999975,0.016082739999999984,0.05199986433780002,0.021544304752430483
0.07383814,-0.335922895,0.07928749999999996,-0.34680177500000003,0.07274841999999998,-0.357358605,0.06265210999999998,-0.361782045,0.03627226,-0.386246705,0.011913919999999967,-0.296364925,-0.020583720000000028,-0.294368355,-0.005198450000000021,-0.14407567500000007,-0.06737642000000005,-0.11565121499999997,0.03631377999999996,-0.05758383499999997,-0.03715252000000002,0.019452785000000028,0.012201399999999973,-0.00739547500000004,-0.012201400000000029,0.007395474999999929,0.03648334999999997,0.13364377500000002,-0.026030120000000045,0.19559416499999993,0.027907550000000003,0.268624875,-0.051524420000000015,0.289856825,-0.017112369999999988,0.15228924999999993,0.04151222999999998,0.0864918400000001,-0.04679270000000002,0.17871714000000005,0.030223900000000026,0.135104,0.024281949999999997,0.14103925000000006,-0.008575799999999967,0.13498109999999997,-0.013828720000000017,0.18819869,-0.02549429999999997,0.09426266000000005,-0.032497639999999994,0.0019965699999999753,-0.024402800000000002,0.01479094999999997,0.05568014321779347,0.02771167829075861
0.07497515999999999,-0.33171933500000006,0.08160113999999996,-0.34399011500000004,0.07378830999999997,-0.35491034500000007,0.0654959,-0.35897785500000007,0.03745641999999999,-0.38441929500000005,0.012980869999999978,-0.29233664500000006,-0.018023730000000016,-0.291721345,-0.004843299999999995,-0.14351713500000007,-0.07110983000000004,-0.11885469500000001,0.03527765999999999,-0.05400049500000004,-0.04677368000000004,0.022414504999999973,0.010767159999999998,-0.0062290450000001,-0.010767159999999998,0.006229044999999989,0.03881408999999997,0.13964086499999995,-0.026340580000000002,0.19340850499999995,0.03182333999999998,0.276869535,-0.04525276,0.29173940499999995,-0.017824169999999973,0.14881951,0.04012095999999998,0.08951664000000004,-0.053086100000000025,0.17286665,0.02433615,0.14126919999999998,0.02804692999999997,0.14586991000000005,-0.00699074999999999,0.13722867000000005,-0.015573420000000004,0.18717945999999996,-0.01891218,0.0983309,-0.031004599999999993,0.0006153000000000408,-0.021534319999999996,0.012458090000000088,0.0536924207440165,0.03947706420090028
0.074992,-0.32655185999999997,0.08280578000000005,-0.33895735,0.07331718000000004,-0.35039666999999997,0.06815660000000001,-0.35365356,0.03656435000000002,-0.38038865,0.014563780000000026,-0.28857332999999996,-0.019043389999999993,-0.28815969999999996,-0.0043172599999999894,-0.14019530000000002,-0.07533603999999999,-0.11457733000000003,0.036840430000000035,-0.047439699999999974,-0.054364089999999976,0.021401000000000003,0.011468820000000046,-0.006017599999999956,-0.01146881999999999,0.006017600000000067,0.03966924000000005,0.1418157,-0.025046199999999963,0.19235643000000002,0.03278601000000003,0.28157606,-0.04603373999999999,0.2948853,-0.018881040000000016,0.14837802999999994,0.041157690000000025,0.09275560000000005,-0.05629265,0.17358236999999993,0.020971950000000017,0.13597833000000004,0.028200420000000004,0.14783329999999995,-0.006883230000000018,0.13976036000000003,-0.013577379999999972,0.18633882999999996,-0.020987540000000027,0.10252887,-0.03360717000000002,0.00041362999999999817,-0.022937640000000037,0.012035200000000024,0.04857477701855255,0.04557031033395424
0.07635925999999998,-0.32385954999999994,0.08354785999999997,-0.33647204999999997,0.07423248999999998,-0.3472423499999999,0.06854870999999996,-0.35174144999999996,0.036415059999999944,-0.37684519999999994,0.015899189999999952,-0.28624464999999993,-0.019652240000000043,-0.28631518999999994,-0.0031479600000000607,-0.13967461999999997,-0.08027762000000005,-0.11899454999999992,0.036487959999999986,-0.046573419999999977,-0.05945938000000006,0.01595925000000009,0.011987089999999978,-0.0062154499999999,-0.011987090000000034,0.006215450000000011,0.040881189999999956,0.1397390500000001,-0.02420908000000005,0.1923825,0.032673329999999945,0.28224855000000004,-0.04794928000000004,0.29635845000000005,-0.019047150000000013,0.14657002999999996,0.03963592000000005,0.0931012,-0.060625380000000006,0.16732064000000002,0.020818239999999988,0.1349538,0.028894099999999978,0.1459545,-0.008207860000000011,0.14250949999999996,-0.012221990000000016,0.18616705,-0.02374019999999999,0.10397595000000004,-0.035551429999999995,-7.054000000000782e-05,-0.02397418000000001,0.012430899999999911,0.04721290473247549,0.048461943381215164
0.07800106500000004,-0.3187440550000001,0.08508901499999999,-0.33164887500000007,0.07542394499999999,-0.34180583500000006,0.07049976499999999,-0.3471061450000001,0.03727644499999999,-0.37086578500000006,0.018458344999999987,-0.2816477950000001,-0.018976885,-0.28236438500000005,-0.0014303749999999837,-0.13618736500000006,-0.082808155,-0.11945431500000003,0.03541094500000003,-0.04330801500000003,-0.05993125499999996,0.01607973499999993,0.012536985,-0.006300515000000062,-0.012536985,0.006300514999999951,0.04230336500000004,0.13926953499999994,-0.022064154999999974,0.19334352499999996,0.034429545000000006,0.285438985,-0.04737545500000001,0.3007320849999999,-0.01988871999999997,0.14546043000000003,0.03684132000000001,0.09287935000000003,-0.06383127,0.16291007000000002,0.022876900000000033,0.13553404999999996,0.029766380000000037,0.14557005,-0.007873820000000031,0.14616945000000003,-0.009527169999999974,0.18704301,-0.025311300000000037,0.10738855999999997,-0.037435229999999986,-0.0007165899999999614,-0.02507397,0.012601030000000013,0.043506012254992975,0.0483926644507336
0.07777029499999999,-0.3195564999999999,0.08508443500000001,-0.33207207999999994,0.07561149499999997,-0.34228689999999995,0.07103305500000001,-0.34740345999999994,0.038283774999999964,-0.37177314999999994,0.020773025,-0.2824495999999999,-0.020587864999999983,-0.2837457299999999,0.003208454999999999,-0.13870214999999997,-0.08567449500000002,-0.12298029999999993,0.037687075000000014,-0.04601679999999997,-0.06009784499999998,0.01094190000000006,0.013670744999999984,-0.006492899999999913,-0.013670744999999984,0.006492900000000024,0.04235977499999999,0.1360939000000001,-0.02355695499999999,0.19292240000000005,0.03334977499999997,0.281038,-0.04727006500000003,0.29838300000000006,-0.01756457,0.14374744999999994,0.034478620000000015,0.09268535,-0.06508663000000003,0.16076543,0.025576650000000034,0.1339222,0.028689030000000004,0.1425868,-0.009010000000000018,0.1449440999999999,-0.009886210000000006,0.18642950000000003,-0.023713110000000037,0.10546060000000002,-0.041360889999999984,-0.0012961300000000064,-0.02734148999999997,0.012985799999999936,0.046248489465915595,0.04663978146829164
0.07708588,-0.32255427000000003,0.08475977999999995,-0.33469752,0.07507712999999999,-0.34530968,0.07121027999999996,-0.34993045000000006,0.03820480999999998,-0.37544320000000003,0.02185351999999996,-0.28546760000000004,-0.021827590000000008,-0.28858573000000004,0.004905300000000001,-0.14190135000000004,-0.08635075000000003,-0.12847885000000003,0.03880817999999997,-0.05056379,-0.05892462000000004,0.004158099999999942,0.014484599999999959,-0.006072950000000077,-0.014484600000000014,0.006072949999999966,0.04210448,0.13541008999999993,-0.024422180000000016,0.19003844999999997,0.03334225999999996,0.27850944999999994,-0.046212450000000016,0.29387684999999997,-0.01694821999999996,0.14356625,0.03390287999999997,0.09133756000000004,-0.06452316000000002,0.16010688,0.027426129999999993,0.13263694999999998,0.02761988000000004,0.14148304,-0.008762220000000043,0.14309936,-0.009937580000000001,0.1839655,-0.02179027,0.1038384,-0.04368110999999997,-0.0031181299999999967,-0.028969199999999973,0.012145900000000043,0.050705733284530985,0.044481254794833544
0.07637592000000004,-0.320637425,0.08461897000000002,-0.332951125,0.07423262000000003,-0.343549725,0.07201610000000003,-0.348817785,0.03765790000000002,-0.374480725,0.022250220000000043,-0.285390025,-0.021957829999999956,-0.28854130499999997,0.004268750000000043,-0.14169782499999994,-0.08791656999999997,-0.128920755,0.03941485000000006,-0.04741052499999998,-0.058762749999999975,0.0041407749999999854,0.014611550000000029,-0.006101224999999988,-0.014611549999999973,0.006101224999999988,0.040811730000000046,0.13530117500000005,-0.025944929999999977,0.19043473499999997,0.03226487000000006,0.279831505,-0.04806824999999998,0.294327475,-0.01798147,0.14369220000000005,0.03514610000000001,0.09428729999999996,-0.06595874000000002,0.15962054999999997,0.029153819999999997,0.13306152999999998,0.026200180000000017,0.14140240000000004,-0.00854685999999999,0.14453032999999993,-0.011333380000000004,0.18433350999999998,-0.022123320000000002,0.10389274000000004,-0.04420805,-0.0031512799999999785,-0.029223100000000002,0.012202449999999976,0.04818362748257961,0.0441947035926535
0.07549726500000004,-0.316599575,0.08395331500000003,-0.32838401500000003,0.07352167500000001,-0.33926653500000004,0.071969385,-0.34337833500000003,0.038049195000000036,-0.36983683500000003,0.023547585000000038,-0.28118521500000004,-0.02152415499999999,-0.286172715,0.006372545000000007,-0.14163321500000003,-0.08817985499999997,-0.129157175,0.039380245000000036,-0.04940287500000007,-0.059340384999999995,0.005645574999999958,0.014770804999999998,-0.0052645749999999936,-0.014770804999999998,0.0052645749999999936,0.03874414500000001,0.14092272500000003,-0.024614754999999988,0.19037602499999995,0.03127794500000003,0.289591375,-0.04774335499999999,0.297833025,-0.01717504000000003,0.139552,0.03300770000000003,0.09223033999999997,-0.06665569999999998,0.15701554,0.028839469999999978,0.13480274999999997,0.02397334000000001,0.14618730000000002,-0.007466199999999978,0.14866864999999996,-0.00984394999999999,0.18511144999999996,-0.0231286,0.10745700000000002,-0.04507174000000003,-0.004987499999999978,-0.029541609999999996,0.010529149999999987,0.05053527544204749,0.04457120844644443
0.076520735,-0.315106125,0.08500352499999997,-0.32686939500000006,0.07407271500000001,-0.33755724500000006,0.07305908499999997,-0.34230272500000003,0.03789358500000001,-0.36811774500000005,0.024469734999999992,-0.28222995500000003,-0.02161941500000003,-0.287042785,0.0048832849999999595,-0.1425600250000001,-0.088935135,-0.130081165,0.03919488499999996,-0.050764255000000036,-0.05877053500000001,0.005228174999999946,0.015301014999999973,-0.005318574999999992,-0.015301015000000029,0.005318574999999992,0.038772084999999956,0.142053875,-0.024510115,0.191281025,0.031739505,0.2921951749999999,-0.047954054999999995,0.29893017499999996,-0.019586450000000033,0.13966992999999994,0.0343116,0.09179577000000005,-0.06731571999999997,0.15696162000000002,0.030164599999999986,0.13530933999999994,0.023471069999999983,0.14737245,-0.007032579999999955,0.15014129999999992,-0.00920909999999997,0.18596245,-0.023443939999999996,0.10764914999999997,-0.04608915000000002,-0.00481282999999999,-0.030602030000000002,0.010637149999999984,0.05134419981107217,0.04346961399863586
0.07727898499999997,-0.31397325,0.08587014499999995,-0.32539513,0.07477478499999995,-0.33640157,0.07426280499999999,-0.34052958,0.03877434499999999,-0.36713993,0.027039064999999973,-0.27977420999999997,-0.021945455000000058,-0.28712214999999996,0.008566774999999971,-0.13903968,-0.09027238500000001,-0.13191341,0.04147094499999998,-0.04132031000000003,-0.05840342500000001,0.0018707500000000321,0.01595227499999996,-0.004685849999999991,-0.015952275000000016,0.004685849999999991,0.03819872499999999,0.14335388999999998,-0.02289082500000006,0.1885692,0.029033244999999985,0.29283735,-0.04558177500000005,0.29983605,-0.018472290000000002,0.14073452999999997,0.03290417000000001,0.09771936999999997,-0.06832692999999995,0.15520873999999996,0.03186896,0.13378416000000004,0.02224645000000003,0.14803973999999998,-0.009165480000000004,0.14948346,-0.006938550000000043,0.18388335,-0.022690949999999988,0.11126685000000003,-0.04898452000000003,-0.007347939999999997,-0.031904549999999976,0.009371699999999983,0.04464623363801815,0.04254438769488285
0.07612528999999996,-0.31224572999999994,0.08513637999999996,-0.32311994,0.07371087999999998,-0.3349424,0.07394061999999996,-0.33745571999999996,0.03771825999999995,-0.36603109999999994,0.027085449999999955,-0.27789539999999996,-0.023931840000000038,-0.2873205,0.009564659999999947,-0.13856000000000002,-0.09294090000000005,-0.13362069999999993,0.04199029999999998,-0.03993899999999995,-0.060153550000000056,-0.0004414600000000046,0.016541379999999994,-0.004343059999999954,-0.01654138000000005,0.004343060000000065,0.037097979999999975,0.14423019999999998,-0.023191010000000012,0.18839267000000004,0.028503319999999943,0.2940146,-0.046624160000000026,0.30076590000000003,-0.01752079000000001,0.13933539999999994,0.03242564000000003,0.09862100000000007,-0.06900906000000001,0.15369980000000005,0.03278734999999999,0.13317923999999992,0.02055659999999998,0.14857325999999993,-0.008594660000000032,0.14978440000000004,-0.006649629999999962,0.18404960999999997,-0.023433150000000014,0.11237322999999999,-0.05101728999999999,-0.00942510000000002,-0.033082760000000044,0.00868612000000002,0.04375749619950848,0.04387383051135724
0.07516192500000002,-0.31100939000000005,0.08384724500000001,-0.3218782700000001,0.072441525,-0.3334870200000001,0.07271222500000002,-0.3363427100000001,0.035933064999999986,-0.36438449000000006,0.02804158499999998,-0.2762169100000001,-0.025748174999999984,-0.28634005000000007,0.01428695499999999,-0.13741849000000006,-0.09568600500000002,-0.1352612500000001,0.04291229499999999,-0.036916720000000125,-0.062434714999999974,-0.003897150000000127,0.017204924999999982,-0.0041170500000000665,-0.017204924999999982,0.0041170499999999555,0.03533562499999998,0.14485008999999993,-0.022784815000000014,0.18735184999999988,0.026644904999999997,0.2958742499999999,-0.04751453499999997,0.3009735499999999,-0.01375462999999999,0.13879842000000003,0.02862534,0.10050176999999993,-0.06993783000000003,0.15107879999999996,0.033251290000000044,0.13136409999999998,0.0181307,0.14896714,-0.008690719999999985,0.15102415999999996,-0.005579890000000032,0.18323479999999992,-0.024729719999999955,0.11362170000000005,-0.053789759999999964,-0.010123139999999975,-0.034409849999999964,0.008234100000000022,0.0416735794530036,0.04593431511499981
0.07410444999999999,-0.31112077,0.08289542,-0.32223537,0.07073100999999998,-0.33349168,0.07236394000000002,-0.33637535,0.03354168000000002,-0.36348983,0.029880459999999998,-0.27587392,-0.02803876999999999,-0.28558987,0.016436039999999985,-0.13923600000000003,-0.09807155000000001,-0.13707848999999994,0.04220894000000003,-0.03727610999999997,-0.06501081999999997,-0.005739550000000038,0.018584250000000024,-0.004049250000000004,-0.01858424999999997,0.004049250000000004,0.03340388,0.14722605,-0.026104020000000006,0.18889789,0.02487244999999999,0.29723189000000005,-0.04958772,0.30093775,-0.013444420000000012,0.13663791999999997,0.025772900000000043,0.10195989000000005,-0.07003278000000002,0.14851138000000008,0.03306073000000004,0.1313389399999999,0.014819629999999973,0.1512753,-0.008531430000000007,0.15000584000000006,-0.007519770000000037,0.18484864,-0.023483699999999996,0.11203985999999999,-0.05791922999999999,-0.009715950000000029,-0.03716849999999999,0.008098500000000008,0.04076947636474741,0.04744730769395563
0.07638984999999998,-0.3081974150000001,0.08550716000000003,-0.3189445350000001,0.07308890000000001,-0.33063433500000006,0.07530448000000001,-0.33310917500000004,0.035901799999999984,-0.36127483500000007,0.03344607999999999,-0.2743576550000001,-0.027344729999999984,-0.2847734350000001,0.02169514,-0.138566175,-0.09698101999999997,-0.136826035,0.04492512999999998,-0.03310373500000008,-0.06477630000000001,-0.0063197350000000485,0.01942250000000001,-0.003934065000000042,-0.01942250000000001,0.003934064999999931,0.034302449999999984,0.14662566499999996,-0.024304500000000007,0.18840356499999988,0.024494120000000008,0.2960527649999999,-0.04756617000000002,0.30297716499999994,-0.011750939999999988,0.13579148000000008,0.023229989999999978,0.10546243999999994,-0.06963628999999999,0.14794740000000006,0.032204719999999964,0.13050629999999996,0.014879949999999975,0.15055973,-0.009808329999999976,0.14942709999999992,-0.0048819999999999975,0.18446949999999995,-0.023261670000000012,0.11457360000000005,-0.06079080999999997,-0.010415779999999986,-0.03884500000000002,0.007868129999999973,0.03874601637363254,0.04649846867241974
0.07875451500000002,-0.3065270699999999,0.08763421500000002,-0.3171470399999999,0.075350415,-0.3287740999999999,0.07720377500000003,-0.3307060799999999,0.038160534999999995,-0.3586240299999999,0.036538915000000005,-0.2719420999999999,-0.02610245499999997,-0.2830568799999999,0.02626241500000004,-0.13813476999999985,-0.09597483499999998,-0.1371990999999999,0.04788171499999999,-0.0330841999999999,-0.06432300499999999,-0.007901299999999889,0.019986685000000004,-0.003619799999999951,-0.019986685000000004,0.003619800000000062,0.03586766499999999,0.1467643500000001,-0.022151054999999975,0.18610880000000007,0.026156965000000032,0.2965764500000001,-0.045274435,0.3039651000000001,-0.010276499999999966,0.13380733000000006,0.021619299999999952,0.10505056999999995,-0.06987238000000001,0.14585778,0.03165182999999999,0.12929780000000002,0.01588097999999999,0.15038415000000005,-0.009710699999999961,0.1498121,-0.002164369999999971,0.182489,-0.023123380000000027,0.11785630000000002,-0.06264136999999997,-0.01111477999999999,-0.03997337000000001,0.007239600000000013,0.04057442009518924,0.045808787545103154
0.08039895000000002,-0.30494228000000007,0.08973333000000006,-0.31522170000000005,0.07658049000000006,-0.32718688000000007,0.08087435000000004,-0.32772348000000007,0.03876540000000006,-0.35697078000000004,0.040278580000000064,-0.26965484000000006,-0.02728864999999997,-0.28292414000000005,0.03041801000000005,-0.13947943000000007,-0.09695156999999993,-0.14017968000000003,0.04908383000000005,-0.0301574200000001,-0.06681924999999994,-0.006203580000000097,0.022624220000000028,-0.003930720000000054,-0.022624219999999973,0.003930719999999943,0.03448595000000004,0.14147421999999998,-0.020786999999999944,0.18918224999999989,0.028100450000000055,0.29524644999999994,-0.05468784999999993,0.30528011999999993,-0.009860570000000013,0.13017541,0.01866582,0.10932200999999997,-0.06966291999999996,0.14274446000000002,0.03013231999999999,0.13397609999999993,0.011861730000000015,0.14540494000000004,-0.006385499999999988,0.15377222999999995,0.0018372200000000283,0.18525152999999994,-0.03390084999999998,0.11609787000000005,-0.06756723000000003,-0.013269299999999984,-0.04524844,0.007861439999999997,0.037255211101832504,0.0453420854526002
0.079519905,-0.3045134,0.08917953500000003,-0.31483226999999997,0.07566920500000002,-0.3269623,0.08066263499999998,-0.32752786,0.037713054999999995,-0.35719346999999996,0.040426295,-0.27019355,-0.029182015000000006,-0.28291332999999996,0.03068566500000003,-0.14135739999999997,-0.10037540499999997,-0.14052909999999996,0.048372935000000006,-0.031221239999999928,-0.07120164499999998,-0.007172740000000011,0.023188735000000016,-0.0041055999999999315,-0.023188735000000016,0.0041056000000000425,0.03324360500000001,0.14196589999999998,-0.022939074999999975,0.19048580000000004,0.02774663500000002,0.29342310000000005,-0.054650334999999994,0.3043175,-0.009740629999999972,0.12883615000000004,0.017687269999999977,0.11013616000000004,-0.07119338999999997,0.14238423,0.029173759999999993,0.13335635999999995,0.010054869999999994,0.1460714999999999,-0.00549696999999999,0.15145720000000007,0.0002496600000000404,0.1863802,-0.03171126000000002,0.11383169999999998,-0.06960831,-0.012719779999999958,-0.04637747000000003,0.008211199999999974,0.037006781300858896,0.0493197777754898
0.08013194500000004,-0.3022382900000001,0.08973677500000005,-0.31235792000000007,0.07657497500000005,-0.32437072000000006,0.08095911500000003,-0.32574152000000006,0.03887327500000004,-0.35513464000000006,0.04054140500000003,-0.2704609700000001,-0.028864054999999944,-0.2816978700000001,0.031118035000000044,-0.1424682800000001,-0.10199815499999998,-0.1389076800000001,0.04919084500000004,-0.03193397000000009,-0.07522344499999994,-0.0037588200000000516,0.02298739500000002,-0.004496580000000083,-0.022987394999999966,0.004496579999999972,0.03232559500000004,0.14037024999999992,-0.02287635499999996,0.19137197999999989,0.026246425000000018,0.29175067999999993,-0.054623604999999964,0.30414407999999993,-0.009423369999999986,0.12799268999999996,0.018072809999999995,0.11053431000000002,-0.07313410000000004,0.14279018999999998,0.026774710000000035,0.13514886000000004,0.009338200000000019,0.14486683,-0.006079170000000023,0.15138043,0.00011104000000000669,0.1868753999999999,-0.031747250000000005,0.11277210000000004,-0.06940545999999997,-0.011236899999999994,-0.04597478999999999,0.008993160000000056,0.037939836081809855,0.05288436960730929
0.07847251,-0.3007021000000001,0.08917997999999999,-0.3109957400000001,0.07498268999999996,-0.32350864000000007,0.08184501,-0.32416274000000006,0.038214670000000006,-0.35498750000000007,0.04084895999999999,-0.26975534000000007,-0.02948187000000002,-0.2805266700000001,0.031285269999999976,-0.14489084000000008,-0.10321759000000003,-0.13676324000000006,0.04903931,-0.03240724000000006,-0.07734074000000002,-0.0005416400000000099,0.023219810000000007,-0.0043720000000000425,-0.023219810000000007,0.0043719999999999315,0.03195155999999999,0.14179765999999994,-0.024618990000000007,0.19084458999999998,0.02754087999999999,0.2916720599999999,-0.05486281000000004,0.30413245999999994,-0.009563690000000014,0.12486449999999999,0.017754040000000026,0.11248360000000002,-0.07373572,0.14376343000000003,0.025876850000000007,0.13622160000000005,0.008731749999999983,0.14616965999999998,-0.00441068,0.14987439999999996,-0.0013991799999999999,0.18647259000000005,-0.030243820000000032,0.11328786999999996,-0.07033083000000001,-0.010771330000000023,-0.046439620000000015,0.008743999999999974,0.03811326884573928,0.05434352695689249
0.07934939499999999,-0.30024185499999995,0.09080159500000001,-0.31119173499999997,0.07547505500000001,-0.32366102499999994,0.08447073499999996,-0.32465115499999997,0.038923015000000005,-0.355349575,0.042560655,-0.270140605,-0.028191875000000033,-0.27963846499999995,0.03060762499999997,-0.14856916499999995,-0.10163560500000002,-0.1345787049999999,0.04960719499999999,-0.04073536499999997,-0.075406535,0.005720895000000059,0.023427325,-0.004420044999999928,-0.023427325,0.004420045000000039,0.03297578499999998,0.145765245,-0.025844105000000006,0.193548445,0.028360054999999995,0.294017595,-0.05381773500000003,0.30392539500000004,-0.011953030000000031,0.12157144000000003,0.01899957000000002,0.10783379999999998,-0.07344372999999998,0.14505976000000004,0.02622907000000002,0.14029959999999997,0.00954845999999998,0.15018528999999992,-0.004615729999999985,0.14825235000000003,-0.0024167800000000073,0.18912839999999997,-0.027973630000000027,0.11037695000000003,-0.07075253000000004,-0.009497859999999969,-0.04685465,0.008840089999999967,0.04476815899631459,0.051995485216955135
0.08039432500000004,-0.30038877999999997,0.09164512500000005,-0.31140944,0.07638293500000004,-0.32356035,0.08520412500000002,-0.32530438,0.03968706500000002,-0.35512578,0.04391932500000001,-0.27134144,-0.027597234999999998,-0.2793227,0.03130882500000004,-0.1489741,-0.09864461499999999,-0.13101830000000003,0.04965078500000003,-0.03915904999999997,-0.070375835,0.011309400000000025,0.02389058500000002,-0.00457620000000003,-0.023890584999999964,0.00457620000000003,0.034649045000000045,0.14701224000000002,-0.02643501499999995,0.19390184,0.029023765000000035,0.2941378,-0.053155065,0.3028037,-0.012610499999999969,0.12236733999999999,0.01834195999999999,0.10981505000000003,-0.07104738,0.14830439999999995,0.028268779999999993,0.14232770000000006,0.010758460000000025,0.15158844000000005,-0.00562528000000001,0.14712556,-0.0025444299999999864,0.18932563999999996,-0.02672005000000005,0.10890186000000002,-0.07151656,-0.00798125999999999,-0.047781169999999984,0.00915240000000006,0.043122632319496645,0.046970357139397005
0.08216981999999995,-0.29755884500000007,0.09425274999999994,-0.30961751500000007,0.07803039999999994,-0.3217214950000001,0.08781469999999997,-0.3251963450000001,0.041163429999999945,-0.3544957950000001,0.044643399999999944,-0.27205574500000007,-0.02450986000000005,-0.2773084950000001,0.03040875999999998,-0.14837064500000008,-0.09342565000000003,-0.12486604500000009,0.04807881999999997,-0.0417614850000001,-0.05811940000000004,0.017945154999999935,0.022208939999999955,-0.0044716850000000585,-0.02220894000000001,0.0044716849999999475,0.03773124999999994,0.15118795499999993,-0.02703674000000006,0.19143250499999986,0.028660159999999935,0.2932291949999999,-0.04203720000000005,0.3021479549999999,-0.014234639999999965,0.12368509999999999,0.017670059999999987,0.10660915999999998,-0.06891578999999998,0.15244245,0.035306249999999983,0.14281120000000003,0.015522309999999984,0.15565964,-0.009071090000000004,0.14204123999999996,-0.004827800000000049,0.18696081999999992,-0.015000459999999993,0.11071545000000005,-0.06915326,-0.005252750000000028,-0.044417879999999965,0.008943370000000006,0.04538479784304876,0.03835486320210909
0.08040318500000004,-0.29774927500000004,0.09218844500000001,-0.30966449500000004,0.07623528500000004,-0.32149385500000005,0.08556511500000002,-0.32507129500000004,0.03921741500000003,-0.353845475,0.04241731500000001,-0.27210506500000003,-0.024704365000000006,-0.27709716500000003,0.029116745,-0.1440896650000001,-0.089964445,-0.12154766500000003,0.04562935500000004,-0.034865895000000036,-0.051552564999999995,0.021305004999999988,0.021761715000000015,-0.004491954999999992,-0.02176171499999996,0.004491954999999992,0.03545126500000001,0.14934066499999998,-0.027169814999999986,0.19034710499999996,0.026813925000000016,0.292774475,-0.04516261499999996,0.30113700499999996,-0.013300570000000012,0.12801539999999995,0.01651261000000004,0.10922377000000005,-0.06526008,0.1555495,0.03841188000000001,0.14285267000000001,0.013689549999999995,0.15383261999999998,-0.008637339999999993,0.14343381,-0.005408100000000027,0.18585514999999997,-0.017992799999999975,0.1107899,-0.06712168000000002,-0.004992099999999999,-0.043523429999999974,0.008983909999999984,0.038629528476195565,0.034207797269409236
0.08106887000000002,-0.29384929000000004,0.09275752999999998,-0.30560714,0.07735851999999999,-0.31737899,0.08597672,-0.32152304000000004,0.040781469999999986,-0.35046422,0.04189073999999998,-0.26957184,-0.023524880000000026,-0.27271839000000003,0.02961090999999999,-0.13869604000000002,-0.08365705000000001,-0.10934909000000004,0.047696799999999984,-0.037316989999999994,-0.03597599000000001,0.02459886999999994,0.021362270000000017,-0.004979640000000063,-0.021362270000000017,0.004979639999999952,0.03822566999999999,0.14905630999999997,-0.025766310000000014,0.19083527,0.027399810000000024,0.29141775000000003,-0.04249462999999998,0.30316791,-0.012279829999999992,0.1308758,0.018085889999999993,0.10137905000000003,-0.060132169999999985,0.1633693,0.04768106,0.13394795999999998,0.016863399999999973,0.15403595000000003,-0.010825859999999965,0.14236144000000006,-0.004404039999999998,0.18585563000000005,-0.016728319999999963,0.11233263999999998,-0.06541562000000001,-0.0031465500000000257,-0.04272454000000003,0.009959280000000015,0.04170385684014602,0.024463748650427625
0.07973501,-0.29627376999999994,0.09114866999999999,-0.30702498999999994,0.07624226,-0.31915214999999997,0.08508518000000004,-0.32246428999999993,0.040031110000000036,-0.35252944999999997,0.04141671000000002,-0.27168350999999996,-0.025773920000000006,-0.27491807999999995,0.02747767000000001,-0.13912439,-0.08029289,-0.10658078999999998,0.04670481000000004,-0.036889649999999996,-0.02274683999999999,0.022949650000000044,0.023266989999999987,-0.006012449999999947,-0.023266989999999987,0.006012450000000058,0.03914671000000003,0.13560230000000006,-0.024627069999999973,0.18676239000000006,0.027477790000000002,0.28033781,-0.05062148999999999,0.30133535,-0.013939040000000014,0.13255911999999997,0.01922714000000003,0.10223473999999999,-0.05451897,0.16833728999999997,0.057546050000000015,0.12953044000000002,0.01587972000000004,0.14161475,-0.011668920000000027,0.14473550999999996,-0.0013600799999999857,0.18074994,-0.025994420000000018,0.11457295999999995,-0.06719063000000003,-0.003234569999999992,-0.046533979999999975,0.012024900000000005,0.03876509881571832,0.01694518515279486
0.08374066000000002,-0.29506289999999996,0.09459015999999998,-0.30611702999999996,0.08031293,-0.31800512,0.08717613000000002,-0.32193421999999994,0.04353832000000002,-0.3509953599999999,0.042654460000000005,-0.27289706999999996,-0.02126581999999999,-0.27364069999999996,0.029261340000000025,-0.13709243999999998,-0.06687683999999999,-0.10072263999999997,0.04799523,-0.0410876,-0.0049375999999999864,0.024407900000000038,0.022633860000000006,-0.006568299999999971,-0.022633860000000006,0.006568300000000082,0.03897055999999999,0.13325706000000004,-0.023836540000000017,0.18858793000000007,0.03184632999999998,0.2766138600000001,-0.044916279999999975,0.30158320000000005,-0.01339311999999998,0.13580462999999998,0.018733889999999975,0.09600483999999998,-0.04561102,0.17291805999999998,0.061939240000000007,0.12513054,0.016336699999999982,0.13982536,-0.007124230000000009,0.14335680000000006,-0.0012026800000000115,0.18201963,-0.021079739999999958,0.11299526999999998,-0.06392028,-0.0007436299999999951,-0.04526772000000001,0.013136600000000054,0.04283434557416398,0.025127852000272507
0.08191869499999999,-0.29529102,0.09247571499999996,-0.30620939999999996,0.07881450499999998,-0.31839291,0.08404881499999994,-0.32110635,0.041603804999999994,-0.35060419,0.03805256499999998,-0.27346222,-0.02124753500000004,-0.26990185,0.02545633499999994,-0.13652549000000003,-0.05319306500000004,-0.08906117999999996,0.047605574999999956,-0.04446994999999998,0.013641804999999951,0.03416775000000005,0.021795534999999977,-0.007702050000000016,-0.021795535000000033,0.007702050000000016,0.039973504999999965,0.13084215,-0.024767305000000017,0.19201840999999997,0.03196023499999995,0.27547805000000003,-0.04519262500000004,0.30157115,-0.012596230000000042,0.13693672999999995,0.022149240000000014,0.09205554000000005,-0.03194553,0.18084067000000004,0.06683486999999999,0.12322893000000001,0.018177969999999988,0.1385442,-0.008013270000000017,0.14463590000000004,-0.0029717699999999847,0.18431635999999996,-0.020425320000000025,0.10955274000000004,-0.05930010000000002,0.0035603699999999794,-0.04359107000000001,0.015404100000000032,0.044922562651874574,0.04422938325101991
0.08226638000000003,-0.297056345,0.09182144000000003,-0.308153425,0.07898032000000005,-0.319714935,0.08207364,-0.324112925,0.040101790000000026,-0.351894555,0.035799700000000045,-0.27647558499999997,-0.02193487999999999,-0.271711445,0.02105897000000001,-0.13628623500000003,-0.04511717999999998,-0.09358688500000001,0.044811300000000054,-0.04314458499999996,0.03025817000000003,0.03104871500000006,0.02186114,-0.008909614999999982,-0.02186114,0.008909614999999982,0.04305612000000003,0.12304708500000006,-0.024468279999999953,0.19502416499999997,0.028553540000000044,0.27288571500000003,-0.04555359999999997,0.299081115,-0.014740730000000035,0.14018934999999993,0.023752330000000044,0.09314165000000008,-0.02318229999999999,0.17812456,0.07537535000000001,0.12463560000000007,0.02119498000000003,0.13195670000000004,-0.014502579999999987,0.14983862999999997,-0.0026071399999999523,0.18611455,-0.02108532000000002,0.10405695000000004,-0.057734580000000035,0.004764139999999972,-0.04372228,0.017819229999999964,0.04121581025439753,0.056626515199914136
0.08227171,-0.28959068,0.09244574,-0.30076998,0.07906941,-0.31293517,0.08231000999999999,-0.31616901999999997,0.04037024,-0.34476536,0.03305122999999999,-0.27382333999999997,-0.01884893999999998,-0.26343943999999997,0.017784010000000017,-0.13854940000000004,-0.029087169999999996,-0.07795220000000003,0.04212096999999998,-0.04929030000000001,0.051196679999999994,0.04014260000000003,0.02034438999999999,-0.009147099999999964,-0.02034438999999999,0.009147099999999964,0.03753729,0.13438459999999997,-0.023628590000000005,0.20111480000000004,0.028696810000000017,0.28332520000000005,-0.039729689999999984,0.3054483,-0.01526721999999997,0.13527393999999993,0.024336959999999963,0.08925910000000004,-0.010238230000000015,0.18548723999999994,0.08028384999999999,0.11809480000000006,0.01719290000000001,0.14353169999999993,-0.008840479999999984,0.1489406000000001,-0.003284200000000015,0.19196770000000007,-0.01610109999999998,0.10433349999999997,-0.05190016999999997,0.010383900000000001,-0.04068877999999998,0.018294199999999927,0.045669420214585636,0.07796695272354116
0.08499951499999997,-0.28067490999999994,0.09518451499999997,-0.29353906999999996,0.08125211500000001,-0.30473673999999995,0.083980045,-0.30965757,0.04171448499999997,-0.33496937,0.03363181500000001,-0.26755866999999994,-0.009948985000000021,-0.25189427,0.023992974999999972,-0.14147626999999996,-0.015593625,-0.06113457,0.04462128500000001,-0.06814896999999998,0.06460501499999999,0.04253649000000004,0.016756084999999976,-0.008297969999999988,-0.01675608500000003,0.008297969999999988,0.036719734999999976,0.14183023000000006,-0.020395985000000005,0.20022362999999999,0.031090934999999986,0.28980588000000007,-0.03467378500000001,0.31160783000000003,-0.009638840000000037,0.12608239999999998,0.02062831000000004,0.07332729999999998,-0.0056446399999999786,0.19075969999999998,0.08019863999999999,0.10367106000000004,0.01996365,0.15012820000000004,-0.005628799999999989,0.14797565000000001,-0.0036398999999999737,0.19192566,-0.014277800000000007,0.11138420000000004,-0.04358080000000003,0.015664399999999967,-0.03351217000000001,0.016595939999999976,0.06601978167216248,0.08827176697563274
0.08207214000000007,-0.28239163,0.09332411000000007,-0.29618042,0.07798845000000004,-0.3074749,0.08332363000000004,-0.31231787,0.03866863000000004,-0.33795833,0.03026423000000006,-0.26965701,-0.009121059999999959,-0.25172215,0.018868630000000053,-0.14174750000000003,-0.0064388499999999405,-0.06096385000000004,0.04375154000000003,-0.056959349999999964,0.07691556000000005,0.04305565,0.01571155000000002,-0.008956850000000016,-0.015711549999999963,0.008956850000000016,0.036730770000000024,0.13586785,-0.02111638999999993,0.19866675,0.028474090000000063,0.28404094999999996,-0.03619110999999997,0.30798415,-0.011395600000000006,0.12790950999999995,0.02488290999999998,0.08478815000000006,0.002682210000000018,0.19075829999999994,0.08335440999999999,0.10401950000000004,0.021019220000000005,0.14482470000000003,-0.00825667999999996,0.14817309999999995,-0.005404839999999966,0.1897099,-0.015074720000000041,0.10931740000000001,-0.03938529000000002,0.017934859999999997,-0.03142309999999998,0.017913700000000032,0.055592095170537474,0.09870415223480773
0.08342696500000002,-0.28218677,0.09332797500000001,-0.2964442,0.07931567499999997,-0.30618703,0.08132831499999998,-0.3143163,0.039559465000000016,-0.33570247,0.028649725000000015,-0.27472505,-0.005119755000000004,-0.24871692,0.019765984999999986,-0.15247383000000003,0.0067554850000000055,-0.05322919999999998,0.04233262500000001,-0.07819905000000005,0.09009884499999998,0.04888170000000003,0.014234974999999983,-0.010023899999999974,-0.014234974999999983,0.010023899999999974,0.03396497500000001,0.13853289999999996,-0.019898285000000016,0.20265887000000005,0.028871694999999975,0.28692700000000004,-0.03300439500000002,0.3089653,-0.008883740000000029,0.12225122,0.022566640000000027,0.07427477999999998,0.011875240000000009,0.19548772000000003,0.08334335999999998,0.1021109,0.019730000000000025,0.14855679999999993,-0.005093280000000033,0.14839410000000008,-0.0056633100000000325,0.19263497000000007,-0.013106110000000004,0.10630642999999995,-0.03376948000000002,0.026008130000000018,-0.028469949999999966,0.02004779999999995,0.07373824660951067,0.1113349658311907
0.08641606499999999,-0.27830780000000005,0.09553262499999998,-0.292571,0.08246139499999999,-0.30163225000000005,0.082355085,-0.31178563000000004,0.04248717499999999,-0.33112695000000003,0.029318155000000012,-0.27632218000000003,-0.0015322549999999824,-0.24502113000000003,0.02350213499999998,-0.16251610000000005,0.01614749500000001,-0.053708700000000054,0.039518624999999974,-0.07711800000000002,0.09897917499999997,0.05150829999999995,0.013620644999999987,-0.011038500000000062,-0.013620644999999987,0.011038499999999951,0.03728669499999998,0.13564966,-0.015054045000000016,0.20431389999999994,0.030984394999999998,0.28679509999999997,-0.03108410500000003,0.3122193,-0.005816020000000033,0.11380607999999998,0.016016489999999994,0.08539810000000003,0.017679749999999994,0.19131242999999998,0.08283167999999996,0.105217,0.023666049999999994,0.14668816000000007,-0.006302299999999983,0.15114543999999996,-0.001433400000000029,0.19327539999999999,-0.016030060000000013,0.10790540000000004,-0.030850409999999995,0.03130105,-0.027241289999999974,0.022077000000000013,0.07097327446532528,0.11965167853428715
0.08636590999999999,-0.279375865,0.09530851000000001,-0.294091765,0.08227362999999999,-0.302727585,0.08145701,-0.312899895,0.042128009999999994,-0.330958495,0.026455210000000007,-0.277746025,0.0008795600000000015,-0.24175510500000003,0.019492059999999978,-0.15978236499999998,0.024995449999999975,-0.05047336499999999,0.033411829999999976,-0.04283706499999995,0.10393933,0.05456533500000005,0.012267770000000011,-0.011915334999999971,-0.012267770000000011,0.011915334999999971,0.03784320999999996,0.131526135,-0.014137710000000026,0.20323483499999995,0.031177579999999983,0.283178205,-0.03170833000000001,0.310380035,-0.006963150000000029,0.11796366000000003,0.013919769999999998,0.11694530000000003,0.024115889999999973,0.19128174000000003,0.07894388000000002,0.10503870000000004,0.02557543999999995,0.14344146999999996,-0.006665629999999978,0.15165207000000003,-0.0018699400000000144,0.19131949999999998,-0.01757061999999998,0.10714520000000005,-0.025575650000000005,0.03599091999999998,-0.024535540000000022,0.023830669999999943,0.03745964040773079,0.12378656062113531
0.09104850000000003,-0.27914337,0.09836166000000002,-0.29420946,0.08694556000000003,-0.30151314,0.08200546000000003,-0.31417755,0.04641744000000003,-0.32873044,0.024910740000000042,-0.27986512,0.007760640000000041,-0.24043686000000003,0.01939172,-0.15884253999999998,0.03530042,-0.04976044000000002,0.03649988000000004,-0.03172300000000006,0.10861369000000004,0.05646249999999997,0.009784780000000048,-0.012484700000000015,-0.009784779999999993,0.012484700000000015,0.03976365000000004,0.13019950000000002,-0.008476280000000003,0.20397880000000002,0.03462712000000001,0.28531929999999994,-0.029412479999999963,0.3106099,-0.005519020000000041,0.12102258000000005,0.01710816000000004,0.12711953999999992,0.027539779999999958,0.19067642,0.07331327000000004,0.10622293999999999,0.02997886999999999,0.14268420000000004,-0.005136530000000028,0.15511979999999992,0.0013084999999999902,0.1914941,-0.02093619999999996,0.10663109999999998,-0.0171501,0.03942825999999999,-0.01956956000000004,0.02496940000000003,0.03292125081007709,0.12630219551211652
0.09416747000000003,-0.278517745,0.09977627,-0.29303479499999996,0.09059932000000004,-0.29957392499999996,0.08069422000000004,-0.31440621499999993,0.04960444000000003,-0.326711565,0.024875880000000017,-0.28455227499999997,0.00937089000000002,-0.24117994499999995,0.02148270000000002,-0.16473624499999995,0.04178122000000001,-0.04851244499999996,0.03464381999999999,-0.03785189499999997,0.11538372000000002,0.06561285500000003,0.009738059999999993,-0.013443494999999972,-0.009738059999999993,0.013443495000000083,0.04138532,0.12876585500000004,-0.007009539999999981,0.20820765500000005,0.03611481999999999,0.28577305500000005,-0.027179679999999984,0.31043985500000004,-0.0033931799999999956,0.11981603000000002,0.01316111999999997,0.12688434999999998,0.03241032999999999,0.1926675,0.07360250000000002,0.11412529999999999,0.03164726000000001,0.14220935,-0.005270500000000011,0.1570072,0.002728520000000012,0.19476415999999996,-0.020170140000000003,0.1022322,-0.015504989999999996,0.043372330000000014,-0.019476119999999986,0.026886990000000055,0.03487215037444063,0.13556217006664506
0.09594636500000003,-0.27717053,0.10028672500000002,-0.29161946,0.09212953500000004,-0.29782213,0.07960301500000005,-0.31183217,0.05013973500000002,-0.32306713000000004,0.023373895000000033,-0.27853356,0.01135220500000006,-0.23775723000000004,0.021592915000000046,-0.15245888000000007,0.04383438500000003,-0.046225230000000006,0.041961285000000015,-0.02328682999999998,0.11640727500000003,0.07189603999999994,0.008517385000000044,-0.013000630000000069,-0.008517384999999988,0.013000629999999957,0.041571435000000045,0.13051762,-0.004321264999999963,0.20830086999999997,0.03622713500000002,0.28825391999999994,-0.027783334999999965,0.31223037,-0.0017809799999999876,0.12607467999999994,0.02036836999999997,0.1291720500000001,0.03248217999999997,0.19153200000000004,0.07257289,0.11812126999999994,0.03305405,0.14351825000000007,-0.005344300000000024,0.15773629999999994,0.004196120000000025,0.19530024,-0.02346207,0.10392950000000001,-0.012021689999999974,0.04077632999999997,-0.017034770000000032,0.026001260000000026,0.03499000368176597,0.13811169391178904
0.09891104499999998,-0.27336330000000003,0.102993045,-0.28782892000000004,0.09546917500000002,-0.29408560000000006,0.08175791500000001,-0.30777583000000003,0.05406477500000001,-0.31925100000000006,0.024210414999999985,-0.2741027200000001,0.015830114999999978,-0.23362747000000006,0.025153154999999983,-0.14441060000000006,0.049464414999999984,-0.03873605000000002,0.04478654500000001,-0.014997499999999997,0.118213595,0.08252609999999994,0.00720691499999998,-0.012983500000000037,-0.00720691499999998,0.012983499999999926,0.043531264999999986,0.13374399999999997,0.0012516949999999971,0.21252559999999998,0.03946053500000002,0.2906051999999999,-0.024151444999999994,0.31600969999999995,0.0009427399999999975,0.12969212000000002,0.01963339000000003,0.12941310000000006,0.033634300000000006,0.19489142000000004,0.06874918000000002,0.12126214999999996,0.036324350000000005,0.1467275,-0.004070729999999967,0.15686119999999992,0.008458609999999978,0.19954210000000006,-0.02540313999999999,0.10348409999999997,-0.008380300000000007,0.04047525000000002,-0.01441382999999996,0.025966999999999962,0.037633559317939914,0.1434101723847374
0.10079123499999998,-0.27669706999999993,0.10426217499999996,-0.2913125999999999,0.097042395,-0.2968472199999999,0.081823755,-0.31170839999999994,0.05487967499999996,-0.3209250799999999,0.024489174999999974,-0.2798473799999999,0.015948405,-0.23390349999999993,0.024638775,-0.15494929999999996,0.049879055000000005,-0.03759389999999996,0.045597624999999975,-0.0199128999999999,0.116907855,0.0826110000000001,0.007360144999999985,-0.013916599999999946,-0.00736014500000004,0.013916600000000057,0.044280755000000005,0.13181920000000003,0.0009068749999999737,0.2113086300000001,0.038466375,0.2885489000000001,-0.023334875000000033,0.3129755000000001,0.0001496000000000275,0.12489807999999997,0.020958849999999973,0.13503640000000006,0.03393065000000001,0.19630959999999997,0.0670288,0.12020490000000006,0.03692061000000002,0.14573579999999997,-0.005814380000000008,0.15672970000000008,0.008267020000000014,0.19739203000000005,-0.024241750000000006,0.10166686999999996,-0.008540769999999975,0.04594387999999999,-0.014720290000000025,0.027833200000000002,0.03870478640220611,0.1419910434335913
0.09971964,-0.27869677499999995,0.10370933999999998,-0.293194325,0.09625651999999996,-0.29879127499999997,0.08176833,-0.31397271499999996,0.054797439999999975,-0.323603005,0.02467933,-0.28427335499999995,0.014461840000000004,-0.237013015,0.023602960000000006,-0.16174527500000002,0.04714456,-0.04063481499999999,0.04384640000000001,-0.02160567499999999,0.11524761,0.08314202500000001,0.007958259999999995,-0.014262024999999956,-0.007958259999999995,0.014262025000000067,0.04427483999999998,0.13182085500000007,-0.00035629000000003685,0.212969325,0.03854122999999998,0.287048155,-0.023255970000000015,0.310566125,-0.0010763699999999932,0.12252807999999993,0.02024344,0.14013960000000003,0.03268272,0.1963782,0.06810305,0.12377684,0.03631657999999999,0.14608288000000003,-0.00573361,0.15522729999999996,0.007601969999999958,0.19870729999999992,-0.022899679999999978,0.09759680000000004,-0.010217489999999996,0.047260339999999956,-0.01591651999999999,0.028524050000000023,0.036631786579173306,0.14115289866827707
0.09996167999999994,-0.2803995650000001,0.10369468999999992,-0.29468321500000005,0.09666076999999995,-0.3005002650000001,0.08128530999999994,-0.31456711500000006,0.05526622999999997,-0.32464276500000006,0.024198099999999945,-0.2832810850000001,0.014198789999999961,-0.23676523500000007,0.023687759999999947,-0.15984066500000005,0.04546768999999995,-0.0399445650000001,0.04604752999999995,-0.019349365000000063,0.11432902999999994,0.08232483499999987,0.007716579999999973,-0.014223935000000076,-0.007716580000000028,0.014223934999999965,0.044830299999999934,0.13057263499999994,0.0006718699999999633,0.21093953499999996,0.03876478999999994,0.28634339499999995,-0.02232795000000004,0.3090665349999999,-0.000510339999999998,0.12344042000000005,0.02235977,0.14049129999999999,0.03126889999999999,0.19682066999999998,0.06886134,0.12226939999999997,0.03711371999999996,0.14479657,-0.006065509999999996,0.15577076,0.008388449999999992,0.1967156,-0.022999820000000004,0.09812699999999996,-0.009999309999999983,0.046515850000000025,-0.015433160000000001,0.02844787000000004,0.03867210571700742,0.13976002111148267
0.0998677,-0.27865425,0.10369297999999999,-0.29279300999999996,0.09656909000000002,-0.29860528,0.08170536,-0.31241083,0.055455750000000026,-0.32267068,0.02518882,-0.28054335999999996,0.012910580000000005,-0.23596814,0.022435490000000002,-0.15689832000000004,0.03946601999999999,-0.04057312000000002,0.04428974000000002,-0.017499680000000017,0.11158052000000002,0.08326432000000006,0.008323460000000005,-0.013996780000000042,-0.008323460000000005,0.013996780000000042,0.045957020000000015,0.13244265,0.0013068600000000208,0.21202962000000003,0.03931368000000002,0.28969612,-0.022060980000000008,0.31142932,-0.0027533299999999983,0.12364503999999993,0.02185425000000002,0.13939864000000002,0.026555439999999986,0.19539501999999997,0.07211450000000003,0.12383744000000008,0.03763356000000001,0.14643943000000004,-0.006643339999999998,0.15725347,0.009630320000000026,0.19803284,-0.02336784000000003,0.09939969999999998,-0.012278239999999996,0.04457521999999997,-0.01664692000000001,0.027993560000000084,0.03613645811986007,0.1384736672349368
0.10008251499999998,-0.28013215500000005,0.10345901499999999,-0.29379733500000005,0.09738551500000003,-0.29980756500000005,0.08111888500000003,-0.31312979500000004,0.05718857500000002,-0.32421479500000006,0.025767774999999993,-0.2798147650000001,0.012418065000000034,-0.23940701500000006,0.020926445000000016,-0.14906488500000004,0.03558915499999998,-0.04098968500000011,0.038491045,-0.021595335000000104,0.11095798500000004,0.08199216499999995,0.00877165499999999,-0.013382635000000032,-0.00877165499999999,0.01338263499999992,0.04656168500000002,0.13238786499999988,0.0013239349999999983,0.21189656499999998,0.040472655000000024,0.289814865,-0.02186334499999998,0.30996896499999993,-0.004841329999999977,0.13074988000000004,0.017564599999999986,0.12746954999999993,0.02317108999999995,0.19841732999999995,0.07536883000000005,0.12298185000000006,0.03779003000000003,0.14577049999999991,-0.006089029999999995,0.1574270000000001,0.010095589999999988,0.19851393000000006,-0.023187279999999977,0.09807239999999995,-0.013349709999999959,0.04040775000000002,-0.01754330999999998,0.026765269999999952,0.03083327071950204,0.137994399528932
0.10117303,-0.28077763000000006,0.10428992999999998,-0.29396471,0.09873883,-0.30014121000000005,0.08124552000000002,-0.31312891000000004,0.05765192000000002,-0.32448845000000004,0.026640190000000008,-0.28152766,0.009388249999999987,-0.23989781000000004,0.023836049999999998,-0.16210713,0.02859624999999999,-0.04217129000000008,0.03783698000000002,-0.0637778,0.10679192999999998,0.07614736999999994,0.009847180000000011,-0.013903070000000017,-0.009847180000000011,0.013903070000000017,0.04700903000000001,0.12912261999999997,0.001626850000000013,0.21119047000000002,0.041195150000000014,0.28873967,-0.020417079999999976,0.31018376999999997,-0.0028041400000000105,0.11942053000000002,0.014000930000000023,0.09832932999999999,0.019208000000000003,0.19772651999999996,0.07819567999999999,0.11831866000000002,0.037161849999999996,0.14302568999999998,-0.0058138799999999935,0.15961705000000004,0.011474030000000024,0.1972874,-0.02204392999999999,0.09899329999999995,-0.01725194000000002,0.04162984999999997,-0.019694360000000022,0.027806140000000035,0.05719193646496767,0.13220830104075193
0.09959188499999999,-0.2844486399999999,0.102980925,-0.2973305399999999,0.097665585,-0.3041517999999999,0.08023408500000001,-0.3151103699999999,0.05754628500000003,-0.32847609999999994,0.02387805500000001,-0.2797576399999999,0.00899688500000001,-0.2424131499999999,0.018349804999999997,-0.15313602999999998,0.02223198500000001,-0.0466291499999999,0.03773038500000003,-0.036709299999999945,0.10086600500000004,0.07090590000000008,0.008711085000000007,-0.013137299999999907,-0.008711085000000007,0.013137300000000018,0.045538345000000036,0.13134810000000008,0.0010076549999999962,0.2097082,0.041758815000000005,0.2875477000000001,-0.02196511499999998,0.30743490000000007,-0.005528250000000012,0.12662160999999994,0.019380580000000036,0.11642673000000003,0.0132351,0.195784,0.07863402000000003,0.11753504999999997,0.03682726000000003,0.14448539999999999,-0.003779530000000031,0.1561996,0.009718740000000003,0.1965709,-0.022972769999999976,0.09772670000000006,-0.014881169999999999,0.03734449000000001,-0.017422170000000015,0.026274599999999926,0.03738661467009287,0.12387231247872994
0.09801565499999998,-0.29051522,0.10112883500000003,-0.30247422,0.09642927499999998,-0.31019816,0.07874157500000001,-0.31908072,0.057132505,-0.33510312000000003,0.025675174999999995,-0.27897334,0.004954924999999999,-0.25253564,0.021011944999999976,-0.13816958999999995,0.008752274999999976,-0.058847920000000054,0.03942697500000003,-0.017464020000000025,0.09138252499999999,0.05894880999999996,0.01020357500000002,-0.011365949999999958,-0.01020357500000002,0.011365949999999958,0.04398151500000003,0.12960821,0.00020324500000001855,0.20345407999999998,0.04276754500000002,0.28272741999999995,-0.022757894999999972,0.30221778,-0.004663230000000018,0.14080375000000006,0.018415030000000054,0.12070556999999993,0.003797349999999977,0.19368771999999995,0.08263025000000002,0.11779673000000002,0.033777940000000006,0.14097415999999996,-0.0012139700000000087,0.15311920999999995,0.010406820000000039,0.19208813000000002,-0.02296113999999999,0.09876370000000001,-0.020720249999999996,0.02643770000000001,-0.02040715000000004,0.022731899999999916,0.029852865277639622,0.11217782436377345
0.09887691999999998,-0.28570745000000003,0.10161735999999999,-0.29773131,0.09694373,-0.30521098,0.07970875,-0.3140198,0.05801514000000002,-0.32959953000000003,0.029092669999999987,-0.27087224000000004,0.00444439000000002,-0.24838868000000003,0.025096740000000006,-0.12788308000000004,-0.0013356800000000058,-0.049946080000000004,0.04735972999999999,-0.03832848,0.08589169000000002,0.05878611999999994,0.010882530000000001,-0.01040212000000007,-0.010882530000000001,0.01040211999999996,0.04332976999999999,0.13716675999999994,0.000789289999999998,0.20392961999999992,0.04436179000000001,0.29253421999999996,-0.02305296000000001,0.30851461999999996,-0.003995929999999981,0.14298916,0.022262989999999983,0.08955460000000004,-0.005780070000000026,0.19844260000000002,0.08722737000000003,0.10873219999999995,0.03244723999999999,0.14756888,0.0010320200000000224,0.15536746,0.01167182,0.19352749999999996,-0.02384225000000001,0.10458500000000004,-0.024648279999999967,0.022483560000000014,-0.021765060000000003,0.02080424000000003,0.045939826977140386,0.10819547639623572
0.09564565999999997,-0.28456184500000004,0.09914127,-0.29628655500000006,0.0934643,-0.30423009500000003,0.07850656,-0.31052854500000004,0.05510974000000002,-0.32720628500000004,0.02975479999999997,-0.26653142500000004,-0.0007077000000000333,-0.24469309500000003,0.021920229999999985,-0.12773945500000006,-0.013037359999999998,-0.045994225000000055,0.045311449999999975,-0.037602424999999995,0.07877396999999997,0.060080734999999996,0.012472570000000016,-0.010171025,-0.012472570000000016,0.010171025,0.041748549999999995,0.14070472499999997,-0.004055120000000023,0.20268914500000001,0.042057299999999964,0.29463520499999996,-0.025085069999999987,0.31147417499999996,-0.007834569999999985,0.13879197,0.02339121999999999,0.09013703000000006,-0.012329659999999965,0.19869886999999997,0.09181132999999997,0.10607496000000005,0.02927597999999998,0.15087574999999998,0.00030874999999996877,0.15393047999999998,0.008417449999999993,0.19251812000000001,-0.021029949999999964,0.10878502999999995,-0.030462500000000003,0.021838330000000017,-0.024945140000000032,0.02034205,0.04278871049253993,0.10400437593801377
0.09461699999999995,-0.293789195,0.09733177999999998,-0.304509275,0.09297310999999997,-0.31279761500000003,0.07543997999999996,-0.317197615,0.05394604999999997,-0.334969865,0.026186649999999978,-0.271911345,-0.00640077,-0.251402095,0.014137079999999969,-0.12951121499999996,-0.02047790000000005,-0.059827344999999976,0.046225989999999995,-0.04544991499999995,0.06772022999999999,0.043033985,0.013897949999999992,-0.011226515000000048,-0.013897950000000048,0.011226515000000048,0.03901110999999996,0.13644218500000005,-0.005871990000000049,0.20318762499999998,0.04129506999999999,0.288844145,-0.02825085000000005,0.305301885,-0.01204957000000001,0.14240013000000007,0.032088910000000026,0.0840613,-0.014077130000000049,0.19157475000000002,0.08819813000000004,0.10286132999999997,0.025113159999999968,0.1476687000000001,0.0022839600000000293,0.15240195999999995,0.008025959999999999,0.19196110999999993,-0.02237886,0.10211426000000001,-0.03258741999999998,0.020509250000000034,-0.02779590000000004,0.022453030000000096,0.04707805516163124,0.08759704592229867
0.09273245499999999,-0.30111563,0.095261035,-0.31200543000000003,0.09094956500000001,-0.31982892,0.07334069500000001,-0.32421302,0.051615295000000005,-0.34118377000000005,0.023672095000000004,-0.27595543000000006,-0.010151365000000023,-0.25617527000000007,0.009315895000000018,-0.13285770000000008,-0.031896055000000034,-0.06897427,0.04584687500000001,-0.04508367000000002,0.05747909499999998,0.03246107999999992,0.014191924999999994,-0.011968470000000009,-0.014191924999999994,0.011968470000000009,0.04185074499999997,0.12947396,-0.007180505000000004,0.20305172999999999,0.04026275499999998,0.27871546999999997,-0.03326880500000001,0.30097052999999996,-0.014356199999999986,0.14309772999999998,0.03653097999999999,0.08777403000000006,-0.02174469000000001,0.18720100000000006,0.08937515000000001,0.10143534999999992,0.027658819999999973,0.14144243,-0.0015879899999999836,0.14924150999999997,0.0070114199999999904,0.19108325999999998,-0.02608830000000001,0.09791879999999997,-0.03382346000000003,0.01978015999999999,-0.028383849999999988,0.023936940000000018,0.04581105031040548,0.07454315644277812
0.09042771999999999,-0.30996471999999997,0.09297810000000001,-0.32073746,0.08848917,-0.32895663999999997,0.07134849999999998,-0.3312696,0.048378069999999995,-0.34935638999999996,0.023118670000000008,-0.27766008,-0.015006499999999978,-0.26075957,0.009530199999999989,-0.13440542,-0.040006770000000025,-0.07633024999999993,0.04539315999999999,-0.04376716000000003,0.05012352999999997,0.021546880000000046,0.015268999999999977,-0.011627720000000008,-0.015268999999999977,0.011627720000000008,0.04227426000000001,0.12700528,-0.009493499999999988,0.19942634000000004,0.03801791999999998,0.27395724,-0.03497557000000001,0.29601418,-0.01358847000000002,0.14325465999999998,0.03586296,0.09063825999999997,-0.025000270000000047,0.18442932000000006,0.0901303,0.09787712999999998,0.02700526000000003,0.138633,-0.004256340000000025,0.14695196,0.005775499999999989,0.18779862000000003,-0.025482070000000023,0.09658783999999998,-0.038125169999999986,0.01690050999999998,-0.030537999999999954,0.023255440000000016,0.04405006945759793,0.06614055272604315
0.08905559500000004,-0.30942297,0.09244912500000002,-0.32018195,0.08696862500000002,-0.32899368,0.07223552500000002,-0.33121747,0.04626682500000001,-0.35101819,0.023042205000000038,-0.27748659,-0.018088224999999958,-0.26123258,0.008895354999999994,-0.13565174999999996,-0.04592222499999998,-0.07740899999999995,0.045413375000000034,-0.04326394999999994,0.044837685000000016,0.014835810000000005,0.016021695000000002,-0.012030149999999962,-0.016021695000000002,0.012030149999999962,0.044642505,0.12334544999999997,-0.010417284999999998,0.19990015000000005,0.03629588500000003,0.27292465,-0.03768777499999998,0.29787615,-0.014146850000000044,0.14183484000000002,0.03651802000000004,0.09238780000000002,-0.027834000000000025,0.18382358000000004,0.09075991,0.09224480999999995,0.028620809999999997,0.13537559999999993,-0.008346619999999971,0.14957920000000002,0.005604410000000004,0.1878700000000001,-0.02727048999999998,0.09797599999999995,-0.041130429999999996,0.016254009999999985,-0.032043390000000005,0.024060299999999923,0.04288847299289636,0.06092401711985186
0.086589745,-0.306593695,0.09123498499999999,-0.316873515,0.08468224499999999,-0.326415365,0.072977185,-0.328018115,0.04552862499999999,-0.349999075,0.023804424999999962,-0.276217855,-0.020580254999999992,-0.261414985,0.006684964999999987,-0.13973117499999999,-0.05168109500000001,-0.07715491500000005,0.043096305,-0.061437975000000034,0.043389385,0.008460634999999939,0.016925725000000003,-0.011934584999999998,-0.016925725000000003,0.011934584999999998,0.04746106499999997,0.12339174499999994,-0.009963755000000019,0.19858168499999995,0.036531924999999965,0.272613635,-0.03560608500000001,0.301353985,-0.017119459999999975,0.13648668000000003,0.036411340000000014,0.07829319999999995,-0.03110084000000002,0.18426006999999994,0.09507048000000001,0.08561554999999998,0.030535339999999966,0.13532632999999994,-0.010929140000000004,0.14922189000000008,0.006961969999999984,0.18664709999999995,-0.02564232999999999,0.10277230000000004,-0.044384679999999954,0.014802870000000024,-0.033851450000000005,0.023869169999999995,0.05599540051672551,0.06041507115707637
0.08498965999999997,-0.30620160500000004,0.08971631999999996,-0.316686425,0.08240162000000001,-0.325844205,0.07227911999999997,-0.328730705,0.043110819999999994,-0.349618405,0.02485033999999997,-0.27783686500000004,-0.02337538,-0.26248184500000005,0.0060324900000000015,-0.14350769500000005,-0.058895680000000006,-0.07707110500000003,0.04370906999999996,-0.06901614499999997,0.04317536999999999,0.00030725499999995076,0.018077850000000006,-0.011840495000000062,-0.018077850000000006,0.011840494999999951,0.04696042,0.13356861499999995,-0.01158583000000002,0.20353629500000003,0.038224690000000006,0.277428255,-0.035510719999999996,0.303576855,-0.01881784999999997,0.13432917,0.03767657999999996,0.07449155000000007,-0.035520300000000005,0.18541074000000002,0.10207105,0.07737835999999998,0.028882569999999996,0.14540911,-0.008735729999999997,0.14385964000000007,0.006492019999999987,0.19169580000000008,-0.023924889999999976,0.10004055999999995,-0.04822571999999997,0.015355019999999997,-0.03615570000000001,0.023680990000000013,0.06265791563410714,0.06232954825174012
0.07769011000000003,-0.30810009999999993,0.08390834000000003,-0.31931099999999996,0.07509367000000006,-0.32821999999999996,0.06867774000000004,-0.33014833999999993,0.03832397000000004,-0.35086675999999994,0.02445664000000003,-0.2762521499999999,-0.02495149999999996,-0.26120849999999995,0.011224910000000032,-0.14350675999999996,-0.06376934999999995,-0.0795923999999999,0.04434531000000003,-0.04983823999999992,0.040825950000000055,-0.008852099999999918,0.01710113000000002,-0.01110409999999995,-0.017101129999999964,0.011104100000000061,0.044713870000000044,0.1324489000000001,-0.014179689999999967,0.19937460000000007,0.03105357000000003,0.27487680000000003,-0.033886769999999955,0.30113560000000006,-0.013231729999999997,0.13274538999999996,0.033120399999999994,0.09366852000000003,-0.03881784999999999,0.18161610000000006,0.1045953,0.07074029999999998,0.027612740000000024,0.14355300000000004,-0.013660300000000014,0.14242789999999994,0.0029214399999999974,0.1882705,-0.019707079999999988,0.10176099999999999,-0.04940813999999999,0.015043649999999964,-0.034202259999999984,0.02220820000000001,0.04735587551098594,0.06126823414924247
0.07713121,-0.30218599999999995,0.08388307,-0.31343139999999997,0.07456584000000005,-0.32251929999999995,0.06979176000000004,-0.3252093,0.036321640000000044,-0.34781887999999994,0.02397406000000002,-0.27300765999999993,-0.029173199999999955,-0.25934954999999993,0.008013740000000047,-0.1503561,-0.06775105999999997,-0.07861849999999992,0.03719058000000003,-0.09567859999999995,0.04423694,-0.019571799999999917,0.018453540000000046,-0.010975899999999927,-0.01845353999999999,0.010975900000000038,0.05026370000000002,0.1355069000000001,-0.015947759999999978,0.19629264000000002,0.03498211000000001,0.28664920000000005,-0.029548059999999987,0.30772770000000005,-0.015960319999999972,0.12265155999999994,0.02917683999999998,0.054677500000000046,-0.03857786000000002,0.18073105,0.11198799999999998,0.05904670000000001,0.031810159999999976,0.14648280000000002,-0.015281590000000012,0.15114229999999995,0.002505780000000013,0.18531673999999998,-0.01360030000000001,0.11143506000000003,-0.053147259999999974,0.013658110000000001,-0.036907080000000037,0.021951799999999966,0.08675035478458634,0.06973706516566636
0.07516119000000004,-0.306595785,0.08192740000000004,-0.318196285,0.07162733000000004,-0.32734509500000003,0.06876568,-0.329746545,0.03286949,-0.352314115,0.025944000000000023,-0.272886385,-0.03165342999999998,-0.264773845,0.008886580000000033,-0.141616815,-0.06817089999999998,-0.086160385,0.03965650000000004,-0.08996438500000004,0.05106763000000003,-0.03942143500000006,0.020030470000000022,-0.009853415000000032,-0.020030469999999967,0.009853415000000032,0.05185637000000004,0.13871008500000004,-0.016735769999999983,0.19388241500000003,0.03416653000000003,0.285797655,-0.027498949999999966,0.305144015,-0.01705741999999999,0.13126957,0.030769920000000006,0.05165242999999997,-0.036517469999999996,0.17861346,0.11923853000000001,0.046738949999999946,0.03182590000000002,0.14856350000000007,-0.017689840000000012,0.14708756999999995,0.0032946999999999838,0.184029,-0.010763179999999983,0.11126159999999996,-0.057597430000000005,0.008112540000000001,-0.04006093999999999,0.019706830000000064,0.08247998889368136,0.08650404999843943
0.07078648500000001,-0.311953665,0.07697628500000003,-0.323489075,0.066488995,-0.333058185,0.06433097500000001,-0.336840665,0.02677516499999999,-0.359834975,0.023534535000000023,-0.27476254499999997,-0.03704910499999997,-0.27120760499999996,0.007863635000000035,-0.11905902499999999,-0.07207353499999997,-0.08949742500000002,0.049376635,-0.03529582499999995,0.04432879500000003,-0.060682365000000016,0.02127258500000001,-0.009566124999999981,-0.02127258500000001,0.009566124999999981,0.04753343500000001,0.140667475,-0.01798023500000001,0.19775097500000005,0.03251249500000003,0.28536697499999997,-0.03673239499999997,0.302200075,-0.015670899999999988,0.15570351999999998,0.04151299999999997,0.08376320000000004,-0.035024429999999995,0.18171017999999994,0.11640233,0.028815060000000003,0.026260850000000002,0.15023359999999997,-0.015020939999999983,0.14469949999999998,0.0032923499999999994,0.18818485000000007,-0.018752159999999962,0.10444909999999996,-0.060583639999999994,0.0035549400000000064,-0.04254517000000002,0.019132249999999962,0.0381032162486646,0.09611655115111292
0.06635556999999997,-0.311333625,0.07349995999999998,-0.322887505,0.06215028999999994,-0.332832155,0.062239889999999964,-0.33627402500000003,0.023852509999999938,-0.360405705,0.021108349999999942,-0.275066705,-0.038153360000000025,-0.27164077500000006,0.003754189999999935,-0.116910505,-0.07064401000000003,-0.08716830500000006,0.04667558999999999,-0.03847610499999998,0.042093949999999936,-0.06876240500000008,0.020954509999999982,-0.009415865000000023,-0.020954510000000037,0.009415865000000023,0.049077559999999965,0.14334759499999994,-0.018089040000000056,0.19914519499999994,0.03402268999999997,0.289497695,-0.03515129000000006,0.30511009499999997,-0.017354160000000007,0.15815620000000002,0.042921400000000054,0.07843440000000002,-0.03249065000000001,0.18447247,0.11273795999999997,0.018405899999999975,0.028123049999999983,0.15276345999999996,-0.015054869999999998,0.14615010000000006,0.002865469999999981,0.18972932999999992,-0.01706225,0.10596490000000003,-0.05926170999999997,0.003425929999999966,-0.04190902000000002,0.018831730000000046,0.03880813710066483,0.10043381008686524
0.06685835000000007,-0.31551147,0.07507857000000007,-0.3279135,0.06280046000000006,-0.33806721,0.06422418000000002,-0.34061072000000003,0.023464260000000015,-0.36636443,0.022834180000000037,-0.27701000000000003,-0.03817325999999999,-0.27541513,0.011995490000000053,-0.11566205000000007,-0.06679203999999994,-0.09309165000000008,0.04744664000000004,-0.04239492,0.04843434000000002,-0.08596520000000007,0.021008020000000016,-0.008955350000000029,-0.02100801999999996,0.008955349999999918,0.05330712000000004,0.13595144999999997,-0.017676919999999985,0.18969594999999995,0.03261072000000004,0.28009405,-0.02590241999999998,0.30155624999999997,-0.010838689999999984,0.16134794999999996,0.03545114999999999,0.07326713000000007,-0.028618779999999955,0.18232347999999993,0.11522637999999996,0.007126450000000006,0.032299100000000025,0.1449068,-0.020696400000000004,0.1441426,0.0033310999999999757,0.18074060000000003,-0.008225499999999997,0.11186030000000002,-0.061007440000000024,0.001594870000000026,-0.04201603999999998,0.017910699999999946,0.04262869302816238,0.11761017037089988
0.06476958,-0.31603712000000006,0.07316724999999996,-0.32791325000000004,0.06072759999999999,-0.33888355000000003,0.06235314999999997,-0.33886352000000003,0.021035859999999962,-0.36645532000000003,0.02193672999999996,-0.27551267,-0.041108650000000024,-0.27483472000000003,0.01278916999999996,-0.11532030000000004,-0.06615860000000001,-0.09365710000000005,0.048085849999999986,-0.04596,0.05191765999999998,-0.09844786000000005,0.02183301999999998,-0.009114200000000072,-0.021833020000000036,0.009114199999999961,0.05435437999999998,0.134652,-0.018118960000000017,0.19027859999999996,0.03342814999999999,0.27771199999999996,-0.02616630000000003,0.30469959999999996,-0.009147559999999999,0.16019236999999997,0.035296680000000025,0.06936030000000004,-0.025049949999999988,0.18117761999999998,0.11807625999999999,-0.004790760000000005,0.03252136,0.14376620000000007,-0.02092622999999999,0.14305999999999996,0.003714060000000019,0.1811644,-0.008047340000000014,0.114421,-0.06304537999999998,0.0006779499999999827,-0.04366604000000002,0.018228400000000033,0.04524183971335488,0.13041763512618224
0.05991701999999999,-0.314235315,0.06960668000000003,-0.327229425,0.05469801000000002,-0.338245275,0.06103717000000003,-0.337704435,0.014850750000000024,-0.365267375,0.02081563000000003,-0.273535295,-0.042319669999999976,-0.272061635,0.011321200000000031,-0.11314530499999997,-0.06366084999999999,-0.09063727499999996,0.04600109000000002,-0.042777874999999965,0.05435302000000003,-0.10464647500000002,0.022040229999999994,-0.008797724999999978,-0.022040229999999994,0.008797724999999978,0.05318725000000002,0.13957122499999997,-0.018403510000000012,0.19100568500000004,0.03439923,0.28328709499999993,-0.028840109999999974,0.308495325,-0.009494429999999998,0.16038999000000004,0.03467988999999999,0.07036743000000001,-0.021341180000000015,0.18142436000000006,0.11801387000000002,-0.014009200000000055,0.031147020000000025,0.14836894999999994,-0.018788020000000016,0.14371586999999997,0.003636719999999982,0.18220796000000006,-0.010436599999999963,0.11748963999999995,-0.0631353,0.0014736599999999878,-0.04408045999999999,0.017595449999999957,0.04157852096891014,0.13676810724435176
0.05640457000000004,-0.315543465,0.06514921000000001,-0.328767865,0.05138881000000001,-0.339250685,0.05542381000000002,-0.340889485,0.010573110000000052,-0.367119605,0.01650881000000004,-0.277038065,-0.045959169999999994,-0.271927445,0.011002930000000022,-0.11871442499999996,-0.06408866999999996,-0.091479215,0.04334001000000004,-0.04673266499999995,0.05084011000000005,-0.11095706500000002,0.021775210000000045,-0.009543564999999976,-0.02177520999999999,0.009543564999999976,0.05329273000000001,0.13969113499999997,-0.020173389999999958,0.19270178500000001,0.03212587,0.284867675,-0.02943404999999999,0.308808835,-0.0055058800000000185,0.15832364000000004,0.03233708000000002,0.07198176,-0.018129499999999965,0.18044823,0.11492878000000001,-0.01947785000000002,0.031517519999999966,0.14923469999999994,-0.02116686000000001,0.14517654000000002,0.0016018200000000316,0.18315822000000004,-0.009260660000000032,0.11610704999999999,-0.062467980000000034,0.00511062000000001,-0.043550420000000034,0.019087129999999952,0.04298918186997745,0.14068897088648885
0.05394528999999998,-0.3180212049999999,0.06219330000000001,-0.3310478049999999,0.04881228999999998,-0.34152701499999993,0.05212781999999999,-0.34238355499999995,0.007549399999999984,-0.3684681349999999,0.016444120000000007,-0.2770884049999999,-0.04910344999999999,-0.2717070849999999,0.01427023999999999,-0.11965125499999996,-0.06309338000000003,-0.09356725499999996,0.04195051999999999,-0.04638495499999995,0.050875649999999994,-0.12076338499999995,0.022805379999999986,-0.009528904999999921,-0.022805379999999986,0.009528905000000032,0.05324609999999996,0.14040324500000012,-0.021641080000000035,0.19259080500000003,0.029732119999999973,0.2861088850000001,-0.029478580000000032,0.30937114500000007,-0.002173880000000017,0.15743714999999997,0.02768028,0.0732663,-0.01398993000000004,0.17813982999999994,0.11396903000000003,-0.027196129999999985,0.030440719999999977,0.14993215000000004,-0.02351397999999999,0.14570563999999997,0.0011642999999999515,0.1830619,-0.007837499999999997,0.11678034000000004,-0.06554757,0.005381320000000023,-0.04561075999999997,0.019057809999999953,0.04153197331240237,0.14968291490783106
0.05080197000000003,-0.32085876499999993,0.05898536000000004,-0.33403898499999995,0.04529630000000001,-0.34450234499999993,0.04897172000000005,-0.34448838499999995,0.003626440000000064,-0.37028458499999994,0.014805400000000024,-0.27762092499999996,-0.05163212999999994,-0.27125762499999995,0.014237050000000029,-0.12205444499999996,-0.06419225999999995,-0.09562208499999991,0.041281500000000027,-0.04673428499999999,0.04825297000000006,-0.131071685,0.023083330000000013,-0.00951828499999996,-0.023083329999999957,0.00951828500000007,0.05193764000000006,0.143566615,-0.023633899999999985,0.19354611500000007,0.02801073000000004,0.2866013150000001,-0.03169039999999995,0.30961151500000006,-0.0005683499999999952,0.15556648,0.027044449999999998,0.07532015999999997,-0.012560130000000003,0.17563554000000003,0.11244523000000001,-0.03544960000000008,0.02885431000000005,0.15308489999999997,-0.023926910000000023,0.14303470000000007,-0.000550570000000028,0.18402783,-0.008056499999999966,0.11606539999999999,-0.06643752999999997,0.006363300000000016,-0.04616665999999997,0.01903657000000003,0.04142709315591552,0.15765280638888393
0.04929433499999997,-0.3227553800000001,0.05679737499999993,-0.33649094000000007,0.04338615499999998,-0.34608652000000006,0.04635530499999996,-0.3472769700000001,0.0010348349999999562,-0.3709063000000001,0.014307994999999962,-0.2788656200000001,-0.05332826500000004,-0.2700457000000001,0.017230654999999928,-0.12435867000000012,-0.06379718500000003,-0.0975874000000001,0.04224997499999994,-0.0483939000000001,0.048504314999999965,-0.13973756000000004,0.023417034999999975,-0.010190200000000038,-0.02341703500000003,0.010190199999999927,0.05214216499999996,0.14178729999999995,-0.02450198500000006,0.1950327999999999,0.027359094999999944,0.2833111999999999,-0.031949965000000025,0.3094585999999999,0.002922659999999966,0.15450694999999998,0.02501932000000001,0.07596477000000001,-0.010468919999999993,0.1724583,0.1123015,-0.04215015999999994,0.028725129999999988,0.1519775,-0.024783070000000018,0.14152389999999992,-0.001084950000000029,0.18484259999999997,-0.007447979999999965,0.11442580000000002,-0.06763626,0.008819919999999981,-0.046834070000000005,0.020380399999999965,0.04259345398924116,0.16628593988801366
0.04626553,-0.3222164799999999,0.05430499999999999,-0.33626159999999994,0.03992669999999998,-0.3459727999999999,0.04484608000000001,-0.34652649999999996,-0.002490250000000027,-0.37046857999999994,0.014016550000000016,-0.27737703999999996,-0.05551139999999999,-0.2685048299999999,0.01755063000000001,-0.12471639999999995,-0.06383811,-0.09800200999999997,0.041845049999999995,-0.05104171999999996,0.048042699999999994,-0.14867235999999995,0.02400095000000002,-0.010002789999999928,-0.02400095000000002,0.01000279000000004,0.05168162999999998,0.1450817000000001,-0.025467530000000016,0.1955850400000001,0.02587022,0.28568484000000005,-0.031993610000000006,0.31039864000000006,0.003534079999999995,0.15266064000000001,0.024294419999999983,0.07367467999999999,-0.008326710000000015,0.17050281999999994,0.11188081,-0.050670349999999975,0.027680679999999958,0.15508449000000002,-0.02581140999999998,0.14060313999999996,-0.0014665799999999951,0.18558225000000006,-0.00652607999999999,0.11481359999999996,-0.06952795,0.008872210000000047,-0.04800190000000004,0.020005579999999967,0.04475048245946519,0.1742644276174716
0.04686119,-0.3252631149999999,0.054027349999999974,-0.3391824449999999,0.04008375999999997,-0.3477677149999999,0.043660039999999956,-0.3493108149999999,-0.0022050100000000072,-0.3702304749999999,0.013824730000000007,-0.2815463349999999,-0.05388883,-0.2713217549999999,0.016694070000000005,-0.1317159149999999,-0.06313301000000004,-0.1048555149999999,0.04731235,-0.061836314999999864,0.046124639999999995,-0.15754337499999993,0.023785109999999998,-0.009882914999999937,-0.023785109999999998,0.009882915000000048,0.05261748999999999,0.14692382500000012,-0.024983050000000007,0.19379483500000005,0.03017740999999996,0.28853623500000014,-0.031030060000000026,0.3076066850000001,0.002869339999999998,0.14983042000000002,0.030618279999999998,0.06987960000000004,-0.009244180000000046,0.16646624,0.10925765000000004,-0.05268786000000003,0.02883237999999999,0.15680674000000006,-0.02244008000000003,0.14161241000000002,-0.0011979400000000084,0.18391192,-0.006047010000000019,0.11381185000000005,-0.06771356,0.010224580000000039,-0.047570219999999996,0.019765829999999984,0.057032331125227494,0.18143576198816647
0.04470741500000003,-0.3268356,0.052099585000000004,-0.34083359999999996,0.03784659500000004,-0.34945306,0.042168205000000014,-0.35084513,-0.004183594999999984,-0.37186342,0.012929355000000031,-0.28288262999999997,-0.055274694999999985,-0.27227219999999996,0.016506765000000034,-0.13679118,-0.064610365,-0.10835808000000002,0.04774367500000004,-0.06722377999999996,0.04486826500000002,-0.16214567999999996,0.023824695000000007,-0.009906320000000024,-0.02382469499999995,0.009906320000000024,0.05165913500000002,0.14740021999999997,-0.025827884999999995,0.19334468999999999,0.029013485000000006,0.28736662,-0.031067264999999955,0.30670962,0.003577410000000003,0.14609144999999996,0.031236910000000007,0.06956740000000006,-0.009335670000000018,0.16391411999999994,0.10947863000000002,-0.053787599999999935,0.027834440000000016,0.15730654,-0.022645650000000017,0.13996640000000005,-0.0020031900000000435,0.18343836999999996,-0.00523937999999996,0.11336493000000003,-0.06820405000000002,0.010610430000000004,-0.04764938999999996,0.019812640000000048,0.062108041549319475,0.18525823452025442
0.04448237999999999,-0.32514767,0.05190497999999999,-0.33908541999999997,0.037210699999999985,-0.34725772,0.042257040000000023,-0.34942502999999997,-0.0049759200000000225,-0.36923439999999996,0.013257919999999979,-0.28369458,-0.05517748,-0.2716772,0.016438010000000003,-0.13956289999999993,-0.06383979000000001,-0.10899059999999994,0.050556239999999975,-0.07198569999999993,0.04618808000000002,-0.16251994999999997,0.024073359999999988,-0.010325299999999982,-0.024073359999999988,0.010325299999999982,0.05244778,0.14601837000000006,-0.024956560000000017,0.19428394999999998,0.029104279999999982,0.28563820000000006,-0.03156281999999999,0.308825,0.0031800900000000243,0.14413168000000004,0.03411822999999997,0.0675772,-0.008662310000000006,0.16268660000000007,0.11002787000000003,-0.05352935000000003,0.02837442000000001,0.15634367000000005,-0.023343500000000017,0.13961983,-0.0008832000000000284,0.18395865,-0.006606259999999975,0.11454105000000003,-0.06843539999999998,0.012017379999999966,-0.048146719999999976,0.020650599999999963,0.06710698817004376,0.1865801447057968
0.04296462999999995,-0.325597965,0.050374479999999944,-0.339240605,0.03598292999999997,-0.347606985,0.04049822999999997,-0.34977998499999996,-0.005847470000000021,-0.370030325,0.011237059999999965,-0.285577225,-0.05559030000000004,-0.272906245,0.015846329999999964,-0.14309092499999998,-0.06295100000000003,-0.11063319500000002,0.05234152999999997,-0.07751369499999994,0.04458562999999999,-0.16699915499999995,0.023621769999999986,-0.010390875000000022,-0.023621770000000042,0.010390875000000022,0.05248872999999998,0.14659881500000005,-0.024744670000000024,0.19453757500000002,0.029497359999999972,0.286294575,-0.03148612000000006,0.308089975,0.004609269999999999,0.1424863,0.036495200000000005,0.06557723000000004,-0.007360699999999998,0.16227304999999997,0.10753663000000002,-0.05636595999999994,0.028866959999999997,0.15698969000000007,-0.02299137000000001,0.13969575999999995,-0.0011228999999999822,0.1841467,-0.006741450000000038,0.1135524,-0.06682736,0.012670979999999998,-0.04724354000000003,0.020781750000000043,0.07300888698788655,0.19005123561334952
0.04250759999999998,-0.32534509500000003,0.04999793999999996,-0.33929259500000003,0.03532509999999994,-0.348053125,0.04003436999999993,-0.35002395500000005,-0.007493600000000045,-0.37110045500000005,0.010497249999999958,-0.28531965500000006,-0.05663883000000003,-0.273357065,0.019030849999999933,-0.14281359500000002,-0.06156712000000003,-0.11213769500000004,0.05694409999999994,-0.08150519500000009,0.04612786999999996,-0.170022935,0.02362399999999998,-0.01056435500000008,-0.023624000000000034,0.01056435499999997,0.05340117999999994,0.14200260499999995,-0.02315120000000004,0.19267970499999998,0.02950996999999994,0.281634005,-0.03096433000000004,0.30745950499999997,0.008533599999999975,0.14250606000000005,0.03791325000000001,0.06130839999999993,-0.004928290000000002,0.16121936999999997,0.10769498999999999,-0.05788523999999995,0.02977717999999996,0.15256696000000003,-0.023891209999999996,0.13963140000000007,0.00047279999999999545,0.18211535,-0.007813130000000001,0.11477979999999999,-0.06713607999999999,0.01196259000000005,-0.04724800000000001,0.02112871000000005,0.07837621988789456,0.19359001182406332
0.042004125,-0.324563005,0.049479885,-0.338488295,0.03435613500000001,-0.346988535,0.03960962499999998,-0.348629605,-0.008576735000000002,-0.36880595499999996,0.010930665000000006,-0.284600975,-0.05685235500000002,-0.271836735,0.01979629500000002,-0.14418182499999999,-0.06090293499999999,-0.11169991499999998,0.06064636499999998,-0.08600382500000003,0.045873164999999994,-0.17140987500000004,0.023960335,-0.010571525000000026,-0.023960335,0.010571525000000026,0.05339886500000002,0.14350118499999998,-0.023464335000000003,0.19308582500000004,0.029908105000000018,0.283209625,-0.031018095000000023,0.308573325,0.008865630000000013,0.14041915,0.04085006999999996,0.05817799999999995,-0.00405057999999997,0.16013682,0.10677609999999998,-0.05970996000000006,0.02943853000000002,0.15407271,-0.02349076,0.13970844000000004,0.0004959999999999964,0.18251430000000002,-0.0075537600000000205,0.11548749999999997,-0.06778302000000003,0.012764239999999982,-0.04792067,0.021143050000000052,0.08388025202901396,0.1949203623745093
0.041186020000000045,-0.3251433649999999,0.048319530000000055,-0.33894682499999995,0.03357498000000003,-0.3475693449999999,0.037914800000000026,-0.34931269499999995,-0.009784709999999974,-0.3696501849999999,0.00939228000000003,-0.28531996499999995,-0.05799398999999994,-0.2725216449999999,0.01934115000000003,-0.1459286649999999,-0.060754649999999966,-0.11238966499999992,0.06271025000000002,-0.09200650499999996,0.04647483000000002,-0.17470652499999995,0.023845050000000034,-0.01059639499999998,-0.02384504999999998,0.010596395000000092,0.05377589000000005,0.1426497350000001,-0.023858349999999973,0.19158917500000006,0.02874301000000007,0.28313033500000007,-0.03173304999999993,0.30801373500000007,0.009948869999999999,0.13939130000000005,0.043369099999999994,0.05392215999999994,-0.002760660000000026,0.16013198,0.10722947999999999,-0.06231686000000003,0.029930840000000014,0.1532461300000001,-0.02503287999999998,0.14048059999999996,-1.3299999999993872e-05,0.18099277999999996,-0.007874699999999957,0.11642456000000001,-0.06738626999999997,0.01279832000000003,-0.04769010000000001,0.021192790000000072,0.0902114725589384,0.19819701734320022
0.03985297500000001,-0.32504117,0.04687934499999996,-0.33871337,0.032172115,-0.34713954,0.03649860499999996,-0.34836704,-0.010885005000000003,-0.36822245,0.008169144999999989,-0.28420059000000003,-0.058075875,-0.2712701,0.018884444999999972,-0.14571869999999998,-0.060998155,-0.11212087000000004,0.06509674500000001,-0.09272427000000005,0.04521840499999996,-0.17471040000000004,0.02349230499999999,-0.010537629999999965,-0.02349230499999999,0.010537629999999965,0.05328747499999997,0.14266913000000003,-0.02349425500000002,0.19082032999999998,0.029233514999999988,0.28324623000000004,-0.03291195499999999,0.30836343,0.010715299999999983,0.13848189000000005,0.04621230000000004,0.052994429999999926,-0.0029222799999999993,0.15914922999999997,0.10621655999999996,-0.06258953,0.029795169999999982,0.15320676,-0.024053959999999985,0.1405771,-1.950000000028318e-06,0.18028270000000002,-0.009417699999999973,0.11754310000000001,-0.06624501999999999,0.012930490000000017,-0.04698460999999998,0.02107525999999993,0.09211717115827654,0.19758034894084228
0.03985061000000001,-0.32426649999999996,0.046962590000000026,-0.33807689999999996,0.03213905,-0.34665599999999996,0.03628497000000003,-0.34769719999999993,-0.011619409999999997,-0.36783801999999993,0.006498150000000036,-0.28434937999999993,-0.05808110999999999,-0.2709933199999999,0.017084390000000005,-0.14913869999999996,-0.059869210000000006,-0.11382632999999998,0.06485629000000004,-0.1021339,0.04672293999999999,-0.17475472999999997,0.022977990000000004,-0.010885799999999946,-0.022977990000000004,0.010885800000000057,0.05286472000000003,0.14111340000000006,-0.022875739999999978,0.1924966600000001,0.030249140000000008,0.28038604,-0.031938770000000005,0.30868340000000005,0.010586239999999969,0.13521067999999997,0.047771900000000034,0.04700479999999996,-0.0017881000000000147,0.15716698999999995,0.10659215,-0.060928399999999994,0.029886730000000028,0.1519992,-0.022615580000000024,0.13927263999999995,0.00010225000000002593,0.18161086000000004,-0.009063030000000027,0.11618673999999996,-0.06457926000000003,0.013356060000000003,-0.04595598000000001,0.021771600000000002,0.10039924185221726,0.19829429144971825
0.04054416500000002,-0.32380217000000006,0.047180865000000016,-0.33750248000000005,0.032905145000000025,-0.34561747000000004,0.036070565,-0.34736785000000003,-0.010409995000000005,-0.36637893000000005,0.006704884999999994,-0.28458238,-0.056877595,-0.27064820000000006,0.017550094999999988,-0.1498682,-0.058987395,-0.11301870000000003,0.068039725,-0.10731250000000003,0.048157914999999996,-0.17400816000000008,0.022711884999999987,-0.011001200000000044,-0.022711884999999987,0.011001199999999933,0.05410806499999998,0.1406771,-0.021394864999999985,0.1923085,0.03132592500000003,0.28185969999999994,-0.031084135000000013,0.30964919999999996,0.010845209999999994,0.13471418000000002,0.05048963000000001,0.042555699999999974,-0.002109799999999995,0.15762950000000003,0.10714531,-0.06098946000000005,0.031396179999999996,0.15167830000000004,-0.02278213999999995,0.14118259999999994,0.001317020000000002,0.18130730000000006,-0.009689270000000028,0.11734069999999996,-0.06358248,0.013934179999999963,-0.045423769999999974,0.022002399999999978,0.10644472549993071,0.1981186307232351
0.039517199999999975,-0.3257228750000001,0.045906599999999964,-0.3395011150000001,0.03181793999999999,-0.34745329500000005,0.03447687999999999,-0.34964239500000005,-0.011457140000000032,-0.36806690500000006,0.005571839999999995,-0.28666917500000005,-0.057534960000000024,-0.2725379150000001,0.015582499999999999,-0.15207887500000006,-0.06044750000000004,-0.1142168750000001,0.06693654999999998,-0.11364497500000004,0.044968759999999997,-0.1733975350000001,0.022573399999999966,-0.01089447500000007,-0.02257340000000002,0.010894474999999959,0.05281343999999999,0.14320099499999994,-0.022682130000000023,0.19356052499999998,0.03132933999999998,0.2827903249999999,-0.030563350000000045,0.30810922499999993,0.010010660000000005,0.1345903,0.051354049999999984,0.03843390000000002,-0.002912540000000019,0.15832103999999997,0.10541626000000004,-0.059180659999999996,0.030240040000000024,0.15409547,-0.021484100000000006,0.13958932999999996,-0.00010873000000000133,0.18266605000000002,-0.007881220000000022,0.11454869999999995,-0.06310680000000002,0.014131259999999979,-0.04514679999999999,0.02178895000000003,0.1119185164669926,0.19627910822934191
0.037924389999999975,-0.32625475000000004,0.04509689,-0.33982299000000005,0.030425129999999967,-0.34847517000000006,0.03455206999999999,-0.34927805000000006,-0.012404890000000002,-0.36965955000000006,0.004634829999999979,-0.28604443000000007,-0.05817595000000003,-0.27411679000000005,0.01457145999999998,-0.1519938500000001,-0.06037361000000002,-0.11519889000000005,0.06875994999999996,-0.12059375000000006,0.04596633,-0.1729529500000001,0.022452150000000004,-0.010552050000000035,-0.022452150000000004,0.010552049999999924,0.05299251999999999,0.14136514999999994,-0.022035630000000028,0.19130660999999993,0.03124910999999997,0.28020740999999993,-0.030508250000000015,0.30766494999999994,0.009936630000000002,0.13405057999999997,0.05418848999999998,0.03140010000000004,-0.00219765999999999,0.1589179,0.10633994000000002,-0.05775406000000005,0.030540369999999983,0.15191719999999997,-0.02174341000000002,0.13884226,0.0004165199999999758,0.18075456,-0.008472619999999986,0.11635834,-0.06281078000000001,0.011927640000000017,-0.04490430000000001,0.02110409999999996,0.11938839172938884,0.19584476870856268
0.03726879999999999,-0.32659727999999993,0.04415631999999997,-0.34017158,0.030044529999999958,-0.34847086999999993,0.03343811999999996,-0.35003727999999995,-0.012314130000000034,-0.36982524999999994,0.0029240299999999664,-0.28596314999999994,-0.05791963,-0.27413567999999994,0.01137003999999997,-0.15085855999999997,-0.06093173000000002,-0.11344066999999991,0.06934436999999999,-0.12998719999999997,0.046379809999999966,-0.1712163,0.02185052999999998,-0.010775199999999985,-0.021850530000000035,0.010775200000000096,0.054237219999999975,0.13914176,-0.022326330000000005,0.19158470000000005,0.030842729999999985,0.28090134,-0.03145795000000001,0.30794790000000005,0.008446010000000004,0.13510458999999997,0.05797433000000002,0.020871360000000005,-0.0030121000000000175,0.16069501000000003,0.10731153999999998,-0.05777563000000008,0.032386689999999996,0.14991696,-0.02339448999999999,0.14175958,-0.0004757999999999707,0.18080949999999996,-0.009131620000000007,0.1163632,-0.060843659999999966,0.011827470000000007,-0.043701060000000014,0.02155040000000008,0.12832445512039237,0.19436122393308194
0.037408849999999993,-0.32645979999999997,0.04431593,-0.34034351999999995,0.03011047,-0.34873101999999995,0.033499,-0.35014316999999995,-0.01251933999999999,-0.37003896,0.0026253700000000157,-0.28544894,-0.05766652,-0.27335795999999996,0.01242890000000002,-0.15231657999999992,-0.06002861999999998,-0.11298611999999997,0.07006489999999999,-0.13488402,0.04806442999999999,-0.17173691999999996,0.02159717,-0.010745519999999953,-0.02159717,0.010745520000000064,0.05365176999999999,0.14035153,-0.021924410000000005,0.19217728,0.03141663,0.2810673800000001,-0.03115889999999999,0.30816328000000004,0.009803530000000005,0.13313236000000006,0.057635999999999965,0.01743255999999993,-0.002362099999999978,0.16037184,0.10809304999999997,-0.05875079999999999,0.03205459999999999,0.15109704999999996,-0.022235139999999987,0.1407158500000001,-0.0003272400000000064,0.18143175999999994,-0.009234489999999984,0.11598600000000003,-0.060291890000000015,0.012090980000000029,-0.04319434,0.021491040000000017,0.13326472914317167,0.19532685279529186
0.03850031000000004,-0.32761049499999995,0.04566766,-0.34171921499999997,0.031197260000000004,-0.35037997499999995,0.03485636000000003,-0.35092193499999996,-0.011411719999999959,-0.37155762499999995,0.0017503799999999958,-0.283988655,-0.05607827999999998,-0.275034735,0.007746220000000026,-0.14806467499999998,-0.058277159999999995,-0.11356083499999992,0.07066136,-0.14763752499999994,0.052927500000000016,-0.17346177499999993,0.020999580000000018,-0.010283374999999984,-0.020999579999999962,0.010283375000000095,0.05486426,0.14068176500000007,-0.021549969999999974,0.19308472500000007,0.031688660000000035,0.28187902500000006,-0.031094220000000006,0.30731382500000004,0.00599584000000003,0.13592398,0.06291513999999998,0.0004271500000000428,-0.002198880000000014,0.16147390000000006,0.11120466000000001,-0.059900940000000014,0.03386467999999998,0.15096514000000005,-0.023175599999999963,0.14119726,-0.0005503900000000117,0.18280134999999997,-0.009544250000000032,0.11422909999999997,-0.057828659999999976,0.008953920000000004,-0.04199915999999998,0.020566750000000078,0.1460563415774573,0.19805931764461096
0.03906932499999999,-0.32878925000000003,0.046262205,-0.34320227000000003,0.031604734999999995,-0.35212915,0.03560218500000001,-0.35174207,-0.011201505,-0.37295467000000004,0.002885424999999997,-0.28227585,-0.05561353499999999,-0.27558412000000004,0.014075544999999967,-0.14676962999999998,-0.05775317499999999,-0.11443632000000004,0.07930931499999999,-0.15879467000000003,0.055207485,-0.17561762999999997,0.021097334999999995,-0.009830070000000024,-0.021097334999999995,0.009830070000000024,0.05501064499999997,0.14059217000000002,-0.02060076500000002,0.19281172999999996,0.03238013499999998,0.28286563,-0.033056635,0.30704833,0.01119011999999997,0.13550622,0.06523377000000002,-0.012025040000000042,-0.002139639999999998,0.1611478,0.11296065999999999,-0.06118130999999993,0.033913309999999974,0.15042224000000004,-0.022630509999999993,0.14227345999999996,0.000496569999999974,0.18298165999999993,-0.01245586999999998,0.11423660000000002,-0.05849895999999999,0.006691729999999951,-0.04219466999999999,0.019660140000000048,0.15993463248677692,0.2005324786425441
0.03876026499999996,-0.32970130000000003,0.045167524999999986,-0.34386112,0.03162722499999998,-0.35280746,0.03348381499999997,-0.35266190000000003,-0.011258285000000035,-0.37376088,0.0019386549999999558,-0.28302994000000004,-0.05668167500000004,-0.27656358000000003,0.016883624999999958,-0.14853002000000004,-0.05995397499999999,-0.11492449000000005,0.08150674499999999,-0.16876902000000005,0.053239294999999964,-0.17661722000000002,0.021040365000000005,-0.00987678000000003,-0.021040365000000005,0.00987678000000003,0.054118465000000004,0.14023237999999993,-0.021376655000000022,0.19366717999999994,0.03232159499999998,0.28172548,-0.03432090500000001,0.30598748,0.014944970000000002,0.13449992,0.06462312000000003,-0.020239000000000007,-0.0032722999999999502,0.16163908999999999,0.11319326999999996,-0.06169272999999997,0.0330781,0.15010915999999996,-0.021796870000000024,0.14149310000000004,-0.00033629000000001685,0.1837903999999999,-0.01294424999999999,0.11232030000000004,-0.05862033,0.006466360000000004,-0.04208073000000001,0.01975356000000006,0.17000860873062282,0.20074232220863547
0.03961924,-0.33054232000000006,0.04519561,-0.34415962000000005,0.03282704000000003,-0.35302014000000004,0.03226090000000004,-0.35226392000000006,-0.009924959999999983,-0.37297255000000007,0.0012952100000000466,-0.28233392,-0.05680763,-0.27611208000000004,0.01411654000000001,-0.14888502000000003,-0.061933479999999985,-0.11473732000000003,0.07720688000000003,-0.17342338000000002,0.05130232000000001,-0.1771018900000001,0.020920839999999996,-0.009811080000000083,-0.020920839999999996,0.009811079999999972,0.053814340000000016,0.14032151999999998,-0.022385759999999977,0.19318817999999993,0.03171879,0.2818583499999999,-0.03436965999999997,0.30610837999999996,0.012821329999999964,0.13344889999999998,0.06309034000000002,-0.02453835999999998,-0.005125849999999987,0.16137476,0.1132358,-0.062364570000000064,0.03289350000000002,0.15013260000000006,-0.02209555000000002,0.14153682999999995,-0.0014649199999999807,0.18337709999999996,-0.011983899999999992,0.11292020000000003,-0.058102840000000044,0.0062218399999999785,-0.04184167999999999,0.019622160000000055,0.1730234175196282,0.20038124461786969
0.03968441499999997,-0.330833945,0.045349605000000015,-0.344656735,0.03277897499999999,-0.353288355,0.032520174999999985,-0.353310085,-0.009866474999999986,-0.373390645,0.0010298549999999684,-0.283943145,-0.05652290500000001,-0.276671285,0.012956654999999984,-0.150694785,-0.06377777499999998,-0.11462098500000006,0.07701987500000002,-0.17856964500000005,0.04861387499999997,-0.178451445,0.020699625,-0.01009711499999999,-0.020699625,0.01009711499999999,0.052895405000000006,0.13989341499999997,-0.02290057499999998,0.194457565,0.031404374999999984,0.279197115,-0.035101645000000015,0.305995315,0.011926800000000015,0.13324836,0.06406322000000003,-0.027874860000000057,-0.007254869999999969,0.16205029999999992,0.11239164999999995,-0.06383045999999992,0.03219578000000001,0.14999052999999996,-0.021491030000000022,0.13930370000000003,-0.0022009499999999793,0.18436045,-0.012201070000000036,0.11153774999999999,-0.05755275999999998,0.007271860000000019,-0.04139925,0.02019422999999998,0.17763716932180443,0.20088534232323568
0.04026862499999995,-0.33057162500000004,0.04570469499999996,-0.344358975,0.03364869499999995,-0.352990605,0.032399984999999965,-0.35360067500000003,-0.008976695000000035,-0.373744575,0.0006403049999999522,-0.284645205,-0.056620185000000045,-0.276913915,0.014437704999999967,-0.15205357500000005,-0.06520596500000003,-0.11501687500000002,0.08080396499999998,-0.17809144499999996,0.046408744999999973,-0.17711627500000005,0.020446334999999982,-0.010304124999999997,-0.020446335000000038,0.010304124999999997,0.05351480499999994,0.13899966499999994,-0.02270939500000002,0.19458797500000002,0.03131732499999995,0.27960122499999995,-0.034776235000000044,0.306074525,0.013797400000000015,0.13259162999999996,0.06636626000000001,-0.026037869999999907,-0.008585779999999987,0.16189704,0.11161471,-0.06209940000000003,0.03306846999999996,0.14930378999999994,-0.02219747999999999,0.14060156000000001,-0.0022630599999999834,0.18428385000000003,-0.012066840000000023,0.11148654999999996,-0.05726049,0.007731290000000002,-0.04089267000000002,0.020608249999999995,0.17831328680723513,0.19898745703678516
0.040914210000000006,-0.33122272999999997,0.04619202,-0.34448513,0.034704750000000006,-0.35364618,0.03229084999999998,-0.35331627,-0.00798175000000001,-0.3746581,0.0003965200000000113,-0.28523358,-0.05693199999999998,-0.27726664999999995,0.017917779999999994,-0.15523323,-0.06622665,-0.11492712999999999,0.08513817000000001,-0.17861302999999995,0.045142249999999995,-0.1784023,0.020281610000000005,-0.010234769999999949,-0.020281610000000005,0.01023477000000006,0.052683289999999994,0.14006897000000007,-0.02220264999999999,0.19357546999999997,0.031652179999999974,0.28010497,-0.03541133000000002,0.30573607,0.017521259999999983,0.13000035,0.06722039000000002,-0.02337979999999995,-0.009294650000000015,0.16233951999999996,0.11136889999999999,-0.06347517000000003,0.03240167999999999,0.15030374000000002,-0.02103111000000002,0.14003599999999994,-0.001921039999999985,0.1833406999999999,-0.013208680000000028,0.11216060000000005,-0.057328519999999994,0.007966930000000039,-0.04056322000000001,0.02046954000000001,0.18043727945095273,0.19966027555696833
0.040734415000000024,-0.33159337000000005,0.04663806500000006,-0.34492295000000006,0.034546535000000045,-0.35444545000000005,0.03331466500000002,-0.35325505000000007,-0.007725934999999962,-0.37551928000000007,-0.0005510649999999617,-0.28412999000000005,-0.05678000499999997,-0.27785821000000005,0.008277095000000068,-0.1523686500000001,-0.06767183499999996,-0.11431175000000005,0.07404956500000004,-0.1833018500000001,0.044768725000000065,-0.1796966900000001,0.02020663500000003,-0.009930350000000088,-0.020206634999999973,0.009930349999999977,0.05391771500000003,0.14068124999999998,-0.024082594999999984,0.19374631999999992,0.030865765000000045,0.2804698899999999,-0.03611739499999994,0.30571894999999993,0.00882816000000003,0.13176133999999995,0.06577246999999997,-0.030933199999999994,-0.010891829999999991,0.16354646,0.11244056000000002,-0.06538494000000006,0.033711080000000004,0.15061160000000007,-0.023051949999999988,0.1397886399999999,-0.0038759600000000116,0.18381596999999994,-0.012034799999999957,0.11197263000000002,-0.056228940000000005,0.006271780000000005,-0.04041327,0.019860700000000064,0.18153990779780327,0.20045002296405764
0.04079944499999999,-0.33247849,0.04697269500000001,-0.3456322,0.034794515000000026,-0.35526487,0.03400726500000001,-0.35350944,-0.006635604999999989,-0.37613174000000005,-9.569500000000675e-05,-0.28422171,-0.056362205,-0.27859232,0.00519476499999999,-0.15202591,-0.06946497499999998,-0.11461744000000007,0.06793514500000003,-0.18412361,0.04267186500000003,-0.18056773999999998,0.020274365000000016,-0.009762790000000021,-0.020274365000000016,0.009762790000000021,0.05384678500000001,0.14084445999999995,-0.024484954999999975,0.19332505999999994,0.030834885000000034,0.28004619,-0.03599603499999998,0.30467995999999997,0.005290459999999997,0.13219580000000003,0.06274038000000004,-0.03209770000000001,-0.013102769999999986,0.16397487999999993,0.11213684000000002,-0.0659502999999999,0.03357241999999999,0.15060724999999997,-0.023011899999999974,0.13920173000000002,-0.0042105899999999585,0.18356226999999992,-0.011511080000000007,0.11135490000000003,-0.05626650999999999,0.005629390000000012,-0.04054873000000003,0.019525580000000042,0.1807574217045618,0.2004692957070828
0.03905998999999999,-0.32996532500000003,0.04445182999999997,-0.34213292500000003,0.03348871999999997,-0.352309345,0.030715909999999957,-0.351698785,-0.008083460000000042,-0.374899525,-0.00339484000000001,-0.285180275,-0.06072205000000003,-0.278468375,0.0010432899999999745,-0.149435125,-0.07387984000000003,-0.107618785,0.06753478999999996,-0.18293938499999995,0.035730189999999995,-0.17289826500000005,0.020676309999999976,-0.010692625000000011,-0.02067631000000003,0.010692625000000011,0.04878684999999999,0.14442857499999995,-0.026730240000000016,0.20459217500000004,0.030452160000000006,0.28320804499999996,-0.04331613000000001,0.307952075,0.004438129999999985,0.13574514999999998,0.06649149999999998,-0.03350425999999995,-0.013157790000000003,0.17084959,0.10961003000000002,-0.06527948000000006,0.028110540000000017,0.15512119999999996,-0.018334689999999987,0.13877947000000002,-0.006053929999999985,0.19389955000000003,-0.016585889999999992,0.10335989999999995,-0.05732721000000002,0.006711899999999993,-0.04135262000000001,0.021385250000000022,0.17850676031570337,0.19206068867220624
0.04088286499999999,-0.32630008000000005,0.046066934999999976,-0.33880094000000005,0.035082585,-0.34873474000000004,0.03175381500000002,-0.34909901000000004,-0.007330064999999997,-0.37140828000000004,-0.003903494999999979,-0.28416765000000005,-0.059800465000000025,-0.27484343000000006,-0.002182324999999985,-0.15045312,-0.07493873499999998,-0.10273038000000001,0.06292218500000002,-0.1851728800000001,0.034754165000000004,-0.17034903,0.020121235000000015,-0.01125708000000003,-0.020121235000000015,0.01125707999999992,0.04830125499999999,0.14322281999999997,-0.025647185000000017,0.20430431999999998,0.030508635000000006,0.2859812599999999,-0.042137915000000026,0.31154521999999996,0.001721169999999994,0.13371453000000005,0.06510451,-0.0347197600000001,-0.015138269999999954,0.17211305000000005,0.10969289999999998,-0.06761865,0.028180019999999972,0.1544799,-0.01779261999999998,0.14275843999999993,-0.005525950000000002,0.19304724000000006,-0.01649073000000001,0.10724089999999997,-0.055896970000000046,0.009324219999999994,-0.04024247000000003,0.02251415999999995,0.1791050719844151,0.1897158103967407
0.040869869999999975,-0.32483616,0.04596918999999999,-0.33722198,0.03508106999999999,-0.34715655,0.03171950000000001,-0.34776008,-0.007323450000000009,-0.37008047,-0.0028523799999999877,-0.28356943,-0.05995417000000003,-0.27431221,0.0020034899999999967,-0.15100491000000005,-0.07546383000000001,-0.10234958000000005,0.06783332999999997,-0.18612260999999997,0.03274100999999996,-0.16912496,0.020377969999999967,-0.011182550000000013,-0.020377970000000023,0.011182550000000013,0.04778542999999996,0.14374388999999999,-0.02549788000000003,0.20467459,0.030501749999999994,0.28651339,-0.042343430000000015,0.31257689,0.004855869999999984,0.13256451999999996,0.06582983999999997,-0.03511769999999992,-0.01550965999999998,0.17196262999999995,0.10820483999999997,-0.06677537999999994,0.027407459999999995,0.15492644,-0.017283679999999968,0.1427695,-0.005119910000000005,0.19349203999999998,-0.016845549999999987,0.1079023,-0.05710179000000004,0.00925722000000001,-0.04075593999999999,0.022365100000000027,0.1812623396779739,0.18796921077304257
0.041120290000000004,-0.32500343,0.04641579000000001,-0.33753334,0.03535747,-0.34752356,0.03232729000000001,-0.3484838,-0.00711349,-0.37099719999999997,-0.003072589999999986,-0.28439665999999997,-0.05981088000000001,-0.27467777,0.0009530899999999898,-0.15261956,-0.07610618999999996,-0.1026821,0.06770229,-0.18707616999999999,0.03188622000000002,-0.16884849999999996,0.020218730000000018,-0.011377100000000029,-0.020218729999999963,0.011377100000000029,0.048191130000000026,0.1425149,-0.025895009999999996,0.20460409999999996,0.030111390000000016,0.28458266,-0.042761629999999995,0.3117377,0.004025679999999976,0.13177709999999998,0.06674920000000001,-0.03445661,-0.016295309999999952,0.17199567,0.10799240999999998,-0.06616639999999996,0.02797240000000001,0.15389200000000003,-0.01807974000000001,0.14206776,-0.0056762800000000335,0.19322699999999993,-0.01686662,0.10713360000000005,-0.056738290000000025,0.00971888999999998,-0.04043745999999998,0.022754200000000058,0.182002339735341,0.18760648365624918
0.04098691499999996,-0.32456525,0.04641071499999999,-0.33659115,0.03589119499999999,-0.34698017000000003,0.032177074999999944,-0.34745531,-0.00558344500000002,-0.37112592,-0.003897445000000055,-0.28439073000000004,-0.05952705500000005,-0.27533855,-0.0014341250000000083,-0.15161544999999998,-0.07694260500000005,-0.10147004999999998,0.06501625499999997,-0.18750805000000004,0.03075251499999998,-0.16750845000000003,0.019874084999999986,-0.011300050000000006,-0.01987408500000004,0.011300050000000006,0.04811081499999997,0.14369272,-0.02637026500000006,0.20605595,0.030585314999999946,0.28554437999999993,-0.04232723500000002,0.31206225,0.0024633200000000466,0.13277528000000005,0.06645037999999998,-0.03589260000000005,-0.017415550000000002,0.17386850000000004,0.10769512000000003,-0.06603840000000005,0.028236729999999988,0.15499277,-0.017525500000000027,0.14185165999999994,-0.006496180000000018,0.19475589999999998,-0.01595696999999996,0.1060063,-0.055629609999999996,0.00905218000000002,-0.03974817000000003,0.022600100000000012,0.18189852879094134,0.18583738133058703
0.04114686499999998,-0.32433719000000005,0.046512465,-0.33628715000000003,0.03596726499999997,-0.34696380000000004,0.032091734999999955,-0.34704477000000006,-0.006118934999999992,-0.37125198000000004,-0.003973155000000006,-0.28382060000000003,-0.06014753500000003,-0.27540442000000004,-0.001233395000000026,-0.15120942000000004,-0.07678383500000002,-0.10148352000000005,0.062560165,-0.1874604900000001,0.03136936499999998,-0.16764142000000004,0.020073234999999967,-0.011042180000000013,-0.020073235000000023,0.011042180000000013,0.04789122499999998,0.14341817999999995,-0.026365665000000038,0.20375632999999993,0.030204265000000008,0.28642612,-0.042654435000000046,0.31215857999999996,0.00273975999999998,0.13261118,0.06379356000000003,-0.03625107000000005,-0.016636299999999993,0.1739209,0.1081532,-0.06615789999999999,0.027817990000000015,0.15446035999999996,-0.017686959999999974,0.14300794000000006,-0.0062924300000000155,0.19271414999999992,-0.016288770000000008,0.10840225000000003,-0.056174380000000024,0.008416179999999995,-0.04014646999999999,0.022084360000000025,0.18146228071993648,0.18594130795420372
0.04060387999999998,-0.32474506,0.04614573999999999,-0.33659073,0.035527660000000016,-0.34740414999999997,0.03205296000000002,-0.34721010999999996,-0.006197300000000017,-0.37185632999999996,-0.0034712399999999866,-0.28370055,-0.060701280000000024,-0.2761268,-0.001409539999999987,-0.15029512999999994,-0.07690140000000001,-0.10187033000000001,0.061665179999999986,-0.18843337999999998,0.03181013999999999,-0.16858313000000003,0.020530910000000013,-0.010843429999999987,-0.020530910000000013,0.010843429999999987,0.04799768999999998,0.14611417000000004,-0.02820408000000002,0.20606473000000003,0.03016118000000001,0.28593487000000006,-0.04342317000000001,0.31139967,0.0020616999999999996,0.13340542000000005,0.06307471999999997,-0.03813825000000004,-0.016200119999999985,0.17425647,0.10871154,-0.06671280000000002,0.02746677999999997,0.15695760000000003,-0.017836509999999972,0.13982070000000002,-0.007673170000000007,0.19522130000000004,-0.01521908999999999,0.10533493999999999,-0.05723004000000004,0.00757374999999999,-0.04106182000000003,0.021686859999999974,0.18229157553061906,0.1869049917699795
0.04050295999999998,-0.32513643000000003,0.04611673999999999,-0.33711938,0.03522821999999998,-0.34790484000000005,0.03223370999999997,-0.34728864000000004,-0.006425500000000028,-0.37180430000000003,-0.0029847399999999857,-0.28282562000000006,-0.060430170000000005,-0.27561128,-0.001226640000000001,-0.15023273999999998,-0.07690280999999999,-0.10141725000000001,0.061326710000000006,-0.18877441,0.031858799999999965,-0.16872518000000003,0.02058196000000001,-0.010462280000000046,-0.02058196000000001,0.010462279999999935,0.04760289000000001,0.14673972000000002,-0.028164210000000023,0.20287051999999994,0.030678480000000008,0.28700976999999994,-0.043248180000000025,0.31189321999999997,0.0017580999999999847,0.13259288000000008,0.06255335000000001,-0.03854167000000003,-0.016472639999999983,0.17419403,0.10876160999999995,-0.06730793000000002,0.02702093,0.15720200000000006,-0.01692441,0.14027004999999992,-0.007582250000000013,0.19240824,-0.015083970000000002,0.10902270000000003,-0.05744543000000002,0.007214340000000041,-0.04116392000000002,0.02092455999999998,0.18290803798001712,0.1867034523800489
0.040651049999999966,-0.324072835,0.046335149999999936,-0.33584731500000004,0.035758109999999954,-0.34684321500000004,0.03230174999999996,-0.346249405,-0.005472850000000029,-0.371398055,-0.00379305000000002,-0.282511415,-0.06008488000000006,-0.275472655,-0.003012270000000039,-0.14950635499999998,-0.07686838000000007,-0.10055160500000004,0.060331549999999956,-0.187749985,0.03194234999999995,-0.16746255500000007,0.020218519999999962,-0.010467885000000066,-0.020218520000000018,0.010467884999999955,0.04796214999999998,0.14707261500000002,-0.028345670000000045,0.20346778499999996,0.030534179999999966,0.288070045,-0.04313805000000004,0.312725245,0.0007807799999999809,0.13300506,0.06334382,-0.03824363000000003,-0.016783500000000007,0.17492104999999997,0.10881073000000002,-0.06691095000000002,0.02774363000000002,0.15754050000000008,-0.017427970000000015,0.14099742999999998,-0.008127150000000027,0.1929999,-0.014792379999999994,0.10925746000000003,-0.05629183000000004,0.007038759999999977,-0.04043703999999998,0.02093577000000002,0.1817635776391708,0.18541843985362003
0.04068369999999999,-0.323439945,0.0463074,-0.335391985,0.03543923999999998,-0.346016015,0.0324275,-0.345639965,-0.006101770000000006,-0.36983715500000003,-0.00370448000000001,-0.281761995,-0.05968552000000005,-0.274495535,-0.003939770000000009,-0.148291615,-0.07649167000000001,-0.10074151500000006,0.05959749999999997,-0.18659706500000006,0.03239095999999997,-0.16677601500000006,0.02018473999999998,-0.01057831500000006,-0.020184740000000034,0.01057831499999995,0.04743567999999998,0.14510908499999997,-0.028003380000000022,0.202853485,0.03010482999999997,0.287128885,-0.04392960000000001,0.313102585,-0.0002352899999999991,0.13347038,0.06353726999999998,-0.038305450000000074,-0.016806149999999964,0.17375401999999995,0.10888262999999998,-0.0660345,0.02725094,0.15568740000000003,-0.01733085000000001,0.14201980000000003,-0.007818639999999988,0.19227517000000005,-0.01592621999999999,0.11024909999999999,-0.05598104000000004,0.007266459999999975,-0.04036948000000001,0.02115663000000001,0.18037728793387514,0.18498314139466573
0.04104894499999995,-0.323372775,0.04625538499999998,-0.334873335,0.036233024999999974,-0.345711755,0.03161409499999995,-0.345195015,-0.005151955000000041,-0.36985411500000004,-0.004199295000000047,-0.28197767500000004,-0.05983441500000003,-0.27489583500000003,-0.003606105000000026,-0.14892917500000002,-0.07623022500000004,-0.10106523499999998,0.05894348499999996,-0.18677802500000007,0.032707244999999996,-0.16705127500000005,0.020067624999999978,-0.010537224999999983,-0.020067625000000033,0.010537224999999983,0.04731604499999997,0.145254895,-0.028230975000000047,0.20286838499999993,0.029353474999999962,0.28708702499999994,-0.04394659500000003,0.313120525,0.0005931900000000212,0.13304850000000001,0.06254958999999999,-0.037848850000000045,-0.01639581000000001,0.17383060000000006,0.10893747000000004,-0.06598604000000008,0.027248419999999995,0.15579211999999998,-0.01796257000000001,0.14183212999999995,-0.008163350000000014,0.19233115999999995,-0.015715619999999986,0.11025214000000005,-0.05563511999999998,0.007081840000000006,-0.04013525000000001,0.021074449999999967,0.18047756668178908,0.18526430372785502
0.041436550000000016,-0.32232563000000003,0.04667264000000004,-0.33376098,0.03672114000000004,-0.34462908000000003,0.03202748000000005,-0.34374674,-0.004343479999999955,-0.36850433,-0.0041008199999999495,-0.280625,-0.05913174999999998,-0.273957,-0.004448839999999954,-0.14745838,-0.07575124999999994,-0.10121964000000006,0.05840538000000006,-0.18462233000000006,0.03351420000000005,-0.16644071000000005,0.019920260000000023,-0.010562379999999982,-0.019920259999999967,0.010562379999999982,0.04766778000000005,0.14523582000000002,-0.027962919999999947,0.20407712,0.030052280000000042,0.28693152,-0.04370117999999995,0.31378372,-0.00034802000000000444,0.13316662,0.06285422000000002,-0.03716395000000006,-0.016619499999999954,0.17273735999999995,0.10926544999999999,-0.06522106999999999,0.027747520000000025,0.1557982,-0.017615500000000006,0.14169569999999998,-0.00804265999999998,0.19351474000000002,-0.015738260000000004,0.10970659999999999,-0.05503093000000003,0.006668000000000007,-0.03984051999999999,0.021124759999999965,0.17826376708522942,0.18489276725994372
0.041881800000000025,-0.3228808000000001,0.04720167000000003,-0.33412848000000006,0.037195420000000035,-0.3452809600000001,0.03249962000000006,-0.34388868000000006,-0.0038836999999999344,-0.36923886000000006,-0.0038714299999999535,-0.2811654600000001,-0.05941955999999998,-0.27532307000000006,-0.005731539999999979,-0.1464867700000001,-0.07542677999999997,-0.10251577000000012,0.05736513000000004,-0.18293440000000005,0.036030600000000024,-0.16753240000000003,0.02023980000000003,-0.010605100000000034,-0.020239799999999974,0.010605099999999923,0.04831914000000004,0.1437676499999999,-0.02824635999999997,0.20416329999999994,0.029828200000000027,0.28510389999999997,-0.04355384999999995,0.31310759999999993,-0.001860110000000026,0.13467869,0.06309667000000002,-0.03644762999999995,-0.01600721999999999,0.17280729999999994,0.11145738,-0.06501662999999991,0.028079340000000008,0.15437274999999995,-0.01849094000000001,0.14133625000000005,-0.008006559999999996,0.1935582,-0.01530748999999998,0.1089443,-0.05554813000000003,0.005842390000000031,-0.040479600000000004,0.021210199999999957,0.17628294802986166,0.18681361519549367
0.04397207000000003,-0.32409705000000005,0.04887035000000001,-0.33586428000000007,0.03895404000000002,-0.34653795000000004,0.03364368000000001,-0.34701935000000006,-0.003299300000000005,-0.37120098000000007,-0.002625949999999988,-0.2835826000000001,-0.059313249999999984,-0.27697875000000005,-0.0027608000000000077,-0.1485557500000001,-0.07655589999999995,-0.10344675000000003,0.06546994,-0.18657875000000002,0.03502827000000003,-0.16644855000000003,0.0204125,-0.010914050000000008,-0.0204125,0.010914049999999897,0.04938882,0.14221774999999992,-0.028093199999999985,0.20391549999999992,0.02934962000000002,0.2851847099999999,-0.042129079999999985,0.31187524999999994,-0.00013485000000001968,0.13502684999999998,0.06823074000000001,-0.03802299999999992,-0.01724264999999997,0.17353200000000002,0.11158416999999998,-0.0630018,0.02897632,0.15313179999999993,-0.02003919999999998,0.14296695999999998,-0.007680699999999985,0.19300145000000002,-0.01403588,0.10795975000000002,-0.056687299999999996,0.006603850000000022,-0.040825,0.021828099999999906,0.18135120547005912,0.18582564639186078
0.04421017999999993,-0.32265172999999997,0.049027569999999965,-0.33438832999999996,0.039315469999999964,-0.34484756999999994,0.033689569999999947,-0.34585194999999996,-0.002814700000000059,-0.36960826999999996,-0.0027294000000000485,-0.28320966999999997,-0.05865150000000002,-0.27587471999999996,-0.003069450000000029,-0.14953284999999994,-0.07717426000000005,-0.10284877999999997,0.06480312999999993,-0.18374855,0.030781279999999966,-0.16156274999999998,0.020065679999999975,-0.01092324999999994,-0.02006568000000003,0.010923250000000051,0.04891515999999996,0.14347290000000001,-0.02785932000000002,0.20455515000000002,0.030137339999999957,0.28644195000000006,-0.04097535000000002,0.31252955000000004,-0.00034004999999998065,0.13367682000000003,0.06787257999999996,-0.03421570000000007,-0.018522760000000027,0.17302594,0.10795554000000002,-0.058713970000000004,0.028849479999999983,0.15439614999999995,-0.01877782,0.14296905000000004,-0.007793639999999991,0.19363189999999997,-0.01311603,0.10797440000000003,-0.055922099999999975,0.007334950000000007,-0.040131360000000005,0.02184649999999999,0.17852177388932847,0.1798244520003929
0.04399057000000001,-0.3220692500000001,0.04851365000000002,-0.3340506700000001,0.03933473000000004,-0.3440744500000001,0.032796870000000033,-0.34660129000000006,-0.002792749999999955,-0.3694939100000001,-0.0032142799999999583,-0.28434638000000007,-0.05871636999999996,-0.2746856000000001,-0.00028721999999997694,-0.15556155000000005,-0.07762374999999999,-0.10341869000000004,0.07001795,-0.18714165000000005,0.027897850000000002,-0.1582119500000001,0.01957591000000003,-0.011467050000000034,-0.019575909999999974,0.011467049999999923,0.04879378000000001,0.14194754999999992,-0.027810749999999995,0.20520984999999992,0.02923022000000003,0.2845728499999999,-0.03908542999999998,0.3122026499999999,0.0029270599999999813,0.12878483000000002,0.07030516999999997,-0.0315801,-0.01890738000000003,0.17126691000000005,0.1055216,-0.054793260000000066,0.02921786999999998,0.15341459999999996,-0.01956355999999998,0.14262529999999995,-0.008234840000000021,0.1937428,-0.011274679999999981,0.1069928,-0.055502090000000004,0.00966077999999998,-0.039151820000000004,0.022934099999999957,0.18277298620015378,0.17619512175295207
0.04422693,-0.32128583,0.048679399999999984,-0.3330959,0.03964019999999996,-0.34317118,0.032781879999999985,-0.34530016,-0.002438980000000035,-0.36827781,-0.0034799100000000305,-0.28315292999999997,-0.058461940000000046,-0.27393084,-0.003205820000000026,-0.15182618000000003,-0.07687090000000002,-0.10254167999999997,0.06389979999999995,-0.17970167999999997,0.02792625999999998,-0.15636627999999997,0.019511,-0.011372319999999991,-0.019511,0.011372319999999991,0.04867328999999998,0.14087941999999998,-0.02746366,0.20408422000000004,0.028526499999999955,0.28530116000000005,-0.038485360000000024,0.31244452,0.0002740900000000046,0.13132674999999994,0.06710561999999998,-0.027875499999999942,-0.018408959999999974,0.17138916000000004,0.10479716,-0.0538246,0.02916228999999998,0.15225173999999997,-0.020146790000000026,0.14442174000000008,-0.00795266,0.19271190000000005,-0.011021700000000023,0.10836029999999996,-0.054982030000000015,0.00922208999999996,-0.039022,0.022744639999999983,0.1740837126311637,0.17431733008013742
0.04374274000000006,-0.31977341000000004,0.04839799000000006,-0.33093217,0.03964146000000002,-0.34167004,0.03269279000000003,-0.34262693,-0.0015151599999999599,-0.36740041,-0.003327229999999959,-0.28106994,-0.05841080999999998,-0.27485007,-0.002466689999999938,-0.14714521000000003,-0.07621238999999996,-0.10219506,0.06426372000000002,-0.17815766,0.030604140000000057,-0.15640960999999998,0.01957433000000003,-0.010720339999999995,-0.019574329999999973,0.010720339999999995,0.048413890000000015,0.14244329,-0.026587439999999962,0.20355579000000001,0.028848010000000035,0.28717099,-0.038230459999999966,0.31321749,0.0008605400000000207,0.13392473,0.06673040999999996,-0.03101244999999997,-0.017801579999999984,0.17265501,0.10681653000000002,-0.05421454999999997,0.028839559999999986,0.15316363,-0.01956587999999998,0.14472770000000001,-0.007013109999999989,0.19283545000000002,-0.011643020000000004,0.10966169999999997,-0.05508358000000002,0.006219870000000016,-0.03914866,0.02144067999999999,0.17329857964609663,0.17450014051152907
0.04623406000000002,-0.32313520500000004,0.05165284000000003,-0.33540856500000005,0.04156976000000001,-0.34513023500000006,0.036897650000000004,-0.34540057500000004,0.001040030000000025,-0.36847597500000007,0.0014808400000000388,-0.28120556500000005,-0.05320126999999997,-0.27557730500000005,0.0034814400000000023,-0.150910345,-0.07366097999999999,-0.1091575050000001,0.0659284,-0.18321797500000003,0.03367966,-0.16210560500000004,0.019319799999999998,-0.00969824500000005,-0.019319799999999998,0.009698244999999939,0.0529868,0.1390835949999999,-0.023783399999999955,0.19084695499999993,0.030482430000000005,0.28606789499999996,-0.03119419999999995,0.30954149499999994,0.0020005999999999635,0.13029522000000004,0.062446959999999996,-0.03230763000000003,-0.02045971000000002,0.16641979999999995,0.10734063999999999,-0.05294809999999994,0.033667,0.14878183999999994,-0.022504369999999996,0.14698430000000007,-0.0044635999999999565,0.18114871,-0.007410799999999995,0.11869454000000002,-0.054682110000000006,0.005628259999999996,-0.038639599999999996,0.01939648999999999,0.17967041574291773,0.17979295212859175
0.043321904999999994,-0.31918002,0.04828474499999996,-0.33044423,0.03906536499999996,-0.34095977,0.033190785,-0.34257133,-0.0017016850000000083,-0.36689652,-0.0026867050000000114,-0.28194193,-0.05820703500000002,-0.2752886,-0.0026935350000000247,-0.1479583,-0.074931935,-0.10273195000000002,0.06393408499999997,-0.17847133999999998,0.034051534999999966,-0.15684430000000005,0.01984140499999998,-0.010770500000000016,-0.019841405000000034,0.010770500000000016,0.048459964999999994,0.14281754999999996,-0.026719185000000034,0.20399420000000001,0.028546784999999963,0.2867039,-0.03805071500000001,0.3131467,-6.830000000013214e-06,0.13398363000000002,0.06662762,-0.03051303999999999,-0.016724899999999987,0.17255664999999998,0.10898346999999997,-0.05411235000000003,0.028618560000000015,0.15358804999999998,-0.01991318000000003,0.14388635000000005,-0.00687778,0.1932237,-0.011331529999999979,0.10915249999999999,-0.05552033000000001,0.006653330000000013,-0.03968281000000001,0.021541000000000032,0.1734005079758649,0.17606581201608568
0.04305436499999998,-0.31961073000000007,0.048145314999999966,-0.33084656000000007,0.038920894999999955,-0.3416578900000001,0.03293498499999997,-0.34287448000000004,-0.0021908750000000365,-0.36787219000000004,-0.0038774150000000507,-0.28239049000000005,-0.05850167500000003,-0.2751540900000001,-0.003854375000000021,-0.14876456000000005,-0.07401763500000003,-0.10253983000000011,0.06170806499999998,-0.17689819000000007,0.03297193499999995,-0.15637149000000006,0.019554334999999978,-0.011035730000000021,-0.019554335000000034,0.01103572999999991,0.04885389499999998,0.14166091999999997,-0.026376705000000056,0.20497476999999997,0.028420104999999973,0.2845678199999999,-0.03811095500000006,0.31265966999999995,2.3040000000029703e-05,0.13362593,0.06556244,-0.02813363000000002,-0.015515959999999995,0.17261425999999996,0.10698956999999998,-0.05383165999999995,0.029299560000000002,0.15269665,-0.020433790000000007,0.14290689999999995,-0.006822370000000022,0.19393904000000006,-0.011734250000000002,0.10768489999999997,-0.05462425999999998,0.007236399999999976,-0.03910867000000001,0.02207145999999993,0.17113530492030135,0.17545422864166393
0.04453167000000002,-0.3230677699999999,0.050939520000000016,-0.3358502499999999,0.03944847000000001,-0.3456224499999999,0.037603620000000004,-0.3462267999999999,-0.0011579099999999842,-0.3694907899999999,0.0006716800000000078,-0.2824889299999999,-0.05346177999999996,-0.2756445799999999,-4.777999999999727e-05,-0.15334809999999988,-0.07252949999999997,-0.10895084999999993,0.061413050000000025,-0.18249514999999994,0.03479418000000001,-0.16188819999999993,0.019300550000000027,-0.009890549999999942,-0.019300549999999972,0.009890550000000053,0.053588479999999994,0.1398318500000001,-0.02374824999999997,0.19174181000000012,0.03074005000000002,0.28473179000000004,-0.03171953999999999,0.3088479500000001,-0.0007194600000000051,0.12914083000000004,0.06146083000000002,-0.029147050000000063,-0.01906772000000001,0.16669372999999998,0.10732367999999998,-0.052937349999999994,0.034287929999999966,0.14972240000000003,-0.022848429999999975,0.14489993999999995,-0.004447699999999999,0.18185126000000007,-0.00797129000000002,0.11710613999999997,-0.05413345999999997,0.006844349999999999,-0.0386011,0.019781099999999996,0.17766769711292482,0.18009491598969526
0.041523074999999965,-0.31847463000000004,0.047453794999999965,-0.33020619000000007,0.03673753499999993,-0.34070301000000003,0.03390339499999995,-0.34211923000000005,-0.00397878500000004,-0.36643623000000003,-0.0024851150000000377,-0.28171119000000006,-0.058515005000000064,-0.27377453000000007,-0.0037090850000000564,-0.1496458300000001,-0.07458775500000003,-0.10108128000000005,0.062052254999999945,-0.17684367,0.03246156499999997,-0.15429530000000002,0.02005688499999997,-0.010894029999999999,-0.020056885000000024,0.010894029999999999,0.04845247499999994,0.1447714699999999,-0.026868035000000068,0.20562766999999993,0.029102154999999963,0.2871127699999999,-0.03901428500000004,0.31393196999999995,-0.0012239700000000187,0.13206535999999997,0.06576134,-0.027197839999999918,-0.01607274999999997,0.17269325000000002,0.10704932,-0.05321401999999997,0.02839558999999997,0.1556654999999999,-0.019350319999999976,0.1423413,-0.0068111500000000436,0.19473363999999993,-0.01214624999999997,0.10830430000000002,-0.05602989000000003,0.007936659999999984,-0.04011376999999999,0.021788059999999998,0.17118088128516717,0.17333696182941308
0.041609819999999964,-0.31680693000000004,0.047353409999999985,-0.32817661000000004,0.03712296999999998,-0.33902923000000007,0.03333866999999996,-0.34009973000000004,-0.003581790000000029,-0.36525055000000006,-0.0035027900000000334,-0.28016951000000007,-0.05839089000000003,-0.27353813000000005,-0.004167560000000015,-0.14683873000000003,-0.07378495000000002,-0.10056003000000002,0.06300171999999998,-0.17517447000000008,0.033027139999999955,-0.15376519,0.019694299999999998,-0.010622369999999992,-0.019694300000000053,0.010622369999999992,0.04896282999999996,0.14475072,-0.02622190000000002,0.20455307,0.029304229999999987,0.28810256999999995,-0.03860370000000002,0.31478536999999995,-0.0006647699999999812,0.13333078000000004,0.06716928,-0.028335740000000054,-0.015394059999999987,0.17297810000000002,0.10681208999999997,-0.053205159999999974,0.02926852999999996,0.15537309,-0.01965859999999997,0.14335184999999995,-0.006527599999999967,0.1939307,-0.012381799999999998,0.11023229999999995,-0.054888099999999995,0.00663138000000002,-0.03938860000000005,0.021244739999999984,0.17015559421149345,0.17263493307678837
0.04144282499999996,-0.31824631500000006,0.04753826499999997,-0.32976365500000004,0.036693664999999986,-0.34061149500000004,0.034097164999999985,-0.34182071500000005,-0.004105314999999998,-0.3669916750000001,-0.00267236500000001,-0.28175071500000004,-0.058688655000000034,-0.27544448500000007,-0.004145935000000045,-0.14699665500000003,-0.07393555500000004,-0.101498215,0.06331366499999996,-0.17780031500000004,0.032755414999999954,-0.1553355150000001,0.020126234999999992,-0.01066574500000006,-0.020126234999999992,0.010665744999999949,0.049826335,0.1436681849999999,-0.025905385000000003,0.20442418499999992,0.029226105000000002,0.286056125,-0.038283485000000006,0.31373038499999994,-0.0014735700000000351,0.13475406,0.06745960000000001,-0.03080366000000001,-0.015246900000000008,0.17394627000000007,0.10669097,-0.05383730000000009,0.029700100000000007,0.15433392999999995,-0.020600229999999997,0.1423879400000001,-0.005779150000000011,0.19375843999999998,-0.012378100000000003,0.10930620000000002,-0.056016290000000024,0.006306229999999968,-0.040252469999999985,0.02133149000000001,0.17262421208825196,0.17422080021716727
0.04037571000000001,-0.31863187499999995,0.046897529999999965,-0.330208515,0.03628015000000001,-0.34164991499999997,0.03374135,-0.342217295,-0.0036987400000000337,-0.36928267499999995,-0.0033860500000000293,-0.280870735,-0.05866592000000004,-0.276430635,-0.001394300000000015,-0.1462024449999999,-0.07263123999999999,-0.10350441499999996,0.06727521999999997,-0.179548445,0.03365277999999999,-0.1578747749999999,0.019694600000000007,-0.010326924999999987,-0.019694600000000007,0.010326924999999987,0.04963138,0.143341665,-0.026936620000000022,0.20435522500000003,0.030316379999999976,0.284974155,-0.03758522000000003,0.31271332500000004,0.0019917500000000143,0.13466829000000008,0.06866951999999998,-0.0333460000000001,-0.013965319999999948,0.17292622000000002,0.10628401999999998,-0.05437035999999995,0.029936779999999996,0.15366859,-0.019315000000000027,0.14163249,-0.007242020000000016,0.19402830000000004,-0.010648600000000008,0.10835810000000001,-0.05527987000000001,0.004440100000000002,-0.03938920000000001,0.020653849999999974,0.17578349817515523,0.17645893243402094
0.04128873999999999,-0.31864656999999996,0.047656069999999995,-0.33021955999999997,0.036878560000000005,-0.3415428,0.03451733000000001,-0.342226,-0.003608580000000028,-0.36884863999999995,-0.0020783500000000066,-0.28086875999999994,-0.05863552999999999,-0.27679329999999996,0.0002522199999999697,-0.14570519999999998,-0.07358094000000004,-0.10345079999999995,0.06922429999999996,-0.18047512999999993,0.03356344,-0.15739514,0.020153399999999988,-0.01025290000000001,-0.020153399999999988,0.01025290000000001,0.05005027000000001,0.14255380000000006,-0.026661270000000015,0.20319627000000007,0.03042663000000001,0.28478460000000005,-0.03878056000000002,0.31294350000000004,0.0023305699999999763,0.13516355999999996,0.06897207999999999,-0.03476992999999995,-0.014945410000000048,0.1733425,0.10714438000000004,-0.053944340000000035,0.02989687000000002,0.15280670000000007,-0.019623639999999998,0.1422308,-0.006507870000000027,0.19294337000000006,-0.012119290000000005,0.10974722999999997,-0.056557179999999985,0.004075459999999975,-0.040306799999999976,0.02050580000000002,0.17715405954417998,0.17604364292818755
0.040970249999999986,-0.31870983,0.04712772999999998,-0.3303014,0.03653091999999997,-0.34139223,0.03387684999999996,-0.34214733,-0.0037532900000000202,-0.36818216000000004,-0.001657920000000035,-0.28053110000000003,-0.05883552000000003,-0.27638538,0.0012804999999999622,-0.14362044000000007,-0.07378869000000005,-0.10285510000000009,0.07028423,-0.17727380000000004,0.03452031,-0.15773124000000005,0.02041951999999997,-0.010230700000000037,-0.020419520000000024,0.010230699999999926,0.04913363999999998,0.14512895999999997,-0.028507759999999993,0.2057315999999999,0.03152531999999997,0.2866514,-0.039398840000000046,0.31332479999999996,0.002938419999999997,0.13691065999999996,0.06900373000000004,-0.033653359999999966,-0.014953170000000016,0.17353027999999993,0.10830900000000004,-0.05487613999999996,0.02871412000000001,0.15535966,-0.01760832000000001,0.14152244000000003,-0.008088239999999969,0.19550089999999998,-0.010891080000000053,0.10759320000000006,-0.057177599999999995,0.004145720000000019,-0.04083903999999999,0.020461399999999963,0.1743269530537206,0.1767189808962028
0.040350565000000005,-0.3182339,0.046478624999999996,-0.329753,0.03591438500000005,-0.34091508,0.033178765,-0.34141254,-0.004172474999999953,-0.3674731,-0.0026725549999999654,-0.28021082,-0.05889845499999996,-0.27556538,-0.0018597850000000027,-0.14494585999999998,-0.07517970499999999,-0.10249567000000004,0.06571021500000002,-0.17315290000000005,0.03453086500000002,-0.15644060000000004,0.020139335000000036,-0.010151200000000027,-0.02013933499999998,0.010151200000000027,0.048717465000000015,0.14536417000000001,-0.02915645499999997,0.20316849999999997,0.03269209500000003,0.2875782,-0.040024464999999954,0.3139959,0.0008127699999999627,0.13526496000000005,0.06757000000000002,-0.028207040000000072,-0.016281250000000025,0.17306971,0.10971057000000001,-0.05394493,0.02857812999999998,0.15551537000000004,-0.016025369999999983,0.14221403,-0.00901711999999999,0.19301729999999995,-0.010868009999999984,0.11082740000000002,-0.056225899999999995,0.004645440000000001,-0.040278670000000016,0.020302400000000054,0.1692520585011137,0.1753329934589609
0.039920745000000035,-0.31788388999999995,0.04637286500000004,-0.32961821999999996,0.035559145000000014,-0.3408955799999999,0.03329244500000006,-0.34272823999999996,-0.004587054999999951,-0.36907527999999995,-0.0039362949999999786,-0.28300426999999995,-0.05886983499999998,-0.2776156799999999,-0.004431274999999957,-0.14734707999999996,-0.07521039499999999,-0.10384074999999993,0.06463649500000002,-0.1732679199999999,0.03355851500000001,-0.15577511999999993,0.019739985000000015,-0.010398079999999976,-0.01973998499999996,0.010398080000000087,0.049002495000000035,0.14503798,-0.030087264999999974,0.2043051800000001,0.033054885000000034,0.2842953800000001,-0.03918463499999997,0.31271018000000006,-0.0004949799999999782,0.13565718999999998,0.06906776999999997,-0.025920839999999945,-0.016340560000000004,0.17377493,0.10876891,-0.05193437000000001,0.02926251000000002,0.15543606,-0.01594761,0.1392574000000001,-0.010347280000000014,0.1939071,-0.009097369999999994,0.10840499999999997,-0.05493354,0.005388590000000026,-0.039479969999999975,0.020796160000000063,0.1689446104254459,0.17451149675734834
0.040158815000000014,-0.31646316999999996,0.046566284999999985,-0.32817048,0.03591681499999999,-0.33928925,0.033366775000000015,-0.34185409999999994,-0.004042804999999983,-0.36782137,-0.003999285000000019,-0.28366929999999996,-0.058908514999999995,-0.27633782999999995,-0.004403824999999972,-0.15125009999999994,-0.07649066500000001,-0.10263254999999993,0.066604675,-0.17351624999999993,0.033460555,-0.15344859999999994,0.01962381499999999,-0.010858799999999946,-0.01962381499999999,0.010858800000000057,0.049424595000000016,0.14599874000000002,-0.030314145000000015,0.20619914000000006,0.032967214999999994,0.2848883000000001,-0.038714044999999975,0.31347820000000004,-0.00040453999999995327,0.13241920000000001,0.07100849999999997,-0.022266149999999985,-0.01758215000000002,0.17370528000000002,0.10995122000000002,-0.05081605,0.029800780000000027,0.15685753999999996,-0.01645738000000002,0.13888956000000008,-0.010690330000000026,0.19534034,-0.00839989999999996,0.10727905999999998,-0.054909229999999976,0.007331470000000007,-0.03924762999999998,0.021717600000000004,0.16930637095762846,0.17266983533048527
0.039300025000000016,-0.31642401000000003,0.04630690500000001,-0.32835447,0.03473931499999999,-0.3395068,0.03412605499999999,-0.3417502,-0.005064045000000017,-0.36786341,-0.002846544999999978,-0.28344243,-0.059417125000000015,-0.27617481,-0.004066974999999973,-0.15098707,-0.076306545,-0.10308101000000003,0.06347935500000002,-0.17124227000000003,0.03522038500000002,-0.15390616999999995,0.020194025000000004,-0.010906670000000007,-0.020194025000000004,0.010906670000000007,0.04979199499999998,0.14509923000000002,-0.029559745000000026,0.20586362999999996,0.03299675499999999,0.28457907000000005,-0.03805834499999999,0.31355623,-0.0012204299999999946,0.13245536000000002,0.06754632999999999,-0.02025520000000003,-0.01688941999999999,0.17309379999999996,0.11152693000000002,-0.050825159999999925,0.029597969999999973,0.15600590000000003,-0.01679523999999999,0.13947984000000002,-0.009365720000000022,0.19495695999999996,-0.008498599999999967,0.10769260000000003,-0.05657058000000004,0.00726762000000003,-0.04038805000000001,0.021813340000000014,0.16607565872387473,0.17387935203615665
0.03792537500000004,-0.316394385,0.04615634500000004,-0.328615995,0.03303564500000006,-0.33998294500000004,0.03619862500000004,-0.341731045,-0.005697534999999976,-0.368794085,0.00042754500000002915,-0.282624575,-0.059739094999999964,-0.277958245,-0.0001694749999999745,-0.147889045,-0.07559867499999995,-0.10561740500000005,0.06542868500000004,-0.16766944500000003,0.040372845000000046,-0.15681824499999997,0.021403985000000014,-0.01034069500000001,-0.02140398499999996,0.01034069500000001,0.05055114500000002,0.146814255,-0.029231114999999974,0.20576989499999998,0.03432304500000005,0.28460431499999994,-0.03716601499999994,0.312250555,-0.0005970200000000037,0.13473553,0.06559816000000002,-0.01978040000000003,-0.015859579999999984,0.17234083999999994,0.11597152,-0.051200839999999914,0.029147160000000005,0.15715495000000002,-0.016228099999999968,0.13779005999999994,-0.007827130000000015,0.19542919999999997,-0.007934899999999967,0.10648066,-0.06016663999999999,0.004666329999999996,-0.04280796999999997,0.02068139000000002,0.1633723042215311,0.1782091129734181
0.036208569999999995,-0.31515369,0.04558202,-0.32784859,0.03111931000000001,-0.33934979,0.03731416999999998,-0.34291129,-0.0070115700000000225,-0.37054446,0.0010686500000000043,-0.28606063,-0.05991653000000002,-0.28086451,-0.0006512499999999921,-0.15040609000000005,-0.07545078,-0.10667879000000002,0.06284140999999999,-0.16703908999999995,0.03936685000000001,-0.15731605999999998,0.02169943000000002,-0.010209950000000023,-0.02169943000000002,0.010209950000000023,0.05065842999999998,0.14704640999999996,-0.02964412999999999,0.20420811000000005,0.03388198999999997,0.28545931,-0.036743020000000015,0.31126681,-0.0017198999999999964,0.13565453999999993,0.06349265999999998,-0.016632999999999898,-0.015534249999999972,0.17418572,0.11481763,-0.050637269999999956,0.028958999999999957,0.15725635999999998,-0.016776440000000004,0.13841290000000006,-0.007944699999999971,0.19399816000000003,-0.007098890000000024,0.10705869999999995,-0.06098518000000003,0.005196119999999971,-0.04339886000000004,0.020419900000000046,0.16213587410397481,0.17830887409088336
0.03438617999999999,-0.31185988499999995,0.04524260000000002,-0.3252242349999999,0.028847679999999987,-0.33614986499999994,0.03968884,-0.34198568499999993,-0.00783853000000001,-0.36868752499999996,0.0034120900000000343,-0.2887644649999999,-0.05925727999999997,-0.28092236499999995,-0.001038680000000014,-0.15545470499999992,-0.07584798999999998,-0.10635311499999989,0.062337120000000024,-0.16828806499999993,0.040426340000000005,-0.15551206499999992,0.022308240000000035,-0.010860334999999943,-0.02230823999999998,0.010860335000000054,0.05186137000000002,0.1455236350000001,-0.028851130000000003,0.20568263500000006,0.03493299,0.283589175,-0.035907159999999994,0.31264083500000006,-0.004450770000000048,0.13330976,0.06337580000000004,-0.012833360000000016,-0.01659071000000001,0.17456925000000006,0.11627432999999998,-0.049158950000000035,0.029553129999999983,0.15638397000000004,-0.01692838000000002,0.13806553999999993,-0.006542890000000023,0.1948223,-0.007056029999999991,0.1069582,-0.06266937,0.007842099999999963,-0.044616480000000014,0.021720669999999997,0.16243706906678443,0.1778072074172934
0.03316649000000005,-0.30726775000000006,0.04489383000000002,-0.32077150000000004,0.027633430000000014,-0.33162513000000005,0.04072446000000002,-0.33755700000000005,-0.007860389999999995,-0.36439946000000006,0.0036272900000000052,-0.28612503000000006,-0.05795758999999995,-0.27774885000000005,-0.002101709999999979,-0.15529700000000002,-0.07486130999999996,-0.10549855000000008,0.06374106000000002,-0.16091120000000003,0.04238084000000003,-0.15137770000000006,0.021926730000000005,-0.010864100000000043,-0.02192672999999995,0.010864099999999932,0.051619050000000055,0.1465626,-0.028247529999999965,0.20612979999999992,0.035593450000000026,0.2853224299999999,-0.035655259999999966,0.31438809999999995,-0.005728999999999984,0.13082803000000004,0.06584277,-0.005614200000000014,-0.01690372000000001,0.17225029999999997,0.11724214999999999,-0.04587914999999998,0.02969232000000005,0.15742670000000003,-0.01602560000000003,0.13875982999999992,-0.006320800000000015,0.1952657,-0.007407730000000001,0.10825830000000003,-0.06158487999999995,0.00837618000000001,-0.043853459999999955,0.021728199999999975,0.15576447095457582,0.17452181876930142
0.031107610000000008,-0.30180417499999995,0.04283282999999999,-0.314361495,0.026278540000000017,-0.32540627499999997,0.03904624000000001,-0.331571275,-0.0075819699999999934,-0.35906441499999997,0.003113699999999997,-0.284484635,-0.05781900000000001,-0.276324105,-0.0012620600000000093,-0.15519207499999998,-0.07547288000000002,-0.10457137500000002,0.06456683000000002,-0.14803767499999998,0.040046519999999974,-0.14257351499999993,0.021667519999999996,-0.010534924999999973,-0.021667519999999996,0.010534924999999973,0.05088882,0.14771822499999998,-0.027326620000000024,0.20429535500000007,0.03722713,0.287086865,-0.03450671999999999,0.315764625,-0.004375760000000006,0.12929256,0.06582889000000003,0.007154400000000005,-0.01765388000000001,0.17175272999999996,0.1155194,-0.03800213999999991,0.029221300000000006,0.15825314999999995,-0.013661690000000004,0.13936864000000004,-0.005659100000000028,0.1937604300000001,-0.007180099999999967,0.11146926999999995,-0.060932700000000006,0.00816053,-0.04333503999999999,0.021069849999999946,0.14403942882432783,0.16507821519617652
0.02965131500000001,-0.29330542000000004,0.042202295,-0.3054386,0.025388895000000022,-0.31702846,0.039472494999999996,-0.32318734000000005,-0.007497344999999989,-0.35215270000000004,0.002620604999999998,-0.2819222,-0.05797016499999996,-0.26884656,0.0032992050000000273,-0.16901063000000005,-0.07890582499999999,-0.0986049,0.06808705500000001,-0.14603350000000004,0.03571033500000004,-0.1274455,0.021112505000000004,-0.011157399999999984,-0.021112505000000004,0.011157399999999984,0.05176013500000004,0.14673996999999994,-0.02461016499999996,0.20091939999999997,0.03809347500000004,0.2907003,-0.037699524999999956,0.32087129999999997,0.0006786000000000292,0.11291156999999996,0.06478784999999998,0.022977130000000012,-0.020935660000000023,0.17024166000000002,0.11461616000000002,-0.028840599999999994,0.030647630000000037,0.15789736999999993,-0.013666659999999997,0.14396033000000008,-0.003497659999999958,0.189762,-0.013089359999999994,0.1199519,-0.06059076999999996,0.01307564,-0.04222501000000001,0.022314799999999968,0.14282216459258876,0.1497985281438893
0.02890379999999998,-0.287391325,0.041466999999999976,-0.299345965,0.024989239999999968,-0.31044401499999996,0.04038615999999995,-0.316866895,-0.005873660000000003,-0.34530530499999995,0.006444689999999975,-0.273705465,-0.056413360000000023,-0.264255765,0.011124069999999986,-0.158962865,-0.08398921000000004,-0.09371940499999998,0.07491816999999995,-0.13722766499999994,0.030470419999999998,-0.10606956499999998,0.021310379999999962,-0.010353434999999966,-0.021310380000000018,0.010353435000000077,0.05089138999999998,0.14808663500000008,-0.022744420000000043,0.20064957500000002,0.04041017999999996,0.294585435,-0.037485480000000015,0.32454873500000003,0.004679380000000011,0.11474259999999997,0.06379409999999996,0.021735200000000066,-0.027575850000000013,0.17053636,0.11445963000000003,-0.012350159999999999,0.02958101000000002,0.15844007000000004,-0.010481210000000019,0.14649879999999993,-0.0014340400000000253,0.19029613999999995,-0.014741059999999973,0.12389916000000001,-0.06285805,0.009449700000000005,-0.04262075999999998,0.020706870000000044,0.1377347646267165,0.12741886115344153
0.030247775000000032,-0.28673067500000005,0.04238283500000006,-0.29896357500000004,0.02608887500000001,-0.30985497500000003,0.04058274500000003,-0.31729677500000003,-0.005669624999999956,-0.34498569500000004,0.006117045000000043,-0.27442307500000007,-0.056316284999999966,-0.26445287500000003,0.011316055000000047,-0.162142475,-0.08690056499999999,-0.094713775,0.07665447500000006,-0.13377791500000003,0.029299255000000024,-0.0926330150000001,0.02094677500000003,-0.010568975000000091,-0.020946774999999973,0.01056897499999998,0.04952600500000004,0.146772385,-0.022978154999999945,0.20018666499999993,0.04130214500000001,0.29348575499999996,-0.03688785499999997,0.32293182499999995,0.005199010000000004,0.11228060000000006,0.06533842000000001,0.028364559999999983,-0.03058428000000002,0.16973910000000003,0.11619982000000001,0.002080759999999904,0.02857923000000001,0.1573413600000001,-0.008223860000000027,0.14671336999999995,-0.0020313799999999715,0.18961768999999995,-0.013909700000000025,0.12274516000000002,-0.06243333000000001,0.00997020000000004,-0.04189355,0.021137950000000072,0.13521756814561334,0.114783771809089
0.03014228000000002,-0.28781111000000004,0.04348135000000003,-0.29921685000000003,0.026798250000000023,-0.31117437000000003,0.04363522000000003,-0.31661213000000005,-0.002634219999999965,-0.34725801,0.009631100000000004,-0.27483783,-0.055294419999999955,-0.26870821,0.016869280000000042,-0.16241873000000007,-0.08946198,-0.09741533000000002,0.07892838000000002,-0.12681279,0.025895630000000003,-0.07428906000000002,0.021618780000000004,-0.00970103,-0.021618780000000004,0.00970103,0.048738210000000004,0.14786012999999998,-0.022504719999999978,0.19999736999999995,0.04362303000000001,0.29350816999999996,-0.03663086999999998,0.32062777,0.0072381800000000385,0.11241909999999994,0.06205909999999998,0.03560594000000006,-0.03416756000000004,0.17129287999999998,0.11535761,0.023126270000000004,0.02711943,0.15756115999999998,-0.005115179999999997,0.14564803999999998,-0.000885939999999974,0.19029633999999995,-0.014126150000000004,0.12063040000000003,-0.06492551999999996,0.006129620000000002,-0.04323756000000001,0.01940206,0.13038233999456217,0.09649846825652832
0.029971389999999987,-0.289831485,0.04325875999999995,-0.301278045,0.026490269999999982,-0.31297289500000003,0.04364370999999995,-0.319567415,-0.003307580000000032,-0.349610385,0.010430789999999968,-0.276826165,-0.05629405000000004,-0.27203514500000003,0.01737242999999994,-0.16316541500000004,-0.09673691000000001,-0.10177921499999998,0.07514188999999999,-0.11788737500000002,0.010011689999999962,-0.048411714999999966,0.021873739999999975,-0.009457585000000046,-0.02187374000000003,0.009457584999999935,0.04550568999999999,0.14327688500000002,-0.025355930000000027,0.19773608499999995,0.039197769999999965,0.291477585,-0.03961438000000006,0.317270285,0.006941639999999971,0.11366074999999998,0.05776946000000005,0.04527804000000002,-0.04044285999999997,0.17025593000000006,0.10674859999999997,0.05336750000000001,0.023631950000000013,0.15273447000000007,-0.006307920000000022,0.14820069999999996,-0.003482189999999996,0.18827850000000002,-0.014258450000000034,0.11953420000000003,-0.06672484000000001,0.004791019999999979,-0.043747480000000005,0.01891516999999998,0.12080776119052367,0.06607220693131786
0.03508600500000003,-0.28914125499999993,0.046569605000000014,-0.299956315,0.03161950499999999,-0.31052248499999996,0.04428552499999999,-0.319784745,0.00022740500000001385,-0.346783945,0.011298285000000019,-0.27981191499999997,-0.055406465000000016,-0.27208985499999994,0.018122105,-0.16830061499999993,-0.100321085,-0.10166905500000001,0.07537357500000003,-0.11216861499999997,0.00422845500000002,-0.028610274999999907,0.02174894500000002,-0.010149285000000008,-0.02174894500000002,0.010149285000000008,0.04601948500000003,0.14019878500000005,-0.02393282499999999,0.196573385,0.03864927499999998,0.2905821350000001,-0.038396894999999986,0.31538428500000004,0.0068238199999999805,0.11151130000000004,0.057251470000000027,0.05613199999999996,-0.04491461999999999,0.17042079999999993,0.10454954000000002,0.0730587800000001,0.024270540000000007,0.15034807000000006,-0.007370210000000044,0.15038335000000003,-0.0021838799999999714,0.18642409999999998,-0.014464069999999996,0.11881090000000005,-0.06670475000000003,0.0077220600000000306,-0.04349789000000004,0.020298570000000016,0.11525426081618759,0.046659712838310476
0.03876163000000005,-0.2922733,0.049671340000000064,-0.3039603,0.03461446000000007,-0.31447660000000005,0.04727067000000007,-0.32553610000000005,0.002489340000000062,-0.35177446000000007,0.016037540000000072,-0.28308717000000005,-0.05591393999999994,-0.27594730000000006,0.02201272000000004,-0.17330270000000003,-0.10416389999999995,-0.10441440000000002,0.07509220000000005,-0.11443285000000003,-0.00977091999999996,-0.013273750000000084,0.024038800000000027,-0.010042400000000007,-0.02403879999999997,0.010042400000000007,0.04583154000000006,0.14154319999999998,-0.02078093999999997,0.19700105999999995,0.04046805000000003,0.28871145,-0.03651533999999995,0.31121869999999996,0.005975179999999969,0.10978447000000002,0.05307948000000001,0.05886985,-0.04824996000000001,0.17153290000000004,0.09439297999999999,0.09114064999999993,0.021792740000000033,0.1515856,-0.005363490000000026,0.14716825,0.0032578600000000013,0.18695865999999994,-0.01573439999999998,0.11421764000000001,-0.07195148000000001,0.007139869999999993,-0.0480776,0.020084800000000014,0.11620591939639954,0.02733523825608448
0.03703290499999995,-0.28683038499999997,0.04904461499999996,-0.29832304499999995,0.03312608499999997,-0.30880478499999997,0.04703036499999996,-0.31854738499999996,0.0007093049999999379,-0.34507820499999997,0.01226080499999993,-0.278560025,-0.055357315000000074,-0.26960174499999995,0.018208984999999955,-0.16923198499999992,-0.10919990500000004,-0.10118703499999993,0.06884868499999997,-0.09874218499999998,-0.020112155000000076,0.008342345000000084,0.02147281499999998,-0.010610484999999947,-0.021472815000000034,0.010610485000000058,0.04410578499999995,0.13642851500000008,-0.022788995000000034,0.198018715,0.03985530499999995,0.28619798500000004,-0.037043565000000056,0.31590201500000004,0.005948180000000025,0.10932804000000007,0.05063970000000001,0.07048979999999994,-0.05384258999999997,0.16841471000000002,0.08908774999999997,0.10952938000000001,0.022632969999999974,0.14703900000000003,-0.004250480000000001,0.14976946999999996,-0.0013161800000000001,0.18740822999999995,-0.014254570000000022,0.11788330000000002,-0.06761812,0.00895828000000004,-0.04294563000000001,0.021220970000000006,0.10005833100320485,0.002644967806080023
0.03916024500000004,-0.286533245,0.051012535000000025,-0.298388995,0.03495504500000002,-0.308345565,0.048614555000000004,-0.319381395,0.0015541850000000412,-0.344559855,0.014308925000000028,-0.279661365,-0.056535575000000005,-0.269051515,0.020603585000000035,-0.17056587499999998,-0.116492085,-0.10335661500000004,0.06727551500000001,-0.09256026500000003,-0.03685218499999998,0.012134784999999981,0.022271585000000038,-0.011130415000000005,-0.022271584999999983,0.011130415000000005,0.04532418500000002,0.13536848499999998,-0.02269945499999998,0.200364785,0.040991005000000025,0.285958685,-0.03664687499999997,0.316365385,0.0062946600000000075,0.10909549000000002,0.04667192999999997,0.07800560999999995,-0.05995650999999999,0.16569489999999998,0.07963990000000001,0.11549140000000002,0.02305259999999998,0.1464989,-0.004333179999999992,0.1505902,-0.00042786999999999686,0.18923436999999999,-0.013947419999999988,0.11600060000000001,-0.07084450000000003,0.010609849999999976,-0.04454317000000002,0.02226083000000001,0.09303856289983956,0.014615151571465139
0.04177068500000003,-0.29114787500000006,0.05271996499999998,-0.30262195500000005,0.03770085499999998,-0.31238564500000005,0.048777245000000025,-0.32280119500000004,0.003819695000000012,-0.34727632500000005,0.015274485000000004,-0.28176030500000004,-0.05691895499999999,-0.272458105,0.02163668499999999,-0.171121325,-0.12367303499999999,-0.11112727500000008,0.06578405500000001,-0.082259325,-0.048395485000000016,0.01297172499999999,0.022454215,-0.011071825000000035,-0.022454215,0.011071824999999924,0.04346551500000001,0.13357898499999998,-0.022461514999999987,0.199699375,0.04245357500000002,0.283318195,-0.03614584500000001,0.31357762499999997,0.0063621999999999845,0.11063898000000005,0.04414737000000002,0.088862,-0.06675408,0.16133082999999993,0.07527754999999997,0.12409900000000007,0.02101130000000001,0.14465081000000002,-0.001011939999999989,0.14973921,-7.299999999987872e-06,0.1886275500000001,-0.013684330000000022,0.11387824999999996,-0.07219344,0.009302200000000038,-0.04490843,0.02214364999999996,0.08333747770766521,0.026010749878135023
0.04491349,-0.29303385000000004,0.05633149000000004,-0.30507085,0.04027284000000003,-0.31480338,0.05291874000000002,-0.32539319,0.00601119,-0.34953165,0.01901919000000002,-0.28296535,-0.05498027,-0.27456605,0.022464730000000044,-0.17253675000000002,-0.12596096999999998,-0.11663509999999999,0.06266649000000002,-0.07950935000000003,-0.05836100999999999,0.007294519999999971,0.02289981000000002,-0.010547350000000066,-0.022899809999999965,0.010547349999999955,0.04430906000000001,0.13460300999999997,-0.020588779999999973,0.19715640999999995,0.043933690000000025,0.28273784999999996,-0.03353588999999996,0.31309305,0.0034455400000000247,0.11042859999999999,0.040201759999999975,0.09302739999999998,-0.07098069999999998,0.15793095000000001,0.06759995999999999,0.12392961999999996,0.02140924999999999,0.14515036000000003,-0.000375369999999986,0.14813484,0.0023110299999999917,0.18660906,-0.012947109999999984,0.11593664000000004,-0.07399946000000002,0.008399299999999998,-0.045799619999999985,0.021094700000000022,0.07960619499902251,0.03561007734404549
0.04742790499999999,-0.295197595,0.058411674999999996,-0.30728670499999994,0.04268340500000001,-0.316675385,0.05433174499999999,-0.32653775499999993,0.008144664999999995,-0.34974320499999995,0.021502944999999996,-0.28190152499999993,-0.054517154999999984,-0.27400126499999994,0.023807575000000025,-0.16998868499999997,-0.128634095,-0.118274565,0.059948375,-0.07447322499999998,-0.064274475,0.004168174999999996,0.023426904999999998,-0.010432424999999967,-0.023426904999999998,0.010432425000000078,0.04374642499999998,0.1357368750000001,-0.020530205000000024,0.19826337500000002,0.044877064999999994,0.28303081500000005,-0.031446454999999984,0.31391907500000005,0.0023046300000000297,0.11191283999999996,0.03614079999999997,0.09551546,-0.07411694000000002,0.15572669999999994,0.06435962,0.12244274,0.02031951999999998,0.14616930000000006,0.001130640000000016,0.14729393999999996,0.0028966999999999743,0.18783094999999994,-0.01091624999999996,0.11565570000000003,-0.07602009999999998,0.007900259999999992,-0.046853809999999996,0.020864850000000046,0.07372273621889587,0.04132511104603835
0.05044380000000004,-0.30005426999999996,0.059698110000000026,-0.31157092999999997,0.046876200000000035,-0.32066229999999996,0.053697680000000025,-0.33175998,0.012174280000000037,-0.35503704999999997,0.023637870000000005,-0.28484158,-0.05621667999999996,-0.2795704,0.029386290000000037,-0.16860019999999998,-0.13095187999999996,-0.12574200000000002,0.056406120000000004,-0.06881665000000003,-0.06695332999999998,-0.004151499999999975,0.025315260000000006,-0.010721199999999986,-0.02531525999999995,0.010721199999999986,0.04296144000000002,0.13038840000000007,-0.018816289999999958,0.20029320000000006,0.04443208000000004,0.27994205000000005,-0.03290199999999999,0.3097613,0.005748420000000032,0.11624138,0.027019829999999967,0.09978354999999994,-0.0747352,0.15382839999999998,0.06399854999999999,0.12159050000000005,0.01764618000000001,0.14110960000000006,0.001470640000000023,0.14955364999999998,0.006498969999999993,0.18957200000000007,-0.014085710000000029,0.10946809999999996,-0.07985454999999997,0.005271179999999986,-0.05063051999999996,0.021442399999999973,0.06589175127618103,0.04421454600711061
0.05353249500000001,-0.302775965,0.06240140500000002,-0.31497936499999996,0.049128514999999984,-0.32317836499999997,0.05614704500000001,-0.33467306499999994,0.013466645,-0.35554440499999995,0.027433825000000023,-0.28531940499999997,-0.054744974999999974,-0.27984790499999995,0.03248332500000001,-0.16702272499999993,-0.130687545,-0.12835787499999995,0.055488095000000015,-0.06650492499999994,-0.06770525500000002,-0.006320624999999969,0.026080025000000007,-0.010765625000000001,-0.026080025000000007,0.010765625000000001,0.04278932499999999,0.12833807500000005,-0.018340055000000022,0.19968097500000004,0.045724765,0.27814663500000003,-0.031775394999999984,0.30966217500000004,0.0050494999999999846,0.11829668000000004,0.023004770000000008,0.10051779999999999,-0.07594257000000001,0.15149003,0.06298228999999997,0.12203724999999999,0.016709299999999983,0.13910370000000005,0.0029354400000000114,0.14980855999999998,0.007739969999999985,0.18891535000000004,-0.013435339999999962,0.1099812,-0.0821788,0.005471500000000018,-0.05216005000000001,0.021531250000000002,0.0630214578188643,0.04499555213146517
0.056214339999999974,-0.30574492,0.06459373999999996,-0.31790739999999995,0.05193484999999998,-0.32634994999999994,0.05736296999999996,-0.3368907,0.01575753999999996,-0.35828397999999995,0.028925309999999982,-0.28468678,-0.05356871000000002,-0.28181347999999995,0.03604019999999997,-0.16175697999999994,-0.12993157000000002,-0.13102577999999998,0.05646130999999999,-0.05510957999999999,-0.06844783000000004,-0.0060166799999999965,0.02606427,-0.010188819999999987,-0.02606427,0.010188819999999987,0.04327356999999998,0.12854302000000006,-0.01691453000000004,0.19828426,0.04731443999999996,0.27855192000000006,-0.03023486000000003,0.30929702000000003,0.007114889999999985,0.12292980000000003,0.02042111000000002,0.10664739999999995,-0.07636286,0.15078769999999997,0.06148373999999998,0.12500909999999998,0.017209299999999983,0.13873184000000005,0.004040869999999974,0.1500089,0.009149739999999962,0.18809544,-0.013320329999999991,0.11101276000000004,-0.08249402,0.002873300000000023,-0.05212854,0.020377639999999975,0.05423886724240468,0.04537603319510866
0.06008944999999999,-0.31102529999999995,0.06770715999999999,-0.32343432999999994,0.055106109999999986,-0.33172959999999996,0.05903149000000002,-0.33928469999999994,0.016872989999999977,-0.35977941999999996,0.03101039,-0.28175073999999994,-0.05250125,-0.28006845999999996,0.03866277000000001,-0.1569415999999999,-0.12810292,-0.13130334999999993,0.05533142000000002,-0.048159749999999946,-0.06839233,-0.005972999999999895,0.026462209999999986,-0.009859899999999922,-0.026462209999999986,0.009859900000000033,0.04341403999999999,0.12817450000000008,-0.015349879999999982,0.1968303,0.049001320000000015,0.27902840000000007,-0.03080265999999998,0.31007340000000005,0.007652380000000014,0.12480914000000004,0.016668650000000007,0.10878184999999996,-0.07560167000000001,0.14876511000000003,0.05971059000000001,0.12533035000000003,0.01695183,0.1380344,0.005587280000000028,0.15085389999999999,0.011112330000000004,0.18697039999999998,-0.01545278,0.11324310000000004,-0.08351164,0.0016822799999999805,-0.05292441999999997,0.019719799999999954,0.04796154497143106,0.04481981353848317
0.06065151000000002,-0.31318560999999995,0.06749848000000003,-0.32612642999999997,0.05505055000000003,-0.33357196999999994,0.05820998999999999,-0.34143324999999997,0.0161095,-0.35949086999999996,0.03245642999999998,-0.2809250099999999,-0.05248162000000001,-0.27869200999999993,0.03959245,-0.1543150499999999,-0.12833187,-0.13076044999999992,0.05240819000000002,-0.04628274999999993,-0.06995001,-0.004287049999999959,0.02688739000000001,-0.009762149999999914,-0.02688739000000001,0.009762150000000025,0.04219930999999999,0.1276575000000001,-0.016334709999999975,0.19554265000000004,0.04799183000000001,0.27871675000000007,-0.030486970000000002,0.31102815000000006,0.007136020000000021,0.12660996000000002,0.01281574000000002,0.10803229999999997,-0.07585024999999998,0.14793156000000002,0.05838185999999998,0.12647339999999996,0.015311919999999979,0.13741965,0.005792520000000023,0.15105924999999998,0.010552680000000036,0.18578050000000002,-0.014152260000000028,0.11548550000000002,-0.08493804999999999,0.002232999999999985,-0.05377478000000002,0.01952429999999994,0.04455407340524547,0.04529645970607857
0.061157530000000015,-0.31668678,0.06799579,-0.3298145,0.055412620000000024,-0.33717436,0.05866315,-0.3446908,0.016309830000000025,-0.36241508,0.03335652,-0.28260363,-0.05227100999999995,-0.28042788,0.03980185000000003,-0.15574900000000003,-0.12854322999999998,-0.13369779999999998,0.049422350000000004,-0.04524075999999999,-0.07083120999999998,-0.004857800000000023,0.02710415000000005,-0.009740300000000035,-0.027104149999999994,0.009740300000000035,0.04162830000000001,0.1269192,-0.016675079999999953,0.19548529999999997,0.04739261,0.27706825,-0.03064504999999995,0.3097586,0.006445330000000027,0.12685462999999997,0.009620499999999976,0.11050824000000004,-0.07627222000000003,0.14673008000000004,0.05771202,0.12883999999999995,0.014524149999999958,0.13665950000000004,0.005764309999999995,0.15014905,0.01042907000000004,0.18574499999999994,-0.013969969999999998,0.11427330000000002,-0.08562752999999995,0.0021757499999999763,-0.05420830000000004,0.01948060000000007,0.04193309804261539,0.04609946094970743
0.061649235000000024,-0.3187173499999999,0.06828145499999999,-0.3317757999999999,0.05585886499999998,-0.3388158799999999,0.058989505,-0.3463192399999999,0.017134505000000022,-0.3633085999999999,0.03462378500000002,-0.2830687999999999,-0.05146382500000002,-0.28198362999999993,0.040780435000000004,-0.15498869999999987,-0.129178045,-0.13691979999999992,0.04783833500000001,-0.045775159999999926,-0.07159112499999998,-0.007013799999999959,0.027310714999999985,-0.009461599999999959,-0.027310714999999985,0.00946160000000007,0.04195479499999999,0.1274647000000001,-0.01609058499999999,0.19539970000000007,0.047622635000000024,0.2772031600000001,-0.031933164999999986,0.3089744000000001,0.006156649999999986,0.12808010000000003,0.007057900000000006,0.10921353999999994,-0.07771421999999997,0.14506383,0.057586920000000014,0.12990599999999997,0.014644080000000004,0.13692630000000006,0.005667840000000035,0.14973846000000002,0.011220129999999995,0.1859381,-0.015842579999999995,0.11357470000000003,-0.08608761000000004,0.0010851699999999687,-0.05462142999999997,0.01892320000000003,0.041714000320491905,0.04724609523471861
0.06302509499999998,-0.3212001200000001,0.06954549499999996,-0.3346832500000001,0.057047595000000006,-0.3414143500000001,0.060167994999999974,-0.3490625200000001,0.018121094999999976,-0.3653097300000001,0.035774945,-0.2834006700000001,-0.05043720500000004,-0.28237022000000006,0.042097365,-0.15547030000000006,-0.12982250500000003,-0.1389429700000001,0.04742469499999996,-0.045527900000000066,-0.072351575,-0.010040000000000049,0.027230144999999983,-0.009354500000000043,-0.02723014500000004,0.009354499999999932,0.042831275,0.12599059999999995,-0.015334785000000017,0.1926857999999999,0.04821069499999997,0.27726225999999987,-0.03191032500000002,0.3081168999999999,0.006322419999999995,0.12793037000000002,0.0053273299999999635,0.1099424,-0.07938529999999999,0.14342724999999995,0.05747093000000003,0.12890297000000006,0.015601130000000019,0.1353451,0.005379419999999968,0.15127165999999992,0.011895360000000021,0.18333129999999997,-0.01657554,0.11543110000000001,-0.08621215000000004,0.001030450000000016,-0.05446029000000002,0.018708999999999976,0.04142867023285325,0.04911303366210334
0.06622184499999995,-0.32390990999999997,0.07188142499999994,-0.33734950999999996,0.060537804999999945,-0.34406709999999996,0.061006884999999955,-0.35204994999999994,0.020752244999999947,-0.36814352999999994,0.036840664999999995,-0.28445255999999997,-0.049464125000000025,-0.28449940999999995,0.04438364499999997,-0.15506202999999996,-0.12938943500000002,-0.1428432799999999,0.046903174999999964,-0.042145079999999946,-0.07111050500000005,-0.013866779999999967,0.027184794999999984,-0.009125720000000004,-0.02718479500000004,0.009125720000000004,0.04471908499999999,0.12434315000000007,-0.014803515000000045,0.18955452000000006,0.04948964499999997,0.2756404800000001,-0.030475605000000017,0.30600422000000005,0.007542979999999977,0.12939053,0.002519529999999992,0.11291695000000002,-0.07992531,0.14165613000000005,0.05827892999999998,0.12897649999999994,0.017534290000000008,0.13346887000000007,0.004770559999999979,0.15129733,0.012381279999999995,0.18042880000000006,-0.015672089999999972,0.11644969999999999,-0.08630479000000002,-4.684999999998718e-05,-0.05436959000000002,0.018251440000000008,0.03845897352548551,0.049579462030704805
0.06934292000000003,-0.32560146,0.07496540000000002,-0.33967132000000005,0.06327344000000001,-0.34587205000000004,0.06396562,-0.35455012,0.023025459999999998,-0.36930087000000006,0.03913535000000001,-0.28563261,-0.04713334999999996,-0.28512114000000005,0.045387100000000014,-0.15572379000000003,-0.12918813999999998,-0.14532796000000003,0.047357870000000024,-0.04120809000000003,-0.07136883,-0.016124090000000035,0.027183020000000002,-0.009289949999999991,-0.027183020000000002,0.009289949999999991,0.04513095,0.12640960999999995,-0.01401848,0.19296320999999994,0.05157275,0.27678751,-0.030005859999999995,0.30579080999999997,0.00625175,0.12990881999999998,0.0019707700000000106,0.1145157,-0.08205479000000002,0.13979318000000002,0.057819309999999985,0.12920387,0.01794793,0.13569955999999994,0.0064417999999999975,0.15037790000000006,0.013164540000000002,0.18367325999999995,-0.015987379999999995,0.11282760000000003,-0.08626869999999998,0.0005114699999999583,-0.054366040000000004,0.018579899999999983,0.03775966410843856,0.050973122667516656
0.07112222999999995,-0.3263125799999999,0.07653464999999998,-0.3404809999999999,0.06511024999999998,-0.3467170799999999,0.06499184999999996,-0.3546704499999999,0.024546649999999948,-0.36950137999999993,0.03987284999999996,-0.2842694799999999,-0.046204420000000024,-0.28475473999999995,0.045895369999999935,-0.15481787999999996,-0.12898610000000005,-0.14779622999999997,0.04782094999999997,-0.04038317999999996,-0.07215902000000002,-0.017916879999999913,0.02703774999999997,-0.009180919999999926,-0.027037750000000027,0.009180920000000037,0.045039749999999934,0.12607542000000005,-0.013639550000000056,0.19326375000000007,0.052305429999999986,0.27613892000000007,-0.028349930000000023,0.3053815200000001,0.006022519999999976,0.12945159999999994,0.0019255800000000378,0.1144347,-0.08278168000000002,0.13695850999999998,0.05682708000000003,0.12987935000000006,0.018001999999999962,0.13525633999999997,0.007265680000000052,0.15006350000000002,0.013398199999999971,0.18408283000000003,-0.014710379999999967,0.11211777,-0.08607726999999998,-0.0004852600000000429,-0.0540755,0.018361839999999963,0.03749029782953987,0.05263287728457277
0.07250023,-0.32145084,0.07735826000000001,-0.33383505,0.06747345999999999,-0.34130923,0.06394701000000003,-0.34635062,0.026358930000000003,-0.36321814,0.03914890999999998,-0.27991195,-0.04677356999999999,-0.28038007000000004,0.048120070000000015,-0.15388047000000005,-0.12870072,-0.14401491,0.047714900000000005,-0.03593177000000003,-0.07103241999999999,-0.016054400000000024,0.026983990000000013,-0.00929703000000004,-0.026983990000000013,0.00929703000000004,0.043725930000000024,0.12611227000000003,-0.010513470000000025,0.19493623000000004,0.054272070000000006,0.27753793000000004,-0.028813319999999976,0.30944823,0.008971160000000034,0.12603147999999997,-0.00040517000000001024,0.11794870000000002,-0.08192715,0.13636516000000004,0.057668300000000006,0.12796050999999997,0.01674194000000001,0.13540930000000007,0.010546139999999982,0.15142566000000002,0.01647051999999999,0.1856392,-0.01829984999999995,0.11451199999999995,-0.08592247999999997,-0.0004681200000000163,-0.053967980000000026,0.01859406000000008,0.03375174075948823,0.050822821532356906
0.07259355,-0.32193519500000006,0.07746473999999998,-0.3341678350000001,0.06770158999999998,-0.3419512250000001,0.06368408999999997,-0.3461393750000001,0.026043459999999963,-0.36375617500000007,0.037906689999999965,-0.2798746550000001,-0.04768823,-0.2801724350000001,0.0467148,-0.15445256500000004,-0.12976854000000002,-0.14464145500000014,0.047244200000000014,-0.036282995000000096,-0.07209672,-0.017975295000000058,0.02691505999999999,-0.009616255000000073,-0.02691505999999999,0.009616254999999962,0.04257828999999996,0.12257050499999989,-0.01199188000000001,0.19462245499999986,0.05296929,0.27509754499999994,-0.030688510000000002,0.3092761049999999,0.008808110000000036,0.12542209000000004,0.0005294000000000132,0.11816956999999995,-0.08208031000000002,0.13553097999999997,0.05767182000000001,0.12666616000000008,0.015663229999999972,0.13218675999999996,0.010391000000000039,0.15252704000000006,0.01492317999999998,0.1850061999999999,-0.018696629999999992,0.11465365000000005,-0.08559491999999996,-0.00029778000000002525,-0.05383011999999998,0.019232510000000036,0.033531909509707344,0.05294030630585832
0.073145285,-0.32189063,0.07783888500000002,-0.33388901000000004,0.06843732500000005,-0.34187747,0.06383042500000002,-0.34547854000000006,0.027009055000000004,-0.36356917000000005,0.038480085,-0.27864454000000005,-0.046968414999999986,-0.28035045000000003,0.04790098500000001,-0.15185327000000004,-0.12919595499999997,-0.14373962000000007,0.047074275,-0.03564302000000008,-0.069825215,-0.017463569999999984,0.026871275000000028,-0.009070430000000074,-0.026871274999999972,0.009070429999999963,0.04129867500000001,0.12493222999999998,-0.012339754999999952,0.19361682999999996,0.052755825000000034,0.27731248,-0.031653744999999955,0.30961342999999997,0.00942090000000001,0.12679127,-0.0008267100000000083,0.11621024999999996,-0.08222753999999999,0.13661082999999996,0.05937073999999998,0.12627605000000008,0.014427399999999979,0.13400266000000005,0.011457150000000027,0.15238025,0.01453152000000002,0.1845464,-0.019313990000000003,0.1159966,-0.08544849999999998,-0.0017059099999999772,-0.05374255,0.018140860000000036,0.03338058939425874,0.05048855432198073
0.07455285,-0.32658295,0.07951132999999999,-0.33969899,0.06954523000000001,-0.34712415,0.06625218999999999,-0.35240927,0.02872619999999998,-0.36996585,0.040410730000000006,-0.282734,-0.04496397000000002,-0.28525712000000003,0.047402029999999984,-0.15134145,-0.12637693,-0.14665724999999996,0.04817663,-0.036901749999999955,-0.06671397000000001,-0.020770049999999984,0.026962089999999994,-0.00880835000000002,-0.026962089999999994,0.00880835000000002,0.042879730000000005,0.12569745,-0.01565757000000001,0.19284100000000004,0.05162443,0.27432484999999995,-0.02955831999999997,0.30579055,0.006991299999999978,0.13139255,0.0007746000000000142,0.11443970000000003,-0.08141295999999998,0.13859987000000007,0.05966295999999999,0.12588719999999998,0.01591764000000001,0.1345058,0.008744699999999994,0.14862739999999997,0.011304519999999985,0.18403265000000002,-0.013900749999999962,0.11294954999999995,-0.08537470000000003,-0.0025231200000000453,-0.05392417999999999,0.01761670000000004,0.03520363377510334,0.049548902208771506
0.075520965,-0.32667673499999994,0.08019396499999998,-0.34000575499999997,0.070099415,-0.34691518499999996,0.06666991500000002,-0.35232453499999994,0.028942915000000013,-0.368350335,0.04211221500000001,-0.28263100499999994,-0.044302705,-0.28394863499999995,0.047701614999999975,-0.14936938499999997,-0.12453345500000002,-0.14431503499999998,0.04708188499999999,-0.03380897499999991,-0.06545722500000001,-0.019911234999999916,0.027473744999999994,-0.008926304999999912,-0.027473744999999994,0.008926305000000023,0.04176921499999997,0.126836065,-0.016615245,0.19466696500000003,0.05104988500000002,0.27368876500000006,-0.029718034999999976,0.30710056500000005,0.005589399999999967,0.13326161999999997,-0.000619729999999985,0.11556041000000006,-0.08023075000000002,0.13963359999999997,0.05907623000000001,0.12440380000000006,0.014295469999999977,0.1357623699999999,0.009280670000000046,0.14685270000000006,0.010858499999999993,0.18574066,-0.013102789999999975,0.11243360000000002,-0.08641492,-0.001317630000000014,-0.05494748999999999,0.017852609999999935,0.031680063456194334,0.047690129651343977
0.0765807,-0.32689952999999994,0.08108545,-0.34000941999999995,0.07103695000000004,-0.34717445999999996,0.06728155000000002,-0.3510736,0.029348430000000036,-0.36755343999999995,0.043246549999999995,-0.28018686,-0.04409793000000001,-0.28263307,0.04912485,-0.14613166,-0.12279912999999998,-0.14223549999999996,0.046007030000000004,-0.03146019999999994,-0.06342199999999998,-0.018504399999999976,0.02785926999999999,-0.008468399999999932,-0.02785926999999999,0.008468400000000043,0.042107969999999995,0.1285649000000001,-0.01568544999999999,0.19357570000000002,0.050674350000000035,0.27683696,-0.030094869999999996,0.30828330000000004,0.005878300000000003,0.13405519999999999,-0.0031178199999999934,0.11467146000000006,-0.07870119999999997,0.14039757000000003,0.05937713,0.12373109999999998,0.014248700000000003,0.13703330000000002,0.00856638000000004,0.14827205999999993,0.012173820000000002,0.18510729999999997,-0.014409420000000006,0.11470760000000002,-0.08734448,-0.002446210000000004,-0.05571853999999998,0.016936799999999974,0.029291023544041624,0.044634512486336174
0.07798251499999997,-0.32780335,0.08280172499999999,-0.3408619,0.07276782500000001,-0.34866305000000003,0.06903663500000001,-0.35147839000000003,0.031120325000000004,-0.36966662,0.04382565500000002,-0.27937819,-0.04316321499999998,-0.28336902,0.05002158499999998,-0.14518578999999998,-0.12101078500000001,-0.14300992,0.04611554499999998,-0.029715909999999957,-0.06101941500000002,-0.020338909999999988,0.027723015000000018,-0.008110649999999997,-0.027723015000000018,0.008110649999999997,0.04247488500000002,0.12982861,-0.016079544999999973,0.19349664999999994,0.05206828499999999,0.27650535,-0.02889826499999998,0.30718605,0.006195929999999961,0.13419240000000004,-0.0039060399999999995,0.11546988000000002,-0.07784757000000003,0.14035910000000001,0.05999136999999999,0.12267101000000002,0.01475187,0.13793926,0.009593399999999974,0.14667673999999997,0.011643470000000045,0.18538599999999994,-0.012818720000000006,0.11368940000000005,-0.08698887,-0.003990830000000001,-0.055446030000000035,0.016221299999999994,0.028373798114959808,0.04379529332192672
0.08056017000000004,-0.326139855,0.08598823,-0.341404135,0.07502433000000003,-0.349236385,0.07174720000000001,-0.35279568499999997,0.03308453,-0.370475735,0.04743649,-0.278899515,-0.04208988999999996,-0.282774635,0.04834864999999999,-0.143652075,-0.12286742999999997,-0.14379003499999998,0.04552013999999999,-0.027611784999999944,-0.06017276999999999,-0.02012163499999997,0.029278799999999994,-0.006991634999999996,-0.029278799999999994,0.006991634999999996,0.03940663,0.13204956499999998,-0.017110120000000006,0.188728365,0.047866450000000005,0.26924606500000003,-0.02842612,0.306792865,0.0009121599999999952,0.13524744,-0.0028285100000000063,0.11604029000000005,-0.08077754000000001,0.1389846,0.06269465999999999,0.12366840000000001,0.010127830000000004,0.13904119999999998,0.008459820000000007,0.13719650000000005,0.012168679999999987,0.18173673,-0.011315999999999993,0.11806450000000002,-0.08952637999999996,-0.0038751200000000097,-0.05855759999999999,0.013983269999999992,0.026248270629092837,0.041104340311624
0.08216021000000001,-0.32364563,0.08745280999999999,-0.33845070000000005,0.07701442999999997,-0.34660713000000004,0.07293222999999999,-0.34934462000000005,0.035818799999999984,-0.36771334000000006,0.04869509999999999,-0.27615298000000005,-0.03974124000000001,-0.28140486000000003,0.050007409999999974,-0.13986540000000003,-0.12099617000000001,-0.14164586,0.046368399999999976,-0.02593560000000006,-0.05727785000000002,-0.019293439999999995,0.028923670000000012,-0.006507600000000058,-0.028923670000000012,0.006507599999999947,0.03957702999999996,0.13336079999999995,-0.015030970000000032,0.18750785999999997,0.04892852999999997,0.2719091,-0.02828031000000003,0.3099274999999999,0.0013123099999999832,0.13628758000000002,-0.003639009999999998,0.11392979999999997,-0.08125493,0.13975900000000002,0.06371832,0.12235242000000002,0.010653359999999945,0.1398684,0.009351500000000013,0.13854830000000007,0.01389269999999998,0.18100026000000002,-0.013249339999999998,0.12241963999999994,-0.08843634,-0.0052518799999999866,-0.057847340000000025,0.013015200000000005,0.02611064512364447,0.03833605598589919
0.08352944000000001,-0.321410625,0.08895006999999999,-0.336281665,0.07829538000000003,-0.344330105,0.07463361000000002,-0.347244085,0.037335039999999986,-0.365251685,0.05013958000000002,-0.274597885,-0.03793448999999999,-0.279377015,0.05104124999999998,-0.13929551500000004,-0.11943449,-0.139601525,0.04727281,-0.02440546499999996,-0.05561441,-0.01667159500000004,0.028756559999999987,-0.006390035000000016,-0.028756559999999987,0.006390035000000016,0.039546970000000015,0.13305050500000004,-0.01393896,0.18566153500000004,0.04885816999999998,0.27337008500000004,-0.027676289999999992,0.310481495,0.0009016699999999656,0.13530236999999995,-0.003768439999999984,0.11489005000000008,-0.08150000000000002,0.13977549,0.06382008,0.12292992999999997,0.010790410000000028,0.13944054000000006,0.009311199999999964,0.14031958,0.014817599999999986,0.17927150000000003,-0.013737329999999992,0.12481995999999995,-0.08807407,-0.00477913000000002,-0.05751311999999997,0.012780070000000032,0.025834225983129403,0.03540032323128425
0.08514353000000002,-0.32275969000000004,0.09059894000000002,-0.33782960000000006,0.07976559,-0.34576128000000006,0.07621561999999998,-0.3491030500000001,0.03868191999999998,-0.3667199500000001,0.05093116000000003,-0.27689595000000006,-0.036468920000000016,-0.28120161000000005,0.050824060000000004,-0.14142448000000007,-0.11887457999999998,-0.14020330000000003,0.047965230000000025,-0.02649025000000005,-0.05432060999999999,-0.017025720000000022,0.028684199999999993,-0.006308450000000021,-0.028684199999999993,0.00630844999999991,0.03843526000000003,0.13360244999999993,-0.014553609999999995,0.18441658999999988,0.04976836000000001,0.2739404499999999,-0.029033599999999993,0.30827258999999996,-0.00010710000000002662,0.13547146999999998,-0.002858829999999979,0.11493423000000003,-0.08240565999999996,0.14099831000000002,0.06455396999999999,0.12317758000000001,0.009751060000000034,0.13991089999999995,0.011333099999999985,0.14033799999999996,0.014130589999999998,0.17810813999999997,-0.014479989999999998,0.12385600000000008,-0.08740008000000005,-0.004305659999999989,-0.057368399999999986,0.012616899999999931,0.02791170308492304,0.0346656747702536
0.08516817500000001,-0.32515747500000003,0.09024363499999999,-0.34012098500000004,0.07978361499999997,-0.34785313500000004,0.07519072500000001,-0.35137159500000004,0.038394804999999976,-0.368262095,0.051218445,-0.279380275,-0.03723232500000001,-0.28310866500000004,0.05027332499999998,-0.14323321500000008,-0.11876878500000002,-0.142107675,0.046301274999999975,-0.028693715000000064,-0.05347342500000002,-0.01814861500000009,0.029273745000000018,-0.006306785000000037,-0.029273745000000018,0.006306784999999926,0.03746703499999998,0.133619885,-0.017743375000000006,0.184063545,0.04816049499999997,0.27105428499999995,-0.031131204999999995,0.305702885,-0.0009451200000000215,0.13614705999999993,-0.003972050000000005,0.11453950000000002,-0.08153646,0.14100099000000005,0.06529536,0.1239590599999999,0.008193289999999964,0.13992667000000003,0.010693459999999988,0.13743439999999996,0.011530370000000012,0.17775676000000007,-0.01338782999999999,0.12163933999999998,-0.08845077000000001,-0.003728390000000026,-0.058547490000000035,0.012613569999999963,0.028126702841353445,0.034404812181763195
0.08581506500000002,-0.3235800999999999,0.09103881500000005,-0.3379498999999999,0.08125296500000001,-0.3463053199999999,0.07583712500000006,-0.34892899999999993,0.04077454500000005,-0.36743567999999993,0.05179559500000003,-0.2777897999999999,-0.03640803499999995,-0.28185925999999994,0.05184250500000004,-0.14354062999999995,-0.11726465499999997,-0.14106489999999994,0.04625009500000005,-0.02845723999999994,-0.05137933499999997,-0.016645599999999927,0.029103165000000042,-0.006154599999999899,-0.029103164999999986,0.00615460000000001,0.03793751500000003,0.13352536000000004,-0.018140984999999943,0.18367325,0.04696026500000006,0.2718233000000001,-0.030402754999999948,0.30641850000000004,4.691000000001111e-05,0.13424916999999997,-0.005592409999999992,0.11508339000000001,-0.08085662000000002,0.14079436,0.06588532,0.12441930000000001,0.00883434999999999,0.13967995999999994,0.009022750000000024,0.13829794000000006,0.010962180000000044,0.17751865,-0.012261770000000005,0.12274525000000003,-0.08820362999999998,-0.004069460000000025,-0.05820633000000003,0.012309199999999909,0.028132276114713896,0.03187596068997602
0.08698802,-0.32335211999999997,0.09285398,-0.33728528999999996,0.08278511,-0.34643126999999996,0.07837046000000003,-0.34748814999999994,0.04341645999999999,-0.3680142599999999,0.05339174000000002,-0.27746751999999997,-0.03378883999999999,-0.28375387999999996,0.05403812000000002,-0.14250091999999992,-0.11381501999999999,-0.1412864199999999,0.047577460000000016,-0.02985711999999996,-0.04736541,-0.017610319999999957,0.028845979999999993,-0.005376079999999894,-0.028845979999999993,0.005376080000000005,0.03664896000000001,0.13611908000000006,-0.016715939999999985,0.18251048000000003,0.04958482000000003,0.2749395800000001,-0.029328140000000003,0.30659148,0.000646380000000002,0.13496660000000005,-0.006460660000000007,0.11264379999999996,-0.08002618,0.14246746000000005,0.06644960999999999,0.12367609999999996,0.007802980000000015,0.14149515999999995,0.012935860000000021,0.1388205,0.012130040000000009,0.17713440000000003,-0.012612200000000018,0.124081,-0.08718058000000001,-0.006286359999999991,-0.05769195999999999,0.0107521599999999,0.030825146592871285,0.029518534389174855
0.08732778499999999,-0.3244120500000001,0.093288955,-0.33838053000000007,0.08346563499999998,-0.3478140500000001,0.07864458499999999,-0.3486858500000001,0.04425768499999999,-0.3699615200000001,0.05261954499999999,-0.2780849800000001,-0.03309563500000001,-0.2844053700000001,0.053406485000000004,-0.14414955000000007,-0.11314365500000001,-0.14280455000000014,0.04673000499999996,-0.031713750000000096,-0.046908265000000005,-0.01875489000000008,0.028286964999999997,-0.005455150000000075,-0.028286964999999997,0.005455149999999964,0.035645804999999975,0.13452724999999988,-0.01757121500000003,0.1823752099999999,0.04845758499999997,0.27135564999999995,-0.029493115000000014,0.3038613899999999,0.0007869400000000137,0.13393543000000002,-0.00667648000000004,0.11243579999999997,-0.08004802,0.14160081999999996,0.06623539,0.12404966000000006,0.007358839999999978,0.13998239999999995,0.012811779999999995,0.13682840000000007,0.010715749999999968,0.17692005999999993,-0.011921899999999985,0.12148618,-0.08571518,-0.006320390000000009,-0.056573929999999995,0.01091030000000004,0.03208831248915405,0.030543065505800205
0.08844869999999999,-0.32471262,0.09449365999999998,-0.33870835,0.08449628999999997,-0.34813724,0.07990473999999997,-0.3486165,0.045214759999999965,-0.36977906,0.05426839,-0.27786584,-0.03233579000000003,-0.28404738,0.054970439999999954,-0.14403409999999994,-0.11141713000000003,-0.14229815,0.04648100999999999,-0.03319136999999994,-0.04585981,-0.018697799999999987,0.028643309999999977,-0.0053579000000000265,-0.028643310000000033,0.0053579000000000265,0.03610325999999997,0.13730070000000005,-0.017961470000000035,0.1846175,0.050239619999999985,0.27151234999999996,-0.028191679999999997,0.30475589999999997,0.0007020499999999541,0.13383174000000003,-0.008489429999999965,0.11084273,-0.07908134,0.14174923,0.06555732000000003,0.12360035000000003,0.007459949999999993,0.14265860000000008,0.014136360000000014,0.1342116499999999,0.010681839999999998,0.17925959999999996,-0.010230209999999962,0.12013839999999998,-0.08660418000000003,-0.006181540000000041,-0.05728662000000001,0.010715800000000053,0.033058820207788664,0.029581828454982282
0.08907617000000001,-0.32327959999999994,0.09507334,-0.3373240599999999,0.08520070000000002,-0.3465823799999999,0.08057225000000001,-0.34763326999999994,0.04622232999999998,-0.36839386999999996,0.05491176999999997,-0.27744614999999995,-0.03131357000000001,-0.28314619999999996,0.05511856999999998,-0.14369619999999994,-0.11084869,-0.14117866999999995,0.045830309999999985,-0.034509799999999924,-0.04496592999999999,-0.01746969999999992,0.02850950000000002,-0.00550692999999991,-0.02850950000000002,0.005506930000000021,0.03616172000000001,0.1384077600000001,-0.017381099999999983,0.18705250000000007,0.05028977000000001,0.2714274000000001,-0.028016829999999993,0.30662670000000003,0.00020680000000000698,0.13374995,-0.009288259999999993,0.10918640000000002,-0.07953511999999999,0.14196753,0.06588276000000001,0.12370897000000003,0.007652219999999987,0.14391469,0.014128050000000003,0.13301964,0.011128400000000038,0.18154557000000004,-0.01063573000000001,0.11957419999999996,-0.08622533999999998,-0.005700050000000012,-0.05701900000000004,0.011013859999999931,0.03378131032528193,0.02826198178652368
0.08979863000000005,-0.32196981,0.09565506000000007,-0.33625418,0.08565724000000002,-0.34517405000000007,0.08119449000000006,-0.34620823000000006,0.04654992000000002,-0.36606825000000004,0.05586523000000004,-0.27485505000000005,-0.030450879999999958,-0.28015188,0.05570832000000003,-0.14258883,-0.11085133999999996,-0.13948793000000004,0.04526097000000007,-0.033270360000000054,-0.04559260999999998,-0.015419630000000017,0.028428790000000037,-0.005407570000000028,-0.02842878999999998,0.005407569999999917,0.036837460000000044,0.13656073999999996,-0.016263329999999965,0.18379586999999997,0.04925106000000007,0.2726227,-0.028391769999999983,0.3072082399999999,-0.0001569100000000101,0.13226622000000005,-0.010447349999999966,0.10931846999999995,-0.08040046,0.14066394999999998,0.06525872999999999,0.12406830000000002,0.008408670000000007,0.14196831,0.012413600000000025,0.13606196000000004,0.012165460000000017,0.17838830000000006,-0.012128440000000018,0.12341236999999994,-0.08631611,-0.005296829999999975,-0.05685758000000002,0.010815139999999945,0.03255237856342456,0.026988311855920096
0.08928499000000001,-0.322104235,0.09492296,-0.336229935,0.08540259,-0.34510160500000003,0.07995409000000003,-0.345400945,0.04644313,-0.365116315,0.054953189999999985,-0.27367509500000003,-0.03095832999999998,-0.278109595,0.054877889999999985,-0.143351675,-0.11175395999999999,-0.13811677499999997,0.043889520000000015,-0.033487875000000056,-0.047162029999999966,-0.013285914999999981,0.028277370000000024,-0.005448624999999985,-0.02827736999999997,0.005448624999999985,0.03608819000000002,0.137922125,-0.017421609999999976,0.18416716499999997,0.04869764999999998,0.273348825,-0.028783210000000004,0.30627246499999994,-7.530000000000037e-05,0.13032342000000002,-0.01098836999999997,0.10986379999999996,-0.08079563000000001,0.13999282000000002,0.06459193000000002,0.12483085999999999,0.007810819999999996,0.14337075,0.012609459999999961,0.1354267,0.010855759999999992,0.17871853999999998,-0.011361600000000027,0.12210529999999997,-0.08591151999999996,-0.004434499999999952,-0.05655473999999999,0.01089724999999997,0.03209265910118705,0.026601003220314806
0.09005496999999996,-0.32112935,0.09562346999999999,-0.33506970999999997,0.08600701,-0.34395185,0.08064827999999996,-0.34394681,0.046897039999999945,-0.36349824,0.05604681999999994,-0.27258241,-0.03020563000000004,-0.27722874,0.057550169999999956,-0.14259926999999994,-0.11110922000000004,-0.13661577000000003,0.04529713999999996,-0.03439707000000003,-0.046836610000000056,-0.010628929999999981,0.028383839999999994,-0.005173270000000008,-0.02838384000000005,0.005173270000000008,0.03700363999999995,0.13769949000000004,-0.01555386000000003,0.18165333000000006,0.049396939999999945,0.27463656999999997,-0.029576500000000006,0.30571527,0.0015033500000000144,0.12998314000000005,-0.012253029999999998,0.10820219999999992,-0.08090359,0.14061296999999995,0.06427260999999998,0.12598684000000004,0.008619799999999955,0.14287276000000004,0.012393299999999996,0.13693707999999993,0.012829980000000019,0.17648006000000005,-0.014022639999999975,0.12406193999999993,-0.08625244999999998,-0.004646329999999976,-0.05676768000000004,0.010346540000000015,0.03376522180187774,0.02429432537678089
0.08915361500000002,-0.31994807999999997,0.09507861500000003,-0.33398363999999997,0.08512398500000001,-0.34311379999999997,0.08064246500000005,-0.34314912999999997,0.04611819500000003,-0.36339172999999997,0.05563348500000004,-0.27165259999999997,-0.030661254999999943,-0.27669663,0.057243135000000056,-0.1421325,-0.11169712499999998,-0.135251,0.04499509500000004,-0.03543085999999995,-0.049108034999999994,-0.0064853999999999745,0.02833661500000001,-0.0049770999999999566,-0.028336614999999954,0.004977100000000068,0.03637573500000002,0.14025929999999998,-0.01698416499999994,0.18319564,0.04879149500000002,0.27689975,-0.02985223499999995,0.30597775000000005,0.001609650000000018,0.12952009999999997,-0.012248040000000016,0.10670164000000004,-0.08103587000000004,0.14144563,0.06258908999999999,0.12876560000000004,0.00803912000000001,0.14523639999999993,0.012415759999999998,0.13664045000000002,0.011352450000000014,0.17821853999999993,-0.01286807000000001,0.12278211000000006,-0.08629473999999998,-0.005044030000000033,-0.05667322999999996,0.009954200000000024,0.03471219460143655,0.023724265954216638
0.08869245500000006,-0.31982295000000005,0.09460381500000004,-0.33387800000000006,0.08477207500000006,-0.34283825000000007,0.08023288500000003,-0.34341993000000004,0.04604399500000006,-0.36324822000000007,0.05591174500000001,-0.2725881500000001,-0.030606684999999967,-0.2767786300000001,0.05791798500000006,-0.1417890100000001,-0.11146694499999996,-0.13409705000000005,0.04471591500000005,-0.03545349000000009,-0.05134210499999997,-0.003445150000000008,0.02842193500000001,-0.0052037500000000625,-0.028421934999999954,0.0052037499999999515,0.03580549500000002,0.1388607099999999,-0.01834502499999996,0.18435954999999993,0.04810973500000004,0.2754666499999999,-0.030366304999999982,0.3075147899999999,0.002006240000000048,0.13079913999999998,-0.01320207000000001,0.10633552000000002,-0.08086025999999999,0.14268158000000003,0.060124839999999985,0.13065190000000004,0.007383560000000011,0.14406445999999995,0.012304240000000022,0.13660594000000004,0.010076909999999994,0.17915579999999998,-0.012021280000000023,0.12315524,-0.08651842999999998,-0.004190479999999996,-0.05684386999999996,0.010407500000000014,0.03435899524590326,0.02449770732209241
0.08775078000000003,-0.31933343500000005,0.09354878999999999,-0.333520105,0.08362319000000001,-0.34231753500000006,0.07916032,-0.34347807500000005,0.04454427,-0.36284725500000004,0.05540309999999998,-0.27295278500000003,-0.03148274000000001,-0.27672503500000006,0.05719708000000001,-0.141038035,-0.11185140999999998,-0.13253683500000002,0.043127760000000015,-0.034268935000000056,-0.05344675999999998,1.1305000000016996e-05,0.028577259999999993,-0.005136265000000084,-0.028577259999999993,0.005136264999999973,0.03451348999999998,0.140017065,-0.01951596,0.18481196499999997,0.046380389999999994,0.27696393499999994,-0.031415460000000006,0.308065935,0.0017939800000000283,0.13191475000000003,-0.014069319999999996,0.10676909999999995,-0.08036866999999998,0.14418820000000004,0.05840465,0.13254814000000004,0.005936229999999987,0.14515333000000008,0.011866900000000014,0.13694686999999994,0.009061299999999994,0.1796757,-0.011899500000000007,0.12325397000000005,-0.08688583999999999,-0.0037722500000000325,-0.057154519999999986,0.010272530000000057,0.032564236695781755,0.025392070519191595
0.08824036999999996,-0.3193578099999999,0.09438544999999998,-0.3333559299999999,0.08426572999999998,-0.3425517299999999,0.08050425,-0.3425733299999999,0.04557428999999996,-0.3630587699999999,0.05660434999999997,-0.2716356299999999,-0.030738520000000047,-0.2766584299999999,0.05878142999999997,-0.13881222999999987,-0.10997967000000003,-0.13128815999999988,0.04357744999999996,-0.03358722999999986,-0.05207272000000002,0.002303170000000132,0.02877362,-0.004861469999999923,-0.02877362,0.004861470000000034,0.03548420999999996,0.1403374100000001,-0.01917831000000003,0.18484683000000013,0.04757986999999997,0.2777293700000001,-0.031160730000000025,0.30936757000000004,0.002177079999999998,0.13282340000000004,-0.015203980000000006,0.10522500000000001,-0.07924114999999998,0.14537027000000002,0.05790695000000001,0.13359133,0.006710589999999961,0.14519888000000003,0.012095660000000008,0.13739195999999998,0.009595309999999968,0.1799853600000001,-0.011982419999999994,0.12452073999999991,-0.08734287000000002,-0.005022799999999994,-0.05754724,0.009722939999999958,0.03231598165376529,0.023439133083371498
0.08775124499999998,-0.32028233999999994,0.09367711499999998,-0.33449360999999994,0.08360911500000001,-0.34325326999999994,0.07965357499999998,-0.34365646999999994,0.044982595000000014,-0.36302589999999996,0.056478994999999976,-0.27230590999999993,-0.030808194999999983,-0.2765635699999999,0.05792504500000001,-0.1392804099999999,-0.110113885,-0.13110771999999993,0.042634265000000005,-0.03461037,-0.05225975500000002,0.0018495300000000992,0.02877597500000001,-0.004836829999999903,-0.02877597500000001,0.004836830000000014,0.034303745,0.1415202900000001,-0.019684054999999978,0.18486330000000006,0.04678694499999997,0.2794368300000001,-0.031034055000000005,0.3098249700000001,0.001446050000000032,0.13302550000000002,-0.015290780000000004,0.10467003999999991,-0.07930569000000001,0.14545585,0.057854129999999976,0.13295725000000003,0.005527769999999987,0.14635712,0.012483199999999972,0.13791653999999998,0.009091920000000031,0.18002647000000005,-0.011350000000000027,0.12496167000000002,-0.08728718999999996,-0.0042576599999999964,-0.05755195000000002,0.009673659999999917,0.03284076561007227,0.023673020178642184
0.08873963500000004,-0.32184971000000007,0.09462425500000005,-0.33654225000000004,0.08389431500000005,-0.34478295000000003,0.08072137500000004,-0.3458483500000001,0.04438081500000002,-0.36377738000000004,0.057573225000000006,-0.27387620000000007,-0.030553304999999975,-0.27697498000000004,0.05791813500000004,-0.13981775000000007,-0.10883823499999998,-0.1310170100000001,0.04106699500000005,-0.03591685000000011,-0.049897204999999945,0.0024937499999999613,0.029152275000000005,-0.005164750000000051,-0.02915227499999995,0.00516474999999994,0.03405544500000002,0.13915614999999992,-0.019405364999999952,0.18479744999999992,0.046449545000000036,0.2766848999999999,-0.031044784999999964,0.30978275,0.0003449100000000316,0.13405845,-0.016851139999999987,0.10390089999999996,-0.07828493,0.14595796999999994,0.05894103000000003,0.13351076000000006,0.004903170000000012,0.14432089999999997,0.012394100000000019,0.13752874999999998,0.009746909999999998,0.17963269999999998,-0.011639420000000011,0.12498530000000008,-0.08812652999999998,-0.0030987799999999677,-0.058304549999999955,0.010329499999999991,0.032979572572857954,0.020916174643201363
0.08794070999999998,-0.32169264,0.09379415000000002,-0.33681458,0.08276229000000002,-0.34476453999999995,0.07998039000000001,-0.34593349999999995,0.042932320000000024,-0.36312421999999994,0.05652860999999998,-0.27261769999999996,-0.030997249999999976,-0.27485783999999996,0.056569250000000015,-0.14000596999999992,-0.10948532999999999,-0.13018993999999995,0.04091835999999999,-0.03488603999999995,-0.05055792999999997,0.0035910600000000903,0.028872149999999985,-0.005406409999999973,-0.028872149999999985,0.005406410000000084,0.033427490000000004,0.13879206,-0.01989643000000002,0.1853540600000001,0.045615689999999987,0.27640756,-0.03140058000000001,0.3101703600000001,4.06400000000362e-05,0.13261173000000004,-0.01565089000000003,0.10511992999999997,-0.07848808000000002,0.14466790000000002,0.05892740000000002,0.13378100000000004,0.004555340000000019,0.14419846999999997,0.012188199999999982,0.1376155,0.008975719999999965,0.17994765000000001,-0.01150414999999999,0.12481629999999999,-0.08752585999999996,-0.0022401400000000016,-0.05774429999999997,0.010812820000000056,0.03184587509083396,0.021761630219974317
0.08707691499999998,-0.32283255,0.09296155500000003,-0.33775738,0.08229195500000003,-0.34590181000000003,0.07907225499999998,-0.34721777000000004,0.04286841499999999,-0.36497143000000004,0.055785854999999995,-0.27445611000000003,-0.03171248500000001,-0.27648085,0.05659772499999999,-0.14188351,-0.110100015,-0.13108731000000007,0.04166905500000001,-0.03660755999999998,-0.050836875000000004,0.001540129999999973,0.028847084999999995,-0.00547445000000002,-0.028847084999999995,0.00547445000000002,0.03313113499999998,0.13919335999999993,-0.020866264999999995,0.18608254000000002,0.044794055,0.27560162999999993,-0.031596915,0.30907154000000003,0.0008118699999999923,0.13257260000000004,-0.014928669999999977,0.10527595000000001,-0.07838752999999998,0.14539353999999993,0.05926313999999999,0.13262744000000004,0.004284049999999984,0.14466780999999995,0.011662920000000021,0.13640827,0.00798082,0.18060809,-0.010730650000000008,0.12298900000000001,-0.08749834000000001,-0.0020247399999999693,-0.05769416999999999,0.01094890000000004,0.03367006761135175,0.02233897352401181
0.08645445000000002,-0.3237603600000001,0.09179128000000003,-0.33768693000000005,0.08125558,-0.34499773000000006,0.07864844999999998,-0.34795418000000006,0.04102230000000001,-0.3645751300000001,0.05421638000000001,-0.27431211000000005,-0.03182328000000001,-0.2764286100000001,0.059683240000000026,-0.1408762600000001,-0.10932802,-0.13127083000000006,0.04009427999999998,-0.03424363000000008,-0.05073884000000001,0.00022426999999991537,0.02760568000000002,-0.006627530000000048,-0.02760568000000002,0.006627529999999937,0.03511721000000001,0.13858231999999993,-0.020352959999999976,0.19391406999999994,0.04787933999999999,0.2820496699999999,-0.03538104999999997,0.31310346999999994,0.005466860000000018,0.13343584999999997,-0.019588960000000044,0.10663263,-0.07750473999999999,0.14515778000000001,0.05858917999999999,0.13149509999999998,0.0075115299999999885,0.14520984999999997,0.012762129999999983,0.14346735,0.007252720000000046,0.18728654,-0.015028089999999994,0.1191894,-0.08603966000000002,-0.002116500000000021,-0.05521136000000004,0.013255059999999985,0.030308647432209852,0.024003017106463923
0.086657455,-0.3239661200000001,0.09245784500000004,-0.33918652000000005,0.08179030500000001,-0.34711459000000006,0.07877184500000001,-0.34849572000000006,0.04256068499999999,-0.36581742000000006,0.05575834499999999,-0.27403282000000007,-0.03140206499999998,-0.2766460700000001,0.057005185000000014,-0.14156552,-0.111054405,-0.13258838000000006,0.04264600499999999,-0.03706615000000002,-0.051351714999999964,4.347999999998464e-05,0.028662754999999984,-0.0052983200000000785,-0.028662754999999984,0.0052983199999999675,0.03266002500000004,0.13895177999999997,-0.02112235499999998,0.18504277999999996,0.044053184999999995,0.27471292999999997,-0.03317282499999996,0.30713141999999993,0.0012468400000000268,0.13246730000000007,-0.014359180000000027,0.10449936999999998,-0.07965234000000002,0.14405769000000002,0.05970269000000003,0.13263186000000005,0.003997270000000053,0.14425010000000005,0.011393159999999958,0.13576115,0.007540400000000003,0.17974446,-0.01205046999999998,0.12208863999999997,-0.08716040999999997,-0.0026132500000000114,-0.05732550999999997,0.010596640000000046,0.03470916742694063,0.02328953089495791
0.08537183999999998,-0.323247785,0.09101418999999994,-0.338193855,0.08112592999999996,-0.346343835,0.07697487999999997,-0.347604825,0.04249740999999996,-0.365559325,0.05418337999999995,-0.27354635499999996,-0.03207239000000006,-0.27609908499999997,0.05601257999999998,-0.14110088499999995,-0.11287631000000004,-0.13247618500000002,0.04091645999999999,-0.037218885000000035,-0.052985240000000045,-0.0009152849999999324,0.028321549999999973,-0.005458784999999966,-0.02832155000000003,0.005458784999999966,0.03180552999999997,0.13798391500000007,-0.022525390000000034,0.18605911500000005,0.04240805999999997,0.274329315,-0.035215810000000014,0.308794515,0.0018292000000000308,0.13244547,-0.01509611999999999,0.10388199999999992,-0.08080391999999997,0.14362289999999994,0.05989106999999999,0.1315609000000001,0.0034839799999999976,0.14344270000000003,0.010602529999999999,0.13634539999999995,0.005796159999999995,0.1806003300000001,-0.01269041999999998,0.12273539999999994,-0.08625577000000001,-0.002552730000000003,-0.0566431,0.010917569999999932,0.03416629493986881,0.025474033304151104
0.08636638000000002,-0.3222774,0.09207921000000002,-0.3372156,0.08209671000000002,-0.34551692,0.07812203000000001,-0.34638613,0.043505740000000015,-0.3646511,0.05533613000000004,-0.27203336,-0.03127385999999999,-0.27545684,0.05689468000000003,-0.13864182999999997,-0.11209468999999997,-0.13092106000000003,0.04076658000000005,-0.03630173000000003,-0.05095461999999995,-0.00013697000000001402,0.028447640000000052,-0.005089299999999963,-0.028447639999999996,0.005089299999999963,0.03184701000000001,0.14128052999999996,-0.02228371999999995,0.18663129999999994,0.044078240000000046,0.2764563,-0.03425511999999997,0.30904909999999997,0.0015585499999999919,0.13339153000000004,-0.01612809999999998,0.10234009999999993,-0.08082082999999998,0.14453577999999995,0.06114007000000002,0.13078409000000002,0.003399369999999957,0.14636982999999992,0.012231230000000037,0.13517577000000003,0.006163920000000045,0.18154199999999998,-0.011971400000000021,0.12241780000000002,-0.08660999000000003,-0.0034234799999999788,-0.05689528000000005,0.010178599999999927,0.03355550728611481,0.023105801151081035
0.08676657499999996,-0.32134569,0.09184354499999997,-0.33507621,0.08220505499999997,-0.34274249,0.07808160499999994,-0.34454529,0.04244697499999994,-0.36218032,0.053458484999999945,-0.26982623,-0.031255995000000036,-0.27306345,0.060404544999999976,-0.13770338999999998,-0.11066279500000004,-0.13009199000000005,0.03855258499999997,-0.03469095,-0.04999459500000003,-0.000722739999999944,0.026994854999999984,-0.00647213999999996,-0.02699485500000004,0.00647213999999996,0.03364050499999999,0.13944111000000003,-0.02106413500000004,0.19539890999999998,0.04734030499999997,0.28430358,-0.03718581500000001,0.31526491,0.006946060000000032,0.13212284000000002,-0.021851960000000004,0.10301243999999998,-0.0794068,0.14297145999999994,0.060668200000000005,0.1293692500000001,0.006645650000000003,0.14591325,0.013699799999999984,0.14486246999999997,0.0059307200000000004,0.18892677000000002,-0.01612167999999997,0.11986600000000003,-0.08471447999999998,-0.003237219999999985,-0.053989710000000024,0.01294427999999992,0.030493972528501462,0.024098845164903612
0.08677385500000001,-0.32250039999999996,0.09181086500000002,-0.33618519999999996,0.08232219500000004,-0.3436600799999999,0.07794401500000003,-0.34590752999999996,0.04283011500000006,-0.36313329999999994,0.05344863500000002,-0.27196999999999993,-0.03132312499999995,-0.27430151999999997,0.05993161500000005,-0.13985139999999996,-0.11124155499999996,-0.13118915999999992,0.03727863500000006,-0.03588293999999992,-0.04909272499999995,-0.0030871999999999566,0.027079745000000044,-0.006724899999999923,-0.02707974499999999,0.006724900000000034,0.03359363500000001,0.13846730000000007,-0.021091184999999957,0.1955156,0.04721815500000004,0.28325940000000005,-0.037485524999999964,0.31410230000000006,0.006482980000000027,0.13211859999999997,-0.02265297999999999,0.10396846000000004,-0.07991843000000001,0.14311236000000005,0.062148830000000016,0.12810195999999996,0.006513889999999967,0.1451922,0.013624520000000029,0.14479209999999998,0.005988560000000032,0.18879069999999998,-0.016394340000000007,0.11858670000000004,-0.08477175999999997,-0.0023315200000000313,-0.05415949000000003,0.013449799999999956,0.030890267947586664,0.024100800710565574
0.08700576999999998,-0.32184303,0.09186873000000001,-0.33583508999999995,0.08234868000000001,-0.34310224999999994,0.07787830000000001,-0.34625154999999996,0.042426169999999985,-0.36286273999999996,0.05339092000000001,-0.27221610999999996,-0.03131473000000001,-0.27398663999999995,0.059508249999999985,-0.13987925999999995,-0.11120632000000003,-0.13068988999999998,0.036142850000000004,-0.036275489999999966,-0.04679555000000002,-0.004437119999999961,0.027059200000000005,-0.006815640000000012,-0.027059200000000005,0.006815640000000012,0.03307234999999997,0.13944498000000005,-0.0216074,0.19621624999999998,0.04716440999999999,0.28352454000000005,-0.037602899999999995,0.31458631000000004,0.006117329999999976,0.13233685,-0.02336539999999998,0.10360376999999998,-0.07989159000000001,0.14329674999999997,0.06441077,0.12625277000000001,0.006013149999999967,0.14626062000000006,0.014092060000000017,0.14407956,0.005451800000000007,0.18940060999999997,-0.015995499999999996,0.11837006000000005,-0.08470565000000002,-0.0017705299999999924,-0.05411840000000001,0.013631280000000023,0.030828484545059903,0.02271889343564294
0.08787218499999999,-0.32123756,0.09263221500000002,-0.33539565,0.08290237500000003,-0.34249772999999994,0.07853865500000001,-0.34592644999999994,0.04243818500000002,-0.36189942999999997,0.05376983499999999,-0.27206292,-0.030660204999999996,-0.27340894,0.058947315,-0.14113243999999991,-0.110992545,-0.13146227,0.034787915,-0.03703256999999993,-0.04587698499999998,-0.0034848699999999733,0.027027754999999987,-0.006843370000000015,-0.027027754999999987,0.006843370000000015,0.03229156500000002,0.13960683000000007,-0.02151712499999997,0.19617883000000003,0.046888655,0.28397737,-0.038694055000000005,0.31516383000000003,0.005177480000000012,0.13093048000000007,-0.024159399999999998,0.10409986999999998,-0.08033234,0.14194667,0.06511556000000002,0.12797740000000002,0.005263810000000035,0.14645020000000009,0.01459708999999998,0.14437053999999994,0.005510630000000016,0.18933546,-0.017176930000000035,0.11898500000000001,-0.08443003999999998,-0.0013460200000000033,-0.05405550999999997,0.01368674000000003,0.03117062527229114,0.02149339463859768
0.08898748500000003,-0.32262900499999997,0.09391860500000004,-0.337015935,0.08389954500000002,-0.344110105,0.08004500500000006,-0.347854345,0.04335607500000005,-0.363837515,0.05481846500000004,-0.273517825,-0.02981477499999996,-0.27492991499999997,0.05920220500000006,-0.141966225,-0.11032843499999995,-0.132299375,0.03410602500000004,-0.03747987499999994,-0.04616080499999997,-0.0031682250000000245,0.02708639500000004,-0.006811924999999941,-0.027086394999999985,0.006811925000000052,0.03270460500000005,0.13883375500000006,-0.021131774999999964,0.19550592499999997,0.047078865000000025,0.281974195,-0.03781877499999997,0.313719925,0.004383740000000025,0.1315516,-0.025096180000000023,0.10448635000000006,-0.08051365999999999,0.14263053999999997,0.06416762999999998,0.12913114999999997,0.005618210000000012,0.14564568,0.014374259999999972,0.14314043999999992,0.0059546200000000216,0.18869399999999992,-0.016687000000000007,0.11821400000000004,-0.08463324,-0.001412089999999977,-0.054172790000000026,0.013623849999999993,0.03146106105234533,0.021527575592030817
0.08811581499999999,-0.320576635,0.093201635,-0.334585415,0.083060205,-0.34196125499999996,0.07949003500000001,-0.345061955,0.04233122500000003,-0.361857135,0.054407925000000024,-0.271073395,-0.030812795000000004,-0.274217535,0.058728995000000006,-0.13825511499999998,-0.11038714499999999,-0.13140418499999995,0.031618444999999995,-0.034411615000000007,-0.04931595500000002,-0.0008587449999999386,0.027368545000000022,-0.006054484999999943,-0.027368545000000022,0.006054485000000054,0.03269767499999998,0.14407448499999997,-0.021088304999999974,0.19569513500000002,0.04685119500000001,0.289319985,-0.038056845000000006,0.314937625,0.004321069999999982,0.13281828,-0.02711055000000001,0.10384349999999998,-0.07957434999999999,0.14281335000000006,0.06107118999999997,0.13054544,0.00532912999999996,0.15012896999999992,0.01415352000000003,0.14524550000000003,0.006280240000000048,0.18964064999999997,-0.016968540000000032,0.11924248999999998,-0.08522072000000003,-0.0031441400000000175,-0.054737090000000044,0.012108969999999997,0.028673829040553746,0.023010466199992557
0.08951828500000003,-0.3199475,0.09504688500000003,-0.33473296999999996,0.084664705,-0.34369387,0.08130947500000002,-0.34380601,0.04560017500000002,-0.36330017,0.05873740500000002,-0.26773587,-0.028525474999999967,-0.27407412,0.058172765000000015,-0.13574956999999999,-0.10986803499999998,-0.13051866999999995,0.034713245000000004,-0.03337972,-0.048074475000000005,-0.0005681399999999392,0.028968274999999988,-0.0033772699999999878,-0.028968274999999988,0.0033772699999999878,0.038732655000000005,0.15504742999999999,-0.02007430499999996,0.18519083000000003,0.038137825000000014,0.27862199,-0.041159504999999985,0.29839993,-0.0005646400000000051,0.1319863,-0.02345952000000001,0.10236984999999998,-0.08134256000000001,0.14355545000000003,0.06179355999999997,0.12995053,0.009764380000000017,0.15842469999999997,-0.0005948299999999906,0.12357456,0.008893970000000029,0.18181356000000004,-0.021085200000000026,0.11320909999999995,-0.08726287999999999,-0.00633824999999999,-0.057936549999999976,0.0067545399999999756,0.03054753159100422,0.019509309021800342
0.08878938999999997,-0.31914171,0.09308711999999997,-0.33302977000000006,0.08390981999999997,-0.33990421000000004,0.07816849999999997,-0.34423645,0.04302648999999997,-0.35955482000000005,0.054053049999999936,-0.27217459000000005,-0.030608130000000067,-0.27329267000000007,0.05821413999999997,-0.1394781100000001,-0.11041760000000003,-0.13035812000000002,0.03108103999999995,-0.035507570000000044,-0.048556820000000056,-0.0010341700000000564,0.027266159999999984,-0.006510930000000026,-0.02726616000000004,0.006510929999999915,0.03239057999999995,0.1435432299999999,-0.021385650000000034,0.19683973,0.046474979999999944,0.28915393,-0.03816488000000001,0.31630972999999996,0.004161090000000034,0.13269647999999995,-0.02713310000000002,0.10397054000000006,-0.07980946999999997,0.14293455000000005,0.061860779999999976,0.12932394999999997,0.005124419999999963,0.15005415999999994,0.014084399999999997,0.1456107000000001,0.0058805100000000055,0.19032880000000008,-0.01677922999999998,0.11946999999999997,-0.08466118,-0.0011180800000000213,-0.05453232000000002,0.01302185999999994,0.02924651159888989,0.022588066257331556
0.08860636,-0.31783481999999996,0.09287143999999997,-0.33174349999999997,0.08367059999999998,-0.33840529999999996,0.07807428999999999,-0.34319196999999996,0.042944559999999965,-0.3580277499999999,0.05426381999999996,-0.27172021999999996,-0.030679000000000012,-0.27232959999999995,0.057670099999999946,-0.13917334999999997,-0.11088435000000002,-0.1294768999999999,0.03012157999999998,-0.03451179999999998,-0.04712670000000002,-0.0011367399999999694,0.027369479999999946,-0.006637799999999916,-0.02736948,0.006637800000000027,0.03206325999999998,0.14289790000000002,-0.021506840000000027,0.1966139,0.04527325999999998,0.2896641000000001,-0.03890897000000004,0.31753830000000005,0.0034062799999999838,0.13254686999999998,-0.027548519999999965,0.10466154999999999,-0.08020535000000001,0.14285270000000005,0.06375765,0.12834015999999993,0.004693780000000036,0.14953569999999994,0.01321,0.14676620000000007,0.0058626399999999745,0.18997609999999998,-0.017402130000000016,0.12092440000000004,-0.08494281999999997,-0.0006093799999999927,-0.05473895999999995,0.013275599999999943,0.028009532848835658,0.021231844346170228
0.08921931,-0.3166226199999999,0.09337382999999999,-0.33054536999999995,0.08422142999999999,-0.3372187199999999,0.07844710999999999,-0.3418950499999999,0.043352610000000014,-0.35665411999999996,0.05469679999999999,-0.27025798999999995,-0.03024642999999999,-0.27083158999999996,0.05834423,-0.1381645199999999,-0.11035647000000001,-0.12854591999999998,0.03070470999999997,-0.03270247999999998,-0.04648399000000003,-0.001087159999999976,0.02732562999999999,-0.006679319999999933,-0.02732562999999999,0.006679320000000044,0.03297340999999998,0.1418479800000001,-0.020523840000000015,0.19578042000000007,0.04548492999999998,0.2894373200000001,-0.038420730000000014,0.31871208000000006,0.003647430000000007,0.13209347000000005,-0.02763952000000003,0.10546203999999992,-0.08011004000000002,0.14228566999999998,0.06387247999999998,0.12745876,0.005647779999999991,0.14852730000000003,0.012511519999999998,0.14758934,0.006801789999999974,0.18910110000000002,-0.01789689,0.12293166,-0.08494322999999998,-0.0005736000000000074,-0.05465125999999998,0.013358639999999977,0.02624162796078022,0.020672710743393132
0.08982474999999995,-0.31695383499999996,0.09395503,-0.33100537499999994,0.08475006999999996,-0.33755137499999993,0.07899720999999998,-0.34245014499999993,0.04383935,-0.35688075499999994,0.055194279999999984,-0.27063992499999995,-0.029718650000000013,-0.27090841499999996,0.059034529999999974,-0.13889237499999996,-0.10996741000000002,-0.12923592499999992,0.03177262999999997,-0.03363627499999999,-0.046420970000000006,-0.0030009749999999613,0.027276409999999973,-0.0067784749999999505,-0.02727641000000003,0.0067784750000000615,0.033238009999999985,0.14132742500000006,-0.020066070000000047,0.19597252500000006,0.04579050999999995,0.2881616950000001,-0.03767971000000003,0.31818282500000006,0.0038402499999999895,0.13174755,-0.027261900000000006,0.10525609999999996,-0.08024876,0.14167249000000004,0.06354644000000001,0.12623494999999996,0.005961600000000011,0.1481059,0.012552499999999966,0.14683427000000004,0.007210339999999982,0.18919405,-0.017613639999999986,0.1222103,-0.08491293,-0.0002684900000000101,-0.05455282,0.013556950000000012,0.027231551831072762,0.021497716620518085
0.09089551000000001,-0.31878170999999994,0.09487337000000001,-0.33295548999999997,0.08584473000000004,-0.33935216999999995,0.07955048000000003,-0.34485314999999994,0.04479108000000004,-0.35889557999999994,0.05536041000000003,-0.27331284999999994,-0.029226539999999968,-0.27284244999999996,0.05944518000000004,-0.1412778899999999,-0.10989349999999998,-0.13080528999999996,0.03412137000000004,-0.03517261999999999,-0.04460246999999995,-0.005866349999999909,0.02714103000000001,-0.007106249999999981,-0.027141029999999955,0.007106250000000092,0.03331980000000001,0.13913669000000006,-0.01954402999999999,0.1955579500000001,0.04626563000000006,0.2853509500000001,-0.03665094999999996,0.31617435000000005,0.004084770000000015,0.13203496000000003,-0.025323810000000002,0.10610526999999992,-0.08066696000000001,0.14203716,0.06529103000000003,0.12493894000000005,0.00617877,0.14624294000000004,0.012945830000000047,0.14621426000000004,0.007596999999999965,0.1884517,-0.01710691999999997,0.12061639999999996,-0.08458695,0.00047039999999998194,-0.054282059999999965,0.014212500000000072,0.028921380871121987,0.021752936299120628
0.09013439999999995,-0.31845348999999995,0.09443359999999995,-0.33273898999999996,0.08505563999999999,-0.33917706999999997,0.07971243999999994,-0.34458205,0.04442537999999996,-0.3589223899999999,0.05494819999999995,-0.27276596,-0.029033650000000022,-0.27297069999999996,0.058939649999999955,-0.14014395999999996,-0.11035960000000003,-0.1310449199999999,0.03626741999999994,-0.03503349,-0.045583470000000015,-0.006144249999999962,0.026913419999999966,-0.007106520000000005,-0.02691342000000002,0.007106520000000005,0.03305811999999997,0.13813183000000007,-0.01936625000000003,0.19569538000000009,0.04617262999999994,0.28432403000000006,-0.03743050000000003,0.31642208000000005,0.0039914500000000075,0.13262200000000002,-0.022672230000000015,0.10511046999999996,-0.08132595000000001,0.14192578000000006,0.06477613000000002,0.12490066999999994,0.006144700000000003,0.14523835000000007,0.013114509999999968,0.1461922,0.007547169999999992,0.18858886000000008,-0.018064250000000004,0.12072669999999996,-0.08398184999999997,-0.00020473999999998105,-0.05382683999999999,0.01421304000000001,0.02945187548155294,0.022894402647708433
0.08975764000000003,-0.32247836,0.09418488000000003,-0.33677298,0.08464677999999998,-0.34322125,0.07960053,-0.34853066,0.044282580000000016,-0.36290068,0.05482133,-0.27635188,-0.029092220000000002,-0.27674872,0.058535380000000026,-0.14396547999999998,-0.11061897000000001,-0.13543267999999997,0.03847740999999999,-0.03795404000000002,-0.04651751999999998,-0.011177879999999973,0.026941920000000008,-0.0070685200000000226,-0.026941920000000008,0.0070685200000000226,0.03240152000000002,0.13723646999999994,-0.02039582000000001,0.19460886,0.046185010000000026,0.28116151999999994,-0.037495469999999975,0.31272232,0.0037140500000000243,0.13238640000000002,-0.020057970000000036,0.10601143999999996,-0.08152675000000001,0.14131604000000003,0.06410145000000003,0.1242548,0.005459600000000009,0.14430498999999997,0.01378349000000001,0.14392505,0.006546099999999999,0.18754033999999997,-0.017099649999999966,0.11811346,-0.08391355,-0.0003968400000000094,-0.053883840000000016,0.014137040000000045,0.03296942333754868,0.02676070306101838
0.08958850499999998,-0.32155320000000004,0.09423629500000003,-0.33599258000000004,0.08431642499999997,-0.34251765,0.080061985,-0.34766133000000005,0.043866055000000015,-0.36230765000000004,0.054760295000000014,-0.27506352,-0.029318025000000025,-0.27572890000000005,0.05814085499999999,-0.14303085999999998,-0.110478935,-0.13434515000000002,0.04028974499999999,-0.036139299999999985,-0.04477037499999997,-0.01114179999999998,0.026943724999999974,-0.0071278000000000175,-0.026943724999999974,0.0071278000000000175,0.03299118499999998,0.13765032999999993,-0.019765425000000003,0.1951193,0.04664309500000002,0.2817383,-0.03637610499999999,0.31402589999999997,0.003380559999999977,0.13203266000000002,-0.017851110000000003,0.10689156,-0.08116090999999998,0.14138375000000003,0.06570856000000003,0.12320335000000004,0.0060474600000000045,0.14477812999999995,0.013651910000000045,0.14408797000000007,0.007178299999999971,0.18799149999999998,-0.01661067999999999,0.11890659999999997,-0.08407832000000004,-0.0006653800000000487,-0.05388744999999995,0.014255600000000035,0.03193404738034937,0.025525824852147286
0.08892778000000001,-0.32308237500000003,0.09373343,-0.337578635,0.08351910000000001,-0.344240205,0.07982266000000005,-0.34871222500000004,0.04285458000000003,-0.363669525,0.05461978000000001,-0.275130555,-0.030282319999999974,-0.275924275,0.05775585999999999,-0.14412167500000006,-0.11089511999999999,-0.13521431500000003,0.040132820000000013,-0.037045875000000006,-0.04400575000000001,-0.013057034999999995,0.027253899999999998,-0.007154925000000034,-0.027253899999999998,0.007154925000000034,0.033066380000000006,0.136831355,-0.021194519999999994,0.194449125,0.04633436000000002,0.28047437499999994,-0.037325499999999956,0.313213125,0.0031360799999999855,0.13100887999999994,-0.01762303999999998,0.10707580000000005,-0.08061280000000001,0.14070995999999997,0.06688936999999998,0.12215728000000003,0.005812480000000009,0.14398628000000002,0.013267980000000013,0.14364301999999995,0.006059380000000003,0.18729419999999997,-0.01613097999999996,0.11876399999999998,-0.08490209999999998,-0.0007937199999999978,-0.054507799999999995,0.014309850000000068,0.03254743418871753,0.026251624815696678
0.08907299499999999,-0.32217056,0.09370403499999996,-0.33627517,0.08400460499999995,-0.34329984,0.07944222499999998,-0.34637634,0.043806034999999965,-0.36220375,0.054754844999999996,-0.2722054,-0.029995535000000018,-0.27424688,0.05868726499999999,-0.14193999999999996,-0.11059393500000003,-0.1338064,0.04036486499999997,-0.03596416999999996,-0.04260063500000005,-0.012687400000000015,0.027158864999999976,-0.006763700000000039,-0.027158865000000032,0.006763700000000039,0.03360371499999998,0.13968875000000003,-0.020230565000000034,0.19470515,0.04683398499999997,0.28299589999999997,-0.037041035000000055,0.3149881,0.003932419999999992,0.13026540000000003,-0.018322400000000016,0.10597583,-0.08059840000000001,0.14044048000000003,0.06799329999999998,0.12111899999999998,0.006444850000000002,0.14645245000000007,0.013230269999999988,0.14330714999999994,0.006928299999999998,0.18794144999999995,-0.016810470000000022,0.12028295,-0.08475038000000001,-0.00204148000000004,-0.05431773000000001,0.013527400000000078,0.032047868637725276,0.02483532870615774
0.08684425000000001,-0.32105852000000007,0.09164174000000003,-0.33495689000000006,0.08183368000000002,-0.3423192500000001,0.07772425999999999,-0.34511035000000007,0.041724399999999995,-0.3618706300000001,0.05300300000000002,-0.27140335000000004,-0.03211982000000002,-0.27438823000000007,0.056207249999999986,-0.1402405900000001,-0.11292854,-0.1320488500000001,0.03827311,-0.0351145100000001,-0.04162157999999999,-0.013468350000000018,0.02732496000000001,-0.006475450000000049,-0.02732496000000001,0.006475449999999938,0.03245310000000001,0.1434681499999999,-0.02123451999999998,0.1953695499999999,0.04576908000000002,0.28625608999999996,-0.03852262000000001,0.31549264999999993,0.003204249999999964,0.13116275999999993,-0.017934139999999987,0.10512608000000001,-0.08080871999999997,0.14233937999999996,0.07130696,0.11858050000000009,0.005128140000000003,0.14994359999999995,0.013315980000000005,0.14278794000000006,0.00609044000000003,0.18889409999999995,-0.01728810000000003,0.12012310000000004,-0.08512282000000004,-0.002984880000000023,-0.05464992000000002,0.012950899999999987,0.030660361154202058,0.024538714348237515
0.08673524999999993,-0.32107207500000007,0.09172918999999996,-0.33542779500000003,0.08136528999999992,-0.34259882500000005,0.07838361999999993,-0.34621715500000005,0.04094519999999996,-0.36256733500000005,0.05305337999999993,-0.27150503500000006,-0.03186205000000003,-0.274626495,0.05588495999999993,-0.14035897500000005,-0.11303087000000006,-0.13315477500000006,0.03850498999999996,-0.03458667500000001,-0.040781110000000065,-0.014734035000000034,0.027227579999999973,-0.00645822500000004,-0.02722758000000003,0.006458224999999929,0.03270619999999996,0.14387642499999997,-0.021136700000000064,0.1954885249999999,0.045817919999999956,0.286726425,-0.03933578000000004,0.31586092499999996,0.00283158,0.13114606,-0.017379969999999967,0.10577230000000004,-0.08116882000000003,0.14147171999999997,0.07224976,0.11842074000000002,0.00547861999999999,0.15033465000000001,0.013111719999999993,0.14285000000000003,0.006090879999999965,0.18903029999999998,-0.01819907999999998,0.12037240000000005,-0.08491542999999996,-0.003121459999999965,-0.05445516,0.012916449999999968,0.03030494474026637,0.02515571623644414
0.086056925,-0.32343836,0.09100172499999998,-0.33760621999999996,0.080695515,-0.34490169,0.07759216499999999,-0.34795773999999996,0.04041043499999997,-0.36454308999999996,0.05255800500000002,-0.2730606,-0.032194585,-0.27690622,0.05523485499999997,-0.14127466999999994,-0.11307025500000001,-0.13511578000000002,0.03955424499999999,-0.03619436999999992,-0.04166346500000001,-0.016610819999999915,0.027267315000000014,-0.0062586199999999925,-0.027267315000000014,0.0062586199999999925,0.03185633500000001,0.14433247999999999,-0.02179958500000001,0.19504763000000003,0.04551175499999999,0.28565138,-0.040174595000000035,0.31486358000000003,0.002676849999999953,0.13178593000000005,-0.015680609999999984,0.10508030000000002,-0.08087567000000001,0.14179043999999996,0.07140679,0.1185049600000001,0.004589019999999999,0.15059109999999998,0.013655419999999974,0.14131890000000003,0.005467730000000004,0.18878901000000003,-0.018375010000000025,0.11981595,-0.08475259000000002,-0.003845619999999994,-0.05453463000000003,0.012517239999999985,0.03235919926214793,0.027023331044415965
0.08573368999999997,-0.32247328999999997,0.09076774999999998,-0.33647881999999996,0.08047330999999996,-0.34410443999999996,0.07735652999999998,-0.34648872,0.040048519999999976,-0.36386374,0.052414269999999985,-0.27158321999999996,-0.03279662999999999,-0.27589455999999996,0.05671165,-0.14021781999999994,-0.11265707,-0.13452171999999996,0.04021144999999998,-0.03532181999999995,-0.04055603000000002,-0.016058059999999985,0.02735949999999998,-0.006239319999999937,-0.027359500000000037,0.006239320000000048,0.032068319999999984,0.14347208,-0.021688750000000034,0.19493508000000004,0.045445179999999974,0.28627392000000007,-0.04003994999999999,0.31599858000000003,0.004297380000000017,0.13136540000000002,-0.01650020000000002,0.10489599999999999,-0.07986044,0.14137284,0.07210103999999998,0.11846365999999997,0.0047088200000000024,0.14971139999999994,0.01337685999999999,0.14280184000000007,0.005670750000000002,0.18869576,-0.018351199999999956,0.12106349999999999,-0.08521089999999998,-0.004311339999999997,-0.05471900000000002,0.012478639999999985,0.03179566676533928,0.025909873772469463
0.084881125,-0.32399679000000003,0.08984905499999996,-0.3379227,0.079753935,-0.34552292,0.07647949500000001,-0.34812415,0.039819634999999964,-0.36550845,0.05215788499999996,-0.27300362,-0.03284716500000001,-0.27787892000000003,0.05684625499999996,-0.13956005000000005,-0.11209419500000001,-0.13487985000000002,0.04040475499999996,-0.03507165000000001,-0.039394244999999994,-0.017154699999999967,0.02733111499999996,-0.005967449999999985,-0.027331115000000017,0.005967449999999985,0.03209457499999996,0.14520515,-0.02156754500000002,0.19458715000000004,0.04572791500000001,0.28743969,-0.039867545000000004,0.31544541000000004,0.004688369999999997,0.13344356999999996,-0.016441499999999998,0.10448840000000004,-0.07924703,0.14299907,0.07269995000000001,0.11772515000000006,0.004763459999999997,0.1511726,0.01363334000000005,0.14223454000000002,0.005763569999999996,0.18861970000000006,-0.018299999999999983,0.12085826,-0.08500504999999997,-0.004875300000000027,-0.05466222999999998,0.01193489999999997,0.03190571297572899,0.026079741678540398
0.08417745500000001,-0.32507417,0.08905351500000003,-0.33870941,0.07933481500000006,-0.34664193,0.07536618500000003,-0.3485561,0.03953476500000003,-0.36668337,0.05110939500000006,-0.27365014,-0.033483634999999956,-0.27835709,0.056981415000000035,-0.13994859999999998,-0.11183426499999996,-0.13374317000000002,0.039801765000000044,-0.03572547000000004,-0.03768123499999998,-0.01777613,0.027211615000000022,-0.006040330000000038,-0.027211614999999967,0.006040330000000038,0.03186266500000001,0.14420067999999997,-0.021681854999999972,0.19388903000000002,0.04548393500000003,0.28624463,-0.040616284999999974,0.31469393,0.005872019999999978,0.13370154,-0.01717964999999999,0.10422312999999994,-0.07835063,0.14461391999999995,0.07415302999999998,0.11596704000000002,0.00465104999999999,0.15024101,0.013621270000000019,0.14204395000000003,0.005529759999999995,0.18784869999999998,-0.018934430000000002,0.12080489999999999,-0.08459303000000001,-0.0047069499999999875,-0.05442322999999999,0.012080660000000076,0.03224468039602968,0.026016085598644583
0.08394198000000003,-0.326919965,0.08886215000000003,-0.341295085,0.07838396000000003,-0.348556435,0.07567671000000004,-0.351755995,0.03786988000000002,-0.36819523499999995,0.051759900000000025,-0.275607785,-0.03392364999999997,-0.27870943499999995,0.05688101000000001,-0.141782595,-0.11141807999999997,-0.13393970499999996,0.03995586000000001,-0.03705539499999999,-0.03612928999999998,-0.01937773499999995,0.027604640000000014,-0.006357535000000025,-0.027604640000000014,0.006357535000000025,0.03188056,0.14344112500000006,-0.02272405999999999,0.19391940500000004,0.04484988000000001,0.28408132500000005,-0.04086190000000001,0.313008965,0.005121109999999984,0.13382518999999998,-0.01692515,0.10472720000000002,-0.07749443,0.14476972999999999,0.07528879,0.11456197000000001,0.004275919999999989,0.14979866000000008,0.012969320000000006,0.1406402,0.004880580000000023,0.18756187000000002,-0.018137840000000016,0.11908955999999993,-0.08568355,-0.003101649999999956,-0.05520928000000003,0.01271507000000005,0.03308944309093155,0.027110399842042138
0.08387700999999997,-0.32790217499999996,0.08841274999999998,-0.34209235499999996,0.07826192999999998,-0.349204305,0.07487281000000001,-0.35247395499999995,0.03777668000000001,-0.368341775,0.05208564999999998,-0.276290055,-0.03377004,-0.279616355,0.057558779999999976,-0.14152405499999998,-0.11046149,-0.13395700499999996,0.04028288000000002,-0.03737755499999995,-0.03574676999999998,-0.020196455000000002,0.027742280000000008,-0.006043585000000018,-0.027742280000000008,0.006043585000000018,0.03240208,0.14555674500000004,-0.022126519999999983,0.192873945,0.045655060000000025,0.284736605,-0.040391699999999975,0.31218209500000005,0.005473129999999993,0.134766,-0.017275899999999955,0.10414650000000003,-0.07669145,0.14565935000000002,0.07471472000000001,0.11376054999999996,0.004659799999999992,0.15160033000000006,0.013252980000000025,0.13917985999999993,0.005615760000000025,0.18683035999999997,-0.018265179999999992,0.11930815000000006,-0.08585568999999998,-0.0033263000000000043,-0.055484560000000016,0.012087170000000036,0.03375032332172384,0.027433766773115584
0.08238533000000003,-0.32773357499999994,0.08776694000000002,-0.3419741949999999,0.07692659000000002,-0.34951775499999993,0.07558191000000003,-0.3526508749999999,0.037510900000000014,-0.3698453849999999,0.05212101000000002,-0.2760272849999999,-0.033255849999999976,-0.2806706049999999,0.05746522000000004,-0.14123877499999993,-0.11014111999999998,-0.13486323499999997,0.040241810000000044,-0.03698713499999995,-0.03624984999999997,-0.020433984999999932,0.027510790000000007,-0.005677064999999981,-0.02751078999999995,0.005677065000000092,0.03228682000000005,0.14732602500000003,-0.022493529999999984,0.19342356500000002,0.04534632000000005,0.28571549500000004,-0.040964399999999956,0.3127321650000001,0.005344210000000016,0.13478850999999997,-0.017223409999999995,0.10425163999999998,-0.07688527,0.14580736999999994,0.07389127000000001,0.11442925000000004,0.004776030000000042,0.15300309,0.013059500000000002,0.13838947000000001,0.005017259999999968,0.18774649999999993,-0.018470869999999973,0.1193086000000001,-0.08537686,-0.004643320000000006,-0.05502157999999996,0.011354130000000073,0.03379939871721535,0.027534670903900445
0.08285033999999997,-0.32741693,0.08777700999999999,-0.34159423,0.07751415,-0.34892965,0.07481167,-0.35212473,0.03793194999999999,-0.36868242,0.05198412999999996,-0.27550343,-0.03336969000000001,-0.27909195,0.05842996,-0.14105979000000002,-0.10993813000000002,-0.13359584999999996,0.04108595999999998,-0.03649904999999998,-0.03578445000000002,-0.019546489999999972,0.027403829999999962,-0.006020150000000002,-0.027403830000000018,0.006020150000000002,0.03280598000000001,0.14584935,-0.02187170999999999,0.19376985000000002,0.04556584999999996,0.28475799999999996,-0.03919099000000004,0.31365835,0.006445830000000041,0.13444363999999998,-0.017344000000000026,0.10456074000000004,-0.07656844000000002,0.14549610000000002,0.07415368,0.11404935999999999,0.00540215000000005,0.1518695,0.012759869999999951,0.13890864999999997,0.005532120000000029,0.18774970000000002,-0.017319280000000048,0.11988849999999995,-0.08535381999999997,-0.003588519999999984,-0.05480765999999998,0.012040300000000004,0.03340904108990407,0.026905164420125714
0.08292540999999998,-0.327655245,0.08777397999999997,-0.34196129499999994,0.0774166,-0.34914934499999994,0.07484287,-0.35201317499999996,0.038012250000000025,-0.368150025,0.052288920000000016,-0.274370285,-0.032627320000000015,-0.27837952499999996,0.058230720000000014,-0.14024600499999995,-0.10951825000000001,-0.13299094499999997,0.04151091000000001,-0.03530600499999992,-0.03562227000000001,-0.01858690499999993,0.027263250000000017,-0.005602684999999941,-0.027263250000000017,0.005602685000000052,0.03231691999999997,0.14869755500000004,-0.021716479999999982,0.192542855,0.04618572999999998,0.2888489550000001,-0.03913483000000001,0.314366605,0.005941799999999997,0.13412428000000004,-0.01671981,0.10494000000000003,-0.07689093,0.14538858,0.07389598,0.11440404000000004,0.005053669999999955,0.15430023999999998,0.01386881000000001,0.14015140000000004,0.005546770000000034,0.18694016999999996,-0.017418350000000027,0.12182375000000001,-0.08491624000000003,-0.0040092399999999695,-0.05452650000000003,0.011205369999999992,0.03294363420295336,0.025593152985290794
0.08230171999999997,-0.328559705,0.08659144999999996,-0.34269265499999996,0.0769013,-0.349792815,0.07277912999999997,-0.352709895,0.036874309999999966,-0.368484145,0.05079392999999999,-0.275259355,-0.03403105000000001,-0.278510775,0.057656209999999986,-0.14055172500000002,-0.10961084000000001,-0.13245087499999997,0.041393179999999974,-0.036456775,-0.03537001000000001,-0.01779197499999996,0.02730323000000001,-0.005917575000000008,-0.02730323000000001,0.005917575000000008,0.031962679999999966,0.14849052500000004,-0.022765150000000012,0.19437589499999997,0.04535977999999996,0.288195125,-0.04001783000000003,0.314947925,0.006862279999999998,0.13470762999999997,-0.01626303000000001,0.10409495000000002,-0.07557979000000001,0.14605990000000002,0.07424083000000001,0.11465890000000001,0.004659449999999954,0.15440810000000005,0.013397099999999995,0.13970459999999996,0.00453808,0.18845831999999996,-0.01725268000000002,0.12057203000000005,-0.08482498,-0.003251420000000005,-0.05460646000000002,0.011835150000000016,0.033632862317122196,0.02504427481024153
0.08152702,-0.3286125100000001,0.08549739,-0.34277488000000006,0.07618802000000002,-0.34987137000000007,0.07121731999999997,-0.3521008500000001,0.03578122,-0.3678767200000001,0.049505299999999974,-0.27270303000000007,-0.03523540000000003,-0.2759804800000001,0.05756571999999999,-0.14042425000000003,-0.11110454,-0.13215310000000013,0.04062646999999997,-0.03508425000000004,-0.036496379999999995,-0.016684450000000073,0.027059679999999975,-0.005884650000000047,-0.02705968000000003,0.005884649999999936,0.032557420000000004,0.1473015499999999,-0.022100779999999987,0.19194864999999994,0.043751490000000004,0.2896582999999999,-0.03993629999999998,0.31427094999999994,0.008060420000000013,0.13227878000000004,-0.016939250000000017,0.10533999999999999,-0.07586913999999997,0.14382737999999995,0.07460816,0.11546865000000006,0.005497740000000029,0.15318619999999994,0.01119407,0.14235675000000003,0.004958900000000044,0.186064,-0.017835519999999994,0.1223223,-0.0847407,-0.003277450000000015,-0.054119360000000005,0.011769299999999983,0.03219742895114607,0.0244625342452494
0.08257637000000001,-0.32831935999999995,0.08628265000000002,-0.34263197999999995,0.07696898000000002,-0.34936703999999996,0.07171520000000003,-0.35158985,0.036410429999999994,-0.36633901999999996,0.050497840000000016,-0.27184836999999995,-0.03445237000000001,-0.27503956999999996,0.057799440000000035,-0.13967626,-0.11140507,-0.13250991999999995,0.04125635,-0.03480601999999999,-0.037619669999999994,-0.01648275999999993,0.027138700000000016,-0.005892379999999919,-0.02713869999999996,0.00589238000000003,0.032837759999999994,0.14740808000000005,-0.021088739999999995,0.19203342,0.044345120000000016,0.28976054000000007,-0.03942267999999999,0.31535663,0.007301600000000019,0.13217210999999995,-0.016543090000000038,0.10487024,-0.07695269999999999,0.14252965,0.0737854,0.11602716000000002,0.005699059999999978,0.15330045999999997,0.011507360000000022,0.14235246000000001,0.006049959999999965,0.18614103999999998,-0.018333939999999993,0.12332321000000002,-0.08495021000000003,-0.003191200000000005,-0.054277399999999976,0.01178475999999995,0.03217618093515922,0.024708250082927746
0.08241084999999998,-0.3299572,0.08658165000000001,-0.3445163,0.07666419000000002,-0.35134703,0.07263265000000002,-0.35355407,0.036080730000000005,-0.36859125000000004,0.05053025,-0.27320632,-0.03436024999999998,-0.27604496,0.05770049999999999,-0.14191854000000004,-0.11141453999999998,-0.13395816000000005,0.041231169999999984,-0.03634285999999998,-0.03850785000000001,-0.016748500000000055,0.027049409999999996,-0.006135600000000019,-0.027049409999999996,0.006135600000000019,0.03310193,0.14631545999999995,-0.02079417,0.1932625,0.04452505000000001,0.28776789999999997,-0.03894407999999999,0.31575774999999995,0.007170249999999989,0.13128777999999997,-0.016469330000000004,0.10557568000000006,-0.07705429,0.14208679999999996,0.07290668999999997,0.11720966,0.006052520000000006,0.15245105999999997,0.011423120000000009,0.14145244,0.006255239999999995,0.18712689999999998,-0.01814990999999999,0.12249524999999994,-0.08489049999999998,-0.0028386400000000034,-0.05409881999999999,0.012271200000000038,0.03337065886980953,0.025592535631382907
0.08209577000000001,-0.33086612500000007,0.08605042000000002,-0.34547902500000005,0.07650324000000003,-0.35219672500000004,0.07179942,-0.35496398500000004,0.03610553999999999,-0.36975972500000004,0.04959750000000002,-0.27428632500000005,-0.03425155000000002,-0.27696022500000006,0.056905800000000006,-0.14275662500000008,-0.11166209999999999,-0.13518977500000007,0.04118957000000001,-0.03684908500000006,-0.03969071000000002,-0.017947675000000052,0.026651270000000005,-0.006223975000000048,-0.026651270000000005,0.006223974999999937,0.033431849999999985,0.14545677499999998,-0.020503529999999992,0.192817625,0.04427946999999999,0.2862225749999999,-0.038444409999999984,0.3139578049999999,0.00730829999999999,0.13152969999999997,-0.015716229999999998,0.10590754000000002,-0.07741054999999997,0.14177045,0.07197138999999997,0.11724210000000002,0.0067805799999999805,0.15168075000000003,0.010847620000000002,0.14076579999999994,0.006147740000000013,0.18659365000000006,-0.017940879999999992,0.12114017999999993,-0.08384905000000004,-0.002673900000000007,-0.05330254000000001,0.012447949999999985,0.03390073051428392,0.027464443544992858
0.0818972,-0.33211606,0.08578481999999998,-0.34710892,0.07606715000000003,-0.35357453,0.07157049999999998,-0.35647075,0.035296260000000024,-0.37065207,0.049089820000000006,-0.27436187,-0.03449123999999998,-0.2763678,0.05632225000000002,-0.14354319999999998,-0.11245432,-0.13520029999999994,0.04098040000000003,-0.03770954999999998,-0.03998849999999998,-0.01802539999999997,0.026496259999999994,-0.006450799999999979,-0.026496259999999994,0.006450799999999979,0.03304535000000003,0.14450130000000005,-0.020766320000000005,0.1930273,0.04386863000000002,0.28525560000000005,-0.03911429999999999,0.31369212999999996,0.007232430000000012,0.13081867000000003,-0.01534184999999999,0.10583365,-0.07796308000000002,0.14116750000000006,0.07246582000000001,0.11717489999999997,0.006549090000000035,0.15095210000000003,0.01082327999999999,0.1407543,0.005729939999999989,0.18657650000000003,-0.018347979999999986,0.12066482999999995,-0.08358105999999998,-0.002005929999999989,-0.05299251999999999,0.012901599999999958,0.03445141162713222,0.027948611891426684
0.08147958000000005,-0.33222828000000004,0.08561337000000002,-0.34718273000000005,0.07575081000000006,-0.35365392,0.07175371000000003,-0.35688410000000004,0.035467030000000066,-0.37117023000000005,0.04898584000000006,-0.27548043000000005,-0.03437898999999994,-0.2771132,0.05565974000000001,-0.14469180000000004,-0.11287907999999997,-0.13509125,0.04134471000000006,-0.03848780000000007,-0.04036426999999998,-0.017768000000000006,0.02645084000000003,-0.006548100000000057,-0.026450839999999975,0.006548099999999946,0.033256210000000064,0.14468249999999994,-0.020994929999999967,0.1934593,0.04386589000000002,0.28483819999999993,-0.03944575999999994,0.31326009999999993,0.006673899999999955,0.13078863000000002,-0.01431502999999995,0.10620399999999997,-0.07850009000000002,0.14202195,0.07251480999999999,0.11732324999999999,0.006805370000000033,0.1512306,0.010609679999999955,0.1401557,0.005455910000000008,0.18691120000000006,-0.018450829999999974,0.11980079999999993,-0.08336483,-0.00163276999999995,-0.052901680000000006,0.013096200000000002,0.03524162027584574,0.02801528606983869
0.08098702000000002,-0.33157838,0.08511059000000004,-0.34629054,0.07534647,-0.35286993,0.07127555000000002,-0.35621048,0.035223890000000035,-0.37074122,0.04870257,-0.2760807,-0.03474273,-0.27782402,0.05530895000000002,-0.14381555000000001,-0.11288996999999998,-0.134432,0.041238370000000024,-0.03763039999999995,-0.039903299999999975,-0.017647100000000027,0.026563630000000005,-0.006649699999999981,-0.02656362999999995,0.006649699999999981,0.03332551,0.14409777000000001,-0.020938469999999987,0.19407459999999999,0.04406454000000004,0.28397130000000004,-0.039965879999999954,0.31433203,0.006606380000000023,0.13226515,-0.01407058,0.10618515000000006,-0.07814723999999998,0.14339202,0.07298667,0.11678489999999997,0.006761879999999998,0.15074747,0.010739030000000038,0.13987353000000002,0.005625159999999962,0.1874249,-0.019027409999999967,0.12025743,-0.0834453,-0.0017433199999999927,-0.053127259999999954,0.013299399999999961,0.03428048667328979,0.027717887472693534
0.08013674500000001,-0.33261153,0.084129075,-0.34768912,0.07427350499999996,-0.3539432,0.07020859499999998,-0.35800209,0.033546524999999994,-0.37170021999999997,0.047443544999999976,-0.27729972999999997,-0.035832005,-0.2775169,0.05414204499999997,-0.14537354999999996,-0.11368197500000002,-0.13411764999999998,0.04057891499999999,-0.03872434999999996,-0.039904315000000024,-0.01745724999999998,0.026505875000000012,-0.007145249999999992,-0.026505875000000012,0.007145249999999992,0.03268844500000001,0.14284244999999995,-0.022350005000000006,0.19546907999999996,0.04341257500000001,0.2820254,-0.04098445500000003,0.31371409000000006,0.006698499999999996,0.13192618,-0.013563129999999979,0.1066492,-0.07784997000000002,0.14339925000000003,0.07377766,0.1166604,0.006182569999999998,0.14998769999999995,0.010724129999999998,0.13918295000000003,0.004155870000000006,0.18832382999999997,-0.018634450000000025,0.1182450100000001,-0.08327554999999998,-0.00021717000000004427,-0.053011750000000024,0.014290499999999984,0.034572966486137655,0.028014303501668555
0.080111025,-0.33244513000000003,0.083957375,-0.34731002,0.07419365499999997,-0.35371568000000003,0.06973237499999996,-0.35761940000000003,0.033064784999999985,-0.37149306000000004,0.04691604499999996,-0.27778758000000003,-0.03627961500000004,-0.27736916,0.05412736499999998,-0.14665110000000003,-0.11234187500000001,-0.13246429999999998,0.04123574499999999,-0.03846139999999998,-0.03797707500000003,-0.01598440000000001,0.026586475,-0.007133999999999974,-0.026586475,0.007133999999999974,0.033215465,0.14408876000000004,-0.022334844999999992,0.19485580000000002,0.04387202499999998,0.28397969999999995,-0.04097002500000002,0.31362665999999995,0.007211320000000021,0.13113648,-0.012891619999999993,0.10818970000000006,-0.07606225999999996,0.14490486000000002,0.07436479999999998,0.11647989999999997,0.006628990000000001,0.15122276,0.010656559999999982,0.1398909399999999,0.004251630000000006,0.18772180000000005,-0.01863518000000003,0.11877085999999992,-0.08319566,0.00041842000000003043,-0.05317295,0.014267999999999947,0.034583335615479605,0.025772197945072513
0.07969558499999996,-0.33182515000000007,0.083345685,-0.3470059200000001,0.07346636499999998,-0.35295229000000006,0.06911066499999996,-0.35793720000000007,0.03202870499999999,-0.3705748200000001,0.046904984999999955,-0.27852090000000007,-0.03662132500000004,-0.2764676300000001,0.05447879499999997,-0.1464601000000001,-0.11191622500000001,-0.12995849000000004,0.041470705,-0.037914800000000026,-0.036704295,-0.015386210000000067,0.026698885000000006,-0.007478450000000025,-0.026698885000000006,0.007478449999999914,0.03320014499999996,0.14371784999999992,-0.022231155000000002,0.19554938999999993,0.043908064999999996,0.2828227499999999,-0.04077395500000003,0.3137392,0.007573810000000014,0.13206079999999998,-0.013008089999999972,0.10854530000000007,-0.07529489999999997,0.14650914000000004,0.07521193000000001,0.11457227999999997,0.006501259999999953,0.15119629999999995,0.010707920000000037,0.13910489999999998,0.004467730000000003,0.18807094000000002,-0.018542800000000026,0.11818981000000006,-0.08352630999999999,0.002053269999999996,-0.05339777000000001,0.01495689999999994,0.033831613432334255,0.02495798281479693
0.07857161499999998,-0.33198450499999993,0.082135935,-0.3468378949999999,0.07269637499999998,-0.3530242349999999,0.067668075,-0.35804961499999993,0.03148346499999999,-0.37131400499999995,0.045857745000000005,-0.27964954499999994,-0.037929884999999997,-0.27756612499999994,0.05401246500000001,-0.14693947499999993,-0.11268315500000001,-0.12981207499999992,0.040871784999999994,-0.038572174999999875,-0.035147435000000005,-0.016829374999999924,0.02684251500000001,-0.007548524999999917,-0.02684251500000001,0.007548525000000028,0.032867714999999964,0.1443153250000001,-0.02348820500000004,0.19638212500000007,0.04329543499999999,0.28321806500000013,-0.041569515,0.3136872250000001,0.008154720000000004,0.13271007,-0.013140680000000016,0.10836730000000006,-0.07475327000000001,0.14775405000000003,0.07753572,0.11298269999999999,0.006025199999999953,0.15186385000000002,0.01042772000000003,0.13890274000000002,0.0033543099999999715,0.18883360000000005,-0.01808130999999996,0.11730510000000005,-0.08378763,0.0020834200000000025,-0.05368503000000002,0.015097049999999945,0.03404830797639432,0.02575371244338178
0.07743794499999995,-0.33026591999999994,0.081392835,-0.34534133999999994,0.07164294499999996,-0.3516470299999999,0.06768734499999995,-0.35747707999999995,0.030711484999999983,-0.37130764999999993,0.04530499499999996,-0.2789671799999999,-0.03838888500000004,-0.27694749999999996,0.05366874499999996,-0.14609066999999998,-0.11323002500000001,-0.1284433399999999,0.04081026499999996,-0.037269499999999955,-0.03461008500000001,-0.016597669999999898,0.026672114999999996,-0.007611599999999941,-0.026672114999999996,0.007611600000000052,0.03315533499999995,0.14393576000000008,-0.02385215500000004,0.19653930000000008,0.04220811499999999,0.2836455000000001,-0.041870165000000015,0.31417740000000005,0.008363750000000003,0.13287650999999995,-0.012858480000000005,0.10882117000000002,-0.07484113999999997,0.14850416000000005,0.07861994,0.11184567000000001,0.006483219999999956,0.15154736000000002,0.009052780000000038,0.13970974000000003,0.0028199599999999547,0.18892770000000003,-0.018018009999999973,0.11763809999999997,-0.08369388,0.002019679999999968,-0.05334422999999999,0.015223199999999992,0.03285541535017477,0.025477443389276676
0.07644593499999996,-0.33176039,0.08041029499999996,-0.34670522,0.07054769499999997,-0.35311736,0.06673073499999999,-0.35810269,0.029550194999999946,-0.37219992,0.044359084999999965,-0.27910079,-0.039317495000000036,-0.27780337,0.05288046499999999,-0.14612872,-0.11428347500000002,-0.12925251999999998,0.04083129499999999,-0.03871722,-0.035228855,-0.018841019999999986,0.026664134999999978,-0.0073969799999999974,-0.026664135000000033,0.0073969799999999974,0.03214600499999998,0.14409728,-0.02351418500000002,0.19499478000000003,0.041940144999999984,0.28522338,-0.04213713500000005,0.31356318000000005,0.008521380000000023,0.13297207,-0.012049169999999998,0.1074115,-0.07496597999999999,0.14855085,0.07905462000000002,0.1104115,0.00548187,0.15149426,0.009794140000000007,0.14112610000000003,0.0031499500000000125,0.18759780000000004,-0.018622950000000027,0.11856840000000002,-0.08367658,0.0012974199999999936,-0.05332827000000001,0.014793959999999995,0.03437536699619657,0.02760049044271494
0.07665670000000002,-0.33083682,0.08069939000000004,-0.34601364999999995,0.07036364,-0.3522013299999999,0.06736681000000005,-0.35746424999999993,0.029062660000000018,-0.3709568,0.045209140000000037,-0.27833117999999996,-0.03910958999999997,-0.27698867999999993,0.05330438000000004,-0.1449104499999999,-0.11350544999999998,-0.12890124999999997,0.04100794000000002,-0.03702788999999995,-0.03552847999999997,-0.018497049999999904,0.026906790000000014,-0.007404250000000001,-0.026906789999999958,0.007404250000000001,0.03296416000000002,0.14384525000000004,-0.022813079999999986,0.1949246,0.04287580000000002,0.2854277500000001,-0.04136606999999998,0.3147834500000001,0.008095240000000004,0.13342073000000004,-0.01229644000000002,0.10788255999999996,-0.07439586000000001,0.14808742999999996,0.07797697,0.11040420000000006,0.006057370000000006,0.15124950000000004,0.00991164,0.14158250000000006,0.004093709999999973,0.18752035,-0.01855298999999999,0.11985885000000007,-0.08431873000000001,0.0013425000000000242,-0.05381357999999997,0.014808500000000002,0.03280857324194542,0.027298550879966053
0.076047955,-0.3311797299999999,0.07969425499999999,-0.3465688799999999,0.069560495,-0.3524369999999999,0.06593662499999997,-0.3579701999999999,0.027693124999999985,-0.3705451399999999,0.044534324999999986,-0.27810089999999993,-0.040205775,-0.2757028599999999,0.053112835000000025,-0.14533779999999985,-0.113921675,-0.12841099999999994,0.04097530500000002,-0.037378799999999934,-0.035449565000000016,-0.018833999999999906,0.02703022500000002,-0.007708599999999954,-0.02703022500000002,0.007708600000000065,0.03290238499999998,0.14261175000000015,-0.023953824999999984,0.1950866000000001,0.04210155500000001,0.2842747000000001,-0.04183372499999999,0.31513537000000014,0.00857851000000004,0.13276310000000008,-0.012137530000000007,0.10795899999999992,-0.0737159,0.14729185999999994,0.07847210999999998,0.10957700000000004,0.00587215999999996,0.1503203500000001,0.009199170000000034,0.14166294999999995,0.0030764000000000347,0.18737800000000004,-0.017879900000000004,0.12004877000000003,-0.08474009999999998,0.0023980400000000457,-0.05406045000000004,0.01541720000000002,0.032783929359465114,0.02784591353853557
0.07581565000000001,-0.33155748500000004,0.08013967,-0.34642090500000006,0.06968209000000003,-0.35322738500000006,0.06696445000000001,-0.35695271500000003,0.02811834000000002,-0.37199064500000006,0.04478162000000002,-0.27759861500000005,-0.04081237999999998,-0.27657638500000004,0.05458331999999999,-0.146080125,-0.11325843,-0.1286504850000001,0.04195279000000002,-0.03836128500000002,-0.03475385999999997,-0.020109085000000082,0.027313680000000007,-0.007452714999999999,-0.027313680000000007,0.007452714999999999,0.03340922000000002,0.14219976499999998,-0.023882919999999974,0.1942575649999999,0.04228542000000002,0.28317971499999994,-0.04184008,0.313991515,0.009801699999999969,0.13151849000000004,-0.012630529999999973,0.10771883999999998,-0.07244605000000001,0.14792589999999994,0.07850457000000002,0.10854140000000001,0.00609554000000001,0.14965247999999998,0.0088762,0.14097994999999997,0.0034307600000000327,0.1868048499999999,-0.017957160000000028,0.11973395000000009,-0.085594,0.0010222300000000129,-0.054627360000000014,0.014905429999999997,0.03420004738354907,0.0285483641855782
0.07588211,-0.33175382499999995,0.08048560999999999,-0.34641149499999996,0.06985275000000002,-0.353574095,0.06762561,-0.35683897499999995,0.028405650000000005,-0.37281209499999995,0.04524325000000001,-0.277714225,-0.040907939999999976,-0.27768946499999997,0.05487776999999999,-0.14499953499999996,-0.11229174,-0.128729255,0.042173669999999996,-0.03767459499999992,-0.033534129999999995,-0.02034349499999999,0.02758853,-0.00726154499999998,-0.02758853,0.007261545000000091,0.03423970999999998,0.14275195500000004,-0.02411949000000002,0.194269205,0.042949630000000016,0.28353765500000006,-0.04160364,0.314267105,0.00963451999999998,0.13271469000000002,-0.012704099999999996,0.10732494000000004,-0.07138380000000003,0.14896020999999998,0.07875761,0.10838576,0.006651179999999979,0.15001350000000002,0.008709920000000038,0.1407857,0.003469039999999979,0.1870076599999999,-0.017484149999999976,0.11999789999999999,-0.08615118999999999,2.476000000001255e-05,-0.05517706,0.014523090000000072,0.033729511101142515,0.028238066377880844
0.07475989500000002,-0.33201727000000003,0.07965866500000002,-0.34691313000000007,0.06838670499999999,-0.35407981000000005,0.06737914500000003,-0.35785428,0.026635465000000025,-0.37383181000000004,0.044889095000000045,-0.27893633000000007,-0.041867975,-0.27888539000000007,0.05459166500000001,-0.14487746,-0.11260426499999998,-0.12842851,0.042027565000000044,-0.037328210000000084,-0.033284755,-0.020819010000000082,0.027819005000000008,-0.007218450000000098,-0.027819005000000008,0.007218449999999987,0.033918115000000026,0.1431667499999999,-0.024366434999999964,0.19389088999999993,0.04304033500000004,0.28404173,-0.04186335499999999,0.31313508999999995,0.009702569999999966,0.13405887000000005,-0.012564099999999967,0.10754924999999993,-0.07073628999999998,0.15045688000000007,0.07931950999999998,0.10760949999999991,0.006099110000000019,0.1503852,0.009122220000000014,0.1408749800000001,0.0034525700000000437,0.18667243999999994,-0.017496920000000027,0.11924420000000002,-0.08675707000000005,5.093999999999932e-05,-0.055638010000000016,0.014436900000000086,0.03329385565733113,0.028565251378451124
0.07538011,-0.33313015000000007,0.08032140999999998,-0.3481603900000001,0.06899728999999999,-0.3552396500000001,0.06809735,-0.3592390100000001,0.027279469999999972,-0.3750439000000001,0.045775049999999984,-0.27973785000000007,-0.04133988999999999,-0.2796333100000001,0.05590771,-0.14555455000000006,-0.11181937,-0.1293278000000001,0.04257586000000002,-0.03837715000000008,-0.03296106999999998,-0.02058849000000007,0.027907760000000004,-0.007209250000000056,-0.027907760000000004,0.007209249999999945,0.03434214000000002,0.1442633499999999,-0.02428271999999998,0.1954277499999999,0.04319873000000002,0.2833300499999999,-0.04121962000000001,0.31227918999999993,0.010132660000000016,0.1341833,-0.013331849999999978,0.10717739999999998,-0.07047948000000001,0.15030550999999998,0.07885830000000002,0.10873931000000003,0.006434380000000017,0.15147259999999996,0.008856589999999998,0.1390667,0.003625040000000024,0.18821849999999996,-0.016936900000000032,0.11685144000000003,-0.08711493999999997,0.00010453999999998631,-0.05581552000000001,0.0144185,0.03444693234556601,0.028253323540137727
0.07523960000000002,-0.33231149,0.08022177000000003,-0.34718308000000003,0.06879865000000002,-0.35445187,0.06799090000000002,-0.3573517,0.027043070000000058,-0.37349579,0.04562440000000001,-0.27765245,-0.04116469999999994,-0.27815155,0.05581725000000004,-0.14417628000000005,-0.11195413999999995,-0.12817929000000006,0.04205000000000003,-0.036257819999999996,-0.033964809999999956,-0.01770322000000002,0.02777991000000002,-0.006932519999999998,-0.027779909999999963,0.006932519999999998,0.03336218000000002,0.14596018,-0.023533789999999943,0.19517008000000002,0.043542470000000055,0.28516383999999995,-0.041502209999999984,0.31322023,0.010192850000000031,0.13347616999999995,-0.013767250000000009,0.10791846000000005,-0.07078944000000001,0.14997225999999997,0.07798933,0.11047607000000004,0.00558227,0.1528927,0.010180290000000036,0.13920365999999995,0.00424612000000002,0.18823756000000003,-0.01796842000000004,0.11805014999999996,-0.08678909999999995,-0.0004991000000000301,-0.05555981999999998,0.013865039999999995,0.03261301410017327,0.025400249474318175
0.07499611499999997,-0.33326095,0.07963162499999998,-0.34848275,0.06827283499999998,-0.3553748,0.067105205,-0.35899096,0.025888144999999974,-0.37412014,0.04524561500000002,-0.27830612,-0.04204016500000002,-0.27825498,0.055849134999999994,-0.14527069999999997,-0.113717065,-0.12951239999999997,0.04149064499999999,-0.03708600000000006,-0.03516509499999998,-0.017930800000000024,0.02785113499999997,-0.0071094000000000435,-0.027851135000000027,0.0071094000000000435,0.033230784999999985,0.14522469999999998,-0.023867095000000005,0.19502399999999998,0.043372485000000016,0.28485965999999996,-0.04157250499999998,0.31255330000000003,0.010603519999999977,0.13303542000000002,-0.014358490000000002,0.10818469999999991,-0.07167689999999999,0.14874258,0.07855197000000003,0.11158159999999995,0.005379650000000014,0.15233410000000003,0.010141700000000031,0.13963495999999997,0.003984040000000022,0.18791459999999993,-0.017705409999999977,0.11752930000000006,-0.08728578000000004,5.114000000000507e-05,-0.05570227,0.014218800000000087,0.03293376353531588,0.026086502772920763
0.07425891500000004,-0.333004625,0.07890236500000003,-0.348332775,0.06753114500000001,-0.35508159499999997,0.06645718500000003,-0.359090025,0.02511801500000005,-0.373947005,0.04465311500000002,-0.278566725,-0.042603334999999964,-0.278155225,0.05533695500000002,-0.14649762499999996,-0.11499040499999996,-0.13111297499999996,0.04046798500000004,-0.03714152500000001,-0.03844102499999996,-0.017261364999999973,0.027786085000000016,-0.007311124999999974,-0.02778608499999996,0.007311124999999974,0.03293431500000005,0.143390275,-0.024255504999999955,0.19525047500000003,0.042899765000000034,0.28428884499999996,-0.041903104999999996,0.313316575,0.01068384,0.13206910000000005,-0.014868969999999981,0.10935609999999996,-0.07238707,0.14704225000000004,0.07654938,0.11385160999999999,0.005148230000000031,0.15070139999999999,0.009965449999999987,0.14089856999999995,0.0035305800000000054,0.18793935000000006,-0.01764760000000004,0.11806609999999995,-0.08725644999999999,0.0004115000000000091,-0.055572169999999976,0.014622249999999948,0.03241424612373397,0.026783110558777475
0.07423206999999998,-0.3325096149999999,0.07846606,-0.34781364499999995,0.06740218999999997,-0.3542022649999999,0.06553792999999997,-0.3583361849999999,0.02483443000000002,-0.37214126499999994,0.04469838999999998,-0.2779696049999999,-0.04313874000000001,-0.2765117649999999,0.05512180999999999,-0.1462237649999999,-0.11610192,-0.1297732949999999,0.04027784000000001,-0.03619620499999987,-0.03988811000000003,-0.016063604999999925,0.027962089999999995,-0.0075720349999999215,-0.027962089999999995,0.0075720350000000325,0.03320399000000002,0.1429988350000001,-0.024298870000000028,0.19569043500000005,0.04307424999999998,0.2848063350000001,-0.04124572999999998,0.3153064350000001,0.010423420000000017,0.13174584,-0.014843969999999984,0.11002756000000002,-0.07296317999999999,0.14673847,0.07621380999999997,0.11370968999999997,0.0052419000000000215,0.15057087000000002,0.009870259999999964,0.14180749999999998,0.003663219999999967,0.18811840000000002,-0.016946859999999953,0.11961600000000006,-0.08783712999999999,0.001457839999999988,-0.05592417999999999,0.015144069999999954,0.03116120675216859,0.026474014263991
0.07240676499999998,-0.33323522,0.07719893499999997,-0.34868502,0.06540623499999998,-0.35526312,0.06512188499999999,-0.35936528,0.022843234999999962,-0.37376132,0.04370523499999995,-0.27912887000000003,-0.04448216500000002,-0.27769789,0.054100064999999975,-0.14796551999999996,-0.11760159500000003,-0.13081332,0.03971347499999994,-0.03731905999999996,-0.04196861500000004,-0.016045980000000015,0.028066484999999974,-0.007640179999999996,-0.02806648500000003,0.007640179999999996,0.032712874999999975,0.14255154999999997,-0.02493716500000004,0.19590801999999996,0.04244843499999995,0.28423602000000003,-0.04248839500000001,0.31444872,0.010394830000000022,0.13116335000000007,-0.014386590000000032,0.11064646,-0.07311943000000001,0.14688457,0.07563297999999999,0.11476734,0.00464639,0.15019172999999997,0.009735559999999976,0.14168447000000006,0.003129319999999991,0.18826783999999996,-0.017551229999999973,0.11854070000000005,-0.08818739999999997,0.0014309800000000261,-0.056132970000000004,0.015280359999999993,0.03188241355535207,0.027464584360272066
0.07123432000000002,-0.33249664999999995,0.07585058,-0.34839642,0.06367797000000003,-0.35430458,0.06408731000000001,-0.358558,0.020967760000000002,-0.37134644999999994,0.04354804000000001,-0.27678468999999994,-0.044554559999999965,-0.27513324999999994,0.053764840000000036,-0.14559561,-0.11738869999999998,-0.12863744999999993,0.039136439999999995,-0.03593689,-0.04163664,-0.014099250000000008,0.028021240000000003,-0.007358489999999995,-0.028021240000000003,0.007358489999999995,0.03195254000000003,0.14636219000000006,-0.02395710000000001,0.19620245000000003,0.04293480999999999,0.28850325,-0.042657489999999965,0.31547945,0.010216800000000026,0.13118907999999996,-0.014628400000000041,0.10965871999999999,-0.07283414000000002,0.1464958,0.07575205999999998,0.11453819999999992,0.0039313000000000264,0.15372068000000005,0.01098226999999996,0.14214105999999993,0.004064139999999994,0.18884396000000003,-0.018700389999999956,0.11927699999999997,-0.08810259999999998,0.001651440000000004,-0.056042480000000006,0.01471697999999999,0.030663865014051963,0.025412865306131856
0.070668605,-0.33258581000000004,0.07525491499999998,-0.34810185,0.06337943499999998,-0.3544293,0.06322893499999999,-0.35804131,0.020557404999999973,-0.37184895,0.042604855,-0.27682832,-0.045342565,-0.27589747000000003,0.05370598500000001,-0.14488245,-0.11663916499999999,-0.12834200000000007,0.038987455000000004,-0.03592105000000001,-0.041572145000000005,-0.012788679999999997,0.02804061499999999,-0.0072195499999999635,-0.02804061499999999,0.0072195499999999635,0.03207352499999999,0.14636594999999997,-0.024222195000000002,0.19581254999999997,0.043127114999999994,0.28856534999999994,-0.042467264999999976,0.31434611,0.011101130000000015,0.13194587000000002,-0.014718530000000007,0.10896139999999999,-0.07129659999999999,0.14755546999999997,0.07506701999999998,0.11555332000000007,0.004032910000000001,0.15358549999999993,0.011053590000000002,0.14219939999999998,0.003818419999999989,0.188593,-0.018245069999999974,0.11853356000000004,-0.08794742,0.0009308499999999831,-0.05608122999999998,0.014439099999999927,0.03071822599427908,0.02415432822236625
0.07111596999999997,-0.3314118850000001,0.07571387000000002,-0.3473268650000001,0.06338123000000001,-0.35312436500000005,0.06399815999999997,-0.3577741850000001,0.02025819000000001,-0.3702307550000001,0.04359282999999997,-0.27697508500000007,-0.04480552999999998,-0.2745304250000001,0.05425112999999998,-0.14402062500000012,-0.11513203,-0.12557559500000004,0.03966302999999999,-0.034542375000000014,-0.03977143999999999,-0.010016025000000095,0.02824089000000002,-0.007576275000000021,-0.02824089000000002,0.00757627499999991,0.03272440999999998,0.14562303499999996,-0.02345210000000003,0.19689607499999995,0.04345422999999998,0.288193575,-0.042124170000000016,0.3161283249999999,0.01065830000000001,0.13295445999999994,-0.014588099999999993,0.10947825000000011,-0.07032650000000001,0.14895483000000004,0.07536059,0.11555956999999994,0.004483519999999963,0.15319930999999998,0.010729820000000001,0.14257054000000002,0.004788789999999987,0.18931980000000004,-0.018672069999999985,0.11923224999999993,-0.08839835999999995,0.0024446599999999874,-0.05648178000000004,0.015152549999999931,0.02928542011632408,0.021034319637024144
0.06989623500000003,-0.33155300499999996,0.074834075,-0.347243565,0.06233610500000003,-0.353265935,0.063710255,-0.357826665,0.01995299500000003,-0.37095000499999997,0.043701075000000034,-0.277998115,-0.04515026499999997,-0.275683395,0.05490841499999999,-0.144208165,-0.11444954499999999,-0.12444666500000001,0.039770735,-0.03446661499999992,-0.03775922500000001,-0.008579864999999964,0.028418525000000028,-0.007546665000000008,-0.028418524999999972,0.007546665000000008,0.033338595000000026,0.145661535,-0.022938685000000014,0.19685650500000007,0.04387439500000001,0.2878219350000001,-0.04182176500000001,0.316763165,0.011207339999999955,0.13378995,-0.015137679999999987,0.10974155000000008,-0.06929928000000002,0.15123672999999999,0.07669031999999998,0.11586680000000005,0.004920069999999999,0.15320820000000002,0.010535799999999984,0.14216040000000008,0.005479839999999958,0.18930984000000006,-0.018883079999999997,0.11990665999999994,-0.08885134,0.0023147199999999923,-0.05683705,0.015093330000000016,0.029215687222562382,0.01863635281730038
0.06785064499999999,-0.33158367,0.07308822499999995,-0.34719169,0.06028795499999995,-0.35347467,0.06254288499999994,-0.35738801000000003,0.018269414999999956,-0.37115973,0.04309237499999996,-0.27736095,-0.04617166500000003,-0.27519225,0.054893464999999975,-0.14336594999999996,-0.11382891500000003,-0.12246334999999997,0.038843784999999964,-0.03401960999999998,-0.03670033500000003,-0.007196149999999957,0.028580844999999966,-0.007424650000000033,-0.02858084500000002,0.007424650000000033,0.03310330499999997,0.14557794999999996,-0.023781655000000013,0.19602125000000004,0.04303303499999994,0.28765984999999994,-0.04289281500000003,0.31706605,0.011801090000000014,0.13399500000000003,-0.01604968000000001,0.10934633999999999,-0.06765725,0.15272890000000006,0.07712858,0.11526720000000001,0.004522460000000006,0.1530026,0.00992972999999997,0.14208189999999998,0.004799190000000009,0.1885966,-0.019111160000000016,0.12104479999999995,-0.08926403999999999,0.002168699999999968,-0.05716168999999999,0.014849300000000065,0.028506487592216568,0.01672405185653584
0.06781963499999999,-0.33306205999999994,0.072839775,-0.3485181299999999,0.06046467499999997,-0.3549184899999999,0.061897944999999954,-0.35866975999999995,0.01833027499999995,-0.3727363099999999,0.04268993499999996,-0.2779595299999999,-0.046358025000000025,-0.2763047599999999,0.055045174999999946,-0.14354732999999997,-0.11232373500000004,-0.12375272999999998,0.03873644499999995,-0.03437882999999997,-0.03621669500000002,-0.007439799999999885,0.028543724999999964,-0.007257929999999968,-0.02854372500000002,0.007257930000000079,0.03349677499999998,0.14559900000000003,-0.024602905000000008,0.19529443000000013,0.042846474999999995,0.28681217000000003,-0.04210038500000002,0.3150688400000001,0.01235523999999999,0.13441219999999993,-0.016308729999999994,0.1091685,-0.06596571000000001,0.15255202999999995,0.07610704000000001,0.11631293000000009,0.004953050000000014,0.15285693,0.009349700000000016,0.14121317,0.0039408200000000115,0.18803650000000005,-0.01749748000000001,0.11977441,-0.08904795999999998,0.001654769999999972,-0.057087449999999984,0.014515860000000047,0.02897300049715942,0.01658004028263499
0.06775633000000003,-0.33369051499999997,0.07257832000000003,-0.349455105,0.06018693000000003,-0.35534803499999995,0.06153396,-0.36010316499999995,0.01804522000000003,-0.37282726499999996,0.043233310000000025,-0.27942560499999997,-0.046393059999999986,-0.276216345,0.05485264000000001,-0.14494276499999992,-0.11185763999999998,-0.122983925,0.03874168,-0.03521716499999994,-0.03547068999999997,-0.007956464999999913,0.028795039999999994,-0.007441034999999929,-0.028795039999999994,0.00744103500000004,0.033308720000000014,0.14703623500000007,-0.026195219999999964,0.19635666500000004,0.043064760000000035,0.28696983500000006,-0.04148807999999998,0.3150860750000001,0.011619329999999983,0.13448284000000005,-0.016110960000000007,0.10972559999999998,-0.06546458,0.15323241999999998,0.07638695000000001,0.11502746000000008,0.00451368000000002,0.15447727,0.009756040000000021,0.1399336,0.0025998200000000304,0.18891563,-0.01529286000000002,0.11872941000000004,-0.08962637000000001,0.0032092599999999916,-0.05759007999999999,0.01488206999999997,0.02950337345231051,0.01678235112171409
0.06824697000000002,-0.33277902000000004,0.07274537000000003,-0.34807816,0.06119065000000001,-0.35430668000000004,0.060988730000000047,-0.35879752000000004,0.01900963,-0.37232170000000003,0.04250691000000001,-0.27860171,-0.04650036999999996,-0.27544076,0.05549754000000001,-0.14397508000000003,-0.11089731999999997,-0.12152434000000001,0.03941710000000004,-0.03483358000000003,-0.033960869999999976,-0.0067524300000000315,0.02854367000000002,-0.007631480000000024,-0.028543669999999965,0.007631480000000024,0.034918910000000025,0.14443121999999997,-0.02538172999999999,0.19542322,0.04284290000000002,0.28573521999999996,-0.04059442999999996,0.31523232,0.012990630000000003,0.13462662999999997,-0.016080439999999974,0.1091415,-0.06439695000000001,0.15391642,0.07693644999999999,0.11477190999999998,0.006375240000000004,0.1520627,0.007923989999999992,0.14130399999999999,0.003161939999999974,0.18779173999999998,-0.015212699999999968,0.1198091,-0.08900727999999997,0.0031609499999999957,-0.057087339999999986,0.015262960000000048,0.029294807123019274,0.015370195923543125
0.06834485000000001,-0.33232354999999997,0.07290860000000005,-0.34790661,0.06114407000000005,-0.35404592,0.06131517000000003,-0.35845228,0.019097370000000058,-0.37174203,0.042496460000000014,-0.27727462999999997,-0.04538498999999996,-0.27409796999999997,0.05605488000000003,-0.14400935000000004,-0.11022911999999996,-0.12110759999999998,0.04008953000000004,-0.033805809999999936,-0.03388289999999994,-0.006472449999999963,0.02804680000000004,-0.007397050000000016,-0.028046799999999983,0.007397050000000016,0.03406011000000003,0.14653685000000005,-0.024582069999999956,0.19523035,0.04312033000000004,0.28756491000000006,-0.04057709999999998,0.31527645000000004,0.013558420000000015,0.13326527999999993,-0.01596534999999999,0.1102035400000001,-0.06484413,0.15299037,0.07634622000000002,0.11463515000000002,0.006013309999999994,0.15393390000000007,0.009060220000000008,0.14102806,0.003464730000000027,0.18783329999999998,-0.01599503000000002,0.12004610000000004,-0.08788144999999997,0.003176659999999998,-0.05609360000000002,0.014794100000000032,0.029024988382262893,0.015047361677716094
0.06842131000000001,-0.33249110000000004,0.07280311,-0.34796199000000005,0.06140506000000001,-0.35399467000000007,0.06094839000000002,-0.3585061500000001,0.019516019999999967,-0.37159452000000004,0.042235789999999995,-0.2776776000000001,-0.045411939999999984,-0.27436728000000005,0.055983389999999966,-0.14394468000000005,-0.11111161,-0.12176359000000003,0.04052075999999999,-0.03403175000000003,-0.03404885000000002,-0.00674367000000009,0.027997610000000006,-0.007631420000000055,-0.027997610000000006,0.007631419999999944,0.03398798999999997,0.14448421999999994,-0.025047450000000027,0.19550747999999996,0.04342436999999999,0.2867848299999999,-0.04156586000000001,0.31647603999999996,0.013747599999999971,0.13373292000000003,-0.015462629999999977,0.10991293000000002,-0.06569967000000002,0.15260369000000001,0.07706275999999998,0.11501991999999994,0.005990379999999962,0.15211564,0.009436380000000022,0.14230060999999994,0.0029501599999999795,0.18787606,-0.016518409999999983,0.12096856,-0.08764772999999998,0.0033103200000000332,-0.05599522000000001,0.01526284,0.029219971081974022,0.015596817561467505
0.06814271,-0.33281915,0.07249498999999998,-0.34825702000000003,0.061069700000000005,-0.35423661,0.060630799999999985,-0.35900499,0.01921484000000001,-0.37189741000000004,0.04171849,-0.27891178,-0.04551196000000002,-0.27520785000000003,0.055122910000000025,-0.14552794999999996,-0.11223778000000001,-0.12238101000000001,0.040587490000000004,-0.03510681999999998,-0.03519797000000002,-0.008066099999999965,0.02788147000000002,-0.007732850000000013,-0.02788147000000002,0.007732850000000013,0.03347688999999998,0.14429744999999994,-0.024700730000000004,0.19536770999999997,0.04362094999999999,0.28617879,-0.04220663000000002,0.31612794999999994,0.013404420000000028,0.13338383000000004,-0.014535420000000021,0.11042112999999998,-0.06672581999999999,0.15282684000000002,0.07703980999999999,0.11431491000000005,0.005595419999999962,0.15203029999999995,0.01014406000000001,0.14188134000000008,0.0031807400000000152,0.18763485999999996,-0.01750590000000002,0.12076023999999996,-0.08723045000000001,0.0037039299999999664,-0.05576294000000004,0.015465700000000027,0.03017908510543847,0.017410858489818912
0.06912422499999998,-0.33309400999999994,0.07345470500000001,-0.34868026999999996,0.061987404999999995,-0.35467626999999996,0.061479985000000015,-0.35965416999999994,0.019882734999999985,-0.37256264999999994,0.041947185,-0.27931412999999994,-0.04498844499999999,-0.27589816999999994,0.05513832499999999,-0.14559942999999997,-0.112506825,-0.12329946999999997,0.04144015499999998,-0.0351878699999999,-0.03509124499999999,-0.008615569999999906,0.027770514999999996,-0.007782569999999933,-0.027770514999999996,0.007782570000000044,0.03422012499999999,0.1439282300000001,-0.023922294999999982,0.19543719000000004,0.044929054999999996,0.2856525700000001,-0.04160270500000002,0.31579953000000005,0.01319113999999999,0.13371469999999996,-0.01369817000000001,0.11041156000000008,-0.06751838000000002,0.15259869999999998,0.07741558000000001,0.11468390000000006,0.0064496099999999945,0.15171080000000003,0.010708930000000005,0.14172434,0.0038482200000000133,0.18765462,-0.017680410000000035,0.12036234000000001,-0.08693562999999999,0.0034159599999999957,-0.05554102999999999,0.015565139999999977,0.030625308583255087,0.017958064572567344
0.06943368,-0.33571064,0.07293851999999995,-0.35082778,0.06231928999999997,-0.35687357,0.05962611999999995,-0.36149519999999996,0.019460599999999995,-0.37407782,0.040215299999999954,-0.2819035,-0.04546030000000001,-0.27791133,0.053703889999999976,-0.14844205,-0.11352618000000003,-0.1232432,0.04170058999999998,-0.03826989999999997,-0.037375820000000004,-0.011300899999999947,0.02750975,-0.007527900000000032,-0.02750975,0.007527900000000032,0.032830729999999975,0.14515712999999997,-0.023956730000000037,0.19203729999999997,0.044133829999999985,0.28702020000000006,-0.04428335,0.31236640000000004,0.013488590000000023,0.13346144999999998,-0.012003299999999995,0.11017215000000002,-0.06806588000000002,0.15466813000000001,0.07615036000000003,0.11194230000000005,0.005320979999999975,0.15268503,0.01130310000000001,0.1418630700000001,0.0035530199999999623,0.18450939999999993,-0.020326619999999962,0.12032910000000008,-0.08567559999999996,0.003992169999999962,-0.0550195,0.015055800000000064,0.03385927500561103,0.02125707051041839
0.069610175,-0.33542026,0.07303943500000004,-0.35072473000000004,0.06243395500000004,-0.35663778,0.059641655000000016,-0.36150274000000004,0.019307695000000014,-0.3737317,0.040419905000000034,-0.28150738000000003,-0.045711314999999975,-0.27699492000000003,0.05387868500000004,-0.1485413,-0.11315194499999998,-0.12361587000000007,0.04197507500000003,-0.038351840000000026,-0.03706406499999998,-0.011142399999999997,0.027674665000000043,-0.007860300000000042,-0.027674664999999987,0.007860299999999931,0.033385445000000014,0.14496796999999995,-0.025189434999999982,0.19492363000000001,0.04445723500000004,0.28396933999999996,-0.043989265,0.31274499999999994,0.013458780000000004,0.13296608000000004,-0.011903610000000009,0.11018945999999996,-0.06744063,0.15337904999999996,0.07608788,0.11247347000000008,0.005710779999999971,0.15282827,0.011071790000000026,0.13900137,0.002485230000000005,0.18706333000000008,-0.018799830000000017,0.11782136999999993,-0.08613122000000001,0.004512459999999996,-0.05534933000000003,0.015720599999999973,0.03367841649691533,0.021195835431753973
0.07009039,-0.33481052499999997,0.07349727,-0.350069325,0.06279812000000001,-0.355908925,0.06016434000000004,-0.36069437499999996,0.019785030000000037,-0.372664385,0.04135917,-0.281086805,-0.04517902999999995,-0.276574255,0.05470333000000005,-0.14866846499999997,-0.11267302999999998,-0.12296086500000003,0.04245351000000003,-0.03794112500000002,-0.035905629999999966,-0.010085624999999987,0.02785883,-0.007670524999999984,-0.02785883,0.007670524999999984,0.033710850000000014,0.14528287500000003,-0.02478553,0.19306123500000005,0.04533050000000005,0.28554320499999997,-0.043992929999999986,0.312895245,0.01334416000000005,0.13241834000000002,-0.012249820000000022,0.11072733999999995,-0.06749400000000003,0.15361338999999996,0.07676740000000001,0.11287524000000004,0.005852020000000013,0.15295340000000002,0.011619650000000037,0.14026032999999993,0.003073300000000001,0.18539071000000007,-0.019207399999999986,0.11983400999999994,-0.08653819999999995,0.004512550000000004,-0.05571766,0.015341049999999967,0.033605266085279,0.01949440568631161
0.07025397,-0.336125185,0.07371214999999998,-0.35150908499999994,0.06292056999999995,-0.35732924499999996,0.06045397999999996,-0.36213424499999997,0.01987370999999999,-0.37409896499999995,0.04166344999999999,-0.281831065,-0.04494667000000002,-0.277735615,0.055090309999999976,-0.14967992499999994,-0.11199416000000001,-0.125188615,0.04271701,-0.03956796499999993,-0.035466790000000026,-0.011085834999999933,0.027912249999999972,-0.007560764999999914,-0.027912250000000027,0.007560765000000025,0.03378682999999999,0.145300235,-0.025400520000000038,0.19294093499999998,0.045471189999999995,0.284732675,-0.04399791000000003,0.31148753500000004,0.013426859999999985,0.13215114000000006,-0.012373299999999976,0.11011196000000001,-0.06704748999999999,0.152547,0.07652736999999998,0.11410278000000007,0.005874580000000018,0.1528609999999999,0.011684360000000005,0.13943244,0.00251172999999999,0.18538016999999996,-0.01859738999999999,0.11854660000000006,-0.08661012000000001,0.0040954500000000005,-0.0558245,0.015121529999999939,0.035265305478580526,0.020118816221925146
0.07030543500000003,-0.33652388,0.073581385,-0.35193099,0.06297110500000003,-0.35757958,0.060078944999999995,-0.36252261999999996,0.019821315000000006,-0.37406741,0.04159753500000002,-0.28213827999999996,-0.04519278500000001,-0.27759997999999997,0.05469706499999999,-0.14993614999999993,-0.11196303499999999,-0.12550424999999998,0.04218801500000002,-0.03954590999999996,-0.035706214999999986,-0.012020849999999972,0.027961514999999992,-0.007761049999999936,-0.027961514999999992,0.007761050000000047,0.034252724999999984,0.1434301,-0.025038665000000015,0.19236211000000003,0.04529633500000002,0.28398115,-0.04299489499999998,0.31220959000000004,0.01309952999999997,0.13220213000000003,-0.012509049999999966,0.11039023999999997,-0.06677024999999998,0.15209572999999998,0.07625682,0.11348340000000001,0.0062912099999999915,0.15119114999999994,0.011043610000000037,0.14055105,0.002922849999999977,0.18460105999999998,-0.017956229999999962,0.11984748,-0.08679032000000003,0.004538299999999995,-0.055923029999999985,0.015522099999999983,0.03482342067444843,0.021243915498325647
0.07093423500000001,-0.33542311499999994,0.074208045,-0.35086786499999995,0.06352192500000003,-0.35639801499999996,0.06072312499999999,-0.36138031499999995,0.02034037500000002,-0.37263050499999995,0.042230274999999984,-0.28123346499999996,-0.044514094999999976,-0.2763997349999999,0.05526965500000003,-0.14883576499999995,-0.110551125,-0.12427136499999991,0.04263947499999998,-0.03826876499999998,-0.035027295000000014,-0.011319664999999923,0.027971444999999984,-0.007821204999999942,-0.027971444999999984,0.007821205000000053,0.034981395000000026,0.14294643500000004,-0.024090355000000008,0.19237988500000003,0.045820145000000034,0.2842861950000001,-0.042244375,0.313426195,0.013039380000000045,0.1323977,-0.012630180000000046,0.11056699999999997,-0.06603703000000002,0.15212837,0.07552382999999999,0.11295169999999999,0.0070099500000000425,0.15076763999999998,0.010838750000000008,0.14133976000000004,0.003881089999999976,0.18455867999999997,-0.018154019999999993,0.12104630999999999,-0.08674436999999996,0.004833730000000036,-0.05594288999999997,0.015642409999999995,0.033796523697482594,0.02039994910727474
0.07108003500000004,-0.33457499,0.07427197500000005,-0.35020302000000003,0.06358197500000001,-0.35551092,0.06080100500000002,-0.36087372,0.020364855000000015,-0.37158897,0.04264773500000002,-0.28028382,-0.04438173499999998,-0.27479618,0.05586439500000001,-0.14922862000000003,-0.11031416499999996,-0.12344131999999997,0.04279130500000006,-0.037369920000000056,-0.03359374499999995,-0.01137842,0.02798956500000005,-0.007841619999999994,-0.027989564999999994,0.007841619999999994,0.034937505000000035,0.14451588000000004,-0.02449196499999995,0.19301347999999996,0.04533323500000003,0.28524298000000003,-0.04201954499999999,0.31357214999999994,0.013216659999999991,0.13105519999999998,-0.013073089999999954,0.11185869999999998,-0.06593242999999999,0.15135486000000004,0.07672042000000001,0.11206289999999997,0.006947939999999986,0.15235750000000003,0.010395729999999992,0.1407271,0.003497600000000045,0.18517185999999997,-0.017527580000000043,0.12055866999999998,-0.08702947,0.005487640000000016,-0.055979130000000044,0.015683239999999987,0.033030470900633616,0.020020408863806936
0.07172843000000001,-0.3344997550000001,0.07517954000000004,-0.3500986150000001,0.06423964000000004,-0.3554814750000001,0.06208493000000004,-0.36097869500000007,0.02133753000000005,-0.3719862750000001,0.04375272000000002,-0.2806808950000001,-0.04354839999999999,-0.2762958150000001,0.05643942000000002,-0.14671120500000012,-0.10956545999999998,-0.1238214150000001,0.043138020000000055,-0.03650797500000014,-0.03281233999999994,-0.011764025000000067,0.028127100000000016,-0.007660775000000064,-0.02812709999999996,0.007660774999999953,0.034962620000000055,0.1439013749999999,-0.024184269999999952,0.19279372499999992,0.045904270000000025,0.2850030949999999,-0.04144397999999999,0.3136830249999999,0.012686699999999995,0.13396968999999997,-0.013301399999999963,0.11020322999999999,-0.06601705999999999,0.1524744,0.07675312000000004,0.11205739000000003,0.006835520000000039,0.15156214999999995,0.01094164999999997,0.14110171999999999,0.003942830000000008,0.18513294999999996,-0.01725971000000004,0.12088929999999998,-0.08730112000000001,0.004385079999999986,-0.056254199999999976,0.015321550000000017,0.0325190508331102,0.019981849986865592
0.07184752999999999,-0.33543560000000006,0.07516631000000001,-0.35101432000000005,0.0644322,-0.3563664000000001,0.061840289999999964,-0.3619014200000001,0.021480500000000013,-0.3728267900000001,0.043865829999999995,-0.28167028000000005,-0.04342556000000003,-0.2775015600000001,0.05747028999999998,-0.1471903200000001,-0.10926596000000002,-0.12550468000000004,0.04343073999999997,-0.038078970000000045,-0.03314543000000003,-0.011711120000000075,0.028138969999999985,-0.007671480000000064,-0.028138969999999985,0.007671479999999953,0.03442305000000001,0.14302163999999995,-0.02434021000000003,0.19324534999999998,0.04603543999999998,0.2843697799999999,-0.04178173000000002,0.31366907999999993,0.013604459999999985,0.13447995999999995,-0.014039550000000012,0.10911135000000005,-0.0658404,0.15199688000000006,0.07612052999999999,0.11379355999999996,0.006284080000000025,0.15069312,0.011612389999999972,0.14134813999999996,0.0037987599999999566,0.18557387000000003,-0.017441519999999988,0.12042372999999995,-0.08729139000000002,0.004168719999999959,-0.05627793999999997,0.015342960000000017,0.034036064370502626,0.020018736835564866
0.07128739,-0.33595083499999995,0.07497181999999997,-0.35145215499999993,0.06407155999999997,-0.357175035,0.06200053999999999,-0.36214990499999994,0.021423519999999974,-0.37411902499999994,0.04346373999999997,-0.281784775,-0.04369662000000002,-0.27813847499999994,0.057382339999999976,-0.14741532499999999,-0.10988587,-0.125973035,0.04299497000000002,-0.03814582499999997,-0.034005359999999984,-0.012914644999999947,0.02806044000000002,-0.007597725,-0.02806044000000002,0.007597725,0.03396435999999997,0.14209575500000005,-0.025087809999999988,0.19248278500000005,0.04597967999999997,0.2834670650000001,-0.042414160000000034,0.31273062500000004,0.013918600000000003,0.13436945,-0.014387369999999955,0.10926950000000002,-0.06618924999999998,0.15216543999999993,0.07588051000000001,0.11305839000000006,0.005903919999999951,0.14969348000000005,0.012015319999999996,0.14137131000000003,0.0029726300000000316,0.18488506000000005,-0.017326350000000046,0.12024784,-0.08716035999999999,0.0036463000000000467,-0.05612088000000004,0.01519545,0.034003332188638484,0.021356483718611017
0.07164275999999997,-0.335736945,0.07546449,-0.351282845,0.06449341999999997,-0.35695042499999996,0.06265568999999999,-0.362416825,0.02194725999999997,-0.374355595,0.04388175999999999,-0.282365455,-0.04346144000000002,-0.278360885,0.05768432999999995,-0.14732592499999997,-0.10943745000000002,-0.12560816499999994,0.04316317999999997,-0.03705926500000001,-0.03338374000000005,-0.012298654999999936,0.02813639999999995,-0.007730524999999933,-0.028136400000000006,0.007730525000000044,0.034817339999999974,0.14168123499999996,-0.025161120000000037,0.19293467500000006,0.046212879999999956,0.283147445,-0.042082140000000046,0.312425835,0.013802569999999958,0.13503953000000002,-0.014521149999999983,0.11026665999999996,-0.06597601,0.15275272000000006,0.07605370999999997,0.11330951,0.006680940000000024,0.1494117599999999,0.011395539999999982,0.14146621000000004,0.002975279999999969,0.18520415,-0.01692102000000001,0.11949115999999993,-0.08734320000000001,0.004004569999999985,-0.056272799999999956,0.015461049999999976,0.032954197109867585,0.020705135318273088
0.07080553499999998,-0.3350781650000001,0.07495243499999998,-0.3504111350000001,0.06389082499999998,-0.3564866850000001,0.06253693500000002,-0.3614224650000001,0.02172843499999999,-0.37452578500000006,0.04343190499999999,-0.2815762850000001,-0.043878395000000014,-0.27853594500000006,0.05735625499999997,-0.14664013500000006,-0.10975970500000001,-0.12570038500000003,0.04224778499999998,-0.03692498500000008,-0.03387276500000003,-0.012361545000000085,0.028089034999999984,-0.007561815000000083,-0.028089034999999984,0.007561814999999972,0.03479765499999998,0.1416440149999999,-0.025010034999999986,0.1927667649999999,0.045361025,0.2836977649999999,-0.042476815,0.3129512149999999,0.013924349999999974,0.13493615000000003,-0.015108469999999985,0.10971514999999998,-0.06588131,0.15283556000000004,0.07588693999999999,0.11333883999999994,0.0067086199999999985,0.14920582999999998,0.010563370000000016,0.14205374999999998,0.0030789999999999984,0.18520494999999992,-0.017466780000000015,0.12018445,-0.08731030000000001,0.0030403400000000302,-0.05617806999999997,0.015123630000000055,0.03259855754494974,0.02074588649353174
0.07148635999999997,-0.33271270999999997,0.07560292999999996,-0.34805199,0.06459861,-0.35416421,0.06297016,-0.35877853,0.022105739999999985,-0.3719432,0.044001089999999965,-0.27914125,-0.043790739999999995,-0.27557929999999997,0.05874315999999996,-0.14612921999999995,-0.10847026000000001,-0.12405058999999996,0.04294966,-0.03484904999999994,-0.03322807999999999,-0.00973634999999995,0.028150779999999986,-0.007637449999999935,-0.028150780000000042,0.007637450000000046,0.0347441,0.14255255,-0.02508684,0.19430095000000003,0.04509772000000001,0.28538600000000003,-0.04109474000000002,0.31565925000000006,0.014742069999999996,0.13301203000000006,-0.01579349999999996,0.11128017000000001,-0.06467952000000002,0.15152871,0.07524218000000002,0.11431424000000001,0.006593320000000014,0.15018999999999993,0.010353620000000008,0.14283345000000003,0.0030639400000000427,0.18666349999999998,-0.01600790000000002,0.12135830000000003,-0.08779182999999996,0.003561950000000036,-0.05630156000000003,0.01527489999999998,0.030975442269875673,0.018100494516172735
0.071054815,-0.33378272999999997,0.075277865,-0.34918868,0.06419101500000002,-0.35531635999999994,0.06279551499999997,-0.36015179999999997,0.021834734999999994,-0.37341109999999994,0.04368841499999998,-0.28045825999999996,-0.04388323500000002,-0.27700309999999995,0.058408974999999974,-0.14714055999999998,-0.108743815,-0.12578372999999998,0.04273569500000002,-0.03559449999999997,-0.03453493499999999,-0.011832769999999937,0.028081444999999983,-0.007658100000000001,-0.028081444999999983,0.007658100000000001,0.03464493499999999,0.1419298,-0.025351135000000025,0.19427100000000008,0.045149474999999994,0.28387064000000006,-0.04125630499999999,0.31461996000000003,0.014720559999999994,0.13331769999999998,-0.015673279999999956,0.11154606,-0.06486057999999997,0.15121936999999996,0.07420888,0.11395096000000005,0.006563490000000005,0.1495879,0.010504540000000007,0.14194084000000007,0.002730309999999958,0.18661290000000008,-0.01590516999999997,0.12034895999999995,-0.08757165,0.0034551600000000127,-0.056162889999999965,0.015316200000000002,0.03154662403526722,0.020531476969205056
0.07085414500000004,-0.333132235,0.075183795,-0.34837423500000003,0.064195795,-0.354773465,0.06265031500000001,-0.359002775,0.02195767500000001,-0.373006465,0.043470394999999995,-0.279446185,-0.04422442500000001,-0.276604715,0.05826513500000002,-0.14608499500000005,-0.108748665,-0.12598673500000002,0.04203177499999999,-0.03529378500000002,-0.03540764499999999,-0.012341035000000056,0.028062085000000014,-0.007638365000000036,-0.028062085000000014,0.007638365000000036,0.03442443500000003,0.14171526499999998,-0.02517493500000001,0.19515660499999998,0.044772935000000014,0.28445086499999994,-0.040033264999999985,0.315090565,0.014794740000000028,0.13336118999999996,-0.01623336000000003,0.11079121000000003,-0.06452423999999998,0.15061797999999998,0.07334102,0.11364569999999996,0.006362350000000017,0.14935363000000001,0.010348499999999983,0.14273559999999996,0.002887150000000005,0.18751823999999995,-0.014858329999999975,0.11993396,-0.08769482,0.0028414700000000126,-0.05612417000000003,0.015276730000000072,0.030983455166790207,0.02128693674706634
0.07106026000000004,-0.33346528000000003,0.07534544000000004,-0.34859717,0.06444113000000001,-0.35504502000000004,0.06273826000000005,-0.35913226000000004,0.02231588000000001,-0.3732113,0.04343583000000001,-0.27978352,-0.04367793999999997,-0.27720882,0.05811208000000001,-0.14669317000000004,-0.10849884999999998,-0.12678337000000006,0.041588879999999995,-0.03454622000000007,-0.035139719999999985,-0.012764520000000057,0.027939660000000033,-0.007430080000000006,-0.027939659999999977,0.007430080000000006,0.03394653000000003,0.14246998,-0.02521051999999996,0.19415253,0.045076240000000045,0.28490768,-0.04120128000000001,0.31485778,0.014676250000000002,0.13309034999999997,-0.016523200000000016,0.11214694999999997,-0.06482091000000001,0.15042544999999996,0.07335913,0.11401885,0.0060068699999999975,0.14990006,0.011129710000000015,0.1424377,0.0027291400000000188,0.18672244999999998,-0.01599076000000005,0.12070524999999999,-0.08711376999999998,0.0025746999999999853,-0.05587932000000001,0.014860160000000011,0.03035763915570515,0.02143974657414594
0.070629995,-0.3314199200000001,0.07518771499999999,-0.34620547000000007,0.06435147499999999,-0.3529852300000001,0.06288433500000001,-0.3570200500000001,0.023091224999999993,-0.3719766400000001,0.043386725000000015,-0.2792140600000001,-0.04292002499999997,-0.2775063000000001,0.05777829499999998,-0.1456427600000001,-0.108211785,-0.1267590500000001,0.04107589499999997,-0.03320456000000005,-0.035976805,-0.01245430000000003,0.027674525000000005,-0.007158340000000041,-0.027674525000000005,0.00715833999999993,0.032934695000000014,0.14504044999999988,-0.025300825000000027,0.1958222999999999,0.045462995000000006,0.28661609999999993,-0.04098853499999999,0.31650709999999993,0.014391569999999965,0.1335713,-0.016702400000000006,0.11243820000000004,-0.06529176000000003,0.15074725,0.07223498,0.11430475000000007,0.0052601700000000085,0.15219878999999992,0.012528299999999992,0.14157565000000005,0.0023736999999999786,0.18866395999999996,-0.015687709999999966,0.12068480000000004,-0.08630674999999999,0.0017077600000000026,-0.05534905000000001,0.01431667999999997,0.029291676192483414,0.021297499875994795
0.07088994999999998,-0.33104870000000003,0.07541265000000003,-0.34588057,0.06452787999999998,-0.35256823000000004,0.0631602,-0.35638980000000003,0.0232773,-0.37110589,0.043652670000000005,-0.27780036,-0.04224012999999999,-0.27628610000000003,0.05749062999999999,-0.14462543000000005,-0.10680084000000001,-0.12635823000000002,0.04063165000000002,-0.03252337000000005,-0.03617977,-0.012673299999999998,0.02759148,-0.006957430000000042,-0.02759148,0.006957430000000042,0.03334047000000001,0.14546817,-0.025615889999999975,0.19469446999999995,0.045577690000000004,0.28670876999999995,-0.04103315000000002,0.31602533999999993,0.013837959999999982,0.13317492999999997,-0.016858979999999968,0.11210206,-0.06456071000000002,0.14992787000000002,0.07062107000000001,0.11368493000000002,0.005748990000000009,0.15242560000000005,0.012237219999999993,0.14124059999999994,0.001975590000000027,0.1877370399999999,-0.015417260000000044,0.12133086999999998,-0.08589279999999999,0.0015142599999999895,-0.05518296,0.013914860000000084,0.028699535217708683,0.02142718566347437
0.07099929500000002,-0.33264985999999996,0.07532808500000004,-0.34728432,0.06475359500000005,-0.35397582,0.06267791500000003,-0.35732466999999996,0.023447575000000054,-0.3720148,0.04331099500000002,-0.27890044999999997,-0.04257738499999997,-0.27662567,0.057022775000000026,-0.14671771999999994,-0.10679325499999998,-0.12601384999999998,0.04031789500000005,-0.034295019999999954,-0.03537482499999994,-0.015123419999999999,0.02768266500000005,-0.006999519999999926,-0.027682664999999995,0.006999520000000037,0.03292793500000002,0.14569848000000007,-0.026581164999999962,0.19383968000000007,0.04515843500000005,0.28727403000000007,-0.04218828499999999,0.3151604800000001,0.013711780000000007,0.13218273000000003,-0.016704879999999978,0.11242269999999999,-0.06421587000000001,0.15061182,0.07141843000000003,0.11089042999999998,0.005245269999999969,0.152698,0.012230500000000033,0.14157555,0.001101500000000033,0.18684016000000003,-0.01560712000000003,0.1213208,-0.08588837999999999,0.0022747799999999763,-0.055365330000000046,0.013999039999999963,0.03007812090877523,0.023422079320786205
0.07204696000000005,-0.33210609,0.07627023000000005,-0.34679273000000005,0.06573847000000005,-0.35345015,0.06329110000000004,-0.35727215,0.023966910000000063,-0.37178982000000005,0.042896950000000045,-0.27947867000000004,-0.04183003999999996,-0.27702615,0.05595070000000002,-0.14638065,-0.10561814999999997,-0.12627655000000004,0.04034503000000006,-0.03394385,-0.03482168999999996,-0.014432549999999988,0.02740395000000001,-0.007151050000000048,-0.027403949999999955,0.007151049999999937,0.03304103000000003,0.14518734999999994,-0.026237909999999975,0.19455935000000002,0.04607873000000001,0.28734424999999997,-0.04185506999999994,0.31509869999999995,0.013053749999999975,0.13309802000000004,-0.01560566999999996,0.1124368,-0.06378811000000001,0.15074959999999998,0.07079646,0.11184400000000005,0.0056370800000000165,0.15233839999999998,0.013037699999999985,0.14215690000000003,0.0011660399999999793,0.18740830000000008,-0.015617159999999963,0.12053934999999993,-0.08472699,0.0024525200000000136,-0.054807899999999965,0.014302099999999984,0.02975442292175062,0.022822678538409923
0.07157136999999997,-0.3312593200000001,0.07620956999999995,-0.34586928000000006,0.06527489999999997,-0.3528862400000001,0.06363698999999995,-0.35614348000000007,0.02355596999999998,-0.37153415000000006,0.04271748999999997,-0.27876286000000006,-0.04181533000000004,-0.2764915700000001,0.05613303999999997,-0.14568508000000002,-0.10396947000000004,-0.12476404000000008,0.040263769999999977,-0.03348308000000011,-0.03424167000000006,-0.01328138000000001,0.027336329999999964,-0.007032680000000013,-0.02733633000000002,0.007032679999999902,0.032758629999999955,0.1454537199999999,-0.025899470000000036,0.19444521999999997,0.04560464999999997,0.2883679699999999,-0.04144308000000002,0.3161492199999999,0.013415549999999998,0.13307778000000003,-0.01586926999999999,0.11220199999999991,-0.06215414,0.15172753,0.06972779999999998,0.11148266000000007,0.005422299999999991,0.1524863999999999,0.012846020000000014,0.14291425000000002,0.0014368599999999843,0.18741254000000007,-0.015543609999999985,0.12170399999999992,-0.08453282000000001,0.0022712899999999814,-0.054672659999999984,0.014065359999999916,0.029440488533881457,0.021455646207914524
0.07120022999999998,-0.33011799999999997,0.07601610999999997,-0.3447133,0.06477889999999997,-0.35178093,0.06371269999999996,-0.35493446,0.02299177999999996,-0.37042913,0.04280048999999997,-0.27829414999999996,-0.042047820000000014,-0.27574783999999997,0.055943439999999955,-0.14491836000000002,-0.10317979000000002,-0.12336630000000004,0.039827979999999985,-0.03288449999999998,-0.033606670000000005,-0.013087199999999966,0.02749647999999999,-0.007099199999999972,-0.027496480000000045,0.007099199999999972,0.032415079999999985,0.1450551,-0.02600922,0.19476947,0.045262849999999966,0.28917655,-0.041615890000000044,0.31827625000000004,0.013142949999999987,0.13337578999999994,-0.01611545999999997,0.11203386000000004,-0.06113197000000001,0.15238153999999993,0.06957312000000002,0.11027910000000007,0.004918599999999995,0.15215429999999996,0.01284776999999998,0.14412144999999998,0.0014872600000000458,0.18767027000000003,-0.015606670000000045,0.12350678000000004,-0.08484830999999998,0.002546309999999996,-0.054992960000000035,0.014198399999999944,0.028582295015271264,0.02109087875827124
0.07087734499999998,-0.33001530999999995,0.075652685,-0.34411061,0.06495106499999997,-0.35142597999999997,0.06319826499999998,-0.35395594999999996,0.023903934999999987,-0.37025448999999994,0.04250986499999998,-0.27828208,-0.042188795,-0.27655234999999995,0.05527368500000002,-0.14498398,-0.103617015,-0.12401619999999991,0.03955230500000001,-0.03240064999999992,-0.033619165000000006,-0.013463349999999985,0.02755829500000001,-0.006934349999999978,-0.02755829500000001,0.006934350000000089,0.032798145,0.14632049000000003,-0.026265295000000022,0.19525275000000009,0.04581421499999999,0.28987279,-0.04217267499999999,0.31766435000000004,0.012763820000000037,0.13329809999999997,-0.015721380000000007,0.11258333000000009,-0.061428220000000006,0.15253615000000004,0.06999785,0.11055284999999992,0.00523984999999999,0.15325484,0.01301606999999999,0.14355229999999997,0.0012929999999999886,0.1883184,-0.01590737999999997,0.12241159999999995,-0.08469865999999998,0.0017297300000000404,-0.05511659000000002,0.013868700000000067,0.028149399843870507,0.021279105019875788
0.07114167500000002,-0.33056803500000004,0.07587103500000003,-0.344792325,0.06507349500000004,-0.35173214500000005,0.06363622500000005,-0.35481093500000005,0.024470435000000013,-0.370236235,0.04377319500000004,-0.278817075,-0.04111145499999996,-0.27746181500000006,0.05582099500000004,-0.14336887500000006,-0.10259841499999997,-0.12433017499999999,0.03868859500000005,-0.03196697500000001,-0.032945734999999976,-0.013246874999999991,0.027699635,-0.00663302500000007,-0.027699635,0.006633024999999959,0.032897065,0.147880275,-0.02588228499999995,0.194893325,0.04621006500000002,0.290983825,-0.04187624499999998,0.31556202499999997,0.012047799999999997,0.13544819999999996,-0.017132399999999992,0.11140190000000005,-0.06148696000000001,0.15313164000000007,0.06965268,0.1110833,0.005197430000000003,0.15451330000000008,0.01331300000000002,0.14310354999999997,0.0018173500000000509,0.18826030000000005,-0.01599396000000003,0.12066869999999996,-0.08488465,0.0013552599999999693,-0.05539927,0.01326605000000003,0.02761460237780182,0.020560447203793932
0.07145211000000001,-0.33031616999999996,0.07626353000000002,-0.34473004999999995,0.06562111000000004,-0.35180042999999994,0.06402489000000006,-0.35592424999999994,0.024941830000000054,-0.37177399999999994,0.04285713000000002,-0.2800041,-0.04092332999999998,-0.27812860999999994,0.05519959000000002,-0.14505327999999995,-0.10313540999999996,-0.12487985000000001,0.03908708000000005,-0.03424914999999995,-0.03313982999999998,-0.012987349999999953,0.02726257000000004,-0.007069449999999922,-0.027262569999999986,0.007069450000000033,0.03432286000000001,0.14537165000000007,-0.02588280999999998,0.19561015000000004,0.04640671000000002,0.28557285,-0.042060109999999984,0.31397505000000003,0.01234246,0.13495082000000003,-0.01611250999999997,0.11080413,-0.062212079999999975,0.15324875999999993,0.06999557999999997,0.11189250000000006,0.007060289999999969,0.1524411,0.012083850000000007,0.14020119999999991,0.0013797600000000076,0.1885407,-0.016177300000000006,0.1183649,-0.08378046,0.0018754900000000352,-0.05452514000000003,0.014138899999999954,0.029640430645152607,0.020900177304214416
0.07189210500000004,-0.33070887,0.07650918500000004,-0.34522200000000003,0.06591448500000002,-0.35216947,0.06393131500000004,-0.356679,0.02452313500000003,-0.37213458,0.04235461500000004,-0.28100158000000003,-0.04168581499999996,-0.2784613,0.05447396500000001,-0.1458916,-0.10502572499999996,-0.1251356,0.03832843500000005,-0.03376610000000002,-0.033260914999999946,-0.011824700000000021,0.027309715000000012,-0.007457400000000058,-0.027309714999999957,0.007457399999999947,0.033833055,0.14418140000000002,-0.02552481499999998,0.19681366,0.04597458500000001,0.28418750000000004,-0.04240998499999998,0.31387474000000004,0.012119349999999973,0.13510998000000002,-0.016145529999999964,0.11212549999999999,-0.06333991,0.1533257,0.07176481000000001,0.11331089999999999,0.006523339999999989,0.15163880000000007,0.012141530000000011,0.14000610000000002,0.0017848999999999782,0.18935626000000005,-0.016885170000000005,0.11706108000000004,-0.08404043,0.002540280000000006,-0.05461942999999997,0.014914800000000006,0.028522971200918023,0.02017959766323399
0.07259634999999998,-0.32946497,0.07709977000000001,-0.34377232,0.06680834999999996,-0.35081443,0.06408639,-0.35486760000000006,0.025378769999999995,-0.37051338000000006,0.04235658999999997,-0.27997923,-0.04184978,-0.27673784,0.05452269999999998,-0.14501970000000008,-0.10571853,-0.12293136000000005,0.03844863999999998,-0.033112169999999996,-0.03426889999999999,-0.01052490000000006,0.027275249999999973,-0.007880200000000004,-0.02727525000000003,0.007880200000000004,0.034464700000000015,0.14147407,-0.024227160000000025,0.1973286999999999,0.04593153,0.2834108999999999,-0.04082585999999999,0.31595229999999996,0.012166110000000008,0.13495952999999994,-0.01607406,0.11190753000000009,-0.06386875,0.15380647999999997,0.07144963000000001,0.11240645999999999,0.007189450000000042,0.14935427,0.011466829999999983,0.1419368299999999,0.0030480900000000033,0.1894484999999999,-0.016598699999999966,0.11862360000000005,-0.08420636999999997,0.0032413900000000107,-0.0545505,0.015760400000000008,0.027595234265593755,0.019689053972512287
0.07233349,-0.33066065000000006,0.07690955,-0.34521148000000007,0.06620851999999999,-0.35189030000000004,0.06406208999999996,-0.35647393000000005,0.02462928999999997,-0.37115760000000003,0.04220343999999998,-0.28198350000000005,-0.04171131,-0.27820752000000004,0.05368131999999998,-0.1465151400000001,-0.10659871000000001,-0.12554450000000006,0.03807580999999999,-0.03436260000000002,-0.038709209999999994,-0.009990340000000097,0.027207709999999996,-0.008133700000000021,-0.027207709999999996,0.00813369999999991,0.03379190999999998,0.13895046,-0.02379059,0.19748959999999993,0.04678464999999998,0.28249114,-0.04051895999999999,0.31582449999999995,0.011477879999999996,0.13546835999999995,-0.015605509999999989,0.11215254000000008,-0.06488740000000001,0.15266301999999998,0.06788950000000002,0.11555415999999996,0.0065841999999999845,0.14708416000000002,0.012992740000000003,0.14354067999999998,0.0034171199999999957,0.18935590000000002,-0.016728369999999992,0.11833490000000002,-0.08391474999999998,0.003775980000000012,-0.05441541999999999,0.016267399999999932,0.028391385891146627,0.02146544497958522
0.07202177500000001,-0.3314446999999999,0.07626759500000002,-0.34554414999999994,0.066224595,-0.3526531399999999,0.06269149499999999,-0.3566164899999999,0.024462015000000004,-0.3721403199999999,0.040712744999999995,-0.28218187999999994,-0.04241213499999996,-0.2787113399999999,0.052867525000000026,-0.14743908999999988,-0.10670207499999998,-0.12538846999999986,0.03680821500000003,-0.035655279999999956,-0.03828108499999999,-0.01132951999999987,0.02697202500000001,-0.007938719999999955,-0.02697202500000001,0.007938720000000066,0.034144094999999985,0.13915368000000006,-0.02386874499999997,0.1950610800000001,0.04638814499999999,0.28184412000000003,-0.040883634999999974,0.31466588000000006,0.012154780000000032,0.13474279000000006,-0.016059309999999993,0.11178380999999993,-0.06428994000000002,0.15332287000000006,0.06842098999999999,0.11405894999999999,0.007172069999999975,0.1470924,0.012244050000000006,0.14269043999999997,0.0031032800000000416,0.18712236000000004,-0.017014890000000005,0.11960479999999996,-0.08312487999999996,0.003470540000000022,-0.05394405000000002,0.01587744000000002,0.029410173953067678,0.022341886911834398
0.07280555499999997,-0.33031153,0.07648792499999996,-0.34430026,0.06712263499999999,-0.35107006,0.062158014999999955,-0.35510291,0.025723134999999953,-0.36961073,0.04137478499999997,-0.28120053,-0.041577215,-0.27630456,0.053520584999999954,-0.14772505999999996,-0.10579672500000004,-0.12195493000000002,0.037242534999999966,-0.03545673000000005,-0.03652766500000004,-0.010585329999999948,0.02695721499999998,-0.007922929999999995,-0.026957215000000034,0.007922929999999995,0.03454384499999996,0.14126961000000005,-0.023802575000000048,0.19436900000000001,0.046975184999999975,0.28275967,-0.04037861500000001,0.31443727,0.012145799999999984,0.13347547000000004,-0.01627804999999999,0.11226832999999992,-0.06421951000000004,0.15434962999999996,0.06926906,0.11136960000000007,0.007586629999999983,0.14919254000000004,0.012431340000000013,0.14149005999999997,0.0031546399999999863,0.18644607000000002,-0.01657603999999996,0.12006826999999998,-0.08295199999999997,0.004895970000000027,-0.05391443000000001,0.01584585999999999,0.029392140955405113,0.02083624729720057
0.07265099000000003,-0.32925930000000003,0.07667315000000002,-0.34312915000000005,0.06703798999999999,-0.35004287,0.0628187,-0.35410790000000003,0.025749230000000012,-0.36914336000000003,0.04131404999999999,-0.28124582000000004,-0.04143357999999997,-0.27644640000000004,0.05348771000000002,-0.14651310000000006,-0.10407188999999997,-0.12068774999999998,0.03779315,-0.03655189999999997,-0.03335136999999999,-0.01184799999999997,0.027025350000000004,-0.008046700000000073,-0.027025350000000004,0.008046699999999962,0.03507530000000003,0.14139084000000002,-0.023402069999999997,0.19597409999999993,0.04785978000000002,0.28262255000000003,-0.04053741999999999,0.3145319,0.01217366000000003,0.13473271999999997,-0.015694560000000024,0.10996120000000009,-0.06263831,0.15575865000000005,0.07072051999999998,0.10883975000000001,0.008049950000000028,0.1494375400000001,0.012784479999999987,0.14123171,0.0036232800000000065,0.18792739999999997,-0.017135349999999994,0.11855780000000005,-0.08274762999999996,0.004799419999999999,-0.05405070000000001,0.016093400000000035,0.03047116577815811,0.020876245283345304
0.07286275999999997,-0.3310264700000001,0.07659215999999996,-0.34443479000000005,0.06765077999999997,-0.35143767000000004,0.06206796999999997,-0.35475933000000004,0.02677426999999999,-0.36997997000000005,0.04126457999999994,-0.28269197000000007,-0.04133058000000006,-0.27791557000000006,0.053278719999999946,-0.14650667000000006,-0.10354017000000004,-0.12124217000000004,0.03670678999999999,-0.03793657000000006,-0.03318398000000006,-0.015126870000000014,0.027161789999999963,-0.008008530000000014,-0.02716179000000002,0.008008529999999903,0.03401339999999997,0.14050037999999998,-0.024962120000000032,0.1955543299999999,0.04771194999999995,0.2807788299999999,-0.04188542000000006,0.31238842999999994,0.012014140000000006,0.1361853,-0.016571929999999957,0.1085701,-0.06220958999999998,0.15667340000000002,0.07035618999999999,0.10611530000000002,0.006851610000000008,0.14850891,0.013698549999999976,0.14027844999999994,0.002199669999999987,0.18754579999999998,-0.01692330000000003,0.11683410000000005,-0.08259516,0.004776400000000014,-0.05432357999999998,0.016017059999999916,0.031413287049298154,0.023906348645414188
0.07399750999999999,-0.32976855000000005,0.07756281999999998,-0.34310929000000007,0.06867371,-0.34974161000000004,0.06269972000000001,-0.35333265,0.027656279999999978,-0.36756898000000005,0.04152695000000001,-0.28272007000000005,-0.040545149999999974,-0.27633025000000005,0.05180141999999999,-0.14780525,-0.10256619,-0.11987065000000008,0.03722433000000003,-0.038290050000000075,-0.031066380000000005,-0.013816780000000084,0.02703855999999999,-0.008433550000000012,-0.02703855999999999,0.0084335499999999,0.03291002999999998,0.13898681999999996,-0.024251179999999983,0.19598704999999994,0.046119980000000005,0.28044084999999996,-0.040906659999999984,0.31300704999999995,0.01027446999999998,0.13491482000000005,-0.01457708999999996,0.10951519999999992,-0.06202104000000003,0.15645959999999998,0.07149981,0.10605387,0.00587146999999999,0.14742036999999997,0.013209950000000026,0.14145403,0.002787380000000006,0.18755350000000004,-0.01665548,0.11702000000000001,-0.08207209999999998,0.0063898199999999905,-0.05407711999999998,0.016867099999999913,0.031546164628095515,0.022611955224201633
0.07440248499999996,-0.32910047000000003,0.07735276499999999,-0.3418042,0.069431625,-0.34861787,0.061368124999999996,-0.35181054,0.028355984999999972,-0.36631202,0.04076126499999999,-0.28294023,-0.040874575000000024,-0.27732157,0.05120566500000001,-0.14760826999999999,-0.10309201500000001,-0.12121331000000002,0.03761377499999996,-0.03878106999999997,-0.03228393500000004,-0.013820700000000019,0.026999744999999964,-0.008334929999999963,-0.02699974500000002,0.008334929999999963,0.03300967499999996,0.13839082999999996,-0.023624034999999988,0.19527198,0.04634350500000001,0.28309693,-0.04094037500000003,0.31489963,0.01044440000000002,0.13533196000000003,-0.013591890000000051,0.10882720000000001,-0.062217439999999985,0.15610826,0.07080807999999997,0.10739261,0.006009929999999997,0.14672575999999993,0.013333830000000046,0.14470610000000006,0.0033757100000000317,0.18693705000000005,-0.01731634000000004,0.11962764999999997,-0.08163584000000002,0.0056186599999999975,-0.05399948999999998,0.016669859999999925,0.03224321748430979,0.022777063126158285
0.07715410500000003,-0.329638765,0.079684735,-0.34215506500000004,0.072528235,-0.34920128500000003,0.06255295500000002,-0.351854665,0.031615035000000014,-0.36661736500000003,0.04231333500000001,-0.282903365,-0.039411664999999985,-0.277890645,0.052300095000000046,-0.146819665,-0.10281024499999997,-0.12120976500000002,0.03864806500000001,-0.03709363499999996,-0.03213620499999997,-0.01132493499999998,0.02696931500000005,-0.008177635000000016,-0.026969314999999994,0.008177635000000016,0.03372173500000003,0.14247583499999994,-0.022903664999999962,0.19796688500000004,0.04970151500000003,0.286881395,-0.036527215,0.319228835,0.009986760000000039,0.13608370000000003,-0.013652030000000037,0.10972603000000003,-0.06339857999999998,0.15668087999999997,0.07067404,0.10988483000000004,0.006752419999999981,0.15065346999999996,0.01597978,0.14440556000000004,0.004065650000000032,0.18978925000000002,-0.01362355000000004,0.12126194999999995,-0.08172499999999999,0.005012720000000026,-0.05393863000000004,0.016355270000000033,0.031185385320090173,0.020175405544300706
