0,1,2,3,4,5,6,7,8,9,10,11,12,13,14,15,16,17,18,19,20,21,22,23,24,25,26,27,28,29,30,31,32,33,34,35,36,37,38,39,40,41,42,43,44,45,46,47,48,49,50,51,52,53,54,55
0.074876795,-0.262258735,0.08116604500000002,-0.266756745,0.07831399500000003,-0.280121985,0.063971695,-0.277865475,0.054386035,-0.310615705,0.027295135000000026,-0.246586305,-0.01753950500000001,-0.256625235,0.004292495000000007,-0.13882500499999995,-0.07609840499999998,-0.128742005,0.02022941500000003,-0.018219604999999972,-0.05547632499999999,-0.02242544499999999,0.014621245000000005,-0.0015956449999999789,-0.014621245000000005,0.0015956449999999789,0.007105754999999991,0.17046169499999997,-0.01108966499999997,0.196342735,-0.012250645000000004,0.292517095,-0.022737424999999978,0.292517095,-0.02300264000000002,0.10776130000000006,0.01593692000000002,0.12060539999999997,-0.05855889999999997,0.12788323000000001,0.020622079999999987,0.10631656,-0.0075154900000000135,0.17205733999999995,-0.019356399999999996,0.12205540000000004,0.003531580000000034,0.19474709,-0.011647760000000007,0.09617436000000001,-0.04483464000000004,-0.010038930000000001,-0.02924249000000001,0.0031912899999999578,0.01754444689440223,0.04739356840959011
0.07613552000000001,-0.26505732000000004,0.08250562,-0.2698092,0.07911593,-0.28299605,0.06563536999999997,-0.280843,0.05412402999999999,-0.3132491,0.028536530000000004,-0.24763947000000003,-0.017782130000000007,-0.25873744000000004,0.005743720000000008,-0.13630184,-0.07889742999999999,-0.12969360000000008,0.024009290000000016,-0.015620440000000069,-0.056083879999999975,-0.024415900000000046,0.015122770000000008,-0.0015074000000000476,-0.015122770000000008,0.0015073999999999366,0.006214290000000011,0.16910059999999993,-0.012012750000000016,0.19498169999999992,-0.012417850000000008,0.2896466,-0.02639596999999999,0.2896466,-0.022792809999999997,0.11133763000000002,0.01826557000000001,0.12068139999999994,-0.061115299999999984,0.12904383999999997,0.022813550000000016,0.10527770000000003,-0.008908479999999996,0.17060799999999998,-0.01863214000000002,0.12054600000000004,0.003110019999999991,0.1934743,-0.014383219999999974,0.09466490000000005,-0.04631866000000001,-0.011097970000000013,-0.030245540000000015,0.003014799999999984,0.016677773704904406,0.048475045284373866
0.07560176999999996,-0.26270970000000005,0.08168060999999999,-0.26743673000000007,0.07885839,-0.28036388000000007,0.06460491999999995,-0.2793736400000001,0.05474177999999996,-0.31120568000000004,0.02866943999999999,-0.24719014000000006,-0.01720809000000001,-0.2589190800000001,0.006295539999999988,-0.13496280000000005,-0.07992424000000004,-0.1319290300000001,0.025231840000000005,-0.01532420000000001,-0.05807026000000004,-0.027409700000000092,0.014823509999999984,-0.0013735000000000275,-0.01482351000000004,0.0013734999999999165,0.005819639999999959,0.16844769999999998,-0.011438830000000011,0.19427383999999992,-0.01256746000000003,0.29008919999999994,-0.024432940000000014,0.29008919999999994,-0.022373900000000002,0.11222734000000001,0.018936300000000017,0.11963860000000004,-0.06271615000000003,0.12699004999999997,0.021853979999999995,0.10451933000000002,-0.009003870000000025,0.1698212,-0.01838709999999999,0.12164149999999996,0.0033846800000000288,0.19290034,-0.012994110000000003,0.09581536000000002,-0.04587753,-0.011728940000000021,-0.029647020000000024,0.002746999999999944,0.01740561299922815,0.05194953308551002
0.07705206999999997,-0.2634258399999999,0.08320076999999998,-0.2683442699999999,0.07990070999999999,-0.2811308699999999,0.06600593999999999,-0.2800068699999999,0.05473694000000001,-0.3113654699999999,0.028812969999999993,-0.24762002999999994,-0.017299690000000034,-0.2580297099999999,0.005093239999999999,-0.13792185999999995,-0.08136666000000004,-0.13088754999999996,0.024523640000000013,-0.02128999999999992,-0.05704355999999999,-0.02704803999999994,0.01497592999999997,-0.001629099999999939,-0.014975930000000026,0.00162910000000005,0.005137649999999994,0.1691741000000001,-0.012021329999999997,0.19478775000000004,-0.013515390000000016,0.2899632000000001,-0.02680393000000003,0.2899632000000001,-0.023719729999999994,0.10969816999999998,0.019430400000000014,0.11663186000000003,-0.06406697,0.12714215999999995,0.024323100000000042,0.10383951000000002,-0.009838279999999977,0.17080320000000004,-0.01865304000000001,0.12078909999999998,0.0029546000000000294,0.19315865,-0.014782600000000035,0.09517545000000005,-0.04611266000000003,-0.010409679999999977,-0.029951859999999997,0.003258199999999989,0.021856572353736073,0.05091231533132722
0.07741356499999996,-0.2628197299999999,0.083037095,-0.2677076999999999,0.080655845,-0.2801967999999999,0.06491413499999998,-0.2798844899999999,0.056449924999999956,-0.3104595799999999,0.028622545,-0.2492060299999999,-0.016023604999999996,-0.2586330699999999,0.00542351499999999,-0.14019956999999994,-0.08091850500000003,-0.13183363999999986,0.025127114999999978,-0.02349003999999988,-0.05520470500000002,-0.027570399999999884,0.014342634999999992,-0.0017805399999999416,-0.014342634999999992,0.0017805400000000526,0.0037937149999999753,0.16989056000000013,-0.01040142500000002,0.19578560000000012,-0.014213644999999997,0.2892091000000001,-0.024424305000000035,0.2892091000000001,-0.02319903000000001,0.10900645999999997,0.019703599999999988,0.11670953000000006,-0.06489490000000003,0.12679943000000005,0.02571380000000001,0.10426323999999998,-0.010548920000000017,0.17167110000000008,-0.018007359999999972,0.11931853999999997,0.003941209999999973,0.19400506000000006,-0.014022880000000015,0.09342349999999999,-0.044646149999999996,-0.009427039999999998,-0.028685269999999985,0.0035610799999999943,0.02424061466053196,0.050310897860885946
0.07676281000000001,-0.26230879999999995,0.08308652999999999,-0.26685485,0.08051217999999999,-0.28000374999999994,0.06613059999999998,-0.27992536999999995,0.057181499999999996,-0.3123102,0.028812459999999984,-0.25065456999999997,-0.015772269999999977,-0.2607885,0.006009509999999996,-0.14102079999999995,-0.08021293000000002,-0.13110879999999991,0.02635715999999999,-0.024839100000000003,-0.05231730000000001,-0.026007200000000008,0.014235690000000023,-0.001713399999999976,-0.014235690000000023,0.001713400000000087,0.003100829999999999,0.16990870000000002,-0.011220290000000022,0.19651783,-0.014556599999999975,0.28853280000000003,-0.023986740000000006,0.28853280000000003,-0.02280294999999999,0.10963377000000002,0.020347649999999995,0.11618169999999994,-0.06444066000000004,0.12967970000000006,0.027895630000000005,0.1051015999999999,-0.011134860000000024,0.1716221,-0.017657429999999974,0.11862410000000001,0.0030154000000000014,0.19480442999999992,-0.012766449999999985,0.09201497000000003,-0.04458472999999996,-0.010133930000000013,-0.028471380000000046,0.003426800000000063,0.026109922164780582,0.0471024488169363
0.07854893999999996,-0.26110291500000005,0.08472064999999995,-0.26587771500000007,0.08188433,-0.278660155,0.06769013999999995,-0.27914966500000005,0.05768284999999995,-0.31057209500000005,0.030299609999999977,-0.24977237500000005,-0.01471033000000005,-0.259341615,0.007147849999999956,-0.14137211500000002,-0.07731982000000004,-0.130756015,0.025324139999999995,-0.025618775000000094,-0.04640945000000002,-0.02342907500000002,0.014531309999999964,-0.0017785850000000547,-0.01453131000000002,0.0017785849999999437,0.0035906799999999572,0.16943564499999997,-0.010968140000000015,0.19598978499999997,-0.014891560000000026,0.28922768499999996,-0.024745940000000022,0.28922768499999996,-0.02315176000000002,0.10840026000000003,0.01817629000000004,0.11575333999999993,-0.06260948999999999,0.12858560000000002,0.03091037000000002,0.10732693999999998,-0.010940630000000007,0.17121423000000002,-0.018482239999999983,0.11979203999999999,0.0035631700000000044,0.19421120000000003,-0.013777800000000007,0.09323789999999998,-0.045009940000000026,-0.009569239999999979,-0.029062619999999983,0.0035571699999999984,0.02616944475232523,0.04064039779007088
0.08001874999999997,-0.26176785,0.08622009999999997,-0.26660601,0.08356283999999997,-0.27949861000000004,0.06886569999999997,-0.27942163000000003,0.05985257999999999,-0.31092765000000006,0.030482699999999974,-0.25064573,-0.012904899999999997,-0.25868815,0.005369320000000011,-0.14585985,-0.07449812,-0.12874711000000005,0.022382179999999974,-0.038066810000000006,-0.03921572000000001,-0.021596320000000002,0.014253599999999977,-0.0020018500000000827,-0.014253600000000033,0.0020018499999999717,0.0033417800000000164,0.17191307999999994,-0.012302619999999986,0.19851850999999998,-0.014635320000000007,0.28867434999999997,-0.025880420000000015,0.28867434999999997,-0.025113379999999963,0.10478588,0.017012859999999963,0.10779304,-0.061593220000000004,0.12994103999999995,0.03528239999999999,0.10715079000000005,-0.010911819999999961,0.17391493000000002,-0.017977100000000024,0.11676127000000003,0.0019509800000000466,0.19651666,-0.013577800000000029,0.09015583999999999,-0.04338759999999997,-0.008042419999999995,-0.02850720000000001,0.0040037000000000544,0.036969651778424886,0.03435085242382346
0.08255168000000002,-0.26096328500000004,0.08856435000000001,-0.26596289500000003,0.08607962000000002,-0.278771135,0.07072728,-0.279636885,0.06213358000000002,-0.310772655,0.03078352000000001,-0.251716335,-0.010267899999999996,-0.258548975,0.0036910800000000132,-0.14634193500000003,-0.06965193999999997,-0.126214775,0.024036429999999998,-0.03489673500000001,-0.030073020000000006,-0.017653675000000035,0.013730960000000014,-0.0022608950000000405,-0.013730959999999959,0.0022608949999999295,0.005741640000000048,0.17287046500000003,-0.01187961999999998,0.199178305,-0.012644519999999992,0.288587065,-0.02547664999999999,0.288587065,-0.027092439999999995,0.10537439999999998,0.020345349999999984,0.11144520000000002,-0.05938403999999997,0.1323342,0.03957891999999996,0.10856109999999997,-0.007989319999999966,0.17513136000000007,-0.01838616000000004,0.11571659999999995,0.0018513399999999791,0.19691741000000007,-0.01359703000000001,0.08940875999999998,-0.041051420000000005,-0.006832640000000001,-0.027461919999999973,0.00452178999999997,0.03422427156896839,0.025761463920524783
0.08238121999999998,-0.26096104000000003,0.08826157000000001,-0.26592738000000005,0.08598116,-0.27880753,0.07017782,-0.27886636000000004,0.06189757000000001,-0.31026668,0.03126770000000001,-0.24982406000000001,-0.010421340000000001,-0.25722278000000004,0.006114569999999986,-0.14258880000000007,-0.06510809000000001,-0.12328130000000004,0.02525514000000001,-0.03355567000000004,-0.024607959999999984,-0.015131800000000029,0.013981789999999994,-0.0020038,-0.013981789999999994,0.0020038,0.004391309999999982,0.17411920000000003,-0.013533059999999986,0.19982219999999995,-0.013751779999999991,0.2884865,-0.024463630000000014,0.2884865,-0.025153130000000024,0.10723525999999994,0.019140570000000023,0.10903313000000003,-0.054686750000000006,0.13394148,0.04050013000000002,0.10814950000000001,-0.009590480000000012,0.17612300000000003,-0.018143089999999973,0.11436729999999995,0.0004487300000000083,0.19781839999999995,-0.010930570000000028,0.08866430000000003,-0.04168904000000001,-0.007398720000000025,-0.027963579999999988,0.0040076,0.033505356597406964,0.020162943144017956
0.08127194500000001,-0.2615288500000001,0.08686929500000001,-0.2663896100000001,0.08500659500000002,-0.2794652000000001,0.06796991500000005,-0.2798683300000001,0.060589855000000026,-0.3115970700000001,0.02823269500000003,-0.2519031700000001,-0.011035884999999968,-0.2581101700000001,0.004003045000000038,-0.1417322700000001,-0.06011690499999994,-0.11922797000000007,0.026964065000000037,-0.027310070000000075,-0.013934464999999951,-0.006517170000000072,0.013427225000000043,-0.002401830000000049,-0.013427224999999987,0.002401829999999938,0.004538835000000019,0.17255812999999987,-0.014273224999999945,0.19944002999999988,-0.012853174999999994,0.2868512299999999,-0.023983264999999976,0.2868512299999999,-0.02422964999999999,0.11017090000000002,0.02296102,0.11442220000000003,-0.049081019999999975,0.1388822,0.04618243999999999,0.1127108,-0.008888390000000024,0.17495995999999991,-0.017392010000000013,0.11429310000000004,-0.0008459999999999579,0.19703819999999994,-0.009710040000000031,0.08741120000000002,-0.03926858,-0.0062069999999999625,-0.02685445000000003,0.004803659999999987,0.028349011571538102,0.00893341219342308
0.081897375,-0.26415139,0.08717387499999996,-0.26935333,0.085207645,-0.28213867,0.06768644499999998,-0.28217708999999996,0.06004533499999998,-0.31298465,0.028508604999999965,-0.25266255,-0.01096978500000001,-0.25815954999999996,0.004485474999999961,-0.14124490999999995,-0.05683180500000001,-0.11768420999999996,0.027023344999999976,-0.03216447999999994,-0.007832165000000002,-0.005592309999999934,0.013613824999999968,-0.0025501500000000288,-0.013613825000000024,0.0025501500000000288,0.004062924999999995,0.17148510000000006,-0.014171385000000036,0.1987584,-0.013475865000000031,0.28402165,-0.02273565500000002,0.28402165,-0.024023130000000004,0.11141764000000004,0.022537870000000015,0.10908043,-0.04586202,0.14047534,0.04899964000000001,0.11209190000000002,-0.009550899999999973,0.17403525000000009,-0.017538790000000026,0.11253654999999996,-0.0005575600000000125,0.19620824999999997,-0.008564269999999985,0.08526325000000001,-0.039478389999999974,-0.005496999999999974,-0.027227649999999992,0.0051003000000000576,0.032508826001246105,0.009986353048395577
0.08255992500000003,-0.2646307600000001,0.08835566500000003,-0.26984060000000004,0.08558854500000002,-0.28263795,0.07020950500000006,-0.2823454000000001,0.061006185000000046,-0.31309798000000005,0.03317698500000005,-0.25409206000000006,-0.010282754999999977,-0.25846466000000007,0.012590345000000058,-0.14691940000000003,-0.052344474999999946,-0.11640700000000004,0.030619385000000054,-0.050141300000000055,-0.0017035949999999467,-0.0081198400000001,0.015252475000000043,-0.002487300000000081,-0.015252474999999988,0.00248729999999997,0.00723439500000006,0.17368099999999997,-0.014107344999999938,0.19991189999999992,-0.009723544999999945,0.28283879999999995,-0.02301159499999994,0.28283879999999995,-0.02058663999999999,0.10717266000000003,0.018029039999999996,0.09677809999999998,-0.04206171999999997,0.14205766000000003,0.05064088,0.10828715999999994,-0.008018079999999983,0.17616830000000006,-0.016957940000000005,0.10915779999999997,0.0011451300000000497,0.19742459999999995,-0.008904250000000002,0.08292690000000003,-0.043459740000000024,-0.004372600000000004,-0.03050495000000003,0.004974600000000051,0.05007040681828037,0.017207079015161247
0.08372510999999999,-0.26656225,0.08946727999999998,-0.27210495,0.08655253999999996,-0.2844117,0.07113027999999999,-0.28617722,0.06127611999999999,-0.31571707,0.03120887999999994,-0.25854665,-0.008069380000000015,-0.26053125,0.008483539999999956,-0.1491599,-0.04786174000000004,-0.1162917,0.03086129999999998,-0.04655545999999999,0.0048211799999999805,-0.008758069999999951,0.014018519999999979,-0.0030443700000000185,-0.014018520000000034,0.0030443700000000185,0.0075985599999999764,0.17223286999999998,-0.012538060000000018,0.19939609999999997,-0.008700000000000041,0.2796672,-0.021531570000000055,0.2796672,-0.022725339999999983,0.10938674999999998,0.022377760000000024,0.10260444000000002,-0.03979236000000003,0.14423955,0.05268292000000002,0.10753363000000005,-0.006419960000000002,0.17527724,-0.016298560000000017,0.10743433000000002,0.0014804600000000168,0.19635172999999995,-0.008993510000000038,0.08027110000000004,-0.039278259999999954,-0.001984600000000003,-0.028037040000000013,0.006088740000000037,0.04665719870627145,0.022231326682040364
0.08448292499999999,-0.2705683600000001,0.089838105,-0.2758047000000001,0.08802141499999999,-0.2883150800000001,0.07048304499999997,-0.2899613600000001,0.06367661499999999,-0.3200525300000001,0.03125335499999998,-0.2616611600000001,-0.006852634999999996,-0.2638795300000001,0.012608685000000008,-0.14917906000000014,-0.043594995000000025,-0.11506360000000004,0.04072706500000001,-0.05631390000000014,0.010365234999999973,-0.010165700000000055,0.013385615000000017,-0.003059600000000051,-0.013385615000000017,0.00305959999999994,0.008020364999999974,0.1710719999999999,-0.01057366500000001,0.19851914999999987,-0.009432914999999986,0.2754243999999999,-0.01633648500000001,0.2754243999999999,-0.018644669999999974,0.11248209999999997,0.02811838,0.09286516,-0.03674236000000003,0.14881593000000004,0.05396023,0.10489789999999999,-0.005365250000000044,0.17413159999999994,-0.01745327999999996,0.10435240000000001,0.0028119500000000075,0.19545954999999993,-0.005762820000000002,0.07690525000000004,-0.03810598999999998,-0.0022183699999999695,-0.026771230000000035,0.006119199999999991,0.05986297149818499,0.02718476477390414
0.08471614999999999,-0.27468389,0.08979224999999996,-0.28033516,0.08808794999999997,-0.29249328,0.06940897999999995,-0.29434865,0.06341209999999997,-0.32327772,0.029220009999999963,-0.2660321,-0.006926000000000043,-0.26489985,0.00768204999999994,-0.15398491999999997,-0.04226083000000003,-0.11614159000000002,0.032627519999999965,-0.04571332000000006,0.012841399999999947,-0.011850519999999976,0.012908399999999987,-0.00374958000000003,-0.012908400000000042,0.00374958000000003,0.00850801999999995,0.17190097999999998,-0.009697620000000018,0.20049772,-0.00952012000000002,0.27160308,-0.015020110000000031,0.27160308,-0.021537960000000023,0.11204718000000002,0.024945470000000025,0.10827159999999991,-0.035334829999999984,0.14875825999999998,0.055102229999999974,0.10429107000000004,-0.004400380000000037,0.17565056,-0.01802813999999997,0.09970210000000002,0.003210780000000024,0.19674813999999996,-0.005322490000000013,0.07110536,-0.036146010000000006,0.0011322500000000013,-0.02581680000000003,0.00749916000000006,0.046365926803656164,0.03010673213834407
0.08355002499999997,-0.27442529500000007,0.08848835500000002,-0.27964086500000007,0.08766274499999999,-0.29183110500000004,0.06797800500000001,-0.2942525450000001,0.063710975,-0.32359752500000005,0.028813645,-0.2666922850000001,-0.007595104999999991,-0.26530802500000006,0.013373574999999971,-0.1589833650000001,-0.040684355000000005,-0.1137413650000001,0.046867145,-0.0852647150000001,0.01285849499999997,-0.00962846500000003,0.012756924999999975,-0.003907535000000073,-0.01275692500000003,0.003907534999999962,0.00874532499999997,0.17127397499999997,-0.011486184999999982,0.2020317049999999,-0.010180964999999986,0.27163973499999994,-0.01236008500000002,0.27163973499999994,-0.015440070000000028,0.10770891999999999,0.03349357000000003,0.07371865,-0.033089250000000014,0.15156665999999996,0.053542849999999975,0.10411290000000006,-0.004011600000000004,0.17518151000000004,-0.018926289999999957,0.10036575999999997,0.001270740000000048,0.19812416999999993,-0.0008739000000000385,0.06960803000000004,-0.03640874999999999,0.001384260000000026,-0.025513850000000005,0.007815070000000035,0.08821846658155426,0.0289719353474427
0.08319534999999995,-0.2756140800000001,0.08738304999999996,-0.28119939000000005,0.08671627999999998,-0.29237649000000004,0.06668820999999997,-0.2967422600000001,0.06134773999999993,-0.32376483000000006,0.030145429999999973,-0.26630283000000005,-0.008338890000000043,-0.26549831000000007,0.019710309999999953,-0.15289793000000007,-0.03991889000000004,-0.11147657000000011,0.05520047999999994,-0.09443073000000002,0.013546189999999958,-0.007072000000000078,0.01345588999999997,-0.0038494700000000215,-0.013455890000000026,0.0038494699999999105,0.009685209999999944,0.17001926999999994,-0.013668520000000073,0.2012803299999999,-0.008592730000000048,0.27045586999999993,-0.014879210000000032,0.27045586999999993,-0.01043512000000002,0.11340489999999998,0.03549016999999999,0.05846720000000005,-0.03158,0.15402173999999996,0.05346508,0.10440457000000003,-0.0037706800000000262,0.17386873999999997,-0.018277939999999993,0.10043659999999999,-0.00021263000000004695,0.19743085999999999,-0.0012106899999999587,0.06917554000000004,-0.038484320000000016,0.0008045199999999753,-0.026911779999999996,0.007698939999999932,0.09973753284223395,0.029127149384848817
0.08266065,-0.275736925,0.08665087999999999,-0.28048470500000006,0.08596440999999999,-0.29244079500000003,0.06614782999999996,-0.29641809500000005,0.06014062999999997,-0.32433267500000007,0.031989160000000016,-0.263995615,-0.00927791,-0.26575022500000006,0.02355786999999998,-0.152425405,-0.04270407000000004,-0.10862934499999999,0.05883566000000001,-0.088966675,0.010489849999999967,-0.0032146750000000557,0.013830929999999964,-0.0027775750000000876,-0.013830930000000019,0.0027775749999999766,0.008954669999999998,0.17424148499999992,-0.011622169999999987,0.1997808849999999,-0.011618440000000008,0.27190852499999996,-0.01694420000000002,0.27190852499999996,-0.008431290000000036,0.11157021,0.03527779000000003,0.06345873000000002,-0.03342616000000004,0.15712088000000007,0.053193920000000006,0.10541466999999993,-0.004876259999999966,0.17701906,-0.020573110000000006,0.09766704000000004,0.002208760000000032,0.19700330999999993,-0.005322030000000033,0.07212764000000005,-0.04126707000000002,-0.0017546100000000453,-0.027661859999999983,0.005555150000000064,0.09723161358932027,0.02504810172190499
0.08429141499999998,-0.27663009,0.08791593499999995,-0.28170772,0.08810575499999995,-0.29303935,0.06616120499999995,-0.29661409,0.06282647499999999,-0.32393215,0.031208474999999958,-0.26593176999999996,-0.007494495000000045,-0.26559311999999996,0.026543274999999977,-0.14906401999999996,-0.03764264500000003,-0.10797842000000002,0.062752535,-0.08710392,0.012124284999999957,0.00030779000000003,0.013299064999999999,-0.0037170499999999995,-0.013299065000000054,0.0037170499999999995,0.011009294999999975,0.17005025000000007,-0.010491415000000004,0.20064579000000005,-0.006285365000000043,0.27107625,-0.012670205000000045,0.27107625,-0.0046651999999999805,0.11686774999999999,0.03620926000000002,0.06196009999999996,-0.030148149999999985,0.15761469999999994,0.04976692999999999,0.10828621000000005,-0.0022897700000000243,0.17376730000000007,-0.017294660000000017,0.10102599999999995,0.0028076500000000504,0.19692874000000005,-0.0021787900000000415,0.07043045999999997,-0.03870297,0.0003386499999999959,-0.026598130000000053,0.007434099999999999,0.09694852130609213,0.025650921600794394
0.08257799000000005,-0.27625388000000006,0.08600355000000004,-0.28073948000000004,0.08626501000000003,-0.29252088000000004,0.06441818000000005,-0.29746467000000004,0.060079910000000014,-0.32508465000000003,0.0303369,-0.26604455000000005,-0.009604000000000001,-0.2665062,0.02664085000000005,-0.1519314300000001,-0.041115349999999995,-0.10594950000000003,0.06222458000000003,-0.0847585500000001,0.007545990000000002,0.00819559999999997,0.01329045000000001,-0.003199000000000063,-0.013290449999999954,0.003198999999999952,0.010802520000000038,0.17282739999999996,-0.00967032999999995,0.20126319999999998,-0.010300389999999993,0.27054789999999995,-0.015794829999999982,0.27054789999999995,-0.0036960499999999508,0.11411311999999996,0.03558372999999998,0.06717287999999999,-0.031511349999999994,0.1605567,0.04866134,0.1141451,-0.0024879299999999716,0.17602640000000003,-0.02110291000000003,0.09772049999999999,0.0036201200000000044,0.19806420000000002,-0.006124500000000033,0.06928469999999998,-0.0399409,-0.00046164999999998013,-0.026580899999999963,0.006398000000000015,0.0951131393397327,0.02142716134800871
0.08213224499999999,-0.28100231499999995,0.08600708500000004,-0.285704645,0.08590877499999999,-0.29775041499999993,0.06489777499999999,-0.30261848499999994,0.05975171500000004,-0.331083635,0.029485225000000004,-0.26893218499999993,-0.010306384999999973,-0.27065066499999996,0.023131905000000008,-0.14860931499999996,-0.042479184999999975,-0.10550248499999992,0.06212954500000001,-0.080776285,0.005250544999999995,0.014365285000000005,0.013161805000000026,-0.0031962150000000022,-0.013161804999999971,0.0031962150000000022,0.01152694500000001,0.17261701500000004,-0.01080143499999997,0.202013915,-0.009695524999999983,0.26643451500000004,-0.012875754999999989,0.26643451500000004,-0.006353319999999996,0.12032286999999997,0.03899764,0.06783302999999996,-0.0321728,0.16514818000000003,0.04772972999999997,0.11986776999999993,-0.0016348600000000157,0.17581323000000004,-0.021222469999999993,0.0938175,0.0023603700000000005,0.19881769999999999,-0.0020743200000000184,0.06442060000000005,-0.03979160999999998,-0.0017184800000000222,-0.026323609999999997,0.0063924300000000045,0.09174152179854277,0.021535151663905197
0.08129553,-0.28297523999999996,0.08503950999999998,-0.28817687999999997,0.08547481000000001,-0.29999802999999997,0.06279080999999997,-0.30358423,0.059361739999999996,-0.33253275,0.026536689999999974,-0.26927216,-0.012023190000000017,-0.27107412999999997,0.02093930999999999,-0.142934,-0.04219486,-0.10847790000000002,0.060557589999999994,-0.07644359999999994,-0.0008857400000000237,0.010822600000000016,0.01276666999999998,-0.0037127999999999606,-0.01276666999999998,0.0037127999999999606,0.010713440000000019,0.17020350000000006,-0.012839719999999999,0.20297710000000002,-0.008366240000000025,0.2637568,-0.006273550000000017,0.2637568,-0.005597379999999985,0.12633815999999998,0.039618280000000006,0.06649040000000006,-0.030171669999999984,0.16259622999999995,0.04130911999999998,0.11930050000000003,-0.0020532299999999615,0.17391630000000002,-0.019079680000000043,0.09355329999999995,-7.305000000001893e-05,0.19926430000000006,0.006566169999999982,0.06077969999999999,-0.03855987999999999,-0.001801969999999986,-0.02553333999999996,0.007425599999999921,0.08702724460240253,0.013845784690832792
0.08033088999999999,-0.28738242,0.08452109999999996,-0.29186881,0.08502544999999995,-0.30475065,0.06316740999999998,-0.30805221,0.05964187999999998,-0.33917825,0.02651266999999996,-0.27051762,-0.012399930000000059,-0.27639715,0.019521099999999958,-0.14049495,-0.04557933000000003,-0.10739944999999995,0.06439224999999998,-0.07113451000000004,-0.002005050000000008,0.01576674999999994,0.012560289999999974,-0.0026621500000000298,-0.01256029000000003,0.0026621500000000298,0.011326849999999944,0.17539925,-0.013425150000000052,0.20482955000000003,-0.01044489000000004,0.25984025,-0.00963868000000001,0.25984025,-0.0069915700000000025,0.13002267,0.044871150000000026,0.06936043999999997,-0.03317939999999997,0.16899770000000003,0.04357428000000002,0.12316619999999989,-0.00123344000000003,0.17806140000000004,-0.021771739999999984,0.08444099999999999,-0.0008648600000000228,0.2021674,0.0037864700000000417,0.05501069999999997,-0.03891260000000002,-0.005879529999999966,-0.025120580000000003,0.0053243000000000595,0.0858779142819107,0.016826872336165092
0.07811024999999999,-0.28682325000000003,0.08327824,-0.29098288,0.08285249,-0.30454296000000003,0.06360725,-0.30787111,0.057712739999999985,-0.34076563000000004,0.026478349999999984,-0.27241591000000004,-0.01465540999999998,-0.27775115,0.02170050000000001,-0.14260578000000002,-0.047106329999999974,-0.10517357999999999,0.06364516999999997,-0.06727798000000007,-0.0032034499999999966,0.02032721999999998,0.013341009999999986,-0.0028391199999999728,-0.013341009999999986,0.0028391199999999728,0.012446230000000003,0.17279281999999996,-0.014074230000000021,0.20312341999999994,-0.008571859999999987,0.25907072,-0.01114272999999999,0.25907072,-0.004777849999999972,0.12981013000000002,0.04194466999999996,0.07532779999999994,-0.032450919999999994,0.17257757,0.04390287999999998,0.12550079999999997,-0.0008947799999999839,0.17563193999999993,-0.02101808999999999,0.08627790000000002,-0.0007332200000000344,0.20028429999999997,0.0029315000000000313,0.05594730000000003,-0.041133759999999964,-0.005335239999999963,-0.026682019999999973,0.0056782399999999456,0.08174885437365596,0.020213949746736782
0.07918386,-0.29140284000000005,0.08359912999999997,-0.29569729,0.08414343999999996,-0.30890782,0.06239134999999996,-0.31284954000000004,0.059171360000000006,-0.34480032000000005,0.025902639999999977,-0.27663152,-0.013822930000000011,-0.28227329,0.02000806999999999,-0.14364015000000008,-0.04604773000000001,-0.10958681999999997,0.06427558,-0.06935162000000006,-0.0073881600000000325,0.019364129999999924,0.013034089999999998,-0.0027301800000000265,-0.013034089999999998,0.0027301800000000265,0.01409933999999996,0.17468452999999995,-0.014846460000000006,0.20472437999999993,-0.007967610000000014,0.25424958,-0.00942111000000001,0.25424958,-0.005894569999999988,0.13299136999999994,0.04426751000000001,0.07428853000000002,-0.0322248,0.17268647000000004,0.038659569999999976,0.1289509499999999,0.001065249999999962,0.17741470999999998,-0.022066949999999974,0.07956505000000003,-0.0018123700000000076,0.2019941999999999,0.0054253499999999955,0.04952520000000005,-0.03972556999999999,-0.00564176999999999,-0.026068179999999996,0.005460360000000053,0.08404823951216174,0.017566013155164043
0.08014632499999996,-0.29427446,0.08433373499999997,-0.29904044,0.08465488499999996,-0.311736,0.06232343499999998,-0.31593756,0.05849753499999999,-0.34645043,0.025509314999999977,-0.27934638,-0.014163935000000016,-0.28218497,0.020437344999999996,-0.14881062999999994,-0.046517065000000024,-0.11117120000000003,0.06352036499999997,-0.07152563999999995,-0.012446435000000033,0.02095849999999999,0.012980414999999967,-0.0033556999999999615,-0.012980415000000023,0.0033556999999999615,0.013417915000000002,0.1750988,-0.014899565000000004,0.20777999999999996,-0.007556005000000032,0.2509095,-0.008430884999999999,0.2509095,-0.005071969999999981,0.13053575000000006,0.04308301999999997,0.07728499,-0.03235313000000001,0.17101376999999995,0.03407062999999999,0.13212970000000002,0.0004375000000000351,0.17845449999999996,-0.020973920000000035,0.07581070000000001,-0.0019191499999999806,0.2044243,0.006468680000000004,0.04312950000000004,-0.03967324999999999,-0.002838589999999974,-0.02596082999999999,0.006711399999999923,0.08486122356887213,0.017610897265057254
0.07984596,-0.29549856999999996,0.08403401999999999,-0.30000561,0.08473164,-0.31287451999999993,0.06170492999999999,-0.31661824999999993,0.058700439999999965,-0.34760512999999993,0.025683279999999975,-0.28019625,-0.01563296000000003,-0.28177257999999994,0.021881099999999987,-0.14958914999999995,-0.048324000000000034,-0.10847448999999998,0.06222164999999996,-0.07151724999999998,-0.018460420000000033,0.023320150000000095,0.013378899999999971,-0.00357984999999994,-0.013378900000000027,0.003579850000000051,0.01337499999999997,0.16876955000000005,-0.016989169999999998,0.20258835000000008,-0.009062349999999997,0.24946595000000005,-0.00862470000000004,0.24946595000000005,-0.0038021799999999883,0.13060710000000003,0.040340549999999975,0.07807189999999997,-0.032691040000000005,0.17329808999999996,0.02986358,0.13179464000000007,-3.900000000001125e-06,0.17234939999999999,-0.022437349999999967,0.0806964,-0.003610269999999971,0.19900850000000003,0.008364469999999957,0.046877599999999964,-0.041316240000000004,-0.0015763299999999592,-0.026757799999999998,0.007159699999999991,0.08367260331985915,0.020383848743561698
0.08024442000000004,-0.29434302999999995,0.08377620000000002,-0.29937416999999994,0.08462751000000002,-0.31134066999999993,0.06049544000000001,-0.31608867999999996,0.05707040000000002,-0.34464144999999996,0.023844120000000024,-0.27955553999999994,-0.01549575999999997,-0.27810719999999994,0.021170880000000003,-0.14899489999999993,-0.04928585999999996,-0.10572424999999996,0.06281730000000002,-0.06821779999999988,-0.02279475999999997,0.029885850000000103,0.012774110000000005,-0.004392899999999922,-0.012774110000000005,0.004392900000000033,0.01279294000000003,0.16198830000000008,-0.01756977999999998,0.19987710000000003,-0.006183689999999964,0.25038650000000007,-0.01093670999999996,0.25038650000000007,-0.002673240000000021,0.13056064,0.04164642000000002,0.08077710000000005,-0.03379009999999999,0.17238294999999998,0.02649109999999999,0.13561010000000007,1.8830000000025215e-05,0.1663812,-0.018976629999999994,0.08839819999999998,-0.004795669999999974,0.1954842,0.006633070000000019,0.05050940000000004,-0.039339879999999994,0.0014483399999999924,-0.02554822000000001,0.008785799999999955,0.08110449263379986,0.027391676219702267
0.07873784,-0.29500692999999995,0.08235003999999996,-0.30015941999999995,0.08349173999999998,-0.31193305,0.059131639999999985,-0.31731984999999996,0.056882639999999984,-0.34563722999999996,0.022875790000000007,-0.28159552,-0.016340430000000017,-0.27823388,0.02052843999999998,-0.1490471,-0.05001095999999999,-0.10193144999999992,0.06111391999999999,-0.0694302,-0.024355410000000022,0.03155741000000001,0.012749279999999974,-0.00481935,-0.01274928000000003,0.00481935,0.013725159999999959,0.15749705000000003,-0.01853919000000004,0.19709662000000006,-0.005503660000000021,0.24889395000000003,-0.010448010000000008,0.24889395000000003,-0.002347350000000026,0.13254842,0.04058548000000001,0.07961689999999999,-0.033670529999999976,0.17630243000000007,0.02565554999999997,0.13348885999999993,0.0009758799999999845,0.16231640000000003,-0.01922881999999998,0.0913969,-0.005789910000000009,0.19227727000000006,0.008091180000000031,0.051797329999999975,-0.039216220000000024,0.003361639999999999,-0.025498560000000003,0.0096387,0.08070749866060836,0.029148346542136834
0.07606538499999999,-0.302781275,0.080475835,-0.307998445,0.08074656499999999,-0.320126875,0.05835256499999997,-0.324665925,0.05400800499999997,-0.354084245,0.020918484999999987,-0.287644145,-0.01874256499999999,-0.284133875,0.02073344499999996,-0.15375357499999998,-0.05131659500000002,-0.10280942500000001,0.06397121499999997,-0.07613407500000002,-0.02922127499999999,0.04403282500000005,0.012893884999999994,-0.004975724999999986,-0.012893884999999994,0.004975724999999986,0.013027814999999998,0.159018765,-0.019911235000000027,0.20022518499999997,-0.0038701650000000365,0.240517325,-0.011051564999999985,0.240517325,-0.00018504000000002518,0.13389057000000004,0.04323777000000001,0.07761949999999995,-0.03257403000000003,0.18132444999999997,0.02209532000000003,0.14684225000000006,0.00013393000000000432,0.16399449,-0.016897980000000035,0.08149856,-0.007017350000000033,0.19524945999999999,0.008859670000000042,0.04029214000000003,-0.039661049999999975,0.0035102700000000375,-0.025787769999999988,0.009951449999999973,0.08759226229896909,0.04233250198868601
0.07572107,-0.30537918499999994,0.08040431000000003,-0.31095458499999995,0.08051097000000002,-0.32267184499999996,0.05835650000000003,-0.32832704499999993,0.05350927,-0.35700498499999994,0.019298670000000018,-0.29197712499999995,-0.01964513000000001,-0.28512256499999994,0.016756450000000034,-0.15722648499999992,-0.052895990000000004,-0.09990888499999995,0.06143799999999999,-0.08115378499999992,-0.03291928999999999,0.04802931500000007,0.012712450000000042,-0.0057942149999999915,-0.012712449999999986,0.0057942149999999915,0.013012230000000014,0.15670621500000004,-0.022119129999999987,0.20123441500000006,-0.0040254299999999965,0.23701871500000005,-0.011125200000000002,0.23701871500000005,-0.002542219999999984,0.13475064000000003,0.04468154999999996,0.0760727,-0.03325085999999999,0.18521368,0.019976700000000014,0.14793820000000002,0.00029977999999997174,0.16250043000000003,-0.01703766000000001,0.08031250000000001,-0.00940668,0.19544020000000006,0.010993929999999985,0.03578429999999999,-0.03894380000000003,0.0068545600000000095,-0.025424900000000028,0.011588429999999983,0.08973986858351969,0.04682008174699834
0.07468640999999998,-0.30670276499999993,0.07954061000000001,-0.31251104499999993,0.07915046999999997,-0.32419404499999993,0.05784262000000001,-0.32975310499999994,0.051520710000000025,-0.35826811499999994,0.018646419999999997,-0.29206401499999995,-0.02138899999999999,-0.28433264499999994,0.016527899999999984,-0.156669375,-0.05571511000000001,-0.097166745,0.06143191999999997,-0.08304488499999996,-0.036915450000000016,0.05258160500000009,0.01292565000000001,-0.006182904999999961,-0.01292565000000001,0.006182905000000072,0.01278642000000002,0.15811835500000004,-0.022456370000000003,0.20505529500000008,-0.005821999999999994,0.23553675500000004,-0.012410900000000002,0.23553675500000004,-0.0021185200000000126,0.13539463999999996,0.04490401999999999,0.07362449000000004,-0.03432611000000002,0.18716589999999994,0.018799659999999996,0.14974835000000009,-0.0001392299999999902,0.16430126,-0.018608420000000014,0.0774184,-0.009530719999999993,0.19887239,0.01004547,0.03048145999999996,-0.04003541999999999,0.007731370000000015,-0.02585130000000002,0.012365810000000033,0.09088796509347812,0.05223360858422479
0.07326731999999997,-0.30620793500000004,0.07812214999999995,-0.312079835,0.07744934999999997,-0.32377220500000004,0.05665994999999996,-0.329578415,0.04864879,-0.358110415,0.017941629999999986,-0.29111173500000004,-0.024331830000000054,-0.282911405,0.019763329999999968,-0.15410648500000002,-0.059067950000000036,-0.09407340500000005,0.06567821999999995,-0.07795016500000007,-0.04050465000000003,0.05840142500000001,0.013403849999999995,-0.006588264999999982,-0.01340385000000005,0.006588264999999982,0.012661199999999984,0.15771992499999998,-0.022479850000000023,0.207410565,-0.006013470000000021,0.23587806499999997,-0.01316255000000005,0.23587806499999997,0.0018216999999999817,0.13700525000000002,0.045914889999999986,0.07615631999999994,-0.03473611999999998,0.18883799999999995,0.018563300000000005,0.15247483000000006,-0.0007426500000000114,0.16430818999999997,-0.018674670000000004,0.07815813999999999,-0.009075999999999973,0.2008223,0.009317299999999973,0.02846749999999998,-0.04227346000000004,0.008200330000000033,-0.026807700000000045,0.013176529999999964,0.0884597678637408,0.058472702262043624
0.07288437000000003,-0.30863085,0.07740044000000001,-0.31478535,0.07611760000000001,-0.32619125,0.055809300000000006,-0.33228061,0.04560914000000005,-0.35972415,0.019029280000000037,-0.29283863,-0.027055779999999974,-0.28494212,0.021063650000000045,-0.15705325000000003,-0.06194299999999997,-0.09801134999999994,0.06568962,-0.08349474999999995,-0.04313529999999999,0.05506725000000001,0.01471100000000003,-0.006500509999999959,-0.014710999999999974,0.006500509999999959,0.012816270000000018,0.15844395,-0.022815399999999986,0.20672314999999997,-0.006736849999999961,0.23233375,-0.012985179999999985,0.23233375,0.0020343700000000076,0.13578537999999996,0.04462596999999996,0.07355850000000008,-0.03488722,0.18693077000000008,0.018807699999999983,0.15307859999999995,-0.0018947300000000111,0.16494445999999996,-0.01955311999999998,0.0738898,-0.008104400000000012,0.20022264,0.00983022,0.02561060000000004,-0.04608506000000001,0.007896509999999968,-0.029422000000000004,0.013001019999999919,0.09234139207463789,0.05627316469435148
0.07210347,-0.30890003000000005,0.07655772999999999,-0.31491429000000004,0.07497486000000003,-0.32625291000000006,0.05506203000000004,-0.33254235000000004,0.04395673,-0.35952422000000006,0.02019726999999999,-0.29455030000000004,-0.029249219999999965,-0.28499267000000006,0.025832030000000006,-0.16491431,-0.06400899999999998,-0.10034639000000001,0.06850610000000001,-0.08592875,-0.044582299999999964,0.05475215,0.01552853000000004,-0.006720950000000059,-0.015528529999999985,0.006720949999999948,0.012121470000000023,0.15584098999999996,-0.020789469999999977,0.2033699499999999,-0.008420139999999965,0.23202144999999996,-0.010320129999999983,0.23202144999999996,0.005634760000000016,0.12963599000000003,0.04267407000000001,0.07898556000000001,-0.03475978000000002,0.18464628000000005,0.01942670000000002,0.15509854,-0.0034070600000000173,0.16256194000000002,-0.020541609999999988,0.07618046,-0.005260939999999992,0.19664899999999996,0.010469339999999994,0.028651500000000052,-0.049446489999999954,0.009557629999999984,-0.031057060000000025,0.013441900000000007,0.09529164970733212,0.05613481740108276
0.07046721,-0.30960643000000004,0.07511276,-0.31590535000000003,0.07266557000000001,-0.32699072,0.05435914000000003,-0.33220075000000004,0.04111564000000001,-0.35858953000000005,0.022330550000000005,-0.29196530000000004,-0.031919030000000015,-0.28253051,0.029729820000000018,-0.16488400000000003,-0.06425767999999998,-0.10097045000000004,0.07353509000000003,-0.08085450000000005,-0.04486480999999998,0.054816949999999975,0.016929589999999994,-0.006582550000000076,-0.016929589999999994,0.006582549999999965,0.010975269999999981,0.16271185,-0.022685809999999973,0.20911124999999997,-0.011512409999999973,0.23147764999999998,-0.008729189999999998,0.23147764999999998,0.007399270000000013,0.1270813,0.04380527000000001,0.08402949999999998,-0.03233864999999997,0.18156005999999997,0.019392870000000006,0.15578740000000002,-0.005954320000000013,0.16929440000000007,-0.022487679999999954,0.06876579999999999,-0.005756219999999979,0.2025287,0.013956619999999975,0.02236640000000001,-0.05424958000000002,0.009434790000000026,-0.03385917999999999,0.01316510000000004,0.09338364517972352,0.05573987674733772
0.07009085999999998,-0.30937009,0.07411521999999998,-0.31618392,0.07147907999999997,-0.326826,0.05295985999999997,-0.33258915,0.03850870000000001,-0.35783573,0.02163105999999998,-0.28842311,-0.032979670000000016,-0.28235038,0.03140717999999998,-0.15409854999999995,-0.06666500000000003,-0.10047284999999995,0.0868854,-0.07433601000000001,-0.04515385999999999,0.056492050000000016,0.01663904999999999,-0.00614994999999996,-0.01663904999999999,0.00614994999999996,0.009674640000000012,0.1657419,-0.021110000000000018,0.21063940000000003,-0.01376527999999999,0.23096905,-0.006334960000000001,0.23096905,0.00977612,0.13432456000000004,0.05547822000000002,0.07976253999999994,-0.03368533000000001,0.18187753000000006,0.02151114000000004,0.15696489999999996,-0.0069644099999999765,0.17189184999999996,-0.023439920000000003,0.06522715000000001,-0.004470950000000029,0.20448945000000007,0.014775040000000017,0.020329649999999977,-0.054610729999999996,0.006072729999999971,-0.03327809999999998,0.01229989999999992,0.09789733636134391,0.05785690470243034
0.07046224999999995,-0.30935619500000006,0.07421078999999997,-0.31603119500000004,0.07164200999999998,-0.32685413500000005,0.052772459999999966,-0.33285899500000005,0.037549629999999945,-0.35834285500000007,0.020933889999999955,-0.2887188150000001,-0.03351207000000006,-0.282796945,0.03482630999999997,-0.15549759500000004,-0.06724437000000005,-0.10083249500000002,0.09502662999999995,-0.073822995,-0.04474007000000002,0.05703350499999993,0.01642992999999998,-0.006264865000000008,-0.016429930000000037,0.006264865000000008,0.010495929999999987,0.166078505,-0.018994900000000037,0.2112713049999999,-0.013450470000000048,0.23072010499999995,-0.007672100000000015,0.23072010499999995,0.013892420000000016,0.13322122000000003,0.060200319999999974,0.08167460000000004,-0.03373229999999999,0.18196445,0.022504300000000033,0.15786599999999995,-0.005933999999999995,0.17234337,-0.023946400000000034,0.06464159999999997,-0.0025649699999999998,0.2050064399999999,0.011322800000000022,0.019448800000000044,-0.054445960000000015,0.005921870000000051,-0.03285986000000002,0.012529730000000017,0.10364141151097322,0.058128468363351796
0.07012758999999996,-0.31223799999999996,0.07387748999999999,-0.31866468,0.07160736000000001,-0.32973886999999996,0.05220168999999997,-0.33495814999999995,0.038241639999999966,-0.36113246,0.020648609999999956,-0.29066995999999995,-0.033886110000000025,-0.28500502,0.03558591999999999,-0.1601804,-0.06825073000000004,-0.10393374,0.09866701,-0.07558299999999996,-0.04417904,0.052532400000000035,0.016343190000000007,-0.006131800000000021,-0.016343190000000007,0.006131800000000021,0.010794789999999999,0.17047025000000005,-0.01802161000000002,0.21381519999999998,-0.01505635999999999,0.22813280000000002,-0.007784910000000034,0.22813280000000002,0.014937310000000037,0.13048955999999995,0.06308109,0.08459740000000004,-0.03436462000000001,0.18107128,0.024071690000000034,0.15646614000000003,-0.005548400000000009,0.17660205000000007,-0.02585114999999999,0.05766254999999998,-0.0016784200000000138,0.20768339999999996,0.010236699999999987,0.014317600000000041,-0.05453471999999998,0.005664939999999952,-0.032686380000000015,0.012263600000000041,0.10770645533500947,0.05410961306073535
0.06948708000000003,-0.3128795849999999,0.07322086,-0.3196237849999999,0.07028414,-0.3304034849999999,0.05176879000000001,-0.3357102649999999,0.035688319999999996,-0.3610565449999999,0.020158360000000042,-0.2898166849999999,-0.03534369999999998,-0.2833990849999999,0.03495619999999999,-0.15982118499999987,-0.06866155999999995,-0.10201848499999988,0.10020129,-0.07502384499999992,-0.04269893999999996,0.05268375500000011,0.016456379999999993,-0.006272784999999947,-0.016456379999999993,0.0062727850000000585,0.010215770000000013,0.1706424150000001,-0.01656047999999999,0.21295736500000007,-0.01815117999999999,0.2280418150000001,-0.005960599999999983,0.2280418150000001,0.014797839999999951,0.12999550000000004,0.06524509,0.08479733999999994,-0.03331785999999998,0.1813806,0.025962619999999992,0.15470224,-0.00624060999999998,0.17691520000000005,-0.028366950000000002,0.05739939999999999,-0.00010409999999999586,0.20668458,0.010599880000000006,0.015084450000000027,-0.05550206000000002,0.006417600000000023,-0.032912759999999985,0.012545570000000006,0.10835090309744398,0.053316508622513
0.06800437999999998,-0.31395082999999996,0.07157621999999997,-0.32000955,0.06942401999999998,-0.33135122999999994,0.04979119999999998,-0.33572320999999994,0.03557876999999998,-0.36259000999999996,0.01925874999999999,-0.28955055999999996,-0.036786280000000005,-0.28494162999999995,0.036482020000000004,-0.16121639999999993,-0.06932022000000004,-0.10523172999999997,0.10010553999999999,-0.07529942999999995,-0.042266740000000025,0.04861926999999999,0.016349659999999988,-0.0058548699999999565,-0.016349660000000044,0.0058548700000000675,0.009461649999999988,0.17313537,-0.015140729999999991,0.21378847,-0.022763210000000034,0.22666947000000004,-0.005383360000000004,0.22666947000000004,0.017223270000000013,0.12833416000000003,0.06362351999999999,0.08591696999999998,-0.03253394000000004,0.17970989999999998,0.02705348000000002,0.15385099999999996,-0.00688801,0.17899023999999997,-0.03222486000000002,0.05353410000000003,0.0012089300000000525,0.20793359999999994,0.009757369999999987,0.012881000000000031,-0.056045029999999996,0.004608930000000011,-0.03269932000000003,0.011709740000000024,0.1088007093183128,0.05000488919182196
0.06525352499999998,-0.31346587,0.06898050499999997,-0.31919938999999997,0.06701399499999994,-0.33095306999999996,0.04760762499999993,-0.33548645,0.033549424999999966,-0.36362524999999996,0.017942954999999927,-0.29008272999999996,-0.03962890500000005,-0.28666355,0.03792168499999993,-0.16038914999999998,-0.07169097500000005,-0.10627734999999994,0.10090466499999995,-0.07085724999999998,-0.042753555000000054,0.04576205,0.016812424999999964,-0.005737050000000021,-0.01681242500000002,0.005737050000000021,0.010856974999999935,0.17267535,-0.015272085000000046,0.21308935000000007,-0.021969875000000028,0.22645225000000002,-0.006190845000000056,0.22645225000000002,0.01997873,0.12969357999999997,0.06298298000000002,0.0895319,-0.03206207,0.18038620000000005,0.02893741999999999,0.15203939999999994,-0.005955450000000029,0.17841240000000003,-0.03282684999999996,0.053776900000000016,0.0015403399999999734,0.20735230000000004,0.00908123999999999,0.013362899999999955,-0.057571859999999975,0.003419179999999966,-0.033624849999999984,0.011474100000000043,0.10635856935977275,0.04769636097939653
0.06574111000000005,-0.31311920000000004,0.07031359000000004,-0.31979167000000003,0.06702502000000005,-0.33089048000000004,0.04992379000000002,-0.33526668000000004,0.03497098000000004,-0.36185163000000004,0.018424380000000018,-0.28953528,-0.03649921999999994,-0.28245828,0.03512000000000004,-0.16208030000000007,-0.07368234999999995,-0.10171620000000003,0.10070880000000004,-0.07012530000000006,-0.03718037999999996,0.05227596000000001,0.014926750000000044,-0.006715240000000011,-0.014926749999999989,0.006715240000000011,0.011008930000000028,0.17071705999999998,-0.01637820999999995,0.20744759999999995,-0.02179498999999996,0.22806709999999997,-0.003119189999999994,0.22806709999999997,0.016695620000000022,0.12745497999999994,0.0655888,0.09195500000000001,-0.03718313000000001,0.18074207999999997,0.036501969999999995,0.15399216000000004,-0.003917820000000016,0.1774323,-0.032803919999999986,0.05735003999999999,-0.00145145999999996,0.20073235999999994,0.013259019999999955,0.020619500000000013,-0.05492359999999996,0.007077,-0.029853500000000033,0.013430480000000022,0.10667425092966956,0.050705061434686165
0.06422389000000006,-0.31654823000000004,0.06794395000000003,-0.32203253000000004,0.06611662000000007,-0.33389493000000003,0.04640065000000004,-0.33743386000000003,0.03298769000000007,-0.36580576000000004,0.017324730000000066,-0.29198263,-0.04133934999999994,-0.28703095,0.03748094000000002,-0.16603213000000006,-0.07245556999999997,-0.10622500000000001,0.09784202000000003,-0.07510053000000005,-0.03885636999999997,0.043618929999999945,0.017022240000000022,-0.006139530000000004,-0.017022239999999966,0.006139530000000004,0.011674120000000066,0.16937989999999992,-0.012450889999999937,0.21011057,-0.024318859999999942,0.22443146999999997,-0.0038320899999999547,0.22443146999999997,0.020156209999999952,0.12595049999999997,0.06036108000000001,0.0909316,-0.031116220000000028,0.18080595,0.033599199999999996,0.14984392999999996,-0.005348119999999956,0.17551942999999992,-0.03599298000000001,0.05505157000000005,0.0045713500000000296,0.20397104,0.008618799999999982,0.01432089999999997,-0.05866408000000001,0.004951680000000014,-0.03404447999999999,0.012279060000000008,0.10624244142643,0.04337550757301747
0.06312947000000002,-0.3163010950000001,0.06699155000000001,-0.3218297650000001,0.06471525000000006,-0.3334616450000001,0.04607664000000006,-0.3368970150000001,0.03156586000000006,-0.36479184500000006,0.018073220000000056,-0.29115957500000006,-0.04264627999999998,-0.28608322500000005,0.037083190000000044,-0.16655419500000013,-0.07414973999999996,-0.10729549500000013,0.09478955000000006,-0.0738128950000001,-0.03909187999999997,0.03890943499999988,0.01773642000000003,-0.006169555000000049,-0.017736419999999975,0.006169554999999938,0.011920850000000038,0.16791313499999994,-0.012563359999999968,0.20856910499999992,-0.026012619999999986,0.22522300499999992,-0.005169259999999953,0.22522300499999992,0.019009969999999987,0.12460537999999993,0.05770636000000001,0.09274130000000003,-0.03150345999999998,0.17878772999999992,0.035057859999999996,0.14620493,-0.005815569999999992,0.17408268999999998,-0.037933470000000025,0.057309869999999985,0.005173060000000007,0.20239954999999998,0.0073941000000000145,0.0166539,-0.06071950000000004,0.005076350000000007,-0.035472840000000005,0.012339109999999986,0.10253197691038884,0.039089070265561396
0.06083862000000001,-0.31647703,0.06464730000000002,-0.32179394,0.06261627000000003,-0.33359786,0.04371877000000002,-0.33624526,0.030004370000000002,-0.3646266,0.016595850000000023,-0.29054093000000003,-0.04466711000000001,-0.28563377,0.036207970000000034,-0.16572470000000006,-0.07647893,-0.10588777000000005,0.09362183000000002,-0.07147170000000003,-0.039126949999999994,0.03585004999999997,0.01794197000000003,-0.006079599999999963,-0.017941969999999974,0.006079599999999963,0.01199703000000002,0.16740080000000002,-0.013157859999999966,0.20630249999999994,-0.025237929999999964,0.224962,-0.006209829999999972,0.224962,0.01961212000000001,0.12481622999999997,0.05741385999999998,0.09425300000000003,-0.03181181999999999,0.17974599999999996,0.03735198000000001,0.14173782000000001,-0.00594494000000001,0.17348039999999998,-0.037234959999999984,0.05756119999999998,0.004784110000000008,0.20022289999999998,0.006948029999999994,0.01865950000000005,-0.06126296000000003,0.0049071600000000215,-0.03588394,0.012159199999999926,0.10001783816914664,0.036538788578754235
0.06116165000000001,-0.3158472500000001,0.06485297000000001,-0.32137855000000004,0.06295290999999997,-0.33307795000000007,0.04378960999999998,-0.33523598000000004,0.030294969999999977,-0.3633726500000001,0.016620560000000006,-0.28847521000000004,-0.04438408999999999,-0.2831813000000001,0.03663208000000001,-0.16433845000000002,-0.07595131999999999,-0.10431875000000002,0.09218705999999999,-0.07104799000000006,-0.03803954999999998,0.031669049999999976,0.017989470000000007,-0.006148350000000025,-0.017989470000000007,0.006148349999999914,0.01419471,0.16628442,-0.013323189999999985,0.20486214999999997,-0.020720110000000014,0.22602674999999994,-0.00635332999999999,0.22602674999999994,0.020011520000000005,0.12413676000000001,0.055554979999999976,0.09329045999999996,-0.03156723,0.17886255000000006,0.03791177000000001,0.1359878,-0.003794760000000008,0.17243277,-0.03491482000000001,0.059742329999999955,0.004666280000000023,0.19871380000000005,0.006969859999999994,0.021164599999999978,-0.061004649999999994,0.005293909999999957,-0.035978940000000015,0.012296699999999938,0.09857609057949955,0.03245476600587966
0.06179319500000002,-0.314601805,0.06560714500000003,-0.320188935,0.06357976500000007,-0.331938745,0.044794095000000034,-0.335242355,0.030572365000000046,-0.363500355,0.01671316500000003,-0.290137775,-0.044369504999999976,-0.28253054499999997,0.036675365000000015,-0.163680775,-0.07278649499999995,-0.09651040499999997,0.09334094500000006,-0.06930557500000001,-0.029192334999999958,0.036369925000000025,0.018274235000000028,-0.006692524999999949,-0.018274234999999972,0.00669252500000006,0.018042765000000016,0.16576512499999996,-0.012996534999999976,0.20463335500000002,-0.018404554999999934,0.227475525,-0.006791574999999939,0.227475525,0.019962199999999986,0.12645699999999999,0.05666558000000005,0.09437519999999999,-0.028416989999999975,0.18602014,0.04359415999999999,0.13288033,-0.0002314700000000114,0.1724576499999999,-0.03644731999999995,0.061710400000000054,0.005277699999999996,0.19794082999999996,0.006204960000000037,0.022842169999999995,-0.061082670000000006,0.00760723000000002,-0.03654847,0.01338505000000001,0.0977517518028532,0.031622033115693206
0.06154957999999999,-0.31552565000000005,0.06550781,-0.32112341000000005,0.06326500000000002,-0.33299425000000005,0.045022019999999996,-0.33551271000000005,0.030576049999999966,-0.36415161000000007,0.01719124999999999,-0.2894300800000001,-0.044592279999999984,-0.2830808800000001,0.03617965000000001,-0.16221336000000008,-0.07359306999999998,-0.09735885000000011,0.09353909999999999,-0.06923536000000008,-0.025659880000000024,0.03017508999999996,0.018471550000000003,-0.006559640000000089,-0.018471550000000003,0.006559639999999978,0.017670309999999967,0.1671181599999999,-0.012179900000000021,0.20563498999999996,-0.01912963000000001,0.22740348999999993,-0.006751410000000013,0.22740348999999993,0.018988400000000016,0.12721672,0.05735944999999998,0.092978,-0.02900079,0.18572202999999998,0.04793318999999996,0.12753394000000007,-0.0008012400000000364,0.1736778,-0.036799939999999975,0.060285330000000026,0.006291649999999982,0.19907534999999998,0.005428490000000008,0.02176849999999997,-0.061783529999999975,0.006349199999999999,-0.036943100000000006,0.013119280000000066,0.09779255053694477,0.02468524998640685
0.060853199999999996,-0.31467122999999997,0.06454082,-0.32049875,0.06253952000000002,-0.33209282999999995,0.04362562000000003,-0.33526615,0.029825650000000037,-0.36312754999999997,0.015691060000000034,-0.28990069999999996,-0.04520759999999996,-0.28236615,0.03387018000000003,-0.16299365,-0.07557923999999999,-0.09691518999999993,0.09213268000000002,-0.07004619000000001,-0.023870979999999986,0.02446639000000006,0.018263980000000013,-0.006850649999999958,-0.018263980000000013,0.006850650000000069,0.017893519999999996,0.16451424999999997,-0.01305679999999998,0.20257245000000002,-0.015222919999999973,0.22884225000000002,-0.0061880500000000005,0.22884225000000002,0.018179119999999993,0.12690704999999997,0.058262499999999995,0.09294745999999998,-0.030371640000000033,0.18545096000000005,0.051708260000000006,0.12138157999999999,-0.0003704600000000169,0.17136489999999993,-0.03311643999999997,0.06432800000000005,0.0052071800000000334,0.19572179999999995,0.006868749999999979,0.02626980000000001,-0.06089865999999999,0.007534549999999973,-0.036527960000000026,0.013701300000000027,0.09721245350047292,0.018486555783801355
0.06075018999999998,-0.314194255,0.06465409,-0.319963305,0.06253778999999998,-0.331617495,0.04430982,-0.33487823499999997,0.03029232999999998,-0.362919385,0.016012939999999976,-0.289433635,-0.04459451000000003,-0.281327485,0.03317766999999999,-0.16125297500000002,-0.07613724,-0.09248589500000004,0.09175931999999998,-0.06895203500000002,-0.019381010000000032,0.02519679500000005,0.01808637000000002,-0.006984465000000051,-0.01808637000000002,0.006984465000000051,0.016160430000000003,0.16426802500000004,-0.01342428000000001,0.20237970500000002,-0.01833330999999999,0.230223065,-0.00907686000000002,0.230223065,0.017164730000000017,0.12818066,0.058581649999999985,0.09230094,-0.03154272999999996,0.18884158999999995,0.05675622999999996,0.11768269000000009,-0.0019259400000000149,0.1712524900000001,-0.034493739999999995,0.06595503999999996,0.004662090000000008,0.19539523999999997,0.004347419999999991,0.027843359999999984,-0.06060745000000001,0.008106150000000034,-0.03617274000000004,0.013968930000000102,0.09626880747888898,0.018258287344614224
0.05980580000000002,-0.3131519850000001,0.06412267000000005,-0.3188547650000001,0.06174772000000006,-0.3306994150000001,0.04469215000000004,-0.3342871050000001,0.030333210000000055,-0.3628824650000001,0.01510408000000002,-0.28911716500000006,-0.043012479999999964,-0.2813551150000001,0.03186657000000004,-0.16239166500000013,-0.07605541999999998,-0.09328311500000008,0.09097039000000001,-0.07048952500000005,-0.01545968999999997,0.02122303499999989,0.017086150000000022,-0.006907705000000042,-0.017086149999999967,0.006907704999999931,0.013205850000000019,0.16787129499999986,-0.01251650999999998,0.20597793499999995,-0.021293769999999934,0.23158043499999992,-0.012075969999999936,0.23158043499999992,0.01676249000000002,0.12672549999999994,0.059103819999999974,0.09190214000000008,-0.03304294000000002,0.18807200000000002,0.060595730000000014,0.11450614999999997,-0.003880300000000003,0.1747789999999999,-0.03449961999999995,0.06370914000000005,0.004569639999999986,0.19907023000000001,0.0004405400000000448,0.025602499999999973,-0.058116559999999984,0.007762049999999965,-0.03417229999999999,0.013815409999999972,0.09747578547972825,0.014407430205990893
0.06286004,-0.31234542,0.06605374000000003,-0.31866395999999997,0.06410361000000003,-0.32941958,0.04509220000000003,-0.33443272999999996,0.03118027000000001,-0.35986162,0.015875340000000016,-0.28914947999999996,-0.04130169,-0.27915618,0.03058732000000003,-0.1612174799999999,-0.07526319999999997,-0.09175897999999993,0.09010429000000003,-0.07143864999999994,-0.009287739999999989,0.019196219999999986,0.01707316000000003,-0.0074265799999999604,-0.017073159999999976,0.0074265800000000715,0.012443010000000032,0.16813002,-0.013219060000000005,0.20743012000000005,-0.019098190000000015,0.23389002000000003,-0.013716190000000017,0.23389002000000003,0.014711980000000013,0.12793200000000005,0.05951697,0.08977882999999998,-0.03396150999999997,0.18739720000000004,0.06597545999999999,0.11095519999999992,-0.0046301499999999995,0.17555659999999995,-0.03154120000000005,0.06576000000000004,0.0038540999999999714,0.20000353999999998,-0.0004971300000000123,0.02645989999999998,-0.05717703000000002,0.009993299999999983,-0.03414632000000001,0.014853160000000032,0.09711380465599007,0.014111597723362079
0.06458272999999998,-0.31080045,0.06786170000000002,-0.31740205,0.06551098999999999,-0.32819935,0.04728606000000002,-0.33277699,0.03270366000000002,-0.35810202,0.017385859999999975,-0.28622192,-0.03888360000000002,-0.27742135,0.02991900000000003,-0.15844524999999998,-0.07434460999999998,-0.09008232000000005,0.08841485999999998,-0.07699065000000005,-0.0023093200000000036,0.014206249999999976,0.016917559999999998,-0.00703985000000007,-0.016917559999999998,0.007039849999999959,0.012349759999999987,0.17025438000000004,-0.012771160000000004,0.20662174999999994,-0.017172909999999986,0.23659154999999998,-0.015674409999999972,0.23659154999999998,0.012533140000000054,0.12777667000000004,0.058495859999999955,0.08145459999999993,-0.03546100999999996,0.18733902999999996,0.07203528999999997,0.10428857000000002,-0.004567800000000011,0.1772942300000001,-0.029522669999999973,0.06633716999999995,0.0041463999999999945,0.19958189999999998,-0.0029032499999999684,0.029969800000000046,-0.05626945999999999,0.008800570000000008,-0.033835119999999996,0.014079700000000028,0.10002488854245224,0.01627138484756599
0.0665538,-0.31020375499999997,0.06938575999999996,-0.316699825,0.06780048999999999,-0.327602725,0.04802892999999997,-0.332244125,0.03523442999999998,-0.357674475,0.01758782999999997,-0.286237205,-0.037119540000000006,-0.278484395,0.029054279999999988,-0.15759297500000002,-0.07374990000000003,-0.09212609500000002,0.08677028999999997,-0.07945426499999997,0.0032271700000000014,0.0077160350000000655,0.01678430999999997,-0.006956775000000026,-0.016784310000000024,0.006956775000000026,0.015065549999999983,0.16467637499999999,-0.013157069999999993,0.20069997500000003,-0.010744220000000027,0.23780677500000003,-0.017504469999999994,0.23780677500000003,0.011466450000000017,0.12864422999999997,0.057716009999999984,0.07813871000000006,-0.03663036000000003,0.18635829999999998,0.07697707000000004,0.09984213000000008,-0.0017187599999999859,0.17163315,-0.02580977000000001,0.07313040000000004,0.0036272400000000316,0.1937432,-0.004347400000000001,0.037106799999999995,-0.05470736999999998,0.007752809999999999,-0.03356861999999999,0.013913550000000052,0.10076667828632882,0.020025878446100712
0.06718837,-0.30949283499999997,0.07011225000000004,-0.316220945,0.06754081,-0.32636567499999997,0.049328110000000036,-0.33071097499999996,0.03530075000000005,-0.35436815499999996,0.017120590000000047,-0.28482574499999996,-0.033586389999999966,-0.276529915,0.024191550000000006,-0.15909940499999997,-0.07698411999999999,-0.094891375,0.08243325000000001,-0.08177827500000001,0.005645979999999995,-0.005084575000000036,0.014645800000000042,-0.007118274999999952,-0.014645799999999987,0.007118275000000063,0.011554950000000008,0.16506522499999998,-0.0180863,0.19736837500000004,-0.014100919999999961,0.240060025,-0.022442379999999984,0.240060025,0.0070709599999999595,0.12572634,0.05824170000000001,0.07732112999999996,-0.04339773000000002,0.18163854000000001,0.08263009999999998,0.08980679999999996,-0.003090850000000034,0.17218349999999993,-0.02565586999999997,0.07499480000000003,-0.003440500000000013,0.19025009999999998,-0.004356079999999984,0.04269164999999997,-0.05070698000000001,0.008295829999999949,-0.02929160000000003,0.014236550000000014,0.10084271901085623,0.02367838431335427
0.06998531000000002,-0.31080866,0.07225304999999999,-0.31725514,0.07088477999999998,-0.32800388,0.05033222999999998,-0.33195794,0.03854776999999998,-0.35656607,0.020101250000000015,-0.28537729,-0.033051779999999975,-0.28013422,0.029221070000000016,-0.15891051999999994,-0.07328944999999998,-0.10004922000000005,0.08513579999999998,-0.09057137000000004,0.011098879999999978,-0.019025350000000052,0.016396030000000006,-0.006165419999999977,-0.016396030000000006,0.006165419999999977,0.012498950000000009,0.16728847999999996,-0.011030990000000018,0.19829205000000005,-0.008385050000000005,0.23751548,-0.01934944999999999,0.23751548,0.00911982,0.12646677000000006,0.05591472999999997,0.0683391499999999,-0.04023767,0.18008499999999994,0.08438832999999996,0.08102387,-0.003897079999999997,0.17345389999999994,-0.020884000000000014,0.07022700000000004,0.005365039999999988,0.19212663000000008,-0.008318459999999972,0.03922342999999995,-0.05315302999999999,0.005243070000000016,-0.03279206000000001,0.012330839999999954,0.10885550227276253,0.03729001165326984
0.07056254500000003,-0.31220707499999995,0.073398295,-0.319014435,0.07118711500000002,-0.32913317499999994,0.052085574999999995,-0.333355525,0.03974863500000003,-0.35716000499999995,0.019160834999999987,-0.28714383499999996,-0.029982114999999976,-0.280324015,0.024705495000000022,-0.16448677499999997,-0.07150515499999999,-0.10401737499999997,0.086131915,-0.09469067499999995,0.020539075000000018,-0.031586834999999924,0.014129135000000015,-0.006793324999999961,-0.014129135000000015,0.006793325000000072,0.010313634999999988,0.16265692500000006,-0.017242725000000014,0.19286702500000008,-0.013539784999999971,0.23742192500000003,-0.01684848499999997,0.23742192500000003,0.0055446600000000346,0.12265705999999998,0.06142641999999998,0.06979610000000003,-0.04152304000000001,0.17630664000000001,0.09204423,0.07243054000000004,-0.003815500000000027,0.16945025000000002,-0.02385341999999996,0.07476499999999997,-0.0031135899999999994,0.1860737,0.00039424000000004567,0.04455489999999995,-0.04914294999999996,0.0068198199999999765,-0.02825827000000003,0.013586650000000033,0.11362369675710651,0.05171964294375689
0.07034176999999997,-0.31100612,0.07315209,-0.31757077,0.07157018999999998,-0.32775456999999997,0.05132674999999998,-0.33267747,0.04120194999999999,-0.35659193,0.01697346999999999,-0.29011739999999997,-0.028108330000000015,-0.28139903,0.020806069999999954,-0.17170646999999994,-0.06938303000000001,-0.10710956999999999,0.07830341999999996,-0.10483951999999996,0.023314889999999977,-0.04402116999999994,0.013066649999999957,-0.0069311699999999865,-0.013066650000000013,0.0069311699999999865,0.0087623,0.16179500000000002,-0.01730993000000003,0.19173213,-0.011070850000000021,0.23867313,-0.017463000000000006,0.23867313,0.003832599999999964,0.11841093000000003,0.05749735,0.06686694999999998,-0.0412747,0.17428946,0.09269791999999999,0.06308840000000004,-0.004304349999999957,0.16872617,-0.01983315000000002,0.07687812999999999,-0.004243280000000016,0.18480096000000001,-0.0001530699999999774,0.04694100000000001,-0.045081800000000005,0.008718369999999975,-0.02613329999999997,0.013862339999999973,0.11765152425597977,0.06260796598075354
0.07242909000000003,-0.3057552949999999,0.07550636000000005,-0.31230062499999994,0.07423145000000003,-0.32256484499999993,0.053567060000000055,-0.32771081499999993,0.044957050000000054,-0.35209614499999997,0.01826739000000005,-0.28669393499999996,-0.025019509999999967,-0.27819460499999993,0.017415560000000052,-0.16922194499999998,-0.06358148999999996,-0.10498303499999995,0.07464159000000004,-0.10916203499999999,0.030357010000000073,-0.048749334999999894,0.012630110000000028,-0.00667202499999997,-0.012630109999999972,0.006672025000000081,0.00914753000000007,0.16542412500000003,-0.01858250999999994,0.193700965,-0.009887629999999925,0.24356722500000005,-0.011789229999999928,0.24356722500000005,-0.0008518299999999979,0.11747198999999997,0.05722602999999998,0.060059909999999994,-0.038561979999999996,0.17321156999999998,0.09393850000000004,0.05623370000000005,-0.0034825799999999574,0.17209615,-0.019035159999999995,0.07814310000000002,-0.005952399999999969,0.18702893999999992,0.006793280000000013,0.04986626000000005,-0.04328690000000002,0.008499330000000027,-0.02526022,0.013344050000000052,0.11978992362294294,0.07013857448040986
0.07496668999999995,-0.30660268,0.07820063,-0.3135255,0.07645674999999996,-0.32366034,0.05633549999999998,-0.32911646,0.04663663999999995,-0.35288414,0.018424869999999982,-0.28884226,-0.02078429000000004,-0.27802607,0.016865189999999974,-0.1751895,-0.05585459000000004,-0.1058228,0.06850097,-0.1176954,0.03859889,-0.05816385000000002,0.011749529999999953,-0.006802900000000056,-0.011749530000000008,0.006802899999999945,0.010871589999999987,0.16272739999999997,-0.014869600000000038,0.19012794,-0.006478850000000036,0.2431542,-0.013703800000000044,0.2431542,-0.0015596800000000077,0.11365276000000002,0.05163578000000002,0.05749409999999999,-0.0350703,0.17220327000000002,0.09445348000000003,0.04765894999999998,-0.000877939999999966,0.16953030000000002,-0.017350440000000023,0.08042680000000002,-0.0031200700000000303,0.18332504000000005,0.0011657999999999946,0.05302625999999999,-0.03920916000000002,0.010816190000000003,-0.02349905999999996,0.013605800000000001,0.12457075298128206,0.08219271258486907
0.07659419500000003,-0.306043125,0.07931303500000003,-0.311999095,0.07917686500000004,-0.32387227500000004,0.05540665500000003,-0.327580315,0.04957053500000003,-0.354297945,0.016153095000000006,-0.28912345500000003,-0.020442165000000012,-0.279136775,0.015436965000000025,-0.17202467500000007,-0.04939346499999997,-0.10230977500000005,0.06972461499999999,-0.12352681500000007,0.047484455000000036,-0.070122075,0.011859465000000013,-0.006259075000000003,-0.011859464999999958,0.006259075000000003,0.008604995000000004,0.166581125,-0.008096565,0.19250266500000002,-0.005411465000000004,0.24234842499999998,-0.014631365000000007,0.24234842499999998,-0.0007161299999999815,0.11709877999999996,0.054287649999999965,0.048497860000000004,-0.028951299999999958,0.17682699999999996,0.09687792,0.03218770000000004,-0.0032544700000000093,0.1728402,-0.014016460000000008,0.07576729999999998,0.003762899999999958,0.18624359000000001,-0.006534800000000007,0.04984575999999996,-0.03659526000000002,0.009986680000000026,-0.02371892999999997,0.012518150000000006,0.1307673446592463,0.09672528581652731
0.07723783499999998,-0.30073977,0.07957942499999998,-0.30650855000000005,0.07983325499999999,-0.31834277,0.054853664999999996,-0.32227317,0.049701435000000016,-0.34851164,0.01492410500000002,-0.2860339,-0.018898895000000027,-0.27341274000000004,0.015302974999999996,-0.17277367,-0.04615332500000002,-0.09818807000000007,0.06860090499999999,-0.12437717000000004,0.04736675499999998,-0.07682397000000007,0.011010065000000013,-0.006495770000000012,-0.011010065000000013,0.006495770000000012,0.007526925000000018,0.16959493000000003,-0.007734165000000015,0.19464433000000003,-0.0044086750000000285,0.24795352999999998,-0.016048775000000015,0.24795352999999998,0.0003788699999999756,0.11326023000000002,0.05329792999999999,0.04839649999999995,-0.027254429999999996,0.17522466999999997,0.09352008,0.021364099999999997,-0.0034831399999999957,0.17609070000000004,-0.011935600000000046,0.07835859999999994,0.0032758999999999983,0.18814856000000002,-0.00831461,0.053309199999999946,-0.03382300000000005,0.012621159999999965,-0.022020130000000027,0.012991540000000024,0.13119729157976395,0.10173510793713257
0.07907146499999995,-0.30104501499999997,0.08129697499999994,-0.307034035,0.08213839499999998,-0.318929655,0.05539292499999998,-0.321951285,0.05297321499999996,-0.34896315499999997,0.013394864999999978,-0.28972988499999996,-0.017215405000000017,-0.275277365,0.012007054999999989,-0.17293253499999994,-0.038000705000000023,-0.09920343499999995,0.06714877499999994,-0.13254333499999993,0.05471691499999998,-0.08726543499999995,0.010556634999999981,-0.00767253499999998,-0.010556635000000036,0.00767253499999998,0.009444264999999952,0.165929165,-0.004806575000000035,0.19627856500000007,-0.0004785650000000419,0.24801866500000003,-0.009713685000000027,0.24801866500000003,-0.0013878099999999893,0.11679735000000002,0.05514171999999995,0.040389200000000014,-0.020785300000000007,0.17607393000000005,0.09271762,0.011938000000000004,-0.0011123700000000292,0.17360169999999997,-0.009922829999999994,0.08208950000000004,0.005750060000000001,0.1886060300000001,-0.004907109999999992,0.051740099999999956,-0.030610269999999995,0.014452519999999969,-0.021113270000000017,0.01534506999999996,0.13709626910466813,0.11521221496578993
0.07848671500000004,-0.29746469,0.07965341500000006,-0.30270702,0.08217201500000004,-0.31448674,0.051703635000000026,-0.31911621,0.052962455000000075,-0.34454942,0.009246715000000072,-0.28969153999999997,-0.014746804999999974,-0.26966393,0.010898835000000051,-0.18327492999999995,-0.03466045499999992,-0.09343785000000004,0.06689797500000005,-0.13316008999999995,0.057325875000000026,-0.08997098999999997,0.008130575000000029,-0.007593450000000002,-0.008130574999999973,0.007593450000000002,0.006348525000000049,0.16773751000000003,-0.004304754999999938,0.19342685000000004,-0.004340374999999952,0.25185561,-0.01528810499999994,0.25185561,0.0016521199999999792,0.10641661000000002,0.05599914,0.050114839999999994,-0.01991364999999995,0.17622607999999995,0.09198632999999995,0.0034668600000000716,-0.0017820499999999795,0.17533096000000004,-0.010688900000000001,0.08411809999999997,0.0038258200000000353,0.18583340000000004,-0.010983350000000003,0.05842875999999997,-0.023993520000000046,0.020027609999999973,-0.016261150000000002,0.015186900000000003,0.13863833663041977,0.11748773041946166
0.07977934000000003,-0.298418185,0.08116615999999999,-0.304059325,0.08353938,-0.316066185,0.05321456000000002,-0.318647485,0.05483956000000001,-0.34559106500000003,0.010448290000000027,-0.288589485,-0.014846609999999982,-0.27143348500000003,0.011645090000000025,-0.174759035,-0.03078755999999999,-0.09625688499999996,0.06759406000000001,-0.13609063499999996,0.05733754000000002,-0.09722498499999999,0.009037689999999987,-0.007888015000000026,-0.009037689999999987,0.007888015000000026,0.008737140000000032,0.16647351499999996,-0.004889209999999977,0.19614051499999996,3.394000000001007e-05,0.252421915,-0.01127151999999998,0.252421915,0.0011967999999999979,0.11383044999999997,0.05594896999999999,0.03866840000000005,-0.01594095000000001,0.17517660000000007,0.08812510000000001,-0.0009681000000000273,-0.000300549999999955,0.17436153,-0.008703200000000022,0.08594840000000004,0.00414848000000001,0.18825249999999993,-0.006382310000000002,0.05628140000000004,-0.02529490000000001,0.01715599999999995,-0.018075379999999974,0.015776030000000052,0.1409424004423129,0.12431578309511992
0.08080347500000001,-0.29864251999999997,0.08220895500000003,-0.30476111,0.08430927500000002,-0.31642121,0.053799735000000015,-0.31872296,0.055829605000000004,-0.34476003,0.009401435000000014,-0.28803307,-0.01269416499999998,-0.27035718999999997,0.007076464999999976,-0.17172418999999994,-0.027085935000000005,-0.09619911999999997,0.06713541499999998,-0.13606668999999993,0.05864303500000001,-0.10368319000000004,0.008131834999999976,-0.008077349999999983,-0.008131834999999976,0.008077349999999983,0.007784805000000006,0.16580537000000006,-0.004346404999999998,0.19762471000000004,-0.002847704999999978,0.25330171,-0.01006296499999998,0.25330171,-0.0023249700000000373,0.11630888000000006,0.06005895,0.03565750000000001,-0.014391770000000026,0.17415807,0.08572897000000002,-0.007484070000000065,-0.0003470299999999704,0.17388272000000005,-0.010632509999999984,0.08749633999999995,0.0037854299999999785,0.18954736000000005,-0.005716559999999982,0.055676999999999977,-0.022095599999999993,0.017675880000000033,-0.016263669999999952,0.016154699999999966,0.14093506876023437,0.1301894833103216
0.08002803500000005,-0.29642651000000003,0.08130804500000005,-0.30201967,0.08380658500000004,-0.31390012,0.053013845000000004,-0.3158513,0.05557281500000005,-0.34238777,0.00988839500000005,-0.28559652,-0.01305817499999995,-0.26750213,0.011473815000000054,-0.17361221000000004,-0.026407254999999963,-0.09394332999999999,0.06826166500000003,-0.14274787,0.05896796500000001,-0.10547682999999997,0.008159865000000044,-0.007960529999999966,-0.008159864999999988,0.007960529999999966,0.006782815000000053,0.16586288999999999,-0.0034985349999999693,0.19632532999999996,-0.005023554999999957,0.25678393,-0.011131634999999973,0.25678393,0.001585420000000004,0.11198430999999998,0.05678784999999997,0.030864340000000046,-0.013349080000000013,0.1735588,0.08537521999999997,-0.011533499999999974,-0.0013770499999999908,0.17382341999999995,-0.01180637000000001,0.09092104000000001,0.004661330000000019,0.1883648,-0.007633100000000004,0.06045860000000003,-0.02294657,0.018094390000000016,-0.016319730000000032,0.01592105999999993,0.14757998979372375,0.13181115356554043
0.08019272500000002,-0.29628211000000004,0.081151735,-0.30233079,0.08392874500000003,-0.31386393,0.051991235000000025,-0.31632327000000005,0.055425325000000025,-0.3420037,0.006794985000000031,-0.28489306000000003,-0.011400784999999969,-0.26650073,0.005344285000000004,-0.16927388,-0.023271135,-0.09235573000000008,0.06721512499999999,-0.14328633000000002,0.06060985499999999,-0.10898658000000006,0.00658278499999998,-0.008016970000000012,-0.00658278499999998,0.008016970000000012,0.004566585000000012,0.16728600999999998,-0.0034072350000000085,0.19776666999999992,-0.006326045000000002,0.25743046999999997,-0.008502985000000018,0.25743046999999997,-0.001450700000000027,0.11561918000000004,0.06187083999999998,0.02598754999999997,-0.01187035000000003,0.17414499999999994,0.08388098999999999,-0.016630849999999975,-0.002016199999999968,0.17530298,-0.010892630000000014,0.09014445999999998,0.0031755499999999715,0.1897496999999999,-0.00509575000000001,0.059663800000000045,-0.01819577,0.018392330000000012,-0.01316556999999996,0.016033940000000024,0.14823656906676302,0.1349247256168124
0.07998381500000001,-0.29720905500000006,0.080940275,-0.3035246750000001,0.08287801500000003,-0.31449935500000004,0.05249807500000003,-0.31644302500000004,0.05411606499999999,-0.3405286350000001,0.008975955000000035,-0.28369445500000007,-0.010669235,-0.26488110500000006,0.0065437150000000055,-0.16941815500000001,-0.022372084999999986,-0.09130361500000006,0.06856089500000001,-0.1460418950000001,0.06039029499999998,-0.10732629500000002,0.007217114999999996,-0.007925895000000072,-0.007217114999999996,0.00792589499999996,0.005021615000000035,0.16542008499999994,-0.0031275450000000093,0.194678845,-0.005814404999999967,0.26010194499999995,-0.010653224999999988,0.26010194499999995,-0.00243224000000003,0.11427630000000005,0.062017180000000005,0.023376259999999927,-0.011702849999999987,0.17357749,0.08276237999999997,-0.016022679999999956,-0.0021954999999999614,0.17334598,-0.010836020000000002,0.09468186,0.004089569999999987,0.18675295000000003,-0.007525679999999979,0.06542309999999996,-0.019645190000000035,0.018813350000000006,-0.014434229999999992,0.015851790000000032,0.15112606922926436,0.13361822176149551
0.07966384999999998,-0.29972816499999994,0.08029177999999998,-0.3061408849999999,0.08264464999999999,-0.3169248249999999,0.05111456999999997,-0.31913356499999995,0.05359554999999999,-0.34263480499999993,0.006048979999999982,-0.2855163049999999,-0.010040720000000003,-0.26569922499999993,0.0023932799999999976,-0.17223928499999996,-0.021553060000000013,-0.09253786499999994,0.06683359,-0.1503914249999999,0.06045025999999998,-0.10781932499999991,0.0061862799999999885,-0.008078374999999971,-0.0061862799999999885,0.008078375000000082,0.004676320000000012,0.16573687500000012,-0.004670759999999996,0.19497163500000003,-0.005418140000000016,0.26020707500000007,-0.012782809999999978,0.26020707500000007,-0.003655699999999984,0.11327701999999995,0.06444031,0.021847860000000052,-0.01151234000000001,0.17316136,0.08200331999999999,-0.015281459999999969,-0.0015099599999999769,0.1738152500000001,-0.010094460000000027,0.09447019999999995,0.0015155199999999924,0.18689325999999995,-0.008112049999999982,0.06523544000000003,-0.016089699999999985,0.019817079999999987,-0.012372559999999977,0.016156750000000053,0.15469680155238694,0.13368883771078868
0.07920659499999999,-0.30025282,0.079315615,-0.30682634999999997,0.08254791500000003,-0.31746088,0.049060594999999985,-0.32079533,0.053520395,-0.34393028,0.001045925000000003,-0.28561476,-0.00810983500000001,-0.26517445,-0.0023507050000000085,-0.16934258000000002,-0.018101435,-0.09168204999999996,0.06908751499999999,-0.15382483000000002,0.06653726500000001,-0.11670354000000005,0.0037087350000000185,-0.008504720000000021,-0.0037087350000000185,0.008504720000000021,0.004313565000000019,0.16721317000000002,-0.0016145349999999725,0.19824571999999996,-0.007586735000000011,0.25992492,-0.012352095000000007,0.25992492,-0.0033966300000000116,0.11627218,0.07143822,0.015517749999999997,-0.00999159999999999,0.17349240000000005,0.08463870000000001,-0.02502149000000009,0.0006048300000000006,0.17571789000000004,-0.01190030000000003,0.09271174999999998,0.002094200000000046,0.18974099999999994,-0.010737560000000035,0.061679200000000045,-0.009155760000000013,0.020440310000000017,-0.007417470000000037,0.017009440000000042,0.1593496760106543,0.14356743672653496
0.07764802999999998,-0.30062589999999995,0.07810292999999996,-0.3069885499999999,0.08125598999999994,-0.3182205899999999,0.048434269999999946,-0.3211534499999999,0.05254093999999998,-0.3459833299999999,-0.0006857100000000615,-0.2853822199999999,-0.008186650000000018,-0.26747748999999993,-0.0023209000000000146,-0.16669834999999988,-0.017340910000000043,-0.09321311999999993,0.07021966999999996,-0.15654680999999993,0.06655916999999995,-0.12280479999999994,0.003156229999999982,-0.00799894999999995,-0.0031562300000000376,0.00799895000000006,0.0037679499999999644,0.16938719000000013,-0.0014958800000000605,0.1994099800000001,-0.006885390000000047,0.2597774500000001,-0.014553200000000044,0.2597774500000001,-0.001635189999999953,0.11868387000000002,0.07254056999999997,0.010151539999999959,-0.009154260000000025,0.17426437,0.08390007999999999,-0.02959168000000001,0.0006117199999999823,0.17738614000000008,-0.010653340000000011,0.09039025999999994,0.0016603499999999771,0.19141103000000004,-0.013057319999999983,0.06036746999999998,-0.007500939999999956,0.01790472999999998,-0.00631246000000002,0.01599790000000001,0.16298457502234126,0.14822232629136037
0.07772359000000001,-0.29965967,0.07779205,-0.30609285,0.08126945000000002,-0.31718269,0.04753187000000003,-0.3204157,0.05195645000000004,-0.3447864,-0.0012266899999999747,-0.28462485,-0.008340329999999951,-0.26617783,-0.001745730000000001,-0.16775335000000002,-0.01726006999999996,-0.09311325000000004,0.07017327000000001,-0.15941950000000005,0.06553710000000001,-0.12311105,0.0029308500000000404,-0.008005750000000034,-0.002930849999999985,0.008005750000000034,0.002115490000000053,0.17197465,-0.002121419999999985,0.20166222,-0.00764254999999997,0.26161835,-0.01459144999999995,0.26161835,-0.0005190400000000261,0.11687149999999996,0.07191900000000001,0.008333849999999976,-0.00891974000000001,0.17306457999999997,0.08279716999999998,-0.029997799999999963,-0.0008153599999999872,0.17998040000000004,-0.009758040000000023,0.08964369999999999,0.0008094299999999999,0.19365646999999997,-0.012470029999999965,0.059956129999999996,-0.007113639999999977,0.01844701999999998,-0.005861700000000025,0.016011500000000067,0.1656733736498382,0.14791712348285613
0.07402172500000004,-0.29698951,0.07437431500000002,-0.30384011000000005,0.07698428500000004,-0.31488494,0.04553132500000007,-0.31999485000000005,0.04707994500000007,-0.34453058000000003,-0.0026200149999999756,-0.28111036,-0.008979714999999944,-0.26742078,0.0051180450000000155,-0.15717548000000003,-0.020765604999999965,-0.09126548000000001,0.08586016500000004,-0.15468351000000002,0.06774297500000004,-0.13243588000000006,0.0017333050000000183,-0.006874420000000048,-0.0017333049999999628,0.006874419999999937,0.004873245000000026,0.17482372000000002,-0.00739775499999995,0.20219577999999994,-0.008949194999999965,0.26344491999999997,-0.01899239499999994,0.26344491999999997,0.007738059999999991,0.12393487999999997,0.08074212000000003,0.00249197000000001,-0.011785890000000021,0.17615530000000001,0.08850858,-0.04117040000000005,0.0031399400000000077,0.18169814000000006,-0.013822439999999991,0.08862119999999996,-0.0056644499999999876,0.19532136,-0.01159463999999999,0.061249140000000035,-0.006359699999999968,0.013689579999999979,-0.003466609999999981,0.013748839999999984,0.1700730891707671,0.15567373949619248
0.07479712,-0.29906492000000007,0.07509115,-0.30558862000000003,0.07851324999999998,-0.31697030000000004,0.044973899999999956,-0.32086523000000006,0.04917705,-0.34608452000000006,-0.00847382000000002,-0.28414471,-0.00764655000000003,-0.26678432,-0.011956450000000007,-0.16421995,-0.014214580000000032,-0.09426008000000008,0.07025148999999997,-0.15935229000000006,0.06738044999999998,-0.13429515000000003,0.00038514999999994526,-0.007853949999999998,-0.00038515000000000077,0.007853949999999998,0.0023781299999999783,0.17111189999999998,-0.002493750000000017,0.19970234999999992,-0.007944230000000052,0.26420564999999996,-0.01570225000000003,0.26420564999999996,-0.0034826299999999866,0.11992476000000002,0.08220793999999998,0.00486765999999994,-0.0065680300000000025,0.17252423999999994,0.08159503000000001,-0.04003506999999995,0.001992980000000033,0.17896584999999998,-0.01032236000000003,0.09309374999999998,-0.002108600000000016,0.19184839999999992,-0.013208500000000012,0.06450330000000004,0.0008272699999999911,0.017360390000000003,-0.000770299999999946,0.015707899999999997,0.1668324083856348,0.1574755319856707
0.07388488500000001,-0.301075705,0.07403150500000005,-0.307589745,0.07764364500000004,-0.31874528500000004,0.04354980500000005,-0.32267982500000003,0.04859463500000005,-0.347318155,-0.009344774999999972,-0.286538515,-0.008332694999999946,-0.267690845,-0.014232954999999992,-0.16897172500000002,-0.01312955499999996,-0.09679638499999998,0.06742240500000002,-0.15966448499999997,0.066145375,-0.136625655,0.0004899650000000366,-0.008033984999999966,-0.0004899649999999811,0.008033984999999966,0.0032656250000000497,0.17268114499999998,-0.0036240449999999647,0.20097831499999996,-0.008696194999999962,0.262971215,-0.015006854999999986,0.262971215,-0.00488818000000002,0.11756678999999998,0.08165536000000001,0.00930724000000005,-0.004796860000000014,0.17089446000000003,0.07927492999999997,-0.03982927000000003,0.002775660000000013,0.18071512999999995,-0.011961820000000012,0.09029007,-0.0031340799999999835,0.19294433,-0.011382810000000021,0.06199290000000002,0.0010120800000000263,0.018847669999999983,-0.0009799300000000177,0.01606796999999993,0.1657460710080441,0.15926920600619943
0.07335161000000001,-0.30200974,0.07355235000000004,-0.30874283,0.07640001000000002,-0.31967763000000005,0.04360445000000002,-0.32327956,0.04620249000000004,-0.34737963000000005,-0.008968759999999965,-0.28533185000000005,-0.009325969999999961,-0.26783225000000005,-0.01278477,-0.16689320000000007,-0.012613549999999973,-0.09836516000000006,0.07203604000000002,-0.16139500000000007,0.06560768,-0.1390686,0.0009802700000000053,-0.0077968999999999955,-0.0009802700000000053,0.0077968999999999955,0.003974330000000026,0.1709602,-0.003329409999999977,0.1990539,-0.009165569999999956,0.26343669999999997,-0.015562289999999979,0.26343669999999997,-0.0038160100000000363,0.11843864999999998,0.08482081000000002,0.005498200000000009,-0.003287580000000012,0.16946709,0.07822122999999997,-0.040703439999999924,0.0029940600000000206,0.1787571,-0.013139899999999982,0.09247649999999996,-0.002349139999999972,0.191257,-0.012232880000000002,0.06438279999999996,-0.0003572099999999967,0.017499600000000004,-0.0019605400000000106,0.015593799999999991,0.1692374035900543,0.16125579113772162
0.07200454499999998,-0.3056598600000001,0.07157080500000002,-0.3121855900000001,0.07503674500000002,-0.3232814700000001,0.040940535,-0.3254735100000001,0.04432122500000002,-0.3498308700000001,-0.009125545000000013,-0.2851342100000001,-0.012095195000000003,-0.2696657100000001,-0.009533864999999975,-0.16585501000000014,-0.015226444999999977,-0.10032771000000007,0.07210800499999998,-0.16882757000000015,0.06441815499999998,-0.14196536000000015,0.0018408449999999799,-0.007500440000000053,-0.0018408449999999799,0.007500439999999942,0.0032290649999999754,0.1694002899999999,-0.004165815000000017,0.19775158999999987,-0.009527934999999987,0.2623046899999999,-0.018046335000000024,0.2623046899999999,-0.00040831999999996205,0.11927919999999997,0.08164186999999995,-0.002972560000000013,-0.0031312499999999743,0.16933800000000004,0.07964459999999995,-0.04163765000000008,0.0013882199999999956,0.17690072999999995,-0.012756999999999963,0.0929044,-0.0023249700000000373,0.19025114999999992,-0.013880520000000007,0.06455310000000003,-0.0029696499999999904,0.015468499999999996,-0.0036816899999999597,0.015000879999999994,0.1759656689485268,0.16349397680232755
0.07219101500000003,-0.3048038150000001,0.07202851500000002,-0.31119115500000005,0.075534445,-0.32250795500000007,0.04151441500000003,-0.32477691500000005,0.045203784999999996,-0.3498562150000001,-0.009759884999999968,-0.28485129500000006,-0.011415055000000007,-0.2692339150000001,-0.010264834999999972,-0.1654667150000001,-0.013688184999999964,-0.09905211500000011,0.07165769500000002,-0.16817491500000004,0.06538871500000004,-0.1420742650000001,0.0012731149999999913,-0.007516785000000081,-0.0012731149999999913,0.00751678499999997,0.0033018750000000097,0.17105278499999987,-0.0029572149999999575,0.1993140149999999,-0.010653515000000002,0.2633835849999999,-0.016269044999999982,0.2633835849999999,-0.000504950000000004,0.11938457999999996,0.08192253,-0.0027081999999999384,-0.0022731299999999566,0.1701818,0.0790769,-0.04302214999999998,0.0020287600000000183,0.17856956999999996,-0.013955390000000012,0.09233080000000005,-0.0016840999999999662,0.19179722999999993,-0.013311830000000024,0.06406957000000002,-0.0016551700000000391,0.015617379999999959,-0.0025462299999999827,0.015033570000000052,0.17539961184926633,0.16377204223875155
0.071649205,-0.30592299000000006,0.07115538500000002,-0.3125254900000001,0.07454751500000001,-0.32343588000000006,0.040322315,-0.32529731000000006,0.043840955000000015,-0.34906673000000005,-0.00953759500000001,-0.28491960000000005,-0.012198825000000024,-0.26777337000000007,-0.010349025000000012,-0.16760203000000007,-0.014596565000000006,-0.09862923000000001,0.06891681500000002,-0.16938483000000004,0.064376655,-0.14283348000000007,0.0015933949999999975,-0.007683030000000035,-0.0015933949999999975,0.007683029999999924,0.0016282049999999937,0.17055849999999995,-0.003342104999999984,0.19805531999999992,-0.011078544999999995,0.26408736999999993,-0.01604126499999997,0.26408736999999993,-0.0008114300000000019,0.11731756999999998,0.07926584000000003,-0.0017827999999999733,-0.0023977399999999816,0.16914414000000005,0.07897322000000001,-0.044204250000000056,3.480999999999623e-05,0.17824152999999998,-0.012706749999999989,0.09352886999999999,-0.0017487099999999867,0.19037229,-0.012699159999999987,0.06603205000000001,-0.0026612300000000144,0.017146229999999985,-0.003186789999999995,0.01536605999999996,0.175156829737628,0.1643388793912828
0.07072712000000003,-0.30857367999999996,0.07011382000000005,-0.31507583,0.07376799,-0.32625262,0.038980970000000004,-0.32715163999999997,0.04305834000000003,-0.3516046,-0.010516279999999989,-0.28529034,-0.013437709999999992,-0.2695935,-0.009537009999999957,-0.16726180000000002,-0.015784969999999954,-0.10037719999999994,0.07119522,-0.17372949999999998,0.06275249000000005,-0.1456676,0.0016548100000000066,-0.007481399999999971,-0.001654809999999951,0.007481399999999971,0.001685630000000049,0.17139460000000006,-0.0038323899999999633,0.19895326000000002,-0.010491409999999979,0.2623999,-0.016459209999999946,0.2623999,0.000979270000000032,0.11802853999999996,0.08073222999999996,-0.006467699999999965,-0.002347259999999962,0.16921630000000004,0.07853746,-0.045290400000000064,3.082000000004248e-05,0.17887600000000003,-0.012177040000000028,0.09100529999999996,-0.0021775800000000123,0.19147186000000005,-0.012626819999999983,0.06344664,-0.0029214300000000026,0.01569683999999999,-0.0033096199999999576,0.014962799999999943,0.18020626897135988,0.1661412546428189
0.06967326499999998,-0.30946932,0.06890141500000002,-0.31586612,0.07311546499999999,-0.3271611,0.037281565000000016,-0.3276257,0.04328500499999999,-0.35247595,-0.012191834999999984,-0.28545884,-0.013933364999999975,-0.2704808,-0.012426855000000014,-0.16668127,-0.016247695000000006,-0.10255950000000003,0.06952256500000004,-0.17087819999999998,0.062593815,-0.14914110000000003,0.0013000350000000327,-0.007379400000000036,-0.0013000349999999772,0.007379400000000036,0.0023782850000000355,0.16834269999999996,-0.004765834999999996,0.1955848,-0.01078009499999999,0.2621639,-0.015930135000000012,0.2621639,-0.0002350200000000302,0.11877757,0.08194942000000005,-0.004196929999999988,-0.002314330000000031,0.1679213,0.07884151,-0.0465816,0.0010782500000000028,0.1757221,-0.013158380000000025,0.09382120000000005,-0.003465800000000019,0.18820539999999997,-0.011164300000000016,0.0665791,-0.0017415299999999911,0.01497803999999997,-0.00260007000000001,0.014758800000000072,0.1771614269558723,0.1690594303435112
0.06645491000000003,-0.311071675,0.06672958000000001,-0.316505525,0.07062632000000002,-0.329054955,0.03669598000000002,-0.327985355,0.04204976000000005,-0.356403835,-0.009540049999999967,-0.28754237499999996,-0.01888569999999995,-0.274059595,-0.004925519999999961,-0.17186567499999994,-0.017049419999999982,-0.10375142500000001,0.06979525000000003,-0.17863423499999997,0.0644364,-0.154577615,0.0035986600000000313,-0.006928374999999987,-0.0035986599999999758,0.006928374999999987,0.0009149600000000202,0.17258562499999996,-0.00766091999999996,0.19823112500000006,-0.016070669999999954,0.260798925,-0.01606901999999999,0.260798925,0.004614530000000006,0.11567670000000002,0.07472076999999999,-0.0067685600000000345,0.001836279999999968,0.17030816999999998,0.08148581999999999,-0.05082618999999999,-0.002683700000000011,0.17951399999999995,-0.016985629999999974,0.08821330000000005,-0.004062259999999984,0.19130275000000008,-0.00840810000000003,0.06256779999999995,-0.009345649999999983,0.013482779999999972,-0.007197320000000007,0.013856749999999973,0.18402415843026615,0.17525111752877268
0.06634941999999999,-0.30968252,0.06693299000000003,-0.31567122,0.07006837000000005,-0.32789339,0.03754362,-0.32761089,0.04102279000000003,-0.35536624,-0.010621539999999985,-0.28549192,-0.01787213999999998,-0.27229822,-0.00867889999999999,-0.16602651999999996,-0.01673503999999998,-0.10199532,0.06957492000000004,-0.17300822000000005,0.06335362,-0.15435812000000004,0.002821779999999996,-0.007046120000000045,-0.002821779999999996,0.007046120000000045,0.0011363699999999977,0.17115848,-0.006695919999999966,0.19834311000000004,-0.017476180000000008,0.26247038,-0.015576529999999977,0.26247038,0.0019426399999999955,0.11946540000000005,0.07825382000000003,-0.006981700000000091,0.001137100000000002,0.17030289999999998,0.08008865999999998,-0.05236280000000004,-0.0016854099999999983,0.17820460000000005,-0.018612550000000005,0.0913119,-0.0038741399999999704,0.19129699,-0.008880610000000011,0.06412726999999996,-0.007250599999999996,0.01319370000000003,-0.005643559999999992,0.01409224000000009,0.17888376208104972,0.1744434356894453
0.06415927499999996,-0.31216112,0.06530597499999996,-0.31816561,0.067417915,-0.33072060999999997,0.03713423499999996,-0.3290087,0.03739935499999997,-0.35779772,-0.008917485000000003,-0.28463942,-0.02220218500000004,-0.27320310999999997,-0.0035540450000000057,-0.16713730000000004,-0.019231765000000012,-0.10442540999999994,0.07008329499999999,-0.17862774999999997,0.060088754999999994,-0.15574471,0.004723514999999956,-0.006771850000000024,-0.0047235150000000115,0.006771850000000024,0.0010524149999999732,0.17279814999999998,-0.008496045000000008,0.20051595,-0.018878905,0.26144495,-0.01623803500000004,0.26144495,0.005363439999999997,0.11750211999999993,0.07363734,-0.01149044999999993,0.002970420000000029,0.16877770000000003,0.07932052,-0.05131930000000007,-0.0036710999999999827,0.17957,-0.019931319999999975,0.08864680000000003,-0.003772529999999996,0.19374409999999997,-0.007741990000000032,0.06092900000000001,-0.013284700000000038,0.011436310000000005,-0.009447029999999967,0.013543700000000047,0.1838650353015994,0.17496360369170072
0.06422770000000005,-0.3108770600000001,0.06520432000000004,-0.3170771600000001,0.06710693000000001,-0.3291611000000001,0.037389790000000034,-0.3286139400000001,0.03682886000000002,-0.3561281600000001,-0.008300239999999959,-0.2843675300000001,-0.021528639999999988,-0.2721425000000001,-0.0023036399999999957,-0.1678539000000001,-0.02040787999999999,-0.10388437000000006,0.07046783000000001,-0.1806540000000001,0.05939564000000003,-0.15510180000000007,0.00466964000000003,-0.0069358000000000475,-0.004669639999999975,0.0069357999999999365,0.002321040000000052,0.16944536999999993,-0.0065137999999999585,0.19725569999999992,-0.016741989999999984,0.2627257999999999,-0.01660250999999996,0.2627257999999999,0.005996599999999963,0.11651362999999998,0.07277147,-0.012800099999999981,0.0011207599999999984,0.16825813000000006,0.07980352000000002,-0.05121743000000001,-0.0023485999999999785,0.17638116999999998,-0.019063030000000036,0.09328042999999997,-0.0018441599999999836,0.1903199,-0.01008871,0.06547009999999998,-0.013228400000000029,0.01222502999999997,-0.009339280000000005,0.013871599999999984,0.1857617151581997,0.17424277292111257
0.06318401000000001,-0.31277224000000003,0.06464080999999999,-0.31898274000000004,0.06571729999999998,-0.33128583,0.037581279999999995,-0.32951703000000004,0.03521379000000002,-0.35761832000000005,-0.007513869999999978,-0.28465163000000004,-0.023852810000000002,-0.27385803000000003,-0.002936070000000013,-0.16580994999999998,-0.02200956999999998,-0.10646703000000002,0.06873097,-0.1765158,0.06002067,-0.15973199999999999,0.00592239,-0.0067766000000000215,-0.00592239,0.0067766000000000215,0.002610580000000029,0.17006084999999993,-0.00827718999999999,0.19838679999999997,-0.01673011000000002,0.261744,-0.01787261000000001,0.261744,0.004577799999999965,0.11884168000000006,0.07166704000000002,-0.010705850000000017,0.0018432400000000237,0.167391,0.08203023999999998,-0.05326496999999997,-0.0033118099999999706,0.17683744999999995,-0.01934069000000005,0.09168315000000005,-0.0023547999999999902,0.19161019999999995,-0.009595420000000021,0.0633572,-0.016338940000000024,0.010793600000000014,-0.01184478,0.013553200000000043,0.1809870540625942,0.17909104119448185
0.06230587000000004,-0.31100968999999995,0.06433061000000001,-0.31771485,0.06423506000000001,-0.32975397999999995,0.03863108000000004,-0.32899642999999995,0.03314898000000005,-0.35662035,-0.00575148999999997,-0.28340445,-0.025327679999999964,-0.27229685,-0.0017585399999999751,-0.16493415,-0.02344670999999998,-0.10557264999999993,0.06992457000000002,-0.17564419999999992,0.05873964000000004,-0.15958704999999995,0.006820710000000008,-0.006893249999999962,-0.006820709999999952,0.006893250000000073,0.0029135400000000478,0.17084231000000005,-0.009308719999999993,0.19979025000000006,-0.018637089999999967,0.26393785000000003,-0.016282259999999993,0.26393785000000003,0.003992949999999995,0.11847029999999997,0.07168311,-0.010710049999999915,0.0018809699999999818,0.16672420000000004,0.08218635000000002,-0.05401440000000002,-0.00390716999999996,0.17773556000000001,-0.021550630000000015,0.09309553999999998,-0.0024880100000000405,0.19289699999999999,-0.00697354,0.06414759999999997,-0.019576189999999993,0.011107599999999995,-0.01364141999999996,0.013786500000000035,0.1801637595988774,0.17892414532480658
0.061665259999999944,-0.31088745999999995,0.06355325999999994,-0.31732246999999997,0.06336018999999998,-0.32969096999999997,0.037819299999999945,-0.32764382,0.031725529999999946,-0.35593646999999995,-0.00518247000000005,-0.28132207,-0.02703189000000006,-0.27235287999999996,0.0007764599999999788,-0.16154081999999992,-0.02430064000000004,-0.10672381999999991,0.07112932999999999,-0.17325742,0.05753857999999995,-0.1628870699999999,0.007539039999999997,-0.006470179999999992,-0.007539040000000052,0.006470179999999992,0.002637189999999956,0.17100338000000004,-0.008942300000000014,0.19906583,-0.01920354000000002,0.26450428000000004,-0.016752500000000003,0.26450428000000004,0.005958930000000029,0.11978125000000006,0.07035287000000001,-0.011716600000000077,0.0027312500000000184,0.16562906000000005,0.08183921999999999,-0.05616325,-0.004901850000000041,0.17747356000000003,-0.021840729999999975,0.0935009,-0.0014032599999999618,0.19259565,-0.007810199999999989,0.06543845000000004,-0.02184942000000001,0.008969190000000016,-0.01507808000000005,0.012940359999999984,0.17849848293221346,0.18143035785784822
0.06119254999999996,-0.31260652,0.06288776999999995,-0.31934458,0.06309456999999996,-0.3315044,0.03682647999999994,-0.33037814,0.03179584999999996,-0.35832632,-0.007217850000000026,-0.28272082,-0.026375910000000058,-0.27406832,-0.0021374100000000618,-0.15951707999999998,-0.02466892000000004,-0.10880422000000001,0.07006657999999993,-0.16848657,0.05760944999999995,-0.16723371999999992,0.006667209999999979,-0.006487819999999922,-0.0066672100000000345,0.006487820000000033,0.003346429999999956,0.17309048000000005,-0.00917940000000006,0.20122308,-0.017947420000000047,0.26370278,-0.017256570000000027,0.26370278,0.005080439999999964,0.12320374,0.07220399,-0.008969490000000024,0.0017069900000000193,0.16526409999999997,0.08227836999999999,-0.05842949999999991,-0.003320780000000023,0.17957829999999997,-0.021293850000000003,0.09061229999999998,-0.0025121900000000252,0.19473525999999997,-0.008077169999999967,0.06247970000000003,-0.019158060000000032,0.008652500000000007,-0.013334420000000013,0.012975639999999955,0.17396285556968596,0.1852313755299765
0.05944139999999998,-0.311150245,0.0610155,-0.317687475,0.06120408999999999,-0.32982067499999995,0.035238309999999995,-0.32799943499999995,0.030196359999999978,-0.35589083499999996,-0.006087620000000016,-0.28038661499999995,-0.02859248000000003,-0.272981045,0.0014220600000000028,-0.15990827499999993,-0.027738680000000016,-0.11115022499999994,0.07165005999999996,-0.16723903499999992,0.05600888999999998,-0.16722103499999996,0.007606609999999958,-0.006204925000000028,-0.007606610000000014,0.006204925000000028,0.0030278599999999933,0.17075119500000002,-0.009284100000000017,0.19795182499999997,-0.018440170000000033,0.264978625,-0.016905710000000018,0.264978625,0.0075096800000000186,0.12047834000000002,0.07022799999999996,-0.007330759999999992,0.0008538000000000157,0.16183082000000004,0.08374757,-0.056070810000000026,-0.004578749999999965,0.17695612000000005,-0.021468030000000027,0.09422743,-0.0016774900000000037,0.19174689999999994,-0.007621610000000001,0.06702680000000005,-0.022504860000000015,0.0074055699999999725,-0.015213219999999972,0.012409850000000056,0.17330189863759302,0.18472545964801818
0.05954346000000005,-0.31163385,0.06084257000000004,-0.3182291,0.06103626000000001,-0.3302909,0.03495928000000004,-0.32843774,0.029565480000000033,-0.35600304,-0.005423469999999986,-0.2798233,-0.02896466999999997,-0.27377042,0.0029132600000000286,-0.15827879999999994,-0.02868759999999998,-0.11240740000000005,0.07316395000000003,-0.17059829999999998,0.056948630000000056,-0.1689216,0.00788483000000001,-0.00600719999999999,-0.007884829999999954,0.00600719999999999,0.003122230000000059,0.16976250000000004,-0.008034709999999945,0.1967335,-0.017480549999999984,0.2653569,-0.01586016999999995,0.2653569,0.008336730000000014,0.12154450000000006,0.07025069,-0.012319500000000039,0.0002770699999999904,0.16136301999999997,0.08563623000000004,-0.05651419999999996,-0.00476259999999995,0.17576970000000003,-0.020602780000000043,0.09559439999999997,-0.00014987999999999113,0.19072630000000002,-0.007825460000000006,0.0686234,-0.023541199999999984,0.006052879999999983,-0.015769659999999963,0.01201439999999998,0.17706381252865985,0.18655686158651896
0.05890533499999995,-0.30997946,0.05977123499999998,-0.31674717999999996,0.05993313499999997,-0.32835727,0.033748265,-0.32701723,0.027776984999999976,-0.35329418999999995,-0.005248345000000043,-0.27826018999999996,-0.029674685000000034,-0.27200286999999995,0.004564014999999977,-0.15766262999999991,-0.030319125000000002,-0.11242372999999994,0.07401206499999996,-0.17123022999999993,0.05444439499999998,-0.16817923,0.008164234999999964,-0.0060292299999999965,-0.00816423500000002,0.0060292299999999965,0.0034906549999999537,0.17109260999999998,-0.007377765000000036,0.19790127000000002,-0.015760335000000014,0.26733587000000003,-0.016305895000000015,0.26733587000000003,0.00981236000000002,0.12059756000000005,0.06944804999999998,-0.013567600000000013,-0.0006444399999999684,0.15957914,0.08476351999999998,-0.05575550000000007,-0.0046735800000000105,0.17712183999999997,-0.019250989999999968,0.09624326000000005,0.0007864699999999836,0.19187204000000002,-0.008928129999999979,0.06943460000000001,-0.02442633999999999,0.006257320000000011,-0.016328469999999984,0.012058459999999993,0.17784067902678757,0.18511733599543967
0.058937379999999984,-0.30925904000000004,0.05966522000000002,-0.31591271000000004,0.06006838000000003,-0.32775502,0.03335692000000001,-0.32610513,0.02800259999999999,-0.35288991000000003,-0.0051655600000000135,-0.27731092,-0.03011421999999997,-0.27224229000000005,0.004643439999999999,-0.15595797,-0.030751509999999982,-0.11263142999999998,0.07291323999999999,-0.17103547000000008,0.05348834000000002,-0.16786167000000007,0.008323980000000009,-0.00580363000000006,-0.008323980000000009,0.0058036299999999486,0.004805669999999984,0.17232282999999993,-0.006781619999999988,0.19849832999999995,-0.014745100000000011,0.26808012999999997,-0.014646700000000012,0.26808012999999997,0.009809000000000012,0.12135295000000001,0.06826979999999999,-0.015077500000000077,-0.0006372900000000126,0.15961086000000008,0.08423985,-0.0552302400000001,-0.0035183100000000245,0.17812646,-0.019550769999999995,0.09575730000000005,0.0015423600000000204,0.1926947,-0.007865080000000024,0.06958180000000003,-0.024948659999999956,0.005068629999999963,-0.016647960000000017,0.011607260000000008,0.17740725311309344,0.184337731698837
0.058805545000000015,-0.30969398,0.059804844999999995,-0.31637635,0.05904673500000002,-0.32826703,0.03437592500000003,-0.32672273,0.025213315000000014,-0.35334879999999996,-0.002878975000000006,-0.27878057,-0.03202097500000001,-0.27338793,0.010226835000000045,-0.15714450000000002,-0.031484334999999974,-0.1119888,0.07452608500000002,-0.17594675999999998,0.05241592500000003,-0.17023204999999997,0.009769004999999997,-0.005765499999999979,-0.009769004999999997,0.005765499999999979,0.0026228650000000298,0.17418684000000006,-0.006869434999999979,0.20008119999999996,-0.016089434999999985,0.2666697,-0.01776356499999998,0.2666697,0.013105810000000051,0.12163606999999999,0.06429924999999997,-0.01880225999999996,0.0005366400000000326,0.16139913,0.08390026,-0.05824324999999997,-0.0071461399999999675,0.17995234000000004,-0.018712300000000015,0.09248285999999994,0.002899570000000018,0.19431569999999998,-0.010894130000000002,0.06658850000000005,-0.029142,0.005392640000000004,-0.019538009999999995,0.011530999999999958,0.1820855311805801,0.18666039517023256
0.05766233500000001,-0.310032805,0.05882963499999999,-0.31670551500000005,0.05804991500000001,-0.328651625,0.03367534500000002,-0.326850375,0.024890895000000024,-0.353777335,-0.0027480750000000165,-0.27867437500000003,-0.03294140499999998,-0.27421285500000003,0.010574475000000028,-0.15764610499999998,-0.033616024999999994,-0.11356704500000003,0.074535075,-0.17702751500000002,0.050155245000000015,-0.169652075,0.010019924999999985,-0.005560624999999986,-0.010019924999999985,0.005560624999999986,0.0031820250000000327,0.17674238499999995,-0.006835964999999999,0.20194452499999993,-0.014122164999999964,0.26688022499999997,-0.015326565000000014,0.26688022499999997,0.013322550000000044,0.12102827000000005,0.06396059999999998,-0.019381410000000043,-0.0006746200000000147,0.16064581,0.08377127000000001,-0.05608502999999998,-0.006837899999999952,0.18230300999999993,-0.017304189999999997,0.09013784000000002,0.0031839599999999857,0.19638389999999994,-0.008490600000000015,0.06493570000000004,-0.030193329999999963,0.004461519999999997,-0.02003984999999997,0.011121249999999971,0.18320234426937504,0.18525803984124117
0.05675227000000005,-0.30813288000000005,0.05798315000000004,-0.31487125000000005,0.05690161000000005,-0.3269313200000001,0.033127070000000036,-0.3251400300000001,0.02309785000000003,-0.35229635000000004,-0.002591849999999951,-0.27637463000000007,-0.03481344999999997,-0.27224000000000004,0.011471510000000018,-0.15638070000000004,-0.035553299999999954,-0.11264804000000006,0.07333455,-0.17426094000000003,0.048261650000000045,-0.16751150000000004,0.010450870000000001,-0.005543800000000099,-0.010450870000000001,0.005543799999999988,0.0033133700000000377,0.17874859999999992,-0.0063939899999999605,0.20382049999999996,-0.015432849999999998,0.26851859999999994,-0.013506589999999985,0.26851859999999994,0.01406335999999997,0.11999393000000003,0.06186303999999998,-0.01788023999999999,-0.0007398499999999864,0.15959195999999998,0.08381495,-0.054863459999999975,-0.007137499999999963,0.18429240000000002,-0.018746220000000036,0.08977000000000002,0.0040568800000000405,0.19827669999999997,-0.0071126000000000245,0.06469809999999998,-0.03222160000000002,0.004134630000000028,-0.020901740000000002,0.011087600000000086,0.18005507640753143,0.18274380116118963
0.057593249999999985,-0.30799299999999996,0.058809990000000034,-0.31514224999999996,0.057179919999999995,-0.32668507999999996,0.034135950000000026,-0.3253428,0.022781300000000004,-0.3510577,-0.0017497899999999733,-0.27646879999999996,-0.034426999999999985,-0.27081131999999997,0.009791250000000029,-0.15744015999999994,-0.03649926999999997,-0.11177930000000003,0.07182460000000002,-0.17389939999999993,0.04751795000000003,-0.16697929999999994,0.010774549999999994,-0.005779599999999996,-0.010774549999999994,0.005779599999999996,0.004111279999999995,0.17966404000000002,-0.006985499999999978,0.20417760000000007,-0.013574849999999972,0.2692742,-0.01407820999999998,0.2692742,0.011541040000000002,0.11902864000000002,0.06203334999999999,-0.016459239999999986,-0.002072269999999987,0.15903201999999994,0.08401722,-0.055199999999999916,-0.006663269999999999,0.18544364000000002,-0.017686129999999967,0.08961016,0.003789050000000016,0.19839800000000007,-0.007092710000000002,0.06509659999999995,-0.03267721000000001,0.0056574799999999925,-0.021549099999999988,0.011559199999999992,0.17886133108372665,0.18232842094818894
0.05644456000000003,-0.3065646449999999,0.05765927000000004,-0.31342633499999994,0.056154850000000034,-0.3252138049999999,0.03306237000000001,-0.3232471249999999,0.022274790000000044,-0.34946860499999993,-0.002694809999999992,-0.2752653749999999,-0.03470993,-0.2698728749999999,0.009091820000000028,-0.15910797499999996,-0.03745465999999997,-0.11185030499999993,0.07130495000000003,-0.17511402499999995,0.04726592000000002,-0.16625777499999994,0.010566770000000003,-0.005675424999999956,-0.010566770000000003,0.005675425000000067,0.004252090000000042,0.17997912500000013,-0.0066080099999999975,0.20342452500000008,-0.013079509999999961,0.2702487250000001,-0.015567310000000001,0.2702487250000001,0.01178663000000002,0.11615739999999997,0.062213130000000005,-0.016006049999999994,-0.002744729999999973,0.15802256999999997,0.08472057999999999,-0.05440747000000001,-0.0063146799999999614,0.18565455000000008,-0.017331600000000003,0.09026959999999995,0.003958760000000006,0.1977491,-0.008959300000000003,0.0668242,-0.03201512000000001,0.005392500000000022,-0.021133540000000006,0.011350850000000023,0.17999601573277227,0.18139913256373666
0.05648837499999998,-0.30779380000000006,0.05777495500000002,-0.3147186500000001,0.05627384499999999,-0.3265819800000001,0.033108525,-0.3250771800000001,0.022086614999999976,-0.35157945000000007,-0.0025479250000000064,-0.2768546300000001,-0.03579005499999999,-0.2714344500000001,0.009723215000000007,-0.15963435000000004,-0.037645765,-0.11235505000000012,0.07165145500000003,-0.17690625000000004,0.04700717500000001,-0.1675498500000001,0.01087379500000002,-0.0057656500000000666,-0.01087379500000002,0.0057656499999999555,0.004878455000000004,0.1786732499999999,-0.00682524499999998,0.20259034999999992,-0.01323782499999998,0.2693759499999999,-0.012569425000000023,0.2693759499999999,0.012271140000000014,0.11722028000000007,0.06192824000000002,-0.017271900000000007,-0.0018557100000000104,0.15907939999999998,0.08465294000000001,-0.05519479999999999,-0.005995340000000016,0.18443889999999996,-0.018116279999999985,0.09070270000000002,0.00404855000000004,0.19682469999999996,-0.005744180000000043,0.0667856,-0.03324212999999998,0.005420179999999997,-0.02174759000000004,0.011531300000000022,0.1816123038878027,0.1827251193142063
0.05562181499999996,-0.3075062049999999,0.05726112499999997,-0.31476041499999996,0.05484315499999998,-0.32628372499999997,0.03358329499999996,-0.32466247499999995,0.02067189499999994,-0.35034582499999994,-0.0017194250000000522,-0.27573425499999993,-0.03595222500000006,-0.27027648499999996,0.008589014999999978,-0.15790025499999993,-0.03842906500000004,-0.11195915499999998,0.06996630499999995,-0.17342925499999995,0.04727839499999997,-0.16686472499999994,0.011337084999999969,-0.00576868499999994,-0.011337085000000025,0.005768685000000051,0.005469934999999981,0.1783805450000001,-0.006916415000000009,0.20203334500000003,-0.011529875000000023,0.27023294500000006,-0.013302315000000009,0.27023294500000006,0.01030844000000003,0.117834,0.06137728999999997,-0.015529000000000015,-0.00247683999999998,0.15831732999999998,0.08570746000000001,-0.05490556999999996,-0.005867149999999988,0.18414923000000005,-0.016999810000000004,0.09185239999999995,0.004420670000000015,0.19626465999999998,-0.0063859,0.06819960000000003,-0.03423280000000001,0.005457769999999973,-0.022674169999999993,0.011537369999999991,0.17761602453194728,0.18231310634142156
0.05609470500000002,-0.307725075,0.05733234500000001,-0.315263785,0.05470201500000005,-0.326303875,0.03339064500000005,-0.324624855,0.01964824500000001,-0.348809005,-0.0006682349999999615,-0.274790115,-0.036358055,-0.268213005,0.00982492500000004,-0.15825552500000006,-0.03876305499999999,-0.11080405500000001,0.07039668500000001,-0.17488015499999998,0.04691024500000002,-0.16602255499999996,0.01181429500000003,-0.006002485000000002,-0.011814294999999975,0.006002485000000002,0.005827345000000039,0.17917591499999996,-0.005989614999999948,0.20324654499999995,-0.011600584999999997,0.271238145,-0.012808174999999977,0.271238145,0.010493160000000001,0.11653458999999994,0.060571759999999975,-0.016624629999999918,-0.0024049999999999905,0.15740895,0.08567330000000001,-0.05521849999999995,-0.005986949999999991,0.18517839999999997,-0.017427930000000036,0.09206223000000002,0.0058246800000000265,0.19724405999999994,-0.006818560000000029,0.06799160000000004,-0.03568982000000004,0.006577109999999997,-0.023628590000000005,0.012004970000000004,0.17875000375591882,0.18177234659104002
0.05598369000000003,-0.30759300999999994,0.05713581000000001,-0.31515582999999997,0.05474487000000006,-0.32629971999999996,0.03288248000000005,-0.32469757999999993,0.01962381000000002,-0.34910680999999993,-0.001884909999999962,-0.27443723999999997,-0.036201209999999984,-0.26795267999999994,0.007484470000000021,-0.15621690999999993,-0.03806852999999999,-0.11021762999999996,0.06726341000000002,-0.1703244399999999,0.047167450000000055,-0.16510947999999992,0.01134196000000004,-0.005992479999999967,-0.011341959999999984,0.005992480000000078,0.0056058800000000075,0.18005372000000008,-0.0059946199999999505,0.20408649,-0.012091839999999965,0.27198202000000005,-0.012109369999999953,0.27198202000000005,0.009369379999999983,0.11822033000000004,0.05977894,-0.01410752999999998,-0.0018673200000000056,0.15773505,0.08523598000000004,-0.054891849999999964,-0.005736080000000032,0.18604620000000005,-0.017697719999999972,0.09192829999999996,0.005347340000000034,0.19809400999999993,-0.006114750000000002,0.06789553000000004,-0.03431630000000002,0.006484560000000028,-0.022683920000000024,0.011984960000000044,0.17358629452679747,0.1808292890391092
0.05532008999999999,-0.3065124,0.056580789999999936,-0.31406833,0.054071889999999956,-0.32522367,0.03257934999999995,-0.32358842,0.01899145999999996,-0.34810348,-0.0021143100000000636,-0.27367182,-0.03710351000000006,-0.26701881,0.006644239999999968,-0.15597411000000005,-0.03897751000000005,-0.10896088000000004,0.06654654999999998,-0.16904255,0.04686044999999994,-0.16326154999999998,0.011699689999999985,-0.006017849999999991,-0.01169969000000004,0.006017849999999991,0.007469409999999954,0.18096484999999995,-0.006567310000000048,0.20425344999999995,-0.009990810000000017,0.27306555,-0.012629040000000036,0.27306555,0.008758550000000032,0.11769770999999996,0.059902310000000014,-0.013068439999999959,-0.0018739999999999868,0.15805792999999996,0.08583795999999999,-0.05430066999999994,-0.004230280000000031,0.18698269999999995,-0.01746021999999997,0.09210070000000004,0.005132379999999992,0.19823559999999996,-0.006061729999999987,0.06881210000000004,-0.0349892,0.006653010000000015,-0.023399380000000025,0.012035699999999983,0.17200357804984642,0.17912231927143973
0.05415421500000006,-0.3063876,0.055402845000000034,-0.31386885999999997,0.05313560500000003,-0.32523731999999994,0.031241145000000026,-0.32404079999999996,0.018214465000000013,-0.34906687,-0.0034210649999999454,-0.27477035999999994,-0.03813281499999999,-0.26792835,0.0059827650000000565,-0.15718699999999997,-0.038818434999999984,-0.10956949999999999,0.06620976500000003,-0.16993939999999996,0.04743076500000004,-0.16389999999999993,0.011590215000000015,-0.006188899999999942,-0.01159021499999996,0.006188900000000053,0.008466095000000062,0.1831796,-0.0062459649999999645,0.20745460000000004,-0.009499604999999967,0.27263780000000004,-0.010995414999999953,0.27263780000000004,0.009403830000000002,0.11758335999999997,0.060226999999999975,-0.012752399999999997,-0.0006856199999999979,0.15835885,0.08624920000000003,-0.05433049999999995,-0.0031241199999999525,0.18936849999999994,-0.01796570000000003,0.08945820000000004,0.005344249999999995,0.2012657,-0.004749449999999988,0.0651832,-0.03471175000000004,0.006842009999999954,-0.023180429999999974,0.012377799999999994,0.1726195860626844,0.18003807925927892
0.054006785,-0.3060277549999999,0.055073755,-0.3135266149999999,0.053025125000000006,-0.3247627449999999,0.030676254999999986,-0.3235718449999999,0.018045725000000012,-0.3482822349999999,-0.004520985000000033,-0.2740929349999999,-0.037816285000000005,-0.2672240849999999,0.005175205000000016,-0.1575415349999999,-0.038635105,-0.11051722499999994,0.066098655,-0.16868831499999992,0.04942238500000001,-0.1629031849999999,0.01113641500000001,-0.00623871499999995,-0.01113641500000001,0.006238715000000061,0.009010884999999969,0.18204174500000014,-0.00501742500000002,0.2061936150000001,-0.007969375,0.2731370150000001,-0.011036305000000024,0.2731370150000001,0.009696190000000049,0.11655140000000003,0.06092344999999999,-0.011146780000000023,-0.0008188199999999979,0.15670685999999995,0.08805749000000002,-0.052385959999999954,-0.002125530000000042,0.1882804600000001,-0.01698025999999997,0.09109526999999995,0.006118989999999991,0.19995490000000005,-0.006018880000000004,0.06694339999999999,-0.03329529999999997,0.006868850000000037,-0.02227283000000002,0.012477430000000012,0.1714955403676072,0.1796562010982365
0.05304019499999996,-0.3052001899999999,0.053784475,-0.31228971999999994,0.052413564999999995,-0.3234627299999999,0.028704194999999988,-0.3209770699999999,0.018611865000000005,-0.34572133999999993,-0.00508646500000004,-0.27138352999999993,-0.03776974500000002,-0.2653398899999999,0.004559564999999988,-0.15459531999999987,-0.037685435000000045,-0.10865223999999996,0.06733547499999998,-0.16923379999999988,0.049467134999999995,-0.1623091699999999,0.010689574999999951,-0.005913969999999935,-0.010689575000000007,0.005913970000000046,0.006077214999999969,0.18456137000000006,-0.0034925450000000136,0.20742559000000005,-0.013812375000000043,0.2733809300000001,-0.00869490500000003,0.2733809300000001,0.009646030000000028,0.11678821000000006,0.06277590999999999,-0.01463848000000001,8.430999999997635e-05,0.15668764999999996,0.08715257000000004,-0.053656929999999936,-0.004612359999999982,0.19047534,-0.019889590000000013,0.08881956000000002,0.007197029999999993,0.20151162,-0.005202360000000017,0.06595534000000003,-0.03268327999999998,0.006043640000000017,-0.021379149999999958,0.011827939999999981,0.17286446962299362,0.17865568725759523
0.052873695,-0.302657,0.053541455000000016,-0.30968373,0.052297855000000004,-0.32083522999999997,0.028434514999999994,-0.31840949,0.018671154999999995,-0.34308203,-0.00511109500000001,-0.26838278,-0.03746429499999998,-0.26257118,0.004723195000000013,-0.15111918999999996,-0.037535545000000003,-0.10550006,0.06660283500000003,-0.16714569,0.049483865000000016,-0.15860262999999997,0.010237215000000022,-0.00582912999999996,-0.010237215000000022,0.00582912999999996,0.004221795000000028,0.18172517,-0.0019172450000000119,0.20455146999999996,-0.017902525000000002,0.27639077,-0.006522034999999982,0.27639077,0.009834290000000023,0.11726359000000003,0.061879640000000014,-0.016026500000000055,-7.125000000002268e-05,0.15707112,0.08701941000000002,-0.05310256999999996,-0.0060154199999999935,0.18755429999999995,-0.02212432000000003,0.09466560000000002,0.00831997000000001,0.19872234,-0.00460478999999997,0.07183930000000005,-0.03235319999999997,0.005811599999999972,-0.020474430000000043,0.01165825999999992,0.17088041329601827,0.17494116466133403
0.052878079999999994,-0.3031037,0.05326042999999997,-0.3102079,0.05235892999999997,-0.32139236,0.02726888999999999,-0.3200342,0.018180529999999973,-0.34450306999999997,-0.007808740000000036,-0.27049506,-0.036854090000000006,-0.26338708,0.0028150999999999593,-0.15278059999999993,-0.03666477000000001,-0.10567333999999995,0.06464376999999999,-0.1653829,0.04969065999999994,-0.15778919999999996,0.00860380999999999,-0.00609042999999998,-0.008603810000000045,0.00609042999999998,-0.0004935900000000437,0.17745856000000004,0.001111689999999943,0.20089117,-0.02311045000000006,0.2754533,-0.0014941400000000327,0.2754533,0.010623839999999996,0.11771446000000008,0.06182867000000003,-0.012602300000000066,0.00018931999999999283,0.15771374000000005,0.08635542999999996,-0.052115860000000014,-0.009097400000000033,0.18354899000000002,-0.022616860000000016,0.09799473999999997,0.009715499999999988,0.19480074000000003,-0.0026058299999999757,0.07456213,-0.02904534999999997,0.007107980000000014,-0.017207620000000035,0.01218085999999996,0.16886257168331442,0.17393900759035558
0.05273193500000001,-0.304314675,0.05307898500000002,-0.31146386499999995,0.05213636500000002,-0.32236009499999996,0.02726266500000002,-0.32185184499999997,0.017592174999999988,-0.34567463499999995,-0.01021685499999997,-0.272079645,-0.035132814999999984,-0.262749215,0.0006267850000000186,-0.154944815,-0.03502201500000002,-0.10374727499999992,0.06594023500000001,-0.16683651499999996,0.050886505000000026,-0.15919706499999997,0.007305695000000001,-0.006610484999999944,-0.007305695000000001,0.006610485000000055,-0.0018962550000000133,0.17923543500000005,0.0018293349999999875,0.20446214500000004,-0.029086895,0.27428278500000003,-0.010554595,0.27428278500000003,0.010843639999999988,0.11713482999999997,0.06531345,-0.01189169999999995,0.00011079999999996648,0.15900194000000006,0.08590852000000004,-0.055449790000000054,-0.009201950000000014,0.18584592,-0.027190639999999988,0.09504734999999997,0.009135029999999988,0.19785165999999998,-0.012383929999999987,0.06982063999999999,-0.024915960000000015,0.00933043,-0.014611390000000002,0.013220969999999999,0.1706176719175728,0.1757227241361871
0.050401600000000046,-0.3059058999999999,0.050672030000000035,-0.3127613799999999,0.05002553000000004,-0.3240040699999999,0.02479321000000001,-0.3222244899999999,0.015631140000000043,-0.3469450499999999,-0.010749719999999963,-0.2719066499999999,-0.03835832,-0.2629445099999999,0.0015159600000000384,-0.15436960999999993,-0.036032079999999966,-0.1021112999999999,0.06470704000000005,-0.16909174999999987,0.049842180000000014,-0.16021354999999993,0.008323460000000005,-0.0065224499999999574,-0.008323460000000005,0.0065224500000000685,-0.001579919999999957,0.1786920500000001,-0.0013128199999999923,0.20343345000000013,-0.029734999999999956,0.2728061500000001,-0.012539419999999968,0.2728061500000001,0.012265680000000001,0.11753703999999998,0.06319108000000001,-0.01472213999999994,0.002326240000000035,0.16083321,0.08587425999999998,-0.05810225000000002,-0.009903379999999962,0.18521450000000006,-0.02815508,0.09411409999999998,0.007010640000000012,0.19691100000000006,-0.011226599999999975,0.06937269999999995,-0.02760860000000004,0.008962140000000007,-0.01664692000000001,0.013044900000000026,0.17206942028177574,0.17659030373327295
0.05054029500000001,-0.31152886,0.051329104999999986,-0.31882233000000004,0.049611444999999976,-0.32985943,0.026696465000000003,-0.32733736,0.014941715000000022,-0.35163805000000004,-0.008862884999999987,-0.27551118,-0.03858420499999998,-0.26629559,0.0011727450000000306,-0.15666798000000004,-0.03492191499999997,-0.10433629,0.06452902500000002,-0.17113522999999997,0.050803034999999996,-0.16402773000000004,0.00999340500000001,-0.00663902999999999,-0.00999340500000001,0.00663902999999999,0.005551634999999999,0.18003026999999994,-0.005290815000000004,0.20500916999999996,-0.01858610500000002,0.26922777,-0.01892608499999998,0.26922777,0.010035630000000018,0.11884319999999998,0.06335627999999999,-0.014467249999999932,0.0036622900000000125,0.16195930000000003,0.08572494999999997,-0.05969144000000004,-0.0044417700000000115,0.18666929999999993,-0.02413774000000002,0.08919750000000004,0.0047025900000000065,0.19837013999999997,-0.013635269999999977,0.06421860000000001,-0.029721319999999996,0.009215589999999996,-0.01998681000000002,0.01327805999999998,0.17330070300845404,0.1811721559334414
0.050820085000000015,-0.31391117499999993,0.051247085000000026,-0.32127682499999993,0.050168035,-0.3321575849999999,0.025817635000000005,-0.3301276249999999,0.015709075000000017,-0.3540228649999999,-0.010246684999999978,-0.2781859049999999,-0.03737452499999999,-0.2679026249999999,0.00022759500000002486,-0.15872652499999995,-0.03250288499999998,-0.10488376499999996,0.065724695,-0.17453977499999995,0.051574375000000006,-0.16679192499999995,0.009211244999999979,-0.006754124999999944,-0.009211244999999979,0.006754125000000055,0.004444914999999994,0.18139237500000005,-0.006648635000000014,0.20636823500000012,-0.01889708499999998,0.2668174750000001,-0.019812785,0.2668174750000001,0.010474280000000002,0.11945937999999995,0.06549709999999997,-0.01581325,0.00487164000000001,0.16301885999999993,0.08407725999999999,-0.06190815999999999,-0.004766329999999985,0.1881465,-0.023341999999999974,0.08542510000000003,0.002562609999999965,0.19961411000000007,-0.013164149999999986,0.06044923999999996,-0.027127840000000014,0.010283280000000006,-0.018422489999999958,0.01350825,0.17704743538618403,0.18388344968861906
0.05254343500000003,-0.31478455999999994,0.05262610499999998,-0.3225177199999999,0.051494684999999984,-0.3328738499999999,0.026767374999999982,-0.3317122999999999,0.01620748500000002,-0.3540355799999999,-0.010261395000000006,-0.2797255199999999,-0.035074565,-0.2678025799999999,-0.0005399549999999809,-0.16123427999999995,-0.030003634999999973,-0.10600861999999989,0.06607058500000001,-0.17576797999999993,0.05380433499999998,-0.16534717999999993,0.00859352499999999,-0.00706067999999993,-0.00859352499999999,0.007060680000000041,0.0028841050000000257,0.17965207000000005,-0.007689895000000002,0.20627832000000013,-0.019326714999999994,0.2661844200000001,-0.022656414999999985,0.2661844200000001,0.009721440000000026,0.11849123999999994,0.06661054,-0.014533699999999983,0.005070930000000029,0.16179396000000001,0.08380796999999995,-0.05933856000000004,-0.005709419999999965,0.18671274999999998,-0.02221082000000002,0.08653235000000004,0.0009036299999999886,0.19921764000000008,-0.014966519999999983,0.05990609999999996,-0.024813169999999996,0.011922939999999993,-0.01718704999999998,0.014121359999999972,0.17822953038016345,0.18335201968442885
0.05320566999999998,-0.3153411,0.05334166000000001,-0.32295035,0.05224508,-0.33348484,0.027333300000000005,-0.33196737,0.01682290000000003,-0.354717,-0.00928532999999998,-0.28016902,-0.03490302000000001,-0.26853487,0.0007153000000000298,-0.16052851999999995,-0.027837730000000005,-0.10573213000000004,0.06597045000000001,-0.17651307000000005,0.054534850000000024,-0.16548357000000002,0.00891829999999999,-0.006885330000000023,-0.00891829999999999,0.006885330000000023,0.0013742700000000108,0.17902889,-0.009861049999999982,0.20556045999999994,-0.021215319999999982,0.26560803,-0.023017940000000014,0.26560803,0.01000063000000001,0.11964050000000004,0.06525514999999998,-0.015984550000000097,0.007065290000000002,0.16280273999999995,0.08237258000000003,-0.05975143999999999,-0.007544029999999979,0.18591422000000002,-0.022589589999999993,0.08657914,-0.0009427499999999922,0.19867512999999992,-0.013156890000000032,0.06004757000000005,-0.025617690000000026,0.01163415000000001,-0.01783659999999998,0.013770660000000046,0.17896513067391118,0.18367727113644877
0.05438912499999998,-0.31642144999999994,0.054265705,-0.32394884999999995,0.053924344999999985,-0.33459496999999994,0.027633724999999998,-0.33364716999999994,0.018776654999999975,-0.35670676999999995,-0.011478904999999984,-0.28135552999999996,-0.031739075000000005,-0.27014114999999994,-0.00186154500000002,-0.15991708999999998,-0.024754975000000012,-0.10632544999999993,0.06545620499999999,-0.17656824999999998,0.056514224999999974,-0.1649238799999999,0.007194574999999981,-0.006725549999999969,-0.007194574999999981,0.00672555000000008,0.00048122499999997403,0.17739844999999999,-0.009591915000000006,0.20385135,-0.022249014999999983,0.26467755000000004,-0.026374045000000013,0.26467755000000004,0.009617359999999964,0.12143843999999998,0.06731775000000001,-0.016651159999999998,0.006984099999999993,0.1638157,0.08126919999999999,-0.05859842999999998,-0.006713350000000007,0.18412399999999995,-0.022730239999999957,0.08727910000000005,-0.0023973400000000256,0.1971257999999999,-0.016782130000000006,0.06082620000000005,-0.020260170000000022,0.011214380000000024,-0.014389149999999962,0.013451100000000049,0.17955767951704796,0.1830910648195725
0.055444165000000045,-0.3157254199999999,0.05483248500000004,-0.32309767999999994,0.054995085000000055,-0.3336644199999999,0.02741328500000001,-0.3324980799999999,0.019745905000000008,-0.35507800999999994,-0.01099483499999998,-0.2807803199999999,-0.030557714999999985,-0.2685303699999999,0.001294155000000019,-0.16087934999999998,-0.02237795499999995,-0.10396805999999992,0.06867568500000004,-0.1792103399999999,0.05841000500000004,-0.16318829999999995,0.0068482850000000095,-0.006821499999999925,-0.006848284999999954,0.006821500000000036,-0.0005131849999999716,0.17677270000000012,-0.007848964999999986,0.20289940000000006,-0.02331288499999995,0.26534560000000007,-0.025916534999999963,0.26534560000000007,0.01228899,0.11990096999999994,0.06738153000000002,-0.018330989999999936,0.008179760000000036,0.16456231,0.08078795999999999,-0.059220240000000035,-0.007361469999999981,0.18359420000000004,-0.02279969999999998,0.08857289999999995,-0.0010006800000000315,0.19607790000000003,-0.018067569999999977,0.06244620000000001,-0.019562880000000005,0.01224995000000001,-0.013696569999999963,0.01364299999999996,0.18314076429704446,0.18210430118414034
0.056768135,-0.31528671,0.05602266499999997,-0.32266693,0.05635042499999998,-0.33304860000000003,0.02849180499999998,-0.33197542,0.020962605000000023,-0.35415863000000003,-0.010091375000000014,-0.28017187000000005,-0.029634194999999974,-0.26722007000000003,0.0029563449999999714,-0.16092552000000004,-0.02080715500000002,-0.10221261999999998,0.070938785,-0.18203817,0.060858085000000006,-0.16272936999999998,0.006928845000000017,-0.00705142999999997,-0.006928845000000017,0.00705142999999997,0.0013573049999999753,0.17329313000000002,-0.007216594999999992,0.20058266999999996,-0.022914594999999982,0.26559983,-0.02748651499999999,0.26559983,0.013047719999999985,0.11924635,0.06798244000000003,-0.021112649999999955,0.008827039999999953,0.16500745000000006,0.08166524000000003,-0.06051675000000001,-0.0055715400000000415,0.18034456,-0.024271899999999957,0.09230669999999996,-0.0002877499999999755,0.19353124,-0.020269919999999997,0.06501716000000002,-0.01954281999999996,0.012951800000000013,-0.013857690000000034,0.01410285999999994,0.18632667977139292,0.1828129862112232
0.056522795000000015,-0.31274385000000005,0.056025035,-0.31978500000000004,0.05634555499999999,-0.33050555000000004,0.028899714999999992,-0.32843373000000003,0.021742454999999994,-0.35155058,-0.008117965000000005,-0.27735866000000003,-0.030458704999999975,-0.26451050000000004,0.005716335000000017,-0.15784744000000006,-0.019883625000000016,-0.09808240000000001,0.07059195499999998,-0.17965904,0.06046305499999999,-0.16321930000000007,0.007875785000000024,-0.007018100000000027,-0.007875785000000024,0.007018100000000027,0.00283391500000002,0.17136609999999997,-0.007965794999999998,0.19878306999999995,-0.024088245000000008,0.2667807,-0.02756594499999998,0.2667807,0.013834300000000022,0.11951121999999997,0.06487561999999997,-0.02181159999999993,0.010575079999999959,0.16642810000000002,0.08034668,-0.06513690000000005,-0.005041870000000004,0.1783842,-0.02692216000000003,0.09541460000000002,-9.000999999997372e-05,0.19176496999999992,-0.019600149999999983,0.06799763000000003,-0.02234073999999997,0.012848159999999997,-0.015751570000000048,0.014036200000000054,0.18367964542526885,0.18344200558025317
0.05679822000000001,-0.313290435,0.056002140000000034,-0.32026963499999994,0.05660008999999999,-0.33092727499999997,0.028254,-0.32820220499999997,0.021710600000000024,-0.35095389499999996,-0.009504619999999964,-0.277189955,-0.029619640000000003,-0.26343910499999995,0.004100639999999989,-0.15968584499999994,-0.018401620000000007,-0.09755562499999992,0.06988692000000002,-0.181161275,0.06072059000000002,-0.161752805,0.00722718,-0.007095925000000003,-0.00722718,0.007095925000000003,0.0018577000000000177,0.16971988500000001,-0.007890909999999973,0.19654502500000004,-0.023040210000000005,0.26506192500000003,-0.028041480000000008,0.26506192500000003,0.013605259999999952,0.11750411000000005,0.06578628000000003,-0.021475430000000073,0.011218019999999995,0.16588348000000003,0.07912221000000003,-0.06419718000000008,-0.005369479999999982,0.17681581000000002,-0.024897910000000023,0.09534204000000002,-0.0006637299999999735,0.18944910000000004,-0.020150570000000034,0.06851689999999999,-0.02011502000000004,0.013750850000000037,-0.01445436,0.014191850000000006,0.18499997050672765,0.18200767310909122
0.05785158499999998,-0.31280120000000006,0.05775730499999998,-0.31983894,0.057826204999999964,-0.33116745000000003,0.03055192499999998,-0.32847642000000005,0.022295984999999963,-0.35298433000000007,-0.010432165000000049,-0.27744096,-0.02892465500000002,-0.26348888000000004,0.002592964999999947,-0.16070523000000003,-0.016690565000000046,-0.09613020000000005,0.06872944499999994,-0.1807274000000001,0.06087543499999998,-0.16080530000000004,0.006559714999999966,-0.007251200000000013,-0.0065597150000000215,0.007251200000000013,0.002620204999999931,0.16674599999999995,-0.007675395000000029,0.19418049999999998,-0.022517515000000043,0.26361009999999996,-0.02676591500000003,0.26361009999999996,0.013025129999999996,0.11673572999999998,0.06613648,-0.02002217000000006,0.012234089999999975,0.16735867999999998,0.07756600000000002,-0.06467509999999999,-0.003939510000000035,0.17399719999999996,-0.025137719999999975,0.09686410000000001,-0.0011156800000000078,0.18692929999999996,-0.01909052,0.06942959999999998,-0.018492489999999973,0.013952079999999978,-0.013119429999999987,0.014502400000000026,0.18427986133789262,0.1810814365079218
0.05881291999999999,-0.30977064000000004,0.05838904,-0.31708356000000004,0.05836659999999999,-0.32777328000000006,0.030983060000000007,-0.32603886000000004,0.022414659999999975,-0.34878405,-0.010077759999999991,-0.27640774,-0.02744726000000003,-0.26093631,0.002503870000000019,-0.16002294000000006,-0.015289839999999999,-0.09467288000000007,0.07126646999999997,-0.17747128,0.06279331999999999,-0.15840854999999998,0.006458159999999991,-0.007549680000000003,-0.006458159999999991,0.007549680000000003,0.004219589999999995,0.16514481999999997,-0.007169099999999984,0.19304886999999993,-0.017729910000000015,0.26547381999999997,-0.027066860000000026,0.26547381999999997,0.01258163000000001,0.11638479999999995,0.06876259999999995,-0.01744833999999995,0.01215742000000003,0.16626342999999993,0.07808315999999998,-0.06373566999999991,-0.0022385699999999953,0.17269449999999997,-0.02194950000000001,0.100329,-0.0007109399999999932,0.18549918999999992,-0.019897760000000042,0.07242495000000004,-0.017369500000000038,0.015471430000000008,-0.012916319999999981,0.015099360000000006,0.18186112061574927,0.17982742167679347
0.05964220999999997,-0.31133489999999997,0.059180049999999984,-0.31889855,0.05884320999999998,-0.3293217,0.03182746999999997,-0.32812392,0.021891610000000006,-0.35016142,-0.010328989999999982,-0.27737755,-0.02722572000000001,-0.26159910999999997,0.0025560499999999764,-0.16252595000000003,-0.016338550000000007,-0.09671030999999997,0.07368428999999999,-0.18034795000000003,0.06370188999999998,-0.15706728999999997,0.0062011899999999676,-0.007698050000000012,-0.006201190000000023,0.007698050000000012,0.004080699999999993,0.16051574999999996,-0.0063264499999999835,0.18873585000000004,-0.01814015000000002,0.26295055,-0.027433470000000015,0.26295055,0.012885039999999959,0.11485159999999994,0.07112824000000001,-0.017822000000000005,0.010887170000000002,0.1648888,0.08004043999999999,-0.060356980000000005,-0.002120489999999975,0.16821379999999997,-0.022220850000000014,0.10243480000000005,-0.0001252599999999604,0.18103780000000003,-0.021107020000000032,0.07421469999999997,-0.016896730000000026,0.015778440000000005,-0.01240237999999999,0.015396100000000024,0.18536978382578972,0.17898060749366673
0.060462444999999976,-0.31246512,0.05972540500000001,-0.32019772,0.05945604500000001,-0.33040884,0.03165930499999997,-0.32940612,0.02201926500000001,-0.3506512,-0.010822445000000014,-0.27996612,-0.02687675500000003,-0.26258868,0.0004475649999999831,-0.16255885000000003,-0.014525074999999998,-0.09530806000000003,0.07096859499999997,-0.17990446000000004,0.066235125,-0.15793802,0.006169374999999977,-0.008063920000000002,-0.0061693750000000325,0.008063920000000002,0.003417904999999999,0.16019777999999996,-0.0060488049999999904,0.18928802,-0.016090035000000003,0.26068658,-0.026112295000000008,0.26068658,0.011270009999999997,0.11740726999999995,0.07052102999999998,-0.01734561000000001,0.012351680000000032,0.16728062,0.0807602,-0.06262995999999998,-0.002751469999999978,0.16826169999999996,-0.01950794,0.10048880000000004,0.00012057000000004203,0.1812241,-0.020063490000000017,0.07139856,-0.016054310000000016,0.017377439999999966,-0.01233875000000001,0.016127840000000004,0.18365214428396967,0.18110509574281342
0.06141949999999996,-0.314251825,0.06056786999999997,-0.322499505,0.060123749999999976,-0.332325665,0.03221590999999996,-0.33202480500000003,0.021945649999999983,-0.352209775,-0.012396830000000025,-0.281922485,-0.025269730000000046,-0.26225302500000003,-0.0023885200000000606,-0.16304192500000003,-0.011988750000000048,-0.09376852499999999,0.06923164999999998,-0.176440225,0.06814264999999997,-0.15864762499999996,0.005277889999999952,-0.008556275000000002,-0.005277890000000007,0.008556275000000002,0.003497889999999948,0.16103932499999996,-0.005595070000000035,0.191217215,-0.014852180000000048,0.258472775,-0.02767871000000005,0.258472775,0.010008309999999965,0.11888055999999997,0.07162017000000004,-0.013398299999999974,0.013280979999999998,0.16848450000000004,0.08013140000000002,-0.06487909999999997,-0.0017800000000000038,0.16959559999999996,-0.018350069999999996,0.09743345000000003,-0.000317180000000028,0.18266094,-0.022083640000000015,0.06725555999999999,-0.01287290000000002,0.019669459999999972,-0.010555779999999959,0.017112550000000004,0.1796527319183878,0.18261358073566594
0.061887639999999966,-0.317025025,0.06088055999999997,-0.325200975,0.060581090000000004,-0.334715705,0.03233687000000002,-0.333915875,0.02292728999999999,-0.353411955,-0.01108806000000001,-0.283565275,-0.02487324000000002,-0.264568495,-4.836000000002505e-05,-0.16121043499999999,-0.011462909999999993,-0.09492041500000004,0.07348885,-0.17805732500000004,0.07122425999999998,-0.16117490499999998,0.005752670000000015,-0.00844477499999996,-0.005752670000000015,0.00844477499999996,0.002803219999999995,0.161278625,-0.005718129999999988,0.191729225,-0.012615550000000031,0.255928025,-0.027406350000000024,0.255928025,0.011039699999999986,0.12235484000000002,0.07353721000000002,-0.01684689000000006,0.013410330000000026,0.16964807999999998,0.08268716999999998,-0.06625448999999994,-0.00294945000000002,0.16972339999999997,-0.015418770000000026,0.0946494,3.454000000002733e-05,0.18328445000000004,-0.021688220000000036,0.0641988,-0.013785180000000008,0.01899677999999999,-0.01150534000000003,0.01688954999999992,0.18263791281794403,0.18626938448260166
0.06225805000000001,-0.318291,0.060940209999999995,-0.32705462999999996,0.060301010000000044,-0.33587826,0.032325550000000036,-0.33597488,0.022100690000000034,-0.35356339999999997,-0.01052506999999997,-0.28489293,-0.024137819999999977,-0.26491843,0.0014400800000000102,-0.15971846,-0.010508469999999992,-0.09484863999999993,0.07818495000000003,-0.17609089999999994,0.07148405000000002,-0.1615004,0.005865850000000006,-0.008760299999999943,-0.005865850000000006,0.008760300000000054,0.004268800000000017,0.15995144000000006,-0.005134369999999999,0.19225150000000002,-0.009736919999999982,0.25444310000000003,-0.027867019999999965,0.25444310000000003,0.01196514999999998,0.12517446999999998,0.07674487000000002,-0.016372439999999933,0.013629349999999985,0.17006979000000005,0.08199252000000001,-0.06665176000000006,-0.0015970499999999888,0.16871174,-0.01400572,0.09449165999999998,0.0007314800000000066,0.18349119999999997,-0.022732649999999965,0.062191600000000014,-0.013612750000000007,0.019974500000000006,-0.011731700000000012,0.017520599999999997,0.18228982945071293,0.1870072538552984
0.06150922000000003,-0.31784074000000007,0.060415120000000044,-0.32676215000000003,0.05952033000000001,-0.33604376,0.031934830000000025,-0.33634735000000004,0.020446779999999998,-0.35502814000000005,-0.011942540000000001,-0.2849476,-0.025586399999999954,-0.26526697000000005,0.002406300000000028,-0.1572152,-0.010728629999999961,-0.0919858,0.08183230000000002,-0.17675225000000006,0.07522806000000004,-0.16287874000000002,0.005680440000000009,-0.008824300000000007,-0.005680439999999953,0.008824300000000007,0.002444600000000019,0.16263319999999992,-0.005843369999999959,0.19475104,-0.00911491999999997,0.25455249999999996,-0.02732589999999996,0.25455249999999996,0.01434884000000003,0.12773240000000002,0.079426,-0.019537050000000056,0.014857769999999992,0.17328117000000004,0.08595669,-0.07089294000000002,-0.00323583999999999,0.17145749999999993,-0.01155951999999999,0.09191930000000004,-0.00016293000000000557,0.18592673999999998,-0.02148253,0.05980145999999997,-0.013643859999999952,0.019680629999999977,-0.011360879999999962,0.017648600000000014,0.18438791221948939,0.18981074605377748
0.06186769000000003,-0.3191941150000001,0.06064156000000004,-0.3284460150000001,0.05942996000000006,-0.3372535750000001,0.03224526000000005,-0.3378972750000001,0.019610140000000054,-0.3553951150000001,-0.010412339999999964,-0.2853899750000001,-0.026653909999999947,-0.2645645750000001,0.003853830000000058,-0.15683507500000005,-0.01073193999999994,-0.0916680150000001,0.08064592000000004,-0.1725993750000001,0.07480006000000006,-0.1623805250000001,0.00660164000000002,-0.009071875000000063,-0.006601639999999964,0.009071874999999952,0.003561590000000059,0.1621611249999999,-0.0067801999999999585,0.19499642499999992,-0.010297319999999943,0.2534593249999999,-0.027424139999999986,0.2534593249999999,0.014266170000000022,0.12855490000000003,0.07679208999999998,-0.015764300000000064,0.015921970000000008,0.17289655999999998,0.085532,-0.07071251,-0.003040049999999961,0.17123299999999997,-0.013858910000000002,0.0912982,-0.00017855999999999428,0.18592454999999997,-0.020643940000000027,0.058462899999999984,-0.016241569999999983,0.020825399999999994,-0.013203279999999984,0.018143750000000014,0.17950988456619435,0.1897950532249195
0.06336333,-0.32203493499999997,0.062236420000000015,-0.331595765,0.060495069999999984,-0.34029536499999996,0.03412369999999998,-0.34124276499999995,0.020125879999999985,-0.35834473499999997,-0.00918629999999998,-0.28774723499999993,-0.02516307000000001,-0.26782838499999995,0.005160800000000021,-0.15519202499999996,-0.009313830000000023,-0.09377259500000001,0.08171163999999997,-0.173682365,0.07896744,-0.167198905,0.006665699999999997,-0.008853664999999955,-0.006665699999999997,0.008853665000000066,0.0022732500000000044,0.1623620950000001,-0.006501980000000018,0.19500493500000005,-0.009867769999999998,0.25049143500000004,-0.029815860000000027,0.25049143500000004,0.014347100000000002,0.13255520999999998,0.07655083999999995,-0.01849034000000005,0.015849239999999987,0.17405578999999993,0.08828127000000002,-0.07342631,-0.004392449999999992,0.17121576000000005,-0.012141020000000002,0.08812933999999994,0.00016371999999997833,0.18615126999999998,-0.02331388000000001,0.055486499999999994,-0.01597677000000003,0.019918849999999988,-0.013331399999999993,0.01770733000000002,0.18110878900311164,0.19577421196333425
0.06599746499999998,-0.320667235,0.065097295,-0.33104213499999996,0.06330966499999996,-0.339076065,0.03653022499999997,-0.34242686499999997,0.023018234999999998,-0.357961865,-0.014583135000000025,-0.289875935,-0.01840746500000001,-0.26531666499999995,-0.008499505000000018,-0.15693313499999995,-0.006698674999999987,-0.09013003499999994,0.074713525,-0.164388835,0.07892918500000001,-0.16196876500000001,0.002781984999999987,-0.009801335000000022,-0.002781984999999987,0.009801335000000022,0.0016573649999999662,0.16282786500000002,-0.005414695000000025,0.19749296500000002,-0.006201595000000004,0.251157465,-0.031910665000000005,0.251157465,0.0060836300000000065,0.13294280000000003,0.08321303000000002,-0.007455700000000065,0.011708790000000024,0.17518663,0.08562786,-0.07183873000000007,-0.0011246200000000206,0.17262920000000004,-0.00785895999999997,0.08832960000000001,-0.002632710000000038,0.18769163,-0.02649596999999998,0.053664500000000004,-0.003824329999999987,0.024559270000000022,-0.005563969999999974,0.019602670000000044,0.17050349440120458,0.19021483264135558
0.06828369000000001,-0.32171175,0.06700061000000002,-0.33281142,0.06477917999999999,-0.33990893,0.03796265999999998,-0.34409592,0.02339197999999998,-0.35691997000000003,-0.01418309000000001,-0.29082131,-0.01584424000000001,-0.2632173,-0.010588070000000005,-0.15927528999999996,-0.004213950000000022,-0.09032615,0.07365168,-0.15838945000000004,0.07998766000000002,-0.16037655000000006,0.0021886099999999797,-0.010318150000000026,-0.0021886099999999797,0.010318150000000026,0.0016819299999999981,0.16093469000000005,-0.004575839999999998,0.19607105000000002,-0.004542009999999985,0.25090605,-0.03113197000000001,0.25090605,0.0035950200000000043,0.13154602000000004,0.08423975,0.0008858399999999156,0.011630289999999988,0.17289115,0.08420161000000004,-0.07005040000000007,-0.0005066799999999816,0.17125284000000007,-0.006223939999999983,0.08997135999999994,-0.002387230000000018,0.1857529,-0.02655613000000001,0.05483499999999997,-0.0016611500000000001,0.027604010000000012,-0.0043772199999999595,0.020636300000000052,0.1644143553875844,0.18944555935466773
0.06883814499999996,-0.32171435000000004,0.06758829499999996,-0.33347945,0.06430774499999997,-0.33988178,0.03941112499999999,-0.34477906,0.021483625000000006,-0.35587166000000003,-0.010818905000000045,-0.29009206000000004,-0.016759875000000035,-0.26266543000000003,-0.004181375000000043,-0.15785137999999999,-0.005365315000000037,-0.09066178000000003,0.07857277499999998,-0.16093468,0.08053924499999998,-0.15862998000000006,0.003563325000000006,-0.010302820000000046,-0.003563325000000006,0.010302819999999935,0.0008295249999999976,0.16080532000000003,-0.004938315000000026,0.19708061999999993,-0.003521215000000022,0.25128712,-0.03238455500000004,0.25128712,0.006637530000000003,0.13224068000000005,0.08275415000000003,-0.003083300000000011,0.011394559999999998,0.17200365,0.08590456000000002,-0.06796820000000003,-0.0027338000000000084,0.17110814000000008,-0.00435074000000002,0.09048179999999995,-0.0013749900000000204,0.1867778,-0.02744624000000001,0.054206500000000046,-0.00594096999999999,0.027426630000000007,-0.007126650000000012,0.02060563999999998,0.16827470052376287,0.18871018307564882
0.068436885,-0.3203406,0.06702518499999999,-0.33148098,0.06454387499999997,-0.33844920999999994,0.03857937499999997,-0.34225528999999993,0.022575014999999976,-0.35491732,-0.008976385000000031,-0.28798503,-0.01869323500000003,-0.26314044999999997,0.0005698449999999577,-0.15349625,-0.00563761500000004,-0.09009104999999995,0.079932685,-0.16050575,0.08268397499999997,-0.15853644999999994,0.0047772849999999645,-0.009942379999999917,-0.00477728500000002,0.009942380000000028,0.002475795000000003,0.1594238,-0.004793615000000029,0.19607045,-0.0029571650000000393,0.25273195000000004,-0.02960306500000004,0.25273195000000004,0.009546229999999989,0.13448877999999997,0.07936284000000005,-0.007009500000000002,0.01305561999999999,0.17304940000000002,0.08832159,-0.06844539999999999,-0.0023014899999999616,0.16936617999999992,-0.005432960000000042,0.09330815000000003,-1.6330000000008837e-05,0.18612806999999998,-0.02480945000000001,0.05666150000000003,-0.009716849999999999,0.024844580000000005,-0.009554569999999984,0.019884759999999946,0.16827852666016818,0.18982778552929622
0.06911577000000002,-0.32118239000000004,0.06771277000000003,-0.33279987000000005,0.06475424000000002,-0.33933728,0.03949657000000001,-0.34389971,0.02201842000000004,-0.35542758,-0.009092399999999945,-0.28881489000000005,-0.017725809999999953,-0.26333179,0.0005162500000000514,-0.15815805000000005,-0.006228909999999976,-0.09365021000000007,0.08281650000000002,-0.16472142,0.08441465000000004,-0.15798091000000003,0.00443439000000001,-0.01007665000000002,-0.004434389999999955,0.01007665000000002,0.0029444700000000323,0.16103075,-0.00450805999999998,0.19779795,-0.00026444999999997165,0.25200564999999997,-0.030635249999999947,0.25200564999999997,0.009608649999999996,0.13065684,0.08230024999999996,-0.006563369999999957,0.011496899999999977,0.16968157999999994,0.09064356000000001,-0.06433069999999996,-0.001489919999999978,0.17110740000000002,-0.003208920000000004,0.09097489999999997,-7.367000000002566e-05,0.18772129999999998,-0.026127189999999967,0.05420769999999997,-0.008633410000000008,0.025483100000000036,-0.008868779999999965,0.02015330000000004,0.17337462344992993,0.1900986464498767
0.06911447999999998,-0.32185978000000004,0.06726783999999997,-0.33348459,0.06475936999999998,-0.33991823000000004,0.03822409999999998,-0.34421888,0.021791969999999994,-0.35524161000000004,-0.010218680000000036,-0.28840256000000003,-0.017677960000000048,-0.26229108,-0.0012122999999999995,-0.15886155000000002,-0.005260290000000001,-0.09375721000000004,0.08213316999999998,-0.16421786000000005,0.08461695999999996,-0.15681997000000003,0.003944100000000006,-0.010208340000000038,-0.003944100000000006,0.010208339999999927,0.0022698399999999674,0.16012861999999994,-0.004600290000000007,0.19703428999999995,-0.0016829400000000216,0.25154349,-0.028257489999999996,0.25154349,0.009006380000000036,0.12954101,0.08334546999999998,-0.005356310000000031,0.012417670000000047,0.16853386999999997,0.08987724999999996,-0.06306276,-0.0016742600000000385,0.17033695999999998,-0.003952779999999989,0.09141487000000004,-0.0006561900000000009,0.18682595000000002,-0.02365719999999999,0.054509200000000035,-0.007459280000000013,0.02611148000000002,-0.007888200000000012,0.020416679999999965,0.17272076574082024,0.18905427181045045
0.06889915000000002,-0.32314347000000004,0.06666925000000001,-0.33469092000000006,0.06469767000000004,-0.3409126700000001,0.03717830000000005,-0.34504753000000005,0.022323170000000003,-0.3555122500000001,-0.01013240999999998,-0.2900003400000001,-0.017800599999999944,-0.26298391000000004,3.7200000000403577e-06,-0.15799841000000003,-0.006109359999999953,-0.09095567000000004,0.08156421000000003,-0.1640373100000001,0.08393607000000003,-0.15507057000000002,0.0042994300000000485,-0.010407070000000074,-0.004299429999999993,0.010407069999999963,0.0043010100000000495,0.15837182999999988,-0.004425259999999986,0.19575642999999998,0.0032432700000000203,0.25073382999999994,-0.030280029999999958,0.25073382999999994,0.010136130000000021,0.13200193000000005,0.08156048999999999,-0.006038900000000069,0.011691239999999992,0.17202824,0.09004542999999998,-0.06411489999999997,1.580000000001025e-06,0.16877889999999995,-0.0010577400000000292,0.09236200000000006,-0.00012582999999999345,0.18534936000000002,-0.02585476999999997,0.054977399999999954,-0.007668189999999964,0.027016430000000036,-0.008598860000000041,0.020814140000000037,0.1719653943992977,0.18753227135674436
0.06911586999999997,-0.32286417500000003,0.06742499999999996,-0.334334925,0.06494955999999996,-0.341156255,0.03887035999999999,-0.344303945,0.02246539999999997,-0.356499075,-0.007857750000000052,-0.28748727500000004,-0.01846967000000005,-0.26447604500000005,0.00545279999999998,-0.15499363500000007,-0.0077301600000000414,-0.092646075,0.08613514,-0.17055767500000008,0.08394374999999998,-0.15134982500000005,0.005108099999999949,-0.009700374999999983,-0.005108100000000004,0.009700374999999983,0.004632139999999951,0.16158338500000002,-0.004225440000000025,0.19917036499999996,0.004245869999999985,0.251265125,-0.03012917000000004,0.251265125,0.013310550000000032,0.13249363999999997,0.08068234000000002,-0.015564040000000001,0.010739510000000008,0.17182997000000005,0.09167391000000003,-0.058703750000000054,-0.0004759599999999975,0.17128376,-0.00038626999999996636,0.08968173999999995,0.0008826599999999796,0.18946998999999998,-0.025903730000000014,0.05209476000000002,-0.010611919999999997,0.023011229999999994,-0.010216199999999953,0.019400749999999967,0.18011233209986385,0.18403097268792148
0.06851757000000003,-0.3254201500000001,0.06682767000000006,-0.33690278000000007,0.06441680000000005,-0.3436454300000001,0.03839600000000004,-0.3467340300000001,0.022377490000000055,-0.35878746000000006,-0.008372149999999967,-0.2891951000000001,-0.018295329999999943,-0.2662941900000001,0.005768670000000031,-0.1564950300000001,-0.008602129999999986,-0.0943755300000001,0.08690143000000006,-0.17497353000000004,0.08616320000000005,-0.15640248000000012,0.004862190000000044,-0.009688130000000017,-0.0048621899999999885,0.009688129999999906,0.0036265900000000406,0.15977279999999994,-0.004207159999999988,0.1970208699999999,0.004928500000000058,0.24892936999999993,-0.03178132999999994,0.24892936999999993,0.014140819999999998,0.13270007,0.08113276000000003,-0.018478499999999953,0.009693199999999957,0.17191866,0.09476533000000004,-0.062026950000000025,-0.0012356000000000034,0.16946092999999995,0.0013019100000000172,0.08915656999999999,0.0006550300000000009,0.18733274,-0.027574169999999953,0.051908500000000024,-0.009923179999999976,0.022900909999999997,-0.009724380000000032,0.019376259999999923,0.18452560893528466,0.18939829026373023
0.06981543000000001,-0.32378600999999996,0.06803232999999997,-0.33549399999999996,0.06591283999999997,-0.34190919,0.03925157000000001,-0.34569739,0.024106269999999985,-0.35704395,-0.010118330000000009,-0.28816073,-0.01532372999999998,-0.26388238999999997,0.0013925799999999766,-0.15679155,-0.007412099999999977,-0.09323178999999993,0.08452680000000001,-0.16799085000000002,0.08467928000000002,-0.14961139999999995,0.0032606000000000024,-0.009984050000000022,-0.0032606000000000024,0.009984050000000022,0.005093699999999979,0.15686355000000007,-0.002493230000000013,0.19505285000000006,0.007161350000000011,0.25085325,-0.03061917000000003,0.25085325,0.011510909999999985,0.13136917999999997,0.08313422000000004,-0.011199300000000023,0.007911630000000003,0.17065060000000004,0.09209138,-0.056379610000000024,0.0018330999999999764,0.1668476000000001,0.002067650000000032,0.09398969999999995,0.0007673699999999894,0.18506880000000003,-0.028125940000000016,0.05580039999999997,-0.005205399999999971,0.02427834000000001,-0.006521200000000005,0.019968100000000044,0.17768045505536056,0.1822200048159282
0.068391965,-0.3240401500000001,0.06647164500000002,-0.33540309000000007,0.06521670500000004,-0.3421251800000001,0.037360625000000036,-0.3463231500000001,0.02438314500000005,-0.35861545000000006,-0.011911674999999955,-0.2895390100000001,-0.016147034999999976,-0.26537127000000005,0.000737475000000043,-0.15843375000000004,-0.007816334999999952,-0.09399065000000006,0.08474280500000003,-0.16932151000000006,0.08507515500000001,-0.15140382000000008,0.0028912249999999973,-0.01009479000000002,-0.0028912249999999973,0.010094789999999909,0.007032735000000012,0.1568032199999999,-0.0022721749999999874,0.19550944999999997,0.007451185000000027,0.24994834999999993,-0.030003144999999953,0.24994834999999993,0.012649149999999998,0.13110526000000006,0.08400532999999999,-0.010887760000000024,0.008330700000000024,0.17138061999999998,0.09289148999999997,-0.05741317000000001,0.004141510000000015,0.16689800999999993,0.00041845000000001464,0.09314513000000002,0.0006190500000000099,0.18541466000000006,-0.027730969999999966,0.05443889999999996,-0.004235360000000021,0.02416774000000005,-0.0057824499999999945,0.02018957999999993,0.17903304027596365,0.18390183534221863
0.066891535,-0.32389261999999996,0.06481535500000002,-0.3349031,0.06411640499999999,-0.3419695,0.03534320499999999,-0.34560797,0.023800005000000013,-0.35872529999999997,-0.012670145000000022,-0.28870806,-0.017223735000000018,-0.26535532,0.0013507449999999865,-0.15810645,-0.00809399500000002,-0.09412799999999999,0.08335780500000001,-0.16666669999999995,0.084713325,-0.15008409999999994,0.0027532450000000153,-0.009699200000000019,-0.0027532450000000153,0.009699200000000019,0.0042130750000000106,0.16197510000000004,-0.003436164999999991,0.1978955,0.005443705000000021,0.2501356,-0.027884995000000024,0.2501356,0.014020890000000008,0.13060160999999998,0.08200706000000002,-0.008560249999999936,0.009129739999999997,0.17122732000000002,0.09280732000000003,-0.05595609999999995,0.0014598299999999953,0.17167430000000006,0.0012306300000000103,0.08816049999999997,-0.0006829199999999758,0.18819629999999998,-0.024448830000000032,0.05224010000000001,-0.004553589999999996,0.023352739999999983,-0.0055064900000000305,0.019398400000000038,0.17645365156052617,0.18215681108993673
0.06628762999999999,-0.32479258499999997,0.06439650000000002,-0.33555870499999996,0.06427823999999999,-0.343246065,0.03438064000000002,-0.347274115,0.02445474000000003,-0.361974135,-0.016793999999999976,-0.292290505,-0.01629773000000001,-0.268091435,-0.004172200000000015,-0.165643035,-0.006926449999999973,-0.09727943500000003,0.07802608,-0.17065683499999995,0.08510457999999999,-0.15027939499999998,0.001254169999999999,-0.00976283499999997,-0.001254169999999999,0.00976283499999997,0.005269049999999997,0.168141015,-0.003575419999999996,0.20272136500000004,0.008474819999999994,0.24855316500000002,-0.02851676999999997,0.24855316500000002,0.01262179999999996,0.12664746999999998,0.08219828000000001,-0.005013799999999957,0.009371280000000037,0.17081199999999996,0.09203102999999996,-0.05299995999999996,0.0040148799999999985,0.17790384999999997,0.0032057699999999967,0.08041215000000002,-0.002321249999999997,0.19295853000000007,-0.024941349999999973,0.04583179999999998,0.0004962699999999653,0.02419906999999999,-0.002508339999999998,0.01952566999999994,0.1782717178944773,0.18185529710441592
0.06675285000000003,-0.3262126600000001,0.06402577000000004,-0.3373111600000001,0.06419773000000001,-0.3444002800000001,0.03285045000000003,-0.3489864600000001,0.023303699999999983,-0.3617494200000001,-0.018359210000000015,-0.2934291200000001,-0.01584371000000001,-0.2683393500000001,-0.007364050000000011,-0.1645250800000001,-0.0056956899999999755,-0.09826241000000013,0.07713851999999999,-0.16983628000000006,0.08693065,-0.15400318000000013,0.0007716500000000126,-0.009947820000000052,-0.0007716500000000126,0.00994781999999994,0.005008650000000003,0.16848451999999992,-0.0026942699999999986,0.2029084699999999,0.009584470000000012,0.2478677199999999,-0.02775194999999997,0.2478677199999999,0.010995160000000004,0.12890404,0.08450257,-0.00531119999999996,0.010148020000000035,0.17007693999999995,0.09262633999999997,-0.055740769999999995,0.004236999999999991,0.17843233999999997,0.004575820000000008,0.07938319999999999,-0.001922619999999986,0.19296064999999996,-0.02505767999999997,0.044959250000000006,0.002515500000000004,0.02508977000000001,-0.0015433000000000252,0.019895639999999992,0.17718978095468288,0.1859344611046861
0.06484230000000002,-0.32796641000000004,0.06271670000000001,-0.3389849200000001,0.062341670000000016,-0.34640641000000005,0.03269846999999998,-0.3494324200000001,0.021877150000000012,-0.3633869700000001,-0.017365469999999994,-0.29195051000000005,-0.018596009999999996,-0.26880167000000005,-0.005892300000000017,-0.16350775000000006,-0.01014822999999998,-0.0989913200000001,0.07751403000000001,-0.17116565000000006,0.08435550999999997,-0.15489415000000006,0.0019526699999999897,-0.009626550000000011,-0.0019526699999999897,0.0096265499999999,0.005533320000000008,0.16988451999999998,-0.00534450000000003,0.20377544999999997,0.011439450000000018,0.24675954999999994,-0.029051890000000025,0.24675954999999994,0.011473169999999977,0.12844276,0.08340633000000003,-0.007657899999999995,0.008447780000000016,0.16981034999999994,0.09450373999999995,-0.05590282999999996,0.0035806500000000185,0.17951107,0.005906130000000009,0.07687502999999996,-0.00339183000000004,0.19414890000000007,-0.023707389999999995,0.04298409999999997,-0.0012305400000000022,0.023148840000000004,-0.0039053399999999794,0.019253099999999912,0.17833788143257623,0.18578525954284528
0.06378770000000006,-0.32695662,0.06182203000000003,-0.33777893999999997,0.06154690000000007,-0.34542748,0.03193832000000002,-0.34746982,0.02214483000000006,-0.36214230999999997,-0.01708506999999998,-0.28906463,-0.019446459999999943,-0.26773291,-0.0061460099999999795,-0.16072251000000004,-0.011600909999999964,-0.09966918000000002,0.07950801000000007,-0.16937747999999997,0.08530981000000004,-0.15599317999999995,0.0020113300000000334,-0.009356220000000026,-0.002011329999999978,0.009356220000000026,0.004633770000000037,0.16773335,-0.005238859999999956,0.20130672000000005,0.007560640000000063,0.24818812,-0.02603774999999997,0.24818812,0.01093906,0.12834211999999995,0.08565402000000005,-0.008654969999999929,0.007845549999999979,0.16806372999999997,0.09691072,-0.05632399999999993,0.0026224400000000037,0.17708957000000003,0.002926870000000026,0.08045477000000001,-0.0032275299999999785,0.19195050000000002,-0.020798890000000014,0.04688139999999996,-0.0023613899999999632,0.02133172,-0.004022660000000011,0.018712440000000052,0.17779915371848648,0.18699038898098372
0.06451211999999995,-0.3227353700000001,0.06301704999999996,-0.33354305000000006,0.06213776999999998,-0.34114125000000006,0.033707849999999984,-0.3434481000000001,0.022293220000000002,-0.3580115200000001,-0.017096650000000047,-0.2872043900000001,-0.01890065000000002,-0.2631791500000001,-0.010442030000000047,-0.16519681000000008,-0.011319000000000023,-0.0970721000000001,0.06964229,-0.1646213500000001,0.08312080999999999,-0.14822485000000007,0.0018783099999999942,-0.00978565000000009,-0.0018783100000000497,0.009785649999999979,0.006389599999999995,0.16621860999999993,-0.004247680000000031,0.19955887999999988,0.008110179999999967,0.2524210499999999,-0.024705250000000012,0.2524210499999999,0.00665462,0.12200758,0.08008432000000004,0.0005754599999999721,0.007581649999999995,0.16610704999999998,0.09443981000000001,-0.05115274999999997,0.004511290000000001,0.17600426000000002,0.0017205799999999716,0.08620243999999999,-0.0023693699999999818,0.1897732299999999,-0.02045756999999998,0.05286217000000004,-0.0018039999999999723,0.024025240000000003,-0.003756620000000044,0.01957130000000007,0.1690149430669679,0.17942176153138287
0.06533463499999997,-0.32312074999999996,0.06390385499999995,-0.33483886999999996,0.06173418499999994,-0.34114164999999996,0.03525747499999998,-0.34483535,0.021187944999999986,-0.35599416999999994,-0.017151225000000048,-0.28825631999999995,-0.016550765000000023,-0.26242403,-0.01608245500000005,-0.16406518999999997,-0.011528495000000027,-0.09751674999999993,0.07213000499999994,-0.16067927999999998,0.08238900499999996,-0.14716604999999994,0.0014604749999999611,-0.010263750000000016,-0.0014604750000000166,0.010263750000000016,0.008683424999999967,0.15855845000000002,-0.003440895000000055,0.19369615000000007,0.013011734999999969,0.25324535000000004,-0.025314255000000063,0.25324535000000004,0.0010687699999999967,0.12419112999999998,0.08821245999999999,0.003385909999999992,0.005022269999999995,0.16490728000000004,0.09391749999999999,-0.04964930000000001,0.007222950000000006,0.16882220000000003,0.004328310000000002,0.09468690000000002,-0.0019804200000000383,0.18343240000000005,-0.02187336000000001,0.05954919999999997,0.0006004600000000249,0.02583228999999998,-0.0029209499999999777,0.020527500000000032,0.16618969322915841,0.17836725378922663
0.06472608499999999,-0.3238456,0.06370189499999995,-0.33634467,0.060937854999999985,-0.34234927000000004,0.035872194999999996,-0.34767941,0.02046880499999998,-0.35844377,-0.01782824500000002,-0.28835473,-0.016728314999999994,-0.26337028,-0.018989595000000026,-0.15961115000000003,-0.015284624999999996,-0.09677265000000002,0.07455335499999999,-0.15738559000000008,0.08010208499999999,-0.14714245000000004,0.0009861250000000044,-0.010282349999999996,-0.0009861250000000044,0.010282349999999996,0.009293314999999969,0.15904885000000002,-0.004316805000000035,0.19461204999999993,0.012119154999999993,0.25247895,-0.024352375000000037,0.25247895,-0.0011613500000000054,0.12874357999999997,0.09354295000000001,0.00222555999999996,0.0014436899999999975,0.16659763,0.09538670999999999,-0.05036980000000002,0.008307189999999964,0.16933120000000002,0.002825840000000024,0.09343009999999996,-0.0033306800000000303,0.18432969999999993,-0.020035570000000003,0.057866900000000054,0.0010999300000000267,0.02498444999999999,-0.0019722500000000087,0.02056469999999999,0.16447340377207045,0.17708152206270453
0.06453930000000002,-0.324244155,0.06409219999999999,-0.337428345,0.06012957000000002,-0.343171285,0.03726365000000004,-0.349239515,0.018700050000000024,-0.359438555,-0.019334269999999987,-0.288263815,-0.015791500000000014,-0.262886385,-0.023229200000000005,-0.15862408500000003,-0.016195369999999987,-0.09617818499999997,0.07464093999999999,-0.15645508500000005,0.07790543,-0.144910785,0.00017010000000000636,-0.01045511499999996,-0.00017010000000000636,0.01045511499999996,0.009545579999999998,0.156929565,-0.004410670000000005,0.19370736499999996,0.012554180000000026,0.252595915,-0.027038320000000005,0.252595915,-0.0038949300000000187,0.12963972999999995,0.09787014,0.0021689999999999765,-0.00040386999999997286,0.16670820000000003,0.09410079999999998,-0.048732600000000015,0.009375479999999992,0.16738467999999995,0.003008600000000028,0.09566635000000001,-0.004240569999999999,0.18325225,-0.02262765,0.05888855000000004,0.003542769999999973,0.02537742999999998,-0.0003402000000000127,0.02091022999999992,0.16389599522351522,0.17388027854702465
0.06429414,-0.325422525,0.06402238000000005,-0.338586345,0.05993192000000003,-0.344374045,0.037258100000000016,-0.350734875,0.018443390000000004,-0.361086685,-0.01939542999999999,-0.290718065,-0.016596579999999972,-0.264528025,-0.024144310000000002,-0.16023592500000006,-0.016393979999999975,-0.096976685,0.07266290000000003,-0.155120425,0.07726892000000002,-0.146659525,0.0005308800000000113,-0.010630774999999981,-0.0005308799999999558,0.010630774999999981,0.008689740000000001,0.16006131499999998,-0.006638160000000004,0.19793821499999997,0.011114039999999992,0.251528875,-0.028329119999999985,0.251528875,-0.004748880000000011,0.13048213999999997,0.09680721000000003,0.0051155000000000506,0.00020259999999999723,0.16755134,0.0936629,-0.049682840000000006,0.00815885999999999,0.17069208999999996,0.0024242999999999904,0.09146756,-0.006107280000000048,0.18730744,-0.02169095999999998,0.05359066000000001,0.0027988500000000194,0.026190040000000026,-0.0010617599999999672,0.021261549999999962,0.16149392331107357,0.17547947844158301
0.06449389,-0.32565275000000005,0.06405121000000003,-0.33879363000000007,0.05992227,-0.3446235000000001,0.03702101000000002,-0.35034209000000005,0.018053070000000004,-0.3606354500000001,-0.019956050000000003,-0.29023535000000006,-0.016519159999999977,-0.2656754800000001,-0.02565976999999997,-0.1597584500000001,-0.018789589999999967,-0.0997203000000001,0.07366297000000005,-0.15643888000000006,0.07646203000000001,-0.1471233500000001,0.0004926900000000178,-0.010258750000000094,-0.0004926899999999623,0.010258749999999983,0.00857707000000002,0.16273044999999997,-0.007194160000000005,0.1991122999999999,0.015195340000000002,0.25145244999999994,-0.02996679999999996,0.25145244999999994,-0.005703719999999968,0.13047689999999995,0.09932274000000002,0.0033195700000000494,-0.00227042999999999,0.16595517999999998,0.09525161999999998,-0.04740305,0.008084380000000002,0.17298920000000007,0.006618269999999982,0.08872199999999997,-0.006701470000000043,0.18885354999999993,-0.022772639999999955,0.05234015000000003,0.0034368900000000258,0.024559869999999984,-0.0009853799999999802,0.020517500000000077,0.16347024280307193,0.1751889104101296
0.06467498500000002,-0.32463976,0.06453812500000006,-0.33789604,0.05966620500000003,-0.34357594,0.03820304500000005,-0.34900956,0.017777575000000045,-0.35889955,-0.01801007499999996,-0.2889068,-0.016347174999999936,-0.26471143,-0.025460404999999964,-0.15860360000000007,-0.019596234999999962,-0.0991765,0.07418946500000001,-0.15440719999999997,0.07669892500000003,-0.14712616,0.0010147550000000338,-0.009971399999999964,-0.0010147549999999783,0.009971399999999964,0.006409595000000046,0.16587995,-0.008333374999999976,0.20027034,0.013599125000000045,0.2526537,-0.03017802499999994,0.2526537,-0.007450330000000005,0.13030319999999995,0.09964986999999997,0.0041964000000001,-0.003249060000000026,0.16553493000000002,0.09629515999999999,-0.047949660000000005,0.005394840000000012,0.17585134999999996,0.0071895299999999995,0.08677374999999998,-0.007318619999999998,0.19029894000000003,-0.021844649999999965,0.05238335999999999,0.0016629000000000227,0.024195369999999994,-0.002029510000000012,0.019942799999999927,0.16191429370263793,0.17526853515989685
0.06400207499999999,-0.32520894000000006,0.06337991500000001,-0.338282,0.058698534999999996,-0.3436676,0.03704783499999997,-0.34862840000000006,0.016546055000000004,-0.35769175000000003,-0.014839615000000028,-0.28804118,-0.018732945,-0.26413060000000005,-0.01862994499999998,-0.1589543,-0.022726415,-0.09911043000000008,0.07496025499999998,-0.15652510000000008,0.071577585,-0.14552295999999998,0.0027054249999999835,-0.009770600000000074,-0.0027054249999999835,0.009770599999999963,0.004441984999999982,0.16472034999999996,-0.010660675000000008,0.19890545999999998,0.01145115499999999,0.25329409999999997,-0.031650544999999974,0.25329409999999997,-0.003790329999999953,0.12908688000000001,0.09359019999999996,0.002429199999999909,-0.003993469999999999,0.16502016999999997,0.094304,-0.046412529999999896,0.001736559999999998,0.17449095000000003,0.007009170000000009,0.08857375,-0.007955250000000025,0.18913486000000002,-0.020989869999999966,0.05438863999999999,-0.0038933299999999726,0.02391057999999996,-0.005410849999999967,0.019541200000000036,0.16357763822900398,0.17214544824692193
0.06457246999999999,-0.31761942,0.0645716,-0.33046575,0.05980849999999999,-0.33653757,0.039754469999999986,-0.34229789,0.01856173,-0.35340178,-0.011651689999999992,-0.28171969,-0.01850542999999999,-0.25969591999999997,-0.014145960000000013,-0.15120115,-0.020426889999999975,-0.09458805000000003,0.07536713,-0.14596999,0.07565021999999999,-0.14259792000000004,0.0035430300000000026,-0.00987484999999999,-0.0035430300000000026,0.00987484999999999,0.012186529999999973,0.15026154999999997,-0.009199489999999977,0.18809195,0.012081689999999978,0.26086175,-0.029744590000000015,0.26086175,-0.0024942700000000206,0.13051854000000002,0.08951309000000002,0.0052311600000000125,-0.001921459999999986,0.16510786999999993,0.09607710999999997,-0.04800987000000001,0.00864349999999997,0.16013639999999996,-0.00010483999999999494,0.11060020000000004,-0.005656459999999974,0.17821710000000002,-0.02054510000000004,0.0727698,-0.006853739999999997,0.022023770000000054,-0.007086060000000005,0.01974969999999998,0.15388498455804453,0.17181244552428504
0.06398977,-0.32170629999999995,0.06452242999999996,-0.33422866999999995,0.05977992999999998,-0.3409676199999999,0.039782929999999994,-0.3458370999999999,0.019237000000000004,-0.35885769999999995,-0.011729880000000026,-0.2857781399999999,-0.019750610000000002,-0.26462121999999993,-0.014687950000000005,-0.15603451999999995,-0.021039799999999997,-0.09912411999999993,0.07374466999999996,-0.1461889799999999,0.07468907999999996,-0.14620071999999995,0.003916549999999963,-0.009535079999999918,-0.003916550000000019,0.009535080000000029,0.011598930000000007,0.15872908000000008,-0.010603250000000009,0.1940146800000001,0.01149908999999999,0.2570000800000001,-0.027718830000000028,0.2570000800000001,-0.0029580699999999793,0.12974361999999995,0.08843261999999996,0.009845540000000041,-0.0012891899999999956,0.1654971,0.09572887999999996,-0.047076600000000024,0.007682380000000044,0.16826416,-9.984000000001769e-05,0.098271,-0.00668669999999999,0.18447960000000008,-0.01711558000000002,0.06298539999999997,-0.008020729999999976,0.021156919999999968,-0.007833099999999982,0.019070159999999947,0.15346092247847462,0.17444908847379195
0.06413511999999999,-0.32263595000000006,0.06462593999999999,-0.33522455000000007,0.05938156,-0.34194315000000003,0.040041400000000005,-0.34574352,0.01789286000000001,-0.35841869000000004,-0.011836210000000014,-0.28542473000000007,-0.020109009999999983,-0.26451199000000003,-0.01591841999999999,-0.15782510000000005,-0.02293841000000002,-0.10007945000000007,0.07350506000000001,-0.15366422000000002,0.07258809999999999,-0.14630799000000005,0.0042792400000000175,-0.009573750000000047,-0.0042792400000000175,0.009573749999999936,0.011834489999999975,0.15430069999999996,-0.011842140000000001,0.19100984999999993,0.013335810000000003,0.25668234999999995,-0.0329449,0.25668234999999995,-0.004082209999999975,0.12759963000000002,0.08942348,0.0041608800000000334,-0.0028294000000000374,0.16443253999999996,0.09552651000000001,-0.046228539999999985,0.007555249999999958,0.16387445,0.0015013200000000282,0.10238164999999999,-0.0075628999999999835,0.1814361,-0.021102759999999998,0.06567250000000002,-0.008272799999999969,0.02091274000000004,-0.008558480000000035,0.019147499999999984,0.1598570539560056,0.17380363869638402
0.06361411500000003,-0.3227856800000001,0.06402270500000001,-0.33509800000000006,0.05900357500000003,-0.3421181200000001,0.03944428500000002,-0.34550703000000005,0.01735933500000003,-0.3589773500000001,-0.011941124999999997,-0.28500352000000007,-0.021237444999999966,-0.2657449800000001,-0.015159984999999987,-0.1562542400000001,-0.024442534999999987,-0.10186023000000011,0.072187795,-0.15414948000000006,0.06938736500000003,-0.14845282000000004,0.0046843149999999945,-0.009373020000000065,-0.0046843149999999945,0.009373019999999954,0.013086695000000037,0.15110981999999995,-0.012031034999999968,0.18886225999999995,0.013383635000000005,0.25664471999999994,-0.03476964499999996,0.25664471999999994,-0.00321885999999999,0.12874927999999997,0.08734777999999999,0.002104760000000039,-0.0032050900000000215,0.16388474999999997,0.09382990000000002,-0.046592589999999934,0.008402380000000043,0.16048284000000002,0.0002969399999999678,0.10553489999999999,-0.007346719999999973,0.17948924,-0.022738609999999992,0.06778245999999999,-0.009296319999999969,0.01925853999999999,-0.009368629999999989,0.01874604000000002,0.15974023657877184,0.17434336680736667
0.06421026499999993,-0.324308675,0.06489541499999996,-0.33716605499999996,0.05938149499999995,-0.344018325,0.04027932499999998,-0.348226115,0.01751806499999997,-0.361218875,-0.013495125000000052,-0.287738135,-0.019820205000000035,-0.267210275,-0.020974205000000024,-0.15802167499999997,-0.025034305000000034,-0.10196777499999998,0.06981032499999995,-0.15355091499999995,0.06790655499999992,-0.14948427499999994,0.0037516349999999754,-0.009475774999999964,-0.003751635000000031,0.009475774999999964,0.011776414999999929,0.15953612500000003,-0.01284292500000006,0.19578928500000004,0.015085334999999978,0.255422425,-0.03416607500000007,0.255422425,-0.007479079999999971,0.12971646000000003,0.09078452999999997,0.004470760000000018,-0.005214099999999999,0.16524250000000001,0.09294085999999996,-0.04751649999999996,0.008024779999999954,0.1690119,0.0033089200000000485,0.09588629999999998,-0.00909129000000003,0.18631351000000007,-0.021323150000000013,0.05963313999999997,-0.006325079999999983,0.02052786000000001,-0.007503270000000006,0.018951549999999928,0.1584973075182531,0.17436511603551488
0.06504207000000001,-0.32804802000000005,0.06567238999999997,-0.34082120000000005,0.06049502000000001,-0.3478547,0.04076354999999998,-0.35202550000000005,0.01881949999999999,-0.36561962000000003,-0.012695710000000027,-0.29120722000000004,-0.019815079999999985,-0.27224418000000006,-0.01973820999999998,-0.16010035,-0.026985680000000012,-0.10629885000000006,0.07042637000000002,-0.15565800000000007,0.06660791999999999,-0.15130095,0.0040984199999999915,-0.008976350000000077,-0.0040984199999999915,0.008976349999999966,0.011095960000000016,0.16718804999999992,-0.014774679999999984,0.20099878999999998,0.01766652000000002,0.25164264999999997,-0.03492057999999998,0.25164264999999997,-0.007042499999999952,0.13110687000000004,0.09016458,0.004442349999999928,-0.007170600000000027,0.16594533,0.0935936,-0.045002099999999934,0.006997540000000024,0.1761644,0.006570560000000003,0.08445460000000005,-0.010676259999999993,0.19202244000000002,-0.020145899999999994,0.050643859999999985,-0.007119369999999958,0.018963039999999987,-0.008196839999999983,0.017952700000000044,0.16098106533976286,0.1751804766847196
0.06629942999999999,-0.3263064300000001,0.06714909000000002,-0.3393008700000001,0.06153156000000004,-0.34598243000000006,0.042712130000000015,-0.35087847000000005,0.019797100000000012,-0.3636454300000001,-0.011889439999999973,-0.2904845800000001,-0.01846312,-0.2697962100000001,-0.02070886999999999,-0.1605728500000001,-0.027036229999999994,-0.10368001000000004,0.07068421000000003,-0.15403131000000003,0.06704052999999999,-0.14861467000000006,0.003914699999999993,-0.009458750000000071,-0.003914699999999993,0.00945874999999996,0.012487190000000037,0.16245348999999998,-0.013916529999999983,0.19831958999999988,0.017360910000000007,0.2542035899999999,-0.03596861000000001,0.2542035899999999,-0.008819430000000017,0.12991173,0.09139308000000002,0.006541540000000068,-0.008573109999999995,0.16611620000000005,0.09407675999999998,-0.044934660000000015,0.008572490000000044,0.17191224000000005,0.00487371999999997,0.09175009999999995,-0.01000182999999999,0.18886083999999992,-0.02205208000000003,0.055884000000000045,-0.006573680000000026,0.02068837000000001,-0.007829399999999986,0.01891750000000003,0.1592463267098921,0.17326814702896
0.06587508000000003,-0.32502422000000003,0.06656292000000003,-0.3375644,0.06143111000000001,-0.3448137,0.04201478000000003,-0.34890402000000004,0.019787140000000036,-0.36306418,-0.010222659999999995,-0.2883848,-0.021077599999999974,-0.2693042,-0.01692792999999998,-0.1587212,-0.030535040000000013,-0.10175299999999998,0.07005314000000001,-0.15539480000000006,0.06460837000000003,-0.14742,0.005161340000000014,-0.00912869999999999,-0.005161340000000014,0.00912869999999999,0.012888540000000004,0.16488134,-0.015494699999999972,0.19907825999999995,0.01683962,0.2551732,-0.03550821999999998,0.2551732,-0.006705269999999985,0.1296636,0.08698107,0.0033263999999999516,-0.00945744000000004,0.1675512,0.09514341000000004,-0.04566700000000001,0.00772719999999999,0.17401003999999998,0.003951079999999996,0.09029186,-0.010333359999999958,0.18994955999999996,-0.020013520000000007,0.05609494000000004,-0.01085493999999998,0.019080600000000003,-0.010322680000000028,0.01825739999999998,0.1600147421847438,0.17139226325938434
0.06649010999999999,-0.323166965,0.06717540999999999,-0.334853645,0.06259476999999997,-0.342603325,0.04237430999999997,-0.34486877499999996,0.02249562999999999,-0.36015449499999996,-0.008370390000000005,-0.286840045,-0.02046952000000002,-0.268423195,-0.015616030000000003,-0.16059213500000002,-0.03243468999999999,-0.100825995,0.06898390999999998,-0.15470343499999994,0.06293466999999997,-0.14345539500000004,0.00552716999999997,-0.008753655000000027,-0.005527170000000026,0.008753655000000027,0.01081960999999998,0.166661505,-0.015863090000000024,0.198481605,0.016687269999999976,0.257275405,-0.03526354000000004,0.257275405,-0.007245639999999998,0.12624790999999996,0.08459993999999998,0.00588870000000008,-0.01196516999999997,0.1675972,0.09536935999999996,-0.04262940000000004,0.005292440000000009,0.17541516000000001,0.005867659999999997,0.09061390000000002,-0.010335919999999998,0.18972794999999998,-0.019400450000000014,0.05879380000000001,-0.012099130000000013,0.018416849999999985,-0.011054339999999996,0.017507310000000054,0.15914803213824535,0.1668970294465666
0.066772895,-0.322855585,0.067507755,-0.334562155,0.06301287499999997,-0.34245857500000004,0.042757975000000004,-0.344631695,0.02309857500000001,-0.360351115,-0.007371124999999978,-0.285833445,-0.02136632500000002,-0.267903355,-0.014433045000000033,-0.159224445,-0.035391194999999986,-0.09907126499999996,0.070108375,-0.154793615,0.06166724499999998,-0.14182394500000006,0.005923554999999969,-0.008717415000000006,-0.005923555000000025,0.008717415000000006,0.010399204999999967,0.16912528500000001,-0.01685522500000003,0.20053935499999997,0.01560805500000001,0.257555785,-0.034382155000000025,0.257555785,-0.007061920000000055,0.12660900000000003,0.08454142000000003,0.004430829999999997,-0.014024869999999967,0.16883209000000005,0.09705843999999997,-0.0427526800000001,0.004475649999999998,0.17784270000000002,0.005208850000000043,0.08843049999999997,-0.010931670000000004,0.19182193999999997,-0.017526929999999996,0.05701643000000001,-0.013995200000000041,0.01793009000000001,-0.011847109999999994,0.017434830000000012,0.15955546786266023,0.1650188392738527
0.06753459499999998,-0.32044125500000004,0.06848457499999999,-0.331743605,0.06408455499999999,-0.34005792500000004,0.04431488499999997,-0.341558795,0.024742215000000012,-0.35851282500000003,-0.005016285000000009,-0.282447795,-0.02171340500000002,-0.267400275,-0.011869705000000008,-0.15470502500000005,-0.03887090500000001,-0.098793625,0.07047766499999997,-0.15227399500000005,0.059827085,-0.13724112500000007,0.006706264999999989,-0.008384425000000029,-0.006706264999999989,0.008384425000000029,0.012231374999999989,0.164794675,-0.016669035,0.197506925,0.016250135,0.259833475,-0.03487494499999999,0.259833475,-0.006853419999999999,0.12774276999999995,0.08234736999999998,0.0024310300000000007,-0.017157499999999992,0.16860665000000002,0.09869799000000001,-0.03844750000000008,0.00552511,0.17317910000000003,0.00401876000000001,0.09503879999999998,-0.00996277000000001,0.18912249999999997,-0.018205909999999992,0.06232654999999998,-0.01669712000000001,0.015047519999999981,-0.013412529999999978,0.016768850000000057,0.15738805486041468,0.1601046141590711
0.06653359999999997,-0.31589785000000004,0.06715657999999997,-0.32670223000000004,0.06359558999999998,-0.33502763,0.04308086999999999,-0.33612420000000004,0.025346999999999953,-0.35338413,-0.002492519999999998,-0.27715203,-0.023964940000000046,-0.26258224,-0.005901600000000007,-0.15093200000000007,-0.042292260000000026,-0.09408647000000003,0.07074588999999998,-0.14862150000000007,0.05887171999999996,-0.13042929999999997,0.007966459999999953,-0.008479059999999983,-0.007966460000000009,0.008479059999999983,0.013095339999999955,0.16118633999999998,-0.01716116000000001,0.19552369999999997,0.01330363999999995,0.2650857,-0.03503460000000003,0.2650857,-0.0034090800000000088,0.12622002999999993,0.07664748999999998,0.002310499999999993,-0.01832731999999998,0.16849577,0.10116397999999999,-0.03634282999999994,0.005128880000000002,0.16966539999999997,0.0002082999999999946,0.10389936,-0.0091947,0.18704463999999998,-0.017873440000000018,0.06956200000000001,-0.021472420000000048,0.014569789999999971,-0.01593291999999996,0.016958119999999965,0.15356158478043436,0.15415211572859447
0.06461073499999997,-0.315904975,0.06610251499999997,-0.32517066499999997,0.063316655,-0.33520016499999994,0.042721075,-0.334777715,0.027854484999999984,-0.356693895,-0.0017485449999999902,-0.27979561499999994,-0.025966745000000013,-0.268684345,-0.003931645000000039,-0.155068545,-0.047305445,-0.09816194499999997,0.06760715499999997,-0.14518791499999995,0.056460454999999965,-0.126491845,0.008704674999999995,-0.007738884999999973,-0.008704674999999995,0.007738885000000084,0.011957894999999996,0.166273255,-0.01859076500000001,0.198316155,0.011892894999999959,0.26340055500000004,-0.036076295000000036,0.26340055500000004,-0.002183100000000049,0.12472706999999994,0.07153880000000001,0.009880630000000057,-0.021338699999999988,0.17052240000000002,0.10376589999999997,-0.02832990000000002,0.003253220000000001,0.17401213999999998,-6.500000000003725e-05,0.09712730000000003,-0.009886090000000014,0.1905772699999999,-0.017485530000000027,0.06508440000000004,-0.024218200000000023,0.011111269999999951,-0.01740934999999999,0.015477770000000057,0.14953841646243043,0.14921254318672347
0.06654722000000002,-0.315943535,0.06819812000000003,-0.325520005,0.06480581000000002,-0.335222205,0.04531852000000003,-0.334882265,0.028997580000000023,-0.355904805,0.0007302800000000276,-0.279410205,-0.025022920000000004,-0.267482075,-0.0024780500000000094,-0.15763580499999996,-0.050417449999999975,-0.09857630500000003,0.06696431000000003,-0.14331445500000006,0.05371801000000004,-0.12199434500000006,0.009123849999999989,-0.007889835000000067,-0.009123849999999989,0.007889834999999956,0.012208529999999995,0.16464749499999998,-0.018096679999999976,0.19677284500000003,0.01290781000000002,0.263637095,-0.03702601,0.263637095,-0.003208330000000037,0.12177440000000006,0.06944236000000004,0.0143213499999999,-0.02539452999999997,0.16890576999999996,0.10413546000000001,-0.02341804000000003,0.0030846800000000063,0.17253733000000004,0.0006992800000000243,0.09898960000000001,-0.008972829999999987,0.18888301000000007,-0.018929330000000022,0.06686424999999996,-0.02575320000000003,0.011928130000000037,-0.018247699999999978,0.015779670000000023,0.14725945305872898,0.1442879051845026
0.06656582000000005,-0.316220025,0.06822363000000004,-0.324896665,0.06578228000000003,-0.33514547499999997,0.04506425000000003,-0.334457905,0.03159002000000005,-0.356940295,0.001585990000000037,-0.28176909499999997,-0.025053749999999986,-0.270601275,-5.054999999998255e-05,-0.16362616500000005,-0.05147801999999996,-0.102911325,0.06677130000000003,-0.144946625,0.05228007000000001,-0.11801592500000002,0.009334250000000044,-0.007793574999999997,-0.009334249999999988,0.007793574999999997,0.012021630000000005,0.16138217499999996,-0.01798092999999995,0.19458187500000002,0.011372350000000031,0.262500375,-0.036177849999999956,0.262500375,-0.0016365400000000196,0.11814292999999992,0.06682185000000002,0.01867954000000005,-0.026424269999999972,0.16768994999999998,0.10375808999999997,-0.015104600000000024,0.0026873799999999615,0.16917574999999996,-0.0006492799999999743,0.10111820000000005,-0.008646679999999962,0.18678830000000002,-0.018196920000000005,0.06791849999999999,-0.026639740000000023,0.011167819999999995,-0.018668500000000032,0.015587149999999994,0.14869422933323606,0.14008695413675182
0.067552485,-0.31487427,0.06910966500000004,-0.32305105,0.06748453500000001,-0.33352161,0.045830965,-0.33304302,0.034561825000000046,-0.35631601,0.0027579450000000394,-0.28130885,-0.02312373499999998,-0.2724177,0.0025776650000000068,-0.16221679,-0.05176188500000001,-0.10557824999999998,0.06878326500000004,-0.14042735000000006,0.051458605000000046,-0.11140095000000005,0.008949134999999997,-0.0072915500000000355,-0.008949134999999997,0.0072915500000000355,0.010734065000000015,0.15843361,-0.017816414999999974,0.19190132000000004,0.010259165000000015,0.26273375,-0.03716256499999998,0.26273375,-0.00018028000000003264,0.11909206,0.06620560000000003,0.021789439999999938,-0.02863815000000003,0.16683945,0.10322049000000005,-0.0058227000000000695,0.0017849300000000179,0.16572516000000004,-0.0004749000000000003,0.10430013999999999,-0.008867279999999977,0.18460977,-0.019346150000000006,0.07083242999999995,-0.025881680000000018,0.008891150000000014,-0.017898269999999994,0.014583100000000071,0.14596322946035728,0.13318034617824667
0.06895958999999996,-0.3157139200000001,0.07021443,-0.3235147100000001,0.06932958,-0.3343248100000001,0.04632279,-0.3333295300000001,0.037355130000000014,-0.35741115000000007,0.0041789899999999935,-0.28215657000000005,-0.021766969999999997,-0.27668903000000006,0.0044134499999999854,-0.15975813000000005,-0.053580569999999994,-0.11014737000000008,0.06972917000000001,-0.13352967000000004,0.051783199999999974,-0.10806857000000003,0.009082529999999978,-0.006358770000000069,-0.009082530000000033,0.006358769999999958,0.008846450000000006,0.16324322999999996,-0.018743940000000014,0.19344516999999994,0.01150023,0.26119472999999993,-0.03957609000000001,0.26119472999999993,0.0002344599999999919,0.12239844,0.06531572000000002,0.02622846000000001,-0.0318136,0.16654165999999998,0.10536376999999997,0.0020788000000000473,-0.00023607999999997187,0.16960200000000003,0.0026537799999999945,0.09795149999999997,-0.009661409999999981,0.18708639999999999,-0.020832149999999994,0.06774955999999999,-0.02594595999999999,0.005467539999999993,-0.01816506000000001,0.012717540000000027,0.1408916347768724,0.1296080754733612
0.07057616,-0.310862265,0.07212110999999999,-0.318796165,0.07033836999999998,-0.32913499500000004,0.04901641000000001,-0.328602865,0.03782566999999998,-0.351377005,0.00649350999999998,-0.278952385,-0.019947760000000037,-0.272355565,0.0014675799999999684,-0.16250440500000007,-0.053274160000000015,-0.109479765,0.06138201999999998,-0.13118056500000008,0.04970521,-0.09325296500000002,0.009404780000000001,-0.006387505000000071,-0.009404780000000001,0.00638750499999996,0.00934113999999997,0.16056576499999997,-0.017751900000000043,0.19040693499999994,0.011274640000000002,0.26687273499999997,-0.03939216000000001,0.26687273499999997,-0.005025930000000012,0.11644797999999995,0.05991444000000001,0.03132383999999999,-0.03332639999999998,0.16287580000000002,0.10297937000000001,0.016226799999999986,-6.364000000003145e-05,0.16695327000000004,0.0019335000000000324,0.10630697,-0.008347120000000041,0.18401942999999998,-0.021640259999999967,0.07646580000000003,-0.026441270000000017,0.006596820000000003,-0.018809560000000003,0.012775010000000031,0.13518484124405813,0.11585427993656944
0.07317383,-0.3086000199999999,0.07483087,-0.3161781899999999,0.07346673000000004,-0.32647544999999994,0.05160983000000002,-0.32718101999999993,0.04173006000000001,-0.3499711199999999,0.00878234,-0.28100154999999993,-0.017726699999999984,-0.2734156399999999,0.0004587000000000341,-0.17107391999999988,-0.05342560000000002,-0.11127251999999987,0.05862290000000003,-0.1377201199999999,0.05088920000000002,-0.0774958899999999,0.009420499999999998,-0.006505079999999941,-0.009420499999999998,0.006505080000000052,0.009509160000000016,0.16231508000000006,-0.017882300000000018,0.19219748000000003,0.012438730000000009,0.2683337800000001,-0.03593518000000001,0.2683337800000001,-0.008323639999999966,0.10992763000000005,0.0581642,0.03335379999999999,-0.03569890000000003,0.16214312000000003,0.10431480000000004,0.033776629999999974,8.866000000001817e-05,0.16882016,0.0029295699999999925,0.10601870000000002,-0.00846180000000002,0.18569239999999998,-0.018052879999999993,0.07613630000000005,-0.026509039999999984,0.007585910000000029,-0.018840999999999997,0.013010159999999993,0.1401365865431351,0.10340900770740863
0.07287778500000003,-0.3073091,0.07364573499999999,-0.3147191,0.07330660500000002,-0.32463382,0.04947658500000002,-0.32951946,0.041287085,-0.35035911999999997,0.006365975000000024,-0.2835877,-0.015468164999999978,-0.2764967,-0.0033819449999999973,-0.17424149999999994,-0.05725319499999998,-0.11470473999999997,0.05722026499999999,-0.13711669999999998,0.03468443500000001,-0.06694540000000004,0.007475065000000003,-0.0059491000000000405,-0.007475065000000003,0.0059491000000000405,0.009490095000000032,0.15982454000000001,-0.014952935,0.18851399999999996,0.007782385000000003,0.26888,-0.03868926499999997,0.26888,-0.009747920000000021,0.10934620000000006,0.06060220999999999,0.03712479999999996,-0.04178503,0.16179196,0.09193762999999999,0.04775933999999993,0.0020150300000000287,0.16577364000000006,-0.001707710000000029,0.10905545999999999,-0.007477869999999998,0.18256489999999992,-0.023736329999999972,0.08036600000000005,-0.021834140000000002,0.007091000000000014,-0.014950130000000006,0.011898200000000081,0.14028372754100876,0.08420826307732522
0.07302442000000003,-0.30982192499999994,0.07379466000000007,-0.31712066499999997,0.07399827000000003,-0.32713540499999993,0.04946524000000002,-0.33254068499999995,0.042776340000000024,-0.3538720249999999,0.006241200000000058,-0.28629372499999994,-0.015009059999999963,-0.28148030499999993,-0.004769239999999952,-0.17741972499999992,-0.06174969999999996,-0.1215708849999999,0.055641240000000036,-0.13964092499999992,0.02550849000000005,-0.05687592499999994,0.007151720000000028,-0.005403524999999965,-0.0071517199999999725,0.005403525000000076,0.007069470000000022,0.16211727500000006,-0.017423859999999958,0.19015697500000006,0.007090340000000028,0.26708287500000005,-0.03968327999999993,0.26708287500000005,-0.01101044000000001,0.10887400000000003,0.06041047999999999,0.0377788,-0.04674064,0.15990942000000002,0.08725819000000001,0.06469495999999997,-8.225000000000593e-05,0.16752080000000003,2.087000000000616e-05,0.10496559999999999,-0.010272139999999985,0.18475344999999999,-0.022259419999999974,0.07692589999999999,-0.02125026000000002,0.004813420000000013,-0.01430344,0.01080705000000004,0.14272670776203866,0.07032367460213242
0.07375062999999998,-0.3124777900000001,0.0744032,-0.3195170100000001,0.07524808,-0.32968984000000007,0.049502900000000016,-0.3350355000000001,0.04484929999999998,-0.3568857600000001,0.006212400000000007,-0.2895961700000001,-0.01431579999999999,-0.2868295600000001,-0.004414960000000023,-0.1824983000000001,-0.06624976999999999,-0.12937404000000008,0.05668933999999998,-0.14633348000000013,0.014047429999999972,-0.04958274000000007,0.006810099999999986,-0.004902810000000035,-0.006810099999999986,0.004902809999999924,0.005022240000000011,0.16217830999999994,-0.018354250000000016,0.18965695999999987,0.00811820000000002,0.2631695599999999,-0.039652960000000015,0.2631695599999999,-0.01062736000000003,0.10709786999999998,0.0611043,0.036164819999999986,-0.051933969999999996,0.15745552000000002,0.08029719999999996,0.07979130000000001,-0.0017878599999999745,0.16708111999999997,0.0030959600000000087,0.10099124999999998,-0.01154415000000003,0.18475414999999995,-0.02129871,0.07351260000000004,-0.020528199999999996,0.0027666100000000027,-0.013620199999999971,0.00980561999999996,0.1499685733733122,0.05834133797320214
0.07420969,-0.30593689499999993,0.07503133000000001,-0.31287540499999994,0.07580321000000001,-0.32292844499999995,0.05044941999999997,-0.32929124499999995,0.04516224999999996,-0.35112442499999996,0.0075739300000000065,-0.28531040499999993,-0.01529511,-0.28295602499999994,-0.0036320499999999978,-0.17694002499999995,-0.07004911000000003,-0.12605528499999996,0.055678289999999964,-0.14041297499999994,0.0013785900000000129,-0.037340684999999985,0.007385890000000006,-0.005025674999999952,-0.007385890000000006,0.005025675000000063,0.005784559999999994,0.16084357500000002,-0.01872305000000002,0.19186207500000008,0.005451549999999972,0.26926387500000004,-0.03891444999999999,0.26926387500000004,-0.011205980000000004,0.10837037999999999,0.05931033999999996,0.036527050000000005,-0.054754000000000025,0.15690073999999998,0.07142770000000004,0.08871459999999998,-0.001601330000000012,0.16586924999999997,-0.00033301000000002245,0.10842030000000002,-0.011337160000000013,0.1868364,-0.02019139999999997,0.07740179999999997,-0.022869040000000007,0.0023543799999999893,-0.014771780000000012,0.010051350000000014,0.1437423977087136,0.04326343224155944
0.07522943500000001,-0.30527027999999995,0.07602113499999996,-0.3121291,0.076696565,-0.32209744999999995,0.051490335,-0.32816189999999995,0.046002445,-0.3498285,0.009845665000000003,-0.2836741,-0.015433075000000018,-0.28405359999999996,-0.0014822850000000276,-0.17435913999999997,-0.07496035500000003,-0.1321875,0.05663034499999997,-0.13821065,-0.010910605000000018,-0.03314953999999992,0.008002465000000014,-0.004721199999999981,-0.008002465000000014,0.004721199999999981,0.004391604999999965,0.159389,-0.019102514999999987,0.19311494000000007,0.004014634999999989,0.2696566,-0.03926533500000001,0.2696566,-0.011327950000000031,0.10931496000000002,0.05811263,0.03614848999999998,-0.059527280000000016,0.15186609999999995,0.06404975000000002,0.09903796000000009,-0.003610860000000049,0.16411019999999998,-0.0003769699999999765,0.11026760000000002,-0.011100049999999972,0.1883937400000001,-0.020162820000000026,0.07654165999999996,-0.025278740000000022,-0.0003794999999999771,-0.01600493000000003,0.009442399999999962,0.14207077100725857,0.03798223566889122
0.07580543999999995,-0.29944838,0.07724056999999995,-0.30560423000000003,0.07778416999999999,-0.3163654,0.05353553999999999,-0.32038523,0.04807411999999994,-0.3440905,0.011792849999999966,-0.27679603,-0.014720240000000051,-0.27859683,0.0019339199999999779,-0.17144707999999997,-0.07619776000000006,-0.12974558000000003,0.05662376999999996,-0.13039778000000002,-0.019179360000000034,-0.025577760000000005,0.008280679999999985,-0.004362130000000075,-0.00828068000000004,0.004362129999999964,0.005894499999999969,0.15514127,-0.018249280000000034,0.18905916999999994,0.0038565199999999744,0.27630646999999997,-0.04118238000000002,0.27630646999999997,-0.009858929999999988,0.10534895000000005,0.054689849999999984,0.041049299999999955,-0.06147752000000001,0.14885125,0.057018400000000025,0.10416782000000002,-0.0023861800000000155,0.15950340000000007,-0.002037979999999995,0.12116519999999997,-0.009968599999999994,0.18469703999999998,-0.022933099999999984,0.08724730000000003,-0.026513090000000017,-0.0018007999999999913,-0.016561360000000025,0.00872426000000004,0.1349890344497307,0.03186186182498597
0.07404737999999994,-0.29646525000000007,0.07586363999999995,-0.3026685800000001,0.07563383999999995,-0.3134007900000001,0.05282907999999997,-0.3175664100000001,0.04500824999999997,-0.3412613700000001,0.01046247999999994,-0.2746229500000001,-0.016648120000000044,-0.2763022500000001,-0.0004289900000000735,-0.17116925000000005,-0.07859688000000004,-0.12995200000000007,0.05478997999999996,-0.12697552000000012,-0.02637742000000004,-0.02176805000000004,0.00844151999999998,-0.004336650000000053,-0.008441520000000036,0.004336649999999942,0.004604079999999955,0.1602693999999999,-0.018750120000000037,0.1938932499999999,0.0029290399999999384,0.2785373499999999,-0.041630320000000054,0.2785373499999999,-0.010891470000000014,0.10345370000000004,0.055218970000000034,0.04419372999999993,-0.06194875999999999,0.14635025000000002,0.052219459999999995,0.10818395000000003,-0.0038374400000000253,0.16460604999999995,-0.0016750400000000165,0.11826795000000001,-0.010308600000000001,0.18955659999999996,-0.022880200000000017,0.0846441,-0.027110599999999985,-0.0016792999999999947,-0.016883040000000016,0.008673299999999995,0.13110481371501398,0.0316725728493913
0.07467953999999999,-0.29352723,0.07709126,-0.29932464999999997,0.07693911999999997,-0.3105725,0.05448742000000001,-0.31427505,0.04732891,-0.33964015999999997,0.010882899999999973,-0.27280801,-0.016062660000000006,-0.27543151,-0.0017425200000000252,-0.16999062999999992,-0.07955546000000002,-0.12900005999999997,0.05428381999999998,-0.12353882999999999,-0.027720999999999996,-0.019909929999999965,0.00828485000000001,-0.0041118299999999275,-0.00828485000000001,0.0041118300000000385,0.004824300000000004,0.16220600000000007,-0.018501560000000028,0.19458491,0.0024142999999999804,0.28090287,-0.04011378999999998,0.28090287,-0.012625419999999998,0.10281738000000007,0.05602634000000001,0.04645179999999993,-0.06349280000000002,0.14643145000000002,0.05183446000000003,0.10909013000000001,-0.0034605500000000067,0.16631783,-0.0024100000000000232,0.11869686999999995,-0.010216710000000018,0.19047307999999996,-0.021612229999999955,0.08631796000000003,-0.02694555999999998,-0.002623500000000001,-0.01656970000000002,0.008223659999999966,0.1279793482170499,0.030899981882196947
0.07623858499999997,-0.29790824999999993,0.078929845,-0.30492016999999993,0.07884076499999998,-0.3158094899999999,0.055915964999999956,-0.31969566999999993,0.05204546499999996,-0.3451984699999999,0.012330595,-0.2797380699999999,-0.012744334999999996,-0.2805228699999999,0.0024596249999999653,-0.17495246999999992,-0.07607867500000004,-0.13410111999999996,0.05293140499999999,-0.12958486999999996,-0.025293375000000007,-0.021195319999999906,0.0071822649999999655,-0.004399929999999941,-0.007182265000000021,0.004399930000000052,0.009745905,0.1659137300000001,-0.018679535000000025,0.1964556300000001,0.006246364999999976,0.2734794300000001,-0.030602955000000043,0.2734794300000001,-0.009870970000000034,0.10478559999999998,0.05047178000000002,0.04536759999999995,-0.06333434000000004,0.14642174999999996,0.05078530000000003,0.11290580000000006,0.0025636400000000337,0.17031366000000003,-0.003499540000000023,0.10756569999999999,-0.011497270000000004,0.19205570000000005,-0.011923420000000018,0.07702379999999998,-0.025074929999999995,-0.0007848000000000299,-0.014364529999999986,0.008799859999999993,0.13328260581765053,0.03135489001726202
0.07601771000000002,-0.29598537,0.07902273999999998,-0.3029234,0.07841352000000001,-0.31370505000000004,0.056615689999999996,-0.31757214,0.051532540000000016,-0.3429025,0.012779329999999978,-0.27806982,-0.012285429999999986,-0.27878147000000003,0.0018619400000000064,-0.1725453,-0.07486027,-0.13265610000000005,0.05314789000000003,-0.12578064,-0.026827449999999975,-0.020833129999999977,0.0073139899999999924,-0.004254199999999986,-0.0073139899999999924,0.004254199999999986,0.009623119999999985,0.16673273,-0.01930174000000001,0.19673390000000002,0.004616920000000024,0.2749579,-0.033214809999999984,0.2749579,-0.010917389999999971,0.10552452000000001,0.051285950000000025,0.04676466000000001,-0.06257484000000002,0.14612536999999998,0.04803282000000003,0.11182297000000008,0.0023091299999999926,0.17098692999999998,-0.005006199999999961,0.10822516999999998,-0.01198775000000002,0.19247970000000003,-0.013913069999999972,0.07822399999999996,-0.025064759999999964,-0.0007116500000000081,-0.014627979999999985,0.008508399999999972,0.12988233909305608,0.03178284517944385
0.07729901500000003,-0.2913932649999999,0.08009232500000002,-0.29815696499999994,0.07952691500000003,-0.30882148499999995,0.05743505500000001,-0.3124477149999999,0.05230782500000003,-0.3373400649999999,0.014303814999999998,-0.2747707649999999,-0.01125524499999997,-0.27482293499999993,0.005012495000000006,-0.16991406499999995,-0.07142506500000001,-0.12963536499999995,0.05381035500000003,-0.1203912949999999,-0.02576558499999998,-0.018185604999999883,0.007712494999999986,-0.0043248649999999556,-0.007712494999999986,0.004324865000000067,0.011126295000000008,0.16119773500000012,-0.018379444999999994,0.19228698500000008,0.007228855000000034,0.2784454350000001,-0.03347407499999999,0.2784454350000001,-0.009291319999999992,0.10485669999999997,0.048797860000000026,0.04952277000000005,-0.06016982000000004,0.14518757,0.04565948000000003,0.11144976000000006,0.0034138000000000224,0.16552260000000008,-0.0038974399999999743,0.11724769999999995,-0.010666950000000008,0.18796212,-0.015094629999999998,0.08615845,-0.025559059999999967,-5.2170000000018035e-05,-0.015424989999999972,0.008649730000000022,0.12488566318647025,0.028855420949433355
0.07654517999999999,-0.28822032999999997,0.07911818999999998,-0.29375599999999996,0.07990282999999998,-0.30449425999999996,0.055843739999999975,-0.30852297,0.053008659999999985,-0.33382401,0.012792499999999984,-0.27421472999999996,-0.011417120000000003,-0.27368775,0.0032008000000000036,-0.16942477,-0.06604473999999999,-0.12889302999999996,0.054781919999999984,-0.11956566000000002,-0.02497554000000002,-0.02060843000000001,0.008067339999999978,-0.004400669999999995,-0.008067340000000034,0.004400669999999995,0.006551360000000006,0.15777213,-0.017761200000000033,0.19225506999999997,0.00354475999999998,0.28107417,-0.03538331,0.28107417,-0.00959169999999998,0.10478995999999996,0.05158111999999998,0.049859109999999984,-0.05462761999999999,0.14479472000000004,0.04106919999999997,0.10828459999999995,-0.0015159799999999723,0.1621728,-0.003006600000000026,0.12330204,-0.009693859999999999,0.18785439999999998,-0.01762210999999997,0.08881910000000004,-0.024209619999999987,0.0005269799999999547,-0.016134680000000012,0.00880133999999999,0.12427882726464917,0.030188446631948453
0.07793820000000001,-0.28821647000000006,0.0805032,-0.29369940000000005,0.08118984000000001,-0.30472610000000006,0.05680136999999996,-0.30794817,0.053362489999999985,-0.33380285000000004,0.012467069999999969,-0.27286133000000007,-0.009979660000000001,-0.27307725000000005,0.0027141699999999602,-0.16752540000000005,-0.06033917999999999,-0.12978414000000005,0.05419156999999997,-0.1143322,-0.023901930000000016,-0.02062854000000003,0.007558850000000006,-0.004048300000000005,-0.007558850000000006,0.004048300000000005,0.00522127,0.158138,-0.01739955000000004,0.19159989999999993,0.0021674099999999807,0.28148969999999995,-0.03337663000000002,0.28148969999999995,-0.009752900000000009,0.10533593000000002,0.051477400000000006,0.05319320000000005,-0.05035951999999999,0.14329311,0.03643724999999998,0.10915560000000002,-0.0023375800000000058,0.1621863,-0.0030538600000000193,0.12335169999999995,-0.009840700000000036,0.18755159999999993,-0.015977079999999977,0.08988980000000002,-0.02244672999999997,-0.00021591999999998057,-0.015117700000000012,0.00809660000000001,0.11973783518090009,0.029598018451781567
0.07870741000000003,-0.28529947499999997,0.08107486000000003,-0.290512245,0.08183356000000003,-0.30166820499999997,0.05773976000000003,-0.307225575,0.05432643000000004,-0.332328505,0.014244900000000005,-0.272040375,-0.007142039999999961,-0.273318925,0.0012593100000000135,-0.16780752499999996,-0.057802189999999976,-0.13016217499999994,0.053805130000000034,-0.11046987499999994,-0.023584539999999987,-0.01984977499999996,0.0070732099999999964,-0.003548925000000036,-0.0070732099999999964,0.003548925000000036,0.006395980000000023,0.15994582499999999,-0.01532397999999996,0.19216548499999997,-0.0010652099999999831,0.282122725,-0.033083399999999985,0.282122725,-0.012985589999999991,0.10423285000000004,0.05254582000000002,0.05733765000000002,-0.050660150000000015,0.14315675000000005,0.03421764999999999,0.11031239999999998,-0.0006772299999999731,0.16349475000000002,-0.007461190000000006,0.12217690000000003,-0.008250769999999963,0.18861655999999993,-0.017759420000000026,0.08995724000000005,-0.021386939999999965,-0.0012785499999999894,-0.014146419999999993,0.007097850000000072,0.11668745389196254,0.02863779286290931
0.07985616499999998,-0.283414315,0.08246163499999998,-0.28822721500000004,0.08353108499999995,-0.29986385500000007,0.05928076499999996,-0.30463101500000006,0.05679441499999999,-0.331108455,0.01606387499999995,-0.270200015,-0.005969395000000044,-0.27252991500000007,0.004542564999999998,-0.16613084500000008,-0.05364882500000001,-0.12829936500000005,0.05512756499999999,-0.110241955,-0.018910265000000037,-0.017413915000000002,0.007387634999999948,-0.0032631850000000018,-0.0073876350000000035,0.0032631850000000018,0.008107664999999986,0.16326665499999993,-0.014624205000000001,0.195035085,0.0005160049999999861,0.28360628499999996,-0.031006115,0.28360628499999996,-0.011521309999999951,0.10406916999999993,0.05058499999999999,0.05588889000000008,-0.04767942999999997,0.14423055,0.034738559999999974,0.11088545000000005,0.0007200300000000381,0.16652983999999993,-0.00759166,0.12033963000000003,-0.007236569999999998,0.1917719,-0.01638191,0.08857119999999996,-0.022033269999999994,-0.0023299000000000514,-0.014775269999999951,0.0065263700000000036,0.1171475912988304,0.023670941395029073
0.081660605,-0.2849293499999999,0.08485450499999997,-0.2902773699999999,0.08525705499999997,-0.30147910999999994,0.06156095499999997,-0.30471936999999993,0.058922205000000005,-0.33114922999999996,0.016432375,-0.2718971499999999,-0.004500265000000003,-0.27193350999999993,0.0030593250000000016,-0.16269034999999998,-0.04748415500000003,-0.12535560999999995,0.05510630499999997,-0.1090276899999999,-0.015079294999999993,-0.01859719999999998,0.0075284549999999895,-0.0038506499999999555,-0.0075284549999999895,0.0038506500000000665,0.00794990499999998,0.15907995000000008,-0.016199734999999993,0.1930696500000001,0.0019876050000000034,0.28164505000000006,-0.026917245000000034,0.28164505000000006,-0.013373049999999997,0.10920679999999994,0.052046979999999965,0.053662660000000084,-0.042983890000000025,0.14657789999999998,0.032404860000000035,0.10675840999999997,0.0004214499999999899,0.16293060000000004,-0.005962299999999976,0.12256509999999998,-0.008671280000000003,0.18921900000000003,-0.010717510000000041,0.08857539999999997,-0.020932640000000002,-3.636000000001305e-05,-0.015056909999999979,0.007701300000000022,0.11543769554952181,0.02368377407272967
0.08225174499999999,-0.28021589500000005,0.08485703500000003,-0.28473454500000006,0.08589159499999999,-0.29658401500000003,0.06147809500000001,-0.30005485500000006,0.059519975,-0.32683754500000006,0.02014933499999999,-0.26672333500000006,-0.0042681250000000115,-0.26926297500000007,0.008123625000000023,-0.165096915,-0.04777772499999999,-0.12659844500000006,0.05500527500000002,-0.10842071500000006,-0.013708575,-0.01916906500000004,0.00840922500000002,-0.002839655000000052,-0.00840922500000002,0.002839654999999941,0.008379954999999994,0.16510108499999998,-0.015267945000000005,0.194340285,-0.0011550850000000001,0.28546878499999995,-0.028959675000000018,0.28546878499999995,-0.012025709999999967,0.10162642000000005,0.04688165,0.056676199999999954,-0.04350959999999998,0.14266453,0.03406914999999999,0.10742938000000002,-2.9270000000025664e-05,0.16794074000000003,-0.009535039999999995,0.12036769999999997,-0.006858719999999985,0.19150063000000006,-0.013691730000000013,0.09112849999999995,-0.024417460000000002,-0.0025396400000000097,-0.01681845000000004,0.005679309999999993,0.11540603149890434,0.022637731036057897
0.08049593500000002,-0.27878337499999994,0.08300702500000001,-0.282889295,0.08471348500000003,-0.29500432499999996,0.05936638500000002,-0.29928642499999997,0.05911694500000003,-0.32673346499999995,0.018403515000000037,-0.268530275,-0.0045946749999999925,-0.27022426499999996,0.007727755000000003,-0.16759665499999998,-0.044866935,-0.12716432499999997,0.05442200500000005,-0.10842927499999999,-0.014849474999999945,-0.01829922499999992,0.00818838500000002,-0.002996125000000016,-0.008188384999999965,0.002996125000000016,0.009509085000000028,0.16463641500000004,-0.01744438499999995,0.19593237500000005,-0.0024002149999999833,0.28596947500000003,-0.03142471499999999,0.28596947500000003,-0.010675760000000034,0.10093362,0.04669425000000005,0.05916737999999999,-0.040272260000000004,0.14305994,0.03001746000000005,0.10886510000000005,0.001320700000000008,0.16763254000000005,-0.011909300000000012,0.12133305999999999,-0.009255999999999986,0.19293625000000003,-0.01398033000000004,0.09003709999999998,-0.02299819000000003,-0.0016939899999999786,-0.016376769999999985,0.005992250000000032,0.11512470081275737,0.022312822582779546
0.08193915999999996,-0.28177766000000004,0.08390780999999997,-0.2861763300000001,0.08584939999999996,-0.29783420000000005,0.059318119999999974,-0.3022572800000001,0.05963597999999998,-0.32836410000000005,0.017973359999999994,-0.27048330000000004,-0.0030253000000000085,-0.27138014000000005,0.005872779999999966,-0.17025785000000004,-0.04240305000000005,-0.13033270000000008,0.05392950999999996,-0.11070580000000008,-0.01081354000000001,-0.025109700000000013,0.007643639999999952,-0.002977700000000083,-0.007643640000000007,0.002977699999999972,0.007555579999999951,0.1650832499999999,-0.017670600000000036,0.19490505999999996,-0.004211850000000017,0.28394849999999994,-0.03225476000000005,0.28394849999999994,-0.012100580000000027,0.10022545,0.04805672999999999,0.05955204999999997,-0.039377750000000045,0.14104743999999997,0.03158951000000004,0.10522300000000007,-8.806000000000092e-05,0.16806095,-0.011767429999999968,0.11886525000000003,-0.01002696000000003,0.19192736,-0.014584160000000013,0.08904343999999997,-0.020998660000000002,-0.0008968400000000099,-0.015287279999999959,0.005955400000000055,0.1172506942037739,0.028265708991107922
0.08194209000000002,-0.27710248000000004,0.08404056000000004,-0.28136898000000005,0.08580132000000001,-0.29310425,0.06008030000000003,-0.29678733,0.05981270000000005,-0.32326965,0.020205920000000044,-0.26543762000000004,-0.002951109999999979,-0.26783301000000004,0.009525690000000031,-0.16636815000000005,-0.041630049999999974,-0.12948422000000004,0.05415259,-0.10644324999999999,-0.008718929999999958,-0.02549657999999999,0.00847872000000005,-0.002534950000000036,-0.008478719999999995,0.0025349499999999248,0.007039720000000027,0.16715581999999995,-0.018929209999999974,0.19586218999999994,-0.0037086799999999642,0.28828265,-0.03538627999999999,0.28828265,-0.010680230000000013,0.09906946999999999,0.04462689999999997,0.05992490000000006,-0.038678939999999995,0.13834879,0.032911120000000016,0.10398764000000005,-0.0014390000000000236,0.16969077,-0.010748399999999991,0.12112683000000002,-0.010450489999999979,0.19332724,-0.016457070000000018,0.09242046000000004,-0.023157030000000023,-0.0023953899999999972,-0.016957440000000046,0.0050698999999999605,0.11350346783101777,0.02803255919435461
0.08194482999999997,-0.2780293299999999,0.08414135,-0.28219756999999995,0.08580202999999997,-0.29412946999999995,0.06056526999999995,-0.29750597999999995,0.06025818999999999,-0.32442218999999994,0.022135829999999967,-0.2659263499999999,-0.0033122500000000166,-0.26939074999999996,0.012425949999999963,-0.16558739999999994,-0.04188993000000002,-0.12992289999999995,0.055215219999999954,-0.1058619999999999,-0.005736150000000051,-0.02640604999999996,0.009270849999999997,-0.0022977499999999873,-0.009270849999999997,0.0022977500000000983,0.007396749999999952,0.16783592000000003,-0.019216380000000033,0.19563675000000003,-0.003384020000000043,0.28760245000000006,-0.03580425000000004,0.28760245000000006,-0.009709880000000004,0.10033894999999998,0.04278926999999999,0.05972540000000004,-0.03857768,0.13946785,0.03615377999999997,0.10351685,-0.0018741000000000452,0.17013367000000001,-0.010780769999999995,0.11976653000000004,-0.009945530000000036,0.19333899999999993,-0.016587870000000005,0.09196570000000004,-0.025448079999999984,-0.003464400000000034,-0.018541699999999994,0.004595500000000086,0.1132980097475652,0.02892061960833486
0.08264950500000007,-0.2785825149999999,0.08546508500000005,-0.28295710499999993,0.08628991500000005,-0.295066095,0.06314388500000007,-0.29852018499999994,0.06122086500000007,-0.3258928649999999,0.024834345000000035,-0.26698172499999995,-0.0030808049999999643,-0.27106642499999994,0.012592025000000062,-0.166288145,-0.04442521499999996,-0.13111380499999992,0.05545858500000006,-0.106919145,-0.004137804999999939,-0.03143188499999994,0.010214635000000027,-0.0022982049999999976,-0.010214634999999972,0.0022982049999999976,0.008908165000000023,0.16776425500000003,-0.02041431499999996,0.19592495500000007,-0.002348734999999935,0.28682705500000005,-0.03810068499999997,0.28682705500000005,-0.012242319999999973,0.10069357999999995,0.04286656,0.059369000000000005,-0.04134441,0.13995262000000003,0.040287410000000023,0.09968191999999998,-0.001306470000000004,0.17006246000000003,-0.011256899999999959,0.11906280000000002,-0.010199679999999989,0.19362675000000007,-0.017686370000000007,0.09090209999999999,-0.02791515,-0.004084699999999997,-0.02042927,0.004596409999999995,0.11398489416622758,0.0342731211630484
0.08408780500000002,-0.27887755000000003,0.08710705499999999,-0.28363648,0.087367315,-0.29551128000000004,0.065266655,-0.29990178,0.06223110500000001,-0.3266809,0.02742815500000001,-0.2682049,-0.002288345000000025,-0.27269358000000005,0.013194154999999985,-0.16623414999999997,-0.04382429500000001,-0.13392044999999997,0.05641202499999998,-0.10948835000000001,-0.000361665000000011,-0.03888955000000005,0.010859985000000016,-0.002337350000000016,-0.010859985000000016,0.002337350000000016,0.009560634999999984,0.16746284999999994,-0.020535424999999996,0.19626305,-0.0029253450000000236,0.28586775,-0.03609321500000001,0.28586775,-0.014234000000000024,0.10197075000000005,0.04321786999999999,0.05674579999999996,-0.04153594999999999,0.13877313000000008,0.04346263,0.09503089999999992,-0.0012993500000000324,0.16980019999999996,-0.012485980000000008,0.11840490000000004,-0.00967543999999998,0.19392569999999998,-0.015557790000000016,0.08960469999999998,-0.029716500000000035,-0.004488680000000023,-0.021719970000000033,0.004674700000000032,0.11643163294037233,0.0425425904997851
0.08433104500000005,-0.28014429999999996,0.08792219500000004,-0.28528451999999993,0.08737636500000007,-0.29695587999999995,0.06746412500000004,-0.3026175199999999,0.06258837500000003,-0.3290808499999999,0.028256305000000037,-0.26998799999999995,-0.0015998749999999728,-0.2751533499999999,0.00893760500000007,-0.16514750999999994,-0.04583399499999996,-0.13508484999999992,0.055785905000000025,-0.11063754999999997,0.0023990950000000733,-0.038482949999999905,0.011079425000000032,-0.002568689999999929,-0.011079424999999976,0.00256869000000004,0.012617055000000044,0.16437915000000003,-0.020732904999999968,0.19536242000000004,-0.0032002249999999455,0.28422615000000007,-0.038058274999999975,0.28422615000000007,-0.019318699999999966,0.10484049000000001,0.046848299999999954,0.05450995999999997,-0.04423411999999999,0.14006849999999998,0.048233090000000034,0.09660190000000002,0.001537630000000012,0.16694783999999996,-0.01581727999999999,0.11984700000000004,-0.009653479999999992,0.19279373,-0.017325370000000007,0.08886373000000003,-0.02985618000000001,-0.0051653499999999575,-0.022158850000000008,0.005137379999999969,0.11695104897216617,0.04320772671733606
0.08417771499999999,-0.281048395,0.08760715499999999,-0.286375705,0.08684001499999999,-0.297922825,0.06686911499999998,-0.303684475,0.061174074999999994,-0.329585975,0.026937794999999987,-0.270795825,-0.002089165000000004,-0.274940225,0.0062757749999999835,-0.167648955,-0.04521318499999999,-0.135934385,0.05563257500000002,-0.11186485499999999,0.004107454999999982,-0.04115405500000002,0.011033424999999986,-0.002753585000000003,-0.011033424999999986,0.002753585000000003,0.013054734999999984,0.163573545,-0.022385725000000023,0.19438094500000003,-0.0030825250000000026,0.283885445,-0.04038788500000001,0.283885445,-0.020662020000000003,0.10314687,0.049356800000000034,0.0557841,-0.043124019999999985,0.13900584,0.04932063999999997,0.09478032999999997,0.0020213099999999984,0.16632713,-0.016137259999999987,0.12031190000000003,-0.011352300000000037,0.19162736000000002,-0.01800215999999999,0.08950449999999999,-0.02902695999999999,-0.0041443999999999925,-0.02206684999999997,0.005507170000000006,0.11787431196717714,0.04644488236118164
0.08370175000000002,-0.28023204,0.08725775000000002,-0.28559914000000003,0.08632077999999999,-0.29704574,0.06672034999999998,-0.30326772,0.060844180000000025,-0.32886768,0.027838519999999978,-0.27207178000000004,-0.0021525700000000203,-0.27436466000000004,0.008419120000000002,-0.17087466000000007,-0.04266924999999999,-0.13506755999999998,0.05499400999999998,-0.10974106000000006,0.003908630000000024,-0.03962586000000001,0.011406250000000007,-0.0028178100000000317,-0.011406250000000007,0.0028178100000000317,0.012027410000000016,0.16510674000000003,-0.023549920000000002,0.19527644,-0.0042887999999999815,0.28401464,-0.03990842,0.28401464,-0.019419399999999976,0.10119711999999997,0.04657488999999998,0.06113360000000001,-0.04051667999999997,0.13929710000000006,0.046577880000000016,0.09544169999999996,0.0006211600000000095,0.16792455000000006,-0.016316209999999998,0.11890789999999996,-0.012143669999999995,0.19245862999999996,-0.016358499999999998,0.08873819999999999,-0.029991089999999998,-0.002292879999999997,-0.022812500000000013,0.005635620000000063,0.11546633367514578,0.045122174952935336
0.08347612999999998,-0.28116526999999997,0.08703428999999996,-0.28651594999999996,0.08589185999999999,-0.29792016,0.06669842999999998,-0.30473268,0.05920915999999998,-0.33046119999999995,0.027904989999999963,-0.27261253999999996,-0.003017340000000035,-0.27596745,0.009668109999999952,-0.16697925000000002,-0.039511920000000034,-0.13488911999999997,0.0556314,-0.10621981999999996,0.00555133999999996,-0.03893964999999999,0.011836409999999964,-0.0025513200000000236,-0.01183641000000002,0.0025513200000000236,0.011690229999999968,0.16546965000000002,-0.025298480000000012,0.19510663000000006,-0.0045940000000000425,0.28309578,-0.040254170000000034,0.28309578,-0.01823688000000001,0.10563328999999994,0.045963290000000045,0.06075943000000006,-0.03649458,0.14107833000000003,0.045063259999999994,0.09594946999999998,-0.00014617999999999576,0.16802097000000005,-0.01628423000000001,0.11762613,-0.013462069999999993,0.19255531000000004,-0.014955690000000021,0.08798914999999996,-0.030922329999999998,-0.0033549100000000442,-0.023672819999999983,0.005102640000000047,0.11253958877368483,0.044987047487064544
0.08273797,-0.28083356000000004,0.08672117000000001,-0.28631874,0.08480849000000001,-0.29762288000000003,0.06738480000000002,-0.30405976000000007,0.05809109000000001,-0.32970034000000004,0.02938006999999998,-0.27109175,-0.00319539000000002,-0.27480410000000005,0.010605919999999991,-0.16601548,-0.03746765000000002,-0.13485558000000009,0.055334229999999984,-0.1041342500000001,0.0038952099999999823,-0.03737178000000008,0.01242681000000001,-0.0023083799999999988,-0.01242681000000001,0.0023083799999999988,0.01085607999999999,0.16641941999999998,-0.027032979999999984,0.19565371999999992,-0.00713815000000001,0.28329331999999996,-0.04068721999999997,0.28329331999999996,-0.01877414999999999,0.10507627000000003,0.04472830999999999,0.0618812299999999,-0.03427226,0.13994851999999997,0.04136286,0.09748380000000001,-0.0015707300000000202,0.16872779999999998,-0.01799423,0.11687389999999998,-0.014606169999999974,0.19334533999999992,-0.013654239999999984,0.08763960000000004,-0.03257546,-0.003712350000000031,-0.02485362000000002,0.0046167599999999975,0.11049685286157844,0.04290598366785227
0.08265202500000002,-0.27970416000000003,0.08668742500000004,-0.28479505,0.08536782500000001,-0.29656143,0.06698164500000003,-0.30302758,0.05896172500000002,-0.3299787,0.028260225000000028,-0.27145675,-0.0029602749999999567,-0.27532665,0.01222458500000001,-0.16589600000000004,-0.03490957499999997,-0.13377890000000003,0.05581394500000003,-0.10485230000000001,0.002793525000000019,-0.03525624000000005,0.011971055000000008,-0.0022695999999999827,-0.011971055000000008,0.0022695999999999827,0.01107972500000004,0.16688397,-0.02703451499999998,0.19699093,-0.0060853949999999934,0.2843171,-0.03915565500000001,0.2843171,-0.016035640000000018,0.10556074999999998,0.04358936000000002,0.061043700000000034,-0.031949300000000014,0.14154774999999997,0.03770309999999999,0.09852265999999998,-0.000891329999999968,0.16915356999999998,-0.017165120000000034,0.11743313,-0.015063459999999973,0.19472133000000003,-0.01212114000000003,0.08732616999999998,-0.031220499999999984,-0.0038698999999999817,-0.023942110000000016,0.0045391999999999655,0.1115589948988521,0.04032594066208504
0.08147558999999999,-0.27997481499999993,0.08613396000000001,-0.2840655449999999,0.08513275000000003,-0.29718851499999993,0.06738981999999999,-0.3017370449999999,0.060196379999999994,-0.3324286349999999,0.030148039999999987,-0.27046041499999995,-0.003954760000000002,-0.2790476149999999,0.01907964000000001,-0.16291746499999993,-0.03391348999999999,-0.13789221499999993,0.0587782,-0.10313251499999998,0.0013689399999999852,-0.03940061499999992,0.012863840000000015,-0.0014428149999999862,-0.012863840000000015,0.0014428150000000972,0.012215919999999991,0.16651738500000002,-0.027551879999999973,0.19704612500000007,-0.005681899999999962,0.28454598500000006,-0.03978623999999997,0.28454598500000006,-0.011068399999999978,0.10754295000000003,0.039698559999999994,0.05978494999999995,-0.02995872999999999,0.1411554,0.035282429999999976,0.09849160000000001,-0.000647920000000024,0.1679602,-0.017897819999999953,0.11802860000000004,-0.014688039999999958,0.19560330999999997,-0.01223436,0.08749985999999998,-0.03410279999999999,-0.008587199999999962,-0.02572768000000003,0.0028856300000000834,0.11157474418657476,0.04325225775255323
0.08209837999999997,-0.28026489999999993,0.08669394999999996,-0.2845473999999999,0.08559367999999995,-0.2973472799999999,0.06787890999999996,-0.3021329599999999,0.06054881999999995,-0.3320405499999999,0.030255689999999946,-0.2708199299999999,-0.0029579500000000425,-0.2786944999999999,0.01837558999999994,-0.16384769999999993,-0.03268032000000004,-0.13818284999999986,0.05917877999999993,-0.10442729999999989,0.001428999999999958,-0.038357469999999894,0.012718719999999961,-0.0015991599999999329,-0.012718720000000017,0.0015991600000000439,0.01288942999999998,0.16468564000000008,-0.027700230000000048,0.19608596000000011,-0.004636100000000032,0.2843363000000001,-0.040453600000000034,0.2843363000000001,-0.011880100000000005,0.10697222999999995,0.04080318999999999,0.05942040000000004,-0.029722369999999998,0.14051165000000004,0.03410932,0.09982537999999996,0.00017071000000001835,0.1662848,-0.01752553000000001,0.11965066000000002,-0.014981510000000031,0.19448680000000007,-0.012753369999999986,0.08825033999999998,-0.03321363999999999,-0.007874570000000025,-0.025437439999999978,0.0031983199999999767,0.1128368891411988,0.042387383289786765
0.082518965,-0.27714888000000004,0.08735840499999997,-0.28167782,0.08587044500000002,-0.29414487,0.06936818499999997,-0.29965435,0.06128868500000001,-0.32880045,0.03203640499999999,-0.26875325,-0.001487314999999989,-0.27578810000000004,0.018593844999999998,-0.16182695000000002,-0.03210919499999998,-0.13409435000000003,0.05898755499999997,-0.10136250000000002,0.0005846549999999895,-0.03240315000000005,0.012814225000000012,-0.0015817500000000484,-0.012814225000000012,0.0015817499999999374,0.01310306499999997,0.16730137999999994,-0.027798774999999998,0.19786967999999994,-0.0044915150000000015,0.28785255,-0.04035329500000001,0.28785255,-0.013442559999999992,0.10692629999999997,0.04039370999999997,0.06046445,-0.03062187999999999,0.14169375,0.03269384999999997,0.10169119999999998,0.0002888399999999569,0.16888313,-0.01759457999999997,0.12055117000000004,-0.014984549999999985,0.19628793,-0.012554520000000013,0.08998287000000005,-0.03352371999999998,-0.007034850000000037,-0.025628450000000025,0.0031634999999999858,0.1099462344687229,0.03653085563279895
0.08222056500000002,-0.276810855,0.08688645500000003,-0.28126916500000004,0.08593656500000002,-0.29375791500000004,0.06859950500000006,-0.29957979500000004,0.06200712500000005,-0.32882797500000005,0.03158549500000002,-0.26845794500000003,-0.001146804999999973,-0.27605671500000006,0.016648825000000034,-0.158674985,-0.03285040499999997,-0.13184201500000003,0.058116725000000036,-0.09975341500000001,-0.0016861149999999325,-0.027865255000000033,0.012452675000000024,-0.0013472150000000127,-0.012452674999999969,0.0013472150000000127,0.011892395000000056,0.17021313500000002,-0.02883403499999998,0.19947615499999993,-0.006832674999999955,0.28833988499999996,-0.039739144999999976,0.28833988499999996,-0.014936669999999985,0.10978296000000004,0.0414679,0.05892156999999998,-0.0317036,0.14421470000000003,0.03116429000000004,0.10397676,-0.0005602799999999686,0.17156035000000003,-0.01872507000000001,0.11812674999999995,-0.01638136000000001,0.19812893999999992,-0.010905109999999996,0.08886373000000003,-0.03273229999999999,-0.0075987700000000324,-0.024905349999999993,0.0026944300000000254,0.10848495591943844,0.031133377872221053
0.08223660999999999,-0.27493946999999996,0.08699119,-0.27969999999999995,0.08542427999999996,-0.29173092999999994,0.06926330999999997,-0.29818215,0.061341009999999974,-0.32625005999999995,0.032458509999999996,-0.26714695999999993,-0.00014612000000002734,-0.27401207999999994,0.015556509999999968,-0.15856894,-0.031832360000000004,-0.13114249999999994,0.05777933999999996,-0.09924709999999992,-0.0008817600000000092,-0.03002679999999991,0.012455610000000006,-0.0012343999999999689,-0.012455610000000006,0.0012344000000000799,0.010599079999999983,0.17314220000000002,-0.029216789999999992,0.20042140000000008,-0.008796190000000037,0.28967790000000004,-0.040871990000000025,0.28967790000000004,-0.016902000000000028,0.10857801999999994,0.04222282999999999,0.05932184000000007,-0.03168623999999998,0.14286958,0.030950599999999995,0.10111570000000003,-0.0018565300000000229,0.1743766,-0.01939527000000002,0.11653570000000002,-0.016761179999999987,0.199187,-0.011655200000000032,0.08925649999999996,-0.03260463000000002,-0.006865120000000002,-0.02491122000000001,0.0024688000000000487,0.10798485941280327,0.033334916068028415
0.08334147000000003,-0.27639326,0.08769157000000005,-0.28136430999999995,0.08619397000000001,-0.29309187999999997,0.06911915000000002,-0.29966102999999994,0.06102216000000005,-0.32675002999999997,0.032119220000000004,-0.26841872999999994,-6.787999999996464e-05,-0.27374106,0.01595207000000004,-0.16183143,-0.031010659999999968,-0.13124862999999998,0.057929600000000026,-0.10189218999999994,-0.0007298099999999974,-0.029066029999999965,0.012425820000000032,-0.0014397699999999514,-0.012425819999999976,0.0014397700000000624,0.01023472000000003,0.17275212000000006,-0.029689949999999965,0.19984332999999999,-0.007920279999999946,0.28861157000000004,-0.04180282999999996,0.28861157000000004,-0.016167149999999963,0.10658729999999994,0.041977529999999985,0.05993924000000006,-0.030942780000000003,0.14249243,0.03028084999999997,0.10218260000000001,-0.0021911000000000014,0.17419189000000002,-0.018154999999999977,0.11585944999999997,-0.01726412999999999,0.19840355999999992,-0.012112879999999993,0.08876824000000005,-0.03218709999999997,-0.005322330000000042,-0.024851640000000008,0.0028795400000000138,0.11027820581667439,0.032671095536576385
0.08343915499999999,-0.27663675500000007,0.08780734499999998,-0.28149116500000004,0.08667897499999994,-0.29334354500000004,0.06925477499999994,-0.30021811500000006,0.06240312499999995,-0.327730275,0.03186301499999994,-0.26952824500000006,0.0010323349999999398,-0.27570119500000007,0.015078054999999979,-0.1617338650000001,-0.03140342500000004,-0.133962315,0.05817784499999995,-0.09924591500000002,-0.0018485250000000453,-0.030916155,0.011933254999999976,-0.001339014999999999,-0.011933255000000031,0.001339014999999999,0.010515574999999944,0.17208898499999992,-0.028909125000000035,0.19947361499999994,-0.007677325000000013,0.28770458499999996,-0.04136688500000002,0.28770458499999996,-0.01678495999999996,0.10779437999999997,0.04309978999999997,0.06248795000000007,-0.03243575999999998,0.14173888000000007,0.029554899999999995,0.10304616,-0.0014176800000000322,0.17342799999999992,-0.018192899999999956,0.11561560000000004,-0.016975870000000004,0.19813459999999994,-0.012457759999999984,0.08823097000000002,-0.03083068,-0.00617295000000001,-0.023866510000000007,0.002678029999999998,0.10827891379155086,0.03379493706018402
0.08392650999999995,-0.27605617999999993,0.08799631999999996,-0.28097005999999997,0.08714682999999995,-0.29267557999999994,0.06878663999999995,-0.29925077999999994,0.06263536999999997,-0.32625807999999995,0.03210172999999994,-0.26867507999999996,0.0010777299999999435,-0.27386780999999993,0.017033739999999964,-0.1617200299999999,-0.031142970000000048,-0.13242303,0.05851516999999995,-0.09833147999999992,-0.004451890000000014,-0.027153679999999958,0.012046049999999975,-0.0015184199999999093,-0.01204605000000003,0.0015184200000000203,0.010261129999999952,0.17191047000000004,-0.029823930000000054,0.20057842000000004,-0.006590350000000023,0.28849692000000005,-0.042042360000000056,0.28849692000000005,-0.015067989999999976,0.10695505000000005,0.041481429999999986,0.06338854999999999,-0.03222069999999999,0.14144477999999994,0.026691080000000034,0.10526935000000004,-0.0017849200000000232,0.17342888999999995,-0.016851479999999974,0.11658645000000001,-0.017777880000000024,0.19906000000000001,-0.012218430000000002,0.08791850000000001,-0.031023999999999996,-0.005192729999999979,-0.024092100000000005,0.0030368399999999296,0.10738783776637836,0.029660758326711726
0.084964545,-0.27506392,0.08856761499999999,-0.27983965,0.08850229500000001,-0.2914063,0.068397545,-0.29890736,0.064246945,-0.32561107,0.031438695000000016,-0.2699633,0.003027465000000007,-0.2752751,0.018432555000000017,-0.16341490000000003,-0.028518474999999988,-0.13650825,0.05966737500000002,-0.09702683999999995,-0.004704804999999979,-0.02757670000000001,0.011206925000000034,-0.0015015999999999918,-0.011206924999999979,0.0015015999999999918,0.009755455000000024,0.1717841,-0.028716474999999964,0.20139936999999997,-0.0055599849999999895,0.2885531,-0.041363655,0.2885531,-0.01300614,0.10654839999999999,0.041234820000000005,0.06638806000000008,-0.031545939999999995,0.13876685,0.02381367000000001,0.10893154999999999,-0.0014514700000000103,0.1732857,-0.015315440000000013,0.11676900000000001,-0.017509549999999985,0.19989776999999997,-0.012647180000000036,0.08715373000000004,-0.02841123000000001,-0.005311799999999978,-0.022413850000000013,0.0030031999999999837,0.10711436267494705,0.029796393999683923
0.08561703500000001,-0.2760812199999999,0.08912481499999997,-0.28081129999999993,0.08937928499999998,-0.2924521199999999,0.068660675,-0.2986751399999999,0.06615671499999998,-0.3254784999999999,0.03344878499999998,-0.26920686999999993,0.00363728499999999,-0.2743401999999999,0.020594475,-0.16279449999999995,-0.02693488500000002,-0.1349231999999999,0.05923781499999997,-0.09414745999999996,-0.0038112050000000397,-0.025191799999999875,0.011698664999999997,-0.0014640999999999682,-0.011698664999999997,0.0014641000000000792,0.011373214999999992,0.1696696000000001,-0.028174544999999995,0.19910880000000009,-0.005383285000000015,0.2876061000000001,-0.03942873499999999,0.2876061000000001,-0.01285430999999998,0.10641236999999998,0.03864333999999997,0.06864703999999999,-0.03057217000000001,0.139417,0.02312367999999998,0.10973140000000003,-0.0003254500000000049,0.17113370000000006,-0.016756500000000007,0.1179365,-0.01647588,0.1976447,-0.011254189999999997,0.0884973,-0.02981149999999999,-0.0051333299999999915,-0.023397329999999994,0.0029282000000000474,0.10416417812094567,0.027798363801878643
0.08720243999999999,-0.2754834500000001,0.09029673999999999,-0.28074877000000004,0.09054434,-0.29178690000000007,0.06906543999999998,-0.29887712000000005,0.06674636,-0.32399147000000006,0.032061339999999994,-0.26885324000000005,0.006205110000000014,-0.2728856700000001,0.015588639999999987,-0.16164372000000005,-0.024695689999999992,-0.13525892000000006,0.057157069999999977,-0.08906158000000008,-0.0028153300000000048,-0.025529920000000095,0.010588409999999993,-0.0015819800000000939,-0.010588409999999993,0.0015819799999999828,0.011243579999999975,0.1698506299999999,-0.028225329999999993,0.1983373799999999,-0.004648680000000016,0.28748277999999994,-0.03994335999999998,0.28748277999999994,-0.016472700000000007,0.10720952,0.04156842999999999,0.07258213999999996,-0.030900800000000006,0.13762675000000002,0.021880359999999988,0.10972899999999997,0.0006551699999999827,0.17143260999999999,-0.01589225999999999,0.11763215000000005,-0.01763692,0.1967553999999999,-0.01171802999999999,0.08914540000000004,-0.02585622999999998,-0.004032430000000031,-0.021176819999999985,0.0031639600000000767,0.09910257569990598,0.028204182212863468
0.08660371499999997,-0.27340462000000004,0.08976389499999993,-0.27838087,0.09015891499999995,-0.28962615,0.06916333499999994,-0.29691322000000003,0.06718594499999997,-0.32265249,0.034552714999999956,-0.2679669,0.006117474999999928,-0.27326983000000005,0.021632954999999954,-0.15944641999999998,-0.02301808500000002,-0.13489372,0.058803814999999926,-0.08758951999999998,-0.0006718250000000703,-0.02479595000000001,0.011480414999999966,-0.0013131499999999852,-0.011480415000000022,0.0013131499999999852,0.012361914999999946,0.16910612000000003,-0.028101785000000046,0.19796037999999994,-0.00359990500000007,0.28841078,-0.040360525000000036,0.28841078,-0.012919760000000002,0.10852048000000003,0.03717085999999997,0.0718569,-0.02913555999999995,0.13837611000000005,0.02234625999999995,0.11009776999999998,0.0008814999999999795,0.17041927,-0.015961820000000015,0.11930465999999995,-0.016621370000000024,0.19664722999999995,-0.01225873999999999,0.09045040000000004,-0.02843524000000003,-0.005302930000000039,-0.022960829999999988,0.0026262999999999703,0.09840282621925497,0.028257931994363966
0.08753611499999997,-0.271835195,0.09060889499999997,-0.276762525,0.09088231499999999,-0.288144005,0.06985192499999998,-0.29418192499999996,0.066770245,-0.32036630499999996,0.035878295000000004,-0.26368461499999996,0.0048896250000000085,-0.27027784499999996,0.025054095,-0.15519602499999996,-0.023121575000000005,-0.133225975,0.05971069499999998,-0.087409505,-0.00199822500000002,-0.023531214999999994,0.012382045000000008,-0.0012409249999999483,-0.012382045000000008,0.0012409250000000593,0.013594494999999984,0.168328865,-0.02881355499999999,0.198840625,-0.002649905000000008,0.291037725,-0.04186446500000002,0.291037725,-0.010824200000000006,0.10848859,0.03465659999999998,0.06778651999999996,-0.028011200000000014,0.13705186999999996,0.021123349999999985,0.10969476,0.001212449999999976,0.16956978999999994,-0.016244399999999992,0.12270886000000003,-0.016431509999999983,0.19759969999999993,-0.013050910000000027,0.09219710000000003,-0.030988669999999996,-0.0065932300000000055,-0.024764090000000016,0.0024818500000000077,0.09831086048875225,0.026860428849368775
0.08730717999999998,-0.27454091999999997,0.09073159999999997,-0.27962205999999995,0.09072052999999997,-0.2910351,0.07039392,-0.29734722999999996,0.06732879999999997,-0.32360449999999996,0.034650950000000014,-0.26692161999999997,0.006746969999999963,-0.27287669999999997,0.022680160000000005,-0.16012753000000002,-0.022906660000000023,-0.1365092,0.05939855999999999,-0.09087795999999992,-0.006491899999999995,-0.02585883,0.01131749999999998,-0.001281899999999947,-0.011317500000000036,0.001281900000000058,0.013021549999999993,0.16704397000000004,-0.02831874000000001,0.19732930000000004,-0.0023258700000000077,0.2879688,-0.041573300000000035,0.2879688,-0.011970790000000009,0.10679408999999995,0.036718399999999984,0.0692495700000001,-0.029653629999999986,0.13636749999999997,0.016414760000000028,0.11065037,0.0017040500000000125,0.16832587,-0.01534742,0.12092482999999998,-0.017001239999999973,0.19604739999999998,-0.013254560000000026,0.09063949999999998,-0.02790398000000005,-0.0059550800000000015,-0.022635000000000016,0.002563800000000005,0.10168206478158867,0.02756638605789492
0.08812615000000001,-0.27013736999999993,0.09132445,-0.27502652999999994,0.09162661000000005,-0.28632641,0.07095019000000002,-0.29251361,0.06819773000000001,-0.31861237,0.03575529000000005,-0.26239604999999994,0.007299150000000032,-0.26967516999999996,0.022032410000000002,-0.15649154999999992,-0.02293213999999999,-0.13657235,0.05851671000000003,-0.08759085,-0.003945739999999975,-0.025414049999999966,0.011537850000000016,-0.0010598499999999733,-0.01153784999999996,0.0010598500000000843,0.012685150000000034,0.16803029000000003,-0.02863326999999999,0.1980464500000001,-0.0031374699999999756,0.29147425000000005,-0.042710309999999974,0.29147425000000005,-0.013722880000000048,0.10590450000000001,0.036484300000000025,0.06890069999999993,-0.030231290000000022,0.13310281999999996,0.018986400000000014,0.11115830000000004,0.0011473000000000178,0.16909014,-0.01582262000000001,0.12344396000000002,-0.017095420000000028,0.1969866,-0.014077039999999985,0.09342779999999995,-0.02845614000000002,-0.007279120000000028,-0.023075699999999977,0.0021197000000000576,0.09846129822371633,0.027541015149447606
0.09086859999999997,-0.27071807000000003,0.09374624999999998,-0.27595625000000007,0.09424794999999997,-0.28691185,0.07249922999999997,-0.29443878000000007,0.0699224,-0.31958631000000004,0.03375184999999997,-0.26426065000000004,0.010803149999999984,-0.27061481000000004,0.017537099999999972,-0.15818485000000004,-0.01928230000000003,-0.13851385000000005,0.058795490000000006,-0.08739315000000003,0.0011741000000000112,-0.028256720000000013,0.00982769,-0.001188550000000066,-0.00982769,0.001188549999999955,0.01223574999999999,0.17015565,-0.027315719999999988,0.1989148799999999,-0.000952889999999984,0.29085724999999996,-0.04181041000000002,0.29085724999999996,-0.01621475,0.1060758,0.041258390000000034,0.07079170000000001,-0.030085450000000014,0.13210096,0.02045640000000004,0.11025713000000004,0.0024080599999999897,0.17134420000000006,-0.013188639999999974,0.12070159999999996,-0.017488029999999988,0.19772632999999995,-0.014494690000000032,0.09194237000000005,-0.02294869999999999,-0.006354159999999998,-0.01965538,0.002377100000000021,0.0991417091742925,0.03143347433194425
0.09173124000000005,-0.2674528400000001,0.09483788000000004,-0.27273670000000005,0.09507071000000006,-0.28348412000000006,0.07456033000000006,-0.29181328000000006,0.07175790000000004,-0.31645592000000006,0.03722121000000006,-0.26305625000000005,0.01296518000000002,-0.2692442500000001,0.02105381000000006,-0.15832292000000003,-0.015915969999999946,-0.13863912,0.060180360000000044,-0.0843891200000001,0.005679580000000017,-0.02679472000000005,0.010404960000000019,-0.0011581200000000402,-0.010404959999999963,0.0011581199999999292,0.014110080000000025,0.1705948799999999,-0.026942859999999957,0.19992137999999993,-0.00015241999999993094,0.29404067999999994,-0.04199624999999996,0.29404067999999994,-0.0161674,0.10473333000000001,0.03912654999999998,0.07393379999999994,-0.028881149999999967,0.13060513000000007,0.021595549999999963,0.11184439999999995,0.003705120000000006,0.17175299999999993,-0.014262499999999956,0.12344580000000005,-0.016537899999999994,0.19876326,-0.01505339,0.09411930000000002,-0.02425603000000004,-0.006188000000000027,-0.020809919999999982,0.0023162399999999694,0.09697932669471372,0.032250173504606114
0.09253800999999995,-0.26650202,0.09573448999999995,-0.27159012,0.09613142999999996,-0.28271882,0.07542676999999998,-0.29067602,0.07336988999999994,-0.31628048,0.03827701999999994,-0.26214486,0.014143359999999938,-0.27004154999999996,0.02116302999999997,-0.15600311999999994,-0.013586480000000012,-0.13916277,0.059894369999999975,-0.08283602000000001,0.005681109999999934,-0.024584170000000016,0.01042742999999996,-0.0007771799999999329,-0.010427430000000015,0.000777180000000044,0.014553889999999958,0.17154678,-0.027651650000000028,0.20026403999999998,-0.0010727500000000112,0.29464168,-0.04094321000000006,0.29464168,-0.017113989999999968,0.10614174000000004,0.03873134,0.07316709999999993,-0.02772983999999995,0.13087877999999997,0.019267589999999946,0.11457859999999997,0.0041264599999999985,0.17232395999999994,-0.01562663999999997,0.12309490000000001,-0.017224220000000012,0.19948685999999993,-0.013291560000000036,0.09437764000000004,-0.02413366,-0.007896689999999984,-0.020854859999999975,0.0015543599999999769,0.09581561133296189,0.03004468563247253
0.09380970500000002,-0.26764256999999997,0.09653831499999999,-0.2728886,0.09751410500000002,-0.28375575999999997,0.07513494500000001,-0.29245783,0.07470618499999998,-0.3172841,0.03733719499999999,-0.26433113999999996,0.015826445000000022,-0.2711743,0.019836295000000004,-0.15599624,-0.011879904999999968,-0.13799289999999997,0.06027312499999998,-0.08379110000000001,0.004941625000000005,-0.022384149999999936,0.009609115000000001,-0.000983500000000026,-0.009609115000000001,0.000983500000000026,0.014531545000000035,0.17201145000000007,-0.027086655000000015,0.2012096,0.0006137649999999883,0.2930667,-0.03908313499999999,0.2930667,-0.017500899999999986,0.10833489999999996,0.04043682999999998,0.07220514,-0.02770634999999999,0.1331814,0.016821529999999973,0.11560875000000004,0.004922430000000033,0.1729949500000001,-0.013917780000000046,0.12105524999999995,-0.017477540000000014,0.20022609999999996,-0.011996479999999976,0.09185710000000002,-0.021510749999999967,-0.006843160000000015,-0.019218230000000003,0.001967000000000052,0.0970769824780318,0.02752764249023331
0.09396806000000002,-0.26603337000000005,0.09688642000000003,-0.27129364,0.09781401,-0.28197464000000005,0.07600801000000001,-0.29168194000000003,0.07533086000000005,-0.31614649,0.03903836000000005,-0.26494697,0.01582541000000004,-0.27014247,0.02243709000000005,-0.15745967000000005,-0.012150139999999976,-0.13478047000000004,0.060801680000000025,-0.08395247000000006,0.003992360000000028,-0.013345669999999976,0.010144960000000036,-0.0013624700000000045,-0.01014495999999998,0.0013624700000000045,0.015050010000000003,0.17138936999999999,-0.02787995999999998,0.20302442999999992,4.1160000000040053e-05,0.29474332999999997,-0.03962865999999998,0.29474332999999997,-0.01660127,0.10748729999999995,0.038364589999999976,0.0735072,-0.027975550000000016,0.13536199999999998,0.016142500000000004,0.12143480000000006,0.004905049999999966,0.17275184,-0.015008849999999962,0.12335395999999998,-0.017735,0.20166195999999992,-0.0117487,0.09171890000000005,-0.02321295000000001,-0.0051955000000000195,-0.020289920000000017,0.002724940000000009,0.09688762243526469,0.020400813685782233
0.09670278499999996,-0.26533826499999996,0.099367325,-0.270493265,0.100773905,-0.28116691499999996,0.07762745499999996,-0.290842085,0.07793316499999997,-0.315209485,0.039862485,-0.265220015,0.017321384999999967,-0.26935988499999997,0.023946584999999965,-0.16068856499999995,-0.010520785000000032,-0.13618216500000002,0.06238291499999998,-0.08480296499999995,0.00716323499999999,-0.01665666499999996,0.009892614999999993,-0.0016323050000000006,-0.009892614999999993,0.0016323050000000006,0.015623604999999985,0.169799935,-0.02609794500000001,0.20230923499999998,0.0013954350000000004,0.295327035,-0.03770161500000002,0.295327035,-0.01591590000000004,0.10453145000000003,0.03843633000000002,0.0758856,-0.02784217,0.13317771999999994,0.017684020000000022,0.11952550000000006,0.005730989999999991,0.17143224,-0.014228169999999984,0.1255271,-0.016205330000000018,0.20067692999999998,-0.01160367000000001,0.09301780000000004,-0.022541100000000036,-0.00413986999999999,-0.019785229999999987,0.003264610000000001,0.09834932780108663,0.025007767650939938
0.09810171499999998,-0.26426751500000006,0.101149455,-0.2696578150000001,0.101473855,-0.28026106500000003,0.08005837499999996,-0.28884871500000003,0.07723773499999997,-0.31299351500000006,0.042562854999999955,-0.26233187500000005,0.015957304999999977,-0.26568129500000004,0.02650595499999997,-0.16171845500000004,-0.013423765000000032,-0.13461501500000006,0.06262106499999998,-0.08723291500000008,0.0016585749999999955,-0.018808015000000067,0.011222494999999999,-0.0017432850000000943,-0.011222494999999999,0.0017432849999999833,0.015653415000000004,0.16882643499999994,-0.027161705000000036,0.20193204499999995,0.0001700049999999731,0.29657468499999995,-0.040143965000000004,0.29657468499999995,-0.016056899999999985,0.10061342000000001,0.036115110000000006,0.07448553999999996,-0.02938107000000001,0.13106627999999998,0.015082340000000027,0.115807,0.004430920000000005,0.17056972000000004,-0.01548341000000003,0.12774825,-0.015939210000000037,0.20018875999999997,-0.012982259999999968,0.09464264,-0.026605549999999978,-0.003349419999999992,-0.022444989999999998,0.0034865700000000777,0.09975113952021698,0.024254440748755723
0.09705395,-0.264501905,0.10098582,-0.269842565,0.10016107000000002,-0.28095828500000003,0.08177829000000003,-0.288805545,0.0759744,-0.314453965,0.04347095000000001,-0.260728335,0.015676730000000028,-0.267479665,0.025662300000000027,-0.15859914500000005,-0.015765729999999978,-0.138234085,0.060979450000000046,-0.08457935500000002,-0.0019757799999999826,-0.02404153500000006,0.011504349999999997,-0.0009490850000000162,-0.011504349999999997,0.0009490850000000162,0.01282152000000003,0.17174121499999995,-0.02900391999999996,0.20234621499999994,-0.0013392499999999585,0.296142515,-0.042262969999999955,0.296142515,-0.01780864999999998,0.10212918999999993,0.03531715000000002,0.07401979000000003,-0.031442460000000005,0.12924557999999997,0.013789949999999995,0.11419254999999995,0.0013171700000000341,0.17269029999999996,-0.01416076999999999,0.12440130000000005,-0.017499569999999964,0.20139712999999992,-0.013259049999999994,0.09379630000000005,-0.02779421999999998,-0.00675133,-0.023008699999999993,0.0018981700000000323,0.09716896407949868,0.02674555541074636
0.09901340000000003,-0.26660190500000003,0.10256727000000004,-0.2719995250000001,0.10263251000000001,-0.28289694500000007,0.08222692000000004,-0.292101635,0.07886900000000002,-0.31711615500000007,0.041293689999999994,-0.2650808250000001,0.018476640000000044,-0.27010278500000007,0.02040021000000003,-0.16188753500000008,-0.014915120000000004,-0.1394913350000001,0.06184576000000003,-0.08655382500000008,0.0008045600000000097,-0.026466085000000028,0.009894239999999999,-0.0014176850000000574,-0.009894239999999999,0.0014176849999999463,0.013004139999999997,0.17047815499999996,-0.027924789999999977,0.2023663149999999,-0.001100909999999955,0.29336111499999995,-0.041367339999999975,0.29336111499999995,-0.020893479999999964,0.10319329,0.04144555,0.07533371,-0.03339176000000005,0.13061144999999996,0.015719680000000014,0.11302525000000008,0.0031098999999999988,0.17189584000000002,-0.014105049999999952,0.12288295999999999,-0.01803054999999998,0.20094862999999996,-0.013442549999999998,0.09099480000000004,-0.02281704999999995,-0.005021959999999992,-0.019788479999999997,0.0028353700000000037,0.0997352633946991,0.029865849240443484
0.09849940000000001,-0.26128904999999997,0.10216631000000004,-0.26628126999999996,0.10255645000000002,-0.27766767,0.08229457000000001,-0.28473751999999997,0.08042897000000004,-0.31092771999999996,0.044547420000000004,-0.25855553,0.017723250000000024,-0.2651211,0.02368741000000002,-0.15680499999999997,-0.018605009999999977,-0.13553521000000002,0.06023655,-0.08101455000000002,-0.0031517899999999877,-0.025292749999999975,0.01125847000000002,-0.0008646500000000223,-0.011258469999999965,0.0008646500000000223,0.014158000000000004,0.17235145000000007,-0.029257249999999957,0.20154895000000006,-0.0002589100000000011,0.29693285,-0.04411609,0.29693285,-0.020860009999999984,0.10175053,0.03654913999999998,0.07579044999999995,-0.03632826,0.12958588999999998,0.01545321999999999,0.11024246000000004,0.0028995299999999835,0.1732161000000001,-0.014416910000000005,0.12458139999999995,-0.017998779999999992,0.20068430000000004,-0.01485884000000004,0.09538389999999997,-0.02682416999999998,-0.0065655700000000206,-0.022516939999999985,0.0017293000000000447,0.09393007394065224,0.027384810303933083
0.10128638000000001,-0.26007611,0.10397487999999999,-0.26549190000000006,0.10518278000000003,-0.2758967500000001,0.08207344999999999,-0.28664255000000005,0.08170151000000003,-0.31009015000000006,0.042462500000000014,-0.26321815000000004,0.019716650000000002,-0.26562783000000006,0.020637180000000033,-0.16128585000000006,-0.017920119999999984,-0.1360965500000001,0.06076251999999999,-0.08204079000000009,-0.0022708200000000067,-0.026774150000000052,0.009976150000000017,-0.0018100500000000075,-0.009976149999999961,0.0018100499999998965,0.014035550000000008,0.17098099,-0.028156519999999963,0.20298421,-0.0005825799999999992,0.29627954999999995,-0.04422334,0.29627954999999995,-0.02182531999999998,0.10193229999999998,0.040125339999999954,0.07924505999999998,-0.037636769999999986,0.12953127999999997,0.015649299999999977,0.10932240000000004,0.004059399999999991,0.17279104,-0.014618130000000007,0.12529855999999995,-0.01818037,0.2011741600000001,-0.016066820000000037,0.09329533999999995,-0.022745850000000012,-0.002409680000000025,-0.01995229999999998,0.003620099999999904,0.09495381518782965,0.029604536815307485
0.101629195,-0.25838655000000005,0.10397285499999998,-0.26415707000000005,0.10570794499999997,-0.27393234000000005,0.08160254499999997,-0.28669917000000006,0.083086785,-0.30865800000000004,0.041759694999999986,-0.2648542200000001,0.021712184999999995,-0.26624131000000006,0.017463954999999975,-0.16224877000000004,-0.017586775,-0.1382458700000001,0.06057164500000001,-0.08075927000000005,0.00015038499999997512,-0.029434370000000043,0.008989754999999988,-0.0019409700000000418,-0.008989755000000044,0.0019409699999999308,0.012149305,0.17165522999999994,-0.027450865000000046,0.20293572999999998,-0.0011969250000000153,0.29523652999999994,-0.04106157500000002,0.29523652999999994,-0.02429574000000001,0.10260545000000004,0.04310769000000003,0.08148949999999999,-0.039298959999999994,0.12799543999999996,0.017737159999999974,0.10881150000000006,0.003159550000000011,0.17359619999999998,-0.013346230000000014,0.1235813,-0.018461110000000003,0.20099476000000005,-0.01361070999999997,0.09230079999999996,-0.02004750999999999,-0.0013870899999999797,-0.017979510000000032,0.0038819399999999726,0.09419668672974704,0.032679567306425565
0.10096916999999994,-0.25943257000000003,0.10346424999999998,-0.26486801,0.10544150999999996,-0.27513753,0.08138262999999996,-0.28728201000000003,0.08346464999999997,-0.31053122,0.04258596999999997,-0.2653449,0.020843839999999947,-0.26804605000000004,0.019585159999999935,-0.16106050000000005,-0.01787597000000002,-0.13741925,0.06131498999999996,-0.08121030000000007,0.003180919999999976,-0.02858925000000001,0.009528009999999976,-0.0015962499999999658,-0.009528010000000031,0.0015962499999999658,0.011366009999999982,0.17350370999999998,-0.028551960000000043,0.2034222,-0.002832260000000031,0.29402615,-0.04211181000000003,0.29402615,-0.023000810000000038,0.10428439999999994,0.04172983000000002,0.07985019999999998,-0.038719809999999966,0.13062680000000004,0.021056889999999995,0.10882999999999998,0.0018380000000000063,0.17509995999999994,-0.014198270000000013,0.12052244000000001,-0.01902395000000001,0.20182595000000003,-0.013559849999999984,0.09060394999999999,-0.021742130000000026,-0.002701150000000041,-0.019056020000000007,0.0031924999999999315,0.09497519810415198,0.03275181387335515
0.10120896000000001,-0.2593065,0.10474154000000002,-0.26462385,0.10639799,-0.27540478,0.08347080000000001,-0.2841456,0.08578574,-0.31003332,0.044264919999999985,-0.2630973,0.020815289999999986,-0.26736446999999997,0.023964619999999992,-0.15348169999999994,-0.01640649999999999,-0.13395279999999998,0.06261448000000003,-0.08177290000000004,0.001268339999999979,-0.02894540000000001,0.01032445999999998,-0.0013537999999999606,-0.01032445999999998,0.0013537999999999606,0.008754240000000024,0.17350220000000005,-0.031090459999999986,0.20463697000000003,-0.0021445099999999884,0.2925472,-0.040996389999999994,0.2925472,-0.020300299999999993,0.10961560000000004,0.038649860000000036,0.0717087999999999,-0.03722178999999998,0.13341166999999998,0.01767483999999997,0.10500739999999997,-0.0015702199999999555,0.174856,-0.010898750000000013,0.11904499999999996,-0.020766000000000007,0.20328317000000007,-0.009905930000000007,0.08791022999999998,-0.02344963,-0.004267169999999987,-0.02064891999999996,0.002707599999999921,0.09592433391173699,0.03244124739401981
0.10214363999999998,-0.25883815000000004,0.10590116999999999,-0.2644327,0.10678888999999997,-0.27502442000000005,0.08523647999999995,-0.28345266,0.08567220999999997,-0.30876308,0.04660065999999996,-0.2618741700000001,0.02075474999999999,-0.26590290000000005,0.02547727999999999,-0.15257382000000008,-0.01725672000000006,-0.13214946000000005,0.06254874999999999,-0.08199489000000004,0.0025562299999999927,-0.02798492000000008,0.011198989999999964,-0.0013015800000000244,-0.01119899000000002,0.0013015799999999134,0.008831249999999957,0.1737446199999999,-0.031231790000000037,0.20393397999999996,-0.0014867900000000156,0.29280167999999995,-0.042042890000000055,0.29280167999999995,-0.02112337999999997,0.10930034999999999,0.037071469999999995,0.07057893000000004,-0.03801147000000005,0.13375344,0.01981295000000005,0.10416453999999997,-0.002367740000000007,0.17504619999999993,-0.010318039999999973,0.11905706000000005,-0.020032800000000017,0.20263240000000005,-0.010811100000000018,0.0888677,-0.025845909999999972,-0.00402872999999998,-0.022397979999999984,0.0026031599999999377,0.0956462656396668,0.03235591382573517
0.103026075,-0.2591339449999999,0.10696075499999996,-0.26485454499999994,0.10764254499999998,-0.27535014499999994,0.08650891499999996,-0.2838861449999999,0.08627803499999998,-0.30905121499999993,0.046580384999999946,-0.26136720499999994,0.021431754999999997,-0.26493614499999996,0.023753714999999953,-0.15198970499999997,-0.017543535000000055,-0.13152464499999994,0.06211687499999996,-0.080167345,0.0006566449999999557,-0.026133304999999996,0.010972364999999984,-0.0015369049999999218,-0.01097236500000004,0.0015369050000000328,0.00996321499999997,0.17186569500000004,-0.03147433500000002,0.2037401550000001,-0.0025932850000000562,0.29331725500000005,-0.043181645000000046,0.29331725500000005,-0.022826669999999993,0.10937749999999996,0.03836316000000001,0.07182235999999997,-0.03897529000000005,0.13341150000000002,0.01820018000000001,0.10539133999999994,-0.0010091500000000142,0.17340259999999996,-0.012556500000000026,0.12145156000000001,-0.02050196999999998,0.20220325000000006,-0.011707310000000026,0.08957709999999997,-0.02514862999999995,-0.0035689400000000204,-0.021944730000000023,0.0030738099999999546,0.09380035713009684,0.030014569712461338
0.10256661,-0.25495885000000007,0.10665558000000003,-0.26030607000000006,0.10763661000000002,-0.27100648000000005,0.08697431,-0.28005127,0.08737910999999998,-0.30577965000000007,0.047221349999999995,-0.25962032000000007,0.02259724000000002,-0.26343382000000004,0.02457745,-0.15126650000000008,-0.017620519999999973,-0.13013939000000008,0.06273825,-0.07791100000000006,-0.001155420000000018,-0.022455050000000032,0.010857810000000023,-0.001514450000000056,-0.010857809999999968,0.001514449999999945,0.011283140000000025,0.16961349999999997,-0.031997129999999985,0.20272844999999995,-0.001783289999999993,0.29575474999999996,-0.04594492,0.29575474999999996,-0.022643899999999995,0.10835381999999999,0.038160799999999995,0.07335550000000002,-0.04021775999999999,0.13329442999999996,0.016465099999999955,0.10768434000000005,0.00042533000000000154,0.17112795000000003,-0.013066430000000018,0.12614124999999998,-0.021139320000000017,0.201214,-0.013947790000000015,0.0930263,-0.024624109999999977,-0.0038134999999999697,-0.02171561999999999,0.003028900000000001,0.09234724092519547,0.02585871810361252
0.10386308000000005,-0.25299134500000003,0.10809940000000007,-0.258747045,0.10830622000000006,-0.268893775,0.08902897000000004,-0.279124105,0.08726024000000004,-0.303445045,0.04976725000000004,-0.259047685,0.022753230000000013,-0.261310455,0.026375000000000037,-0.15180242500000007,-0.017639979999999944,-0.12801782500000003,0.06329130000000005,-0.07768822500000006,-0.001109879999999952,-0.019215025000000052,0.011645630000000018,-0.0017202250000000197,-0.011645629999999962,0.0017202250000000197,0.012477950000000015,0.16845607499999993,-0.03130981999999993,0.20117887499999998,-0.00245799999999996,0.296907575,-0.045088749999999955,0.296907575,-0.023392250000000003,0.10724525999999995,0.03691630000000001,0.07411420000000002,-0.04039320999999996,0.13329262999999997,0.016530099999999992,0.10880279999999998,0.0008323199999999975,0.17017629999999995,-0.014935949999999976,0.12845150000000005,-0.01966418999999997,0.19945864999999996,-0.013778930000000023,0.0957287,-0.027014020000000027,-0.0022627699999999695,-0.02329125999999998,0.0034404500000000393,0.09186083090060153,0.02343686669811055
0.10454678,-0.25343060999999995,0.10901567000000001,-0.2593117099999999,0.10850190999999998,-0.26943706999999995,0.09035239,-0.27990996999999995,0.08644795,-0.30413046999999993,0.050675250000000005,-0.25948576999999995,0.02238281999999997,-0.26196772999999995,0.026549790000000018,-0.1517258399999999,-0.017745410000000017,-0.1287440099999999,0.06315061,-0.07885682999999999,-0.002108600000000016,-0.01900160999999989,0.01216807999999997,-0.0017793299999999679,-0.012168080000000026,0.001779330000000079,0.011961280000000019,0.16740153000000002,-0.032886570000000004,0.2018359300000001,-0.0038000499999999993,0.29605513000000006,-0.047404500000000016,0.29605513000000006,-0.024125459999999987,0.10775993000000006,0.03660081999999998,0.0728690099999999,-0.04012822999999999,0.13322372000000005,0.01563681,0.10974240000000002,-0.00020679999999995147,0.16918086,-0.015761330000000018,0.12865360000000003,-0.02071848999999998,0.20005660000000003,-0.014517930000000012,0.09421919999999995,-0.028292430000000035,-0.0024819600000000053,-0.024336159999999996,0.003558660000000047,0.09241298269967757,0.023087672146710654
0.10424726000000001,-0.2532396350000001,0.10906679999999996,-0.25913821500000006,0.10816494999999998,-0.26937386500000005,0.09124015999999996,-0.28004598500000005,0.08653896,-0.30457183500000007,0.051827579999999984,-0.26004788500000003,0.02254383999999998,-0.26328307500000003,0.02657119999999996,-0.15265951500000008,-0.01806424000000001,-0.13082411500000002,0.06281272999999998,-0.07888701500000006,-0.0028459800000000257,-0.020343315000000084,0.012493379999999998,-0.0015027550000000778,-0.012493379999999998,0.0015027549999999668,0.011463899999999971,0.1687928449999999,-0.03349267,0.201782825,-0.004168580000000033,0.29527938499999995,-0.04654923999999999,0.29527938499999995,-0.025256380000000023,0.10738836999999996,0.03624153000000002,0.07377250000000002,-0.04060807999999999,0.13245896000000001,0.015218259999999983,0.11048079999999993,-0.001029480000000027,0.1702956,-0.015632480000000004,0.12648654000000004,-0.020999290000000004,0.20028007000000003,-0.01305656999999999,0.09349655999999995,-0.029283740000000003,-0.003235189999999999,-0.024986759999999997,0.0030055100000000445,0.09230579981870096,0.023881438424117208
0.10430447500000001,-0.252569235,0.10953037500000001,-0.258301355,0.108424725,-0.268911255,0.09246207499999998,-0.279613075,0.08702145500000003,-0.30520720500000004,0.051837365000000024,-0.260022025,0.023221865000000008,-0.264095195,0.026400694999999974,-0.15153957500000004,-0.016900705000000016,-0.12965397499999998,0.06369402499999999,-0.07950354500000001,-0.0020837349999999755,-0.01747161500000005,0.012336355000000021,-0.0014107749999999752,-0.012336355000000021,0.0014107749999999752,0.012536274999999986,0.168804925,-0.03338383499999997,0.202157225,-0.0028550749999999847,0.295271925,-0.04686927499999999,0.295271925,-0.02543667000000005,0.10848244999999995,0.03729333000000001,0.07203603000000003,-0.040122570000000024,0.13444122000000003,0.01481697000000004,0.11218235999999993,0.00019991999999996457,0.17021569999999997,-0.01539134999999997,0.126467,-0.021047479999999952,0.20074645000000002,-0.013485440000000015,0.0931147,-0.028615500000000016,-0.004073170000000015,-0.024672710000000042,0.0028215499999999505,0.09346705833662362,0.021486294910395835
0.105086595,-0.25186406499999997,0.10987499499999998,-0.25785901499999997,0.108384555,-0.268416395,0.09296009500000002,-0.28013979499999997,0.085751095,-0.304571115,0.053066555000000015,-0.257194135,0.023125445000000022,-0.26305373499999996,0.02478152499999997,-0.15368228500000003,-0.01989907499999999,-0.131546665,0.06290486499999998,-0.07856773500000003,-0.002517394999999978,-0.012335334999999947,0.012569924999999982,-0.0008137349999999266,-0.012569924999999982,0.0008137350000000376,0.014330805000000002,0.17125346500000005,-0.03293031499999999,0.20085816499999998,-0.0015185449999999823,0.295926165,-0.048944405000000024,0.295926165,-0.028285030000000044,0.10351184999999996,0.038123340000000006,0.07511455,-0.04302452000000001,0.13150706999999995,0.01738168000000001,0.11921133000000006,0.0017608800000000202,0.17206719999999998,-0.015849349999999984,0.12467269999999997,-0.020360390000000006,0.20004442999999994,-0.016014090000000036,0.09506800000000004,-0.029941109999999993,-0.005859599999999965,-0.025139849999999964,0.0016274699999999642,0.09262446059655957,0.016551477313696192
0.10489852500000002,-0.25489338500000003,0.11047107500000003,-0.26085253500000005,0.108607805,-0.27166368500000004,0.09397939500000002,-0.28023415500000004,0.08689583500000003,-0.30637949500000006,0.05367157500000003,-0.25839927500000004,0.02277455500000003,-0.263662565,0.02800862500000001,-0.15039264500000005,-0.017613484999999984,-0.12868671500000006,0.06374977500000001,-0.08002231500000001,-0.0030602449999999615,-0.014266485000000051,0.013366025000000004,-0.0010057150000000181,-0.013366025000000004,0.001005714999999907,0.013520315000000005,0.16752008499999993,-0.03547199499999998,0.199140785,-0.0011698450000000027,0.29300368499999996,-0.05152847499999996,0.29300368499999996,-0.025662950000000018,0.10800662999999999,0.03574115,0.07037033000000004,-0.040388040000000014,0.13497584999999995,0.014553240000000023,0.11442023000000001,0.00015429000000000137,0.16852579999999995,-0.014690160000000008,0.12548360000000003,-0.022105969999999975,0.19813507000000008,-0.016056479999999984,0.09386289999999997,-0.030897019999999997,-0.005263289999999976,-0.026732050000000007,0.0020114299999999252,0.09371310121654548,0.018424147042628583
0.10412540499999995,-0.25471028,0.10965072499999995,-0.26035698,0.10841849499999995,-0.27145671,0.09283754499999997,-0.27986895,0.08729344499999997,-0.30677568,0.05195572499999995,-0.25882748,0.022474284999999983,-0.26367746000000003,0.026775864999999954,-0.14995497999999996,-0.018380475000000007,-0.12634312000000003,0.06342772499999999,-0.07983908000000006,-0.0029213450000000196,-0.01313308000000002,0.012850525000000002,-0.0011236799999999603,-0.012850525000000002,0.0011236799999999603,0.013303324999999977,0.16742617999999998,-0.03554317500000004,0.19927952000000004,-0.0009722450000000382,0.29264362,-0.051738275,0.29264362,-0.02517986,0.10887250000000004,0.036651860000000036,0.0701158999999999,-0.04085475999999999,0.13733434,0.015459129999999988,0.11321004000000001,0.00045279999999997544,0.16854985999999994,-0.014275570000000015,0.12521744,-0.022692650000000036,0.19815584000000008,-0.016195099999999962,0.09336409999999995,-0.02948143999999997,-0.0048499800000000315,-0.025701050000000003,0.0022473599999999205,0.09356370747784643,0.01737365307498682
0.10403090999999998,-0.25362215000000005,0.10957291000000002,-0.25929055000000006,0.10824206000000003,-0.2704231800000001,0.09266564,-0.2787582600000001,0.08678391000000002,-0.3057484000000001,0.05200412999999998,-0.25759080000000006,0.02157333,-0.26203480000000007,0.027323409999999992,-0.14768995000000007,-0.018214489999999972,-0.12226720000000002,0.06419203000000001,-0.07937915000000006,-0.0017349400000000181,-0.00886600000000004,0.013116210000000017,-0.0012264000000000719,-0.013116210000000017,0.0012263999999999609,0.013622709999999982,0.16807679999999992,-0.035571640000000015,0.19998599999999989,-0.0017219499999999721,0.2934304999999999,-0.05081004,0.2934304999999999,-0.02468071999999999,0.10990085,0.03686862000000002,0.0683108,-0.039787819999999974,0.13976760000000005,0.016479549999999954,0.11340119999999998,0.0005064999999999653,0.1693032,-0.015344659999999954,0.1253537,-0.02245543,0.19875959999999993,-0.015238399999999985,0.09344450000000004,-0.03043079999999998,-0.0044440000000000035,-0.026232420000000034,0.0024528000000000327,0.09336268912812493,0.01521150369203847
0.10425869999999998,-0.25417722,0.1097167,-0.25996558,0.10814419999999997,-0.27098265999999993,0.09268949999999998,-0.27953502999999996,0.0860029,-0.30624693999999997,0.05168009999999995,-0.25780719999999996,0.021370100000000003,-0.26301750999999995,0.026884819999999976,-0.14754177999999996,-0.01839110000000005,-0.12475913999999999,0.06461655999999999,-0.07987433999999993,-0.0017572600000000382,-0.009987279999999932,0.013143999999999989,-0.0011820200000000058,-0.013144000000000045,0.0011820200000000058,0.013817040000000003,0.16834289000000002,-0.03545973000000002,0.20083622,-0.00100958000000001,0.29279792000000004,-0.05161790000000005,0.29279792000000004,-0.024795279999999975,0.11026542,0.037731740000000014,0.06766744000000002,-0.03976120000000005,0.13825836999999996,0.01663384000000001,0.11477186000000006,0.0006730400000000136,0.16952491000000003,-0.014826620000000013,0.12445503000000002,-0.022315729999999978,0.1996542,-0.016158170000000027,0.09196170000000004,-0.030309999999999948,-0.005210309999999996,-0.026288000000000034,0.0023640400000000117,0.09403140783767937,0.01595026991362838
0.10421641000000004,-0.25306415499999996,0.10970694000000003,-0.258888955,0.10748529000000001,-0.26984408499999996,0.09314521000000003,-0.27819147499999997,0.08453995000000003,-0.304554915,0.054005210000000026,-0.255853625,0.020061880000000032,-0.26159689499999994,0.03034442000000004,-0.14651885499999995,-0.01905300999999998,-0.12495115499999998,0.06446701000000005,-0.07888345499999994,-0.0029495099999999885,-0.013469254999999958,0.014224830000000022,-0.0009939049999999616,-0.014224829999999966,0.0009939050000000726,0.013840730000000023,0.168624275,-0.03496706999999999,0.2000606450000001,-0.0013189599999999801,0.29457324500000004,-0.05025890999999999,0.29457324500000004,-0.023660789999999987,0.10933477000000003,0.03412259000000001,0.06763540000000001,-0.03911489000000001,0.13664573999999996,0.016103499999999993,0.11148190000000002,-0.00038409999999999833,0.16961817999999995,-0.015159690000000003,0.12594897000000005,-0.020742240000000023,0.19906674000000002,-0.015291840000000001,0.09451259999999995,-0.033943329999999994,-0.005743269999999967,-0.028449659999999988,0.0019878100000000343,0.0926879638915156,0.018338915951822243
0.10317062999999999,-0.2520247599999999,0.10808864000000001,-0.25752450999999993,0.10647169000000001,-0.26891862999999994,0.09130716,-0.27826919999999994,0.08337661000000002,-0.3047274299999999,0.05354983000000002,-0.25407933999999993,0.017859070000000032,-0.2621212299999999,0.026751760000000013,-0.1483355999999999,-0.026571149999999988,-0.1272452999999999,0.06220861,-0.07838889999999987,-0.0023334299999999697,-0.01963769999999987,0.014246430000000032,-0.00036589999999991907,-0.014246429999999977,0.0003659000000000301,0.014016609999999985,0.17275620000000003,-0.032856109999999994,0.19881946000000006,-0.002196460000000011,0.2961461000000001,-0.048911029999999966,0.2961461000000001,-0.026798070000000007,0.10574374000000003,0.035456849999999984,0.06994670000000003,-0.04443022000000002,0.13487593000000003,0.024237720000000018,0.10760760000000003,-0.0002298200000000472,0.17312209999999995,-0.016213069999999996,0.12338990000000005,-0.018609680000000017,0.19845356000000003,-0.016054919999999973,0.09732664000000002,-0.03569075999999999,-0.008041889999999996,-0.02849286000000001,0.0007317999999999492,0.09158580260800464,0.023282258953116988
0.10273678999999997,-0.25391985,0.10764397999999997,-0.25963113,0.10577423999999996,-0.27087338,0.09114654,-0.27963915,0.0827928,-0.3058287,0.05447597999999998,-0.25359578,0.016610699999999978,-0.26405198,0.026184899999999955,-0.14690755,-0.03204022000000001,-0.13317625,0.06096289999999999,-0.07890174999999999,-0.005797040000000031,-0.02664305,0.014815999999999996,-9.750000000030568e-06,-0.014815999999999996,9.750000000030568e-06,0.013050779999999984,0.17387695000000003,-0.03190379000000004,0.19901195000000005,-0.002792400000000028,0.29452645,-0.048810410000000026,0.29452645,-0.028291080000000024,0.10668823,0.03477800000000003,0.0680058,-0.048650919999999986,0.13087573000000002,0.026243179999999977,0.1065332,-0.0017652200000000118,0.17388670000000006,-0.015843180000000012,0.12064949999999997,-0.017087790000000047,0.19900220000000002,-0.016906619999999983,0.09551449999999995,-0.03786528,-0.010456200000000027,-0.02963199999999999,1.9500000000061135e-05,0.09139739626274916,0.02813740192913342
0.10213101499999999,-0.25533755,0.10699128499999999,-0.26134765000000004,0.10472901499999998,-0.27246478,0.090432285,-0.28143802000000007,0.08110231499999998,-0.30729047000000004,0.05325516499999999,-0.25463695000000003,0.015548994999999954,-0.2663362,0.024341575000000004,-0.14848840000000008,-0.035429685000000044,-0.13930851,0.06026661499999997,-0.08024651000000005,-0.0073214249999999925,-0.03029605000000002,0.014768514999999982,2.008999999991712e-05,-0.014768515000000038,-2.009000000002814e-05,0.012128464999999977,0.17294054999999997,-0.03209096500000003,0.19884324999999992,-0.0010967050000000311,0.29262184999999996,-0.04977828500000003,0.29262184999999996,-0.02891358999999999,0.10614854999999995,0.035925039999999964,0.06824189000000003,-0.05097868,0.12702769000000003,0.02810826000000005,0.10901245999999998,-0.002640050000000005,0.17292046000000005,-0.013225170000000008,0.11968129999999999,-0.01732244999999999,0.19886333999999994,-0.017687320000000006,0.09377860000000005,-0.03770617000000004,-0.011699249999999994,-0.02953703000000002,-4.017999999994526e-05,0.09226485885303241,0.031178404439446545
0.10197931500000001,-0.25770079999999995,0.10632509499999998,-0.26374669999999995,0.10453455500000003,-0.27459307,0.08869880499999999,-0.28439025999999995,0.080676405,-0.30931253999999997,0.05181232499999999,-0.25793193,0.015224155000000017,-0.26912548,0.023792774999999988,-0.15199259999999992,-0.037878575000000025,-0.1441574,0.06077455500000001,-0.08192942999999997,-0.010631844999999973,-0.034774760000000016,0.014284495000000008,-0.00010739999999997973,-0.014284495000000008,0.00010739999999997973,0.011161625000000008,0.17281427000000005,-0.031441685,0.19854020000000006,-0.00023639500000000035,0.2911966,-0.048777605,0.2911966,-0.028019550000000004,0.10593933000000005,0.03698178000000002,0.07006316999999995,-0.05310273000000004,0.12496807999999998,0.027246730000000052,0.10938263999999998,-0.00312287,0.17292167000000003,-0.011398020000000009,0.11838232999999998,-0.01715718999999999,0.19843280000000008,-0.017335920000000005,0.09265639999999997,-0.036588169999999975,-0.011193549999999997,-0.028568990000000016,0.00021479999999995947,0.09410722752331246,0.03507288038197177
0.10224646499999995,-0.26027182000000004,0.10626745499999996,-0.26635168000000004,0.104998765,-0.27705722000000005,0.08784723499999997,-0.28671245,0.08134859499999997,-0.31129677,0.050991134999999965,-0.2601252,0.015372454999999952,-0.27097879,0.023346754999999997,-0.15559405999999998,-0.038630565000000006,-0.14881862,0.06070573499999998,-0.08467937999999997,-0.012527025000000025,-0.038605320000000054,0.013971834999999988,-0.0003657200000000138,-0.013971835000000044,0.0003657200000000138,0.011588184999999973,0.17009293000000003,-0.031012625000000016,0.19809867999999997,2.500499999996686e-05,0.28863858,-0.048877365000000006,0.28863858,-0.02764437999999997,0.10453114000000002,0.037358979999999986,0.07091468000000001,-0.05400301999999996,0.12216017000000001,0.02610353999999998,0.11021329999999996,-0.002383650000000015,0.17045865000000004,-0.011563180000000006,0.11854564999999995,-0.017040789999999972,0.19773295999999996,-0.01786473999999999,0.0905399,-0.035618680000000014,-0.010853590000000024,-0.02794367000000003,0.0007314400000000276,0.09639943294338195,0.03899781320302082
0.10018046000000003,-0.25831323,0.10423244000000004,-0.26410159000000005,0.10349496000000002,-0.2750209,0.0859896,-0.28489403,0.08117800000000003,-0.31011862,0.049479649999999986,-0.25940517,0.015222469999999988,-0.27095315000000003,0.020951969999999986,-0.15343463000000002,-0.03857771999999998,-0.14806673000000004,0.05981006,-0.08333103000000008,-0.012998659999999995,-0.03687677,0.013487860000000018,-0.000327200000000083,-0.013487859999999963,0.00032719999999997196,0.01197098000000002,0.17013851000000002,-0.031040899999999982,0.19875416999999995,-0.0005816699999999786,0.28975006999999997,-0.04739741999999997,0.28975006999999997,-0.02852768,0.10597054,0.03885809000000001,0.07010359999999993,-0.05380018999999997,0.12288642,0.025579059999999987,0.11118996000000003,-0.0015168799999999982,0.1704657100000001,-0.012552649999999999,0.11961155999999995,-0.01755304000000002,0.19842696999999998,-0.016356519999999986,0.09099590000000002,-0.03425718,-0.011547980000000013,-0.02697571999999998,0.0006544000000000549,0.09505462643926858,0.03720718613925136
0.10075144000000003,-0.2563665,0.10399518000000002,-0.26224366,0.10356678000000002,-0.27258325,0.08431865,-0.28246528,0.07949142000000003,-0.30602813,0.04972780999999998,-0.25667087,0.01268878000000001,-0.26656172,0.02243514000000002,-0.1514164,-0.03985275999999999,-0.14419179999999998,0.058974550000000014,-0.08086729999999998,-0.012406250000000008,-0.03111929999999996,0.014483350000000006,-0.0007779999999999454,-0.014483350000000006,0.0007780000000000564,0.012806780000000018,0.16624996000000003,-0.03180549999999999,0.19682739999999999,-0.0024042899999999756,0.29292216000000004,-0.049822350000000015,0.2933599,-0.027292669999999963,0.10525446999999999,0.036539409999999994,0.07054910000000003,-0.05254154,0.12236992000000002,0.02744650999999998,0.11307250000000002,-0.0016765699999999883,0.16702795999999998,-0.015211069999999993,0.1266722,-0.01732214999999998,0.19604939999999993,-0.01801685000000003,0.09653250000000002,-0.03703902999999997,-0.009890850000000007,-0.028966700000000012,0.0015560000000000018,0.09161748114814118,0.03196485713561068
0.09993032000000002,-0.257041975,0.10302308000000004,-0.262833325,0.10292994999999999,-0.273190115,0.08289993000000001,-0.28327140500000003,0.07879250000000004,-0.306816775,0.04789743000000002,-0.257782475,0.012032540000000036,-0.266221105,0.02097850000000001,-0.15117697500000005,-0.03873067999999996,-0.139621875,0.05891240000000003,-0.081371725,-0.009353520000000004,-0.026934974999999972,0.014145669999999999,-0.0010852749999999967,-0.014145669999999999,0.0010852749999999967,0.013065800000000016,0.16636538499999998,-0.03221723999999998,0.19734812499999999,-0.002098500000000003,0.292354125,-0.0494946,0.292990325,-0.026918930000000008,0.10660549999999996,0.03793390000000002,0.06980525000000004,-0.05076322,0.12659923,0.029377159999999958,0.11268690000000003,-0.0010798699999999828,0.16745065999999997,-0.01516430000000002,0.12598874000000004,-0.01807156999999998,0.19626285,-0.01727736000000002,0.09564220000000001,-0.03586488999999998,-0.008438630000000003,-0.028291339999999998,0.0021705499999999933,0.09192374104928173,0.02842708412210085
0.09985297000000004,-0.25768497500000004,0.10299828000000005,-0.263342205,0.10316583000000001,-0.273968015,0.08270966000000002,-0.28311434500000004,0.07959931000000003,-0.307360535,0.047268080000000046,-0.257404005,0.012560230000000006,-0.26578730500000003,0.020451230000000042,-0.15120873499999998,-0.03631991999999995,-0.13794497500000003,0.05951210000000001,-0.08192947500000003,-0.005944139999999987,-0.02571047500000001,0.013778170000000034,-0.0010959249999999976,-0.013778169999999978,0.0010959249999999976,0.013239970000000045,0.166552625,-0.03186089999999997,0.19770988499999997,-0.0027706999999999593,0.29258862499999994,-0.04851486999999999,0.292702225,-0.026816850000000003,0.10619527000000001,0.03906086999999997,0.06927925999999995,-0.048880149999999956,0.12784233,0.030375779999999963,0.11223450000000001,-0.0005381999999999887,0.16764855,-0.016010670000000005,0.12603599999999993,-0.01808272999999999,0.19661395999999998,-0.016653970000000018,0.09499234000000001,-0.03470785000000004,-0.008383300000000038,-0.027556340000000012,0.002191849999999995,0.09287440529471724,0.0279276763623632
0.10007652,-0.25883628,0.10316735999999999,-0.26448068999999996,0.10346763999999997,-0.27497829,0.08261499,-0.28447009,0.07981968,-0.30837259,0.04681175999999998,-0.25955596999999997,0.01285871999999999,-0.26560775,0.02167236,-0.15349842000000002,-0.033525079999999985,-0.13444305,0.06053312999999999,-0.08268434999999996,-0.0004608999999999863,-0.024342949999999974,0.01356634000000001,-0.001544050000000019,-0.01356634000000001,0.001544050000000019,0.01341547999999998,0.16549229,-0.030935040000000025,0.19747369999999997,-0.001883059999999992,0.29193055,-0.04750974000000002,0.29193055,-0.02513939999999998,0.10605754999999994,0.03886076999999999,0.07081407000000006,-0.046383799999999975,0.13116469999999997,0.03306418,0.11010010000000003,-0.00015086000000003041,0.16703634,-0.015298539999999972,0.12643826000000002,-0.017368700000000015,0.19592964999999996,-0.016574699999999998,0.09445685000000004,-0.03395303999999999,-0.006051780000000007,-0.02713268000000002,0.003088100000000038,0.09375301406885055,0.02901532916569447
0.09995206000000001,-0.25906999,0.1030989,-0.26460332000000003,0.10367966,-0.275189,0.08245486000000002,-0.28395976,0.08103079000000002,-0.30809862000000005,0.04752788000000002,-0.2597125,0.013402309999999973,-0.26467396000000004,0.022785390000000016,-0.15592466000000005,-0.030614540000000023,-0.13224192,0.059819489999999975,-0.08284082000000004,0.0022275600000000173,-0.017871780000000004,0.013711419999999974,-0.0015859200000000184,-0.01371142000000003,0.0015859200000000184,0.014620240000000007,0.16398747999999996,-0.03057259000000001,0.19523813,-0.0025128700000000004,0.29096497999999993,-0.046230820000000006,0.29099168,-0.024742490000000006,0.10378783999999996,0.03703409999999996,0.07308384000000001,-0.044016849999999996,0.13243204000000003,0.03284210000000004,0.11437014000000001,0.0009088200000000324,0.16557339999999998,-0.017133110000000007,0.12697749999999997,-0.01686116999999998,0.19365221,-0.015658229999999995,0.09575354999999997,-0.03412557000000005,-0.004961460000000029,-0.027422840000000004,0.003171840000000037,0.09342544028868638,0.02515259773324422
0.10004591999999995,-0.25750834000000006,0.10321450999999998,-0.26307356000000004,0.10384759999999998,-0.27355212000000007,0.08269929999999998,-0.28196385000000007,0.08167371999999995,-0.30590562000000004,0.048984769999999955,-0.25761268000000004,0.013946539999999952,-0.26234618000000004,0.02486717999999999,-0.15430042,-0.027698480000000025,-0.13016692000000007,0.05982843999999998,-0.08241832000000004,0.004725639999999975,-0.013944860000000059,0.01403635999999997,-0.0016493200000000652,-0.014036360000000025,0.0016493199999999542,0.015189179999999969,0.16286177999999996,-0.030693110000000023,0.1953712099999999,-0.0028907600000000477,0.29013108,-0.04453556000000003,0.29188477999999995,-0.024117589999999967,0.10331226000000004,0.034961259999999994,0.07188209999999995,-0.04164501999999998,0.13217925999999997,0.03242412,0.11622206000000002,0.0011528199999999988,0.16451110000000002,-0.018079940000000017,0.12726930000000003,-0.016656749999999998,0.19372188999999995,-0.013842450000000006,0.09651357000000005,-0.035038230000000004,-0.004733500000000002,-0.028072719999999995,0.0032986400000000193,0.09284689521856074,0.024396538563337226
0.10071201499999999,-0.25793517,0.10424865500000002,-0.26360245,0.10419843500000003,-0.27400165,0.08435078499999998,-0.2837264,0.08080278499999999,-0.3076118,0.047801134999999995,-0.25937921,0.014748795000000037,-0.26340223,0.022836875000000034,-0.15477015000000005,-0.02484799500000001,-0.12946795,0.06015400500000001,-0.08407184999999995,0.007305604999999993,-0.012986649999999988,0.013481395000000007,-0.0019524499999999945,-0.013481395000000007,0.0019524499999999945,0.015242385000000025,0.16287198000000003,-0.03076209499999999,0.19767329,-0.003384514999999977,0.28974542000000003,-0.04559953499999997,0.29041275,-0.02496425999999996,0.10460905999999998,0.037317129999999976,0.0706983000000001,-0.03959679000000005,0.13393428000000002,0.032153600000000004,0.11648130000000001,0.0017609900000000178,0.16482443000000002,-0.018626900000000002,0.12687344,-0.017280699999999982,0.19572084,-0.01483743999999998,0.09273946,-0.03305233999999996,-0.004023019999999988,-0.026962790000000014,0.003904899999999989,0.09445596000556075,0.025598360842249247
0.10055719000000002,-0.25668844000000013,0.10417209,-0.2620674300000001,0.10430275,-0.2728033700000001,0.08452345,-0.2820985700000001,0.08139933999999999,-0.3068003000000001,0.048769129999999994,-0.2584541100000001,0.014884489999999972,-0.2631251500000001,0.02521582,-0.15419877000000015,-0.024426310000000007,-0.12909837000000013,0.06035362,-0.08393917000000006,0.006444229999999995,-0.01341667000000013,0.013837949999999988,-0.001783170000000056,-0.013837949999999988,0.001783169999999945,0.01634742,0.16272357999999987,-0.03133358000000003,0.19771132999999985,-0.0028011600000000247,0.2895224299999999,-0.04767667000000003,0.2908451299999999,-0.023553309999999994,0.10425533999999997,0.0351378,0.07025960000000009,-0.03931079999999998,0.13402677999999996,0.030870540000000002,0.1156817,0.0025094700000000136,0.16450674999999992,-0.019148580000000026,0.12679885000000002,-0.01749563000000004,0.1959281599999999,-0.016343090000000005,0.09313380000000004,-0.03388464000000002,-0.00467103999999996,-0.027675899999999976,0.003566340000000001,0.09441035902669209,0.02534564975647698
0.10001857999999997,-0.2562532250000001,0.10329931999999997,-0.26094530500000007,0.10465443000000002,-0.2721958850000001,0.08288812000000001,-0.2810876650000001,0.08269717999999998,-0.30701298500000007,0.04739730999999997,-0.2590315150000001,0.015070529999999971,-0.2638972650000001,0.026782379999999995,-0.15644626500000014,-0.02539311999999999,-0.1285000650000001,0.06101753999999998,-0.08539726500000011,0.005315279999999978,-0.013085465000000074,0.013211550000000016,-0.0013978650000000536,-0.013211550000000016,0.0013978649999999426,0.01543551999999998,0.16502443499999986,-0.031181550000000002,0.19633143499999994,-0.0023095599999999883,0.2911015349999999,-0.04924712000000003,0.2911015349999999,-0.020614929999999976,0.10258524999999996,0.03423515999999999,0.07104900000000003,-0.04046364999999996,0.1353972,0.03070839999999997,0.11541460000000003,0.002223969999999964,0.1664222999999999,-0.01774507999999997,0.12607710000000005,-0.017969999999999986,0.19493357,-0.01806557000000003,0.09477009999999997,-0.03232678,-0.004865750000000002,-0.026423100000000033,0.0027957299999999963,0.09665046239020332,0.02351617055852845
0.09969740999999999,-0.25694308000000005,0.10310626,-0.26176930000000004,0.10430485,-0.27309400000000006,0.08303356,-0.28100428000000005,0.08251070999999999,-0.30725825000000007,0.04776724999999998,-0.25732729000000004,0.014329910000000001,-0.26386670000000007,0.025632689999999958,-0.15404485,-0.029188309999999995,-0.12952985000000006,0.06032338999999998,-0.08617415000000006,0.0025460399999999717,-0.013862110000000039,0.013510140000000004,-0.0011484500000000786,-0.013510140000000004,0.0011484499999999676,0.014391449999999972,0.16709385,-0.032081510000000035,0.1981267499999999,-0.0024554100000000467,0.29006924999999995,-0.050630449999999994,0.29006924999999995,-0.022134560000000025,0.10328244000000003,0.03469070000000002,0.06787069999999995,-0.043518219999999996,0.13433685,0.03173434999999997,0.11566774000000002,0.0008813099999999685,0.16824230000000007,-0.01684686000000002,0.12297539999999996,-0.01857137000000003,0.19697829999999994,-0.018548939999999958,0.09194250000000004,-0.03343733999999998,-0.006539410000000023,-0.027020280000000008,0.002296900000000046,0.0970610634397362,0.021979941485499897
0.09871357499999994,-0.25890193999999994,0.10214997499999995,-0.2639352299999999,0.10324417499999994,-0.2751160999999999,0.08218544499999997,-0.28376827999999993,0.08156144499999995,-0.3096586999999999,0.047268004999999946,-0.26017035999999993,0.012265894999999971,-0.2667902999999999,0.023391424999999966,-0.15525389999999994,-0.036208825000000056,-0.13259853999999993,0.05953910499999998,-0.08807416999999995,-0.00018282500000005308,-0.01804865999999994,0.01387482499999998,-0.0014828999999999537,-0.013874825000000035,0.0014829000000000647,0.014033194999999943,0.16395660000000012,-0.03216344500000007,0.19689730000000005,-0.0029187250000000664,0.2872235000000001,-0.05080664500000004,0.2872235000000001,-0.02387657999999998,0.10491645999999999,0.036147680000000015,0.06717973,-0.04847472000000003,0.13419176,0.036026,0.11454987999999999,0.00015836999999996326,0.16543950000000007,-0.01695192000000001,0.12326689999999996,-0.018288620000000033,0.1954144,-0.01864319999999997,0.09032620000000002,-0.035002109999999975,-0.006619939999999991,-0.027749650000000015,0.0029658000000000184,0.0978942005847706,0.02385272940427572
0.09964473499999998,-0.25922086999999994,0.10319735499999999,-0.26429951999999995,0.103871985,-0.27562943999999995,0.08340262500000001,-0.28359391999999994,0.08155571499999997,-0.30983521999999997,0.048949085,-0.25923701999999993,0.010800525000000005,-0.26751822,0.024373315000000007,-0.15479882,-0.041413085000000016,-0.13629479,0.05940905499999999,-0.08945494999999992,-0.002273145000000032,-0.02236961999999998,0.014858745000000007,-0.0014634799999999615,-0.014858745000000007,0.0014634800000000725,0.01364742499999999,0.16223561000000009,-0.03280414500000001,0.19703805000000008,-0.0035447949999999895,0.28638428000000005,-0.053180585,0.28638428000000005,-0.024575769999999997,0.10443819999999993,0.03503573999999998,0.06534387000000008,-0.05221361000000002,0.13122342999999997,0.039139939999999984,0.11392517000000002,-0.0012113200000000157,0.16369909000000005,-0.01719221999999998,0.12414866999999996,-0.0179454,0.19557457,-0.020376439999999996,0.08934622999999997,-0.03814856,-0.008281200000000044,-0.029717490000000013,0.002926960000000034,0.09862671501097961,0.026952068250321752
0.09994710499999998,-0.26158014999999996,0.10401810499999997,-0.26659201,0.10493990499999994,-0.27855943,0.08464522499999999,-0.28652875,0.08408890499999999,-0.31454638999999995,0.04751020499999997,-0.26252387,0.012603384999999967,-0.27236177,0.019724084999999947,-0.15697286999999993,-0.04291009500000004,-0.14046157000000004,0.05908335499999995,-0.08850687000000002,-0.005985875000000029,-0.02439530000000001,0.013724224999999979,-0.0010535299999999692,-0.013724225000000034,0.0010535299999999692,0.01420840499999998,0.16645443000000004,-0.03259099500000001,0.19829673000000003,-0.0005346650000000452,0.28285353,-0.04976742500000003,0.28285353,-0.027786120000000025,0.10555100000000006,0.03935927,0.06846599999999992,-0.055513480000000004,0.13190019999999997,0.03692422000000001,0.11606627000000003,0.0004841800000000007,0.16750796,-0.014743070000000025,0.11639909999999998,-0.018866769999999977,0.19724320000000006,-0.01717643000000002,0.08455679999999999,-0.034906820000000005,-0.00983790000000001,-0.027448450000000013,0.0021070599999999384,0.09851668565026182,0.026599342268022325
0.09805116499999994,-0.25992115999999993,0.10229116499999996,-0.26470611999999993,0.10305315499999995,-0.27682411999999995,0.08324185499999998,-0.28422446999999995,0.08204722499999995,-0.31267483999999995,0.04640573499999995,-0.26092491999999995,0.010634634999999948,-0.26997648999999996,0.020488024999999965,-0.15761687999999996,-0.044574855000000024,-0.13734205999999993,0.058169904999999966,-0.08913298999999997,-0.009985835000000054,-0.021197579999999938,0.013970284999999971,-0.0011304799999999338,-0.013970285000000027,0.0011304800000000448,0.013928114999999963,0.16600408,-0.03317019500000007,0.19771538,-0.00036138500000004736,0.28452728000000005,-0.051330835000000075,0.28452728000000005,-0.025917709999999983,0.10330803999999999,0.03768188,0.06848388999999999,-0.05520948999999997,0.13263443000000003,0.03458901999999997,0.11614448,-4.2170000000008034e-05,0.16713455999999993,-0.01428950000000001,0.11852320000000005,-0.019199910000000042,0.19658489999999995,-0.018160640000000006,0.08681190000000005,-0.0357711,-0.009051570000000009,-0.027940569999999998,0.0022609599999999785,0.09847866862648227,0.022680787137268826
0.097206925,-0.2600700049999999,0.10106526500000002,-0.2647689949999999,0.10240612500000001,-0.2767031549999999,0.081043125,-0.2836130649999999,0.08145819500000001,-0.31158233499999993,0.04483480499999998,-0.2604268549999999,0.010501284999999971,-0.2675098549999999,0.021001565,-0.1587908349999999,-0.04185430499999998,-0.13513968499999995,0.05759729499999999,-0.08947167499999986,-0.01572937499999999,-0.019850334999999886,0.013538194999999975,-0.001376234999999948,-0.013538194999999975,0.001376235000000059,0.014765574999999975,0.16417261500000013,-0.033596175000000006,0.1970289650000001,-0.0013146749999999874,0.2846085650000001,-0.051504415000000026,0.2846085650000001,-0.023833239999999978,0.10163602,0.03659572999999999,0.06931916000000005,-0.05235558999999995,0.13237016999999995,0.02612492999999999,0.11528935000000007,0.0012273800000000001,0.16554885000000008,-0.016080249999999963,0.12043594999999996,-0.02005798000000003,0.19565273000000005,-0.01790824000000002,0.08757959999999998,-0.034333520000000006,-0.007083000000000006,-0.02707638999999995,0.002752470000000007,0.09849878599050643,0.02133936605799942
0.09693221999999996,-0.259292635,0.10077561999999995,-0.263860525,0.10246813999999999,-0.27598464500000003,0.08028725999999997,-0.282171095,0.08155343999999998,-0.310782225,0.04373378,-0.259121175,0.00995646,-0.265568495,0.020168759999999952,-0.15733519500000004,-0.04033893000000005,-0.131619245,0.05696246999999999,-0.08803734500000004,-0.017215150000000012,-0.01541903499999997,0.01337851999999995,-0.0015667350000000413,-0.013378520000000005,0.0015667350000000413,0.014858279999999946,0.16276976499999996,-0.03471603000000001,0.19744953499999995,-0.002794180000000035,0.285023005,-0.051509040000000006,0.285023005,-0.023565020000000048,0.10178597999999994,0.036793710000000035,0.06929785,-0.05029539000000005,0.13394925000000002,0.023123780000000038,0.11620021000000003,0.0014797599999999966,0.1643365,-0.01765245999999998,0.12225324000000004,-0.021337510000000004,0.1958827999999999,-0.016793009999999997,0.08757347000000004,-0.03377732,-0.006447320000000034,-0.026757039999999954,0.0031334700000000826,0.09683350190597573,0.017413676011968304
0.09836956000000002,-0.262274605,0.10186495000000001,-0.26698759499999997,0.10425510000000004,-0.279010805,0.08030595000000001,-0.285275825,0.08384682000000004,-0.313511665,0.04410400000000003,-0.262451765,0.011242300000000038,-0.267060015,0.019864550000000036,-0.16008219499999998,-0.03563211999999999,-0.12929136499999994,0.056594100000000036,-0.091078365,-0.008826899999999971,-0.011619425000000017,0.013240530000000028,-0.0018232649999999628,-0.013240529999999973,0.0018232650000000739,0.01516010000000001,0.16331949499999998,-0.035411899999999996,0.19775143500000003,-0.0027746999999999633,0.280744635,-0.04844436999999996,0.280744635,-0.024239449999999996,0.10236957000000002,0.03672955,0.06900382999999999,-0.04687442000000003,0.13776865000000005,0.02680522000000002,0.11767193999999992,0.0019195699999999816,0.16514275999999994,-0.017934799999999973,0.11742514000000004,-0.022171370000000024,0.19592816999999996,-0.013032469999999963,0.08299319999999999,-0.032861699999999994,-0.00460824999999998,-0.02648106,0.0036465300000000367,0.09922703718117813,0.014148711751004133
0.09891113999999995,-0.2656649,0.10232569999999996,-0.27035111,0.10498209999999997,-0.28220428999999997,0.08047923999999995,-0.28809323,0.08473857999999995,-0.31587001,0.04456599999999994,-0.26469999,0.012117539999999982,-0.26724393999999996,0.022158299999999964,-0.16172536999999998,-0.031714440000000066,-0.12547876999999996,0.05802505999999996,-0.09330077000000003,-0.005243100000000056,-0.008747300000000013,0.013259079999999979,-0.002021770000000034,-0.013259080000000034,0.002021770000000034,0.015843569999999974,0.16365682999999998,-0.036084200000000066,0.19778733000000004,-0.0016254500000000283,0.27794633,-0.048746850000000064,0.27794633,-0.022407699999999975,0.10297462000000002,0.03586676,0.06842459999999995,-0.04383198000000005,0.14176517,0.02647134000000001,0.11673146999999995,0.002584489999999995,0.1656786,-0.017469020000000002,0.11428950000000004,-0.022825120000000032,0.19576556,-0.012662649999999998,0.08015899999999998,-0.03244845999999996,-0.0025439499999999615,-0.026518160000000013,0.004043540000000068,0.101665376635118,0.013424932179541937
0.10072144500000002,-0.2692967050000001,0.10398438500000001,-0.27412694500000007,0.106765265,-0.28578847500000004,0.08148312499999999,-0.29224777500000004,0.08607029500000002,-0.3194217750000001,0.04605826499999999,-0.26922809500000006,0.013042325000000021,-0.26925670500000004,0.02638744500000001,-0.164535015,-0.02651363499999998,-0.12224857500000008,0.059635565,-0.09668293500000003,-0.00038469499999999046,-0.00666507500000002,0.013590215000000017,-0.0022697750000000294,-0.013590215000000017,0.0022697749999999184,0.01597746499999997,0.164074155,-0.03667775499999998,0.19782262499999992,-0.0006793150000000137,0.27310112499999994,-0.04650903500000003,0.27310112499999994,-0.019670819999999978,0.10469308000000005,0.03324811999999999,0.06785207999999998,-0.03955596,0.14700812999999996,0.02612893999999999,0.11558350000000006,0.002387249999999952,0.16634393000000003,-0.016656779999999982,0.10902696999999995,-0.023087539999999962,0.19555285,-0.009831280000000053,0.07527850000000003,-0.033015939999999966,-2.860999999998448e-05,-0.027180430000000033,0.004539549999999948,0.10504293901927962,0.015944193394239158
0.10064069000000003,-0.268348935,0.10394824000000003,-0.273291625,0.10654974,-0.284548615,0.08172046,-0.291542085,0.08566702000000004,-0.317769205,0.04681981000000002,-0.269043005,0.013199779999999994,-0.266816735,0.02958611,-0.16516616500000003,-0.024137259999999994,-0.11781943500000003,0.06064332,-0.09803373500000001,0.0013441600000000387,-0.0024701649999999686,0.013848780000000005,-0.002628335000000037,-0.013848780000000005,0.002628335000000037,0.016871130000000012,0.16388383500000003,-0.036001499999999964,0.19866478499999995,0.000246380000000046,0.274321135,-0.04644297999999997,0.274321135,-0.01723370000000002,0.10387683999999997,0.031057210000000002,0.06713243000000002,-0.03733703999999999,0.1489973,0.025481420000000032,0.11534927000000006,0.003022350000000007,0.16651217000000007,-0.016624749999999966,0.11043729999999996,-0.02215271999999996,0.19603644999999992,-0.010441480000000003,0.07565635000000004,-0.03362003000000002,0.0022262699999999747,-0.02769756000000001,0.005256670000000074,0.10626344302238468,0.016025608509307888
0.10223175500000004,-0.27100682,0.105590715,-0.27628016999999994,0.10794366500000002,-0.28712299999999996,0.08307425500000004,-0.29497751999999994,0.08666031500000004,-0.32004081999999995,0.04714871500000001,-0.27339659999999993,0.014397535000000017,-0.26710427,0.030701175000000025,-0.1720838,-0.020871594999999965,-0.11556719999999998,0.061655685000000016,-0.10323193999999991,0.005471785000000007,-0.0018439599999999778,0.013596995,-0.003394039999999987,-0.013596995,0.003394039999999987,0.017782335000000038,0.1610431,-0.034036664999999966,0.19724163000000006,0.0005464749999999907,0.27134630000000004,-0.043872014999999986,0.27134630000000004,-0.016447539999999983,0.10131279999999993,0.03095450999999999,0.0688518600000001,-0.03526912999999998,0.15153707,0.026343379999999972,0.11372324,0.004185340000000037,0.16443713999999998,-0.017235860000000047,0.11030320000000005,-0.020439669999999965,0.19384759000000007,-0.00983535000000002,0.07410466999999998,-0.03275117999999999,0.006292329999999957,-0.02719399,0.006788079999999974,0.11080272542192311,0.019775110990545665
0.10166249999999999,-0.26867212999999995,0.10516453999999997,-0.27403846,0.10692051999999996,-0.28490413,0.08285931999999996,-0.29215338999999996,0.08487377999999995,-0.3172577,0.04832219999999998,-0.2706666,0.012568579999999996,-0.26395922999999993,0.034149929999999995,-0.16988917999999997,-0.019834530000000017,-0.11136542999999999,0.061856549999999955,-0.10231842999999996,0.004739299999999946,0.00400157000000001,0.014681499999999958,-0.003422170000000002,-0.014681500000000014,0.003422170000000002,0.018179279999999964,0.16263457000000003,-0.03550087000000002,0.19950127000000006,0.0005677199999999938,0.27333227000000004,-0.04442200000000002,0.27333227000000004,-0.014172269999999987,0.10077742,0.02770661999999996,0.06757075000000001,-0.03240311000000001,0.15259379999999995,0.024573829999999963,0.115367,0.003497780000000006,0.16605674000000004,-0.01761155999999997,0.11069770000000001,-0.020819370000000004,0.19607910000000006,-0.00892113,0.07383099999999998,-0.035753619999999986,0.006707370000000046,-0.029362999999999972,0.006844340000000004,0.10957169152883463,0.019429440985267655
0.10180909999999999,-0.270718355,0.10539134,-0.27596119500000005,0.10732486000000002,-0.287194495,0.08292849000000002,-0.29446241500000003,0.08519913000000001,-0.32050317500000003,0.04639880000000002,-0.272945155,0.012736560000000008,-0.26656305500000005,0.03136684000000001,-0.17140505500000003,-0.01997600999999999,-0.11242792499999998,0.06171586000000001,-0.10458785500000001,0.005131410000000003,0.001991944999999995,0.014024780000000014,-0.0034880950000000244,-0.014024780000000014,0.0034880950000000244,0.018896760000000012,0.16104074499999999,-0.03527733999999999,0.198271305,0.0014665899999999898,0.270456045,-0.044635460000000016,0.270456045,-0.015031960000000011,0.10154009999999997,0.030349020000000004,0.06681720000000002,-0.032712569999999996,0.15413513000000006,0.02510741999999999,0.11441986999999998,0.004871979999999998,0.16452884,-0.017430170000000023,0.1094153,-0.021252559999999976,0.19478320999999998,-0.009358120000000025,0.07218473999999997,-0.03366224000000001,0.006382099999999946,-0.02804956000000003,0.006976190000000049,0.11178372235537694,0.019214527840636646
0.10132307000000002,-0.2703071099999999,0.10549885000000003,-0.2758636299999999,0.10649309000000001,-0.2868244199999999,0.08415690000000003,-0.29599354999999994,0.08391580000000004,-0.32139731999999993,0.04610095000000003,-0.2760664299999999,0.012097750000000018,-0.26722826999999993,0.028893410000000008,-0.17368556999999996,-0.02232191,-0.10981310999999994,0.06094361000000004,-0.10533426999999995,0.005345409999999995,0.002040430000000093,0.014073310000000006,-0.004091929999999966,-0.014073310000000006,0.004091930000000077,0.01810377000000002,0.1599624300000001,-0.03528812999999997,0.1988395300000001,0.0011105900000000224,0.26979773000000007,-0.04413581,0.26979773000000007,-0.01720754000000002,0.10238085999999996,0.03205020000000003,0.0683513,-0.03441966000000002,0.15741516,0.027667319999999995,0.11185354000000003,0.0040304600000000135,0.16405436000000007,-0.016993179999999997,0.10983529999999997,-0.021214819999999968,0.19474760000000002,-0.008847680000000024,0.07095819999999997,-0.03400320000000001,0.008838159999999984,-0.02814662000000001,0.008183860000000043,0.11156539082872251,0.019526785160092278
0.09808975999999997,-0.26395826,0.10226744999999998,-0.26878925000000004,0.10376736999999997,-0.28040273,0.08151990999999997,-0.28828765,0.08294674999999996,-0.31523593,0.04715210999999997,-0.27090023,0.009070549999999955,-0.26457964,0.03219202999999998,-0.171458,-0.028858790000000023,-0.11014950000000001,0.05942538999999997,-0.10372435000000002,0.0013030099999999933,0.005560600000000027,0.015385189999999993,-0.0037873999999999963,-0.015385190000000049,0.0037873999999999963,0.019721569999999966,0.15850580000000003,-0.035420770000000046,0.19880540000000002,0.0013123499999999622,0.2750047,-0.04870983000000001,0.2750047,-0.014960079999999987,0.09944223000000002,0.027233359999999984,0.06773364999999998,-0.03792933999999998,0.15443014,0.030161800000000016,0.11571010000000004,0.004336379999999973,0.16229320000000003,-0.018409220000000004,0.11649889999999996,-0.020035579999999997,0.19501800000000002,-0.013289059999999964,0.07619929999999997,-0.038081560000000014,0.006320590000000015,-0.03077038000000004,0.007574799999999993,0.10921049945560408,0.016782141027890378
0.09950523999999994,-0.26632352,0.10332261999999998,-0.27137297,0.10473611999999993,-0.28272627999999994,0.08124508999999996,-0.2918108,0.08163788999999994,-0.31789031999999995,0.04462921999999997,-0.27464118,0.008320059999999962,-0.26524716,0.03080011999999993,-0.17430961999999994,-0.027227550000000045,-0.10724422,0.06043233999999997,-0.10587565999999993,0.0027291399999999633,0.005489880000000058,0.01483091999999997,-0.0044484200000000085,-0.014830920000000025,0.0044484200000000085,0.01886778999999994,0.15813748000000005,-0.03581751000000005,0.19970478000000003,0.0014519999999999533,0.27282638000000003,-0.047825700000000027,0.27282638000000003,-0.013829100000000039,0.10033156000000004,0.029632220000000042,0.06843396000000002,-0.03554761000000001,0.15800293999999998,0.029956690000000008,0.11273410000000006,0.00403686999999997,0.16258590000000006,-0.017415789999999987,0.11468889999999998,-0.020986590000000027,0.19525636000000002,-0.012008189999999974,0.07312160000000001,-0.03630916000000001,0.009394020000000003,-0.029661839999999995,0.008896840000000017,0.11120689960624738,0.017590916580303588
0.09813196000000002,-0.26930182999999996,0.10131939000000001,-0.27445568,0.10370209000000002,-0.28542403,0.07817805,-0.29542535999999997,0.08125764000000002,-0.32045495999999996,0.042231620000000025,-0.27848417999999997,0.008708570000000027,-0.26711321,0.02909577000000002,-0.17543597999999994,-0.02501492999999999,-0.10617863999999999,0.05970413000000002,-0.10573392999999998,0.0048275600000000085,0.004724720000000016,0.01392990999999999,-0.004811879999999991,-0.01392990999999999,0.004811879999999991,0.01772480999999998,0.15804309000000005,-0.03648035999999999,0.20051527000000002,0.001359290000000013,0.26977682000000003,-0.04689558999999999,0.26977682000000003,-0.013135850000000004,0.10304820000000003,0.03060836,0.06970204999999996,-0.03372350000000002,0.16093457,0.02984249,0.11090336,0.00379489999999999,0.16285497000000004,-0.016365519999999967,0.11173372999999998,-0.02255045,0.19570339000000003,-0.010415229999999998,0.06926155,-0.03352305,0.01137096999999998,-0.02785981999999998,0.009623759999999981,0.11081759514089312,0.018757672501312626
0.09931304499999999,-0.26771769999999995,0.102228755,-0.2730718,0.104722235,-0.2837975999999999,0.078523275,-0.29305246999999995,0.081938925,-0.3173279299999999,0.04253953499999996,-0.27517372999999995,0.009543444999999984,-0.2626298799999999,0.02842256500000001,-0.17322234999999997,-0.024178595000000025,-0.10129639999999995,0.05904790500000001,-0.10317774999999996,0.005915585000000001,0.007997350000000014,0.013771264999999977,-0.004867349999999937,-0.013771265000000033,0.004867350000000048,0.017954374999999967,0.15878355,-0.03612521499999999,0.1996758500000001,0.0013113650000000088,0.27254065000000005,-0.04725691500000001,0.27254065000000005,-0.014116969999999951,0.10195137999999998,0.03062534,0.07004460000000001,-0.03372204000000001,0.16133347999999997,0.030094180000000026,0.10929374999999997,0.00418310999999999,0.16365089999999993,-0.016643009999999958,0.11375710000000006,-0.022353949999999956,0.19480850000000005,-0.011131700000000022,0.07286479999999995,-0.03299608999999998,0.012543850000000023,-0.02754253000000001,0.009734699999999985,0.10823543263575754,0.019934115554057098
0.09781927500000004,-0.2699993,0.10010411500000005,-0.27521337,0.10395409500000002,-0.28585617,0.07521567500000004,-0.29459686,0.08297017500000003,-0.3185659,0.04145689500000005,-0.2773255,0.00941924500000002,-0.26384754,0.029054175000000015,-0.17630069999999998,-0.02413259499999998,-0.10232845999999995,0.05967574500000006,-0.10599504000000004,0.007398355000000023,0.006162699999999965,0.013372825000000033,-0.00500440000000002,-0.013372824999999977,0.00500440000000002,0.017124475000000028,0.1576786,-0.03602942499999995,0.19879480000000005,0.00018950500000003423,0.2708083,-0.046126524999999974,0.2708083,-0.012402720000000034,0.10102480000000003,0.030621570000000042,0.07030565999999994,-0.03355184,0.16151908000000004,0.03153095,0.10849115999999992,0.0037516499999999953,0.16268300000000002,-0.016934969999999994,0.1131297,-0.02265659999999997,0.19379040000000003,-0.010097100000000025,0.07201349999999995,-0.03203765000000003,0.013477960000000011,-0.02674565000000001,0.01000880000000004,0.11109936889170886,0.020803451095488937
0.09826027500000001,-0.27379081,0.09996895499999997,-0.27926606000000004,0.10381569499999999,-0.28953141000000004,0.07369217499999997,-0.29726374,0.08064790500000002,-0.32014589000000004,0.038971915000000024,-0.27672163,0.00799681499999999,-0.26283119,0.02697812500000002,-0.17642509000000006,-0.024408684999999986,-0.10403769000000007,0.058528205,-0.10614409000000002,0.00597257499999998,0.005348479999999989,0.012904095000000004,-0.005195049999999979,-0.012904095000000004,0.005195049999999979,0.015161794999999978,0.15813880999999996,-0.03551600500000002,0.19957470999999993,-0.0003509950000000206,0.26981941,-0.044710625000000004,0.26981941,-0.011993790000000004,0.10029653999999993,0.03155007999999998,0.07028100000000004,-0.032405499999999976,0.15879349999999992,0.030381259999999966,0.10938617000000006,0.0022576999999999736,0.16333385999999994,-0.015512789999999999,0.11168060000000002,-0.022611910000000013,0.19437965999999995,-0.009194619999999987,0.07024470000000005,-0.030975100000000033,0.013890440000000004,-0.02580819000000001,0.010390099999999958,0.11078026940847231,0.018877293530954044
0.09837378499999999,-0.27436735999999995,0.09943373499999997,-0.2800388999999999,0.104009615,-0.28991835999999993,0.07186768500000001,-0.29726084999999997,0.08085925499999996,-0.31905147999999994,0.037555055000000004,-0.27575271999999995,0.007992814999999986,-0.26090517999999996,0.025137114999999988,-0.17479179999999994,-0.026421505000000012,-0.1028521,0.057422535,-0.10403659999999992,0.002679604999999974,0.005712660000000036,0.012364614999999968,-0.005479899999999982,-0.012364615000000023,0.005479900000000093,0.014919475000000015,0.15678146000000004,-0.034981684999999985,0.1991392700000001,0.00042717500000000186,0.26977530000000005,-0.044225614999999996,0.26977530000000005,-0.012417940000000016,0.10096092000000001,0.03228542000000001,0.07075520000000002,-0.03441432,0.15805307999999996,0.029101109999999986,0.10856476000000004,0.0025548600000000476,0.16226136000000002,-0.014492300000000014,0.11299384000000001,-0.02261706999999996,0.19365937,-0.009243930000000011,0.07063602999999996,-0.029562240000000017,0.014847539999999992,-0.02472922999999999,0.010959800000000075,0.10836807311019418,0.015046020491345872
0.09904234000000006,-0.27595957,0.09988120000000006,-0.28171834,0.10430403000000005,-0.29162107,0.07187672000000006,-0.29798984,0.08040126000000003,-0.3197523,0.03842030000000002,-0.27448534,0.007501770000000019,-0.26147034,0.024662200000000023,-0.17315066999999995,-0.02619163999999996,-0.10574667000000004,0.055974400000000035,-0.10122777000000005,-0.0010036699999999565,0.006257990000000047,0.01281340000000003,-0.004898469999999988,-0.012813399999999975,0.004898469999999988,0.014308050000000017,0.15920102999999997,-0.035841949999999956,0.19883693000000002,-0.002440299999999951,0.27026043,-0.04395581999999998,0.27026043,-0.013758099999999995,0.10133467000000007,0.03131220000000001,0.0719228999999999,-0.03369340999999998,0.15572366999999998,0.025187970000000004,0.11200466000000009,0.0014946499999999863,0.16409949999999995,-0.016748349999999967,0.11105940000000003,-0.02302854999999998,0.19393846000000003,-0.008113870000000023,0.07142349999999997,-0.03091853,0.013014999999999999,-0.025626800000000005,0.009796939999999976,0.10555664810654994,0.011887725489062261
0.09753273499999998,-0.27835417000000007,0.09847401499999997,-0.28395822000000004,0.10309855499999998,-0.29404175000000005,0.070481615,-0.29940793000000004,0.08075397499999998,-0.32183996000000004,0.03816001499999999,-0.27463522000000007,0.008125775000000002,-0.26499049,0.02340447499999998,-0.17283659000000007,-0.024728425,-0.11343949000000009,0.05530037499999996,-0.10178894000000005,-0.003706165000000039,0.004263209999999962,0.01243497499999996,-0.004016160000000046,-0.012434975000000015,0.004016159999999935,0.01279713499999996,0.16231580999999995,-0.03576807500000001,0.19866454999999994,-0.004787454999999996,0.26729720999999995,-0.040271475,0.26729720999999995,-0.014755540000000011,0.10179863,0.03189589999999998,0.07104765000000002,-0.0328542,0.15155099999999994,0.02102225999999996,0.11770270000000005,0.00036216000000000026,0.16633197,-0.017584589999999956,0.1049814,-0.023333099999999996,0.19464839,-0.004503399999999991,0.06863266000000001,-0.03003423999999999,0.009644730000000046,-0.024869949999999974,0.008032319999999982,0.10675654090540963,0.008732305406855602
0.09788739999999996,-0.27961217,0.09880640999999996,-0.28519042,0.10322105999999998,-0.29529669999999997,0.07062509999999994,-0.29970543,0.08002942999999996,-0.32215007,0.03884285999999998,-0.27369325,0.00719877999999996,-0.26412438,0.026397459999999984,-0.17362619999999995,-0.023291200000000012,-0.11484399999999995,0.056743359999999965,-0.10147346999999995,-0.005154040000000026,0.005632799999999993,0.012846559999999951,-0.004157999999999995,-0.012846560000000007,0.004157999999999995,0.013329259999999954,0.16042577000000002,-0.03474682000000001,0.19858710000000002,-0.004050070000000017,0.2684689,-0.036639120000000025,0.2684689,-0.012445399999999995,0.10006705000000005,0.03034589999999998,0.07215273,-0.030489979999999972,0.14928038000000005,0.018137159999999986,0.12047679999999994,0.00048270000000000257,0.16458377000000002,-0.01737932999999997,0.10804312999999999,-0.021900260000000005,0.19442910000000002,-0.0018923000000000134,0.0698818,-0.03164408000000002,0.009568870000000007,-0.025693119999999958,0.00831599999999999,0.10675780885518817,0.007832617633358576
0.0981611,-0.27907547,0.09991096999999999,-0.2849126,0.10337927000000002,-0.29477608,0.07313330000000001,-0.2979467,0.07983898,-0.32111904,0.03992970000000001,-0.27257505000000004,0.006385099999999977,-0.26251548,0.03221583,-0.16504660000000004,-0.02142537,-0.10978900000000003,0.05843490000000001,-0.09974044000000004,-0.0030912200000000056,0.009099540000000017,0.013825900000000002,-0.00471850000000007,-0.013825900000000002,0.004718499999999959,0.014652749999999992,0.15734000000000004,-0.03387752999999999,0.19909619999999995,0.0009088999999999903,0.2698676,-0.037409899999999996,0.2698676,-0.0077138700000000116,0.10752845,0.02621907000000001,0.06530616,-0.027810469999999976,0.15272648,0.018334149999999994,0.11888854000000004,0.0008268499999999901,0.1620585000000001,-0.013743850000000002,0.11252759999999995,-0.020051629999999987,0.1943777,-0.003532370000000007,0.07077140000000004,-0.033544600000000036,0.010059570000000018,-0.027651800000000004,0.009437000000000029,0.10497205324448787,0.011594260053319505
0.09869259000000002,-0.278204425,0.10050978999999999,-0.28403879499999996,0.10357951999999998,-0.29394117499999994,0.07397928999999998,-0.296598895,0.07951675000000002,-0.31974767499999995,0.041464029999999985,-0.27127973499999997,0.005895199999999989,-0.26065592499999996,0.03470009000000002,-0.16436601499999992,-0.01993138,-0.10724372500000001,0.05824685000000002,-0.09786747499999993,0.0009436500000000181,0.008686764999999985,0.01461220000000002,-0.004858024999999988,-0.01461220000000002,0.004858024999999988,0.016101890000000008,0.15737538500000003,-0.03285020999999999,0.199469675,0.0008310999999999735,0.27115242500000003,-0.03831688,0.27115242500000003,-0.006763939999999968,0.10691372000000005,0.02354676,0.06649854,-0.025826579999999988,0.15341219999999994,0.020875030000000017,0.11593049,0.001489689999999988,0.16223341000000002,-0.015270790000000034,0.11377704,-0.01823800999999997,0.19461165000000002,-0.005466670000000007,0.07168275000000002,-0.035568829999999996,0.010623810000000011,-0.02922440000000004,0.009716049999999976,0.10273626657575692,0.01602010359548593
0.09755194499999997,-0.277370045,0.099593765,-0.282948385,0.103805425,-0.29321275500000005,0.07329497499999998,-0.295943565,0.08246788499999996,-0.32072822500000003,0.03772462500000001,-0.270101225,0.009032164999999981,-0.263667745,0.02826632499999998,-0.15488132500000007,-0.01848211500000002,-0.11025752500000008,0.05623144499999999,-0.08736592500000007,0.001501085000000013,0.007978214999999955,0.01243567499999998,-0.004481475000000068,-0.012435675000000035,0.004481474999999957,0.018431544999999994,0.14901651500000002,-0.031119795000000006,0.19383414499999996,0.005002744999999975,0.272271175,-0.037325675,0.272271175,-0.00945830000000003,0.11521989999999993,0.02796512000000001,0.0675154,-0.027514280000000002,0.15341021999999993,0.019983200000000034,0.11823574000000003,0.005995870000000014,0.15349799000000008,-0.013428800000000018,0.12325465999999996,-0.01868411999999997,0.18935267,-0.006205879999999997,0.07843703000000002,-0.02869246000000003,0.006433479999999991,-0.024871350000000014,0.008962950000000025,0.09374380791121834,0.01436873237015713
0.09695119500000005,-0.27413697,0.09929224500000006,-0.27915621999999995,0.10333436500000004,-0.28999155,0.07384064500000004,-0.29239918,0.08187752500000006,-0.31869715,0.03851443500000007,-0.26640194999999994,0.008180435000000041,-0.26250555,0.030200655000000076,-0.15116757999999997,-0.01891714499999997,-0.11046574999999992,0.05593246500000004,-0.08329749999999991,0.0026728550000000295,0.007100690000000021,0.012683745000000024,-0.004103250000000003,-0.012683744999999969,0.004103250000000003,0.018690295000000023,0.14877445,-0.028831364999999942,0.19311509999999998,0.003421965000000027,0.27537005000000003,-0.03540602499999995,0.27537005000000003,-0.008313779999999993,0.11523436999999997,0.025731809999999966,0.06787008000000005,-0.02709758000000001,0.15203980000000006,0.021589999999999998,0.11756643999999994,0.006006549999999999,0.1528777,-0.015268329999999997,0.12659560000000003,-0.016147619999999974,0.18901184999999998,-0.00657466000000001,0.08225495000000005,-0.030334000000000028,0.0038963999999999666,-0.025367489999999993,0.008206500000000005,0.09023403468038481,0.01564639926991511
0.09656591000000003,-0.27659343000000003,0.09928296000000003,-0.28153265000000005,0.10276399000000003,-0.29279212000000004,0.07449446000000004,-0.29460383000000007,0.08105361,-0.32214759000000004,0.037753950000000036,-0.26667599000000003,0.008837560000000022,-0.26640780000000003,0.029191440000000013,-0.15127875000000002,-0.016487949999999973,-0.1169872500000001,0.05606411,-0.08339435000000006,0.0046080400000000354,0.002590319999999924,0.012090990000000024,-0.003128050000000049,-0.012090989999999968,0.003128049999999938,0.016989750000000026,0.15373231999999992,-0.027013889999999985,0.19294358999999994,0.002605650000000015,0.27308924999999995,-0.03239886999999997,0.27308924999999995,-0.008562510000000023,0.11539724000000001,0.026872669999999987,0.06788439999999996,-0.025325509999999996,0.14942054999999993,0.02109599000000001,0.11957757000000002,0.004898760000000002,0.15686036999999997,-0.01438410000000001,0.11935693000000003,-0.014922900000000017,0.18981554,-0.005384979999999984,0.08014566000000001,-0.028916390000000014,0.0002681900000000015,-0.024181979999999992,0.006256099999999987,0.09152220603888654,0.016707685551679508
0.09628321000000001,-0.27388400499999993,0.09908022999999999,-0.27839947499999995,0.10220328000000001,-0.2898266749999999,0.07463862999999998,-0.2913412549999999,0.07999870999999997,-0.3190977649999999,0.039853609999999984,-0.2646249949999999,0.008028529999999978,-0.26416451499999993,0.035653979999999974,-0.15387423499999997,-0.014665519999999987,-0.11662733499999989,0.05722281000000001,-0.08336667499999995,0.006295349999999977,0.0031559650000000383,0.012770210000000004,-0.0026916649999999542,-0.012770210000000004,0.0026916650000000653,0.014777309999999988,0.15708066500000006,-0.025509749999999998,0.19224061500000011,7.241000000002273e-05,0.27620466500000007,-0.03025717,0.27620466500000007,-0.00419963000000001,0.11075075999999995,0.02156883000000004,0.07050756000000002,-0.022694049999999966,0.14753718000000005,0.020960869999999965,0.11978329999999993,0.002007099999999984,0.15977233000000002,-0.014704899999999965,0.11912400000000001,-0.012739539999999994,0.18954895000000005,-0.004747420000000002,0.08396404999999996,-0.031825080000000006,0.00046047999999998535,-0.025540420000000008,0.0053833300000000195,0.09211129618705893,0.01907121266735808
0.09572282999999998,-0.27327836999999994,0.09856727999999998,-0.27834297999999996,0.10062883,-0.28908492999999996,0.07478139,-0.29158234999999993,0.07710096999999999,-0.3174811799999999,0.03878060999999999,-0.2640231699999999,0.008270630000000001,-0.2620133499999999,0.03440251,-0.1534099499999999,-0.015792870000000014,-0.11501149999999993,0.056552239999999976,-0.07676641999999989,0.005815539999999952,0.003135250000000034,0.012219509999999989,-0.002837149999999955,-0.012219510000000045,0.002837150000000066,0.013149009999999961,0.16051585000000002,-0.022251690000000046,0.1934672500000001,0.0007170099999999624,0.27749635000000006,-0.03074061,0.27749635000000006,-0.004378099999999996,0.11061322000000001,0.02214972999999998,0.07664353000000002,-0.024063500000000015,0.14700185,0.021608409999999967,0.11814674999999997,0.000929499999999972,0.16335299999999997,-0.012431999999999999,0.11698050000000004,-0.010032180000000002,0.19063010000000002,-0.008488919999999955,0.08402909999999997,-0.030509979999999992,0.0020098199999999955,-0.024439020000000033,0.005674300000000021,0.08620283006946923,0.018037513468116936
0.09662490999999995,-0.2716250149999999,0.09924463999999994,-0.2767038949999999,0.10147689999999998,-0.2872972549999999,0.07503738999999998,-0.2893959849999999,0.07805036999999998,-0.31471562499999994,0.03936295999999995,-0.26181897499999995,0.008913479999999974,-0.2589457049999999,0.035242459999999975,-0.15209735499999988,-0.016605020000000026,-0.11213325499999993,0.057161139999999944,-0.07464325499999991,0.004817419999999961,0.007448915000000111,0.011890889999999987,-0.003240284999999954,-0.011890890000000043,0.003240285000000065,0.013737109999999941,0.15469484500000008,-0.017796280000000053,0.1899494450000001,-0.0007046200000000447,0.28064024500000007,-0.02737823000000006,0.28064024500000007,-0.004120499999999971,0.10972162000000008,0.021918679999999968,0.07745409999999997,-0.0255185,0.14681244999999998,0.021422439999999987,0.11958217000000004,0.001846219999999954,0.15793513000000003,-0.014441729999999986,0.12594539999999999,-0.00590539000000001,0.18670916000000004,-0.009581950000000006,0.09069079999999996,-0.030449479999999973,0.002873270000000039,-0.02378178000000003,0.006480570000000019,0.0845445424606662,0.0172302115347723
0.09750223000000002,-0.272960385,0.1004835,-0.27859115500000003,0.10110330000000001,-0.28874966500000004,0.07708087000000002,-0.29220408500000006,0.07527964999999998,-0.31615981500000007,0.03979325,-0.26392110500000004,0.007985149999999996,-0.259287835,0.03377941000000001,-0.15720908500000008,-0.019139850000000014,-0.11392118500000004,0.05686855000000002,-0.07939438500000007,0.003395580000000009,0.005418115000000001,0.012179349999999978,-0.0036299150000000946,-0.012179349999999978,0.0036299149999999836,0.01221829000000002,0.160940215,-0.015886310000000015,0.19597901499999992,-0.0029316300000000184,0.27960491499999995,-0.026517249999999992,0.27960491499999995,-0.0060138399999999925,0.10671201999999996,0.023089140000000008,0.07781470000000001,-0.02712500000000001,0.14536665,0.022535430000000023,0.11933930000000004,3.894000000004283e-05,0.1645701300000001,-0.015149920000000039,0.11866469999999996,-0.003706960000000037,0.19234909999999994,-0.010630939999999978,0.08362590000000003,-0.031808100000000006,0.004633270000000023,-0.024358699999999955,0.007259830000000078,0.08796237554216518,0.01567724796464289
0.09700583000000002,-0.27354091999999997,0.09969668000000004,-0.27847693,0.10071342,-0.28934536,0.07583960000000001,-0.29493579999999997,0.07438283000000001,-0.3192484,0.03775340000000005,-0.2678296,0.007323999999999997,-0.26145799999999997,0.02974876000000004,-0.16838505999999998,-0.02380663999999999,-0.11285840000000003,0.05511545000000001,-0.0815302,0.0034964000000000106,0.005596200000000051,0.01096885000000003,-0.0035813000000000095,-0.010968849999999974,0.0035813000000000095,0.009548600000000018,0.1656031,-0.011757199999999968,0.19687180000000004,-0.009576959999999968,0.2787815,-0.02533339999999995,0.2787815,-0.008004640000000007,0.09944454000000003,0.02536668999999997,0.08685485999999998,-0.031130639999999987,0.14859959999999994,0.02730304,0.11845460000000008,-0.0014202500000000118,0.1691844,-0.019125559999999986,0.11317840000000001,-0.0007883499999999932,0.19329050000000003,-0.013576199999999983,0.08190969999999997,-0.03042940000000005,0.006371600000000033,-0.021937700000000004,0.007162600000000019,0.08958210369694382,0.014604906010395949
0.09730126,-0.27358583,0.10088590999999997,-0.27940372999999996,0.10068370999999998,-0.28996393,0.07784305999999996,-0.29382395,0.07422591,-0.31863143,0.03496013999999997,-0.26553984999999997,0.008069649999999984,-0.25973987,0.022679809999999967,-0.15737420000000002,-0.023078370000000015,-0.10891698999999999,0.05297200999999996,-0.07969908999999997,0.005357669999999981,0.0032504700000000053,0.01017726999999996,-0.004006630000000011,-0.010177270000000016,0.004006630000000011,0.010575730000000005,0.16610847000000006,-0.009167270000000005,0.19843871000000002,-0.005570660000000005,0.27844537,-0.022073640000000005,0.27844537,-0.012280330000000006,0.10816564999999995,0.03029219999999999,0.07767511000000005,-0.03114802,0.15082288,0.028436039999999996,0.11216746,0.0003984600000000449,0.17011510000000007,-0.01614639000000001,0.11233689999999996,0.0010100000000000109,0.19443208,-0.01290637,0.08000666000000001,-0.02689048999999999,0.005799979999999982,-0.020354539999999977,0.008013260000000022,0.08695250584381795,0.015553332078664042
0.09577043999999996,-0.274703915,0.09954508000000001,-0.280855815,0.09831278999999998,-0.291147835,0.07738731999999998,-0.295456015,0.07116676,-0.319421865,0.03544451999999998,-0.265529915,0.005582589999999998,-0.260174715,0.020784460000000005,-0.155361615,-0.028706080000000023,-0.10924035500000007,0.05002911999999998,-0.07554771500000002,0.0008495599999999714,0.00206374499999995,0.010919159999999983,-0.004067414999999963,-0.010919160000000039,0.004067414999999963,0.01105716000000001,0.165673085,-0.00653303999999999,0.19759688499999994,-0.00812537000000002,0.277099785,-0.0206422,0.277099785,-0.014660059999999975,0.1101683,0.029244659999999978,0.0798139,-0.03428867000000002,0.15093435999999993,0.029555639999999994,0.11130410000000002,0.000138000000000027,0.16974049999999996,-0.01918253000000003,0.11142669999999999,0.004386120000000049,0.19352946999999998,-0.01410916000000001,0.07950290000000004,-0.02986192999999998,0.005355200000000004,-0.021838320000000022,0.008134829999999926,0.08148019550351857,0.011938067846485892
0.09252517999999998,-0.2736353349999999,0.09635585000000002,-0.2788991049999999,0.09607146999999999,-0.2902289049999999,0.07416023999999999,-0.2931977249999999,0.07032102000000001,-0.31993944499999993,0.03222829999999999,-0.2632766649999999,0.0023353999999999875,-0.2616643349999999,0.01719989999999999,-0.15153903499999988,-0.036190900000000026,-0.10982323499999991,0.04924145000000002,-0.07652726499999996,-0.0011675999999999909,0.00254499500000005,0.010617600000000005,-0.0037037649999999145,-0.010617600000000005,0.0037037650000000255,0.011295400000000011,0.16523033500000006,-0.005035379999999978,0.19682579500000008,-0.010291400000000006,0.2770284350000001,-0.021183920000000023,0.2770284350000001,-0.015028399999999997,0.11173763000000003,0.03204155000000003,0.07501176999999992,-0.03852630000000001,0.1518411,0.035023300000000035,0.11236822999999996,0.0006778000000000062,0.16893409999999998,-0.021586800000000017,0.11179810000000001,0.005582220000000027,0.19312203000000006,-0.016148540000000045,0.08020263999999999,-0.0298929,0.0016123299999999952,-0.02123520000000001,0.00740752999999994,0.08243217782560708,0.009520779795421182
0.09245502500000002,-0.273854705,0.09634077499999999,-0.27945318499999994,0.095288455,-0.290620925,0.074511345,-0.29371232499999994,0.06852677499999998,-0.31997797499999997,0.033965945,-0.26261535499999994,0.00017255500000001867,-0.26259255499999995,0.017903235000000017,-0.148342765,-0.03981897499999998,-0.11172152499999999,0.04869201500000003,-0.07301582499999992,-0.0034280449999999907,0.0008102750000000825,0.011862454999999994,-0.0034665749999999163,-0.011862454999999994,0.0034665750000000273,0.012262794999999993,0.16732827500000003,-0.0044718950000000035,0.19770337500000001,-0.008071824999999977,0.27630397500000003,-0.018180784999999977,0.27630397500000003,-0.01606270999999998,0.11427258999999995,0.030788780000000016,0.07532694000000006,-0.03999153,0.15087102999999996,0.03639092999999999,0.11253180000000007,0.00040033999999999903,0.17079484999999994,-0.02033461999999997,0.10897570000000001,0.0073905599999999905,0.1942368,-0.013708889999999974,0.07860060000000002,-0.03379338999999998,2.2799999999989495e-05,-0.023724909999999988,0.0069331499999999435,0.07869888604901663,0.008842805083122648
0.08974209499999997,-0.26948907499999997,0.09409389499999998,-0.27467353499999997,0.09302434499999995,-0.28634489499999993,0.07306909499999997,-0.28952039499999993,0.066961145,-0.31731245499999994,0.03280535499999998,-0.26041762499999993,-0.002620385000000003,-0.26075447499999993,0.016476784999999994,-0.149036575,-0.043370185000000006,-0.10955457499999999,0.046484214999999995,-0.07665057499999994,-0.007878215000000022,0.008114025000000025,0.012375264999999969,-0.0034719249999999313,-0.012375265000000024,0.0034719250000000423,0.013297444999999963,0.17200962500000005,-0.006135725000000036,0.202856425,-0.009534785000000046,0.27939032500000005,-0.019208484999999997,0.27939032500000005,-0.016328569999999987,0.11138104999999993,0.03000743,0.07238600000000006,-0.0407498,0.15119989999999994,0.035491969999999984,0.11766860000000001,0.0009221799999999947,0.17548155,-0.02283223000000001,0.1073807,0.006239539999999988,0.19938449999999996,-0.013072759999999961,0.07653390000000004,-0.03542573999999998,-0.00033684999999999965,-0.024750529999999993,0.006943849999999974,0.08073744661509308,0.006463168813554219
0.087984815,-0.2665866900000001,0.09234925500000002,-0.2714188100000001,0.09148011499999997,-0.2834098900000001,0.07142874500000002,-0.2864677700000001,0.06567299500000001,-0.3151904300000001,0.030714314999999992,-0.2574508700000001,-0.004179984999999997,-0.2594043700000001,0.014404945000000002,-0.1449510100000001,-0.04697230499999999,-0.10897507000000006,0.04407304499999998,-0.06830772000000007,-0.013648455000000004,0.011544499999999847,0.011909634999999974,-0.0033619700000000474,-0.01190963500000003,0.0033619699999999364,0.015655815000000017,0.1691117299999999,-0.0013749350000000216,0.19988682999999985,-0.01149562500000001,0.2815308299999999,-0.01771292499999999,0.2815308299999999,-0.01630936999999999,0.11249986000000001,0.029668099999999975,0.07664329000000003,-0.042792319999999995,0.15042930000000004,0.03332384999999999,0.12051956999999991,0.0037461800000000434,0.17247369999999995,-0.027151440000000027,0.1124191,0.010534700000000008,0.1965248599999999,-0.01633798999999997,0.08164400000000005,-0.03489429999999999,-0.001953499999999997,-0.023819270000000003,0.006723939999999984,0.07247368754169063,0.008365243104255753
0.08663217500000003,-0.2680309800000001,0.09165237500000001,-0.27294053000000007,0.09033064500000004,-0.28533788000000004,0.07108264500000006,-0.28812493000000006,0.06479824500000003,-0.3178624300000001,0.027705265000000034,-0.26085846000000007,-0.005751554999999964,-0.26022110000000004,0.008769975000000041,-0.15116580000000002,-0.04944320499999999,-0.10870120000000005,0.039598275000000016,-0.06515650000000006,-0.016224724999999995,0.011227799999999899,0.011468815000000021,-0.004146900000000064,-0.011468814999999966,0.004146899999999953,0.016782925000000004,0.17088459999999994,-0.0008403849999999435,0.20447243999999998,-0.010531884999999963,0.27915139999999994,-0.01668260499999996,0.27915139999999994,-0.018935289999999994,0.10969266000000005,0.030828299999999975,0.08600929999999996,-0.043691650000000026,0.15151989999999999,0.033218479999999995,0.11992899999999995,0.005314109999999983,0.1750315,-0.027314809999999967,0.1082668,0.010628430000000022,0.20032554000000002,-0.015842220000000018,0.07467895999999996,-0.03345682,0.0006373600000000312,-0.022937629999999987,0.008293800000000018,0.06718212420020372,0.00852981973655361
0.08589341,-0.2678158849999999,0.09149069000000004,-0.2723237149999999,0.08983041000000003,-0.28527781499999993,0.07222081000000002,-0.2872844149999999,0.06501773000000005,-0.3187482649999999,0.02936778000000001,-0.2595279549999999,-0.0058760299999999765,-0.26187014499999994,0.012429910000000044,-0.1482527549999999,-0.049043789999999976,-0.10938498499999993,0.040784750000000036,-0.06843341499999989,-0.020239409999999958,0.00987633500000007,0.012223570000000017,-0.003421214999999922,-0.012223569999999961,0.003421215000000033,0.020745940000000018,0.17308762500000008,-0.0003691299999999953,0.20423582500000004,-0.006444659999999991,0.2792514850000001,-0.018138969999999977,0.2792514850000001,-0.016937869999999966,0.11127520000000002,0.028354839999999992,0.07981934000000002,-0.04316776,0.15248516,0.02880438000000002,0.11926132,0.008522370000000001,0.17650884,-0.02719060000000001,0.10616386,0.011854439999999966,0.20081461,-0.01776983999999998,0.07501566000000004,-0.03524380999999999,-0.0023421900000000218,-0.02444713999999998,0.006842429999999955,0.07100934552460259,0.01029185430911264
0.08715370999999994,-0.26808964999999996,0.09207262999999999,-0.2726615499999999,0.09063294999999999,-0.28507580999999993,0.07173347999999996,-0.28717850999999994,0.06503439999999994,-0.31704431999999994,0.029855649999999956,-0.2587178299999999,-0.004791970000000034,-0.26081468999999996,0.01589855999999995,-0.15025290999999996,-0.047890120000000036,-0.11375304999999991,0.04197122999999997,-0.07128734999999997,-0.027306310000000056,0.0058192500000000535,0.01206742999999999,-0.0032772099999999194,-0.012067430000000046,0.0032772100000000304,0.02328777999999998,0.17252252,0.0024170699999999656,0.2026410500000001,-0.004439170000000048,0.27981505000000007,-0.018390270000000042,0.27981505000000007,-0.013957090000000005,0.10846491999999996,0.02607267000000002,0.07896555999999999,-0.04309815,0.14706164000000005,0.02058380999999998,0.11957229999999996,0.01122034999999999,0.17579972999999993,-0.027726950000000028,0.10729253000000005,0.014484500000000011,0.19936384000000007,-0.020807340000000007,0.07717399999999996,-0.03464761999999999,-0.0020968600000000337,-0.024134860000000036,0.00655441999999995,0.07429412087951244,0.01544944759582039
0.08509262000000001,-0.27098711999999997,0.09021594999999999,-0.27509347999999995,0.08899838999999998,-0.2881221199999999,0.07008219999999998,-0.28875396999999997,0.06382224999999997,-0.32038105999999994,0.02862087999999996,-0.25911644999999994,-0.006149810000000033,-0.26388041999999995,0.016416549999999974,-0.15012051999999998,-0.046292410000000006,-0.11673106,0.04294027,-0.0735449199999999,-0.03131668000000004,0.013371930000000032,0.01207674999999997,-0.0027120799999998946,-0.012076750000000025,0.0027120800000000056,0.022868169999999965,0.1723573100000001,0.0007044499999999676,0.20187568,-0.0046782300000000054,0.27674978000000006,-0.017321450000000016,0.27674978000000006,-0.012204329999999985,0.10899592999999996,0.02652372000000003,0.07657560000000008,-0.04014259999999997,0.14714935999999995,0.014975729999999965,0.13010299000000003,0.010791419999999996,0.17506939,-0.02754639999999997,0.10439246999999996,0.012781199999999993,0.1991636,-0.018025899999999984,0.07487410000000005,-0.03477068999999999,-0.004763970000000006,-0.024153499999999994,0.0054241599999999,0.0772647920417573,0.021995620210110037
0.08470440000000001,-0.2737551800000001,0.09020707,-0.2779985000000001,0.08846209000000005,-0.29115213000000006,0.07021389,-0.2915089900000001,0.06251213,-0.32355833000000006,0.026191390000000037,-0.26080068000000006,-0.006287749999999981,-0.2653865700000001,0.01255259000000003,-0.15216903000000004,-0.04624097999999999,-0.11899523000000012,0.041841850000000014,-0.07224633000000014,-0.036014909999999956,0.0147165199999999,0.011117350000000026,-0.0027800300000000444,-0.01111734999999997,0.0027800299999999334,0.020019050000000038,0.17266792999999991,0.0008790200000000081,0.2031731699999999,-0.008372119999999983,0.2755149699999999,-0.016625429999999997,0.2755149699999999,-0.013638800000000006,0.10863165000000002,0.029289259999999984,0.0799226999999999,-0.039953230000000006,0.14639133999999998,0.010226070000000032,0.13371175000000002,0.008901700000000012,0.17544795999999996,-0.02839117000000002,0.10284704,0.011996369999999978,0.20039313999999997,-0.017504450000000005,0.07234180000000001,-0.03247914000000002,-0.004585890000000037,-0.022234699999999996,0.005560059999999978,0.07595763118963106,0.02761101750160067
0.08170362999999997,-0.27700163,0.08637886,-0.28079949,0.08546920999999996,-0.29390213,0.06544502999999996,-0.29785344999999996,0.058023029999999975,-0.32849847,0.02052613999999997,-0.26856599999999997,-0.007926980000000028,-0.26906452999999997,0.007347820000000005,-0.16581603,-0.05012727,-0.11893958999999998,0.04124449999999996,-0.07875438000000001,-0.04171077000000001,0.02036760999999998,0.009614860000000003,-0.0033275299999999675,-0.009614860000000003,0.0033275299999999675,0.01602243999999997,0.17361547,-0.003693500000000016,0.20568677000000002,-0.011206340000000037,0.27311717,-0.025348700000000002,0.27311717,-0.013178319999999966,0.10274996999999997,0.03389667999999996,0.08706164999999999,-0.042200289999999974,0.15012493999999998,0.008416499999999993,0.13930719999999996,0.006407579999999968,0.17694299999999996,-0.027228780000000008,0.09950170000000003,0.005921359999999987,0.20235924000000005,-0.021655199999999986,0.0674304,-0.02845312,-0.000498529999999997,-0.019229720000000006,0.006655059999999935,0.08179024286216605,0.03633884650253088
0.07956789999999997,-0.278316745,0.08405812999999995,-0.281822095,0.08359243999999999,-0.294952165,0.06296412999999995,-0.29930869499999996,0.05608465999999995,-0.330094405,0.01774589999999998,-0.27024302499999997,-0.008873600000000037,-0.27072815499999997,0.00745125999999996,-0.16767642500000002,-0.05071298000000002,-0.12130506499999993,0.04145319999999997,-0.07986642499999996,-0.04494274000000004,0.01988417500000006,0.008973699999999973,-0.0032781250000000206,-0.008973700000000029,0.0032781250000000206,0.013808479999999956,0.17182117500000005,-0.005558600000000025,0.20421611500000003,-0.01243407000000002,0.27201627500000003,-0.029229980000000044,0.27201627500000003,-0.010294640000000022,0.10256659999999995,0.03400194000000001,0.08781000000000005,-0.04183937999999998,0.14942309000000004,0.005770239999999982,0.14118924,0.004834779999999983,0.17509930000000007,-0.026242549999999976,0.10019509999999998,0.0034151000000000042,0.20093799,-0.02367138000000002,0.06780016,-0.026619500000000018,-0.0004851300000000003,-0.017947400000000002,0.006556250000000041,0.08319065823240006,0.03961732872272059
0.07819965000000001,-0.2798203799999999,0.08251255000000002,-0.2833961599999999,0.08251264000000003,-0.2962552299999999,0.06111281000000002,-0.30117389999999994,0.05612081000000002,-0.3313597399999999,0.016968450000000024,-0.27234682999999993,-0.008435340000000013,-0.27250417999999993,0.0070700100000000154,-0.16831119999999988,-0.04972085999999998,-0.12265252999999987,0.042533540000000036,-0.08160449999999997,-0.04488257000000001,0.018342850000000133,0.008455610000000002,-0.0031926599999999583,-0.008455610000000002,0.0031926600000000693,0.011226310000000017,0.17116034000000013,-0.007482739999999988,0.20295834000000013,-0.012879890000000005,0.2701568000000001,-0.026738859999999975,0.2701568000000001,-0.009898440000000008,0.10403563000000005,0.03546353000000002,0.08670669999999991,-0.041285519999999964,0.14985165000000006,0.004838289999999967,0.14099538,0.002770700000000015,0.1743530000000001,-0.024106200000000022,0.09899645999999995,0.0009728700000000146,0.19976568000000006,-0.019256119999999988,0.06719845999999996,-0.025403790000000037,-0.00015735000000000054,-0.016911220000000005,0.006385320000000028,0.0854969120218415,0.03945189059953531
0.07701928499999999,-0.2797583999999999,0.08158574499999999,-0.28315487999999994,0.08169124499999997,-0.2963012499999999,0.06040912500000001,-0.30125996999999993,0.055641324999999964,-0.33227339999999994,0.015556124999999976,-0.27270611999999994,-0.00890667500000003,-0.27269494999999994,0.00546766500000001,-0.16653785999999993,-0.049841475000000024,-0.11989685999999988,0.04134399499999997,-0.08091828999999995,-0.04482509500000004,0.02073728000000008,0.00808962499999999,-0.0032704799999999645,-0.00808962499999999,0.0032704800000000755,0.009462904999999966,0.17083468000000013,-0.009858745000000002,0.20370728000000005,-0.014324625000000035,0.2700249800000001,-0.028150604999999995,0.2700249800000001,-0.010088459999999966,0.10616826000000001,0.035876329999999956,0.08561956999999998,-0.04093479999999999,0.15279809000000005,0.005016379999999987,0.14063413999999996,0.0013732799999999767,0.1741051600000001,-0.02378753,0.09919029999999995,-0.001769120000000013,0.20043679999999997,-0.018291859999999993,0.06631770000000003,-0.024462800000000007,1.1170000000004787e-05,-0.01617924999999998,0.00654096000000004,0.08446913946461747,0.04067657628612447
0.07990828,-0.280847165,0.08470913999999996,-0.28534481500000003,0.08429324999999999,-0.29759499500000003,0.06358090999999999,-0.299932425,0.05963113999999997,-0.329727325,0.019378369999999978,-0.26985466500000005,-0.006449890000000014,-0.26951539500000005,0.008996669999999984,-0.15695839499999997,-0.047238590000000025,-0.11651054500000002,0.04339930999999997,-0.07762469500000002,-0.03741422,0.016905454999999958,0.00885876999999996,-0.003549844999999996,-0.008858770000000016,0.003549844999999996,0.011494789999999977,0.16735340499999996,-0.007401190000000002,0.20007080499999996,-0.008710410000000002,0.269783405,-0.024012770000000017,0.269783405,-0.010381699999999994,0.11289627000000008,0.034402639999999984,0.07933369999999995,-0.04078870000000001,0.15300485000000003,0.009824370000000027,0.13341599999999998,0.0026360200000000167,0.17090324999999995,-0.02020519999999998,0.10243000000000002,0.0014575800000000139,0.19652095999999997,-0.016611580000000015,0.06971260000000001,-0.025828259999999992,0.0003392700000000026,-0.017717539999999976,0.007099689999999992,0.08173207635937131,0.031524372209048
0.07851981999999996,-0.28218278499999994,0.08305329,-0.2869817049999999,0.08209094,-0.2989889049999999,0.06253349999999996,-0.30415820499999996,0.05633919999999998,-0.3320780649999999,0.017639159999999987,-0.27226227499999994,-0.006226480000000034,-0.2710544749999999,0.002406739999999963,-0.15968140499999994,-0.05421948000000004,-0.11620990499999995,0.04125121999999998,-0.07140560499999993,-0.04001108000000003,0.01628239500000006,0.007993099999999975,-0.0036415449999999128,-0.00799310000000003,0.003641545000000024,0.008877389999999985,0.16891819500000005,-0.009221500000000049,0.20235884500000012,-0.010973480000000035,0.26912039500000007,-0.03271902000000004,0.26912039500000007,-0.015232420000000024,0.11258087,0.038844480000000015,0.08827580000000002,-0.04799300000000001,0.15484456999999996,0.01420840000000001,0.1324923,0.0008842900000000098,0.17255973999999996,-0.01985087000000002,0.10020220000000002,-0.0012284000000000184,0.1987173000000001,-0.023497519999999994,0.06676154999999995,-0.02386564000000002,0.0012078000000000366,-0.015986200000000006,0.0072830899999999366,0.07548556400808039,0.03442298842347801
0.07930025500000004,-0.28113650000000007,0.08358824500000006,-0.2859288400000001,0.08246020500000006,-0.29772346000000005,0.06339872500000004,-0.30297402000000007,0.05594083500000008,-0.33029070000000005,0.02072823500000004,-0.27074482000000005,-0.00767206499999995,-0.2705312000000001,0.00679920500000003,-0.15845832000000004,-0.05727457499999994,-0.11740037000000003,0.04120582500000003,-0.07342272000000005,-0.032787194999999936,0.010255379999999925,0.009560555000000026,-0.0035547800000000906,-0.00956055499999997,0.0035547799999999796,0.007190255000000034,0.16489324999999988,-0.012420714999999971,0.19874707999999996,-0.01036719499999994,0.27045217999999993,-0.03719705499999992,0.27045217999999993,-0.013929030000000009,0.11228650000000001,0.03440662,0.08503559999999999,-0.04960250999999999,0.15313083000000005,0.024487380000000003,0.12765574999999996,-0.002370299999999992,0.16844802999999997,-0.017557449999999974,0.10555893000000005,-0.0028601600000000005,0.19519229999999999,-0.024776339999999952,0.07170509999999997,-0.02840029999999999,0.00021361999999996995,-0.019121109999999997,0.00710956000000007,0.07670040516983267,0.024173846323032617
0.08032348499999997,-0.28135823000000004,0.08359782499999996,-0.28622295000000003,0.08334024499999998,-0.29781305,0.06168500499999996,-0.30156645000000004,0.05592910499999998,-0.32809395,0.021399585,-0.26751929,-0.010073215000000024,-0.26768427,0.008040765000000005,-0.15651121,-0.060834575,-0.11682115000000004,0.04171778499999995,-0.06815561000000003,-0.027598415000000043,0.012239549999999988,0.01050968499999999,-0.0034837500000000077,-0.010509685000000046,0.0034837500000000077,0.00591142499999997,0.16866174999999994,-0.015235595000000046,0.20043904999999995,-0.010231155000000047,0.27205185,-0.037638945000000035,0.27205185,-0.013358819999999993,0.11100808000000001,0.033677019999999946,0.08835559999999998,-0.05076135999999998,0.15086311999999996,0.03323615999999996,0.12906070000000003,-0.004598260000000021,0.17214549999999995,-0.016142580000000017,0.10339010000000004,-0.00472591,0.19695529999999994,-0.02240334999999999,0.07161280000000003,-0.03147280000000002,-0.00016497999999998125,-0.021019370000000037,0.006967500000000015,0.07180804259600453,0.019201268881323952
0.08093456500000001,-0.28386267,0.08508639500000004,-0.29009878,0.083817315,-0.30064248,0.06381873500000002,-0.30288737,0.05704821500000001,-0.32852529999999996,0.01955325499999999,-0.26753738,-0.009167745000000005,-0.26609997999999996,-3.14499999998219e-06,-0.14856011999999996,-0.059782504999999986,-0.11477071999999999,0.03899159499999999,-0.05947062000000003,-0.022047264999999983,0.005234040000000051,0.010302945000000008,-0.004291219999999929,-0.010302945000000008,0.00429122000000004,0.006509435000000008,0.16020433,-0.020337565000000002,0.19533292000000002,-0.005124434999999983,0.27113078,-0.03930302499999999,0.27113078,-0.019556399999999974,0.11897726000000003,0.03899473999999997,0.08908949999999993,-0.05061475999999998,0.15132925999999997,0.03773524,0.12000476000000004,-0.00379351,0.16449554999999993,-0.01163386999999999,0.11092645000000001,-0.010034619999999994,0.19104169999999998,-0.01896545999999999,0.07579786,-0.028720999999999997,0.001437400000000033,-0.020605890000000016,0.008582439999999969,0.06219167808624004,0.01178210345459585
0.08247823000000004,-0.28597772000000005,0.08640975000000001,-0.29291090000000003,0.08435780000000004,-0.30284056000000004,0.06479126000000002,-0.3054922500000001,0.055516900000000036,-0.32926392000000004,0.018045490000000053,-0.26889017000000004,-0.008419629999999956,-0.26520340000000003,-0.00316816999999997,-0.1496902,-0.05954116999999998,-0.11316603000000003,0.04088963000000001,-0.06058830000000004,-0.01751324999999998,0.002563499999999941,0.00965661000000001,-0.004903400000000002,-0.009656609999999954,0.004903400000000002,0.006651830000000025,0.15550959999999991,-0.019403369999999975,0.1914009499999999,-0.0007134099999999699,0.27061539999999995,-0.03924563999999997,0.27061539999999995,-0.021213660000000023,0.11919997000000004,0.04405779999999998,0.08910189999999996,-0.05112154000000002,0.15203737,0.042027919999999996,0.11572952999999997,-0.0030047799999999847,0.16041299999999992,-0.007365239999999995,0.11510580000000004,-0.009746760000000021,0.1864975499999999,-0.019842269999999995,0.07921445000000005,-0.02646512000000001,0.003686770000000006,-0.019313219999999964,0.009806800000000004,0.0638459836350761,0.008197677969986421
0.08190732,-0.28885858999999997,0.08564753999999997,-0.29551762,0.08411376999999998,-0.30613281999999997,0.06323372,-0.30704649999999994,0.055342159999999974,-0.33223917999999997,0.014820529999999998,-0.2695547,-0.009810180000000002,-0.26685854999999997,-0.011259810000000037,-0.14900904999999998,-0.06393994000000003,-0.11462748,0.032114019999999965,-0.046946849999999984,-0.019409730000000014,-0.00031844999999997015,0.009341879999999969,-0.0047829499999999525,-0.009341880000000025,0.0047829500000000635,0.008236340000000009,0.15393120000000005,-0.022140930000000003,0.18826605000000007,0.0009087799999999979,0.26880455000000003,-0.04439883,0.26880455000000003,-0.026080340000000035,0.12054565,0.04337383,0.10206219999999999,-0.05412976000000003,0.15223106999999997,0.044530210000000015,0.11430903000000003,-0.0011055399999999604,0.15871415,-0.007327560000000011,0.11487334999999999,-0.012799049999999978,0.1834831,-0.022257899999999997,0.08053849999999996,-0.02463071,0.0026961500000000083,-0.018683759999999994,0.009565900000000016,0.04792040091015102,0.011286535588146617
0.08221022,-0.29427657999999995,0.08577422000000001,-0.30145270999999996,0.08432328,-0.31128075,0.0630155,-0.31487564999999995,0.05531195999999999,-0.33804259999999997,0.014651100000000028,-0.27863045,-0.010087120000000005,-0.27156217,-0.011874019999999985,-0.15763174999999996,-0.06333157,-0.11671847999999996,0.032491539999999985,-0.052202299999999924,-0.01933721999999999,-0.0004214200000000057,0.009580619999999984,-0.005875349999999946,-0.009580619999999984,0.005875350000000057,0.01166919999999999,0.15261835,-0.023585880000000004,0.1908959,0.005753200000000014,0.26324265,-0.04129561999999998,0.26324265,-0.026525120000000013,0.12099870000000001,0.04436555999999997,0.10542945000000004,-0.05324445,0.15484369000000003,0.043994350000000015,0.11629705999999995,0.0020885800000000065,0.15849369999999996,-0.005915999999999977,0.11062430000000001,-0.01400526000000002,0.18502054999999995,-0.017709739999999974,0.07234675000000002,-0.024738220000000033,0.007068279999999982,-0.01916123999999997,0.011750700000000003,0.05168265232695491,0.011612086633887162
0.08193886499999997,-0.29980205,0.08625323499999998,-0.30695819999999996,0.084443785,-0.31725559999999997,0.06357443499999998,-0.32091947,0.056160985,-0.34514231999999995,0.011254384999999978,-0.28697906999999995,-0.009738495000000014,-0.27662768,-0.022707635000000004,-0.16929434,-0.06332468499999999,-0.11946795999999993,0.018302684999999985,-0.05210254999999997,-0.017605185000000023,0.0005028400000000044,0.008532115000000007,-0.006681500000000007,-0.008532115000000007,0.006681500000000007,0.012713405000000011,0.15330274,-0.02234711500000003,0.19336124,0.006447914999999971,0.25691600000000003,-0.037806385,0.25691600000000003,-0.03396201999999998,0.11768472999999996,0.04101031999999999,0.11719179000000002,-0.05358618999999998,0.15715972000000006,0.04571949999999997,0.11997079999999993,0.004181290000000004,0.15998424,-0.00626549000000004,0.10361326000000004,-0.013815000000000022,0.18667973999999998,-0.01545926999999997,0.06355476000000004,-0.02099287999999999,0.01035138999999996,-0.017064230000000014,0.013363000000000014,0.046460045428598065,0.010977086982460344
0.08320941000000004,-0.2998031,0.08768605000000002,-0.307252,0.08549960000000006,-0.317464,0.06530442000000003,-0.32142746,0.05692433000000002,-0.34536203,0.012354630000000033,-0.2877353,-0.00909335999999994,-0.27553868,-0.02503751999999998,-0.17135509999999998,-0.062063219999999975,-0.11617997000000002,0.006777330000000026,-0.05422254999999998,-0.014344879999999949,0.004482659999999972,0.008888380000000029,-0.007060300000000019,-0.008888379999999974,0.007060300000000019,0.014153440000000017,0.15352544999999995,-0.021894919999999984,0.19504960000000005,0.0056076500000000196,0.2555537,-0.03844858999999995,0.2555537,-0.03739215000000001,0.11638020000000004,0.031814850000000006,0.11713255,-0.052969860000000035,0.15935870999999996,0.047718340000000026,0.12066262999999999,0.005265059999999988,0.16058574999999997,-0.008545789999999998,0.10202825000000004,-0.013006540000000011,0.18798930000000003,-0.016553669999999965,0.06050409999999995,-0.021447989999999972,0.012196620000000047,-0.017776760000000003,0.014120600000000039,0.047209473171864524,0.006034701336404311
0.082977635,-0.30149948000000004,0.08734336499999995,-0.30881554000000005,0.08590312499999997,-0.31929055,0.064633465,-0.32310688000000004,0.05800630499999998,-0.34789562,0.011782214999999985,-0.28897404000000004,-0.00991973500000004,-0.27654713000000003,-0.025483115,-0.17149548000000003,-0.06284973500000002,-0.11369285000000007,0.001974964999999995,-0.05912877999999999,-0.013694385000000031,0.006611819999999935,0.00895871499999995,-0.007287649999999979,-0.008958715000000006,0.007287649999999979,0.016194765,0.15128671999999999,-0.02221570500000003,0.19425081999999994,0.0061820949999999986,0.25266131999999997,-0.03761553500000003,0.25266131999999997,-0.037265329999999985,0.11747856000000001,0.027458079999999996,0.11236670000000004,-0.05292999999999998,0.16285427999999996,0.04915534999999999,0.12030467,0.007236050000000049,0.15857436999999996,-0.010012670000000001,0.10137459999999998,-0.013256990000000024,0.18696316999999996,-0.015399830000000003,0.05841050000000003,-0.021701950000000025,0.012426910000000013,-0.017917429999999956,0.014575299999999958,0.052309420984554975,0.004783650963207944
0.08321216999999997,-0.3030798900000001,0.08852679000000002,-0.3105805300000001,0.08567768999999997,-0.3215167300000001,0.06735749000000002,-0.32525681000000006,0.05645686999999999,-0.35139795000000007,0.012650170000000016,-0.29015829000000004,-0.011268009999999995,-0.27882453000000007,-0.026815709999999993,-0.17243363000000012,-0.06328054999999999,-0.11499183000000002,-0.00040954999999998076,-0.06308477000000001,-0.01548432999999999,0.005291409999999885,0.00981884999999999,-0.007191770000000042,-0.00981884999999999,0.007191769999999931,0.018096390000000018,0.1493665099999999,-0.024069190000000018,0.1926949699999999,0.006478050000000013,0.24868256999999994,-0.038757350000000024,0.24868256999999994,-0.03946588000000001,0.11772465999999993,0.026406160000000012,0.1093488600000001,-0.052012539999999996,0.16383270000000005,0.04779622,0.1202832399999999,0.008277540000000028,0.15655827999999994,-0.011618340000000005,0.09931606000000004,-0.014250340000000028,0.18550319999999998,-0.014688160000000006,0.055987600000000026,-0.02391818000000001,0.01133375999999997,-0.01963769999999998,0.014383539999999972,0.05682118984639442,0.005975703453150949
0.08193263500000003,-0.3009054700000001,0.087532465,-0.3083889700000001,0.08518346500000001,-0.3192187400000001,0.06665754500000004,-0.3244615400000001,0.058047245000000025,-0.3507700400000001,0.011421765000000028,-0.2913788100000001,-0.009470694999999973,-0.2795816700000001,-0.028596754999999974,-0.1721562000000001,-0.06233417499999999,-0.11483237000000013,-0.0013739349999999928,-0.06416587000000007,-0.019328384999999948,0.004977229999999944,0.008673665000000053,-0.00719093000000004,-0.008673664999999997,0.007190929999999929,0.018453635000000024,0.1499387299999999,-0.02308903499999998,0.19381917999999987,0.006648725000000022,0.2482367299999999,-0.035936634999999995,0.2482367299999999,-0.04001852,0.11922261,0.02722281999999998,0.10799033000000002,-0.05286348000000002,0.1647493,0.043005790000000044,0.11980960000000007,0.009779969999999971,0.15712965999999995,-0.011804910000000002,0.098298,-0.014415369999999983,0.18662824999999994,-0.012847600000000015,0.05441755000000004,-0.02089246,0.011797139999999984,-0.01734733000000005,0.014381859999999969,0.05785411008531377,0.010882257393041156
0.08148493999999995,-0.30255536,0.08658606999999996,-0.30989089999999997,0.08510119999999999,-0.32070157,0.06511633999999994,-0.32663443999999997,0.058201139999999985,-0.35306719999999997,0.011135839999999952,-0.2926126,-0.009548200000000062,-0.28206349999999997,-0.02409353000000003,-0.1686763,-0.05991571000000001,-0.11674169999999995,0.00033665999999998864,-0.05359259999999999,-0.020171120000000042,0.0010464000000000029,0.008359179999999966,-0.006898760000000004,-0.008359180000000022,0.006898760000000004,0.020235439999999938,0.1478486,-0.019246180000000057,0.19066499999999997,0.007668869999999939,0.24389660000000002,-0.03126462000000002,0.24389660000000002,-0.03522936999999998,0.1239363,0.02443019000000002,0.11508370000000001,-0.05036750999999995,0.16532180000000002,0.03974458999999997,0.11778809999999995,0.011876259999999972,0.15474736,-0.012566569999999999,0.09604800000000002,-0.010887000000000036,0.18376623999999997,-0.012018439999999964,0.053231600000000046,-0.020684040000000015,0.010549100000000033,-0.016718359999999988,0.013797520000000008,0.04737800672354208,0.013182262481577299
0.082458015,-0.30120946,0.08777374500000001,-0.30854782999999997,0.08619412500000001,-0.31925994999999996,0.06616696500000002,-0.32585341999999995,0.05944564499999999,-0.35191569999999994,0.009411744999999971,-0.29510876999999996,-0.007337305000000016,-0.28099719999999995,-0.026585104999999998,-0.17762504,-0.05740738499999998,-0.11502179999999995,0.0009748949999999756,-0.06906400000000001,-0.01888799499999999,0.0037773500000000126,0.007296024999999984,-0.007451800000000008,-0.007296024999999984,0.007451800000000008,0.021174725000000005,0.14717920000000007,-0.018818504999999985,0.190519,0.010815314999999992,0.24450930000000004,-0.03233781499999999,0.24450930000000004,-0.03599684999999997,0.11748372999999995,0.027559999999999973,0.10856104,-0.05007007999999996,0.1659754,0.03851938999999999,0.11879914999999996,0.013878700000000022,0.15463100000000007,-0.010359410000000013,0.09733009999999997,-0.011522480000000002,0.18306719999999999,-0.013519310000000007,0.05399030000000005,-0.016749049999999988,0.014111570000000018,-0.014592049999999968,0.014903600000000017,0.061935610704318564,0.012160400950766391
0.08471000000000001,-0.30019273500000004,0.09054613000000006,-0.3079938750000001,0.08795143000000005,-0.31832647500000005,0.06975763000000001,-0.3255269150000001,0.060463370000000016,-0.3507280950000001,0.011481880000000055,-0.29588582500000005,-0.00544676999999999,-0.27905027500000007,-0.024582619999999944,-0.1785395150000001,-0.05449886999999998,-0.1110314750000001,0.0021868700000000074,-0.06529217500000006,-0.014921219999999957,0.006730564999999911,0.00756657000000005,-0.00803477500000005,-0.007566569999999995,0.008034774999999938,0.022105100000000044,0.14416772499999997,-0.01845779999999997,0.1900477249999999,0.013651170000000046,0.24414432499999994,-0.03369443999999999,0.24414432499999994,-0.0360645,0.11734630999999995,0.02676948999999995,0.11324734000000003,-0.04905209999999999,0.16801879999999997,0.03957765000000002,0.11776204000000001,0.014538529999999994,0.15220250000000002,-0.008453929999999998,0.09997659999999997,-0.010891229999999974,0.18201294999999995,-0.015236640000000023,0.05409660000000005,-0.016928650000000045,0.016835549999999977,-0.015133140000000045,0.016069549999999988,0.05750957334957374,0.007469393572881237
0.085006415,-0.30491257000000005,0.09116581499999998,-0.31278616000000004,0.08859002500000002,-0.32305509000000004,0.070398505,-0.33036634000000004,0.06156967499999999,-0.35563621,0.009704674999999996,-0.30104476,-0.0035496250000000007,-0.28252641000000006,-0.028624445,-0.18751198000000002,-0.05069172500000002,-0.11578924000000002,0.00036749499999999546,-0.06827433999999999,-0.00893715500000003,0.0027055599999999957,0.006611794999999976,-0.008100090000000004,-0.006611795000000031,0.008100090000000004,0.021467234999999973,0.14918029,-0.019979175000000016,0.19328670999999997,0.015008674999999971,0.23827635999999996,-0.034186154999999996,0.23827635999999996,-0.038329119999999994,0.11353278,0.028991939999999994,0.11923764000000003,-0.04714210000000002,0.16673717000000005,0.04175456999999999,0.11849480000000001,0.014855439999999998,0.15728038,-0.006458560000000002,0.08909606999999997,-0.013367379999999984,0.18518661999999997,-0.01420697999999998,0.04498964999999999,-0.013254299999999997,0.01851834999999996,-0.013223590000000007,0.01620018000000001,0.06049736891429658,0.005874372566538497
0.08749923499999995,-0.30789743,0.09359728499999997,-0.31633998,0.09042670499999994,-0.32585843000000003,0.07258733499999998,-0.33465128000000005,0.06238507499999996,-0.35784073000000005,0.011804604999999968,-0.30697425000000006,-0.002280305000000038,-0.28407137000000005,-0.02743423500000003,-0.19599728000000005,-0.046641895000000044,-0.11643925,0.00126897499999995,-0.07060475,-0.004511985000000052,0.0009445499999999329,0.007253534999999978,-0.00881955000000001,-0.007253535000000033,0.00881955000000001,0.022595164999999973,0.15034594999999995,-0.020944005000000043,0.19554198999999994,0.016818994999999948,0.23410434999999996,-0.03332353500000007,0.23410434999999996,-0.03923884,0.11097697000000001,0.02870320999999998,0.12539253000000006,-0.044361590000000006,0.16763212000000005,0.04212990999999999,0.11738379999999993,0.015341629999999995,0.15916549999999996,-0.005776170000000025,0.08375840000000001,-0.01369047000000001,0.18672243999999993,-0.012379530000000027,0.03856236000000002,-0.014084910000000006,0.022902880000000014,-0.01450707000000001,0.01763910000000002,0.06207435780927257,0.008338568306520076
0.08763763499999999,-0.3099355999999999,0.09410168499999999,-0.3186730299999999,0.09048988499999999,-0.32813323999999994,0.07357318499999999,-0.33781085999999994,0.06190158499999998,-0.36101839999999996,0.012045964999999992,-0.3101216399999999,-0.0031230850000000254,-0.2852534499999999,-0.02661216500000002,-0.19869555999999988,-0.04539538500000001,-0.11420069999999993,0.0028574049999999795,-0.07475039999999988,-0.0009313350000000331,0.0009159300000000092,0.007751565000000016,-0.009233799999999959,-0.007751565000000016,0.00923380000000007,0.02339243499999999,0.15291140000000003,-0.02380479499999999,0.1989615400000001,0.01644770499999998,0.23022680000000006,-0.034942795000000026,0.23022680000000006,-0.03865813000000001,0.11142608000000004,0.02946957,0.12394516,-0.042272299999999985,0.17105274999999998,0.04446404999999998,0.11511662999999994,0.015640869999999973,0.1621452,-0.00694473000000001,0.07731540000000003,-0.016053229999999974,0.18972774000000003,-0.011138000000000037,0.03126525999999996,-0.015169050000000017,0.024868190000000012,-0.015503130000000032,0.01846760000000003,0.0656991451821528,0.010756509591396308
0.09026731500000001,-0.31018765500000006,0.09607263499999996,-0.31967633500000003,0.09225729499999996,-0.32824184500000003,0.07426233500000001,-0.33967688500000004,0.06106193500000001,-0.36029892500000005,0.009947794999999982,-0.31188671500000004,-0.001618635000000035,-0.282943005,-0.03056914500000002,-0.199525485,-0.042355635,-0.11149278500000004,0.002018054999999963,-0.06666844500000002,0.0030333249999999756,0.0012792149999999447,0.006752234999999995,-0.01022828500000006,-0.006752234999999995,0.010228284999999948,0.023932624999999985,0.14989491499999996,-0.02241058500000004,0.199006315,0.017808245,0.22900981499999995,-0.035292425000000016,0.22900981499999995,-0.04051694,0.11236123000000003,0.03258719999999998,0.13285703999999998,-0.04073699999999997,0.17145022,0.04538895999999998,0.11277199999999998,0.01718038999999999,0.16012320000000002,-0.006124379999999985,0.07911489999999999,-0.015658350000000043,0.18877803000000004,-0.012881839999999978,0.03000349999999996,-0.011566430000000016,0.02894371000000001,-0.01350446999999999,0.020456570000000007,0.05663836262726877,0.013260582128191036
0.09333330500000003,-0.30604949,0.09780350500000001,-0.31542478999999995,0.09520983500000002,-0.32510777999999996,0.07367625500000002,-0.33803426,0.061983524999999984,-0.35881696999999996,0.014459494999999989,-0.31164812999999997,-0.0035918950000000116,-0.28123208,-0.019974204999999967,-0.19724153,-0.040584204999999984,-0.10470305999999996,0.013199834999999993,-0.04607397000000002,0.006569745000000016,0.0053161700000000645,0.009225225000000004,-0.010972329999999975,-0.009225225000000004,0.010972329999999975,0.028604324999999986,0.14741467000000008,-0.014895025000000006,0.19717287000000006,0.027191935,0.23171527000000003,-0.026620864999999994,0.23171527000000003,-0.034433699999999956,0.11440659999999997,0.03317403999999996,0.15116755999999998,-0.03699230999999997,0.17652902000000004,0.04715395,0.11001923000000002,0.019379099999999982,0.15838700000000006,-0.0014123899999999856,0.08430059999999995,-0.005669800000000003,0.18620054000000008,-0.011725839999999987,0.03454239999999997,-0.01805139,0.030416049999999972,-0.018450450000000007,0.02194465999999995,0.035325948753596174,0.01677716374261453
0.09351218,-0.307207665,0.09785664000000005,-0.31640213500000003,0.09597042,-0.32615968500000003,0.07311338,-0.338856565,0.06365573000000002,-0.35994964500000004,0.013359900000000036,-0.313842385,-0.0023493799999999565,-0.282576675,-0.02156359999999996,-0.20058092500000002,-0.03781637999999998,-0.105104965,0.013883260000000008,-0.050024595000000005,0.009109350000000016,0.005546834999999972,0.008801460000000039,-0.010982904999999987,-0.008801459999999983,0.010982904999999987,0.029207260000000013,0.15116173499999996,-0.017465099999999956,0.20008787500000003,0.029660900000000046,0.22971573499999998,-0.02844926999999997,0.22971573499999998,-0.034923499999999996,0.11326145999999998,0.03544685999999997,0.15055633000000002,-0.035467000000000026,0.17747171,0.04692573,0.11065179999999997,0.020405799999999974,0.16214463999999995,0.0004536400000000329,0.07855400000000001,-0.008663639999999972,0.18910497000000004,-0.010984170000000015,0.02962785999999995,-0.015709279999999992,0.03126571,-0.017602920000000022,0.021965809999999975,0.039371033124571436,0.018717584563746472
0.09414609999999995,-0.30675539999999996,0.09733364,-0.31589385999999997,0.09655556999999998,-0.32533419999999996,0.07070779999999999,-0.33828192999999995,0.06327801999999999,-0.35821,0.01218941999999995,-0.31358679999999994,-0.002833100000000033,-0.28141609999999995,-0.021990390000000026,-0.20138775999999992,-0.035293850000000015,-0.1042498999999999,0.012451589999999957,-0.0597243999999999,0.011454519999999968,0.005890850000000003,0.00887059999999995,-0.011159659999999905,-0.008870600000000006,0.011159660000000016,0.030303239999999954,0.15166885000000008,-0.018691570000000046,0.20111466,0.030032929999999958,0.23002750000000005,-0.02920953000000004,0.23002750000000005,-0.03417980999999998,0.11219904000000003,0.03444197999999998,0.14166336000000002,-0.03246074999999998,0.17716620000000005,0.046748369999999984,0.1101407499999999,0.021432640000000003,0.16282850999999998,-0.00027030999999999583,0.07835864999999997,-0.00982097000000004,0.18995499999999998,-0.010517959999999993,0.02891284000000005,-0.015022519999999984,0.032170699999999997,-0.017741199999999957,0.02231931999999992,0.048696585718587086,0.0209969250565529
0.09489370500000005,-0.30799645000000003,0.09832838500000002,-0.31724025000000006,0.09725880500000006,-0.32701142000000005,0.07188870500000005,-0.33910635000000006,0.06369280500000002,-0.35999887,0.012760205000000024,-0.31287365000000006,-0.0023515249999999654,-0.28260373000000005,-0.022599334999999943,-0.19531425000000002,-0.032883674999999946,-0.10321011000000002,0.010149805000000012,-0.050266350000000015,0.013124045000000029,0.0067947499999999605,0.009143025000000027,-0.010668549999999999,-0.009143024999999971,0.010668549999999999,0.030593185000000023,0.15743394999999993,-0.020305364999999964,0.20482444999999994,0.03201140500000005,0.22851524999999995,-0.02989724499999996,0.22851524999999995,-0.03535953999999997,0.11755940000000004,0.032749139999999954,0.1450479,-0.03053214999999998,0.17939362000000003,0.046007719999999974,0.11000485999999998,0.021450159999999996,0.16810249999999993,0.0014182200000000256,0.07108130000000001,-0.011162339999999993,0.19415589999999994,-0.009591879999999997,0.023690800000000012,-0.01511172999999999,0.030269920000000006,-0.018286049999999998,0.021337099999999998,0.03961059669846443,0.02260152058656453
0.09605373,-0.30683930500000006,0.09932743,-0.31596063500000005,0.09877910000000001,-0.3257638050000001,0.07221464999999999,-0.3380287450000001,0.06540597999999997,-0.3590289650000001,0.011653079999999982,-0.3126473250000001,-0.0008294100000000304,-0.28127460500000007,-0.023668670000000003,-0.19625316500000012,-0.030526209999999998,-0.10160706500000005,0.010168599999999972,-0.05241121500000001,0.014974249999999967,0.008076834999999893,0.008166090000000015,-0.011008665000000084,-0.008166090000000015,0.011008664999999973,0.03118660000000001,0.15536213499999996,-0.017926670000000033,0.204628135,0.03158656999999998,0.22974513499999993,-0.027161429999999986,0.22974513499999993,-0.035321749999999985,0.11639415999999997,0.033837269999999975,0.1438419500000001,-0.029696799999999968,0.17966754000000001,0.045500459999999965,0.10968389999999995,0.023020509999999994,0.16637080000000004,0.00039996999999997174,0.07438299999999998,-0.009760580000000019,0.19361947000000002,-0.009234759999999953,0.025116999999999945,-0.012482490000000013,0.03137272000000002,-0.01633218000000003,0.022017330000000057,0.04145094923886055,0.02332532877505695
0.09324657999999997,-0.3127337800000001,0.09918135,-0.3216326400000001,0.09608877999999998,-0.3313455800000001,0.07653265999999997,-0.3411429800000001,0.06526786000000001,-0.3648616500000001,0.01313629999999999,-0.3151266800000001,-0.00020762000000001946,-0.2887259300000001,-0.025012550000000022,-0.19386928000000014,-0.027721580000000023,-0.10855062000000004,0.003674379999999977,-0.06859568000000005,0.018562279999999987,0.004094219999999926,0.008128049999999998,-0.00974662000000004,-0.008128049999999998,0.009746619999999928,0.027462629999999988,0.14835241999999993,-0.02354008000000002,0.19888691999999986,0.018999480000000013,0.2238377199999999,-0.03109719999999999,0.2238377199999999,-0.03814885000000001,0.12125739999999996,0.02868693,0.1252736000000001,-0.027513960000000004,0.18017531000000003,0.04628386000000001,0.11264483999999997,0.01933457999999999,0.15809903999999997,-0.008463149999999975,0.07548529999999998,-0.015412030000000021,0.18914029999999993,-0.007557119999999973,0.02495080000000005,-0.013343920000000009,0.02640075000000003,-0.016256099999999996,0.019493239999999967,0.05901734524148389,0.027282289883162284
0.09319766000000002,-0.31130901000000005,0.09923254000000004,-0.3202631800000001,0.09625565000000003,-0.32993088000000004,0.07676156,-0.3406569100000001,0.06553527000000003,-0.3643774700000001,0.012984200000000001,-0.31464130000000007,-0.00036384000000000416,-0.28687095000000007,-0.025187619999999966,-0.1913670500000001,-0.027408639999999984,-0.10367915000000005,0.003952520000000015,-0.06746865000000002,0.019437800000000005,0.008611849999999976,0.007895199999999991,-0.010301500000000074,-0.007895199999999991,0.010301499999999963,0.027597060000000007,0.14502569999999992,-0.023683530000000008,0.1990843499999999,0.014920000000000044,0.22518094999999994,-0.030613100000000004,0.22518094999999994,-0.03817181999999997,0.12327424999999997,0.02914013999999998,0.12389840000000008,-0.02704479999999998,0.18319180000000002,0.04684643999999999,0.11229100000000003,0.019701860000000015,0.1553272,-0.012677059999999962,0.08015525000000001,-0.015788330000000017,0.18878284999999995,-0.006929569999999996,0.026096600000000025,-0.013348040000000005,0.02777035,-0.015790399999999982,0.020603000000000038,0.05730294726019678,0.02738517493320975
0.093061175,-0.31031277500000004,0.098134145,-0.31922812500000003,0.095961615,-0.32862212500000004,0.07413630500000001,-0.33958542500000005,0.064352405,-0.36204432500000006,0.010033975000000028,-0.314588925,-0.00035874499999999365,-0.28465697500000003,-0.027132555000000003,-0.19660362500000006,-0.02761076499999998,-0.103210425,0.002441515000000005,-0.081871095,0.01883600499999999,0.010682524999999998,0.006971704999999995,-0.010715425,-0.006971704999999995,0.010715425,0.02660633499999998,0.143798675,-0.023054795000000017,0.19854182499999995,0.015721395000000027,0.22630697499999997,-0.03195588500000002,0.22630697499999997,-0.03716653000000003,0.11798529999999996,0.029574070000000008,0.11473253000000005,-0.027252019999999988,0.18144655000000004,0.04644676999999997,0.11389294999999999,0.019634629999999986,0.1545141,-0.010884939999999954,0.08250829999999998,-0.016083090000000022,0.18782639999999995,-0.00890109,0.027765150000000016,-0.010392720000000022,0.029931949999999985,-0.01394340999999999,0.02143085,0.07129973348186514,0.02580773097066263
0.092879125,-0.31224342499999996,0.09777486499999999,-0.3214383049999999,0.095420595,-0.33044909499999997,0.07380315500000001,-0.34196444499999995,0.063608165,-0.36330460499999995,0.009108604999999992,-0.31593226499999993,0.0009429450000000283,-0.28596114499999997,-0.028932454999999968,-0.20081246499999994,-0.027829614999999974,-0.10781320499999991,0.002585404999999985,-0.08822502499999996,0.01796114500000001,0.007525235000000019,0.006238905000000017,-0.010570264999999912,-0.006238905000000017,0.010570265000000023,0.02628934500000002,0.14571539500000008,-0.021711234999999995,0.19901963500000008,0.016105475000000036,0.22588453500000005,-0.033299774999999976,0.22588453500000005,-0.03804105999999996,0.1151198,0.03151785999999995,0.11258743999999998,-0.028772560000000003,0.17814794000000006,0.045790759999999986,0.11533843999999993,0.020050440000000003,0.15628566,-0.010183869999999984,0.08016913999999997,-0.015472329999999979,0.18844937000000006,-0.01158853999999998,0.02686489999999997,-0.008165659999999964,0.029971119999999962,-0.012477810000000034,0.021140529999999935,0.07774065739950754,0.024390871811056723
0.09196148500000001,-0.3173995700000001,0.09644518499999999,-0.32647313000000006,0.09555375500000002,-0.33511434000000007,0.071565655,-0.34593317000000007,0.06632244500000001,-0.3669457200000001,0.0073178849999999684,-0.3177875400000001,0.0018915549999999892,-0.2882635400000001,-0.03381464500000003,-0.1991894700000001,-0.030037415000000012,-0.10975967000000009,-0.0006954650000000062,-0.07651907000000002,0.01582404500000001,0.004296729999999971,0.0053824450000000135,-0.010313470000000047,-0.0053824450000000135,0.010313469999999936,0.026326114999999983,0.15288182999999989,-0.022908034999999993,0.2038131299999999,0.016510334999999987,0.22302402999999993,-0.033661755000000015,0.22302402999999993,-0.04113253,0.11859807,0.033119180000000026,0.12267040000000007,-0.03192897,0.17850387,0.04586146000000002,0.11405640000000006,0.02094366999999997,0.16319529999999993,-0.009815779999999996,0.07014220000000004,-0.01752558999999998,0.19349965999999996,-0.010753720000000022,0.01921090000000003,-0.005426329999999979,0.029523999999999995,-0.010764890000000027,0.020626939999999983,0.0664840015441918,0.022043511025871095
0.09215520500000002,-0.3189432000000001,0.095796975,-0.32807225000000007,0.09568080499999998,-0.3362966300000001,0.06958340499999999,-0.3470998300000001,0.066159105,-0.3668465000000001,0.007111164999999975,-0.3180523500000001,0.0011358049999999897,-0.2884995900000001,-0.032639695000000024,-0.19930003000000007,-0.03183412499999999,-0.11184183000000003,-0.00011271499999998547,-0.0794539700000001,0.013799875000000017,0.0015169099999998714,0.005395564999999991,-0.010336430000000063,-0.005395564999999991,0.010336429999999952,0.024589605000000014,0.1519980099999999,-0.022184435000000002,0.20267366999999992,0.01556970499999999,0.22330626999999992,-0.031291395,0.22330626999999992,-0.03975086,0.11875232000000002,0.03252698000000004,0.11984605999999998,-0.03296992999999998,0.17665776000000005,0.04563400000000001,0.1133587399999999,0.019194040000000023,0.16233443999999997,-0.009019900000000025,0.07130826000000001,-0.01678887000000001,0.19233723999999996,-0.009106959999999997,0.0206326,-0.005975359999999985,0.02955276000000001,-0.010791129999999982,0.020672860000000015,0.06933668209692474,0.021124602950682924
0.093974995,-0.31892263500000007,0.09685160499999995,-0.32838268500000006,0.096911005,-0.33600178500000005,0.06965018499999998,-0.34732770500000004,0.06655327499999997,-0.36507568500000004,0.007215924999999956,-0.317777285,0.0031444049999999613,-0.287610825,-0.035592875000000024,-0.19872322500000006,-0.030611095000000033,-0.11168898500000002,-0.003495915000000016,-0.08090445499999999,0.014173204999999967,0.004367864999999971,0.004976855000000002,-0.010298515000000008,-0.004976855000000002,0.010298515000000008,0.024183584999999952,0.15369406499999994,-0.02098709500000001,0.2030936849999999,0.016685104999999978,0.22430381499999996,-0.03104086500000003,0.22430381499999996,-0.04280879999999998,0.11905405999999996,0.03209696000000001,0.11781877000000007,-0.033755499999999994,0.17592184,0.0447843,0.11605684999999999,0.01920672999999995,0.16399257999999994,-0.007498479999999974,0.07060975000000003,-0.01601024000000001,0.1927951699999999,-0.010053770000000017,0.02121013000000005,-0.004071519999999995,0.030166460000000006,-0.009953710000000004,0.020597030000000016,0.07111249253651919,0.020047379066254502
0.09140627500000004,-0.31872665499999997,0.09505534500000001,-0.32764664499999996,0.09508982500000002,-0.336320935,0.06874880500000002,-0.345812645,0.06603733500000003,-0.36664554499999996,0.005309575000000011,-0.314680195,0.001996045000000002,-0.28923526499999996,-0.037652725,-0.18932149499999995,-0.03235500499999999,-0.11178559499999996,-0.0032671049999999924,-0.06882369499999996,0.012916955000000008,0.004555434999999997,0.004418195000000014,-0.00955405499999995,-0.004418194999999958,0.009554055000000061,0.02234092500000001,0.15221014500000007,-0.02119147499999996,0.20093485500000008,0.015671135000000003,0.22501060500000003,-0.029407085,0.22501060500000003,-0.04296230000000001,0.12535870000000005,0.034385620000000006,0.12049779999999999,-0.034351049999999994,0.17744967,0.04527196,0.11634102999999996,0.017922729999999998,0.16176420000000002,-0.006669790000000009,0.07280045999999996,-0.01677328,0.19138080000000002,-0.00821561000000004,0.02407574999999995,-0.003313530000000009,0.025444930000000032,-0.008836389999999972,0.01910811000000001,0.059765826873051806,0.018041441944226615
0.08988043000000007,-0.31562112,0.09345536000000004,-0.32448399999999994,0.09322744000000005,-0.33303299999999997,0.06745066000000005,-0.34226599999999996,0.06393932000000008,-0.36251806,0.003764060000000069,-0.31121332999999995,0.0022571900000000755,-0.28529004999999996,-0.04027775999999994,-0.18805109999999992,-0.032757539999999974,-0.10972804999999997,-0.0055748899999999435,-0.06447779999999992,0.012764060000000077,0.006935300000000089,0.003746740000000026,-0.009533499999999973,-0.0037467399999999706,0.009533500000000084,0.01947923000000007,0.15018277000000002,-0.02159873999999995,0.19869773000000002,0.01345064000000007,0.22925280000000003,-0.03277693999999998,0.22925280000000003,-0.04404182000000001,0.12316223000000004,0.03470287,0.1235733,-0.03501473000000005,0.175562,0.04552160000000005,0.11666335000000005,0.015732490000000043,0.15971627,-0.00602859,0.07907003000000001,-0.01785199999999998,0.18916422999999993,-0.011178200000000027,0.030555070000000017,-0.0015068699999999935,0.025923279999999993,-0.007493479999999997,0.019067000000000056,0.055729425695469834,0.016713980970433154
0.08762721000000001,-0.31604277500000005,0.09181143000000003,-0.32450702500000006,0.09117861,-0.333698215,0.06699945000000002,-0.34120657500000007,0.06248541000000002,-0.36348751500000004,0.005710480000000018,-0.308502645,-0.001034069999999998,-0.28664955500000006,-0.03437577999999997,-0.180118675,-0.03512401999999998,-0.1106810250000001,-9.979999999998324e-05,-0.05033030500000002,0.01242570000000004,0.004135584999999997,0.005275680000000005,-0.008843925000000086,-0.005275680000000005,0.008843924999999975,0.01862807999999999,0.146209425,-0.023477689999999996,0.19376352499999994,0.012542580000000025,0.22909322499999996,-0.032812320000000006,0.22909322499999996,-0.040086259999999985,0.12838397000000001,0.034275979999999984,0.12978837,-0.03408994999999998,0.17596852999999996,0.04754972000000002,0.1148166100000001,0.013352399999999987,0.1550533500000001,-0.006085499999999966,0.08288379999999995,-0.01820200999999999,0.18491959999999996,-0.00933463000000001,0.03532970000000002,-0.006744550000000016,0.021853089999999964,-0.01055136000000001,0.01768785000000006,0.04183318671503277,0.018316858886282913
