0,1,2,3,4,5,6,7,8,9,10,11,12,13,14,15,16,17,18,19,20,21,22,23,24,25,26,27,28,29,30,31,32,33,34,35,36,37,38,39,40,41,42,43,44,45,46,47,48,49,50,51,52,53,54,55
0.064827035,-0.318473355,0.065962205,-0.32801453500000005,0.059388004999999994,-0.335195795,0.042393925,-0.338248975,0.019163525000000015,-0.35089118500000005,0.013549005000000003,-0.25926638500000004,-0.028845104999999996,-0.25861115500000004,0.020996575000000017,-0.12022538500000002,-0.043314515,-0.106411315,0.046872475,-0.014813315000000049,0.0008743449999999986,-0.0020299150000000488,0.005504035000000004,-0.0038912150000000034,-0.0055040349999999905,0.0038912150000000034,-0.023149615,0.173505955,0.050433435,0.19570122499999998,-0.072814985,0.29495178499999997,0.07794610500000002,0.29495178499999997,0.0074475700000000145,0.13904100000000003,0.02587589999999998,0.10541206999999997,-0.014469410000000002,0.15219984000000003,0.044188859999999996,0.10438139999999996,-0.028653650000000003,0.17739717,-0.04966537,0.12144582999999998,0.05593746999999999,0.19181000999999998,0.027512670000000017,0.09925055999999999,-0.04239411,0.0006552300000000066,-0.011008069999999995,0.007782430000000007,0.042785980138867925,0.008703074853251606
0.06302609,-0.32006732,0.06350446000000001,-0.32903484,0.057460819999999996,-0.3370372,0.03894056000000001,-0.33789376,0.018339679999999997,-0.35181812,0.010030139999999993,-0.25725254999999997,-0.02710043599999999,-0.26098499999999997,0.014535429999999988,-0.11596839999999997,-0.04117126,-0.10954834000000002,0.04392452999999999,-0.009229500000000002,0.0032262399999999913,-0.001445099999999977,0.0037777700000000136,-0.002710199999999996,-0.0037777699999999997,0.002710199999999996,-0.024698375999999994,0.17351965999999996,0.05536036,0.19064336000000004,-0.076544825,0.2892211,0.07849923,0.2892211,0.004505289999999995,0.14128415,0.0293891,0.10673889999999997,-0.01407082400000001,0.15143665999999995,0.04439749999999999,0.10810324000000004,-0.028476146000000008,0.17622985999999996,-0.051846449,0.11570144000000004,0.05913813,0.18793316000000004,0.023138870000000006,0.09857773999999997,-0.037130575999999985,-0.0037324499999999983,-0.007555540000000013,0.005420399999999992,0.04067263958716717,0.008143873413192254
0.06821677500000001,-0.313487015,0.069034825,-0.323196855,0.06173688499999999,-0.331164055,0.043902355000000004,-0.334524875,0.02160057500000001,-0.347193025,0.006929125000000008,-0.261314275,-0.021479554999999997,-0.258355225,-0.0001047750000000014,-0.133498475,-0.034983745,-0.096532175,0.028548775,-0.06571467500000006,0.01358648500000001,-0.004172975000000023,0.0017848050000000004,-0.003395524999999955,-0.0017848050000000004,0.003395524999999955,-0.019190614999999994,0.171075325,0.06466244500000001,0.18582712499999998,-0.073329192,0.289959525,0.081482415,0.289959525,-0.00703390000000001,0.12781579999999998,0.02865355,0.06778379999999995,-0.01350419,0.16182305000000002,0.048570230000000006,0.09235919999999997,-0.020975419999999995,0.17447084999999996,-0.05413857700000001,0.1188842,0.06644725000000001,0.18243160000000003,0.01681996999999999,0.10413240000000001,-0.028408680000000006,0.002959049999999963,-0.003569610000000001,0.00679104999999991,0.06782320065348886,0.01713355621329384
0.057510860000000025,-0.30969046999999994,0.05972053000000002,-0.3174849699999999,0.05250663,-0.32596944999999994,0.03647909000000002,-0.3272062799999999,0.011601820000000013,-0.3426990999999999,0.000712100000000021,-0.25653884999999993,-0.03375584999999999,-0.2502200799999999,0.00106746000000002,-0.1367944499999999,-0.05389420499999999,-0.09765394999999988,0.03582758,-0.05917864999999989,-0.0014928599999999848,-0.01660271999999996,0.0021874700000000247,-0.005321249999999944,-0.002187469999999997,0.005321250000000055,-0.029630249999999983,0.17648021000000014,0.05544787000000001,0.19138845000000004,-0.09511889699999998,0.2948346500000001,0.07211537000000001,0.2948346500000001,0.000355359999999999,0.11974440000000003,0.03476011999999998,0.07761580000000001,-0.020138354999999997,0.15256613000000002,0.052401345,0.08105122999999992,-0.03181772000000001,0.18180146000000008,-0.06548864700000001,0.11835443999999995,0.05763534000000001,0.1860672,0.016667500000000002,0.10344620000000004,-0.03446795000000001,0.006318770000000029,-0.004374940000000022,0.0106425,0.06350020894116878,0.021934970791250227
0.058482015,-0.3150930099999999,0.059234484999999976,-0.3234787899999999,0.052868974999999985,-0.3315891499999999,0.034772884999999976,-0.3355762699999999,0.013609394999999996,-0.3483165499999999,-0.00021449500000000898,-0.2633716199999999,-0.027850595000000006,-0.2561007199999999,-0.005344245000000025,-0.14466734999999986,-0.045812191000000016,-0.10328224999999991,0.029773514999999973,-0.06794708999999988,0.013473734999999987,-0.019426449999999873,0.0006045249999999946,-0.005993849999999967,-0.0006045250000000224,0.005993850000000078,-0.02519869500000002,0.16690081000000012,0.058858404999999975,0.19098835000000003,-0.09690872700000001,0.2891841500000001,0.06455169499999999,0.2891841500000001,-0.005129750000000016,0.11870427000000006,0.03511776,0.07672025999999998,-0.01796159600000001,0.15281846999999998,0.059285926,0.08385580000000004,-0.025803220000000016,0.1728946600000001,-0.07171003199999999,0.12228333999999996,0.05946293,0.18499449999999995,0.0056932900000000175,0.09819580000000006,-0.027636099999999997,0.0072709000000000246,-0.001209050000000017,0.011987700000000046,0.06847652096972864,0.02905837326344332
0.05856038999999999,-0.31849850499999993,0.058530869999999985,-0.32695682499999995,0.052162319999999984,-0.33601482499999996,0.036007189999999994,-0.3342563049999999,0.012389910000000004,-0.3502673049999999,-0.0029749300000000145,-0.25866498499999996,-0.02990216000000001,-0.25921692499999993,-0.020264610000000016,-0.14002312499999992,-0.048599340000000005,-0.10497156499999993,0.016693929999999996,-0.06849672499999993,0.009256819999999999,-0.021395224999999907,0.003425139999999993,-0.005045434999999987,-0.003425139999999993,0.005045435000000098,-0.008193720000000015,0.15027213500000003,0.05690498999999999,0.190402375,-0.081622676,0.28876523500000006,0.03851725,0.28876523500000006,-0.01728968,0.11864186000000004,0.03695854000000001,0.07152639999999999,-0.018697179999999994,0.15424536,0.057856160000000004,0.08357634000000003,-0.011618860000000009,0.15531757000000002,-0.07342895599999999,0.13849310000000004,0.06033012999999998,0.18535693999999991,-0.018387739999999986,0.09836286000000005,-0.026927229999999996,-0.000551939999999973,-0.006850279999999986,0.010090870000000085,0.06482381499671391,0.029324744000198875
0.055002035000000005,-0.30799230000000005,0.05365830499999999,-0.31549833000000005,0.049635454999999995,-0.32461934000000003,0.027725925000000012,-0.33177082,0.010372534999999988,-0.34585084000000005,-0.001372535000000008,-0.26269795000000007,-0.032170544999999995,-0.25840006000000004,-0.005259755000000005,-0.1472654,-0.042574854999999995,-0.10951580000000005,0.028627734999999987,-0.06570585000000007,0.010054375000000004,-0.013999950000000094,0.003017264999999991,-0.00573060000000003,-0.003017264999999991,0.005730599999999919,-0.010605945000000006,0.17811119999999991,0.051708384999999996,0.20999376999999997,-0.097257995,0.29549519999999996,0.050735964999999994,0.29549519999999996,-0.003887219999999997,0.11543255000000008,0.03388748999999999,0.08155954999999993,-0.01040431,0.14888426,0.05262923,0.09551584999999996,-0.013623209999999997,0.18384179999999994,-0.08665205,0.11738400000000004,0.05472564999999999,0.20426317000000005,-0.0009724200000000016,0.08550142999999999,-0.030798009999999987,0.004297890000000026,-0.006034529999999982,0.01146119999999995,0.0652144676140456,0.023667749694301323
0.04916238999999997,-0.30843722500000004,0.04951734999999999,-0.31573441500000005,0.04465782999999998,-0.325613225,0.02634527999999997,-0.331452365,0.006229539999999978,-0.348884695,-0.004177110000000012,-0.26463383500000004,-0.03614864000000001,-0.26246456500000004,-0.015969250000000018,-0.145783765,-0.04743975,-0.11525049500000006,0.024265749999999975,-0.05815270500000003,0.0047821299999999956,-0.012064764999999977,0.004300979999999982,-0.0062755650000000385,-0.00430098000000001,0.0062755649999999275,-0.003659110000000021,0.17910063499999995,0.03951532999999999,0.20860699500000002,-0.09546652000000001,0.294839235,0.0385769,0.294839235,-0.011792140000000007,0.11885007000000003,0.04023499999999999,0.08763105999999998,-0.011291109999999993,0.14721406999999997,0.05222188,0.10318573000000009,-0.007960090000000003,0.1853762,-0.09180740999999999,0.11573860000000002,0.04381631,0.2023314300000001,-0.0009384299999999901,0.08623223999999996,-0.03197153,0.002169270000000001,-0.008601959999999992,0.012551129999999966,0.05558623656744985,0.020466328243751896
0.052498985,-0.3067893,0.05389677500000001,-0.31542605,0.04853369499999999,-0.32319697999999997,0.03634111499999998,-0.3264052,0.010071725000000004,-0.34231427,-0.016446514999999995,-0.26499033,-0.018008035000000006,-0.26548015999999997,-0.012359845000000008,-0.14158859999999995,-0.04608479500000001,-0.12137799999999999,0.02244718499999998,-0.04857979999999995,0.008544935000000003,-0.014965950000000006,0.004045444999999981,-0.003430500000000003,-0.004045445000000009,0.003430500000000003,0.04010804499999998,0.1726145,0.010480044999999993,0.19409180000000004,0.029766445000000002,0.2977826,-0.09711565000000001,0.2811253,0.004086669999999987,0.12340173000000004,0.03480702999999999,0.0930088,-0.028076760000000006,0.14410215999999998,0.054629730000000015,0.10641204999999998,0.0360626,0.176045,-0.010341599999999979,0.1251681,0.014525490000000002,0.19066130000000003,-0.107595695,0.08703349999999999,-0.0015615200000000107,-0.0004898299999999689,-0.00809088999999999,0.006861000000000006,0.04875534150754761,0.02229230901335482
0.055394725000000034,-0.30652033,0.05453615500000003,-0.31304233,0.051876864999999994,-0.32315389,0.030119685000000007,-0.33116367999999996,0.014099625000000005,-0.34870833,-0.0033909149999999944,-0.26569613,-0.029169484999999995,-0.26417763,-0.021154424999999977,-0.14033302999999997,-0.038044474999999994,-0.11124983,0.032351535000000015,-0.04508283000000002,0.015848365000000003,-0.004696829999999985,0.004090815000000025,-0.006039429999999957,-0.004090814999999998,0.006039430000000068,0.010632955000000027,0.18046187000000002,0.031433195000000025,0.21190321,-0.08510823899999999,0.29259417,0.019821635000000004,0.29718577,-0.017763509999999982,0.1253631,0.05350595999999999,0.09525019999999995,-0.00887499,0.1529278,0.05389284,0.10655300000000001,0.006542140000000002,0.18650129999999998,-0.09574119400000002,0.11213229999999996,0.03552401000000002,0.20586377999999994,-0.01161156000000002,0.08528256000000001,-0.02577857,0.0015184999999999782,-0.008181630000000023,0.012078860000000025,0.04819808480093793,0.022645930713044257
0.05593666000000003,-0.30949587,0.055364460000000004,-0.31760454,0.05064469999999999,-0.32724497,0.032676730000000015,-0.33142975,0.010022320000000001,-0.34937381,-0.007521520000000004,-0.26555671000000003,-0.030726539999999997,-0.26413485,-0.025891360000000002,-0.14640140999999995,-0.04522292,-0.11414080999999998,0.024791659999999993,-0.04870501000000005,0.01236545,-0.018154910000000024,0.006400550000000005,-0.005686760000000013,-0.006400550000000005,0.005686760000000013,0.012825019999999993,0.17074438999999997,0.02842617,0.20569294999999999,-0.06839543000000001,0.29220879,-0.017745540000000004,0.29220879,-0.01836984,0.11915530000000008,0.050683019999999995,0.0976963999999999,-0.014496380000000003,0.14999404,0.05758837,0.09598589999999996,0.006424469999999988,0.17643114999999998,-0.08122045,0.12146440000000003,0.034826720000000005,0.20000618999999997,-0.046171710000000005,0.08651584000000001,-0.023205019999999993,0.0014218600000000525,-0.01280110000000001,0.011373520000000026,0.0467846423529624,0.030341192863644995
0.05562038,-0.3065868949999999,0.05583668,-0.31483868499999995,0.051011029999999985,-0.32475189499999996,0.03502416999999999,-0.32894448499999995,0.012765119999999991,-0.34839517499999995,-0.005430450000000003,-0.26483862499999994,-0.03023983999999999,-0.2628725249999999,-0.02300916,-0.1491014249999999,-0.04581218000000001,-0.11413122499999995,0.02311378,-0.057588284999999906,0.0072470000000000034,-0.021837424999999966,0.008371400000000001,-0.007311474999999956,-0.008371400000000001,0.007311475000000067,0.03470870000000001,0.15999411500000005,0.028484499999999996,0.2088449750000001,-0.048997540000000006,0.27903532500000006,-0.02816921,0.29457097500000007,-0.017578709999999997,0.11573720000000004,0.04612294,0.09151313999999999,-0.015572340000000018,0.14874129999999997,0.05305918000000001,0.09229379999999998,0.026337300000000008,0.16730559,-0.08370624000000002,0.11904121000000001,0.0368559,0.20153350000000003,-0.056653709999999996,0.08572599999999997,-0.024809389999999987,0.001966100000000026,-0.016742800000000002,0.014622950000000023,0.052393657935293034,0.03306951450762472
0.05389690999999999,-0.308290295,0.05604757000000002,-0.31607806499999996,0.05207503999999999,-0.324275575,0.03749221999999999,-0.331572675,0.01686973,-0.349963665,-0.012333850000000007,-0.274216625,-0.027896100000000007,-0.265616175,-0.03465693,-0.14576572499999996,-0.04143185999999999,-0.11298562499999998,0.013951839999999993,-0.05311042499999996,0.013490620000000009,-0.009293255,0.0066451800000000005,-0.010604375,-0.0066451800000000005,0.010604375,0.053017390000000025,0.14007567500000007,0.021262470000000006,0.212487875,-0.019693760000000005,0.26854947500000004,-0.03533128999999999,0.293221775,-0.022323079999999995,0.12845090000000003,0.048608769999999996,0.0926553,-0.01353575999999998,0.15263055000000003,0.054922479999999996,0.10369236999999998,0.046372210000000025,0.15068005000000007,-0.07271115000000003,0.12847379999999997,0.027907650000000006,0.2018835,-0.05659375999999999,0.08073390000000003,-0.01556225,0.008600449999999982,-0.013290360000000001,0.02120875,0.043129474457244396,0.028308410786494185
0.05688622000000004,-0.30399780000000004,0.058281530000000026,-0.31281412000000003,0.05485334000000003,-0.32025202,0.03853374000000004,-0.3287491,0.018136380000000007,-0.3453059,-0.007015349999999976,-0.27335782000000003,-0.031227949999999977,-0.26141985,-0.02728839999999999,-0.14150596999999998,-0.039675109999999986,-0.10684731999999997,0.025106569999999995,-0.057698620000000034,0.01519590000000004,-0.005396620000000074,0.010284430000000011,-0.012768279999999965,-0.010284429999999983,0.012768279999999965,0.06427627000000002,0.13448077999999997,0.016403100000000004,0.22370888,-0.0043008399999999725,0.26518390999999997,-0.02916664999999999,0.29743378,-0.020273050000000015,0.13185185000000005,0.052394969999999985,0.08380734999999995,-0.008447160000000009,0.15457253000000004,0.054871010000000026,0.1014506999999999,0.05399184000000001,0.14724905999999993,-0.06857711,0.13070313,0.026687529999999987,0.21094060000000003,-0.04556974999999999,0.07372489999999998,-0.0242126,0.01193797000000002,-0.020568859999999994,0.02553655999999993,0.04731206280321336,0.03129234425412872
0.05169570000000001,-0.29863715999999996,0.05326825000000002,-0.30788,0.05042722000000005,-0.31544196999999996,0.03339802000000003,-0.32554629999999996,0.015228290000000033,-0.3423929,-0.00647341999999998,-0.27180805999999996,-0.03888160999999998,-0.25920082,-0.030633349999999976,-0.14122343999999998,-0.04741122999999997,-0.10478162999999996,0.022539699999999996,-0.05537682999999993,0.004146870000000025,-0.007887399999999989,0.013241720000000012,-0.013175700000000012,-0.013241719999999985,0.013175700000000012,0.07101317000000001,0.13202714000000004,0.005804379999999998,0.22233880000000006,0.009195050000000038,0.27142750000000004,-0.019397889999999973,0.3014453,-0.024159929999999996,0.13058461999999998,0.05317304999999997,0.08584661000000005,-0.008529619999999988,0.15441919000000004,0.051558099999999996,0.09689422999999997,0.05777145,0.14520284000000006,-0.061818119999999976,0.13940036,0.019046099999999982,0.20916310000000005,-0.02520226999999997,0.07910649999999997,-0.03240819,0.012607239999999964,-0.026483439999999997,0.026351400000000025,0.04321328274219968,0.027313316235823514
0.05104660500000002,-0.301376575,0.053271995000000016,-0.30984287499999996,0.050608445,-0.31741052499999994,0.034988605000000006,-0.32795669499999996,0.017213155000000036,-0.34604872499999995,-0.00238851499999998,-0.27281766499999993,-0.03708910499999998,-0.26530545499999997,-0.017380784999999982,-0.128367055,-0.04767147499999999,-0.10713682499999999,0.041653054999999994,-0.03727268499999992,0.003557195000000013,-0.009919154999999957,0.013360425000000009,-0.011581174999999999,-0.013360424999999981,0.011581174999999999,0.07295047500000001,0.13220417500000003,-0.00041762499999997704,0.2181192150000001,0.011390225000000032,0.285472045,-0.025897894999999976,0.29806817500000005,-0.014992270000000002,0.14445060999999992,0.059033839999999976,0.09109437000000009,-0.010582370000000008,0.15816862999999998,0.051228670000000004,0.09721767000000003,0.059590050000000006,0.14378535000000003,-0.06156024999999998,0.15326786999999997,0.012942800000000004,0.2065380400000001,-0.02548027,0.07994895999999996,-0.03470059,0.007512209999999964,-0.02672084999999999,0.023162349999999998,0.03821683658280726,0.027358180797949595
0.05070561000000001,-0.2999999599999999,0.05156000999999999,-0.3080087299999999,0.05011725,-0.3160527099999999,0.032000309999999976,-0.3232255299999999,0.015808580000000017,-0.3419142099999999,-0.0018083500000000141,-0.2662619699999999,-0.03915982000000001,-0.2630895299999999,-0.010575449999999986,-0.12418052999999996,-0.05161588,-0.10840368999999994,0.04585787000000002,-0.03465052999999996,0.0010799400000000015,-0.01035832999999986,0.014941389999999999,-0.01003986999999995,-0.014941389999999999,0.010039870000000062,0.07193049000000001,0.13823461000000015,-0.007727060000000008,0.21261547000000014,0.025157150000000017,0.29070987000000015,-0.037485889999999994,0.2967637700000001,-0.008767099999999972,0.14208143999999995,0.05643332000000001,0.08953,-0.012456059999999991,0.15468583999999996,0.052695820000000004,0.09804536000000008,0.056989100000000015,0.1482744800000001,-0.04677334,0.15247526,0.007214329999999991,0.20257560000000008,-0.029758829999999986,0.08414829999999995,-0.03735147,0.0031724399999999986,-0.029882779999999998,0.020079740000000013,0.03951598817220698,0.02593780210829161
0.04948669499999997,-0.29976743,0.05254670499999997,-0.30864305000000003,0.048412084999999994,-0.31786319,0.036528165,-0.31972399,0.01661929499999998,-0.34175577,0.0032477650000000136,-0.26203593000000003,-0.03466260500000001,-0.26619833,-0.0014232450000000174,-0.11749805000000002,-0.05447761500000001,-0.11211444999999998,0.04822443500000001,-0.04514980000000002,-0.0015002250000000217,-0.014552750000000003,0.015429195000000007,-0.007737450000000035,-0.015429195000000007,0.007737450000000035,0.06742123499999997,0.14027904999999996,-0.013536245000000002,0.20875385000000002,0.04916733499999998,0.27921355000000003,-0.04011166500000002,0.29368085,-0.004671010000000031,0.14453788,0.04964768000000003,0.07234825,-0.019815009999999994,0.15408388,0.052977389999999985,0.09756169999999997,0.05199203999999996,0.1480165,-0.01825389999999999,0.13893450000000007,0.0018929500000000044,0.20101639999999998,-0.026575420000000016,0.08492699999999997,-0.03791037000000003,-0.004162399999999955,-0.030858390000000013,0.01547490000000007,0.04975149946665024,0.026284391210391413
0.05122194999999996,-0.2960882999999999,0.05383796999999996,-0.3050575599999999,0.05072283,-0.3141337399999999,0.03672566999999999,-0.3169005599999999,0.019520119999999974,-0.3385762699999999,0.0007017999999999747,-0.2623288699999999,-0.030306350000000037,-0.2673542599999999,-0.0014236100000000196,-0.11568203999999993,-0.05445555000000002,-0.11109385999999988,0.05704779999999998,-0.05080919999999989,-0.004436180000000012,-0.01621023999999993,0.01362331,-0.006680999999999937,-0.01362331,0.006681000000000048,0.06269185999999999,0.14699896000000012,-0.01904095,0.20617696000000008,0.06655721999999997,0.2921309700000001,-0.04471627000000003,0.2947162000000001,-0.0021254099999999942,0.14664682999999995,0.05847141,0.06487284000000004,-0.024149199999999982,0.15626040000000002,0.05001937000000001,0.09488361999999995,0.04906854999999999,0.15367996000000006,0.0038653599999999844,0.14513200999999998,-0.005417640000000001,0.19949596000000003,-0.02567532000000003,0.08853924000000002,-0.031008150000000012,-0.0050253900000000185,-0.02724662,0.013361999999999985,0.061911100515174934,0.0246660135890358
0.052986670000000013,-0.30061265,0.0557242,-0.31062933,0.051642120000000014,-0.31985839,0.03859707000000001,-0.31938209,0.019488630000000007,-0.34117475,0.001336489999999968,-0.26126658,-0.027493570000000023,-0.26669045,0.004348669999999999,-0.12243375000000001,-0.05660948000000002,-0.11375780999999996,0.06707782000000001,-0.052070750000000054,0.0009943700000000222,-0.01828295000000002,0.012625070000000016,-0.004945149999999954,-0.012625070000000016,0.004945149999999954,0.06032057000000002,0.15407125,-0.018016010000000027,0.19425495000000004,0.07423613000000001,0.28896115,-0.04221766000000002,0.28896115,0.003012180000000031,0.13883283000000002,0.06272915000000001,0.07036299999999995,-0.029115909999999995,0.15293264000000006,0.05760385000000004,0.09547485999999994,0.0476955,0.15901639999999995,0.013915559999999993,0.1348899,-0.005390940000000011,0.18930980000000008,-0.02420164999999999,0.09470619999999996,-0.02883005999999999,-0.005423869999999997,-0.025250140000000032,0.009890299999999907,0.07201336096810444,0.026926451224095607
0.05011521000000002,-0.29694381999999997,0.05354171000000002,-0.30566517,0.04920411000000002,-0.31545895999999995,0.03775487999999999,-0.3144238,0.018123810000000018,-0.33790383999999996,0.00361520999999998,-0.25981707,-0.03318734000000001,-0.26532787999999996,0.005380769999999979,-0.12342039999999999,-0.06738402000000002,-0.11180780000000001,0.06835554999999999,-0.052469199999999994,-0.004154690000000016,-0.02186462999999994,0.014921289999999976,-0.00540699999999994,-0.014921289999999976,0.005407000000000051,0.05473264,0.15458115000000006,-0.02735188999999999,0.19965156000000006,0.06301952999999999,0.29049780000000003,-0.05237660999999999,0.29049780000000003,0.0017655599999999994,0.13639667,0.06297478000000001,0.07095119999999999,-0.03419668000000001,0.15352007999999995,0.06322933,0.08994317000000007,0.03981135000000002,0.15998815,0.008286889999999991,0.13591664999999997,-0.012430600000000014,0.19424456,-0.02502472,0.09084623999999997,-0.03680254999999999,-0.005510809999999977,-0.029842579999999952,0.01081399999999999,0.07120442971183469,0.029319984284049312
0.050326320000000035,-0.29089628,0.05461102000000001,-0.29911597,0.04949302,-0.30973478000000004,0.04006280000000001,-0.30905257,0.018064120000000017,-0.33483817000000005,0.005037950000000013,-0.25618475,-0.034823099999999996,-0.26437007,0.007334400000000019,-0.12156735000000007,-0.07038258,-0.11551535000000002,0.07371520000000004,-0.05093895000000004,-0.008051179999999991,-0.027587550000000016,0.015723719999999997,-0.005450850000000007,-0.015723719999999997,0.005450850000000007,0.05695515000000001,0.15212251,-0.02751577999999999,0.20166690999999992,0.055722700000000014,0.29251594999999997,-0.05783914000000001,0.29251594999999997,0.0022964500000000054,0.13461739999999994,0.06638080000000002,0.07062840000000004,-0.035559480000000004,0.14885472,0.06233140000000001,0.0879278,0.04123143000000001,0.15757336,-0.001232449999999996,0.14039343999999998,-0.011792059999999993,0.19621605999999991,-0.03032336000000002,0.09084904000000005,-0.03986105000000001,-0.008185319999999996,-0.03144743999999999,0.010901700000000014,0.0737033173893849,0.033917602282761694
0.04764057000000005,-0.2888890349999999,0.051581120000000036,-0.29567301499999993,0.048010300000000006,-0.30661101499999993,0.036707250000000025,-0.30620158499999994,0.018681110000000056,-0.3332416549999999,0.0034977500000000217,-0.25647137499999995,-0.03751232999999998,-0.26539007499999995,0.010560400000000025,-0.12778426499999995,-0.07965054999999996,-0.12282128499999989,0.07570995000000003,-0.048098414999999894,-0.018848379999999942,-0.03864605499999996,0.015567050000000027,-0.005416884999999927,-0.015567049999999971,0.005416885000000038,0.053312990000000005,0.15131458500000006,-0.027655119999999977,0.20120718500000012,0.046022650000000054,0.29119478500000007,-0.06558984999999995,0.29119478500000007,0.007062650000000004,0.12868711,0.06514955,0.07968585000000006,-0.042138219999999976,0.14256879000000006,0.060802170000000016,0.08417522999999993,0.03774593999999998,0.15673146999999998,-0.007290339999999951,0.1398802,-0.012088070000000006,0.19579030000000008,-0.03793472999999997,0.08998759999999995,-0.041010080000000004,-0.008918700000000002,-0.031134099999999998,0.010833769999999965,0.07374877235283918,0.044184950017087256
0.045399750000000016,-0.28652344999999996,0.04815523999999999,-0.29144211999999997,0.047003830000000024,-0.30303586999999993,0.032419050000000005,-0.30172344999999995,0.01863541000000002,-0.3305410899999999,0.004763010000000012,-0.25176384999999996,-0.04411873999999999,-0.26428331999999993,0.018300970000000027,-0.1254451499999999,-0.08486078,-0.12332804999999991,0.07371601,-0.04965250999999993,-0.02380338999999998,-0.04029928999999999,0.018403210000000003,-0.005724649999999998,-0.018403210000000003,0.005724649999999998,0.05424542999999998,0.1490942500000001,-0.02251884999999998,0.20289265,0.03655791000000003,0.29166175000000005,-0.07414965000000001,0.29166175000000005,0.013537960000000016,0.12631870000000006,0.05541503999999997,0.07579263999999997,-0.04074204000000001,0.14095527000000002,0.06105739000000002,0.08302875999999992,0.03584221999999998,0.1548189000000001,-0.017687519999999957,0.14256749999999996,-0.004115639999999976,0.197168,-0.05163080000000003,0.08876910000000005,-0.04888175,-0.012519469999999977,-0.036806420000000006,0.011449299999999996,0.0706340054649288,0.04633966979981621
0.044504985,-0.28080126,0.048071034999999984,-0.28537616,0.045117064999999956,-0.29795511999999996,0.03420631499999999,-0.2944765,0.014532364999999992,-0.32560437,0.00615669499999999,-0.24294268999999996,-0.04698385500000002,-0.25983205,0.022835954999999963,-0.12115690000000001,-0.08958758500000003,-0.12143464999999998,0.07620671499999998,-0.03819592999999999,-0.020480235000000013,-0.04278190000000004,0.019387714999999972,-0.003811600000000026,-0.019387715000000028,0.003811600000000026,0.046286355,0.15836034,-0.02032162500000001,0.19452884999999998,0.032412155,0.2945647,-0.07601531500000003,0.2945647,0.016679259999999974,0.12178578999999995,0.05337076000000002,0.08296097000000002,-0.042603730000000006,0.1383974,0.06910735000000001,0.07865274999999994,0.02689864000000003,0.16217194000000001,-0.013874200000000003,0.13620436000000002,-0.0009339099999999823,0.19071724999999995,-0.05569369000000002,0.10003585000000004,-0.05314055000000001,-0.01688936000000002,-0.03877543,0.007623200000000052,0.06641295739950825,0.04660630689295609
0.04492814500000003,-0.2825049000000001,0.04835153500000006,-0.2869247500000001,0.04590229500000004,-0.2999414200000001,0.034188995000000055,-0.2961516000000001,0.01590366500000001,-0.3284247500000001,0.007802735000000061,-0.24327257000000008,-0.04765180499999999,-0.2633353800000001,0.023785155000000058,-0.11958915000000014,-0.09389545499999996,-0.12582827000000008,0.07494403500000002,-0.036610300000000096,-0.02091016499999998,-0.046425700000000125,0.019846365000000032,-0.003038170000000062,-0.019846364999999977,0.003038169999999951,0.04098002500000003,0.16120093999999985,-0.019854924999999968,0.19453036999999984,0.022202115000000022,0.2928135999999999,-0.07691292499999997,0.2928135999999999,0.015982419999999997,0.12368341999999993,0.05115887999999996,0.08297885000000005,-0.04624364999999997,0.13750711000000004,0.07298528999999998,0.07940256999999995,0.02113366,0.1642391099999999,-0.01877791000000001,0.13161266000000005,-8.559999999990797e-06,0.1914921999999999,-0.057058,0.09828323000000005,-0.05545454000000005,-0.020062810000000042,-0.03969273000000001,0.006076340000000013,0.0645200833242317,0.04947530804165758
0.04425805999999999,-0.280011785,0.04805685999999998,-0.283256365,0.04540995999999997,-0.29689080500000004,0.03409247999999998,-0.292080355,0.016807379999999983,-0.325801985,0.006099220000000016,-0.24093677500000005,-0.045205439999999986,-0.262267935,0.021810859999999987,-0.11817603500000007,-0.09574359999999998,-0.124762665,0.07396447,-0.027880534999999984,-0.022626069999999998,-0.04329760500000002,0.01694399000000002,-0.002009165000000035,-0.01694399000000002,0.002009164999999924,0.03590542000000002,0.16618762499999995,-0.019399820000000012,0.19437306499999996,0.009541840000000024,0.296250865,-0.07687959,0.296250865,0.01571163999999997,0.12276073999999998,0.05215361000000002,0.09029550000000008,-0.05053816,0.13750527,0.07311752999999999,0.08146505999999998,0.01896143,0.16819678999999998,-0.026363579999999998,0.13006324000000002,-0.002455829999999992,0.19236390000000003,-0.057479769999999986,0.10187780000000002,-0.05130466,-0.02133115999999996,-0.03388798000000004,0.004018329999999959,0.0626151972376299,0.04566168460492116
0.04607549500000002,-0.27303193,0.05020113500000001,-0.27592766999999996,0.047060495000000035,-0.28958377999999996,0.03679786500000004,-0.28465022999999995,0.018595955000000053,-0.31854815,0.008955165000000043,-0.23428453,-0.043370224999999984,-0.25743995,0.023069195000000042,-0.11242306999999996,-0.09455480499999996,-0.12343269999999995,0.07110519500000001,-0.020240329999999918,-0.023477204999999945,-0.04148502999999992,0.016887175000000032,-0.0013422299999999998,-0.016887174999999977,0.0013422299999999998,0.03273139500000005,0.17128991999999998,-0.013992734999999978,0.19567517,0.002295455000000002,0.30249327000000004,-0.07262640499999995,0.30249327000000004,0.01411403,0.12186146000000003,0.04803599999999997,0.09218274000000004,-0.05118457999999998,0.13400725000000002,0.07107760000000002,0.08194767000000003,0.01584422000000002,0.17263214999999998,-0.03043594000000005,0.13120335000000005,0.002894439999999998,0.19433294,-0.05863366999999997,0.10681810000000003,-0.05232539000000003,-0.023155419999999982,-0.03377435000000001,0.0026844599999999996,0.057417174053852514,0.043331313094671996
0.05093107000000002,-0.2699570600000001,0.055879750000000006,-0.2726543800000001,0.051522290000000026,-0.2869770200000001,0.043278130000000026,-0.2818543300000001,0.021134150000000018,-0.3173057700000001,0.01308145000000005,-0.23221037000000005,-0.041839919999999975,-0.2568676800000001,0.02523840000000005,-0.1119597000000001,-0.09482474999999996,-0.12552350000000012,0.06790823000000001,-0.017932740000000114,-0.02638584999999999,-0.04525253000000007,0.01745395000000005,-0.0009100000000000774,-0.017453949999999996,0.0009099999999999664,0.029491820000000002,0.17505594999999996,-0.011651849999999964,0.19799235999999987,-0.0031536499999999523,0.3056209999999999,-0.07131289999999996,0.3056209999999999,0.01215695,0.12025066999999995,0.042669829999999964,0.09402695999999999,-0.05298482999999998,0.13134417999999998,0.06843889999999997,0.08027097000000005,0.01203786999999995,0.17596595000000004,-0.032645469999999954,0.13056504999999996,0.005802100000000032,0.1970823599999999,-0.05966104999999999,0.10762864000000005,-0.054921370000000025,-0.024657310000000043,-0.03490790000000005,0.0018200000000000438,0.053248549721339807,0.047018698552925765
0.052017900000000006,-0.27338798499999994,0.057853670000000024,-0.27701200499999995,0.05254227,-0.29119236499999995,0.04567041999999999,-0.28740753499999994,0.024475460000000004,-0.322409525,0.016827599999999998,-0.23858930499999997,-0.03821882999999998,-0.26188601499999997,0.025079200000000024,-0.11824755499999995,-0.09461775,-0.13342188499999996,0.06509890000000002,-0.023533984999999924,-0.026327070000000008,-0.05173294499999992,0.016396670000000002,-0.001071314999999906,-0.016396670000000002,0.0010713150000000171,0.026613270000000022,0.18194337500000002,-0.011890619999999963,0.20105685500000003,-0.012380000000000002,0.29923881500000005,-0.05542706999999997,0.29923881500000005,0.008251600000000026,0.12034175000000003,0.04001969999999999,0.09471357000000002,-0.05639892000000002,0.12846413,0.06829067999999999,0.08168894000000004,0.01021660000000002,0.18301468999999992,-0.038993270000000024,0.11729544000000003,0.004506050000000039,0.19998554000000002,-0.043536450000000004,0.09818196000000001,-0.05504642999999998,-0.023296709999999998,-0.032793340000000004,0.002142629999999923,0.05363281412066499,0.0537299052512434
0.053971970000000036,-0.27513386,0.060169990000000007,-0.27803727,0.05512398000000002,-0.29295318,0.047933630000000005,-0.28743167,0.027695709999999985,-0.32438249999999996,0.018408289999999994,-0.23722376,-0.037243760000000015,-0.26286297,0.024336159999999996,-0.11796260000000003,-0.09444492999999998,-0.13562129999999994,0.06234175000000003,-0.022957899999999976,-0.02831676999999999,-0.05038029999999993,0.01618459,-0.0005969000000000113,-0.01618459,0.0005969000000000113,0.023319179999999995,0.1841815,-0.011661829999999984,0.20284380000000002,-0.020177429999999996,0.2987075,-0.05353089,0.2987075,0.005927870000000002,0.11926115999999998,0.038005590000000034,0.09500470000000005,-0.05720116999999997,0.12724167000000003,0.06612815999999999,0.08524100000000001,0.007134589999999996,0.1847784,-0.04349660999999999,0.11452600000000002,0.0045227600000000145,0.2022469,-0.041869060000000013,0.0958637,-0.05565205000000001,-0.025639209999999968,-0.03236918,0.0011938000000000226,0.05128837821832156,0.052400999144981905
0.05691374499999996,-0.27034224999999995,0.063121025,-0.27224613,0.058717944999999994,-0.28788982999999996,0.051090904999999964,-0.28152049999999995,0.030890594999999965,-0.32066459999999997,0.019177624999999976,-0.23057804999999998,-0.035692375,-0.26182478,0.02234406499999997,-0.10980362999999993,-0.09085165500000003,-0.13511562999999993,0.06282986499999998,-0.016033279999999928,-0.03024067500000005,-0.04564532999999993,0.016488124999999965,0.0007029700000000805,-0.01648812500000002,-0.0007029699999999695,0.021581724999999996,0.18514742000000006,-0.005153555000000032,0.20431167000000006,-0.019279795000000044,0.30498917000000003,-0.05438049500000003,0.30498917000000003,0.0031664399999999926,0.12077442000000005,0.040485800000000016,0.09377035,-0.05515928000000003,0.12670915000000005,0.06061097999999998,0.0894703,0.0050936000000000314,0.18444444999999998,-0.04086152000000004,0.11984174999999997,0.011334569999999988,0.20501464000000003,-0.04922694,0.10067749999999998,-0.054869999999999974,-0.03124673,-0.032976249999999985,-0.00140594000000005,0.049271278959350163,0.046999450569896
0.06023423,-0.27029097500000004,0.06577024999999997,-0.272332695,0.06204170999999997,-0.287776595,0.0520293,-0.282703345,0.033418610000000015,-0.32093525500000003,0.020314200000000004,-0.231940125,-0.03410725000000003,-0.263254945,0.020402350000000014,-0.10911907500000007,-0.08869152000000002,-0.13702461500000007,0.062452569999999985,-0.016666775000000023,-0.030135469999999998,-0.04271432500000005,0.015936549999999994,0.0006897750000000036,-0.015936549999999994,-0.0006897750000000036,0.017472790000000016,0.18443879499999993,-0.003894110000000006,0.20423397499999996,-0.024329109999999987,0.304501025,-0.04344760000000003,0.304501025,8.815000000000905e-05,0.12282104999999993,0.04205021999999997,0.09245230000000004,-0.05458426999999999,0.12623032999999995,0.058556050000000026,0.09431029000000002,0.001536240000000022,0.18374901999999993,-0.0418019,0.12006223000000005,0.012042439999999988,0.20492374999999996,-0.039553490000000024,0.10026705000000002,-0.05442145000000004,-0.03131482000000002,-0.03187309999999999,-0.0013795500000000072,0.04964866508319131,0.04435845051248865
0.06114006500000002,-0.27030542500000004,0.06670732500000004,-0.27267792500000004,0.062953125,-0.287947025,0.052430155000000034,-0.28390553500000004,0.034078365,-0.32149100500000005,0.02034222499999999,-0.23394235500000005,-0.03362957499999997,-0.263080855,0.017609625000000018,-0.11157805500000006,-0.08797217499999999,-0.13711491500000006,0.059786494999999995,-0.019112155000000075,-0.03421559499999999,-0.04538062500000006,0.015522095000000014,0.00023850499999999997,-0.015522094999999958,-0.00023850499999999997,0.014860185000000026,0.18429674499999993,-0.003777744999999999,0.20643439499999994,-0.02699857499999997,0.30420574499999997,-0.03570142500000001,0.30420574499999997,-0.002732599999999974,0.12236429999999998,0.04217686999999998,0.09246589999999999,-0.05434260000000002,0.12596593999999994,0.05375658,0.09173429,-0.0006619099999999878,0.18405823999999993,-0.041858759999999995,0.11990900000000004,0.011744349999999959,0.20667289999999994,-0.03192368000000001,0.09777135000000003,-0.05397179999999996,-0.029138499999999956,-0.03104418999999997,-0.00047700999999999993,0.04830926567228694,0.04885957368156631
0.062022299999999975,-0.26967928,0.06715892999999995,-0.27251715000000004,0.06385497999999995,-0.28740380000000004,0.05200758,-0.28440128000000003,0.03529544999999995,-0.32088678000000004,0.021153599999999995,-0.23467875000000005,-0.033056470000000004,-0.26337174,0.016721179999999947,-0.10862232000000005,-0.08782846000000005,-0.13469008000000005,0.05984518,-0.01960837999999998,-0.03170196000000003,-0.04430158000000006,0.01552897999999997,0.00025898000000001975,-0.015528980000000026,-0.00025898000000001975,0.01203810999999999,0.18599151999999997,-0.005197320000000005,0.20736186999999995,-0.025954160000000004,0.30351101999999996,-0.029443920000000012,0.30351101999999996,-0.004432420000000048,0.12605643,0.04312400000000005,0.08901394000000007,-0.05477199000000005,0.12868165999999998,0.056126500000000024,0.09038849999999998,-0.0034908699999999793,0.18573253999999995,-0.037992269999999995,0.1175195,0.01033166000000002,0.20762084999999997,-0.024246600000000007,0.09614915000000002,-0.05421007,-0.028692989999999974,-0.031057959999999996,-0.0005179600000000395,0.04856580665251636,0.04691818300872705
0.06182375499999998,-0.26713912000000006,0.066623655,-0.2698525600000001,0.06425905500000001,-0.28494290000000005,0.05015307499999999,-0.28145294000000004,0.03573805499999999,-0.31838946000000007,0.017550344999999967,-0.23299782000000008,-0.032597865000000004,-0.26063995000000006,0.011086104999999957,-0.10921900000000007,-0.08438867500000002,-0.1307280500000001,0.05771100499999998,-0.02677710000000011,-0.02858302500000004,-0.03890350000000009,0.014299424999999977,0.00011799999999995148,-0.014299425000000032,-0.0001180000000000625,0.009591134999999973,0.18740493999999996,-0.006935595000000017,0.20919085999999998,-0.024964275000000036,0.30463529999999994,-0.025823354999999992,0.30463529999999994,-0.00646424000000001,0.12377882000000001,0.046624900000000025,0.08244189999999996,-0.05179081000000002,0.12991189999999997,0.055805649999999984,0.09182455,-0.004708290000000004,0.18728694,-0.03455541000000001,0.11723035999999998,0.007363830000000016,0.20930886000000004,-0.018887759999999976,0.09544443999999996,-0.05014820999999997,-0.027642129999999987,-0.02859885000000001,-0.00023600000000001398,0.051067716632980605,0.04133202437831956
0.060480584999999976,-0.26718362999999995,0.06529593499999997,-0.26995709999999995,0.06315764499999998,-0.28515509999999994,0.048646085000000006,-0.28232169999999995,0.035404145,-0.31934507999999995,0.014842154999999968,-0.23627795999999995,-0.032789115000000035,-0.26255106999999994,0.0023212850000000063,-0.11617080000000002,-0.08371135500000004,-0.1310593,0.04939430499999997,-0.043548249999999955,-0.024014145000000042,-0.039150599999999924,0.013944264999999956,-0.00030319999999994796,-0.013944265000000011,0.000303200000000059,0.011518004999999998,0.18270010000000003,-0.008003864999999999,0.20562706000000008,-0.022455365000000005,0.30423120000000003,-0.024717455,0.30423120000000003,-0.012520869999999962,0.12010715999999994,0.047073019999999965,0.07262255000000006,-0.05092224000000001,0.13149176999999995,0.05969721,0.09190870000000007,-0.002426259999999958,0.18300329999999998,-0.03397337,0.1215311,0.005940400000000012,0.20532386000000002,-0.01671359,0.09860413999999995,-0.04763127,-0.02627310999999999,-0.027888529999999967,0.0006064000000000069,0.05591815166387478,0.040718605300948105
0.060578224999999986,-0.26940779499999995,0.06533238499999999,-0.272052615,0.06351315499999999,-0.28727279499999997,0.04812463500000003,-0.284540735,0.035944105000000004,-0.321514755,0.01292148500000001,-0.23901099499999995,-0.031521564999999974,-0.26368249499999996,-0.00019338499999999037,-0.12068649499999995,-0.08084872500000001,-0.13038869499999994,0.04723819499999998,-0.052227344999999925,-0.020742044999999987,-0.03886029499999999,0.012800005000000003,-0.0004484350000000248,-0.012800005000000003,0.0004484350000000248,0.007797755000000017,0.18424610500000005,-0.006940645000000023,0.20746055500000005,-0.028545914999999977,0.304239605,-0.025151285000000023,0.304239605,-0.01311487,0.1183245,0.04743157999999997,0.06845915000000002,-0.04932716000000004,0.13329380000000002,0.06010668000000002,0.09152839999999995,-0.005002249999999986,0.18469454000000007,-0.036343669999999995,0.11999349999999998,0.00585935999999998,0.20701212000000002,-0.01821064,0.09677904999999998,-0.044443049999999984,-0.024671500000000013,-0.025600010000000006,0.0008968700000000496,0.062185564653416056,0.04010302050437723
0.060531575000000004,-0.27117833499999994,0.065083485,-0.27391308499999995,0.06331439500000002,-0.28910359499999994,0.047656435,-0.2859535749999999,0.035348935000000026,-0.3226445149999999,0.011724875000000023,-0.23922356499999992,-0.030804465000000003,-0.26442849499999993,-0.000541664999999969,-0.12068548499999987,-0.08032866499999997,-0.13293245499999995,0.047761575,-0.05774251499999994,-0.019374804999999995,-0.04223414499999989,0.012271215000000002,-0.0006159849999999301,-0.012271215000000002,0.0006159850000000411,0.005927535000000039,0.18023728500000002,-0.007636324999999999,0.2070479850000001,-0.02871006499999995,0.3041097850000001,-0.028569624999999987,0.3041097850000001,-0.012266539999999992,0.11853808000000005,0.04830323999999997,0.06294296999999993,-0.04952419999999996,0.13149603999999998,0.06095385999999997,0.09069831000000006,-0.006343679999999963,0.18085326999999995,-0.03463759999999999,0.12387250000000005,0.004634890000000003,0.20643200000000006,-0.020933299999999988,0.09706179999999998,-0.04252934000000003,-0.025204930000000014,-0.024542430000000004,0.0012319699999999711,0.06725329793229846,0.04343494712676641
0.06090874000000002,-0.27211017000000004,0.06489158000000006,-0.27507117000000003,0.06366912000000002,-0.28983827,0.04649774000000001,-0.28759662,0.03549520000000006,-0.32298104,0.009901920000000064,-0.24135969000000002,-0.02974667999999997,-0.26387045000000003,-0.00204630999999994,-0.12581271000000005,-0.07843391999999999,-0.12999154000000002,0.04711742000000002,-0.06598497000000003,-0.013422509999999943,-0.041446870000000025,0.011418660000000025,-0.0006930299999999834,-0.01141865999999997,0.0006930299999999834,0.00435562000000006,0.18083342999999996,-0.007946489999999973,0.20347576999999994,-0.02947371999999998,0.30416053,-0.03040807999999995,0.30416053,-0.011948230000000004,0.11554697999999997,0.04916372999999996,0.05982774000000002,-0.04868724000000002,0.13387891000000002,0.06501141000000005,0.08854466999999999,-0.007063039999999965,0.18152645999999995,-0.03382934000000004,0.12332710000000002,0.0034721699999999966,0.20278273999999996,-0.022461589999999976,0.10068476000000004,-0.039648600000000034,-0.02251076000000002,-0.022837319999999994,0.0013860599999999668,0.07441396975367734,0.04218751695504845
0.06078514499999993,-0.2793282,0.06433146499999998,-0.28249244,0.06348468499999993,-0.29713686000000006,0.04486012499999997,-0.29495410000000005,0.03489138499999994,-0.32963460000000006,0.007856934999999954,-0.24802500000000005,-0.029647595000000027,-0.26898810000000006,-0.005774515000000036,-0.13323490000000004,-0.07637071500000003,-0.13291673000000004,0.04337480499999996,-0.08051059999999999,-0.009252735000000067,-0.0446628,0.010951514999999967,-0.0009394000000000347,-0.010951515000000023,0.0009393999999999236,0.0015606249999999267,0.1813716999999999,-0.010110535000000032,0.2045675,-0.031152695000000064,0.29819799999999996,-0.03146186500000003,0.29819799999999996,-0.01363144999999999,0.1147901,0.049149319999999996,0.05272430000000006,-0.04672312000000001,0.13607137000000002,0.06711797999999997,0.08825393000000004,-0.00939089000000004,0.18231109999999995,-0.03271331999999999,0.11682630000000005,0.0008409799999999912,0.2036281000000001,-0.02135133,0.09363049999999995,-0.03750452999999998,-0.020963100000000012,-0.02190302999999999,0.0018787999999999583,0.08592348691634955,0.045633830633953945
0.062077364999999995,-0.28137736999999996,0.06547038500000002,-0.28476879,0.06481482500000002,-0.29894575,0.04548709500000003,-0.29747378999999996,0.03652809500000004,-0.33091609,0.007794065000000017,-0.25174664999999996,-0.027338095000000007,-0.26959179,-0.005712374999999992,-0.14048514,-0.07278437499999996,-0.13169308999999996,0.043058664999999996,-0.09167698999999996,-0.004668754999999969,-0.04506498999999997,0.010279435000000003,-0.0012857600000000247,-0.010279435000000003,0.0012857600000000247,0.0013188350000000182,0.18157361000000005,-0.008788154999999964,0.20393691000000003,-0.029892034999999983,0.29630241,-0.030853874999999975,0.29630241,-0.013506440000000008,0.11126150999999995,0.04877103999999999,0.04880815000000005,-0.04544627999999995,0.13789870000000004,0.06811561999999999,0.08662809999999999,-0.008960599999999985,0.18285937000000008,-0.03121087,0.11472879999999996,0.0014912800000000392,0.20265115,-0.02206572000000001,0.09236549999999999,-0.03513216000000002,-0.017845140000000037,-0.020558870000000007,0.0025715200000000493,0.09615119541797588,0.046689096753148904
0.061718419999999996,-0.28539615000000007,0.06612505000000002,-0.28904542000000005,0.06478605000000004,-0.30301398000000007,0.047110030000000025,-0.29939725000000006,0.037817950000000045,-0.33348855000000005,0.007293750000000043,-0.25422403000000005,-0.026166689999999992,-0.26971707000000006,-0.003915919999999962,-0.1429593,-0.06700016999999997,-0.12873465000000006,0.04658608000000003,-0.09914529000000005,-0.003602879999999975,-0.04866075000000003,0.010021950000000002,-0.0016132000000000923,-0.010021950000000002,0.0016131999999999813,0.004706130000000031,0.17848354999999994,-0.00729481999999998,0.20083450999999997,-0.02272428999999998,0.29299604999999995,-0.025415589999999988,0.29299604999999995,-0.011209670000000005,0.11126473000000003,0.05050199999999999,0.04381400999999996,-0.04083347999999998,0.14098242,0.06339729,0.08007390000000003,-0.005315819999999971,0.18009675000000003,-0.02743042000000001,0.11451250000000002,0.002727130000000022,0.19922130999999998,-0.018120770000000008,0.09216153999999999,-0.033460440000000036,-0.015493040000000013,-0.020043900000000003,0.0032264000000000737,0.1041606652360909,0.05068209257979984
0.06110191500000001,-0.28367363,0.06467548499999998,-0.28750782,0.06363154499999996,-0.30142059000000004,0.044597324999999965,-0.29998620000000004,0.035465004999999994,-0.33200237000000005,0.0046420449999999835,-0.25719097,-0.025720834999999997,-0.26661967000000003,-0.008271555000000042,-0.15770797000000003,-0.06572493500000004,-0.12442517000000008,0.04080346499999998,-0.10371711000000006,0.0023235449999999824,-0.03814907000000001,0.00910377499999998,-0.0023059699999999905,-0.009103775000000036,0.0023059699999999905,0.0017632449999999689,0.18255032999999998,-0.008333895000000036,0.20368467,-0.02813243500000001,0.29545942999999997,-0.03312485500000001,0.29545942999999997,-0.012913600000000025,0.09948299999999999,0.049075020000000025,0.053990859999999974,-0.04000410000000004,0.14219449999999995,0.06804848000000002,0.08627610000000008,-0.007340530000000012,0.18485629999999997,-0.02989567999999998,0.11290909999999998,0.0007698800000000006,0.20137870000000002,-0.024790959999999973,0.09177475999999996,-0.03036287999999998,-0.009428700000000012,-0.018207550000000017,0.004611939999999981,0.10625012782202059,0.04203800546867085
0.05976897000000003,-0.2815340499999999,0.06312931000000005,-0.28525391999999994,0.06221977000000006,-0.29912737999999994,0.04314640000000003,-0.29762734999999996,0.03375963000000004,-0.32963511999999995,0.004320080000000059,-0.25341907999999996,-0.026226489999999936,-0.26502782999999996,-0.006895039999999963,-0.15222324999999992,-0.06272542999999997,-0.12006764999999997,0.04633525000000005,-0.11288314999999993,0.004049390000000042,-0.02634874999999992,0.009180930000000032,-0.0018359499999999196,-0.009180929999999976,0.0018359500000000306,0.0015386000000000566,0.18608969000000009,-0.009501399999999938,0.20680615000000002,-0.02883454999999996,0.29825615000000005,-0.03214418999999996,0.29825615000000005,-0.011215120000000023,0.10119583000000004,0.05323029000000001,0.03934009999999999,-0.036498940000000035,0.14496018,0.06677482000000001,0.09371890000000005,-0.007642329999999975,0.18792564,-0.030373150000000015,0.11216645999999997,-0.0003204699999999616,0.2049702,-0.022642790000000024,0.09145000000000003,-0.030546569999999995,-0.011608750000000001,-0.018361860000000008,0.00367189999999995,0.11709792535524446,0.031135489098332754
0.05905545499999998,-0.28301131999999996,0.06299201499999996,-0.28698495999999996,0.061895854999999944,-0.30075243999999995,0.04313046499999995,-0.29634658999999997,0.03428814499999999,-0.3293191,0.004417124999999966,-0.25216268,-0.028252215000000025,-0.26255667999999993,-0.00578733500000006,-0.14832276999999994,-0.06071116500000001,-0.11590117999999994,0.04337573499999997,-0.11558461999999992,0.0009433149999999446,-0.02245414999999995,0.010201314999999989,-0.0023478200000000005,-0.010201315000000044,0.0023478200000000005,0.004695384999999941,0.18306428000000008,-0.011316675000000054,0.20706968000000003,-0.022980685000000056,0.29816388000000005,-0.02563627500000004,0.29816388000000005,-0.010204460000000026,0.10383991000000004,0.04916307000000003,0.03273815000000002,-0.032458949999999986,0.1466555,0.061654479999999956,0.09344702999999999,-0.005505930000000048,0.18541210000000008,-0.027676069999999997,0.11509959999999997,-0.0011153600000000097,0.20472186000000003,-0.014319599999999988,0.09109420000000001,-0.03266933999999999,-0.010393999999999959,-0.020402630000000033,0.004695640000000001,0.11799625001065238,0.027190816348866713
0.05625022000000002,-0.27988034,0.060170950000000056,-0.28396256999999997,0.05893308000000003,-0.29763301999999997,0.04054684000000003,-0.29359398999999997,0.03082675000000007,-0.3263213,0.0018520800000000337,-0.24944886,-0.030083359999999948,-0.25913017,-0.009443549999999967,-0.14402442000000004,-0.06087621999999998,-0.11026035999999995,0.03879312000000007,-0.11316181999999997,-0.004853989999999975,-0.01181962000000003,0.010079080000000018,-0.0024629800000000035,-0.010079079999999963,0.0024629800000000035,0.0036783800000000366,0.18167044,-0.014354759999999966,0.20721977999999996,-0.02501721999999995,0.30112768,-0.027736299999999936,0.30112768,-0.011295630000000001,0.10542443999999995,0.04823667000000004,0.030862600000000073,-0.030792860000000033,0.14886981000000005,0.056022230000000006,0.09844073999999992,-0.006400699999999981,0.18413342,-0.028695599999999988,0.11945724000000002,-0.004275680000000004,0.20475679999999996,-0.01338153999999997,0.09390790000000004,-0.03193543999999998,-0.009681309999999999,-0.02015815999999998,0.004925960000000007,0.11436227205887087,0.015208360472717
0.053927895,-0.28254762499999997,0.05771167500000002,-0.286638205,0.05680665500000004,-0.300176865,0.03796553500000005,-0.296676885,0.028605994999999995,-0.329397145,-0.0003272049999999971,-0.250752565,-0.03141052499999997,-0.261736725,-0.010747824999999989,-0.14050731500000002,-0.06116536499999997,-0.10949680500000003,0.042311875,-0.12039271500000004,-0.010349304999999975,-0.004999314999999949,0.009681555000000008,-0.0023063650000000324,-0.009681554999999953,0.0023063650000000324,0.0008499350000000239,0.17981963499999998,-0.01769948499999996,0.20746693500000002,-0.029763524999999957,0.298739635,-0.028802324999999962,0.298739635,-0.010420619999999992,0.11024524999999996,0.05305969999999999,0.020114599999999982,-0.029754840000000005,0.15223991999999997,0.050816059999999996,0.10449749000000008,-0.008831619999999984,0.182126,-0.03061345999999998,0.11892000000000003,-0.008017930000000006,0.20516057,-0.011102840000000003,0.09127269999999998,-0.03108331999999997,-0.01098416000000002,-0.01936310999999996,0.004612730000000065,0.12251172939610681,0.007336133199779006
0.054377799999999976,-0.2855832000000001,0.058302999999999994,-0.2894761000000001,0.05723682999999996,-0.3031645200000001,0.03832766999999998,-0.2994956700000001,0.028580549999999982,-0.3322924200000001,0.00023046999999998263,-0.2549282700000001,-0.03211575,-0.2626577200000001,-0.009954620000000025,-0.15166502000000015,-0.05945870000000003,-0.10924936000000007,0.040378959999999964,-0.1294661800000001,-0.01603507000000004,-0.0010579900000000642,0.010012099999999968,-0.002508220000000061,-0.010012100000000024,0.00250821999999995,0.0006996499999999961,0.17632917999999986,-0.019050650000000002,0.20184627999999993,-0.032533160000000005,0.2968981799999999,-0.02630370000000004,0.2968981799999999,-0.010185090000000008,0.10326324999999997,0.05033357999999999,0.022198840000000053,-0.027342950000000033,0.15340836000000002,0.04342362999999999,0.10819137000000001,-0.009312449999999972,0.17883739999999992,-0.03323281,0.12056900000000004,-0.009038549999999979,0.19933805999999998,-0.007253050000000039,0.09505189999999997,-0.03234621999999998,-0.007729449999999971,-0.020024199999999992,0.005016440000000011,0.13053915042477185,0.006999572943044475
0.05402689000000005,-0.28845856,0.0577433,-0.29201754999999996,0.05719755000000004,-0.30593818,0.03716497000000002,-0.30224430999999996,0.02882995000000005,-0.33538297,-0.001408549999999953,-0.25891570999999997,-0.031440809999999986,-0.26576605,-0.00839156999999996,-0.15572450999999998,-0.057949349999999955,-0.10923507999999993,0.043335750000000006,-0.13515040999999994,-0.02178494999999997,0.0046797900000000725,0.009276950000000006,-0.002575549999999982,-0.00927694999999995,0.002575549999999982,0.0011526200000000486,0.17194571999999997,-0.01799328,0.19809756,-0.031398009999999976,0.29471919,-0.02706430999999998,0.29471919,-0.0069830200000000064,0.10319119999999998,0.051727319999999966,0.02057410000000004,-0.02650853999999997,0.15653097000000005,0.036164399999999985,0.11391487,-0.008124329999999957,0.17452126999999995,-0.032550630000000025,0.12277347000000005,-0.00871633000000005,0.19552201000000002,-0.00907102999999998,0.09662163000000001,-0.030032260000000033,-0.00685034000000001,-0.018553899999999957,0.005151099999999964,0.1368798573985946,0.012683764818759486
0.05011927999999999,-0.28592443,0.053047730000000015,-0.28913175999999996,0.053163899999999986,-0.30338778,0.031772829999999974,-0.30060749999999997,0.023674050000000002,-0.33344698,-0.004660869999999984,-0.25491705,-0.03394059999999999,-0.26342484,-0.01223736000000003,-0.15467520999999995,-0.06245763999999998,-0.10644167999999998,0.04020066,-0.13469977999999994,-0.03590356,0.015088820000000003,0.008777880000000016,-0.001799380000000017,-0.008777880000000016,0.001799380000000017,-0.003790579999999988,0.18222052,-0.02298064999999999,0.20683552000000005,-0.04042541999999999,0.29815212,-0.03588144999999998,0.29815212,-0.007576490000000047,0.10024184000000003,0.05243802000000003,0.019975430000000016,-0.028517039999999994,0.15698316,0.02655407999999998,0.12153049999999999,-0.012568460000000004,0.18401990000000001,-0.03663484,0.11593160000000002,-0.014202769999999976,0.20503614000000003,-0.01290079999999999,0.09131659999999997,-0.029279730000000004,-0.008507790000000015,-0.01755576000000003,0.003598760000000034,0.13656466388890054,0.030206153859371088
0.05001639999999996,-0.28737198,0.052955209999999975,-0.29066126,0.05303017999999998,-0.3048167,0.031714609999999976,-0.30193908,0.023610969999999953,-0.33463098,-0.0044521900000000225,-0.2556984,-0.033891720000000014,-0.26511313,-0.01277364000000003,-0.15471290000000004,-0.06369672000000004,-0.10928179999999998,0.04109962999999994,-0.13651840000000004,-0.04622514000000005,0.016942299999999966,0.008971609999999963,-0.001604300000000003,-0.008971610000000019,0.001604300000000003,-0.002061320000000033,0.18232079999999995,-0.02469859000000002,0.2074239,-0.03670342000000004,0.2972302,-0.03570861000000003,0.2972302,-0.008321450000000008,0.10098549999999995,0.05387326999999997,0.018194500000000002,-0.029805000000000026,0.15583133,0.017471579999999987,0.12622409999999995,-0.011032929999999996,0.18392509999999995,-0.03464210000000001,0.11490940000000005,-0.01572698,0.2058196,-0.01101002000000001,0.0898063,-0.02943952999999999,-0.009414729999999982,-0.017943219999999982,0.003208600000000006,0.1386867839699602,0.04028746382512681
0.050590369999999996,-0.28725070499999994,0.05339307000000004,-0.29091921499999995,0.05340758000000001,-0.30450624499999995,0.03199819000000004,-0.302370135,0.024152420000000008,-0.33351376499999996,-0.0038252799999999865,-0.25655952499999995,-0.03305458,-0.263192885,-0.012640539999999978,-0.15498188499999999,-0.06423328,-0.105968685,0.04105067000000001,-0.137503155,-0.053963419999999984,0.020526464999999994,0.00901708000000001,-0.00238871499999993,-0.009017079999999955,0.0023887150000000412,0.0008055000000000145,0.179833515,-0.024609179999999953,0.21014791500000007,-0.03405305999999997,0.29746621500000003,-0.035784099999999985,0.29746621500000003,-0.008815259999999991,0.10157763999999997,0.05369120999999999,0.017478729999999998,-0.031178700000000004,0.15722419999999998,0.01026986000000002,0.12649515,-0.008211579999999996,0.18222222999999993,-0.03485855999999998,0.11763270000000003,-0.015592099999999998,0.20775920000000003,-0.011174920000000033,0.08731829999999996,-0.029229300000000014,-0.0066333600000000326,-0.018034159999999966,0.004777429999999971,0.13885986743764994,0.0484680457049601
0.05228014999999997,-0.29182428499999996,0.05631598999999998,-0.2959235049999999,0.055437950000000014,-0.30964133499999996,0.03600595000000001,-0.30540162499999995,0.027696049999999972,-0.33807900499999993,-0.0019037499999999818,-0.25940513499999995,-0.03148426999999998,-0.2648515149999999,-0.009248489999999998,-0.15464448499999994,-0.06257300999999998,-0.10512679499999988,0.04354071999999998,-0.1430654549999999,-0.05715075000000003,0.018021545000000083,0.008994429999999998,-0.0026192049999999023,-0.008994429999999998,0.0026192050000000133,0.003576999999999997,0.17511554500000004,-0.022088249999999976,0.20393449500000005,-0.0276401,0.29305094500000006,-0.02867255000000002,0.29305094500000006,-0.007344740000000016,0.10476065000000001,0.052789209999999975,0.011579030000000046,-0.031088740000000004,0.15972472000000004,0.0054222599999999566,0.12314833999999997,-0.005417430000000001,0.17773474999999994,-0.031217099999999998,0.11793540000000002,-0.013093819999999978,0.20131529000000004,-0.006584300000000043,0.08911645000000001,-0.02958052,-0.005446379999999973,-0.017988859999999995,0.005238409999999916,0.14463262181066414,0.050559501910303714
0.049401799999999996,-0.29130382499999996,0.05224063000000001,-0.295567865,0.05198108000000001,-0.30868076499999997,0.030821280000000006,-0.30708029499999995,0.021745310000000018,-0.337264425,-0.004720200000000008,-0.25890902499999996,-0.03628121000000001,-0.26352586499999997,-0.013622369999999995,-0.15505426499999997,-0.07122347000000001,-0.10290992499999996,0.04116053000000003,-0.14263468499999998,-0.06869985,0.018643175000000012,0.00945828999999998,-0.0027415250000000224,-0.00945828999999998,0.0027415250000000224,0.0007199299999999798,0.17523627500000005,-0.02700089,0.20578373500000002,-0.034553539999999994,0.29329747500000003,-0.035035119999999975,0.29329747500000003,-0.008902169999999987,0.10385475999999999,0.05478290000000002,0.012419579999999986,-0.03494226,0.16061594,0.002523620000000004,0.12155309999999997,-0.00873836,0.17797780000000007,-0.03527346999999997,0.11806119999999998,-0.01754260000000002,0.20304221,-0.008034229999999976,0.08751374,-0.03156101,-0.004616840000000011,-0.01891657999999996,0.005483050000000045,0.1434403298790239,0.06133860859162117
0.05014510999999994,-0.29128774999999996,0.05307804999999999,-0.29592624999999995,0.05228589999999994,-0.30855714999999995,0.03201284999999998,-0.30730753,0.02216946999999997,-0.33629004999999995,-0.003193030000000041,-0.25798784999999996,-0.03522778000000004,-0.26310758999999995,-0.014647190000000032,-0.15337964999999998,-0.07320303000000006,-0.10525944999999992,0.04095839999999995,-0.14157734999999994,-0.07482309000000004,0.01941825000000008,0.009511349999999974,-0.0027020500000000114,-0.00951135000000003,0.0027020500000000114,0.0016680899999999554,0.17415195000000006,-0.02569980000000005,0.20523665000000002,-0.034303670000000064,0.29383455,-0.033483030000000025,0.29383455,-0.011454159999999991,0.10460819999999998,0.05560558999999998,0.011802300000000043,-0.037975250000000016,0.15784814000000003,-0.0016200599999999787,0.1246777,-0.007843260000000019,0.17685400000000007,-0.03597176000000002,0.11968259999999997,-0.01618845000000002,0.2025346,-0.007783229999999974,0.08859790000000001,-0.03203475,-0.005119739999999984,-0.019022700000000003,0.005404100000000023,0.14239124237042275,0.06741702102783542
0.05142675499999999,-0.29397887999999994,0.054068404999999986,-0.29871519999999996,0.05409528499999999,-0.31115511999999995,0.03207252500000002,-0.3106294399999999,0.02512766500000002,-0.33897942999999997,-0.003986274999999984,-0.26205779999999995,-0.03288833499999999,-0.26521229999999996,-0.015755544999999982,-0.1554072299999999,-0.07401172499999997,-0.1034278999999999,0.04224760500000002,-0.14287076999999992,-0.07672442499999998,0.02361925000000009,0.008392345000000023,-0.0031647999999999676,-0.008392344999999968,0.0031648000000000787,0.0028128749999999925,0.17177470000000006,-0.023917154999999968,0.2044010300000001,-0.03057567499999997,0.29211070000000006,-0.031847175000000005,0.29211070000000006,-0.011769269999999998,0.10665057000000006,0.05800315,0.012536459999999972,-0.04112338999999998,0.16178440000000005,-0.0027127000000000123,0.12704715,-0.005579470000000031,0.17493950000000003,-0.03338854999999996,0.120336,-0.01552481,0.20123623000000002,-0.007930020000000038,0.08770966999999996,-0.028902060000000007,-0.0031545000000000045,-0.01678468999999999,0.006329600000000046,0.14374956237605904,0.07132781842962045
0.050138315000000044,-0.29359467,0.05301843500000003,-0.29857301999999997,0.052555515,-0.31088993,0.031764665000000025,-0.31109229,0.023573175000000002,-0.33910956999999997,-0.0039034350000000106,-0.26283356999999996,-0.03355475499999999,-0.26538934999999997,-0.014814934999999974,-0.15725922999999997,-0.07454248499999999,-0.10493302999999998,0.04280004500000001,-0.14317691,-0.07887264499999996,0.023969290000000032,0.008638315000000008,-0.003499629999999976,-0.008638315000000008,0.003499629999999976,0.004090515000000017,0.16928052999999998,-0.02387150499999996,0.20495583000000006,-0.029244355,0.29186493,-0.032014584999999984,0.29186493,-0.010911499999999963,0.10557433999999999,0.05761497999999998,0.014082319999999982,-0.04098773,0.16045631999999999,-0.004330159999999972,0.12890232000000001,-0.004547799999999991,0.17278015999999996,-0.033334870000000016,0.12258440000000004,-0.015233189999999952,0.20145620000000009,-0.008143080000000025,0.08690909999999996,-0.02965131999999998,-0.0025557800000000075,-0.017276630000000015,0.006999259999999952,0.1437941804969565,0.07315646308470972
0.049778460000000024,-0.2932127399999999,0.052576780000000045,-0.29779019999999995,0.052496100000000046,-0.31046324999999997,0.031072880000000025,-0.3102884799999999,0.023806750000000043,-0.33923750999999996,-0.004317760000000004,-0.26255366999999996,-0.03393579999999996,-0.26676811999999994,-0.014903399999999956,-0.15590753999999996,-0.0750286,-0.10590430999999989,0.041565900000000044,-0.14240136999999997,-0.08007702,0.0242292300000001,0.008644880000000021,-0.002939969999999903,-0.008644879999999966,0.002939970000000014,0.0035580700000000243,0.17223737000000006,-0.024048479999999983,0.20459196000000002,-0.029918699999999965,0.29174063000000006,-0.03291709999999998,0.29174063000000006,-0.010585639999999952,0.10664613,0.0564693,0.013506169999999984,-0.04109280000000004,0.16086381000000005,-0.005048419999999998,0.13013354,-0.005086809999999997,0.17517733999999996,-0.03347676999999999,0.11950326,-0.015403600000000017,0.20165199,-0.008868619999999994,0.08714867000000004,-0.029618039999999957,-0.004214449999999981,-0.017289759999999987,0.005879939999999917,0.14329436711818236,0.07453712642923127
0.04935387999999996,-0.29284158000000005,0.05237917999999997,-0.29730405000000004,0.052362189999999975,-0.31013325,0.031173149999999983,-0.30997745000000004,0.024354739999999986,-0.33951729,-0.004849280000000011,-0.26249659000000003,-0.03364541000000004,-0.26731703,-0.01569446000000002,-0.15535708999999998,-0.07575904000000006,-0.10623059000000001,0.04176400999999996,-0.14335569999999997,-0.07950963000000005,0.023625110000000005,0.00832183999999997,-0.002937109999999965,-0.008321840000000025,0.002937109999999965,0.003459219999999985,0.17304774999999994,-0.023578720000000053,0.20625614999999997,-0.030731980000000048,0.29038325,-0.03366588000000004,0.29038325,-0.01084518000000001,0.10713950000000005,0.057458469999999984,0.01200139,-0.04211363000000001,0.16108644,-0.003750589999999998,0.12985570000000002,-0.004862619999999984,0.1759848599999999,-0.03419120000000003,0.11733550000000004,-0.015256880000000028,0.20331904,-0.010087159999999984,0.08412710000000001,-0.02879613000000003,-0.004820439999999981,-0.016643679999999994,0.00587421999999993,0.14434597033480706,0.07413295346257362
0.04736907000000001,-0.29390155000000007,0.05117953000000003,-0.29875268000000005,0.05019212000000001,-0.31147085,0.031191980000000008,-0.31076295000000004,0.022820200000000013,-0.34038557,-0.004466299999999979,-0.26264155000000006,-0.03545787,-0.26643442000000006,-0.01754634999999999,-0.15702732000000008,-0.07739355999999997,-0.10376830000000004,0.040637000000000034,-0.1448373500000001,-0.07825386000000001,0.02323619999999993,0.009126599999999985,-0.002929150000000047,-0.009126599999999985,0.002929149999999936,0.003398330000000005,0.17404314999999992,-0.026791100000000012,0.20452492,-0.029947449999999987,0.28938434999999996,-0.032864649999999995,0.28938434999999996,-0.01308005000000001,0.10561422999999998,0.05818335000000002,0.012189969999999994,-0.04193568999999997,0.16266612000000003,-0.000860300000000036,0.12700449999999996,-0.00572826999999998,0.17697229999999997,-0.03334577999999999,0.11534120000000003,-0.017664500000000027,0.20159577000000006,-0.006073549999999983,0.08485942999999996,-0.030991570000000024,-0.0037928700000000037,-0.01825319999999997,0.005858299999999983,0.1453645160807823,0.07204827794479271
0.046824964999999996,-0.2940290499999999,0.05055366499999997,-0.2988024399999999,0.04982152499999998,-0.3116086999999999,0.030329104999999967,-0.3107167399999999,0.02243402499999997,-0.3405985399999999,-0.005138664999999987,-0.2630311799999999,-0.03670686500000003,-0.2660538199999999,-0.017077294999999992,-0.15765639999999992,-0.078161535,-0.10171713999999987,0.03976318499999998,-0.1444437799999999,-0.07585766500000002,0.023283390000000126,0.009350805000000018,-0.003069609999999945,-0.009350805000000018,0.003069610000000056,0.0034116849999999976,0.17546956000000014,-0.02730005499999999,0.20551381000000013,-0.029085395000000014,0.2891306600000001,-0.033176435000000004,0.2891306600000001,-0.011938630000000006,0.10537478,0.05684047999999997,0.013212620000000008,-0.04145466999999997,0.16433668,0.0023038699999999857,0.12500053,-0.00593912000000002,0.17853917000000008,-0.03249708000000001,0.11366109999999996,-0.017949249999999972,0.20244420000000007,-0.005876380000000014,0.08361684999999996,-0.031568200000000046,-0.0030226399999999654,-0.018701610000000035,0.006139220000000001,0.1446083289456499,0.06951085763352373
0.04668982500000002,-0.29428402500000006,0.05026689499999998,-0.2991942450000001,0.04933626499999999,-0.31180250500000006,0.03002007499999998,-0.31096938500000004,0.021028594999999983,-0.34034279500000003,-0.005735235000000005,-0.26273370500000004,-0.03736834499999997,-0.26547804500000005,-0.01744814499999997,-0.15740517500000006,-0.07785587500000002,-0.10070327500000009,0.03990311499999999,-0.14584332500000008,-0.072056705,0.022324234999999915,0.009501144999999989,-0.003121175000000087,-0.009501144999999989,0.003121174999999976,0.00308309499999998,0.17565652499999995,-0.027826055000000016,0.205019615,-0.028583334999999988,0.28900697499999994,-0.035035174999999974,0.28900697499999994,-0.011712909999999965,0.10532852999999998,0.05735125999999996,0.011561849999999985,-0.04048753000000005,0.16477476999999996,0.00579917000000002,0.12302751,-0.0064180500000000085,0.17877770000000004,-0.03166642999999997,0.11335044999999999,-0.018324910000000028,0.20189844,-0.007209119999999958,0.08398735999999996,-0.031633109999999964,-0.0027443400000000118,-0.019002289999999977,0.006242350000000063,0.1459242676202399,0.06543665333952522
0.04739878000000003,-0.29432990500000006,0.051165300000000025,-0.29914750500000004,0.0501856,-0.311965095,0.031123159999999983,-0.31098564500000003,0.02214919999999998,-0.34093155500000005,-0.0046971399999999885,-0.26295397500000006,-0.036632180000000014,-0.265873375,-0.01561334999999997,-0.15657963500000005,-0.07511052000000001,-0.09929267500000005,0.040693040000000014,-0.14480357500000007,-0.06610369999999999,0.0222096249999999,0.0096117,-0.0031065750000000003,-0.0096117,0.0031065750000000003,0.0038163999999999976,0.17768619499999994,-0.026954529999999977,0.2071527649999999,-0.027898550000000022,0.28893492499999995,-0.03368739999999998,0.28893492499999995,-0.010916209999999982,0.10637434000000001,0.056306389999999984,0.011776059999999977,-0.03847834,0.16658069999999997,0.009006820000000026,0.12150229999999995,-0.005795300000000003,0.18079276999999994,-0.03171495000000002,0.11124873000000002,-0.017342829999999976,0.2040461899999999,-0.006732870000000002,0.08178216000000005,-0.031935040000000026,-0.002919399999999961,-0.0192234,0.006213150000000001,0.14506581094522453,0.059634491557340324
0.04574505499999998,-0.29166422,0.04951265499999996,-0.29647815,0.04869095499999998,-0.30941165,0.029532124999999965,-0.30815539,0.020493194999999964,-0.33850252999999997,-0.007179895000000047,-0.26012822999999996,-0.03784270500000003,-0.26248369,-0.017658545000000025,-0.15393489999999999,-0.07517729500000003,-0.09430375000000002,0.03944645499999999,-0.14382185000000003,-0.061384945000000024,0.026048300000000024,0.00930468499999998,-0.00345154999999997,-0.009304685000000035,0.00345154999999997,0.003777724999999954,0.17821085000000003,-0.028289515000000043,0.20962165,-0.026866845000000028,0.29143065,-0.03616424500000004,0.29143065,-0.010478649999999978,0.10619332999999997,0.05710500000000002,0.010113049999999957,-0.03733459,0.16817993999999997,0.013792350000000009,0.12035205000000004,-0.005526960000000025,0.1816624,-0.030644569999999982,0.11321979999999998,-0.018984830000000008,0.20617010000000002,-0.007874729999999996,0.08180900000000002,-0.030662809999999985,-0.0023554600000000314,-0.018609370000000014,0.00690309999999994,0.14357000877907236,0.05677117747792537
0.04532133999999999,-0.29226690000000005,0.04928708999999998,-0.2968421600000001,0.04841982,-0.31006140000000004,0.029643109999999973,-0.3086511800000001,0.020803389999999977,-0.33983123000000004,-0.007047990000000004,-0.2607330400000001,-0.03728996000000001,-0.26496735000000005,-0.01723937000000003,-0.15318087000000002,-0.07281936,-0.09749743000000011,0.04035465999999999,-0.14293673000000007,-0.05542781000000002,0.021663699999999952,0.009201089999999967,-0.003067000000000042,-0.009201090000000023,0.003066999999999931,0.0031490899999999655,0.17989139999999992,-0.027745790000000048,0.21000839999999998,-0.027888960000000018,0.29049649999999994,-0.03560526000000003,0.29049649999999994,-0.010191380000000028,0.10755217000000006,0.05759403000000002,0.010244139999999957,-0.03552939999999999,0.16746991999999994,0.017391549999999978,0.11916113000000006,-0.006052000000000002,0.18295839999999997,-0.031038049999999984,0.11060510000000001,-0.018544700000000025,0.20694140000000005,-0.00785946999999998,0.08048809999999995,-0.030241970000000007,-0.004234309999999963,-0.01840217999999999,0.006133999999999973,0.14329719569488375,0.04982717022718028
0.04488648500000003,-0.2913551399999999,0.04861564500000004,-0.2955578299999999,0.04812000500000002,-0.3091274499999999,0.028684215000000013,-0.3071060799999999,0.020256985000000005,-0.33902063999999993,-0.0074233850000000046,-0.2598959599999999,-0.038415354999999984,-0.2648756799999999,-0.016338094999999997,-0.15362346999999987,-0.07087431499999997,-0.09771529999999995,0.03957054500000001,-0.14308685999999993,-0.050243554999999995,0.023285400000000123,0.009672205000000045,-0.0030498999999999388,-0.00967220499999999,0.00304990000000005,0.005554484999999998,0.17956525000000012,-0.02730880499999999,0.20998970000000006,-0.025215555,0.2911604000000001,-0.03539787499999997,0.2911604000000001,-0.008914709999999992,0.10627249000000005,0.05590864000000001,0.010536609999999946,-0.03245895999999998,0.16716037999999994,0.02063075999999997,0.12100070000000007,-0.004117720000000047,0.18261515000000006,-0.03077004,0.11159514999999998,-0.017636600000000002,0.2069398,-0.008089069999999976,0.08117070000000004,-0.03099196999999998,-0.004979719999999965,-0.019344410000000034,0.0060997999999999886,0.14319308957068141,0.0453377315386699
0.04653761499999998,-0.29228417999999995,0.050826764999999996,-0.29635747999999995,0.050326384999999974,-0.31027214999999997,0.031185605000000005,-0.30614172999999995,0.023784234999999987,-0.33994286999999995,-0.006303155000000005,-0.26058506,-0.03684936500000002,-0.26632362,-0.013037375000000018,-0.15395282999999993,-0.06535931500000003,-0.10275039999999991,0.03975443499999998,-0.14425056999999997,-0.04205577500000002,0.020105130000000027,0.009725134999999996,-0.0031259000000000148,-0.009725134999999996,0.0031259000000000148,0.009762714999999977,0.17603590000000002,-0.023819974999999993,0.2053916,-0.017392834999999995,0.29021830000000004,-0.028422165,0.29021830000000004,-0.006734220000000013,0.10663223000000005,0.052791809999999995,0.009702259999999963,-0.028509950000000006,0.16357322000000007,0.02330354000000001,0.12285552999999994,3.757999999998152e-05,0.17916180000000004,-0.027155549999999973,0.11418240000000002,-0.014094839999999997,0.2022657,-0.004602190000000006,0.08482670000000003,-0.030546210000000018,-0.005738560000000004,-0.01945026999999999,0.0062518000000000296,0.144284203366477,0.03651800287806689
0.04588245000000002,-0.29211739999999997,0.05004655000000002,-0.29577221,0.04995417000000002,-0.30994685,0.030146180000000022,-0.30550308,0.023434130000000053,-0.3400277,-0.0070819899999999825,-0.26042063,-0.03766572999999995,-0.26681647999999997,-0.013465969999999994,-0.15459712000000003,-0.06378969999999995,-0.10367477999999997,0.03952509000000004,-0.14456018000000004,-0.03606104999999998,0.017601520000000037,0.009687900000000027,-0.003017619999999943,-0.009687899999999972,0.003017620000000054,0.00784361,0.17581972,-0.024343969999999993,0.20474486000000003,-0.020799969999999945,0.29037212,-0.02792739999999999,0.29037212,-0.006383980000000011,0.10582350999999995,0.052991060000000034,0.010036939999999994,-0.026123969999999996,0.1631417,0.027728649999999966,0.1212763,-0.0018442900000000262,0.17883733999999996,-0.028643579999999946,0.1145524,-0.014656070000000021,0.20172723999999997,-0.0035834299999999986,0.08562725999999998,-0.03058373999999997,-0.006395849999999981,-0.0193758,0.006035239999999997,0.14465322049111015,0.03013690727550689
0.045547634999999975,-0.29135017,0.04964440499999995,-0.29501842,0.04947286499999998,-0.30916174,0.029832204999999945,-0.30498995,0.02253809499999998,-0.3395057,-0.007218905000000053,-0.25889377,-0.03762761500000006,-0.26717736000000003,-0.013918825000000024,-0.1525843,-0.061711015000000036,-0.10745610000000005,0.038134474999999945,-0.14305626000000005,-0.03188016500000007,0.016874599999999962,0.009541564999999974,-0.0027106000000000074,-0.00954156500000003,0.0027106000000000074,0.005968034999999927,0.17563640000000003,-0.024385395000000032,0.20489616999999993,-0.02397829500000004,0.2915736,-0.02651453500000006,0.2915736,-0.00669991999999997,0.10630947000000002,0.05205329999999997,0.00952803999999996,-0.024083399999999977,0.15972125999999998,0.029830849999999964,0.12433070000000002,-0.003573530000000047,0.17834700000000003,-0.029946329999999965,0.11593719999999996,-0.014843830000000002,0.20218556999999993,-0.0021291400000000293,0.08667743000000006,-0.030408710000000005,-0.008283590000000007,-0.019083130000000004,0.005421200000000015,0.14322869399356997,0.026450556628547544
0.04648199999999997,-0.29321593000000007,0.050715209999999955,-0.29695025,0.050312880000000004,-0.31114600000000003,0.030935539999999984,-0.30691633,0.023215590000000008,-0.34147066000000004,-0.00668346000000003,-0.26051003000000006,-0.03671753,-0.26836986,-0.013890380000000035,-0.15366546000000003,-0.06008336000000003,-0.10726560000000007,0.038899539999999955,-0.14412776000000005,-0.02770269000000003,0.014603900000000003,0.009404899999999994,-0.002717900000000051,-0.009404899999999994,0.00271789999999994,0.004526639999999971,0.17667319999999997,-0.024657010000000035,0.20526199999999994,-0.02537849000000003,0.29011889999999996,-0.026404830000000046,0.29011889999999996,-0.0072069200000000055,0.10684457000000003,0.05278991999999999,0.009537699999999982,-0.023365830000000032,0.16110425999999994,0.03238067,0.12186950000000007,-0.004878260000000023,0.17939110000000003,-0.029905130000000002,0.11344569999999998,-0.015252110000000041,0.2025441,-0.001747820000000011,0.08485690000000001,-0.03003406999999997,-0.007859829999999957,-0.018809799999999988,0.005435799999999991,0.14445304529136518,0.021819397674640396
0.04654294000000003,-0.2920216949999999,0.050519040000000015,-0.2957263849999999,0.050592300000000034,-0.30994710499999995,0.030362639999999996,-0.30613532499999996,0.02378414000000001,-0.34067809499999996,-0.007086099999999984,-0.25998416499999993,-0.03636496,-0.26732384499999995,-0.014270039999999984,-0.1536755849999999,-0.05872940999999998,-0.10543540499999993,0.03991781999999999,-0.14465328499999996,-0.023305809999999982,0.01360125500000009,0.00920420999999999,-0.0028019849999999513,-0.00920420999999999,0.0028019850000000623,0.005402039999999997,0.17701879500000006,-0.025561279999999964,0.2050283850000001,-0.02541635999999997,0.29069015500000006,-0.026536999999999977,0.29069015500000006,-0.00718394,0.10630858000000004,0.05418785999999998,0.009022299999999928,-0.02236444999999998,0.16188844000000002,0.0354236,0.11903666000000002,-0.0038021699999999936,0.17982078,-0.030818399999999968,0.11367136,-0.016357069999999974,0.20222640000000003,-0.0009757200000000132,0.08566176999999997,-0.029278860000000018,-0.007339680000000015,-0.01840841999999998,0.005603970000000014,0.14513826907787658,0.017761738515497304
0.04672478000000002,-0.29188251000000004,0.05094120000000002,-0.29577889000000007,0.0506935,-0.30999687000000004,0.03090967,-0.30635234000000006,0.023492259999999987,-0.34089137,-0.00792923000000001,-0.26078799,-0.03620492999999997,-0.26645049000000004,-0.01599837999999998,-0.15352297000000004,-0.05755169999999998,-0.10103621000000007,0.0387749,-0.14503737000000005,-0.019073920000000022,0.01576442999999994,0.008887199999999984,-0.0031470300000000506,-0.008887199999999984,0.0031470299999999396,0.003961749999999986,0.17666837999999996,-0.025642949999999998,0.20514217999999995,-0.02584445000000002,0.28973892999999995,-0.026201870000000016,0.28973892999999995,-0.00806914999999997,0.10726501999999999,0.05477327999999998,0.008485599999999982,-0.021346770000000015,0.16541427999999997,0.03847777999999996,0.11680064000000001,-0.004925449999999998,0.17981541,-0.029806200000000005,0.11307054999999999,-0.016755750000000014,0.20199515,-0.0005589200000000183,0.08459675,-0.02827569999999996,-0.005662500000000015,-0.017774399999999968,0.00629405999999999,0.14500394200367658,0.0162162895607596
0.046701570000000026,-0.29107065000000004,0.050841000000000025,-0.29491872,0.05057097000000005,-0.30910562,0.030982410000000016,-0.30553442000000003,0.023578730000000048,-0.33998770000000006,-0.007418569999999958,-0.25983844000000006,-0.03571175999999998,-0.26720322,-0.016090959999999987,-0.15040022000000008,-0.05791012999999995,-0.10298921999999999,0.03892884000000002,-0.14226412,-0.01774842999999998,0.013151779999999946,0.008982630000000047,-0.002883379999999991,-0.008982629999999991,0.002883379999999991,0.0041976000000000235,0.1760991799999999,-0.02530070999999995,0.20451677999999995,-0.024679569999999984,0.29074977999999996,-0.027024829999999944,0.29074977999999996,-0.00867239000000003,0.10943821999999997,0.05501980000000001,0.00813610000000009,-0.022198369999999967,0.16421400000000003,0.04016169999999997,0.11614099999999994,-0.004785030000000023,0.1789825599999999,-0.028877170000000008,0.11465060000000005,-0.016318079999999957,0.20163339999999996,-0.0017241199999999957,0.086233,-0.028293190000000024,-0.00736477999999996,-0.01796526000000004,0.005766759999999982,0.1425614470195631,0.013501084704570922
0.047440990000000016,-0.29170113999999997,0.05139716,-0.29573116,0.051158800000000004,-0.30970549999999997,0.03123117999999997,-0.30661311999999996,0.023878469999999985,-0.34047406999999996,-0.007600969999999985,-0.26023963,-0.034824069999999985,-0.26782112999999996,-0.017110420000000015,-0.14952003999999997,-0.057559950000000026,-0.10327589999999998,0.03940836999999997,-0.14407409999999998,-0.016289869999999984,0.013148700000000013,0.008564970000000005,-0.0027616000000000307,-0.008564970000000005,0.0027616000000000307,0.0026318000000000175,0.17867489999999997,-0.024831639999999988,0.20609390000000005,-0.026674790000000004,0.2901479,-0.02660830000000003,0.2901479,-0.00950945000000003,0.11071959000000003,0.056518789999999985,0.0054459399999999825,-0.02273588000000004,0.16454523,0.04127008000000004,0.11642459999999999,-0.005933169999999988,0.1814365,-0.02930659000000002,0.11147300000000004,-0.016266669999999983,0.20333230000000002,-0.001776660000000041,0.08405399999999996,-0.0272231,-0.007581499999999963,-0.01712994000000001,0.005523200000000061,0.1446393375946184,0.012944725814786473
0.04768918500000002,-0.29131470000000004,0.05167179500000002,-0.29532440000000004,0.051528414999999994,-0.30928932000000003,0.03171147499999999,-0.30634622,0.024747655000000035,-0.34028067,-0.0069427049999999935,-0.26009287000000003,-0.03377656499999998,-0.26805372000000005,-0.015698804999999982,-0.14987717,-0.05638818499999998,-0.10461421999999998,0.040205555000000004,-0.14278267,-0.015425034999999976,0.013061580000000017,0.008441045000000036,-0.0026859200000000083,-0.00844104499999998,0.0026859200000000083,0.002970565000000036,0.17854757999999993,-0.02424464500000001,0.20652408,-0.02735018499999997,0.29079278,-0.027920644999999966,0.29079278,-0.008756099999999989,0.11021570000000003,0.055904359999999986,0.007094500000000004,-0.02261162,0.16343950000000007,0.040963150000000004,0.1176758,-0.00547048,0.18123349999999994,-0.030320750000000007,0.11224520000000004,-0.01580360000000003,0.20383816,-0.003675999999999957,0.08426869999999997,-0.026833859999999987,-0.00796085000000002,-0.016882090000000016,0.005371840000000017,0.14365264862195404,0.012507215387755186
0.047282999999999964,-0.29220146999999996,0.05149713999999994,-0.2963786,0.05105134999999994,-0.31029962,0.031869889999999956,-0.30790867,0.024267199999999933,-0.34174375,-0.007571450000000035,-0.26192178,-0.03372135000000004,-0.26928122,-0.017682160000000058,-0.15091095,-0.05590803000000005,-0.10471008999999998,0.03845491999999995,-0.14325522000000002,-0.014671350000000027,0.012267849999999969,0.00830042999999997,-0.002837949999999978,-0.008300430000000025,0.002837949999999978,0.0034627099999999245,0.17682030000000004,-0.024401660000000047,0.20506904999999997,-0.025318350000000045,0.29036315,-0.026387530000000048,0.29036315,-0.010110710000000023,0.11101083,0.056137080000000006,0.007655729999999972,-0.022186680000000014,0.16457113,0.041236680000000026,0.11697793999999995,-0.004837720000000045,0.17965825000000002,-0.02878105999999997,0.11354284999999997,-0.016101230000000022,0.2022311,-0.0019858700000000007,0.08529410000000004,-0.026149900000000004,-0.007359439999999995,-0.016600859999999995,0.005675899999999956,0.143618602490809,0.011380317906649175
0.04814778000000003,-0.29195606499999993,0.052096770000000014,-0.2962555049999999,0.05172722000000002,-0.30988816499999994,0.032100550000000005,-0.30765539499999994,0.02481095,-0.3406602649999999,-0.006890850000000004,-0.2617745449999999,-0.03300116999999997,-0.2687726649999999,-0.016779549999999976,-0.15135142499999998,-0.055769100000000016,-0.1061017649999999,0.03992925000000003,-0.14013162499999998,-0.01449014999999998,0.011181635000000023,0.008262590000000014,-0.0028490649999999285,-0.008262590000000014,0.0028490650000000395,0.002886050000000029,0.17764606500000002,-0.02367157999999997,0.20545673500000006,-0.025516499999999998,0.29065343500000007,-0.025941480000000017,0.29065343500000007,-0.009888699999999973,0.11042311999999993,0.056708800000000004,0.011219800000000002,-0.022767930000000047,0.1626709,0.041278950000000036,0.11728339999999993,-0.005376539999999985,0.18049512999999995,-0.028402550000000026,0.11300737000000005,-0.015408989999999956,0.20260767000000002,-0.002269900000000047,0.08519670000000001,-0.026110319999999965,-0.0069981199999999966,-0.016525180000000028,0.005698129999999968,0.14088746798672058,0.010402606709786702
0.04848503999999998,-0.29232866499999993,0.052062379999999964,-0.2966924049999999,0.052064940000000004,-0.3100295449999999,0.03151269000000001,-0.3079822749999999,0.025375380000000003,-0.3400394949999999,-0.007241660000000039,-0.2629069249999999,-0.032261660000000025,-0.2684502649999999,-0.016501160000000015,-0.15466412499999993,-0.05579581,-0.10719857499999996,0.03819618999999996,-0.14021608499999993,-0.014526560000000022,0.010958875000000146,0.008005810000000002,-0.0030193749999999353,-0.008005810000000002,0.0030193750000000463,0.0025102599999999864,0.17835804500000008,-0.02317952000000001,0.2061016750000001,-0.024987890000000013,0.2906375750000001,-0.027726279999999992,0.2906375750000001,-0.009259499999999976,0.10824279999999997,0.05469734999999998,0.014448039999999995,-0.023534149999999976,0.16125168999999995,0.04126924999999998,0.11815745000000011,-0.005495550000000016,0.18137742,-0.02749815,0.11227953000000002,-0.015173710000000007,0.20308230000000005,-0.004546759999999983,0.0845359,-0.025019999999999987,-0.005543340000000008,-0.016011620000000004,0.006038749999999982,0.1404791667094039,0.010274037220708411
0.04901293000000001,-0.29210298,0.05249282999999999,-0.29664700000000005,0.05248280999999999,-0.30994909000000004,0.031544090000000025,-0.30809442000000004,0.025246829999999998,-0.33979349000000003,-0.008461869999999982,-0.26367809000000003,-0.03199381000000001,-0.26683806000000004,-0.01739152999999999,-0.15651818000000006,-0.05570385,-0.10374062000000006,0.037324630000000025,-0.13953082000000006,-0.013728169999999984,0.012285279999999954,0.007512090000000027,-0.0034609200000000895,-0.007512089999999971,0.0034609199999999785,0.0017437600000000386,0.17799458,-0.022897840000000003,0.20622984999999994,-0.02557516999999998,0.29026547999999996,-0.029220489999999988,0.29026547999999996,-0.008929660000000006,0.10715990999999997,0.054716160000000014,0.016987360000000007,-0.023710039999999988,0.16309743999999998,0.041975680000000015,0.11602590000000002,-0.005768329999999988,0.1814555000000001,-0.02731893000000002,0.11227089999999995,-0.015385750000000031,0.20276892999999996,-0.006322649999999985,0.08403563000000003,-0.02353194000000003,-0.003159970000000012,-0.015024179999999998,0.006921840000000068,0.13929754207185993,0.010793932553800756
0.048714394999999966,-0.2905600649999999,0.052663234999999975,-0.29460692499999996,0.05258365499999995,-0.3084257449999999,0.032485004999999956,-0.30609282499999996,0.02622902499999996,-0.33922684499999994,-0.006799195000000036,-0.26261924499999995,-0.032418345000000015,-0.26662344499999996,-0.01569470500000003,-0.15576574499999996,-0.056077845000000015,-0.10301554499999999,0.035139324999999944,-0.13561084499999998,-0.014268395000000045,0.01266211500000003,0.008152484999999987,-0.0032827849999998993,-0.008152485000000043,0.0032827850000000103,0.0028798549999999867,0.17737235500000004,-0.02303218500000004,0.20543055500000007,-0.02589584500000003,0.29159945500000006,-0.028956415000000013,0.29159945500000006,-0.008895509999999995,0.10685349999999999,0.050834029999999975,0.020154899999999976,-0.0236595,0.16360789999999997,0.04180944999999997,0.11567766000000002,-0.00527263,0.18065513999999994,-0.028775700000000015,0.11422710000000003,-0.014879699999999996,0.20214777000000006,-0.005924229999999975,0.08616889999999999,-0.02561914999999998,-0.004004200000000013,-0.01630497000000003,0.0065655699999999095,0.1350518603964759,0.011197150815140448
0.048743970000000025,-0.29008719499999996,0.05304027,-0.294126575,0.05251412999999999,-0.307993725,0.03357711000000002,-0.305680695,0.02613591999999998,-0.339108705,-0.005177050000000016,-0.26238012499999996,-0.0326398,-0.266476025,-0.014634399999999992,-0.15450177499999995,-0.05541221000000002,-0.10288442499999995,0.03411059999999999,-0.126673425,-0.014273289999999994,0.01294937500000004,0.00883043,-0.0031876250000000272,-0.00883043,0.0031876250000000272,0.004168090000000013,0.17705107500000006,-0.023599890000000012,0.20410507499999997,-0.024172230000000017,0.291702475,-0.028475079999999986,0.291702475,-0.009457349999999975,0.10787835000000001,0.04874499999999998,0.027828349999999946,-0.02277241000000002,0.16359160000000006,0.04113892000000002,0.11583379999999999,-0.004662339999999987,0.18023870000000008,-0.02834032000000003,0.11465139999999996,-0.014769460000000012,0.20091744999999994,-0.004875189999999974,0.08759740000000005,-0.02746274999999998,-0.004095900000000041,-0.01766086,0.0063752500000000545,0.12604693489676333,0.011176604495198897
0.05029682000000002,-0.29140878499999995,0.05452264000000001,-0.29535490499999995,0.054042939999999984,-0.3093345149999999,0.03480834999999999,-0.30720168499999995,0.027073520000000018,-0.34095868499999993,-0.004222080000000017,-0.26338365499999994,-0.03209611000000001,-0.26933808499999995,-0.012306299999999992,-0.1523920849999999,-0.05543395000000001,-0.10708458499999995,0.038011620000000024,-0.12083398499999998,-0.015684450000000016,0.010761355000000083,0.008867479999999983,-0.0028486549999999777,-0.008867479999999983,0.0028486550000000888,0.003026640000000025,0.17713066500000008,-0.02326218000000002,0.20395981500000004,-0.02514523000000002,0.29034021500000007,-0.02827864000000002,0.29034021500000007,-0.008084219999999975,0.11099157000000004,0.050317920000000016,0.03155809999999992,-0.02333784,0.1622535,0.03974949999999999,0.11784594000000004,-0.005840839999999958,0.17997932000000005,-0.028171870000000043,0.11320954999999999,-0.014394700000000038,0.20111115999999996,-0.00501646,0.08638040000000002,-0.027874029999999994,-0.0059544300000000105,-0.017734959999999966,0.0056973100000000665,0.12153155553825723,0.010444228131887027
0.05130494000000002,-0.28907312499999993,0.055375339999999995,-0.2927875249999999,0.055264670000000016,-0.3069620549999999,0.03527469999999999,-0.3051960549999999,0.028695939999999975,-0.3393063649999999,-0.003938090000000005,-0.2630898249999999,-0.03064117999999999,-0.2704031549999999,-0.012776809999999972,-0.1503897649999999,-0.05395906,-0.10917152499999994,0.035146520000000014,-0.11788692499999986,-0.015228609999999976,0.010902175000000125,0.008619680000000018,-0.0025601749999999424,-0.008619680000000018,0.0025601750000000534,0.0032539400000000107,0.17822707500000012,-0.022349459999999988,0.20498242500000008,-0.02350654000000002,0.2912224750000001,-0.027329060000000016,0.2912224750000001,-0.008838719999999967,0.11270005999999999,0.047923329999999986,0.03250284000000003,-0.023317880000000013,0.16123162999999996,0.03873045000000003,0.12007370000000006,-0.005365740000000008,0.18078725000000007,-0.02676048000000003,0.11299539999999997,-0.01372977999999997,0.20242225000000003,-0.0049796000000000284,0.08624005000000001,-0.026703089999999985,-0.007313330000000007,-0.017239360000000037,0.005120349999999996,0.11833821236586296,0.01064269325616879
0.052170649999999985,-0.28927867,0.056356589999999984,-0.29349453,0.05559771000000002,-0.30699133,0.03669525000000001,-0.30561865,0.028687149999999995,-0.33792127,-0.004109370000000001,-0.26346488,-0.029016350000000024,-0.26786191,-0.01344873000000002,-0.15102362999999996,-0.05499195000000001,-0.10731009999999996,0.03536232,-0.10756902999999995,-0.01696367999999998,0.011548000000000003,0.00815745000000001,-0.0030685299999999582,-0.00815745000000001,0.0030685299999999582,0.00294481000000002,0.1769733,-0.02146975000000001,0.20488236999999998,-0.024101570000000017,0.29119887,-0.03328357999999998,0.29119887,-0.009339360000000019,0.11244125000000005,0.04881105000000002,0.04345460000000001,-0.025975599999999988,0.16055181000000002,0.03802827000000003,0.11885809999999997,-0.005212639999999991,0.18004182999999996,-0.027046380000000037,0.11422557,-0.0133123,0.20181384000000002,-0.01181382999999997,0.08631650000000002,-0.024906980000000023,-0.0043970299999999685,-0.01631490000000002,0.0061370599999999165,0.10798360732984845,0.012225019357604316
0.05263115500000004,-0.2881885249999999,0.056473985000000004,-0.29224282499999993,0.05609648500000003,-0.3057667049999999,0.03617508500000005,-0.30428141499999994,0.028814805,-0.33651918499999994,-0.0038263949999999824,-0.26290312499999996,-0.02961866499999999,-0.26693612499999997,-0.012380374999999999,-0.1495161049999999,-0.055400914999999995,-0.10539904499999997,0.03557945500000004,-0.1050615949999999,-0.018101234999999993,0.012469955000000033,0.008431215000000047,-0.003165304999999896,-0.008431214999999992,0.003165305000000007,0.002631735000000024,0.17636590500000004,-0.021640944999999967,0.204720915,-0.02413006499999998,0.29178845500000006,-0.032928984999999966,0.29178845500000006,-0.008553980000000017,0.11338702000000006,0.04795983000000004,0.04445451,-0.025782250000000007,0.16153708,0.03729968,0.117869,-0.0057994800000000235,0.17953120999999994,-0.026761800000000002,0.11542255000000001,-0.013209729999999975,0.20155561,-0.01128804,0.08706754000000005,-0.025792270000000006,-0.004033000000000009,-0.01686243000000004,0.006330609999999903,0.10545084566214584,0.01341960500249171
0.05206179999999999,-0.28854543,0.056256130000000015,-0.29248142,0.055641339999999984,-0.306193,0.03646923000000002,-0.30455392,0.02878797999999999,-0.3374546,-0.0028219400000000228,-0.2634821,-0.03018563000000002,-0.26870027,-0.011328700000000025,-0.15034000000000003,-0.05547175999999998,-0.10745534000000001,0.03547777000000002,-0.10985429999999996,-0.01920305,0.012328200000000011,0.008951500000000001,-0.002873099999999962,-0.008951500000000001,0.002873099999999962,0.0019185400000000241,0.17859826,-0.0228005,0.20650986000000005,-0.02428777999999998,0.2908828,-0.0316496,0.2908828,-0.008506760000000002,0.11314209999999997,0.046806470000000044,0.04048570000000007,-0.025286129999999962,0.16124493,0.03626870999999998,0.11978354000000002,-0.007032959999999977,0.18147135999999997,-0.026206320000000005,0.11228453999999999,-0.013849,0.20363676000000008,-0.008849099999999999,0.08437293999999995,-0.027363689999999996,-0.005218170000000022,-0.017903000000000002,0.005746199999999924,0.11022077913693452,0.013946081650861681
0.052287150000000004,-0.28702514999999995,0.05636319000000001,-0.2911096799999999,0.05572541999999997,-0.30450969999999994,0.036371949999999986,-0.30340504999999995,0.029168650000000018,-0.33537991999999994,-0.0036665200000000064,-0.26389035999999993,-0.02892712000000003,-0.26825481999999995,-0.014436249999999984,-0.15294891999999993,-0.056219850000000016,-0.10894256999999996,0.034512849999999984,-0.11176007999999993,-0.020341370000000025,0.012774280000000027,0.008429379999999986,-0.0029685499999999587,-0.008429379999999986,0.0029685500000000697,0.0012447500000000167,0.17984933000000003,-0.022943409999999997,0.20767308000000007,-0.02405265000000001,0.2922614800000001,-0.03371426999999999,0.2922614800000001,-0.010769729999999977,0.11094144,0.04894909999999997,0.041188840000000004,-0.027292729999999987,0.15931225,0.03587847999999999,0.12171684999999999,-0.00718462999999997,0.18281788,-0.025297400000000025,0.11241215000000004,-0.014514030000000011,0.20470453,-0.010770859999999993,0.08458840000000001,-0.025260600000000022,-0.0043644600000000144,-0.016858759999999973,0.0059371000000000285,0.11187468170672842,0.015428799259598917
0.05263703999999997,-0.28845043000000004,0.05652828999999998,-0.292812,0.056007909999999994,-0.30588043000000004,0.036092299999999966,-0.30523521000000003,0.02961997999999999,-0.33613817,-0.004195360000000037,-0.26632143,-0.028576860000000037,-0.26791859,-0.015389640000000038,-0.15536192999999998,-0.058293660000000025,-0.10950077000000003,0.03304658999999999,-0.09737687000000006,-0.022454960000000024,0.010164430000000002,0.008120159999999987,-0.0035512699999999953,-0.008120160000000043,0.0035512699999999953,0.001068639999999954,0.17761293,-0.02278711,0.20669293,-0.023498359999999996,0.29105463,-0.035057229999999995,0.29105463,-0.011194280000000001,0.11095950000000004,0.048436230000000025,0.05798505999999992,-0.029716799999999988,0.15841782,0.0358387,0.11966520000000003,-0.007051520000000033,0.1811642,-0.02456699999999995,0.11344169999999998,-0.014666949999999956,0.20314166,-0.012270119999999995,0.08436169999999998,-0.0243815,-0.0015971599999999864,-0.01624032000000003,0.0071025399999999905,0.09708022521556546,0.015786715181620257
0.05366926999999999,-0.2899810700000001,0.057648370000000004,-0.2948696500000001,0.05659930000000002,-0.3074619500000001,0.03727214000000001,-0.3072303800000001,0.02974831,-0.3368533800000001,-0.0037832300000000263,-0.2677108500000001,-0.027949879999999983,-0.2670925800000001,-0.018756969999999984,-0.1521102500000001,-0.05950055999999998,-0.10868031000000011,0.025302419999999992,-0.06786811000000015,-0.023295750000000004,0.010082779999999847,0.008113099999999984,-0.004002950000000061,-0.008113099999999984,0.00400294999999995,0.0006755700000000142,0.17660144999999994,-0.022067259999999977,0.20630524999999988,-0.023516670000000017,0.2898090499999999,-0.03576298,0.2898090499999999,-0.014973739999999958,0.1156006,0.044059389999999976,0.08424213999999997,-0.03155068,0.15841226999999997,0.036204809999999976,0.11876308999999996,-0.00743752999999997,0.1806044,-0.02419224000000003,0.11320759999999996,-0.013954159999999993,0.20230229999999993,-0.013695720000000022,0.08350380000000002,-0.024166649999999956,0.0006182700000000318,-0.01622619999999997,0.00800590000000001,0.0661379723297291,0.016354730014628775
0.054418509999999976,-0.291332715,0.05839422999999999,-0.29647570500000003,0.05698835999999996,-0.308928125,0.03793418999999998,-0.308077125,0.02931320999999998,-0.337292605,-0.0039436200000000365,-0.26661052500000004,-0.027570960000000033,-0.266265805,-0.022108700000000037,-0.14792176499999998,-0.059408779999999994,-0.11008336500000004,0.01814015999999996,-0.04610311499999997,-0.025020180000000003,0.011064934999999942,0.00798356,-0.0038962350000000257,-0.00798356,0.0038962350000000257,-0.0004862800000000056,0.175810935,-0.022232470000000004,0.20506483499999995,-0.024966939999999993,0.288997835,-0.03677210000000003,0.288997835,-0.01816508,0.11868876000000006,0.04024886,0.10181865000000001,-0.03183781999999996,0.15618243999999998,0.03438859999999999,0.12114829999999999,-0.008469840000000006,0.17970717000000003,-0.024480659999999987,0.11318689999999998,-0.014248910000000004,0.20116859999999992,-0.014539630000000026,0.08393300000000004,-0.023627339999999997,0.00034472000000002057,-0.01596712,0.007792470000000051,0.043411717806306566,0.018483416370205993
0.055034764999999986,-0.290726335,0.05880702500000001,-0.295993265,0.057490975,-0.30813995499999997,0.038030595,-0.307809915,0.029855014999999985,-0.336164285,-0.003840565000000018,-0.266810285,-0.026442344999999978,-0.265802745,-0.02320810499999998,-0.148579625,-0.05904966499999997,-0.11069133499999995,0.015252984999999997,-0.04466768499999996,-0.025014864999999997,0.010346384999999958,0.007605195000000009,-0.003863485,-0.007605195000000009,0.003863485,-0.002040564999999994,0.17591771499999997,-0.02148344499999999,0.204110915,-0.025731494999999993,0.289706915,-0.03582819500000001,0.289706915,-0.01936753999999996,0.11823065999999999,0.038461089999999976,0.10391194000000004,-0.032607319999999995,0.15511141000000006,0.034034799999999976,0.1210377199999999,-0.009645760000000003,0.17978119999999997,-0.02369093,0.11378920000000003,-0.013878249999999981,0.20024743,-0.014344750000000017,0.085596,-0.02260177999999996,0.0010075399999999735,-0.015210390000000018,0.00772697,0.04151471341011637,0.018577529489113967
0.054029465,-0.29030151499999995,0.05723307500000002,-0.29533358499999995,0.05659857500000004,-0.30746133499999995,0.03594839500000002,-0.30712185499999994,0.028842515000000013,-0.33544388499999994,-0.004177384999999978,-0.26568928499999994,-0.02733860499999996,-0.266824535,-0.01595213499999998,-0.155945185,-0.059000575,-0.10977395499999998,0.036604315,-0.11730558499999999,-0.025382304999999994,0.009308215000000009,0.007626324999999989,-0.003591314999999984,-0.007626324999999989,0.003591315000000095,-0.002500145000000009,0.175472485,-0.022928504999999988,0.20495436500000008,-0.025829204999999966,0.29031811500000004,-0.03522467499999998,0.29031811500000004,-0.01177475,0.10974409999999996,0.05255644999999998,0.038639599999999996,-0.03166197000000004,0.15705058,0.033618270000000006,0.11908216999999999,-0.010126469999999999,0.1790638,-0.023329059999999957,0.11484563000000003,-0.015302179999999999,0.20136305,-0.012296169999999995,0.08536374999999996,-0.023161219999999982,-0.001135250000000032,-0.015252649999999979,0.007182630000000079,0.11734845165605297,0.018653626225761017
0.05385295000000001,-0.2897645800000001,0.056726429999999994,-0.2943283000000001,0.05693237000000001,-0.3068703400000001,0.034857970000000016,-0.3064833500000001,0.02902442999999999,-0.3360964300000001,-0.00483283000000001,-0.26404968000000006,-0.027877019999999975,-0.2690778600000001,-0.016051519999999986,-0.1500367800000001,-0.05724246999999999,-0.11079468000000003,0.036801640000000024,-0.12576408000000006,-0.02497777000000001,0.01097574999999995,0.007598600000000011,-0.0029427800000000337,-0.007598600000000011,0.0029427799999999227,-0.001870560000000021,0.17615815999999995,-0.02346520000000002,0.2054968199999999,-0.02586292000000001,0.2909884199999999,-0.03294199999999997,0.2909884199999999,-0.011218689999999976,0.11401289999999997,0.05285316000000001,0.024272700000000036,-0.029365450000000015,0.15828318000000008,0.03226469999999998,0.12177042999999999,-0.009469160000000032,0.17910094,-0.02399235999999999,0.11483025999999996,-0.01586660000000001,0.20255404,-0.009476799999999952,0.0854916,-0.023044189999999964,-0.005028180000000049,-0.015197200000000022,0.005885559999999956,0.12624535349442215,0.01914586526928988
0.05368127,-0.28874523,0.05625833000000002,-0.2928466,0.05702020000000002,-0.30553073000000003,0.034292409999999995,-0.30404185,0.029800850000000045,-0.33418593,-0.002938200000000002,-0.26066475,-0.027760549999999995,-0.2684705,-0.011896329999999955,-0.14701775000000006,-0.05611775999999996,-0.11123395000000003,0.03997742000000004,-0.13451095000000002,-0.02620680999999997,0.011157980000000012,0.008203400000000027,-0.002403849999999985,-0.008203399999999972,0.002403849999999985,-0.0004418299999999764,0.17497092000000003,-0.02328648,0.20433384999999993,-0.02545086999999996,0.29282915,-0.033304200000000006,0.29282915,-0.008958129999999953,0.11364699999999994,0.051873749999999996,0.01250680000000004,-0.028357209999999966,0.15723654999999997,0.02991094999999999,0.12239193000000004,-0.008645230000000004,0.17737477000000001,-0.025009039999999982,0.11785822999999995,-0.015083080000000026,0.20192999999999994,-0.010017720000000008,0.08849530000000005,-0.024822349999999993,-0.00780575,-0.0164068,0.00480769999999997,0.13587447963974106,0.020018930133376266
0.05189253999999999,-0.28578872000000005,0.053512439999999994,-0.2898465700000001,0.05501977999999996,-0.3024385600000001,0.030553300000000005,-0.3026785000000001,0.02684905999999998,-0.33139300000000005,-0.004984299999999997,-0.25766602000000005,-0.02909687999999999,-0.2652519400000001,-0.014285160000000019,-0.14805242000000007,-0.06070252000000004,-0.10634122000000001,0.04102169,-0.13823282000000003,-0.030366840000000006,0.015085979999999943,0.007518990000000003,-0.00222978000000007,-0.007518990000000003,0.002229779999999959,-0.004447980000000018,0.17920031999999997,-0.02442424000000004,0.2079336799999999,-0.03191653999999999,0.29600187999999994,-0.03650481999999999,0.29600187999999994,-0.009300860000000022,0.10961359999999998,0.05530685000000002,0.00981960000000004,-0.031605640000000046,0.15891072000000006,0.03033568000000003,0.12142719999999996,-0.011966970000000021,0.18143010000000004,-0.027468559999999975,0.11680155999999997,-0.01690525000000004,0.20570389999999994,-0.012080579999999952,0.08806820000000004,-0.024112579999999995,-0.007585920000000024,-0.015037980000000006,0.004459560000000029,0.14006876095879334,0.02621652395079294
0.05157127,-0.2867000799999999,0.05346949000000001,-0.2905656999999999,0.054737230000000026,-0.30350152999999996,0.03090719000000003,-0.30307219999999996,0.026420070000000018,-0.33277002999999994,-0.005357279999999964,-0.25721239999999995,-0.02912927999999998,-0.26640317999999996,-0.014699469999999992,-0.1489187999999999,-0.05961475999999999,-0.10834349999999993,0.04171212000000002,-0.14235915,-0.030135849999999964,0.017204500000000067,0.007376629999999995,-0.0019072999999999452,-0.007376629999999995,0.0019073000000000562,-0.005293239999999977,0.1818223000000001,-0.024785909999999967,0.21007510000000007,-0.033694069999999965,0.29489260000000006,-0.03713231,0.29489260000000006,-0.009342190000000028,0.10829360000000005,0.05641159000000001,0.006559649999999917,-0.03048548000000001,0.15805968000000004,0.029478910000000025,0.125548,-0.012669869999999972,0.18372960000000005,-0.028400829999999988,0.11307029999999996,-0.01740927999999997,0.20816780000000001,-0.012346400000000035,0.08481749999999999,-0.023772000000000015,-0.00919078000000001,-0.01475325999999999,0.0038146000000000013,0.14458785579004418,0.02742237084659893
0.05092588499999995,-0.28655707499999994,0.052838024999999955,-0.29066428499999997,0.05408805499999997,-0.30336463499999994,0.03024080499999998,-0.30347123499999995,0.025844024999999937,-0.33273113499999996,-0.006463055000000051,-0.25717457499999996,-0.029052945000000052,-0.26555469499999995,-0.01711091500000006,-0.14706077499999992,-0.058968215000000046,-0.10517820499999997,0.04059842499999994,-0.1440298849999999,-0.029774005000000048,0.017046565000000014,0.0069388749999999555,-0.002044164999999931,-0.006938875000000011,0.002044165000000042,-0.006045135000000035,0.18194006500000004,-0.025094775000000014,0.21024846500000005,-0.035059175000000053,0.29486516500000004,-0.035905445000000036,0.29486516500000004,-0.010647860000000009,0.11011380000000004,0.05770934,0.0030308900000000083,-0.029915269999999994,0.16037648999999998,0.029194209999999998,0.12222476999999998,-0.01298400999999999,0.18398422999999997,-0.02901404000000002,0.1129251,-0.018155900000000003,0.2082043,-0.010810670000000022,0.08461669999999999,-0.02258989,-0.008380119999999991,-0.013877749999999967,0.004088329999999973,0.14592090319800277,0.02732242975792784
0.05049085999999997,-0.2886782500000001,0.05210590999999998,-0.2928718900000001,0.053475689999999965,-0.3053210700000001,0.029320219999999952,-0.3051632100000001,0.025428129999999938,-0.3337471500000001,-0.00572457000000004,-0.2578146800000001,-0.029445050000000028,-0.2668098800000001,-0.015877600000000047,-0.14841415000000013,-0.058935930000000025,-0.10780218000000008,0.04247472999999996,-0.14849925000000008,-0.02934619000000005,0.015405679999999866,0.007395849999999982,-0.0018614500000000422,-0.007395850000000037,0.0018614499999999312,-0.005651970000000062,0.18149598999999994,-0.025779330000000045,0.20900724999999987,-0.03566732000000006,0.2934675499999999,-0.036428320000000014,0.2934675499999999,-0.010153030000000007,0.10940052999999994,0.05835233000000001,-8.50999999999491e-05,-0.029490879999999997,0.15900770000000003,0.029589739999999976,0.12320785999999995,-0.013047820000000043,0.18335743999999998,-0.030015349999999996,0.11197155999999997,-0.018383480000000008,0.20714579999999994,-0.01064898999999997,0.08446030000000004,-0.023720479999999988,-0.008995200000000036,-0.014791700000000019,0.0037228999999999735,0.15077523739293003,0.02579270424768405
0.050633890000000015,-0.28855937500000006,0.05197993000000001,-0.2927966450000001,0.05348339000000002,-0.3050607150000001,0.029154369999999985,-0.3049095050000001,0.025234670000000015,-0.3330657250000001,-0.004783060000000006,-0.2565854250000001,-0.029389009999999993,-0.2666519750000001,-0.011790310000000026,-0.14574767500000008,-0.05869047999999999,-0.10802917500000009,0.047630459999999986,-0.14989797500000013,-0.029020570000000023,0.01508702499999992,0.007680210000000021,-0.0017098750000000829,-0.007680210000000021,0.0017098749999999718,-0.0051433699999999805,0.1820154249999999,-0.025314710000000018,0.2100600549999999,-0.03480212999999999,0.2940031249999999,-0.03766723999999999,0.2940031249999999,-0.00700725000000002,0.11083775000000001,0.05942077000000001,-0.004150300000000051,-0.029301469999999996,0.1586228,0.029669909999999966,0.12311620000000001,-0.012823580000000001,0.18372529999999998,-0.029658760000000006,0.11198770000000002,-0.017634499999999997,0.20835017999999994,-0.012352529999999973,0.08394307000000001,-0.024605949999999988,-0.010066550000000007,-0.015360420000000041,0.0034197500000000547,0.15347877852221953,0.02518648659603198
0.05061309499999994,-0.288765935,0.05178327499999996,-0.292808555,0.053930834999999955,-0.305153675,0.02823551499999999,-0.305189215,0.026452854999999942,-0.333437055,-0.006418745000000059,-0.258447375,-0.02852584500000005,-0.267293975,-0.015227845000000018,-0.150833035,-0.057916175000000014,-0.10935392499999996,0.04388280499999997,-0.15156027500000002,-0.027338605000000016,0.016115224999999955,0.006798224999999991,-0.0018334749999999733,-0.006798225000000047,0.0018334749999999733,-0.005992425000000023,0.18122467499999995,-0.024511265000000004,0.20828332500000002,-0.03565059500000001,0.293957625,-0.03554854500000004,0.293957625,-0.008809099999999959,0.10761433999999998,0.05911064999999999,-0.0007272400000000179,-0.029390329999999965,0.15794005000000005,0.03057757,0.12546914999999992,-0.012790650000000015,0.18305814999999992,-0.029658169999999984,0.11273295000000005,-0.017713039999999958,0.20644985000000005,-0.011037280000000038,0.08567429999999998,-0.02210709999999999,-0.008846600000000038,-0.013596450000000038,0.0036669499999999466,0.15425103147796584,0.025017505743117122
0.050007400000000035,-0.28643265000000007,0.051615980000000006,-0.2905393000000001,0.05309849,-0.3029532700000001,0.02904912000000004,-0.3031994700000001,0.025656900000000038,-0.3317719200000001,-0.005407519999999999,-0.2567489200000001,-0.028905489999999978,-0.2664330900000001,-0.015128829999999982,-0.14877002000000006,-0.05788737999999999,-0.10879242000000011,0.043031030000000026,-0.1499416200000001,-0.027176690000000003,0.01638003999999993,0.007344650000000008,-0.0016656200000000343,-0.007344650000000008,0.0016656199999999233,-0.005128419999999967,0.18167533999999996,-0.025151319999999977,0.20838707999999995,-0.03519538999999999,0.2959295799999999,-0.03614172999999998,0.2959295799999999,-0.009721309999999983,0.10797890000000004,0.05815986000000001,-0.0011716000000000504,-0.02898189000000001,0.15764066999999998,0.030710689999999985,0.12517246000000004,-0.012473069999999975,0.18334096,-0.030066970000000026,0.11425423999999995,-0.01780666999999997,0.20672146000000002,-0.010990410000000006,0.08754249999999997,-0.02349796999999998,-0.009684169999999992,-0.014689300000000016,0.0033312399999999576,0.15250996653827062,0.024694614119236607
0.05014121500000002,-0.28693717,0.05144105500000001,-0.29075042,0.05360637500000004,-0.30328349000000004,0.028313444999999993,-0.30310509,0.026784585000000027,-0.33204177,-0.00545348499999998,-0.25644690000000003,-0.028350814999999974,-0.26783154000000003,-0.014115984999999998,-0.14790407000000005,-0.05748968499999996,-0.1120179,0.044316785000000025,-0.15067417000000005,-0.027182744999999953,0.014379229999999965,0.0071152550000000425,-0.0013122300000000253,-0.007115254999999987,0.0013122300000000253,-0.005741084999999979,0.18330442999999996,-0.025017544999999974,0.20942147999999994,-0.035650444999999975,0.29539403,-0.036130864999999956,0.29539403,-0.008662500000000017,0.10854282999999998,0.05843277000000002,-0.0027700999999999976,-0.029138869999999983,0.15581364000000003,0.030306940000000004,0.12639712999999997,-0.012856340000000022,0.18461666,-0.029909359999999996,0.11208960000000001,-0.017902289999999987,0.2081092499999999,-0.011113319999999982,0.08597255000000004,-0.022897329999999994,-0.011384640000000001,-0.01423051000000003,0.0026244600000000506,0.1539251212599961,0.023946829516662473
0.05054638499999997,-0.28711614999999996,0.05185204500000001,-0.29115971999999996,0.05362388499999998,-0.30343448999999995,0.028877555,-0.30375020999999996,0.02617975499999997,-0.33192162999999997,-0.004493534999999993,-0.2573159,-0.028959785000000016,-0.26698601,-0.013188065000000027,-0.14979215,-0.05776658500000004,-0.11042154999999998,0.045492315000000005,-0.14939137999999996,-0.026137834999999998,0.015406350000000013,0.007654634999999965,-0.0016454499999999372,-0.007654635000000021,0.0016454500000000483,-0.005303145000000009,0.18205015000000002,-0.025432675000000016,0.20855370000000006,-0.036586284999999996,0.29523805000000003,-0.036530074999999995,0.29523805000000003,-0.008694530000000034,0.10752374999999997,0.05868038000000003,0.00040077000000005025,-0.02880680000000002,0.15656446000000002,0.03162875000000004,0.1258279,-0.012957779999999974,0.18369559999999996,-0.03128313999999999,0.11318790000000001,-0.017778039999999995,0.20690825000000002,-0.01109739999999998,0.08668434999999997,-0.024466250000000023,-0.00967011000000001,-0.015309269999999986,0.0032908999999999855,0.15251409724791773,0.023043243067111845
0.05134939999999999,-0.28709438499999995,0.052357070000000006,-0.29115927499999994,0.054551950000000016,-0.3032511149999999,0.028796969999999977,-0.3036704349999999,0.027077550000000006,-0.3313587049999999,-0.004392300000000016,-0.2574488849999999,-0.028560580000000002,-0.26608833499999995,-0.01284247999999999,-0.1506170549999999,-0.0575079,-0.1094750149999999,0.04493079999999999,-0.14946025499999993,-0.02396942000000002,0.01403824500000006,0.007493599999999989,-0.0018275949999999597,-0.007493599999999989,0.0018275950000000707,-0.005718500000000015,0.18180164500000007,-0.024755000000000027,0.20832317500000008,-0.03648997000000004,0.29554724500000007,-0.03557575000000002,0.29554724500000007,-0.008450179999999974,0.10683183000000002,0.05777327999999998,0.0011567999999999579,-0.02894732,0.15661332000000006,0.03353847999999998,0.12351325999999996,-0.013212100000000004,0.18362924000000003,-0.030771470000000023,0.1137456,-0.017261400000000038,0.20649558,-0.01082074999999999,0.08722406999999999,-0.024168279999999986,-0.008639450000000048,-0.014987199999999978,0.0036551900000000304,0.1523054373373308,0.0205073796008876
0.051767615000000045,-0.286671135,0.05302929500000003,-0.290915005,0.054951355000000035,-0.302918605,0.029572255000000047,-0.303229745,0.027698305000000034,-0.33058786500000004,-0.004511214999999957,-0.25784286500000003,-0.028466164999999988,-0.263276505,-0.016850594999999968,-0.15126880500000006,-0.057390304999999975,-0.10216134500000007,0.039884555000000044,-0.146988605,-0.020501174999999983,0.015835794999999986,0.00755539500000002,-0.0024373549999999744,-0.007555394999999965,0.0024373549999999744,-0.0040057449999999495,0.18047019499999994,-0.024665214999999963,0.207122865,-0.03586197499999999,0.296402395,-0.03497878499999996,0.296402395,-0.012339380000000011,0.10657405999999997,0.05673515000000001,0.004280200000000067,-0.028924139999999987,0.16111515999999992,0.03688912999999999,0.11799714000000006,-0.01156113999999997,0.18290754999999992,-0.03185623000000004,0.11593220000000004,-0.017109819999999998,0.20468551000000001,-0.010313569999999994,0.08927953,-0.02395495000000003,-0.005433639999999962,-0.015110789999999985,0.004874709999999949,0.14812237664467887,0.018630926285131418
0.05492298000000001,-0.28915092000000003,0.056914279999999984,-0.29350222000000004,0.05829202,-0.30550992,0.033965540000000016,-0.30440202,0.03224346,-0.33265125,-0.0020021600000000306,-0.26128112000000003,-0.02550039999999998,-0.26595419000000003,-0.013465000000000005,-0.15371032000000007,-0.05296580000000001,-0.10793712,0.040508199999999994,-0.14733212000000007,-0.014685469999999978,0.009992879999999982,0.007569889999999968,-0.0028019799999999817,-0.0075698900000000235,0.0028019799999999817,-0.0013981000000000132,0.17613212,-0.020720320000000014,0.20317348000000002,-0.02946789999999999,0.29379318,-0.027974080000000012,0.29379318,-0.011462839999999974,0.10757079999999997,0.0539732,0.0063782000000000005,-0.02746540000000003,0.15801707000000004,0.03828033000000003,0.11792999999999998,-0.008967989999999981,0.17893409999999998,-0.028069799999999978,0.11766105999999998,-0.01315042999999999,0.20037150000000004,-0.007253759999999998,0.09061969999999997,-0.023498239999999948,-0.004673070000000001,-0.015139779999999992,0.005603959999999963,0.14823593907712032,0.01011634922026713
0.054525484999999985,-0.2907877,0.05665952499999999,-0.29597294999999996,0.05719886499999999,-0.30748004999999995,0.03397329499999996,-0.30693886,0.031096204999999988,-0.33340738,-0.003192435000000049,-0.26520651999999995,-0.02560330500000002,-0.26522238,-0.015266045000000006,-0.15936637999999992,-0.056019275000000035,-0.11012674,0.038587104999999955,-0.12076387999999993,-0.012011575000000052,0.0043668199999999935,0.007373974999999977,-0.0035985199999999384,-0.007373975000000033,0.0035985200000000495,-0.002343675000000045,0.17749542000000007,-0.020985855000000053,0.20387082,-0.02803952500000001,0.29163932000000004,-0.03272344500000002,0.29163932000000004,-0.012073609999999957,0.10584014000000003,0.05385314999999996,0.038602499999999984,-0.030415970000000014,0.15509563999999998,0.04400769999999998,0.11449356,-0.009717650000000022,0.18109394,-0.025695849999999965,0.11414389999999996,-0.01361188000000002,0.20027229999999996,-0.011737589999999964,0.08776850000000003,-0.02241086999999997,-1.586000000003418e-05,-0.01474795000000001,0.007197039999999988,0.12125172604266918,0.004700810424809757
0.057195525000000025,-0.29168154,0.05920915500000001,-0.29673926,0.05986682500000001,-0.30835662,0.036186704999999986,-0.30792685,0.03284387500000002,-0.3345327,-0.0021756150000000196,-0.2669179,-0.024493295000000026,-0.26649905,-0.013793965000000019,-0.16166749999999996,-0.05444516500000002,-0.11164629999999998,0.04043112500000001,-0.12063325999999996,-0.005928195000000025,0.0003071000000000046,0.0075322250000000035,-0.0038681999999999883,-0.0075322250000000035,0.0038681999999999883,-0.0006592950000000042,0.17531370000000002,-0.020227894999999996,0.20304303,-0.024499525000000022,0.2914428,-0.03394834499999999,0.2914428,-0.01161835,0.10525040000000002,0.05422509000000003,0.04103424,-0.02995186999999999,0.15485275000000004,0.04851696999999999,0.11195339999999998,-0.008191520000000008,0.1791819,-0.023840230000000018,0.11612909999999999,-0.012695669999999992,0.19917483000000002,-0.013720449999999995,0.08839976999999999,-0.022317680000000006,0.00041884999999997063,-0.015064450000000007,0.007736399999999977,0.12131123961947465,0.003905681176299445
0.05721365500000003,-0.28849113000000004,0.059493355000000026,-0.29259206000000004,0.060232655000000024,-0.3048096,0.03715647500000002,-0.30368146,0.032831575,-0.33208606,0.0014720150000000487,-0.26400933000000004,-0.026575784999999963,-0.26475776,-0.00827626499999995,-0.16161531000000007,-0.05114788499999995,-0.10931670999999998,0.03688250500000001,-0.12711769000000006,-0.003247244999999954,0.0007566399999999751,0.009474055000000037,-0.0036036999999999875,-0.009474054999999981,0.0036036999999999875,0.0022040750000000275,0.17386893999999997,-0.02077032499999998,0.20134103999999997,-0.022753224999999988,0.29525893999999997,-0.030580144999999948,0.29525893999999997,-0.009748279999999998,0.10239401999999997,0.04515876999999996,0.03449762000000001,-0.024572099999999986,0.15544105000000003,0.047900639999999994,0.11007334999999996,-0.007269980000000009,0.17747263999999996,-0.024957300000000016,0.12139,-0.011296269999999997,0.19773733999999998,-0.009809819999999969,0.0939179,-0.02804780000000001,-0.0007484299999999666,-0.018948110000000018,0.007207399999999975,0.12651849215479377,0.006846817758616072
0.05984911999999998,-0.290381995,0.06234202999999999,-0.29488658500000003,0.062402349999999995,-0.307032515,0.04059259999999998,-0.30609381500000005,0.03486260000000002,-0.334101935,0.00422075999999999,-0.26455398500000005,-0.02322985999999999,-0.266197675,-0.003973569999999982,-0.15548425500000007,-0.0473268,-0.10920211499999999,0.041723259999999984,-0.11041341500000001,0.005347439999999981,-0.0034242749999999766,0.009253500000000026,-0.003297514999999973,-0.00925349999999997,0.003297514999999973,0.001977720000000016,0.17496372500000001,-0.018554860000000006,0.20033461499999994,-0.020022649999999975,0.293649085,-0.030259780000000014,0.293649085,-0.008194329999999972,0.10906972999999998,0.045696829999999966,0.045070840000000056,-0.02409694000000001,0.15699556000000003,0.05267423999999998,0.10577784000000001,-0.0072757800000000095,0.17826124,-0.02200036999999999,0.11868535999999996,-0.009301360000000036,0.19703709999999997,-0.011704920000000008,0.09331447000000004,-0.02745061999999998,-0.0016436899999999754,-0.018506999999999996,0.006595029999999946,0.1119290013681334,0.016073889065428375
0.05928886,-0.28944153,0.06188824999999998,-0.29411513,0.06181091,-0.30629454,0.04039481,-0.30538691,0.03419694000000001,-0.3336137,0.0029500699999999713,-0.26310445000000005,-0.022646109999999997,-0.26513342,-0.004485960000000011,-0.15053561999999998,-0.04439226000000002,-0.10847878,0.04285863000000001,-0.09544728000000002,0.01348199,-0.008415179999999967,0.008591349999999998,-0.00328417999999997,-0.008591349999999998,0.00328417999999997,0.0010585200000000072,0.17662206000000003,-0.016891270000000014,0.20147706999999992,-0.019518140000000017,0.29398092,-0.029715060000000015,0.29398092,-0.007436029999999982,0.11256883000000006,0.04734459000000002,0.05508833999999996,-0.02174615000000002,0.15665464,0.057874250000000016,0.10006360000000003,-0.00753282999999999,0.17990624,-0.020576660000000024,0.11735885999999995,-0.008299920000000016,0.19819288999999995,-0.012823790000000002,0.09250385000000005,-0.02559617999999997,-0.0020289699999999633,-0.017182699999999995,0.00656835999999994,0.09832742994815033,0.024982140884343727
0.059526135000000036,-0.2887947,0.062199614999999986,-0.29421323,0.061434674999999994,-0.30601048,0.040869584999999986,-0.30550383,0.03317888499999999,-0.33254489,0.0012456450000000174,-0.26183936,-0.021493205000000015,-0.26251739,-0.008896954999999984,-0.14599123000000003,-0.042212525,-0.10718912999999997,0.04087983500000003,-0.07344722999999997,0.022042384999999998,-0.01032403000000004,0.007728314999999986,-0.003652270000000013,-0.007728314999999986,0.003652270000000013,0.0006065550000000086,0.17723560000000005,-0.015281924999999974,0.20210887,-0.019654934999999985,0.29473567,-0.029905564999999967,0.29473567,-0.010142600000000002,0.11584813,0.049776790000000015,0.07254400000000005,-0.020719319999999986,0.15532826000000005,0.06425491,0.09686509999999993,-0.007121759999999977,0.18088787000000006,-0.020261489999999993,0.11750006999999996,-0.007553609999999988,0.19845659999999998,-0.014623639999999993,0.09262680000000001,-0.022738850000000033,-0.0006780299999999961,-0.015456629999999971,0.007304540000000026,0.07726810286083124,0.03288816717574879
0.05897768000000003,-0.29305339999999996,0.062025770000000036,-0.29849594999999995,0.061000900000000025,-0.31073719999999994,0.040922720000000024,-0.30991821999999997,0.03245558000000004,-0.3381065,-0.000905079999999947,-0.26567226999999993,-0.022175399999999956,-0.26647376999999994,-0.014166369999999984,-0.14531856999999992,-0.040159029999999984,-0.11055979999999999,0.03641574000000003,-0.04720979999999997,0.02940662000000005,-0.01626240000000001,0.007609470000000007,-0.0036817999999999573,-0.0076094699999999516,0.0036818000000000684,0.0017445000000000377,0.17664950000000001,-0.01638489999999998,0.2004486000000001,-0.019847499999999962,0.28960830000000004,-0.03314853999999995,0.28960830000000004,-0.013261290000000037,0.12035370000000001,0.05058211000000001,0.09810876999999996,-0.017983630000000028,0.15591396999999996,0.06956565000000003,0.09429739999999998,-0.005864969999999969,0.18033129999999997,-0.021592,0.11295880000000003,-0.008775430000000028,0.19676680000000002,-0.01676363999999997,0.08915969999999995,-0.02127032000000001,-0.0008015000000000105,-0.015218939999999959,0.007363600000000026,0.0521966280071127,0.04204714059871495
0.060720499999999955,-0.29457999,0.06396790999999996,-0.30005853,0.06273187999999996,-0.31255299000000003,0.04272361999999996,-0.3112036,0.03317376,-0.33999587000000003,-0.0002765399999999918,-0.26719487000000003,-0.021814090000000008,-0.26632861,-0.01162766000000004,-0.14864233000000004,-0.03421531,-0.10968962999999998,0.037978999999999985,-0.05011096999999998,0.03843647,-0.019778729999999967,0.00784573999999999,-0.004123529999999986,-0.00784573999999999,0.004123529999999986,0.0016365399999999641,0.17659877000000002,-0.016247430000000007,0.20282241,-0.020308290000000007,0.28752687,-0.03268715999999999,0.28752687,-0.011351120000000048,0.11855253999999998,0.049606660000000025,0.09853136000000007,-0.01240121999999999,0.15663898000000004,0.07265178,0.08991090000000002,-0.006209200000000026,0.1807223,-0.02194482999999997,0.11092809999999997,-0.008401690000000017,0.19869888000000002,-0.016439729999999986,0.08470445999999998,-0.021537550000000016,0.0008662600000000076,-0.01569147999999998,0.008247059999999973,0.05498052378780325,0.05208993180636443
0.06151289999999998,-0.2966936,0.06339044999999999,-0.30201269000000003,0.06347269999999994,-0.31457789,0.040095949999999936,-0.31622852,0.03343100999999998,-0.34354169,-0.0035728500000000163,-0.27217064,-0.01806775000000005,-0.26984898,-0.014129030000000042,-0.15044878000000006,-0.030310170000000025,-0.11026592000000002,0.043391089999999966,-0.03980736000000007,0.047241969999999966,-0.026848819999999995,0.005341989999999963,-0.0038531800000000116,-0.005341990000000019,0.0038531800000000116,-0.002511690000000011,0.18336805,-0.015605250000000015,0.20498700999999997,-0.02372922000000005,0.28493788,-0.038078550000000044,0.28493788,-0.010556180000000026,0.12172185999999996,0.05752012000000001,0.11064141999999999,-0.012242419999999976,0.15958306,0.07755213999999999,0.08341710000000002,-0.007853679999999974,0.18722123000000002,-0.02121753000000004,0.10156982999999997,-0.010263259999999996,0.20113382999999996,-0.02247330000000003,0.07995087000000001,-0.014494900000000033,0.002321660000000003,-0.010683979999999982,0.007706360000000023,0.05234918404600404,0.06089076821063764
0.060797454999999945,-0.29427166499999996,0.06274405499999997,-0.29972739499999995,0.062733025,-0.31198262499999996,0.03967863499999996,-0.31471001499999995,0.03288784499999997,-0.34140991499999995,-0.004877895000000021,-0.2713672449999999,-0.016451515000000028,-0.26803802499999996,-0.01500856500000003,-0.15007056499999993,-0.026115815000000042,-0.10959906499999994,0.04730114499999999,-0.036477704999999916,0.05054258499999997,-0.02979250499999997,0.004198134999999992,-0.003941734999999946,-0.004198135000000047,0.003941735000000057,-0.004674135000000024,0.183702095,-0.014928935000000032,0.20498913500000004,-0.025698915000000044,0.28681693500000005,-0.035978515000000044,0.28681693500000005,-0.010130670000000008,0.12129667999999999,0.06230971000000002,0.11359286000000002,-0.009664300000000015,0.15843896000000002,0.07665840000000002,0.07980655999999997,-0.008872270000000015,0.18764382999999996,-0.02102478000000002,0.10311484000000004,-0.010730799999999985,0.2010474,-0.021049580000000012,0.0818278,-0.011573620000000007,0.003329219999999966,-0.008396270000000039,0.007883470000000004,0.054004248119022984,0.06430043059339498
0.06149196499999998,-0.29309277499999997,0.06337792499999995,-0.29837827499999997,0.06357896499999999,-0.310979085,0.04016032499999994,-0.31323562499999996,0.033287724999999935,-0.340839165,-0.0032186250000000305,-0.27007810499999996,-0.016835155000000046,-0.26730357499999996,-0.008050675000000063,-0.148691495,-0.021593725000000064,-0.10845072499999997,0.05084115499999997,-0.03644672500000001,0.05529075499999997,-0.030045164999999985,0.004983424999999986,-0.0037538249999999884,-0.004983425000000041,0.0037538249999999884,-0.0037421250000000406,0.18296057500000007,-0.015836355000000024,0.20404682500000004,-0.02377683500000005,0.287776275,-0.03597551500000001,0.287776275,-0.004832050000000032,0.12138660999999995,0.058891830000000034,0.11224477,-0.0047585700000000175,0.15885285,0.07688448000000003,0.07840555999999999,-0.008725550000000026,0.18671440000000006,-0.02003471000000001,0.10481569999999996,-0.010852929999999983,0.20029300000000005,-0.02013915999999999,0.08372944999999998,-0.013616530000000016,0.0027745299999999973,-0.009966850000000027,0.007507649999999977,0.056318355011158665,0.06910389641469213
0.06278993999999999,-0.2916757200000001,0.06452109,-0.2970161800000001,0.06506883999999996,-0.3095133300000001,0.04085728999999999,-0.3125621700000001,0.03498778999999996,-0.33980832000000005,-0.002122349999999995,-0.2711244300000001,-0.01482815000000004,-0.26613175000000006,-0.003925270000000036,-0.1508954200000001,-0.013721289999999997,-0.10590745000000013,0.051933549999999995,-0.04080779000000012,0.061476019999999965,-0.027975850000000024,0.0048921699999999735,-0.004197450000000047,-0.004892170000000029,0.004197449999999936,-0.002011660000000026,0.18190478999999993,-0.015373530000000024,0.20596890999999995,-0.023135430000000012,0.2892595499999999,-0.03456226000000001,0.2892595499999999,-0.0018029200000000412,0.12022900999999997,0.05585882000000003,0.11008762999999999,0.0011068600000000428,0.16022429999999993,0.07519730999999996,0.0779316000000001,-0.00690383,0.18610223999999997,-0.021123769999999986,0.10735476,-0.010481359999999995,0.20177146,-0.019188729999999987,0.08329063999999997,-0.012705800000000045,0.004992680000000027,-0.009784340000000002,0.008394899999999983,0.0596087948814603,0.07375539218773158
0.06433119499999995,-0.29207596499999994,0.06603402499999994,-0.2973868249999999,0.06695957499999994,-0.30997148499999994,0.04185868499999995,-0.31353309499999993,0.03716646499999998,-0.34099280499999995,-0.0018503250000000415,-0.2734257849999999,-0.011740075000000016,-0.26671871499999994,0.00011046499999994852,-0.1537962449999999,-0.004637995000000061,-0.1047634449999999,0.05488424499999994,-0.0446966849999999,0.06774558499999994,-0.027691784999999913,0.004055454999999986,-0.004419804999999943,-0.004055455000000041,0.004419805000000054,-0.002886545000000018,0.18555705500000008,-0.01527334500000005,0.2115485050000001,-0.024390205000000054,0.28839695500000007,-0.034134875000000064,0.28839695500000007,0.00196078999999999,0.11962954000000003,0.054773779999999994,0.10909955999999998,0.007102079999999955,0.16195527000000004,0.07238358,0.07707165999999999,-0.006942000000000004,0.18997686000000003,-0.021503660000000036,0.10283989999999998,-0.011217890000000008,0.20712870000000005,-0.018861530000000015,0.07684844999999996,-0.009889749999999975,0.006707069999999982,-0.008110910000000027,0.008839609999999998,0.06485208520470635,0.07865458382961349
0.06578424000000005,-0.294339085,0.06726004000000002,-0.299673005,0.06846024,-0.312300905,0.04225666,-0.316007555,0.03887830000000003,-0.343283805,-0.002135259999999972,-0.277670435,-0.009044609999999953,-0.270453155,-0.0005768099999999832,-0.16306080499999998,-0.0004998299999999789,-0.11193290499999997,0.05276800000000004,-0.054523164999999985,0.06855354000000002,-0.03211325500000006,0.003328040000000032,-0.004240455000000032,-0.0033280399999999766,0.004240455000000032,-0.003538119999999978,0.187736295,-0.015161289999999994,0.212144255,-0.021333119999999983,0.286823395,-0.03308658999999997,0.286823395,0.001558449999999989,0.11460963000000002,0.05334481000000002,0.10853763999999999,0.008544779999999974,0.15852025000000003,0.06905337,0.07981964999999991,-0.00686616000000001,0.19197675000000003,-0.017795000000000005,0.09908709999999998,-0.011833250000000017,0.20790379999999997,-0.017925299999999977,0.07467913999999998,-0.006909349999999981,0.007217279999999993,-0.006656080000000009,0.008480910000000064,0.07051709416691598,0.08055155972456715
0.06571829500000004,-0.29346015999999997,0.06703007500000002,-0.29877328999999997,0.06831162500000004,-0.31119358999999996,0.041999935000000044,-0.31550995,0.03872334500000002,-0.34234181999999996,-0.0026912449999999533,-0.27700082,-0.00815144499999998,-0.27151409,-0.0019702949999999553,-0.16428471999999994,-8.242499999994157e-05,-0.11961367999999994,0.05427831500000002,-0.049042719999999984,0.06847852500000001,-0.030774980000000007,0.0027941450000000256,-0.00401178000000002,-0.00279414499999997,0.00401178000000002,-0.003916824999999957,0.18656804999999999,-0.01460078499999995,0.21112248,-0.02256080499999996,0.28793588000000003,-0.032680024999999946,0.28793588000000003,0.000720949999999998,0.11271610000000004,0.05624860999999998,0.11524199999999996,0.008069020000000038,0.15190041000000004,0.06856094999999995,0.08883869999999994,-0.006710969999999983,0.19057983,-0.018643980000000004,0.10136783000000005,-0.01180663999999998,0.20711069999999998,-0.018079239999999996,0.07681340000000003,-0.005460200000000026,0.005486729999999995,-0.005588289999999996,0.00802356000000004,0.06839886927334761,0.07930896645541725
0.06866898999999999,-0.29306087500000005,0.06966644,-0.29886123500000006,0.07103038,-0.31047782500000004,0.04389958999999999,-0.3166606450000001,0.04102163999999997,-0.34115314500000005,-0.0034799899999999884,-0.28045764500000003,-0.0038876199999999805,-0.26976472500000004,-0.0051432900000000226,-0.172619505,0.004053260000000003,-0.11776810500000001,0.05226957999999998,-0.053194905000000015,0.07154441,-0.028699605000000017,0.0014263099999999862,-0.004898965000000088,-0.0014263099999999862,0.004898964999999977,-0.002116320000000005,0.186903995,-0.01277387000000002,0.21257719499999994,-0.01796673999999998,0.28884899499999994,-0.03291487999999998,0.28884899499999994,-0.0016633000000000342,0.10783814000000003,0.057412870000000005,0.11942459999999999,0.007940879999999984,0.15199662000000003,0.06749115,0.0890685,-0.003542629999999991,0.19180296000000008,-0.015850419999999976,0.10194499999999995,-0.011347560000000034,0.20767822999999996,-0.02014100999999996,0.0762718,-0.00040762999999999217,0.010692919999999995,-0.0028526199999999724,0.009797930000000066,0.07012514473978997,0.08033423854971987
0.06979437,-0.29340912500000005,0.07111438000000003,-0.29928763500000005,0.07217793,-0.31102095500000004,0.045692730000000015,-0.31779210500000005,0.04219599000000002,-0.34263222500000007,-0.003617719999999991,-0.28211507500000005,-0.001900869999999999,-0.271380655,-0.005562230000000001,-0.17235877500000008,0.007175050000000016,-0.11732347500000007,0.05339811999999999,-0.05172892500000004,0.07368235000000001,-0.02691652500000008,0.0008711700000000322,-0.004979175000000002,-0.0008711699999999767,0.004979175000000002,-0.00014940999999996096,0.18689132499999994,-0.011342750000000013,0.21311222499999993,-0.014298009999999972,0.28845612499999995,-0.031520049999999966,0.28845612499999995,-0.0019445100000000104,0.10975629999999997,0.058960349999999995,0.12062985000000004,0.009075920000000015,0.15405717999999996,0.06650729999999999,0.09040694999999999,-0.0010205799999999932,0.19187049999999994,-0.014148600000000011,0.10156480000000001,-0.010471580000000036,0.20813304999999993,-0.020177299999999954,0.07534390000000002,0.001716849999999992,0.010734420000000022,-0.0017423400000000089,0.009958350000000005,0.07031798917321938,0.08108984537462384
0.07189213500000002,-0.29520292000000004,0.07314408500000003,-0.3011251200000001,0.07451930500000004,-0.3126019300000001,0.04748208500000001,-0.31997041000000004,0.04541873500000004,-0.3442329700000001,-0.0018896449999999954,-0.28456617000000006,0.0012144450000000084,-0.27337063000000006,-0.003544035000000001,-0.1736163300000001,0.009984485000000043,-0.11927323000000001,0.05607190500000003,-0.0481115700000001,0.075428455,-0.02645527000000003,0.00034058500000000436,-0.005031630000000065,-0.00034058500000000436,0.005031629999999954,-0.0005966449999999512,0.18711822999999994,-0.010116464999999963,0.21421572999999994,-0.014680234999999986,0.28716732999999994,-0.029907344999999974,0.28716732999999994,-0.0016543900000000056,0.11094983999999997,0.059615940000000034,0.12550476,0.008770040000000034,0.15409740000000005,0.06544396999999996,0.09281795999999998,-0.0009372299999999556,0.19214986,-0.014083590000000035,0.1000491,-0.009775879999999959,0.20918409999999998,-0.01979088000000001,0.0729516,0.003104090000000004,0.011195540000000004,-0.0006811700000000087,0.010063260000000018,0.07044048026061439,0.08205103469263261
0.07335361999999995,-0.29413136999999995,0.07435813999999996,-0.30019303999999997,0.07573165999999998,-0.3112928,0.048637459999999966,-0.31931509999999996,0.04667731999999997,-0.34258448999999996,0.00018224000000000018,-0.28393139999999994,0.0029705199999999765,-0.27347126999999993,-0.0009322200000000391,-0.17236896999999995,0.011331979999999964,-0.12143996999999995,0.05750941999999998,-0.04670716999999991,0.07563963999999995,-0.026317919999999995,0.0005184099999999692,-0.004797429999999991,-0.0005184100000000247,0.004797429999999991,3.158999999997025e-05,0.18634448000000003,-0.009383770000000013,0.21265683000000002,-0.012779860000000032,0.28808573000000004,-0.029171500000000017,0.28808573000000004,-0.0011144600000000393,0.11156242999999999,0.05844164000000002,0.12566180000000005,0.008361459999999987,0.15203129999999998,0.06430765999999999,0.09512204999999996,-0.0004868199999999989,0.19114191000000003,-0.012811450000000002,0.10174125,-0.008865359999999989,0.20785940000000003,-0.019787730000000003,0.07542890000000002,0.0027882799999999763,0.010460130000000012,-0.0010368199999999939,0.009594859999999983,0.07074179477287591,0.08226915330441292
0.07427781499999997,-0.29440884999999994,0.07549111499999994,-0.3004172299999999,0.07710741499999996,-0.3116135299999999,0.050076714999999994,-0.3195296099999999,0.04930893499999994,-0.34334777999999994,0.0019350749999999528,-0.2838474999999999,0.005102494999999985,-0.27407862999999993,0.002190874999999981,-0.16913652999999995,0.014471334999999974,-0.11929842999999996,0.06020967499999996,-0.04400642999999993,0.077988275,-0.024821269999999895,0.0004565549999999696,-0.00454036999999996,-0.00045655500000002514,0.004540370000000071,0.00034133499999994266,0.18693234000000003,-0.010302265000000033,0.21285803000000003,-0.012955385000000041,0.2873984700000001,-0.03035311500000004,0.2873984700000001,0.0002558000000000282,0.11471096999999997,0.05801879999999998,0.12513010000000002,0.00936883999999999,0.15478019999999998,0.06351694000000002,0.09447716000000006,-0.00011522000000002697,0.19147271,-0.013296719999999984,0.10046613000000004,-0.009845710000000008,0.20831765999999996,-0.02005085000000001,0.07454044000000004,0.003167420000000032,0.009768869999999985,-0.0009131099999999948,0.009080740000000032,0.0716100917584805,0.083759759175982
0.07737008000000001,-0.2918476,0.0783491,-0.29845675,0.08028807999999998,-0.30885582,0.052424079999999984,-0.31888898,0.05314935999999998,-0.34064869999999997,0.0030858099999999666,-0.2851509,0.010177949999999991,-0.27083023,0.0030007200000000123,-0.16799405,0.021420879999999975,-0.10958544999999997,0.06102702999999998,-0.04451795000000003,0.08341314,-0.018591950000000024,-0.0005888800000000138,-0.005336149999999984,0.0005888800000000138,0.005336149999999984,0.0024586500000000067,0.18739079000000003,-0.008911800000000025,0.21540771000000003,-0.008959190000000006,0.28971265,-0.028460370000000013,0.28971265,-8.508999999995437e-05,0.11715684999999998,0.05802630999999997,0.12347609999999998,0.011242929999999984,0.16124478000000003,0.06199226000000002,0.09099349999999995,0.0030475300000000205,0.19272694,-0.011417840000000012,0.10232185999999999,-0.009500680000000039,0.21007156000000005,-0.019548569999999987,0.07430493999999999,0.0070921400000000245,0.01432066999999998,0.0011777600000000277,0.010672299999999968,0.07301872236877405,0.08621143783836109
0.08026798500000004,-0.2906552500000001,0.08096688500000004,-0.2977101100000001,0.08296926500000001,-0.3074316700000001,0.054591555000000014,-0.31892586000000006,0.05602791500000004,-0.3387297700000001,0.0046805050000000015,-0.28711784000000007,0.014332385000000003,-0.26922791000000007,0.00419918500000005,-0.16986811000000013,0.026115175000000046,-0.10494608000000005,0.06126250500000002,-0.04645381000000004,0.08710243500000003,-0.016418810000000117,-0.0011687149999999868,-0.005898950000000069,0.0011687150000000424,0.005898949999999958,0.0033273350000000423,0.18655478999999997,-0.007827944999999947,0.21583932999999988,-0.0053858149999999605,0.2902430899999999,-0.028436994999999965,0.2902430899999999,-0.0004813199999999518,0.11724972999999994,0.05706331999999997,0.12341430000000009,0.011782790000000043,0.16428183000000002,0.06098725999999999,0.08852726999999994,0.004496050000000029,0.19245374000000004,-0.008713150000000003,0.10368829999999996,-0.00899665999999999,0.20994037999999993,-0.020609050000000018,0.07440376000000004,0.009651880000000002,0.01788993,0.002337430000000029,0.011797900000000028,0.07444698718086581,0.08878449551839557
0.08215909999999998,-0.28823192,0.08227521999999998,-0.29530067,0.08486759999999999,-0.30477014999999996,0.05507213,-0.31633799999999995,0.05726302,-0.33534774999999994,0.00454294999999999,-0.28416812999999996,0.01652199999999998,-0.26592362999999997,0.0048743800000000115,-0.16960259999999994,0.030337039999999982,-0.10421714999999998,0.05828375000000002,-0.04974243999999994,0.09128154,-0.009446899999999925,-0.0018508999999999887,-0.006099199999999971,0.0018508999999999887,0.006099200000000082,0.003691800000000023,0.18408370000000007,-0.00636753000000001,0.215576,-0.004367399999999966,0.29251530000000003,-0.02802665999999998,0.29251530000000003,0.00033143000000002143,0.11456553000000003,0.05340937000000001,0.11986016,0.01381504,0.16170647999999999,0.06094450000000001,0.09477025000000006,0.0055427000000000115,0.19018290000000004,-0.008059199999999989,0.10843159999999996,-0.008218429999999999,0.2094767999999999,-0.02165912999999997,0.07693930000000004,0.011979049999999991,0.018244499999999997,0.0037017999999999773,0.012198400000000054,0.07430281642252937,0.09077180507194732
0.08423598500000007,-0.28845637499999993,0.08436118500000006,-0.29540057499999994,0.08716171500000003,-0.30481217499999996,0.057031805000000046,-0.3170276249999999,0.06030782500000004,-0.33582492499999994,0.007571665000000061,-0.28710450499999995,0.01864888500000006,-0.26795574499999997,0.008414655000000049,-0.17394967499999991,0.034960355000000054,-0.104927675,0.055329735000000047,-0.05469920499999992,0.09707618500000004,-0.001529414999999923,-0.0013772549999999661,-0.006231624999999963,0.0013772550000000217,0.006231625000000074,0.0036475850000000642,0.1852447250000001,-0.00506761499999997,0.2181387950000001,-0.005314354999999937,0.29243842500000006,-0.02606874499999995,0.29243842500000006,0.0008429899999999879,0.11315483000000004,0.04691508,0.11925047,0.016311469999999995,0.16302806999999997,0.06211582999999998,0.10339826000000008,0.00502484000000003,0.19147635000000007,-0.008961940000000002,0.10719369999999995,-0.0064448699999999914,0.21190717000000003,-0.02100112999999998,0.07429962999999995,0.011077219999999999,0.019148759999999987,0.002754509999999988,0.012463250000000037,0.07459751353709115,0.09601311860900312
0.08605939000000001,-0.28450879500000004,0.08578804000000001,-0.29174774500000006,0.08891361999999997,-0.30042135500000006,0.05789021,-0.3144934750000001,0.06231839,-0.33126419500000004,0.007418449999999965,-0.28712427500000004,0.022768730000000015,-0.26405050500000005,0.008163589999999998,-0.1772523250000001,0.04021817,-0.10004567500000006,0.056382829999999995,-0.057666055000000105,0.09990336999999999,0.0021308749999999765,-0.002713259999999995,-0.006780975000000078,0.002713259999999995,0.006780974999999967,0.0028017200000000075,0.18665607499999992,-0.00427565000000002,0.21997347499999997,-0.00414591000000003,0.29609537499999994,-0.025392510000000035,0.29609537499999994,0.000745140000000033,0.10987194999999994,0.04821924,0.11958627,0.017449439999999983,0.16400483,0.059685199999999994,0.10217655000000003,0.005514980000000003,0.19343705,-0.006947630000000038,0.10943930000000002,-0.006988910000000015,0.2131925,-0.021116860000000015,0.07612189999999996,0.01535028000000005,0.023073769999999993,0.00542651999999999,0.013561950000000045,0.07798486532587269,0.09730128936361583
0.08738582500000003,-0.2865563,0.08686634500000001,-0.2940923,0.08993106500000003,-0.30271804999999996,0.05837514500000002,-0.31548,0.06243177500000002,-0.33212139999999996,0.009043175000000014,-0.28554842999999996,0.02272277500000003,-0.2620727,0.015557965000000007,-0.1759575,0.045377995000000004,-0.09794004,0.06468402500000003,-0.05779279999999998,0.10395198500000002,0.00042914000000005004,-0.0022899249999999705,-0.0068645999999999985,0.002289925000000026,0.0068645999999999985,0.003295955000000017,0.18618904999999997,-0.003701574999999957,0.21962990000000004,-0.005537695000000009,0.2939549,-0.02322217500000001,0.2939549,0.0065147899999999925,0.10959092999999998,0.04912606000000003,0.11816470000000001,0.022655219999999976,0.16413265999999999,0.05857399000000002,0.09836918000000006,0.0055858799999999875,0.19305364999999997,-0.008833650000000026,0.10776585000000005,-0.005991499999999983,0.21276530000000005,-0.019520600000000055,0.07432499999999997,0.013679600000000014,0.023475729999999972,0.004579849999999996,0.013729199999999997,0.08413793159950213,0.10186554662325825
0.08708698999999998,-0.28389183,0.08848104000000001,-0.29169300000000004,0.08994332,-0.30045143,0.06244118999999998,-0.31162816,0.06373604999999999,-0.33029347000000003,0.008609770000000017,-0.28504982,0.023320439999999998,-0.2615834,0.00904292000000001,-0.17666550000000003,0.04659447,-0.1005201,0.062499589999999994,-0.05874219999999997,0.10299863999999997,-0.0005286599999999586,-0.002028169999999996,-0.0075061600000000395,0.002028169999999996,0.0075061600000000395,0.006868839999999987,0.17789809999999995,-0.004571769999999975,0.21615090000000003,0.0010039199999999915,0.2953631,-0.019716029999999996,0.2953631,0.00043314999999999326,0.10838431999999998,0.053456669999999984,0.11792330000000006,0.02327403,0.16106330000000002,0.056404169999999976,0.09999144000000004,0.008897009999999983,0.18540426,-0.005864919999999996,0.11746500000000004,-0.006599939999999971,0.20864474,-0.01514426000000002,0.07921219999999995,0.014710669999999981,0.023466419999999988,0.004056339999999992,0.015012320000000079,0.08239516736738382,0.10128965467634539
0.09166129999999995,-0.28273897499999995,0.09134563999999995,-0.2921162749999999,0.09373651999999993,-0.29960899499999993,0.06265895999999999,-0.31365461499999997,0.06690995999999994,-0.32801105499999994,0.010706439999999984,-0.2854555449999999,0.030972539999999937,-0.25817199499999993,0.01741163999999995,-0.17882190499999995,0.05768143999999997,-0.09343677499999992,0.06596000999999996,-0.06790600499999999,0.10870813999999995,0.004651425000000042,-0.004420140000000017,-0.006946574999999955,0.004420139999999961,0.006946575000000066,0.007379639999999965,0.18129202500000008,0.00031607999999994085,0.2189830650000001,6.943999999997619e-05,0.29705412500000006,-0.01686294000000005,0.29705412500000006,0.006705199999999967,0.10663363999999997,0.04854837000000001,0.11091589999999996,0.026708900000000035,0.16473522000000002,0.05102669999999998,0.09808819999999996,0.011799779999999982,0.18823860000000003,-0.007310199999999989,0.11576209999999998,-0.0041040600000000205,0.21203649000000002,-0.01717901999999999,0.07807105999999997,0.020266099999999954,0.02728354999999999,0.008840279999999978,0.01389315000000002,0.09310970744206751,0.10431325254981985
0.09253086500000002,-0.28082473999999996,0.09318934500000003,-0.28902323999999996,0.09538827500000002,-0.29722072,0.06591744500000002,-0.30920572999999996,0.069248005,-0.32640222999999996,0.012456785000000026,-0.28334926,0.029341355000000013,-0.25733945999999996,0.016357125000000028,-0.17488897999999997,0.05673198500000004,-0.09311848,0.06682939500000001,-0.06178022999999999,0.10585938500000003,0.006197620000000015,-0.002499954999999998,-0.007857219999999998,0.002499954999999998,0.007857219999999998,0.009073225000000018,0.17657916000000007,-0.004199634999999979,0.21634982000000003,0.0026118549999999963,0.29742442,-0.019366675,0.29742442,0.003900340000000002,0.10846028000000002,0.050472269999999986,0.11310874999999998,0.027390630000000027,0.16422097999999996,0.04912739999999999,0.09931610000000002,0.011573180000000016,0.18443638000000007,-0.006461370000000022,0.12084525999999995,-0.0066995899999999775,0.20849260000000003,-0.01516704000000002,0.0810746,0.016884569999999988,0.026009800000000027,0.004999909999999996,0.015714439999999996,0.08783080199384838,0.1033727528998087
0.09502579,-0.27901323,0.09534647000000002,-0.28759206,0.09775619000000002,-0.29530321,0.06747845000000002,-0.30859591,0.07118935000000004,-0.32446797,0.011060820000000027,-0.28226030999999996,0.033718210000000026,-0.25433218999999996,0.013112890000000044,-0.17416922999999995,0.06103008000000004,-0.08964642999999994,0.06584923000000004,-0.06135762999999994,0.10816615000000002,0.00998927000000005,-0.0045050500000000104,-0.008220769999999988,0.0045050500000000104,0.008220769999999988,0.008621199999999996,0.17754384,-0.0016159000000000034,0.21763436999999997,0.0020080100000000045,0.29871287,-0.01824999999999999,0.29871287,0.002052070000000017,0.10809108,0.05273633999999999,0.11281160000000001,0.027311870000000016,0.16468576000000001,0.047136069999999974,0.0996357,0.013126250000000006,0.18576461,-0.006613189999999991,0.12116903000000001,-0.006120950000000014,0.20941359999999998,-0.016634099999999985,0.08107850000000005,0.02265739,0.02792812,0.009010100000000021,0.016441539999999977,0.08816603997559379,0.1036761845626082
0.09645015000000001,-0.277675315,0.09576804,-0.287109785,0.09921417000000005,-0.294857345,0.06573372000000005,-0.309337385,0.07229266000000001,-0.324462885,0.009409849999999997,-0.281371045,0.036999170000000026,-0.253626515,0.01477254,-0.17078168500000002,0.06527622000000005,-0.08309298499999995,0.06495914000000003,-0.06572003500000001,0.10950582000000003,0.015390855000000037,-0.00671037999999996,-0.007016614999999948,0.006710380000000016,0.007016614999999948,0.008657070000000044,0.18191511500000002,0.0006878400000000506,0.221251015,0.0016414200000000045,0.299360615,-0.01701512999999999,0.299360615,0.005362690000000003,0.11058935999999997,0.050186600000000026,0.10506165,0.028277050000000026,0.17053353000000004,0.04422959999999998,0.09848383999999999,0.015367450000000005,0.18893172999999996,-0.00701565000000004,0.11744549999999998,-0.006022539999999965,0.21423440000000005,-0.01770297000000004,0.0781096,0.02758932000000003,0.02774452999999999,0.013420759999999976,0.014033229999999897,0.09264238563814517,0.10313598004756247
0.098170845,-0.276530935,0.098726645,-0.28504551499999997,0.101469315,-0.293111515,0.070739995,-0.306387975,0.07552079500000003,-0.32322491499999995,0.010542105000000024,-0.280371475,0.03832830500000001,-0.25272287499999996,0.009230805000000009,-0.17327127499999995,0.06305397499999998,-0.08759350499999996,0.06195707500000003,-0.06458667499999993,0.10860819500000002,0.015936775000000014,-0.006240295000000007,-0.008312574999999933,0.006240295000000007,0.008312575000000044,0.008429304999999998,0.176004155,-0.00022455500000001516,0.21800987500000002,0.002524385000000018,0.29992382500000003,-0.018305404999999997,0.29992382500000003,-0.0013113000000000152,0.10710020000000003,0.05272627000000002,0.10868460000000002,0.024725669999999977,0.16512937,0.045554220000000034,0.10353027999999997,0.014669600000000005,0.18431672999999993,-0.00590491999999998,0.12391967000000004,-0.006464850000000022,0.20969729999999998,-0.01808084999999998,0.08191395000000001,0.027786199999999983,0.027648600000000023,0.012480590000000014,0.016625149999999977,0.08841750734852744,0.10265142656607361
0.09872353500000003,-0.27738124,0.09992700500000001,-0.28575562,0.10214326500000004,-0.29429658999999997,0.07267814500000003,-0.30753712,0.07654958500000003,-0.325571,0.010451365000000046,-0.28254035,0.039200605,-0.25610062,0.005236025000000033,-0.17496924999999997,0.06163680500000002,-0.09081976999999997,0.057917565000000004,-0.06467241999999995,0.108266625,0.014852650000000023,-0.006407794999999994,-0.00813417999999999,0.006407794999999994,0.00813417999999999,0.009162965000000023,0.17631412000000002,0.0005588250000000405,0.21814718,0.004097225000000038,0.29889268,-0.018735585,0.29889268,-0.005215340000000013,0.10757110000000003,0.05268153999999997,0.11029683000000001,0.022436200000000017,0.16528085000000003,0.04662981999999999,0.10567241999999999,0.015570760000000017,0.1844483,-0.005065739999999985,0.12257856,-0.005848969999999953,0.210013,-0.01929441000000004,0.08074550000000003,0.028749239999999954,0.026439729999999995,0.012815589999999988,0.01626835999999998,0.08564067095385927,0.10208016011013013
0.09928661999999999,-0.27834424999999996,0.09979846999999997,-0.28808492999999996,0.10226398999999997,-0.29559284999999996,0.07103482,-0.31065283,0.07610371999999999,-0.32548014,0.00818903999999998,-0.28286242999999994,0.041207459999999974,-0.25335009999999997,-0.001074360000000052,-0.17741459999999998,0.060303989999999974,-0.08448213999999998,0.04996423999999999,-0.07340259999999998,0.10849940999999996,0.015697770000000055,-0.00851014,-0.00737219999999994,0.00851014,0.007372200000000051,0.0074188999999999505,0.18075640000000004,0.001879189999999975,0.22016447000000006,0.00022497999999998575,0.29830270000000003,-0.01794726000000002,0.29830270000000003,-0.009263400000000033,0.10544782999999996,0.051038600000000045,0.104012,0.01909653,0.16886795999999998,0.04819541999999999,0.10017991000000004,0.01592903999999995,0.18812859999999998,-0.007193919999999965,0.11754629999999999,-0.006630950000000024,0.21279227,-0.019826449999999995,0.07813822999999998,0.03301841999999999,0.029512329999999976,0.01702028,0.01474439999999999,0.08820015215714996,0.10033528407772509
0.10017921499999999,-0.27707376999999994,0.10235111499999999,-0.28593253999999996,0.103623615,-0.2942445699999999,0.07616964500000001,-0.30831330999999995,0.07816211499999998,-0.3257798699999999,0.007398614999999997,-0.28390186999999995,0.04117546499999997,-0.25382524999999995,-0.01582314500000004,-0.1807309399999999,0.055800055000000015,-0.08798712999999991,0.035090065000000004,-0.0721807699999999,0.11086628500000001,0.017151030000000067,-0.007603085000000009,-0.00890272999999997,0.007603085000000009,0.00890273000000008,0.010898774999999972,0.17846463,0.0004907650000000041,0.22028166000000005,0.00639031499999998,0.29812473000000006,-0.021278765000000033,0.29812473000000006,-0.023221760000000036,0.10317093000000005,0.05091321000000004,0.10855017,0.014624590000000048,0.16583812000000003,0.055066229999999994,0.10513815999999998,0.01850185999999998,0.18736735999999998,-0.004508459999999992,0.11966010000000005,-0.007112320000000005,0.21137892999999996,-0.021769530000000037,0.07784307000000001,0.03377684999999997,0.03007662,0.015206170000000019,0.01780546000000005,0.07633357978743098,0.1035920987678597
0.09965855499999998,-0.27784777,0.10202518500000002,-0.28656511,0.103113085,-0.2948518,0.07597853500000001,-0.3093509,0.07775858499999999,-0.32662134000000004,0.006299535000000023,-0.28582297,0.040421755000000004,-0.25511880000000003,-0.025030045,-0.18400641000000006,0.05027926500000002,-0.09006413000000002,0.021566454999999984,-0.07711557000000002,0.10631138500000004,0.005492629999999998,-0.00761398499999999,-0.008651929999999974,0.00761398499999999,0.008651929999999974,0.009345174999999983,0.18292229000000004,-0.000498865000000015,0.22072068999999994,0.004871514999999993,0.29683463,-0.022398024999999988,0.29683463,-0.031329580000000024,0.10181655999999994,0.046596499999999985,0.10689084000000004,0.009857510000000014,0.16505467000000001,0.05603212000000002,0.09555676000000002,0.016959159999999973,0.19157422000000002,-0.00447365999999999,0.11391233999999995,-0.008112850000000005,0.21206875999999997,-0.021899159999999973,0.07611394000000005,0.03412221999999998,0.030704169999999975,0.01522796999999998,0.01730385999999995,0.07442290024342779,0.09874795159014697
0.09890989,-0.276806505,0.10139348999999998,-0.285703555,0.10218455999999998,-0.293937625,0.07571209000000001,-0.308573875,0.07667569000000002,-0.325464515,0.005550149999999976,-0.285169515,0.03908088999999998,-0.25378298499999996,-0.03298527000000001,-0.18302089499999996,0.04562619000000001,-0.08778795500000003,0.0069767900000000105,-0.07774155500000002,0.10885360999999999,0.006636144999999982,-0.007034209999999985,-0.008857785000000007,0.007034209999999985,0.008857785000000007,0.01057741000000001,0.18354694500000002,-0.0013510099999999858,0.221310075,0.008809210000000012,0.297881245,-0.024573239999999996,0.297881245,-0.03853541999999999,0.10214862000000002,0.03996206000000002,0.10527933999999994,0.006545300000000032,0.16599502999999993,0.06322741999999998,0.09442410000000001,0.017611619999999995,0.19240473000000002,-0.0017681999999999976,0.1143343,-0.008385219999999971,0.21245229,-0.02322223000000001,0.07657117000000002,0.03353074,0.031386530000000024,0.01406841999999997,0.017715570000000014,0.07029425218617026,0.10184363456127045
0.09839613500000005,-0.27715594499999996,0.10075487500000002,-0.2862625449999999,0.10175115500000004,-0.29405051499999996,0.07510095500000002,-0.30990195499999995,0.076656055,-0.32578692499999995,0.006882054999999998,-0.28623015499999993,0.037639215000000004,-0.25363758499999994,-0.025837024999999958,-0.18016698499999995,0.03936225500000001,-0.08597058499999999,0.025901475000000007,-0.06901698499999998,0.103675825,-0.006168224999999916,-0.0069837150000000014,-0.009040084999999976,0.0069837150000000014,0.009040085000000087,0.007704925000000029,0.18251791500000003,0.0002088350000000183,0.21905161500000003,0.003971155000000004,0.29778721500000005,-0.023145904999999967,0.29778721500000005,-0.032719079999999956,0.10606316999999998,0.051738499999999965,0.11114999999999997,0.001723040000000009,0.16766699999999995,0.06431356999999999,0.07980236000000007,0.01468864000000003,0.191558,-0.003733770000000025,0.11526930000000002,-0.006774879999999983,0.21001152999999995,-0.023354739999999985,0.07873560000000002,0.030757160000000006,0.03259256999999999,0.013967430000000003,0.018080170000000062,0.06840076209331371,0.09788082973344779
0.0964277,-0.27904212,0.0989988,-0.28773318999999997,0.0998483,-0.29596403,0.07397022000000003,-0.31073778,0.0746485,-0.32799605,0.007793099999999997,-0.28541099,0.03432980000000002,-0.25791221,-0.017241459999999986,-0.17753715000000003,0.032841600000000026,-0.09547835000000005,0.04421573000000001,-0.06099690999999996,0.09812566,-0.014039000000000024,-0.006032499999999996,-0.008117550000000029,0.006032499999999996,0.008117550000000029,0.006278100000000009,0.18363874999999996,-0.0007814199999999771,0.21847015000000003,0.005358750000000023,0.29656545,-0.02406237,0.29656545,-0.025034559999999983,0.10787383999999994,0.061457189999999995,0.11654024000000007,-0.001488199999999995,0.16243385999999993,0.06528405999999998,0.08143935000000002,0.012310600000000005,0.1917563,-0.0009193499999999855,0.11292670000000005,-0.006813919999999973,0.2103526,-0.023280950000000022,0.07809529999999998,0.026536700000000024,0.02749878,0.012064999999999992,0.016235100000000058,0.07294594801729903,0.09472097353114622
0.09623255999999997,-0.28242480999999997,0.09751883,-0.29232895,0.09895465999999997,-0.29989377,0.07072057999999998,-0.31598634,0.07343546000000001,-0.33125344,0.006080479999999999,-0.28594141,0.03607431,-0.26175087999999996,-0.01028583999999999,-0.17446940999999994,0.03292823,-0.10134560999999997,0.062154829999999994,-0.059337809999999935,0.10087462999999997,-0.02441983999999997,-0.008361490000000027,-0.006758150000000018,0.008361489999999971,0.006758150000000018,0.005871979999999999,0.18464819,0.0017142599999999675,0.21686579000000006,0.005403339999999979,0.29402399,-0.021090659999999983,0.29402399,-0.01636631999999999,0.11147200000000007,0.07244066999999998,0.1151316,-0.0031460799999999955,0.16040527,0.06794639999999996,0.07692577,0.014233470000000026,0.19140634,-0.00046864000000002015,0.10937580000000002,-0.006647230000000004,0.21010764000000004,-0.02280491999999995,0.07715819999999995,0.02999383,0.024190530000000043,0.01672298,0.013516300000000037,0.08796119617227811,0.09762555061611534
0.09587601000000001,-0.28149312,0.09698943000000004,-0.2910277,0.09877309000000001,-0.29905381,0.07003191000000003,-0.31429537999999996,0.07357105000000003,-0.33085775,0.005818190000000001,-0.28211775,0.03545193000000002,-0.26292535,-0.008341469999999962,-0.16551499999999997,0.02841657000000003,-0.10573979999999994,0.07283173000000004,-0.05179973999999998,0.09522653000000003,-0.03295629999999994,-0.008605329999999967,-0.0059730999999999534,0.008605330000000022,0.0059731000000000645,0.0061870800000000115,0.18587580000000004,0.002052070000000017,0.21607675999999998,0.005028250000000012,0.2944316,-0.02123748999999997,0.2944316,-0.014159659999999963,0.11660275000000003,0.0811732,0.11371525999999998,-0.0070353599999999905,0.15718555000000006,0.06680996,0.0727835,0.014792409999999978,0.1918489,-0.0011588299999999996,0.10855579999999998,-0.006553260000000005,0.21010365999999991,-0.023289559999999987,0.07835484000000004,0.02963374000000002,0.0191924,0.01721065999999999,0.011946200000000018,0.09344557600621446,0.09496699676098008
0.09413954499999999,-0.28277042499999994,0.095160935,-0.29187365499999995,0.09708562500000001,-0.30021432499999995,0.06800601500000003,-0.31486462499999995,0.07182199500000003,-0.33215596499999994,0.004522234999999986,-0.2822982049999999,0.03202733499999999,-0.2648714449999999,-0.011489735000000001,-0.1610436649999999,0.020918704999999982,-0.10464962499999997,0.072220385,-0.055571024999999885,0.09110591499999998,-0.04003242499999993,-0.007951914999999976,-0.005796224999999988,0.007951915000000032,0.005796225000000099,0.005366415000000013,0.18679437500000007,0.00023562500000001707,0.21604907500000003,0.0034415649999999798,0.29372707500000006,-0.023531994999999972,0.29372707500000006,-0.016011969999999986,0.12125454000000002,0.08371012,0.10547264,-0.011108630000000008,0.16022181999999996,0.07018721,0.06461720000000004,0.01331832999999999,0.19259060000000006,-0.0019248500000000335,0.10693269999999999,-0.0077162900000000145,0.21025284999999994,-0.02376761999999999,0.07767800000000002,0.027505100000000005,0.017426759999999986,0.015903830000000008,0.011592450000000087,0.09436698788416416,0.09494657906856094
0.09208250000000001,-0.28248592,0.09377289,-0.29114502,0.09517908000000003,-0.29914452999999996,0.06799689000000003,-0.31377887,0.06951570000000001,-0.33083781,0.004977139999999991,-0.28207227,0.026396719999999985,-0.26546395,-0.019266159999999977,-0.15370764999999997,0.006406550000000011,-0.10512235000000003,0.06760336,-0.055492450000000026,0.08012923999999999,-0.04914929000000001,-0.005225839999999982,-0.006528250000000013,0.005225840000000037,0.006528250000000013,0.0030638299999999896,0.18520639000000005,-0.001881479999999991,0.21584545,0.005597620000000025,0.29377995,-0.027390059999999994,0.29377995,-0.024243299999999968,0.12836462000000004,0.08686951999999998,0.09821519999999995,-0.019990169999999974,0.16034159999999997,0.07372268999999998,0.05597306000000002,0.008289669999999971,0.19173464000000007,0.0025337900000000357,0.10857355999999996,-0.007107320000000028,0.20931719999999998,-0.025508580000000003,0.07793450000000002,0.021419579999999994,0.01660832000000001,0.010451680000000019,0.013056500000000026,0.08775867623363515,0.09333010121076477
0.09064645999999998,-0.2827435400000001,0.09243391999999995,-0.2911306700000001,0.09339780999999997,-0.2994615400000001,0.06700105999999995,-0.3134268200000001,0.06705116,-0.3313628700000001,0.005988019999999983,-0.2803278200000001,0.02343438999999997,-0.2675711200000001,-0.015675380000000017,-0.14745563000000006,0.0034652799999999595,-0.1074202700000001,0.07252157999999997,-0.05790557000000007,0.07958243999999998,-0.05347507000000007,-0.0042140600000000195,-0.00591797000000005,0.004214059999999964,0.005917969999999939,7.040999999996522e-05,0.1836448999999999,-0.002082480000000053,0.21392552999999992,0.0012878899999999582,0.2932832299999999,-0.02657984000000002,0.2932832299999999,-0.0216634,0.13287219000000006,0.08819695999999999,0.08955005999999999,-0.019969110000000012,0.16015085,0.07611716000000002,0.053945200000000026,0.004284469999999985,0.18956286999999994,0.001217479999999993,0.10963833,-0.006296540000000017,0.20800755999999998,-0.024497359999999968,0.07935769999999998,0.01744636999999999,0.01275670000000001,0.008428119999999983,0.01183593999999999,0.09268801972191229,0.09595793820349624
0.08985639000000001,-0.28382206,0.09178314999999998,-0.29186383,0.09296632999999999,-0.30050289999999996,0.06629013,-0.31348776999999994,0.06691788999999998,-0.33225629999999995,0.005551790000000001,-0.28097779999999994,0.02066682000000003,-0.26699536999999995,-0.01681726,-0.15025809999999995,-0.0008723900000000007,-0.10502102999999996,0.07134096000000001,-0.06345809999999996,0.07775752000000002,-0.05884024999999993,-0.003522409999999976,-0.0062621999999999955,0.003522409999999976,0.0062621999999999955,0.0020412100000000155,0.18219090000000004,-0.001785380000000003,0.21254065,0.0008743900000000027,0.29301330000000003,-0.026237310000000014,0.29301330000000003,-0.02236905,0.1307197,0.08815822000000001,0.08679999999999999,-0.02153921000000003,0.16197434,0.07862991000000003,0.04618078000000003,0.005563619999999991,0.18845310000000004,-0.0011668200000000128,0.11082239999999999,-0.005307789999999979,0.20627845,-0.02445193000000001,0.08047265000000003,0.01511503000000003,0.01398242999999999,0.007044819999999952,0.012524399999999991,0.09421196922136217,0.09873793877084228
0.08947068500000005,-0.2848945500000001,0.09134013500000004,-0.29278538000000004,0.09252054500000001,-0.3016514800000001,0.06557423500000004,-0.31359998000000006,0.06568118500000003,-0.33306828000000005,0.006495725000000008,-0.2801592600000001,0.017300285000000026,-0.26744678000000005,-0.014874094999999976,-0.15040628000000011,-0.0047440449999999745,-0.10676348000000002,0.06946406500000002,-0.06842953000000007,0.07110368500000003,-0.06099088000000008,-0.0022912149999999576,-0.006060720000000019,0.002291215000000013,0.006060719999999908,0.0012107250000000236,0.17972696,-0.0034463149999999776,0.21038621999999996,-0.0017962649999999636,0.29296791999999994,-0.024735444999999967,0.29296791999999994,-0.021369819999999984,0.12975297999999996,0.08433816,0.08197675000000004,-0.02204433,0.16068330000000003,0.07584773,0.04577259999999994,0.003501939999999981,0.18578768,-0.003006989999999987,0.11324095999999995,-0.005737529999999991,0.20432550000000005,-0.02128912999999999,0.08258169999999998,0.010804560000000019,0.012712480000000026,0.004582429999999971,0.012121439999999928,0.09507201832660599,0.09607847360392908
0.08876467999999998,-0.28573930000000003,0.08911993000000001,-0.29306050000000006,0.09183696000000002,-0.30263606000000004,0.060949220000000026,-0.31591246,0.06475984000000001,-0.33515883,0.004220080000000015,-0.28191588,0.016917840000000017,-0.26851267,-0.016922789999999965,-0.15218930000000008,-0.00570480000000001,-0.10277429999999999,0.06347460999999999,-0.07497260000000006,0.06894831000000001,-0.06412680000000004,-0.0032303200000000087,-0.0056331000000000575,0.0032303200000000087,0.0056330999999999465,0.00023986000000003616,0.18475719999999995,-0.0037402599999999953,0.21067205,-0.009107599999999993,0.29217519999999997,-0.028141040000000006,0.29217519999999997,-0.02114286999999998,0.12972657999999992,0.08039739999999995,0.07721670000000003,-0.022622640000000027,0.16573837000000002,0.07465311000000002,0.038647499999999946,0.003470180000000045,0.1903903,-0.00934746000000003,0.10741800000000001,-0.006970580000000004,0.20503895000000005,-0.02440078000000001,0.08150314999999997,0.012697760000000002,0.013403209999999999,0.0064606400000000175,0.011266200000000004,0.0962159755267019,0.09583995960793232
0.08705585999999993,-0.28956207,0.08871873999999996,-0.29707947,0.09009113999999996,-0.30667347,0.06254523999999995,-0.316789,0.06303032999999997,-0.33797004,0.005277079999999934,-0.28059867,0.013487699999999936,-0.27215921,-0.01653549000000004,-0.14262180999999996,-0.007791160000000019,-0.10711693,0.06465190999999998,-0.07319021000000003,0.06828403999999993,-0.06751006999999998,-0.001325820000000033,-0.005297670000000032,0.0013258199999999776,0.005297670000000032,0.0009186799999999495,0.18270410000000004,-0.005045620000000028,0.21159428999999996,-0.0032242500000000396,0.28955323,-0.025678020000000024,0.28955323,-0.021812569999999976,0.13797686000000003,0.08118740000000002,0.06943159999999993,-0.021278859999999955,0.16504227999999999,0.07607519999999995,0.03960686000000002,0.0022444999999999826,0.18800177000000007,-0.004142929999999989,0.10684912999999996,-0.006371440000000006,0.20629661999999993,-0.020632399999999995,0.07795894000000003,0.008210620000000002,0.00843946000000001,0.0026516400000000107,0.010595340000000064,0.09467025849549848,0.09891597560291257
0.08665170999999999,-0.29189,0.08857739000000003,-0.30004996,0.08896849000000001,-0.30913183,0.06289955000000003,-0.31980535,0.061287320000000034,-0.33961177,0.0045754299999999914,-0.28219914,0.013161719999999988,-0.27171483,-0.021445869999999978,-0.14412769999999997,-0.009142609999999995,-0.10607999999999995,0.06191433000000002,-0.07641399999999998,0.06853330000000002,-0.07393225999999997,-0.0013915499999999636,-0.0056891000000000025,0.0013915500000000192,0.0056891000000000025,0.0013032299999999886,0.1834966,-0.0052813499999999625,0.21182933999999998,-0.004650679999999963,0.2882323,-0.026546769999999997,0.2882323,-0.02602129999999997,0.13807144000000005,0.0833602,0.06771369999999999,-0.022304329999999983,0.16563483000000007,0.07767591000000001,0.03214773999999998,0.002694779999999952,0.1891857,-0.005953909999999951,0.10473569999999999,-0.006672899999999982,0.20614023999999997,-0.021265420000000035,0.07640296000000002,0.008586289999999996,0.010484309999999997,0.002783099999999983,0.011378200000000005,0.09491915466640226,0.1041516949517006
0.08423079999999994,-0.29128064,0.08660457999999993,-0.29901722,0.08601130999999995,-0.30917768,0.06253469999999994,-0.31724337999999996,0.05710748999999993,-0.33984135,0.0069383499999999265,-0.27601348,0.008335099999999929,-0.27268447,-0.013814520000000052,-0.13383696999999994,-0.013003220000000038,-0.10643546000000004,0.06805814999999993,-0.08208517999999998,0.07031730999999997,-0.07723992000000002,0.0009339299999999717,-0.00440048000000004,-0.0009339300000000272,0.00440048000000004,0.00023330999999993107,0.18899335000000006,-0.006879580000000052,0.21512741999999996,-0.0063540500000000555,0.28915508,-0.032507610000000076,0.28915508,-0.02075286999999998,0.14217651000000003,0.08187266999999998,0.051751789999999964,-0.021338319999999966,0.16624900999999997,0.08332053,0.02919554000000002,-0.0007006200000000407,0.1933938300000001,-0.0065873599999999866,0.10016172999999995,-0.0059456500000000245,0.21072693999999992,-0.025628030000000024,0.07402766000000005,0.0013967500000000022,0.0033290099999999656,-0.001867859999999999,0.00880096000000008,0.10266729530234243,0.10836002082732178
0.08324130000000002,-0.29399311000000006,0.08556966000000005,-0.30176630000000004,0.08455173000000005,-0.31185153000000004,0.061936270000000015,-0.31902097000000007,0.055594030000000016,-0.34144693000000004,0.009375610000000034,-0.27494025000000005,0.006583230000000051,-0.27462065,-0.009639469999999983,-0.12687267000000002,-0.016441539999999977,-0.10665317000000007,0.06798105000000004,-0.08455461000000009,0.06240023,-0.07918912,0.0022077100000000294,-0.0038582700000000525,-0.002207709999999974,0.0038582699999999415,0.00023608000000002738,0.18705043,-0.006887270000000001,0.21337412999999994,-0.006178749999999955,0.28736662999999996,-0.03180896999999999,0.28736662999999996,-0.019015080000000018,0.14806758000000003,0.07762052000000003,0.042318059999999935,-0.023024770000000028,0.16796747999999995,0.07884176999999998,0.027464050000000073,-0.001971630000000002,0.19090870000000004,-0.0064148299999999825,0.10031619999999997,-0.004679560000000027,0.20951586,-0.02492169999999999,0.07399250000000002,-0.002792379999999983,0.00031960000000003097,-0.004415420000000003,0.007716539999999994,0.10410586700158261,0.10521908047904471
0.08018869500000003,-0.290214685,0.08214745500000004,-0.29756730499999995,0.081315195,-0.308485115,0.05841818500000001,-0.31610338499999996,0.052609534999999985,-0.339197365,0.009037885000000023,-0.271525435,0.003536034999999993,-0.27104498499999996,-0.009342724999999996,-0.126494985,-0.020725064999999987,-0.09976133499999995,0.06500463500000003,-0.08533224499999992,0.06003363500000003,-0.07927044500000002,0.002483365000000015,-0.00349851499999998,-0.002483365000000015,0.00349851499999998,-0.0011193150000000096,0.18911791500000008,-0.007581145000000011,0.21090881500000003,-0.013622195000000004,0.29080221500000003,-0.032742364999999996,0.29080221500000003,-0.01838061000000002,0.14503044999999998,0.07434736000000003,0.041162740000000086,-0.02426109999999998,0.17128365,0.08075870000000002,0.02049088999999993,-0.0036026800000000248,0.19261643000000006,-0.012502879999999994,0.10168429999999995,-0.005097779999999996,0.20741030000000005,-0.025161219999999984,0.0798934,-0.00550185000000003,0.00048045000000002114,-0.00496673000000003,0.00699702999999996,0.10298382673083085,0.10372596602819183
0.080979525,-0.293786425,0.08411047500000002,-0.301570525,0.081891565,-0.311923405,0.06188419500000003,-0.317892155,0.05284829499999999,-0.341205675,0.009862065000000031,-0.272180775,0.0028701449999999906,-0.273624345,-0.012787904999999988,-0.12519607499999996,-0.023934785000000014,-0.10691767500000005,0.06302329500000003,-0.08710761499999997,0.054053125000000035,-0.08117707500000004,0.003310475000000035,-0.0036855749999999965,-0.0033104749999999794,0.0036855749999999965,0.0010690150000000065,0.18333382500000006,-0.007229354999999993,0.209126225,-0.0075350650000000075,0.288525625,-0.029216644999999986,0.288525625,-0.02264997000000002,0.14698470000000002,0.07581120000000002,0.03808845999999999,-0.026804930000000005,0.16670666999999995,0.07798791000000005,0.025740600000000002,-0.0022414600000000284,0.18701940000000006,-0.008604080000000014,0.10519179999999995,-0.0039188800000000135,0.20544065,-0.021987289999999993,0.07939940000000001,-0.00699192000000004,-0.0014435700000000051,-0.006620950000000014,0.007371149999999993,0.10259072877270146,0.10243169416729624
0.07935441500000001,-0.2948361049999999,0.083006735,-0.3024696449999999,0.080497775,-0.3134169649999999,0.06143006499999998,-0.3186756449999999,0.05182941499999999,-0.3435503049999999,0.008147214999999985,-0.2726473649999999,0.0017794150000000064,-0.2745917149999999,-0.014600904999999997,-0.12619859499999986,-0.02519133499999998,-0.10604221499999988,0.062256755,-0.09021116499999993,0.05497751499999998,-0.08271976499999989,0.003006814999999996,-0.003650434999999952,-0.003006814999999996,0.003650435000000063,0.0012067150000000249,0.18350308500000012,-0.0067595249999999885,0.2086804350000001,-0.008286265000000015,0.2873859350000001,-0.03000581499999999,0.2873859350000001,-0.022748119999999983,0.14644877000000006,0.07685766,0.03598742999999993,-0.026970749999999988,0.16854950000000002,0.08016884999999996,0.023322449999999995,-0.0018000999999999712,0.18715352000000007,-0.00949298000000004,0.10388284999999997,-0.0037527099999999924,0.20503000000000005,-0.023246290000000003,0.07870549999999998,-0.006367799999999979,-0.0019443499999999836,-0.006013629999999992,0.007300870000000015,0.10489668902370797,0.10402881318937023
0.07895361499999998,-0.29560655,0.08256576500000001,-0.30350927000000005,0.07957961499999999,-0.31408045000000007,0.061065125,-0.31943367000000006,0.050244734999999985,-0.34319735000000007,0.007414505000000016,-0.27388678000000005,0.001213664999999975,-0.27410485000000007,-0.016571294999999986,-0.13016839000000002,-0.025959204999999985,-0.10741875000000001,0.06085006500000001,-0.09061465000000002,0.056682905000000006,-0.08483004999999999,0.0030568650000000197,-0.004003650000000025,-0.0030568650000000197,0.004003649999999914,0.0004082850000000082,0.18255339999999998,-0.006610885000000011,0.20808444999999998,-0.008058915,0.28706984999999996,-0.031438334999999984,0.28706984999999996,-0.0239858,0.14371839000000003,0.07742136,0.039553740000000004,-0.02717286999999996,0.16668610000000006,0.08264210999999999,0.022588700000000017,-0.0026485800000000115,0.18655705,-0.008467200000000008,0.10451644999999998,-0.003554019999999991,0.20408080000000006,-0.024827449999999973,0.07898539999999998,-0.006200840000000041,-0.00021807000000001464,-0.006113730000000039,0.00800729999999994,0.10412261659812433,0.10705263366841045
0.07755954999999998,-0.29644779,0.08114443999999998,-0.30411569,0.07814552000000002,-0.31511975,0.05961894000000001,-0.31925623,0.04841782,-0.34398791,0.007703899999999986,-0.27319113,-0.0019352599999999942,-0.27404118,-0.014683920000000017,-0.13060667999999998,-0.027495939999999996,-0.10654302999999998,0.06094058000000002,-0.09304968000000002,0.05664079999999999,-0.08543590000000001,0.004166229999999993,-0.0038588299999999798,-0.004166229999999993,0.0038588299999999798,0.00025626000000000815,0.18369247,-0.008197320000000008,0.2080765,-0.00986720000000002,0.28701177,-0.03191103000000001,0.28701177,-0.022387820000000003,0.14258445000000003,0.07562450000000004,0.03755699999999995,-0.025560680000000002,0.16749815,0.08413673999999999,0.021107129999999974,-0.003909969999999985,0.18755129999999998,-0.010123460000000029,0.1033193,-0.004031090000000015,0.20421767000000002,-0.02371371,0.07893527,-0.00963915999999998,-0.0008500499999999911,-0.008332459999999986,0.0077176599999999596,0.10572764322373318,0.1080326048153695
0.07654082000000001,-0.29636179999999995,0.07997324,-0.30446067,0.07655353999999998,-0.31476172999999996,0.05859766999999999,-0.31934089,0.04602666,-0.34227704999999997,0.007330549999999991,-0.27235261,-0.002629080000000006,-0.27051821,-0.013660349999999988,-0.13407552999999994,-0.02590458000000001,-0.10532180000000002,0.06247575999999999,-0.09659996999999998,0.05722495,-0.08500673000000003,0.004106239999999983,-0.004320529999999989,-0.004106240000000039,0.004320529999999989,-0.001440240000000037,0.18230191000000007,-0.008192000000000033,0.20760390000000006,-0.013728300000000027,0.28778097,-0.03171240000000003,0.28778097,-0.02099089999999998,0.13827708000000005,0.07613610999999998,0.03747555999999996,-0.023275500000000005,0.16519640999999996,0.08312953000000001,0.02031506999999999,-0.00554648000000002,0.18662244000000006,-0.01228805999999999,0.10547905999999996,-0.004085759999999994,0.20328337000000007,-0.023520399999999997,0.08017706999999996,-0.009959629999999997,0.0018344000000000138,-0.008212480000000022,0.008641059999999978,0.10919018230474752,0.10835531480238386
0.07489716499999999,-0.29720529999999995,0.078688965,-0.30518367999999996,0.07510771500000002,-0.31597730999999996,0.05757488500000002,-0.31974594999999995,0.04457222500000002,-0.34404420999999996,0.006106125000000018,-0.27270729,-0.005099275000000014,-0.27095901999999994,-0.014124534999999994,-0.13364067999999996,-0.027286454999999987,-0.10329750999999998,0.06369753500000003,-0.09926344999999992,0.05868034500000002,-0.09001375,0.004458204999999993,-0.0043730499999999894,-0.004458204999999993,0.0043730499999999894,-0.0024694349999999643,0.18447759000000008,-0.009804764999999993,0.20948812000000006,-0.015129234999999963,0.28699335000000004,-0.03225360499999996,0.28699335000000004,-0.02023066000000001,0.13906661000000003,0.07782207000000002,0.034377230000000036,-0.022187179999999973,0.16766150999999996,0.08596680000000001,0.013283759999999978,-0.006927639999999957,0.18885064000000007,-0.012659799999999999,0.10251575999999996,-0.00534656,0.20511507000000007,-0.02244883999999997,0.07750522999999998,-0.011205400000000032,0.0017482700000000517,-0.008916409999999986,0.008746099999999979,0.11186369487465042,0.11355767041614803
0.07391180000000003,-0.29672588999999994,0.07748622999999999,-0.30470586999999993,0.07398672,-0.31539274999999994,0.05636413000000001,-0.31921799999999995,0.04329924000000002,-0.34327916999999997,0.005994630000000001,-0.27162236999999995,-0.006589339999999999,-0.2712305099999999,-0.014693659999999997,-0.13208387,-0.029575450000000003,-0.10576096999999995,0.06306504000000002,-0.09945286999999992,0.05788006000000001,-0.09358517,0.004965739999999996,-0.004188229999999904,-0.004965739999999996,0.004188230000000015,-0.0015860400000000108,0.18279959,-0.010734699999999986,0.20748063000000005,-0.01389039999999997,0.28725613000000005,-0.03226452000000002,0.28725613000000005,-0.020688289999999998,0.13953849999999995,0.07775870000000001,0.03263100000000008,-0.022986110000000004,0.16546953999999997,0.08745551000000001,0.012175799999999959,-0.006551780000000007,0.18698781999999992,-0.012304359999999959,0.10445654000000004,-0.00576895999999999,0.20329240000000004,-0.021529820000000033,0.0797755,-0.01258397,0.00039186000000002164,-0.009931479999999993,0.008376459999999919,0.11158351264779041,0.11622922319795484
0.07274584499999998,-0.29753556499999995,0.076500395,-0.3054343749999999,0.07272466500000002,-0.31627985499999994,0.05557456500000002,-0.31910877499999996,0.041554764999999994,-0.3434830549999999,0.005343335000000005,-0.2721016249999999,-0.009207595000000013,-0.26975079499999993,-0.015772184999999994,-0.13992362499999988,-0.03250746500000001,-0.10695362499999994,0.05836920499999998,-0.09829372499999989,0.055932325000000005,-0.09231062499999998,0.005574034999999977,-0.004451774999999936,-0.005574034999999977,0.004451775000000047,-0.002329004999999995,0.1823209750000001,-0.012223115000000007,0.20554593500000007,-0.014452775000000029,0.28735897500000007,-0.032929335000000004,0.28735897500000007,-0.02111552,0.13217800000000002,0.07414138999999997,0.0416299,-0.02329987,0.16279717,0.08843979000000002,0.014642999999999962,-0.007903039999999972,0.18677275000000004,-0.012123770000000034,0.10503799999999996,-0.006649080000000029,0.20109416000000002,-0.020706219999999997,0.08181304,-0.014550930000000017,0.0023508299999999704,-0.011148069999999954,0.008903549999999982,0.10767377375726826,0.11465598272314273
0.07089171,-0.29624372500000007,0.07488582999999999,-0.30424564500000006,0.07068066,-0.31522911500000006,0.054585019999999984,-0.31792372500000005,0.03913091000000002,-0.34275543500000005,0.004737610000000003,-0.2700460250000001,-0.011181969999999986,-0.26898198500000003,-0.016188590000000003,-0.13907176500000007,-0.03409660999999997,-0.10887461500000006,0.05749308000000003,-0.09832066500000003,0.05545817000000003,-0.09255716500000011,0.005941140000000011,-0.004321635000000046,-0.005941140000000011,0.004321634999999935,-0.002794909999999984,0.18138793499999994,-0.013499990000000017,0.2051986349999999,-0.016046119999999997,0.28867793499999994,-0.03363515,0.28867793499999994,-0.020926200000000006,0.13097426,0.07368167000000003,0.04075110000000004,-0.022914639999999986,0.16010736999999997,0.08955478,0.016317449999999956,-0.008736049999999995,0.18570957,-0.013251210000000013,0.10729,-0.007558850000000006,0.20087699999999997,-0.020135159999999985,0.08347930000000003,-0.01591957999999999,0.0010640400000000438,-0.011882280000000023,0.00864326999999998,0.1072073698898751,0.11469689253818569
0.06911456000000005,-0.29599918499999994,0.07397154000000006,-0.30384801499999997,0.06876752000000003,-0.31559373499999993,0.055214940000000046,-0.31736750499999994,0.03674343000000002,-0.34426196499999995,0.006058630000000065,-0.26900894499999994,-0.014655319999999972,-0.26929396499999997,-0.011599119999999963,-0.14143476499999996,-0.036792489999999956,-0.11009932499999997,0.05814055000000007,-0.1001011249999999,0.05474785000000004,-0.09294672500000001,0.007295580000000024,-0.004131035000000005,-0.007295579999999968,0.004131035000000005,-0.002566369999999929,0.18101148500000008,-0.014199049999999935,0.204521705,-0.017832619999999966,0.28875683500000004,-0.03446033999999998,0.28875683500000004,-0.017657750000000028,0.12757417999999998,0.06973967000000003,0.04133364000000006,-0.022137169999999984,0.15919464,0.09154034,0.017152599999999962,-0.009861949999999953,0.1851425200000001,-0.015266250000000037,0.10774534999999996,-0.006903469999999967,0.20039067,-0.020261290000000043,0.08423513000000005,-0.020713950000000036,-0.0002850200000000247,-0.014591159999999992,0.00826207000000001,0.10860694797713903,0.1152105841178774
0.06853804499999999,-0.29563905500000004,0.07329607500000002,-0.303864705,0.06767645500000002,-0.315320445,0.05452579499999999,-0.31710155500000003,0.034613875000000016,-0.343181805,0.004708615000000027,-0.26765092500000004,-0.01528790499999999,-0.26725248500000004,-0.013854264999999977,-0.14177612500000003,-0.036649284999999976,-0.110111725,0.05809619500000002,-0.10114817500000006,0.05483406499999999,-0.09452222500000007,0.007128175000000014,-0.004292925000000003,-0.007128175000000014,0.004292925000000003,-0.002395955000000005,0.18072377499999992,-0.014524784999999985,0.204208375,-0.018094865000000016,0.289119975,-0.035654935,0.289119975,-0.018562880000000004,0.1258748,0.07195046,0.04062794999999997,-0.021361379999999985,0.15714076000000005,0.09148334999999996,0.015589499999999923,-0.00952413000000002,0.18501669999999992,-0.01569891000000001,0.10839620000000005,-0.00739660999999997,0.19991545,-0.021130150000000014,0.08491159999999998,-0.019996520000000018,0.0003984399999999999,-0.014256350000000029,0.008585850000000006,0.1094471494159757,0.11663512787895469
0.067735245,-0.29550784999999996,0.072352425,-0.30357898999999994,0.06688519500000001,-0.31505208999999995,0.05328197499999998,-0.3167553899999999,0.03363104499999997,-0.34273841999999993,0.003481254999999961,-0.2685522699999999,-0.016433105000000003,-0.26698830999999995,-0.015301924999999994,-0.1453383599999999,-0.03773717500000001,-0.11081748999999996,0.057306674999999974,-0.10155313999999993,0.054487814999999995,-0.09554348999999995,0.007148994999999991,-0.004556059999999973,-0.007148994999999991,0.004556060000000084,-0.002346724999999994,0.17969155000000003,-0.014866825000000028,0.20327711000000004,-0.017791255000000006,0.28908211000000006,-0.035940775000000036,0.28908211000000006,-0.018783179999999955,0.12321391000000004,0.07260859999999997,0.04378521999999996,-0.02130407000000001,0.15617082,0.09222499,0.01527400000000001,-0.009495719999999985,0.18424761,-0.015444530000000012,0.10939056000000003,-0.007717830000000037,0.19872104999999995,-0.021073950000000008,0.08580500000000002,-0.019914359999999964,0.0015639599999999754,-0.014297989999999983,0.009112120000000057,0.10919810617180496,0.11755431194634507
0.06599561999999998,-0.29454866999999996,0.07061035999999998,-0.30270495,0.06503255999999996,-0.31424723,0.05173258999999997,-0.31618987,0.03152901999999996,-0.34237225,0.0023143399999999703,-0.26765829999999996,-0.01795627999999999,-0.26685444999999997,-0.015376080000000014,-0.14485508999999996,-0.039356780000000036,-0.11214574999999993,0.056631969999999976,-0.10101784999999996,0.052956809999999965,-0.09620191,0.0071622000000000074,-0.004418449999999963,-0.0071622000000000074,0.004418449999999963,-0.0030681599999999865,0.17977045000000003,-0.015300580000000008,0.20283815000000005,-0.018668039999999997,0.28951775,-0.036406949999999993,0.28951775,-0.017690419999999984,0.12280321,0.07200804999999999,0.04383724,-0.021400500000000044,0.15470870000000003,0.09231359,0.01594383999999993,-0.010230359999999994,0.1841889,-0.01559988000000001,0.10974729999999999,-0.00813838,0.1984197000000001,-0.021106369999999985,0.08667959999999997,-0.02027061999999996,0.0008038499999999948,-0.014324400000000015,0.008836899999999925,0.10852972967907411,0.11721242344525469
0.06418642499999999,-0.29415273500000005,0.06881627499999998,-0.302294135,0.063102665,-0.313888135,0.050193074999999976,-0.315587785,0.029517355000000023,-0.34196963500000005,0.0014291750000000047,-0.26635496500000005,-0.01987156499999998,-0.26652976500000003,-0.016696865000000005,-0.14242486500000007,-0.04112289499999999,-0.11152296500000003,0.05742374499999997,-0.10398946500000006,0.053207724999999984,-0.09970360500000008,0.0075214249999999705,-0.004308405000000071,-0.007521425000000026,0.00430840499999996,-0.0031230150000000068,0.180427075,-0.016339745000000017,0.203092575,-0.01998811500000003,0.28993183499999997,-0.037486375000000016,0.28993183499999997,-0.01812604000000001,0.12393009999999999,0.07412060999999998,0.03843540000000001,-0.021251330000000013,0.1550068,0.09433061999999998,0.011819359999999945,-0.010644439999999977,0.18473548000000006,-0.016865100000000022,0.10950475999999998,-0.00881831999999999,0.19878417000000004,-0.02114663,0.08683925999999997,-0.021300739999999985,-0.00017479999999997498,-0.015042849999999997,0.00861681000000003,0.11147446014269814,0.12044304830069111
0.06116120000000003,-0.29187660500000007,0.06647298000000007,-0.30001553500000006,0.06009682000000005,-0.311981345,0.049132920000000024,-0.31340884500000005,0.026829550000000035,-0.34095657500000004,0.0008385900000000279,-0.26476457500000006,-0.02322481999999998,-0.26460334500000005,-0.01752005999999995,-0.14178061500000005,-0.04491697999999994,-0.10928997500000004,0.05359346000000004,-0.10108617500000006,0.049903250000000066,-0.10248201500000009,0.008483180000000035,-0.004582225000000051,-0.008483179999999979,0.00458222499999994,-0.0011176799999999543,0.179654965,-0.018426949999999942,0.20375365499999998,-0.019034109999999937,0.29186362499999996,-0.03958572999999993,0.29186362499999996,-0.018358649999999976,0.12298396,0.07111351999999999,0.04069444,-0.02169215999999996,0.15531337,0.09482023,0.006807959999999946,-0.009600859999999989,0.18423719000000005,-0.017916429999999983,0.11220865999999996,-0.009943769999999963,0.19917143000000004,-0.021158779999999988,0.08810996999999998,-0.024063410000000007,0.0001612300000000122,-0.016966360000000014,0.00916444999999999,0.10652675592207293,0.1219496891956782
0.06116473499999997,-0.29203140000000005,0.06610232499999996,-0.29987752000000006,0.06027743499999999,-0.31205573000000003,0.04848038499999996,-0.31298452000000004,0.027015884999999962,-0.3410889000000001,0.0016795649999999385,-0.2629901700000001,-0.023628955000000007,-0.2655760300000001,-0.01504319500000001,-0.13542505000000005,-0.04505273500000001,-0.10956150000000009,0.05321604499999999,-0.09297904000000001,0.04861345499999997,-0.10072520000000007,0.00889316499999998,-0.004000200000000009,-0.008893165000000036,0.004000199999999898,0.00023538499999997686,0.18019596999999998,-0.017873945000000058,0.20268889999999995,-0.01679247500000003,0.29220709999999994,-0.03903836500000002,0.29220709999999994,-0.016722759999999948,0.12756512000000003,0.06825924,0.042446010000000034,-0.021423780000000003,0.15601452999999998,0.09366618999999998,0.00883630000000002,-0.008657780000000004,0.18419617,-0.017027860000000006,0.11201112999999996,-0.008980780000000022,0.19868870000000005,-0.02116441999999996,0.08951819999999999,-0.025308519999999946,-0.0025858599999999954,-0.017786330000000017,0.008000399999999908,0.09940700005150543,0.11947560733883882
0.05979141999999993,-0.2935920649999999,0.06521359999999993,-0.30140364499999994,0.05881828999999994,-0.3138072449999999,0.04820173999999994,-0.3136622349999999,0.025659359999999964,-0.3424231949999999,0.000909139999999975,-0.2634681149999999,-0.025160400000000027,-0.2656133449999999,-0.017728320000000075,-0.1372953349999999,-0.04665711000000006,-0.10905359499999989,0.05160493999999993,-0.09409412499999992,0.04863753999999998,-0.10484024499999989,0.009214259999999974,-0.004039854999999926,-0.00921426000000003,0.004039855000000037,-0.0002800600000000264,0.18005093500000013,-0.01929968000000004,0.20115500500000005,-0.01768346000000004,0.2914544050000001,-0.04052993000000005,0.2914544050000001,-0.01863746000000005,0.12617277999999998,0.06933326000000001,0.04320120999999999,-0.02149671000000003,0.15655975,0.09529465000000004,0.004213350000000005,-0.00949432,0.18409079000000006,-0.017403400000000013,0.11140346999999995,-0.010085420000000012,0.19711515000000002,-0.021230250000000006,0.09029940000000003,-0.026069540000000002,-0.002145229999999998,-0.018428520000000004,0.008079709999999962,0.09953261423320144,0.12329520241781504
0.05862541499999996,-0.29207895,0.064240505,-0.29996258,0.05751370499999997,-0.3123357,0.04794134499999997,-0.31214445,0.024478874999999956,-0.34099233,0.001387224999999992,-0.26132985,-0.025934555000000026,-0.26442185,-0.016245165000000006,-0.13556564999999998,-0.048204105,-0.10976624999999995,0.048834794999999986,-0.09212259,0.046579974999999996,-0.10509645000000001,0.009503024999999998,-0.003904950000000018,-0.009503024999999998,0.003904950000000018,-8.259500000001863e-05,0.17887719999999996,-0.018413945000000043,0.20033617999999997,-0.017078024999999997,0.29282805,-0.040421125,0.29282805,-0.017632389999999998,0.1257642,0.06507995999999999,0.04344305999999998,-0.02226954999999997,0.15465560000000006,0.09478407999999999,0.004669799999999946,-0.009585620000000017,0.18278214999999998,-0.016995429999999978,0.11395085000000005,-0.008910920000000044,0.19643122999999996,-0.02200717999999996,0.09249187000000003,-0.027321780000000018,-0.003092000000000039,-0.019006049999999997,0.007809900000000036,0.09658850935024567,0.12258306608565478
0.05763834000000001,-0.29225369,0.06323319999999999,-0.29993598000000005,0.056352789999999986,-0.31253965000000006,0.04695737,-0.31129949,0.02324134,-0.34057068,0.0015116399999999808,-0.2598555,-0.02704126000000001,-0.26398568000000006,-0.01751560000000002,-0.13185565,-0.04784080000000002,-0.10860689000000001,0.046605289999999966,-0.09136115,0.04595758999999999,-0.10932675000000003,0.00999230000000001,-0.0036615500000000134,-0.00999230000000001,0.0036615500000000134,-0.001236410000000021,0.18183474999999993,-0.019377919999999993,0.20266784999999998,-0.01987439000000002,0.29302344999999996,-0.041036779999999995,0.29302344999999996,-0.01902724,0.12799985000000003,0.06412088999999999,0.04049449999999999,-0.020799540000000005,0.15537879000000004,0.09379839000000001,-0.0007198600000000166,-0.01122871000000003,0.18549629999999995,-0.01863798,0.11118870000000003,-0.009385619999999983,0.19900629999999997,-0.021658860000000002,0.09035559999999998,-0.028552899999999992,-0.004130180000000039,-0.01998460000000002,0.007323100000000027,0.09503541906521007,0.12608229902687415
0.05780801499999999,-0.29459025,0.062917695,-0.30253602,0.056234585000000004,-0.31453133,0.046155795,-0.31424135000000003,0.022693615,-0.34184361,0.0011675550000000423,-0.2623528,-0.02664328499999996,-0.26500798000000003,-0.015831865,-0.13639552,-0.04811472499999997,-0.110618,0.049216585000000035,-0.10030079000000003,0.043835155000000015,-0.11100725,0.009676685000000018,-0.00393275000000004,-0.009676684999999963,0.00393275000000004,-0.0011171249999999966,0.18076819,-0.018095504999999956,0.2023952,-0.01959050499999998,0.29139715,-0.040887004999999976,0.29139715,-0.016999420000000043,0.12595728,0.06504845000000004,0.036094729999999964,-0.02147144000000001,0.15438998000000004,0.09194987999999998,-0.00038925000000000765,-0.010793810000000015,0.18470094000000004,-0.018473379999999984,0.11062896,-0.008418819999999994,0.19846244999999996,-0.02279150000000002,0.08900195,-0.027810840000000003,-0.0026551800000000347,-0.01935336999999998,0.00786550000000008,0.10416430686877151,0.12678612155983637
0.058173410000000036,-0.29460548000000003,0.06319179000000003,-0.30255938000000004,0.05656337,-0.31441460000000004,0.04626100999999999,-0.31408871000000005,0.023030660000000036,-0.34129075000000003,0.0010078800000000165,-0.26244578,-0.026230189999999987,-0.26434676,-0.01650018999999997,-0.13696980999999997,-0.047721330000000006,-0.11044312,0.04889353000000002,-0.09791053000000005,0.04523587000000001,-0.11202478000000005,0.009467910000000024,-0.004113780000000067,-0.009467909999999968,0.004113779999999956,-0.000756359999999956,0.17841869,-0.017005839999999994,0.20006552,-0.01849171999999999,0.29178982,-0.03954742,0.29178982,-0.017508069999999987,0.12547597000000005,0.06539371999999999,0.03905927999999992,-0.02149114000000002,0.15390364,0.09295720000000002,-0.0015816600000000403,-0.01022426999999998,0.18253247000000006,-0.017735360000000033,0.11337112999999999,-0.007537930000000026,0.19595174000000004,-0.022541580000000006,0.09172429999999998,-0.027238070000000003,-0.0019009799999999966,-0.018935819999999992,0.008227560000000023,0.10174580985449423,0.12837705661512105
0.05690968499999999,-0.2958760999999999,0.06275678500000004,-0.3040220699999999,0.055397315,-0.3161030999999999,0.04684314500000003,-0.3163575999999999,0.022375385000000025,-0.34455196999999993,0.0004600949999999937,-0.26423807999999993,-0.02665894499999999,-0.26672001999999995,-0.019908664999999992,-0.13673104999999997,-0.049249555,-0.11211879999999996,0.04545507500000001,-0.09304542999999987,0.045048595000000025,-0.11678469999999996,0.009066085000000002,-0.003823799999999933,-0.009066085000000002,0.003823800000000044,-0.005364415000000011,0.18464086000000013,-0.01834570499999999,0.20414200000000005,-0.025444864999999983,0.2903739000000001,-0.038779885000000014,0.2903739000000001,-0.020368759999999986,0.12750702999999997,0.06536374,0.04368562000000009,-0.02259061000000001,0.15460121999999998,0.09429815000000003,-0.004665900000000001,-0.014430500000000013,0.18846466000000006,-0.020080449999999972,0.10573303999999994,-0.009279619999999988,0.2003182,-0.020434180000000024,0.08623190000000003,-0.027119039999999983,-0.002481940000000016,-0.018132170000000003,0.007647599999999977,0.09635692945023201,0.13219231771836215
0.055918875000000035,-0.29469049999999997,0.06170667499999999,-0.30311488,0.05416473500000002,-0.31499757999999994,0.04598119500000003,-0.31509712999999995,0.020830145000000022,-0.34279281999999994,9.30949999999875e-05,-0.26228621999999996,-0.027981105000000006,-0.26418274999999997,-0.01929489499999998,-0.13896458,-0.05095240499999998,-0.11228961999999998,0.04752487500000002,-0.09729832999999999,0.04457347500000003,-0.11688220999999999,0.009429624999999997,-0.003990579999999966,-0.009429624999999997,0.003990580000000077,-0.003629545000000012,0.18303519000000001,-0.019588424999999965,0.2025313900000001,-0.02358332499999999,0.29125332000000004,-0.040219695,0.29125332000000004,-0.019387989999999966,0.12332163999999995,0.06681977,0.041666250000000016,-0.022971299999999972,0.15189313,0.09552588000000001,-0.0045925900000000075,-0.013059170000000009,0.18702576999999998,-0.019953779999999977,0.10821813000000002,-0.010158799999999968,0.19854081,-0.020631270000000035,0.08872192999999995,-0.028074199999999994,-0.0018965300000000074,-0.018859249999999994,0.007981160000000043,0.10078484153197348,0.13238793816656455
0.05643335500000002,-0.29418441,0.061954145000000016,-0.30241417000000004,0.054760675000000036,-0.31438722,0.04570639500000001,-0.3144713,0.021129045000000013,-0.34229501,-0.0004509249999999909,-0.262044,-0.027879264999999986,-0.26397889,-0.019804655000000004,-0.13752516999999997,-0.05027806499999998,-0.11223147,0.046472135000000026,-0.09172396999999999,0.04648724500000001,-0.11841043000000007,0.009225695000000034,-0.004009629999999986,-0.009225694999999978,0.004009629999999986,-0.0038011949999999795,0.18475993000000002,-0.018728874999999978,0.20399263,-0.02418642500000001,0.29167793,-0.040494625000000006,0.29167793,-0.019353730000000013,0.12451883000000002,0.06627679000000003,0.045801199999999986,-0.022398799999999996,0.15174742000000002,0.09676531,-0.006178960000000067,-0.013026890000000013,0.18876956,-0.020385230000000032,0.10691799999999996,-0.00950318,0.19998300000000002,-0.021765750000000028,0.08768529999999997,-0.027428339999999996,-0.0019348900000000224,-0.018451390000000012,0.008019259999999973,0.09529482008120482,0.13450131142054791
0.055854729999999964,-0.2947125299999999,0.061792549999999946,-0.30294765999999995,0.054311849999999995,-0.31496689999999994,0.04607968999999995,-0.31493355999999995,0.021058189999999977,-0.34305773999999994,-0.00019241000000003172,-0.26327039999999996,-0.028677830000000015,-0.2642683599999999,-0.019683400000000018,-0.13917495999999996,-0.051619000000000026,-0.11249889999999996,0.04439293,-0.08768649999999989,0.04631440999999997,-0.11941243999999995,0.009611849999999977,-0.004261799999999982,-0.009611850000000033,0.004261800000000093,-0.004213490000000042,0.18520950000000003,-0.019993150000000015,0.2056789000000001,-0.023749750000000014,0.29146610000000006,-0.041589810000000005,0.29146610000000006,-0.019490989999999986,0.12409544,0.06407633000000001,0.05148846000000007,-0.02294117000000001,0.15176945999999997,0.09793341,-0.006913539999999996,-0.01382534000000002,0.1894713,-0.019536259999999972,0.10625660000000003,-0.010381299999999982,0.20141710000000002,-0.02159665999999999,0.08578719999999995,-0.028485419999999984,-0.0009979599999999644,-0.01922370000000001,0.008523600000000076,0.0903847558831487,0.1357315887962902
0.05465364499999997,-0.29482791999999997,0.06090684499999999,-0.30326728,0.052670914999999985,-0.31502265999999995,0.046254974999999976,-0.31527204,0.019618265000000024,-0.34282959999999996,0.00131874500000001,-0.26341904,-0.029344335,-0.26456947,-0.017464915000000025,-0.13822846,-0.05336813499999998,-0.11281065000000001,0.04513482499999999,-0.08508232999999998,0.043869364999999994,-0.12053979999999997,0.010325324999999996,-0.004275899999999999,-0.010325324999999996,0.004275899999999999,-0.0035840349999999854,0.18479635000000005,-0.019338385000000013,0.20578390000000002,-0.022351604999999997,0.2920536,-0.04222705500000001,0.2920536,-0.018783660000000035,0.12519058,0.06259974000000001,0.053146130000000014,-0.024023799999999984,0.15175881999999996,0.09723749999999998,-0.0077291499999999624,-0.013909359999999982,0.18907225000000005,-0.01876757000000001,0.10725724999999997,-0.009013060000000017,0.20150800000000002,-0.02288867,0.0862697,-0.03066308000000001,-0.00115042999999998,-0.020650649999999993,0.008551799999999998,0.08798511476150325,0.13607359549407846
0.05259412499999999,-0.29336373,0.059524505000000005,-0.30155055,0.051147655000000014,-0.31386624,0.045760754999999986,-0.31389345,0.019526034999999997,-0.34313248,-5.120499999999861e-05,-0.26287418,-0.02924104500000002,-0.26477681,-0.019002145000000026,-0.13790747999999997,-0.053390325000000016,-0.11167923999999996,0.04430687499999997,-0.08602021000000004,0.042647484999999985,-0.12142808000000005,0.009736505000000006,-0.004021920000000012,-0.009736505000000006,0.004021920000000012,-0.0034761750000000258,0.18521462,-0.019410874999999994,0.20484272000000003,-0.023333694999999988,0.29240652,-0.04268504500000003,0.29240652,-0.018950940000000027,0.12496670000000004,0.06330902,0.05188726999999993,-0.024149279999999995,0.15309757000000002,0.09603781,-0.009748840000000092,-0.013212680000000032,0.18923654,-0.019857519999999962,0.1071919,-0.009674369999999988,0.20082080000000002,-0.02327417000000004,0.08756379999999997,-0.029189840000000022,-0.0019026299999999607,-0.019473010000000013,0.008043840000000024,0.08898780840576423,0.13594772858830748
0.05228609000000001,-0.2934344750000001,0.05925290999999999,-0.3015673750000001,0.05082853999999998,-0.3139454950000001,0.04545010999999999,-0.3134978950000001,0.019144859999999986,-0.34285750500000006,-0.00046351999999999505,-0.26274811500000006,-0.029814210000000008,-0.2643459350000001,-0.018505990000000028,-0.14034077500000008,-0.05406094,-0.11256577500000009,0.046068759999999986,-0.09070207500000005,0.04146904000000001,-0.12313307500000004,0.009799510000000011,-0.0041509250000000275,-0.009799510000000011,0.0041509249999999165,-0.003100590000000014,0.1841835249999999,-0.019521540000000004,0.20451312499999996,-0.02240011000000003,0.2918487249999999,-0.04262809000000001,0.2918487249999999,-0.018042470000000033,0.12240733999999998,0.06457475000000001,0.049638700000000036,-0.024246729999999994,0.15178016,0.09552998000000001,-0.010567299999999946,-0.012900100000000025,0.18833444999999993,-0.019299520000000014,0.10766520000000002,-0.009722029999999993,0.20036220000000005,-0.023106550000000003,0.08733559999999996,-0.029350690000000013,-0.0015978200000000276,-0.019599020000000023,0.008301849999999944,0.09384327392991466,0.13722128433702438
0.052595875000000014,-0.29295338499999996,0.059265824999999994,-0.30073791499999997,0.051481604999999986,-0.313396185,0.044576265000000004,-0.31257804499999997,0.019620375000000023,-0.342479555,-0.002330954999999968,-0.262959685,-0.029777724999999977,-0.26412111499999996,-0.020079285000000002,-0.14125313500000003,-0.05378094499999997,-0.11231308499999992,0.04543841500000001,-0.09035688499999994,0.041017654999999986,-0.124027785,0.009204655000000006,-0.004277685000000031,-0.009204655000000006,0.004277685000000031,-0.003553744999999997,0.18413386500000006,-0.019435405000000017,0.20498505499999997,-0.02296532499999998,0.291622315,-0.04360344500000002,0.291622315,-0.017748330000000034,0.12170654999999997,0.06551770000000001,0.05089625000000009,-0.024003219999999992,0.15180803000000004,0.09479859999999996,-0.011714700000000078,-0.012758400000000003,0.1884115500000001,-0.019411579999999984,0.10748844999999996,-0.01023075000000001,0.20070736999999994,-0.024168040000000002,0.08663726000000005,-0.02744677000000001,-0.0011614299999999633,-0.018409310000000012,0.008555370000000062,0.09339440045515356,0.13778452037023972
0.051866595000000015,-0.29260921999999995,0.05826607500000003,-0.30028468999999997,0.05080399499999999,-0.31288078999999996,0.04323807499999999,-0.31240359999999995,0.018842375000000022,-0.34211844999999996,-0.002597175000000007,-0.26321173,-0.030896394999999965,-0.26406064999999995,-0.018985534999999998,-0.14134914999999992,-0.05390097500000002,-0.11201128999999999,0.047451345000000034,-0.09154710999999993,0.04007339500000001,-0.1253789999999999,0.009460095000000002,-0.0043242499999999184,-0.009460095000000002,0.0043242500000000295,-0.004044235000000007,0.18438815000000008,-0.02050657499999997,0.20541155,-0.024785754999999965,0.29136815000000005,-0.04360425499999998,0.29136815000000005,-0.01638835999999999,0.12186258000000005,0.06643688000000003,0.04980203999999999,-0.023004580000000052,0.15204935999999997,0.09397437000000003,-0.013367709999999922,-0.013504330000000009,0.1887124,-0.020741519999999958,0.10697999999999996,-0.01104647999999997,0.20108729999999997,-0.02309768000000001,0.08595660000000005,-0.02829921999999996,-0.0008489199999999752,-0.018920190000000003,0.008648499999999948,0.09513759710620247,0.13883983467341995
0.052004885,-0.29092497,0.05801827500000001,-0.29844919000000003,0.051030624999999996,-0.31106672,0.042338505000000026,-0.31013545000000003,0.018780304999999997,-0.33976803,-0.003134374999999967,-0.2613166,-0.031537994999999985,-0.26169819,-0.01748164499999999,-0.14349792000000006,-0.055088534999999994,-0.11178461000000006,0.04831922500000002,-0.09591345000000007,0.037546645000000045,-0.12392705000000004,0.009382145000000008,-0.004512850000000013,-0.009382145000000008,0.004512850000000013,-0.0029285450000000046,0.18237229999999993,-0.019458874999999987,0.20422145000000003,-0.022661474999999986,0.29241785,-0.04200017499999997,0.29241785,-0.014347270000000023,0.11781867999999995,0.06580087000000001,0.04758446999999999,-0.02355054000000001,0.14991357999999994,0.09263518000000004,-0.012142439999999977,-0.012310690000000013,0.18688514999999994,-0.019732929999999982,0.11004555000000005,-0.010076729999999978,0.19970860000000001,-0.022541299999999986,0.08819639999999995,-0.02840362000000002,-0.0003815899999999872,-0.018764290000000017,0.009025700000000025,0.09934870849329855,0.13674472290686074
0.05095688500000001,-0.29181462500000005,0.05702595500000002,-0.299348145,0.05007473499999998,-0.312005185,0.041538874999999975,-0.311050225,0.018072354999999984,-0.34092279500000006,-0.0034025450000000346,-0.26173022500000004,-0.032107315000000025,-0.26230614500000005,-0.015699934999999998,-0.144159625,-0.05535268500000001,-0.11202852500000005,0.050103885000000015,-0.09993132500000002,0.037557585000000004,-0.12623506500000004,0.009413914999999995,-0.004417475000000004,-0.009413914999999995,0.004417475000000004,-0.0035205850000000205,0.184382025,-0.01977680500000001,0.20557407500000002,-0.023096635000000032,0.29112947499999997,-0.04305733500000003,0.29112947499999997,-0.012297389999999964,0.11757060000000003,0.06580382000000001,0.0442283,-0.023245369999999987,0.15027762,0.09291027000000002,-0.01420653999999999,-0.012934500000000015,0.1887995,-0.01957605000000001,0.10674744999999997,-0.010362890000000013,0.20115660000000002,-0.02328053000000002,0.08555539999999995,-0.02870476999999999,-0.0005759200000000075,-0.01882782999999999,0.008834950000000008,0.10381988827013543,0.13883950453923988
0.05104996500000003,-0.29110624,0.05703131500000003,-0.29861634000000004,0.05009889500000003,-0.31127333,0.041443514999999986,-0.31058936000000004,0.017939015000000003,-0.34041818,-0.003449105000000008,-0.26147454000000003,-0.03193340499999997,-0.26249756,-0.015609704999999974,-0.14143099999999997,-0.054499734999999994,-0.11128680000000002,0.051097165,-0.09655049999999998,0.038675614999999997,-0.12623833000000007,0.009376335000000013,-0.004340499999999969,-0.009376335000000013,0.004340499999999969,-0.003322975000000006,0.18524960000000001,-0.019158204999999984,0.20620379999999994,-0.023142355000000003,0.2915367,-0.042963205000000004,0.2915367,-0.012160599999999966,0.12004354000000006,0.06670686999999997,0.04488049999999999,-0.022566330000000023,0.15121076,0.09317534999999999,-0.014951530000000046,-0.01269931000000002,0.18959009999999998,-0.019819379999999998,0.10628709999999997,-0.00978186999999997,0.20186329999999997,-0.02380500000000002,0.08533290000000004,-0.028484299999999962,-0.0010230199999999856,-0.018752670000000027,0.008680999999999939,0.10120924738327472,0.13913957288626197
0.051543989999999984,-0.29103276,0.05729232000000001,-0.29816944,0.05081132999999999,-0.3111099,0.04120243000000001,-0.30974728,0.018488119999999997,-0.340172,-0.003374450000000029,-0.2610032,-0.03238475000000002,-0.26183533999999997,-0.013992930000000015,-0.13965837000000003,-0.054551110000000014,-0.10927640000000005,0.051149489999999964,-0.09042490000000003,0.03807738999999999,-0.12662240000000002,0.009463109999999997,-0.004502200000000012,-0.009463109999999997,0.004502200000000012,-0.0032551100000000055,0.18265410000000004,-0.018184409999999984,0.20466265000000006,-0.02358808000000001,0.2916204,-0.04293328000000002,0.2916204,-0.010618479999999986,0.12134482999999996,0.06514241999999998,0.04923347,-0.022166359999999996,0.15255893999999992,0.0926285,-0.017345999999999973,-0.012718220000000002,0.18715630000000005,-0.020332970000000006,0.10896629999999996,-0.008721299999999987,0.20016045000000005,-0.024748870000000034,0.08695774999999994,-0.02901029999999999,-0.0008321399999999812,-0.018926219999999994,0.009004400000000023,0.09550112383000736,0.1394767359290072
0.05140261500000004,-0.29089979999999993,0.05700003500000006,-0.2980851199999999,0.05062863500000003,-0.3109617799999999,0.040772785000000034,-0.30960189999999993,0.018220295000000053,-0.3398131399999999,-0.0037495349999999705,-0.2605016499999999,-0.03230620499999998,-0.2613209999999999,-0.01451892499999996,-0.14011885999999996,-0.05413074499999998,-0.10990526999999994,0.05100386500000004,-0.09085899999999991,0.038392795000000035,-0.12625199999999992,0.00933603500000002,-0.004564399999999913,-0.009336034999999965,0.004564400000000024,-0.0024410049999999406,0.18168000000000006,-0.017891064999999984,0.20419660000000006,-0.022991864999999945,0.2918084000000001,-0.04274700499999995,0.2918084000000001,-0.01076938999999999,0.12038278999999996,0.06552279,0.049259860000000044,-0.021824540000000003,0.15141572999999997,0.09252354000000002,-0.016346729999999976,-0.011777039999999961,0.18624439999999998,-0.020550860000000004,0.11012840000000002,-0.008555030000000019,0.19963220000000004,-0.024855939999999965,0.08761180000000002,-0.028556670000000006,-0.0008193499999999965,-0.018672069999999985,0.009128799999999937,0.0958277937034392,0.13925146937152544
0.05245925999999995,-0.29151973000000003,0.058112339999999985,-0.29876677000000007,0.051680899999999974,-0.31172756000000007,0.04151483,-0.31026128000000003,0.019001999999999963,-0.34054520000000005,-0.005067120000000036,-0.26150653000000007,-0.03125102000000002,-0.26188710000000004,-0.019256150000000027,-0.14171840000000002,-0.05291414999999999,-0.10923369999999999,0.04929901999999997,-0.0985081000000001,0.039217730000000006,-0.1254556,0.00874579999999997,-0.004642600000000052,-0.008745800000000026,0.004642599999999941,-0.001807250000000038,0.18352815,-0.01789544000000004,0.20595785999999994,-0.022917640000000017,0.29128869999999996,-0.04251174000000002,0.29128869999999996,-0.014189029999999991,0.11978813000000005,0.06855517,0.043210299999999924,-0.021663129999999975,0.15265340000000005,0.09213188,-0.01622190000000001,-0.010553050000000008,0.18817075000000005,-0.02111038999999998,0.10776054999999995,-0.009149640000000014,0.20131526,-0.02461629999999998,0.08533084000000002,-0.026183899999999982,-0.000380569999999969,-0.017491599999999996,0.009285199999999993,0.10225114054434019,0.13865800320681418
0.05226158000000003,-0.29202889000000004,0.05774313000000003,-0.29932563,0.05145287000000004,-0.31216048,0.041013290000000036,-0.31073510000000004,0.01873361000000001,-0.34072008000000004,-0.00510269999999996,-0.26149749,-0.03130752999999997,-0.26222523000000003,-0.018810049999999967,-0.14111503000000003,-0.05251676999999999,-0.10972842999999999,0.04944807000000001,-0.10055270000000005,0.03963219000000001,-0.12566523000000007,0.008815750000000011,-0.004566870000000001,-0.008815750000000011,0.004566870000000001,-0.0015859500000000026,0.18320289999999995,-0.018188099999999985,0.20566520999999993,-0.022053129999999976,0.29082177,-0.042743719999999985,0.29082177,-0.013707350000000007,0.12038245999999997,0.06825811999999998,0.04056232999999998,-0.021209240000000018,0.15249680000000004,0.09214896,-0.015936800000000084,-0.010401700000000014,0.18776976999999995,-0.020467179999999974,0.10761887000000003,-0.009372349999999974,0.20109833999999993,-0.02455562,0.08515656000000005,-0.026204830000000012,-0.0007277400000000322,-0.017631500000000022,0.009133740000000001,0.10423178492845313,0.13895180013462805
0.05208938000000002,-0.29238145000000004,0.05762676,-0.29954645,0.05126678000000001,-0.31240839000000004,0.04109599000000003,-0.31094378000000006,0.018743290000000024,-0.34098619,-0.0044359999999999955,-0.26185757000000004,-0.03123541000000002,-0.26313007000000005,-0.016917059999999984,-0.14176898999999998,-0.052616039999999975,-0.11111975000000007,0.050781540000000014,-0.10020635,0.03966096000000002,-0.12517355000000008,0.00890479999999999,-0.004356950000000026,-0.00890479999999999,0.004356949999999915,-0.002864880000000014,0.18272535,-0.01771575999999997,0.20435970999999997,-0.023674079999999986,0.29066824999999996,-0.04279149999999998,0.29066824999999996,-0.012481059999999988,0.12008858000000006,0.0676986,0.041562639999999984,-0.021380629999999956,0.15201031999999998,0.092277,-0.014053800000000005,-0.011769680000000005,0.18708230000000003,-0.020809199999999972,0.10794289999999995,-0.008810959999999979,0.20000276000000006,-0.025075740000000013,0.08630853999999999,-0.026799410000000023,-0.0012725000000000097,-0.01780959999999998,0.008713899999999941,0.10459813016200431,0.13833576354156432
0.051600254999999984,-0.29283299999999995,0.05718673499999999,-0.2999663699999999,0.05099333499999997,-0.31295513999999997,0.04070705499999999,-0.3112637999999999,0.018868814999999983,-0.34173509999999996,-0.004685745000000019,-0.26148109999999997,-0.031585205000000005,-0.26335522999999994,-0.017170414999999994,-0.14073943999999994,-0.052712784999999984,-0.1109201299999999,0.05157823499999997,-0.09890909999999997,0.04193760499999999,-0.1249903,0.008821625,-0.004270599999999902,-0.008821625,0.004270600000000013,-0.0034813750000000088,0.18286586000000005,-0.01795686499999999,0.20408540000000008,-0.024528784999999997,0.29072070000000005,-0.04154668500000003,0.29072070000000005,-0.012484669999999976,0.12074166000000003,0.06874864999999997,0.041830339999999966,-0.02112757999999998,0.15243510000000005,0.09465038999999997,-0.014070170000000104,-0.012303000000000008,0.18713645999999995,-0.02104740999999999,0.10785484000000001,-0.009135239999999989,0.19981480000000007,-0.02358982000000004,0.08663529999999997,-0.026899459999999986,-0.0018741299999999739,-0.01764325,0.008541199999999916,0.10384880057536587,0.13887001007778066
0.052070035000000015,-0.29366211500000006,0.05770416500000003,-0.300853625,0.05141311500000001,-0.31383861500000004,0.04116381499999999,-0.31193796500000004,0.019119245000000007,-0.342382895,-0.004658064999999989,-0.26198246500000005,-0.031168064999999967,-0.26381744500000004,-0.01656826499999997,-0.141428565,-0.05233852499999997,-0.11110736500000007,0.05261735500000003,-0.10278181500000005,0.041987465,-0.12554146500000007,0.008673054999999985,-0.004273665000000038,-0.008673054999999985,0.0042736649999999266,-0.004284385000000002,0.182834995,-0.01755441499999999,0.20440193499999992,-0.02441932499999999,0.28999723499999996,-0.041445385,0.28999723499999996,-0.011910199999999982,0.12055390000000005,0.06918562,0.03864674999999995,-0.021170460000000002,0.15271007999999997,0.09432598999999997,-0.014434100000000005,-0.012957439999999987,0.18710866000000004,-0.02013493999999999,0.10716223999999996,-0.008881360000000005,0.20012827,-0.02389097000000001,0.08559530000000004,-0.026509999999999978,-0.001834979999999986,-0.01734610999999997,0.008547329999999964,0.10786545841423244,0.13935012114665454
0.05147869000000005,-0.2932041900000001,0.05693600000000004,-0.30063125000000007,0.05065239000000005,-0.3134092700000001,0.040199490000000004,-0.31212950000000006,0.018120560000000008,-0.34192443000000006,-0.005810289999999996,-0.2623629500000001,-0.03126331999999998,-0.2634549200000001,-0.01840453999999997,-0.14309705000000006,-0.051770859999999974,-0.11126025000000006,0.052237160000000005,-0.10720811000000008,0.04284056000000003,-0.12406830000000002,0.008396540000000008,-0.004472850000000084,-0.008396539999999952,0.004472849999999973,-0.004145039999999989,0.18217750999999993,-0.01770033999999998,0.2045954499999999,-0.024584139999999977,0.2902346499999999,-0.041200899999999985,0.2902346499999999,-0.012594249999999974,0.11926590000000004,0.07064169999999997,0.03588893999999998,-0.02050753999999999,0.15219467000000003,0.09461142,-0.01280804999999996,-0.012541579999999997,0.18665036000000002,-0.020439099999999988,0.10805714,-0.009303800000000029,0.20012259999999993,-0.023500560000000004,0.08563920000000003,-0.025453029999999988,-0.0010919699999999977,-0.01679307999999996,0.008945700000000056,0.11169840468534901,0.13837654302566058
0.051104130000000025,-0.29335733,0.05671980999999998,-0.3006113,0.05040199000000001,-0.31371181000000004,0.040104570000000006,-0.31179689000000005,0.018064210000000025,-0.34233283000000003,-0.00570940999999997,-0.26258825,-0.03189301,-0.26404207,-0.018388090000000024,-0.14539855000000002,-0.051776829999999996,-0.11132765,0.05130058999999998,-0.11579095000000006,0.04181865000000001,-0.12355630000000006,0.008720070000000024,-0.004388649999999994,-0.008720069999999969,0.004388649999999994,-0.0037929700000000066,0.1809463,-0.018587560000000003,0.20354790999999994,-0.02383689,0.29015464999999996,-0.040649290000000005,0.29015464999999996,-0.012678680000000053,0.11718970000000001,0.06968868,0.029607599999999956,-0.019883819999999996,0.15271442000000002,0.09359548000000001,-0.012228650000000063,-0.01251304000000003,0.18533495,-0.020043919999999993,0.10920834999999995,-0.009867490000000034,0.19915925999999995,-0.02206173,0.08660674000000002,-0.02618360000000003,-0.0014538199999999946,-0.017440139999999993,0.008777299999999988,0.1192626225133441,0.13756479364190866
0.05094334499999997,-0.29208245000000005,0.05658733499999996,-0.29943261000000004,0.050122664999999955,-0.31238938000000005,0.040087244999999994,-0.31067995000000004,0.017717464999999988,-0.3408705000000001,-0.005767975000000036,-0.2618522100000001,-0.032050405000000004,-0.26279688000000007,-0.019119935000000032,-0.14509100000000008,-0.05260828500000003,-0.10982455000000002,0.05080529499999997,-0.11617720000000009,0.04125582499999997,-0.12251855000000011,0.008739864999999958,-0.004462180000000093,-0.008739865000000013,0.004462179999999982,-0.004198885000000041,0.18145854999999989,-0.01862823500000005,0.2038749499999999,-0.024164295000000002,0.29160564999999994,-0.040753165000000036,0.29160564999999994,-0.013351959999999996,0.11676121,0.06992523,0.02891379999999999,-0.02055788000000003,0.15297233000000005,0.09386411,-0.012694000000000094,-0.012938749999999999,0.18592072999999998,-0.01996540999999996,0.11014710000000005,-0.009888370000000035,0.1994127699999999,-0.022124929999999987,0.08773070000000005,-0.026282429999999968,-0.0009446699999999808,-0.01747972999999997,0.008924360000000076,0.1193723003660619,0.13646858543235885
0.050734685,-0.29145236,0.05636190499999999,-0.29897706,0.04977268500000004,-0.31172086,0.03991688500000001,-0.31034879,0.017170545000000037,-0.33996133,-0.006594694999999984,-0.26145737,-0.03174028499999998,-0.26137743,-0.020870184999999986,-0.14601785999999994,-0.052562685,-0.10901559999999999,0.048924385000000015,-0.11789433000000005,0.039582335000000024,-0.12101865999999994,0.00838688500000001,-0.004745969999999988,-0.00838688500000001,0.004745969999999988,-0.0034979350000000076,0.17908146999999996,-0.018184115,0.20306192,-0.024014564999999988,0.29206197,-0.04104063499999999,0.29206197,-0.014275490000000002,0.11543951000000008,0.06979457,0.028123529999999897,-0.02082240000000002,0.15236183000000003,0.09214502000000002,-0.012003059999999954,-0.011884820000000018,0.18382743999999995,-0.02051662999999998,0.11298050000000004,-0.00979722999999999,0.19831595000000002,-0.02285651999999999,0.08900005,-0.025145589999999995,7.994000000000057e-05,-0.01677377000000002,0.009491939999999977,0.12019084938937578,0.13460233365898708
0.05052189499999998,-0.291672645,0.05616252499999996,-0.299149665,0.04962246499999995,-0.311889085,0.03975652499999999,-0.31045973499999996,0.017388694999999954,-0.340058955,-0.006565555000000056,-0.261567715,-0.031419005000000055,-0.26158893499999997,-0.02100182500000003,-0.14579847499999998,-0.051729455000000035,-0.10870966500000001,0.04871706499999995,-0.11879021499999998,0.03966383499999998,-0.12010541499999994,0.008305234999999966,-0.004716544999999961,-0.008305235000000022,0.004716544999999961,-0.0029270750000000567,0.17870638500000002,-0.01752660500000003,0.202729135,-0.02363557500000002,0.292171685,-0.03992090500000006,0.292171685,-0.014436269999999973,0.11576924,0.06971888999999998,0.027008260000000006,-0.02031044999999998,0.15287926999999996,0.09139329000000002,-0.011395749999999927,-0.011232310000000023,0.18342292999999998,-0.020708499999999963,0.11346529999999999,-0.009221370000000007,0.19801259000000004,-0.022394300000000034,0.08944255000000001,-0.02485345,-2.121999999998847e-05,-0.01661046999999999,0.009433089999999922,0.1210203213977628,0.1337219255578773
0.05131646499999998,-0.29115413000000007,0.05701896499999998,-0.2985024300000001,0.050509425,-0.3107744700000001,0.040877965000000016,-0.3104788700000001,0.019071785000000008,-0.33903430000000007,-0.004993314999999998,-0.26403735000000006,-0.030276685000000025,-0.2622049700000001,-0.020097735000000005,-0.14849071000000014,-0.050686184999999995,-0.10902877000000011,0.04876923500000002,-0.11547277000000011,0.04215358499999999,-0.1194411700000001,0.008667584999999978,-0.005076370000000052,-0.008667584999999978,0.005076369999999941,-0.001039895000000013,0.17905362999999996,-0.016666595000000006,0.20401437999999994,-0.021972865000000008,0.2926759299999999,-0.040226134999999996,0.2926759299999999,-0.015104420000000007,0.11554663999999992,0.06886697000000003,0.03301794000000002,-0.02040949999999997,0.15317619999999998,0.09283976999999999,-0.010412399999999988,-0.00970747999999999,0.18413000000000002,-0.020932969999999995,0.11362229999999995,-0.007999010000000029,0.19893801,-0.02355953999999999,0.08866154999999998,-0.025283370000000027,0.0018323799999999668,-0.017335169999999955,0.010152739999999993,0.1174542781923354,0.1344894385735196
0.05159412499999999,-0.2914917799999999,0.057300825,-0.2986943799999999,0.05081857500000003,-0.31118624999999994,0.041047675000000006,-0.31030094999999996,0.01938857500000002,-0.33930094999999993,-0.004651175000000007,-0.26385709999999996,-0.030162925000000007,-0.26275196999999995,-0.019922604999999982,-0.14771084999999995,-0.049560355,-0.10915529999999996,0.04800490499999999,-0.11617678999999992,0.042728775,-0.1198315499999999,0.008834704999999998,-0.004843849999999983,-0.008834704999999998,0.004843850000000094,-0.0011048449999999654,0.17928885000000006,-0.016889794999999985,0.20334035000000006,-0.021923884999999976,0.29255205000000006,-0.04017125500000002,0.29255205000000006,-0.015271429999999975,0.11614625,0.06792750999999997,0.03153406000000003,-0.019397429999999993,0.15359667,0.09228913,-0.010676249999999943,-0.009939549999999964,0.18413270000000004,-0.02081904000000001,0.11326320000000001,-0.008055089999999987,0.19849649999999996,-0.02328146000000003,0.0892117,-0.02551175,0.0011051300000000097,-0.017669409999999997,0.009687700000000077,0.11802257452319698,0.13491755940154862
0.05140948499999998,-0.29101378,0.05709198500000001,-0.29826586,0.05057921500000001,-0.31076741,0.04085439499999999,-0.30982122,0.018989515000000012,-0.33886832,-0.005224315000000035,-0.26287833,-0.030135785000000026,-0.26208639,-0.02082493499999999,-0.14728293000000003,-0.050301525000000014,-0.10909486000000002,0.04706177499999997,-0.11657508999999999,0.04053107499999997,-0.12016609,0.008587034999999965,-0.004727690000000062,-0.00858703500000002,0.004727689999999951,-0.001201125000000025,0.17960778,-0.01675428499999998,0.20285180000000003,-0.021966085000000024,0.29292944,-0.04048668500000002,0.29292944,-0.015600619999999954,0.11559539999999996,0.06788670999999996,0.030707840000000042,-0.020165739999999988,0.15299153,0.09083259999999999,-0.011071229999999987,-0.00978815999999999,0.18433547000000006,-0.02076496,0.11332165999999999,-0.00816724999999996,0.19812411000000008,-0.023732400000000042,0.09007763999999996,-0.02491146999999999,0.000791939999999991,-0.017174069999999986,0.009455380000000013,0.11827994971603423,0.13420523466936932
0.05132343500000003,-0.29085055,0.05693259500000003,-0.29797317,0.05062916500000003,-0.31064244999999996,0.04050758500000001,-0.30916935,0.019143495000000066,-0.33860815,-0.005337864999999942,-0.2620277,-0.030267504999999972,-0.26155275,-0.020287514999999978,-0.14656904999999998,-0.049875864999999964,-0.10845985000000002,0.04684871500000004,-0.11648795,0.04070058500000001,-0.1203339,0.008540215000000018,-0.004635150000000032,-0.008540214999999962,0.004635150000000032,-0.0016490249999999707,0.17999624999999997,-0.016663524999999957,0.20292188,-0.022346114999999944,0.29329355,-0.04008653499999998,0.29329355,-0.014949650000000037,0.11545865,0.06713623000000002,0.030081099999999972,-0.01960835999999999,0.15309289999999998,0.09057644999999998,-0.01187404999999997,-0.010189239999999988,0.1846314,-0.020697089999999974,0.11329730000000005,-0.008123309999999995,0.19828672999999997,-0.023423010000000022,0.09037167000000002,-0.02492964000000003,0.000474949999999974,-0.01708042999999998,0.009270300000000065,0.11823108745203183,0.13432021382704282
0.050951020000000014,-0.2904551849999999,0.05654663999999998,-0.2975864349999999,0.050238420000000006,-0.3102409149999999,0.0401417,-0.30907948499999993,0.01872206999999998,-0.3385063549999999,-0.005322769999999977,-0.2623152349999999,-0.030754520000000007,-0.2617615949999999,-0.019634560000000023,-0.1468353349999999,-0.05060700000000001,-0.10793303499999995,0.04918958000000001,-0.11681308499999987,0.04033249999999999,-0.11980118499999992,0.008635700000000024,-0.004584834999999954,-0.008635700000000024,0.004584835000000065,-0.0023501699999999848,0.18095336500000014,-0.017125349999999984,0.20295036500000008,-0.022979780000000005,0.2934672650000001,-0.039923229999999976,0.2934672650000001,-0.014311790000000046,0.11547990000000002,0.06882414000000003,0.030022250000000028,-0.019852480000000006,0.15382855999999995,0.0909395,-0.011868149999999966,-0.010985870000000009,0.1855382000000001,-0.02062961000000002,0.11251389999999994,-0.00848964999999996,0.19836553,-0.022797879999999993,0.09051690000000001,-0.02543175000000003,0.0005536400000000219,-0.017271400000000048,0.009169670000000019,0.1193306217243373,0.13367784626736173
0.05100381000000004,-0.290166615,0.05643758000000004,-0.297319375,0.050294280000000025,-0.309935895,0.039844930000000056,-0.30872398500000003,0.01880434000000003,-0.33809345500000004,-0.005386979999999986,-0.261403535,-0.030467509999999975,-0.26151519500000003,-0.017691759999999945,-0.14498656500000007,-0.05035379999999995,-0.10732493500000007,0.05621841000000005,-0.11719853499999999,0.041432880000000005,-0.12014113500000001,0.008445860000000027,-0.004473634999999976,-0.008445859999999972,0.004473634999999976,-0.001991779999999943,0.181689765,-0.016617939999999942,0.20315896499999997,-0.022717869999999973,0.293805365,-0.040390819999999994,0.293805365,-0.01230477999999996,0.11641696999999995,0.07391017,0.027788030000000075,-0.019886289999999973,0.15419025999999997,0.09178667999999995,-0.012816199999999944,-0.01043763999999997,0.18616339999999998,-0.02072609000000003,0.11211559999999998,-0.00817207999999997,0.19868533,-0.023772880000000052,0.09064640000000002,-0.02508052999999999,-0.00011166000000001342,-0.01689172,0.008947269999999952,0.1224300600894752,0.1342264117308531
0.05206386499999999,-0.29147999999999996,0.05740423499999997,-0.29863002,0.05134446499999995,-0.31118051999999996,0.04065714499999995,-0.31090198999999996,0.019769824999999963,-0.34004070999999997,-0.004841075000000028,-0.26420223,-0.029674455000000044,-0.26458807999999995,-0.016184255000000036,-0.14582715000000002,-0.05076443500000005,-0.10955464999999998,0.059631414999999965,-0.11678184999999996,0.04267663499999996,-0.12042109999999995,0.008317784999999966,-0.004547949999999967,-0.008317785000000022,0.004547950000000078,-0.0016171550000000368,0.18077410000000005,-0.015113235000000058,0.20315305000000006,-0.021971695000000013,0.29225535,-0.03988598500000001,0.29225535,-0.011343180000000008,0.11837507999999997,0.07581567,0.02904530000000005,-0.021089980000000008,0.15503342999999997,0.09344107000000001,-0.010866449999999972,-0.009934940000000003,0.18532205000000002,-0.020354539999999977,0.11148124999999998,-0.006795450000000036,0.19860509999999998,-0.024772749999999955,0.08910229999999997,-0.024833380000000016,-0.0003858499999999654,-0.01663556999999999,0.009095900000000046,0.12340801000334986,0.13497293924723913
0.05110829499999997,-0.2910626,0.056715514999999994,-0.29800354,0.050448594999999985,-0.3108852,0.040462255,-0.3098015,0.019016774999999986,-0.33978389999999997,-0.004515704999999981,-0.2629802,-0.030913775000000032,-0.26419498999999996,-0.016135325000000034,-0.1461538,-0.052404525000000035,-0.11065725999999998,0.05457157499999998,-0.11630456999999994,0.04006221500000001,-0.12053506999999997,0.008786774999999969,-0.004431300000000027,-0.008786775000000024,0.004431300000000027,-0.0015840850000000128,0.179774,-0.015288895000000025,0.20255626000000004,-0.02217802499999999,0.2927366,-0.03984037499999998,0.2927366,-0.011619620000000053,0.1168264,0.07070690000000002,0.02984923000000006,-0.021490750000000003,0.15353772999999998,0.09246674000000005,-0.009877809999999987,-0.010370859999999982,0.18420530000000002,-0.020593939999999977,0.11296260000000002,-0.00650212,0.19812496000000002,-0.02455147999999996,0.09018033999999997,-0.02639807000000005,-0.0012147899999999656,-0.017573549999999993,0.008862600000000054,0.12087959485178994,0.1341745782739674
0.0507842,-0.29090409,0.056495130000000005,-0.29768785999999997,0.05020606999999999,-0.31071517,0.04045188999999999,-0.30916349,0.01889565999999998,-0.33959022,-0.004524050000000002,-0.26215547,-0.03161527000000003,-0.26419613,-0.017797950000000007,-0.14519428999999995,-0.05403357000000003,-0.11125189000000002,0.04998185999999999,-0.11299499000000002,0.03976925999999997,-0.11920788999999998,0.009069799999999961,-0.004275559999999956,-0.009069800000000017,0.004275560000000067,-0.001476489999999997,0.18071967,-0.015827389999999997,0.20289741000000006,-0.022447370000000022,0.29289341,-0.04080276999999999,0.29289341,-0.013273900000000005,0.11696118000000005,0.06777981,0.03219929999999993,-0.022418300000000002,0.15294423999999995,0.09380283,-0.007955999999999963,-0.010546289999999958,0.18499522999999995,-0.020970880000000025,0.11217374000000002,-0.00675758999999998,0.19862185,-0.02497537999999999,0.08999599999999996,-0.027091220000000027,-0.002040659999999972,-0.018139599999999978,0.008551120000000023,0.1161624341728793,0.13279087395444805
0.05113704999999996,-0.291150865,0.05695802,-0.29812878499999995,0.050462799999999974,-0.310891475,0.04119415999999998,-0.31021442499999996,0.019420039999999972,-0.340105705,-0.0042562300000000275,-0.262835265,-0.03064798000000002,-0.26557830499999996,-0.019540500000000016,-0.14354470499999994,-0.05575278,-0.112530605,0.05086974999999999,-0.11111210500000002,0.03824017999999996,-0.11878585499999994,0.008752179999999998,-0.004140854999999943,-0.008752179999999998,0.004140855000000054,-0.0019614500000000312,0.18114882500000007,-0.015621880000000032,0.202893895,-0.023446450000000008,0.292371095,-0.040577180000000046,0.292371095,-0.015284269999999989,0.11929056000000005,0.07041025000000001,0.03243259999999992,-0.025104799999999983,0.15304769999999995,0.09399295999999996,-0.0062552499999999345,-0.01071363000000003,0.18528968,-0.021484999999999976,0.11122226999999996,-0.006869700000000034,0.19875303999999994,-0.024955300000000014,0.08947720000000003,-0.02639174999999999,-0.0027430399999999744,-0.017504359999999997,0.008281709999999998,0.11496407277609563,0.13160265168222748
0.05161801500000002,-0.29157492999999995,0.057570765000000024,-0.29853208,0.050925915000000044,-0.31136558,0.04194838500000003,-0.31031463,0.01997408500000003,-0.34038607,-0.003628874999999976,-0.26258612,-0.030608835,-0.2658422,-0.019313274999999963,-0.14375523,-0.05772939499999996,-0.11347714999999992,0.05042091500000001,-0.10890069999999996,0.03765496500000004,-0.11805840000000001,0.008839065000000035,-0.004019899999999965,-0.00883906499999998,0.004019900000000076,-0.0022964349999999856,0.18080945999999998,-0.01519891499999998,0.20146015000000006,-0.023281234999999956,0.29214450000000003,-0.04034039499999997,0.29214450000000003,-0.015684399999999987,0.11883088999999997,0.06973418999999997,0.03485453000000005,-0.02712055999999996,0.15236505000000006,0.09538436,-0.004581250000000092,-0.01113550000000002,0.18482935999999994,-0.02098479999999997,0.11133504000000005,-0.00635985,0.19744024999999998,-0.025141479999999994,0.09068434999999997,-0.026979960000000025,-0.0032560799999999945,-0.017678130000000014,0.008039800000000041,0.1128230138671295,0.13063233197233723
0.05220960000000002,-0.29300756,0.05733726,-0.29993511,0.05136223000000001,-0.31250719,0.04065215999999999,-0.31065772999999997,0.019803740000000014,-0.3398901,-0.0029392400000000096,-0.26117250999999997,-0.03162594000000002,-0.2653345,-0.01728748000000002,-0.14256713,-0.06084603999999999,-0.11453968999999997,0.049669220000000014,-0.10967870000000002,0.033680810000000005,-0.11727005999999995,0.009289400000000003,-0.003729329999999975,-0.009289400000000003,0.003729329999999975,-0.004316619999999993,0.18215777,-0.016073779999999982,0.20141617,-0.023858060000000014,0.29242157,-0.04067238000000001,0.29242157,-0.014348240000000012,0.11860537999999998,0.06695670000000004,0.03288842999999997,-0.02922009999999997,0.15079481,0.09452685,-0.002730369999999982,-0.013606019999999996,0.18588709999999997,-0.01954144000000002,0.11026380000000002,-0.006784379999999979,0.19768684000000003,-0.024598600000000026,0.09100540000000001,-0.02868670000000001,-0.004161990000000004,-0.018578800000000006,0.00745865999999995,0.11338341530677805,0.1284028478181702
0.05114288500000003,-0.29297752,0.05571563500000004,-0.29971095,0.05048642500000006,-0.31264848,0.03803716500000004,-0.3121411,0.01891393500000005,-0.34131957,-0.00502713499999996,-0.26212127,-0.032856514999999975,-0.26632195,-0.02216865499999998,-0.14546444999999997,-0.06646357499999994,-0.11485007999999997,0.04480458500000006,-0.11322180000000004,0.02884216500000003,-0.11507475,0.008490755000000016,-0.003619550000000027,-0.008490754999999961,0.003619550000000027,-0.008117794999999983,0.18318584999999998,-0.017182664999999986,0.20098934999999996,-0.03169699499999995,0.29178735,-0.04093759499999994,0.29178735,-0.01714152000000002,0.11665682000000005,0.06697324000000004,0.03224264999999993,-0.033607059999999966,0.15147187,0.09530573999999997,-0.0002246700000000379,-0.01660855,0.1868054,-0.023579199999999967,0.10860150000000002,-0.008691910000000025,0.19736979999999993,-0.023754929999999952,0.09079800000000005,-0.027829380000000015,-0.004200679999999957,-0.016981509999999977,0.007239100000000054,0.11546145440938896,0.12442702185705647
0.05094793000000003,-0.29332225500000003,0.05544704,-0.29996010500000003,0.050243360000000015,-0.312718775,0.037900900000000015,-0.311732125,0.018559780000000026,-0.34055562500000003,-0.003914179999999989,-0.260441595,-0.034253599999999995,-0.265179385,-0.02250903999999998,-0.14655432499999999,-0.07143619999999995,-0.115716025,0.040908690000000025,-0.11239592500000006,0.020411190000000023,-0.10555932499999998,0.00920561000000003,-0.0036215750000000435,-0.009205609999999975,0.0036215749999999325,-0.006610539999999998,0.18081097499999998,-0.01782109999999998,0.19947887499999994,-0.03111237,0.292745775,-0.040440039999999955,0.292745775,-0.01859485999999999,0.11388727000000004,0.06341773,0.03415839999999992,-0.037182599999999955,0.14946336,0.09184738999999997,0.010156700000000018,-0.01581615000000003,0.18443255000000003,-0.024501830000000002,0.1119348,-0.008615490000000003,0.1958573,-0.022618939999999976,0.09326690000000004,-0.030339420000000006,-0.004737789999999964,-0.018411220000000006,0.007243149999999976,0.11330024050905145,0.11312658293721234
0.05351811000000006,-0.29639635,0.05863482000000003,-0.30357159999999994,0.052486860000000024,-0.31568781999999995,0.042207450000000035,-0.31401569999999995,0.02025792000000004,-0.34253551,-0.0004411699999999352,-0.26124970999999997,-0.03408264999999994,-0.26765813,-0.018917769999999945,-0.14602229999999994,-0.07398935999999995,-0.11905124999999994,0.043235450000000064,-0.11227975000000001,0.017925890000000055,-0.09216294999999997,0.010423930000000026,-0.0036276499999999823,-0.01042392999999997,0.0036276499999999823,-0.0031475399999999487,0.17677750000000003,-0.016658869999999937,0.19702620999999998,-0.022980129999999932,0.29086955000000003,-0.036261169999999954,0.29086955000000003,-0.01847660000000001,0.11522741000000003,0.06215322000000001,0.03374254999999993,-0.03990671000000001,0.14860688000000005,0.09191525,0.026888299999999976,-0.013571469999999974,0.18040515000000001,-0.019832589999999983,0.11409205,-0.006234939999999967,0.19339856,-0.019602300000000017,0.09384334000000005,-0.03364148,-0.006408420000000026,-0.020847859999999996,0.0072552999999999646,0.11349834659201168,0.09989770439000283
0.052654179999999995,-0.29763831000000013,0.05762519999999999,-0.3048787200000001,0.051750569999999996,-0.3167728500000001,0.040523229999999966,-0.31566871000000013,0.019477459999999946,-0.3435479200000001,-0.003185000000000049,-0.2631547500000001,-0.03504980000000002,-0.2685819700000001,-0.023812830000000007,-0.15104275000000011,-0.07894703000000003,-0.12361480000000014,0.040629199999999976,-0.11503960000000013,0.0074923699999999704,-0.08937245000000016,0.009701849999999956,-0.0038831500000000574,-0.009701850000000012,0.0038831499999999464,-0.005124630000000019,0.17536684999999985,-0.019156070000000025,0.19702924999999993,-0.02611688000000001,0.2892431499999999,-0.03620880000000004,0.2892431499999999,-0.020627829999999958,0.11211199999999999,0.06444202999999998,0.036003149999999984,-0.04389723000000001,0.14496716999999998,0.0864394,0.03424234999999998,-0.014826479999999975,0.1792499999999999,-0.02099224999999999,0.11387630000000004,-0.009454220000000013,0.1931461,-0.017052730000000016,0.09221389999999996,-0.03186479999999997,-0.00542722000000001,-0.019403699999999968,0.007766300000000004,0.11537875608024649,0.09482746507614985
0.05436996999999999,-0.2978559500000001,0.059634489999999984,-0.3049548600000001,0.053418920000000036,-0.3170011000000001,0.04355396,-0.3154671000000001,0.02139468,-0.3438865000000001,0.002002740000000003,-0.2620096900000001,-0.03417213999999996,-0.2686544400000001,-0.010624259999999996,-0.14789853000000008,-0.07810307999999999,-0.12230610000000008,0.05392237,-0.09314680000000009,0.008529080000000022,-0.07460717000000006,0.010915889999999984,-0.0035842000000000374,-0.010915889999999984,0.0035841999999999263,-0.0032700199999999846,0.17681773999999995,-0.01818601999999997,0.19822269999999986,-0.023552939999999967,0.2888702999999999,-0.03885946000000001,0.2888702999999999,-0.012627,0.11411115999999999,0.06454663,0.05475173,-0.04393094000000003,0.14634834000000002,0.08663216000000001,0.04769893000000003,-0.014185909999999968,0.18040193999999998,-0.020282919999999982,0.11205255999999997,-0.007270129999999986,0.19463849999999994,-0.020673440000000043,0.09064760000000005,-0.036174879999999965,-0.006644750000000033,-0.021831779999999967,0.007168399999999964,0.09935299009466403,0.08057293094320075
0.05609468000000001,-0.29941132499999995,0.06091285000000002,-0.30648662499999996,0.055243350000000024,-0.31835879499999997,0.04426268,-0.31661080499999994,0.02323270999999999,-0.34438552499999997,0.003913310000000003,-0.26175282499999997,-0.032392829999999984,-0.268958795,-0.006929719999999973,-0.152226725,-0.07597758999999998,-0.12416002500000001,0.047895290000000035,-0.10892012499999992,0.004986680000000021,-0.05928652499999998,0.010912389999999994,-0.0031416249999999257,-0.010912389999999994,0.0031416250000000367,-0.002930939999999993,0.17527017500000008,-0.01732244999999999,0.19564763500000004,-0.023196159999999966,0.28776697500000004,-0.03733914999999999,0.28776697500000004,-0.010843029999999976,0.10952609999999996,0.05482501000000001,0.043306600000000084,-0.04358476,0.14479876999999997,0.08096427,0.06487350000000003,-0.013843329999999987,0.1784118,-0.020265219999999973,0.11249679999999995,-0.006410059999999995,0.19250601,-0.0200167,0.09211934,-0.03630613999999999,-0.007205970000000006,-0.021824779999999988,0.0062832499999999625,0.1120572440972024,0.06442091538690987
0.05753022999999996,-0.29905970500000006,0.062307929999999956,-0.30597211500000004,0.05719027999999993,-0.317829375,0.04552310999999998,-0.31658887500000005,0.025111529999999938,-0.344741675,0.005169809999999941,-0.26153649500000004,-0.03198677000000005,-0.2689618750000001,-0.008604820000000069,-0.15257747500000007,-0.07389396000000004,-0.12113614500000003,0.04067320999999996,-0.1229247750000001,0.004391559999999961,-0.045007715000000004,0.01130770999999997,-0.003372625000000018,-0.011307710000000026,0.003372624999999907,0.0011771399999999654,0.172811975,-0.01713159000000003,0.19688942499999995,-0.021355920000000028,0.28850822499999995,-0.03395312000000006,0.28850822499999995,-0.01377463000000001,0.10895901999999996,0.04927803000000003,0.029652699999999976,-0.04190718999999998,0.14782573000000004,0.07828552,0.07612843000000002,-0.010130570000000005,0.17618460000000002,-0.022533059999999994,0.11569624999999994,-0.0058238800000000035,0.19351680000000004,-0.01682153000000003,0.0916188,-0.037156579999999995,-0.007425380000000037,-0.022615419999999997,0.006745249999999925,0.12310584535217049,0.05086378256725006
0.056376235,-0.29230132000000003,0.06101633499999998,-0.29816197,0.056494035,-0.31090962,0.044343984999999975,-0.31007733,0.02426081499999999,-0.3397189,0.007076844999999998,-0.25708743,-0.034038625000000045,-0.26542883,-0.001780705000000049,-0.15336947,-0.07570748500000002,-0.11640857000000004,0.043580154999999954,-0.11472917000000005,-0.0006792150000000108,-0.03125977000000002,0.012155014999999991,-0.0028739700000000035,-0.012155015000000047,0.0028739700000000035,-0.0007396250000000215,0.18310667000000003,-0.016808265000000044,0.20658133,-0.027392985000000036,0.29570533,-0.03850974500000004,0.29570533,-0.008857550000000047,0.10371796,0.04536086,0.03864029999999996,-0.041668859999999974,0.14902025999999996,0.07502827000000001,0.08514880000000002,-0.012894640000000013,0.18598064000000003,-0.026653360000000015,0.11259865999999996,-0.004653249999999998,0.20370736,-0.021701479999999995,0.08912399999999998,-0.04111547000000004,-0.008341399999999999,-0.024310030000000038,0.005747940000000007,0.1161857357469479,0.03601119537071218
0.05492746000000004,-0.29377511999999995,0.05940087999999999,-0.29941231999999995,0.055478510000000036,-0.31235633999999995,0.04241164000000003,-0.31133637999999997,0.023536940000000006,-0.34148799999999996,0.007025119999999996,-0.25901169999999996,-0.03636142999999997,-0.2657080399999999,0.002773070000000044,-0.15691453999999994,-0.07663322,-0.11567194999999997,0.044474840000000015,-0.11222959999999993,-0.004598829999999998,-0.03052469999999996,0.012831060000000005,-0.003153399999999973,-0.012831060000000005,0.003153400000000084,0.00035154000000003904,0.1790718,-0.01862189999999997,0.20369610000000005,-0.026873889999999956,0.29348700000000005,-0.038840299999999994,0.29348700000000005,-0.004252049999999952,0.10209716000000002,0.04170176999999997,0.044684940000000006,-0.04027179000000003,0.15003608999999996,0.07203439,0.08514725000000001,-0.012479519999999966,0.18222519999999998,-0.027225429999999995,0.11441520000000005,-0.005790839999999964,0.20054269999999996,-0.020218400000000025,0.0897909,-0.04338654999999997,-0.006696339999999967,-0.02566212000000001,0.006306800000000057,0.11357352780964582,0.034669641336231086
0.05619605999999994,-0.29274567,0.061910719999999975,-0.2985129,0.05713030999999996,-0.31192657,0.046217289999999966,-0.30871233000000003,0.025960469999999958,-0.34120636000000004,0.00965800999999994,-0.25747069000000006,-0.03594163000000006,-0.26367389,0.008991389999999932,-0.15595868000000002,-0.07254449000000002,-0.11295093,0.048185849999999975,-0.10993282999999998,-0.0022018300000000157,-0.026061679999999976,0.01370045999999997,-0.0032065700000000197,-0.013700460000000025,0.0032065700000000197,0.0029512299999999714,0.17647400999999996,-0.020757470000000056,0.20028766999999992,-0.02084451000000004,0.29454526999999997,-0.03477475000000002,0.29454526999999997,-0.0006666200000000067,0.10151201000000004,0.03919446000000004,0.046025850000000035,-0.03660285999999996,0.15072296000000002,0.07034266,0.08688925000000003,-0.010749229999999999,0.17968057999999998,-0.02379574000000001,0.11807126000000001,-0.00705701000000003,0.1970810999999999,-0.014017279999999965,0.09425760000000005,-0.04559964,-0.006203199999999964,-0.027400919999999995,0.006413140000000039,0.11215942535979619,0.03144596873908324
0.056992739999999986,-0.293029315,0.06271770999999998,-0.298344915,0.058232249999999985,-0.312203525,0.04667770999999998,-0.308264735,0.027029589999999992,-0.341807335,0.009956209999999965,-0.25776484499999996,-0.03587767000000003,-0.264252875,0.009775339999999966,-0.15612259500000003,-0.07056763000000005,-0.11187625499999998,0.04831865999999996,-0.11084249499999999,-0.0028128100000000544,-0.024637794999999962,0.01377064,-0.0031171450000000434,-0.01377064,0.0031171450000000434,0.0028749099999999528,0.17565150500000004,-0.02074685000000004,0.19977116500000003,-0.02265048000000003,0.294386205,-0.033966840000000054,0.294386205,-0.00018086999999999964,0.10164224999999993,0.03854331999999999,0.045280100000000045,-0.03468996000000002,0.15237662000000002,0.06775482,0.08723846000000002,-0.010895730000000048,0.17876865000000008,-0.02552538999999998,0.11873469999999997,-0.006976210000000038,0.19665401999999998,-0.013219990000000015,0.09461503999999998,-0.045833879999999994,-0.0064880300000000335,-0.02754128,0.006234290000000087,0.11312964562192744,0.029839750882212458
0.05714279,-0.29213478,0.06296637,-0.29734488,0.05852989000000003,-0.31113564,0.046911690000000006,-0.3073025,0.027600259999999988,-0.34070349999999994,0.010122989999999998,-0.25825606999999995,-0.03533112999999999,-0.26375724999999994,0.008712019999999987,-0.15668549999999992,-0.06818959000000002,-0.11029149999999999,0.04771499000000001,-0.11049979999999993,-0.0031605699999999737,-0.019777099999999992,0.013897539999999986,-0.003231600000000001,-0.013897539999999986,0.003231600000000001,0.0033776899999999888,0.17600820000000006,-0.022614960000000017,0.20090850000000005,-0.02117722999999999,0.29544000000000004,-0.03377816,0.29544000000000004,-0.0014109700000000114,0.10157057000000003,0.039002970000000026,0.046185699999999996,-0.032858460000000034,0.15346574999999996,0.06502902000000005,0.0905144,-0.010519849999999997,0.17923980000000006,-0.02455491999999998,0.11943179999999998,-0.008717420000000031,0.19767690000000004,-0.011163199999999984,0.09453149999999999,-0.04545411999999999,-0.005501179999999994,-0.027795079999999972,0.006463200000000002,0.11247260402312416,0.02539060457080335
0.05780857500000003,-0.2928683400000001,0.06338417500000004,-0.2981360700000001,0.05874061500000005,-0.3116208300000001,0.04711413500000006,-0.3075239900000001,0.027404095000000017,-0.3398445700000001,0.011510075000000008,-0.2585363900000001,-0.03426320499999996,-0.2640074400000001,0.010366195000000022,-0.15654747000000013,-0.06491940499999999,-0.11110994000000007,0.048628035000000014,-0.11071947000000015,-0.00502458499999997,-0.01495233000000007,0.014249535000000035,-0.0030179300000000575,-0.01424953499999998,0.0030179299999999465,0.0033733950000000568,0.17712286999999993,-0.02295172499999998,0.20157048999999994,-0.019172724999999946,0.2957331299999999,-0.033168074999999964,0.2957331299999999,-0.001143879999999986,0.10198891999999998,0.03826183999999999,0.04582799999999998,-0.030656200000000022,0.15289750000000002,0.059894820000000015,0.09615761,-0.010876139999999979,0.1801408,-0.022546120000000003,0.11861025999999997,-0.008702189999999999,0.19855256,-0.010216349999999985,0.09416263999999996,-0.04577327999999997,-0.005471049999999977,-0.028499070000000015,0.006035860000000004,0.11305530938713855,0.02019975116109356
0.058590790000000004,-0.2943604,0.06444599000000001,-0.29981348,0.05954133,-0.31340795,0.04840241000000001,-0.30929479,0.028251660000000012,-0.34189233,0.01272787000000003,-0.26021627,-0.03339194000000001,-0.26490292,0.014115710000000004,-0.15769115,-0.06235600999999996,-0.10996695000000001,0.051843180000000044,-0.11162985000000003,-0.004750559999999959,-0.014227250000000025,0.014355229999999997,-0.0030698500000000406,-0.014355229999999997,0.0030698500000000406,0.003675010000000034,0.1788556,-0.022888989999999998,0.20378589000000003,-0.017461289999999963,0.29418665,-0.03213200999999999,0.29418665,0.0013878399999999735,0.10252512000000003,0.03772747000000004,0.04606129999999997,-0.028964069999999953,0.15493596999999998,0.05760545,0.09573969999999998,-0.010680219999999963,0.18192545000000004,-0.021136299999999997,0.11533104999999999,-0.008533760000000001,0.20071603999999998,-0.00924301999999999,0.09040075999999997,-0.04611981000000004,-0.004686649999999959,-0.028710459999999993,0.006139700000000081,0.11485042444502545,0.019784826363122395
0.05849051999999999,-0.29506877,0.06427407000000002,-0.30059854999999996,0.05943027000000001,-0.31422125,0.04821542000000001,-0.31017601,0.02797356000000001,-0.34281628999999997,0.012988840000000001,-0.26069802,-0.03342245999999999,-0.26510712,0.016982469999999972,-0.15885085,-0.06111226000000003,-0.11037954999999999,0.05209007999999998,-0.11170939000000002,-0.0045197900000000235,-0.01243468999999997,0.014435379999999998,-0.0031029900000000277,-0.014435379999999998,0.0031029900000000277,0.004370719999999995,0.17851201000000005,-0.022408719999999993,0.20405081000000003,-0.01711689999999999,0.29345575,-0.03301936,0.29345575,0.00399362999999997,0.10184716999999999,0.03510761000000001,0.04714145999999997,-0.027689800000000042,0.15472756999999998,0.056592470000000006,0.09794486000000002,-0.010064660000000003,0.18161500000000008,-0.021487619999999985,0.11494373999999996,-0.007973339999999995,0.20094782,-0.010610640000000005,0.08940493999999999,-0.04641129999999999,-0.004409099999999999,-0.028870759999999995,0.006205980000000055,0.11494879970251973,0.018431994597180725
0.05854140000000002,-0.29395529499999995,0.06440727000000002,-0.29959458499999997,0.05951721999999998,-0.313061035,0.04856435999999997,-0.30927497499999995,0.028227559999999985,-0.341564355,0.013487799999999994,-0.26021790499999997,-0.03309666,-0.263228735,0.01856205999999999,-0.15940979499999997,-0.06150748,-0.10800813499999995,0.052472220000000014,-0.10896709500000001,-0.005582939999999981,-0.010362234999999997,0.014400939999999973,-0.0032742350000000142,-0.014400940000000029,0.0032742350000000142,0.003539609999999971,0.17746272500000004,-0.023084419999999994,0.20322516499999999,-0.016857139999999993,0.29482826500000003,-0.033878909999999984,0.29482826500000003,0.005074259999999997,0.10080811,0.03391016000000002,0.05044269999999995,-0.028410820000000003,0.15522060000000004,0.05592454000000002,0.09764589999999995,-0.010861330000000002,0.18073696000000006,-0.020396749999999964,0.11736553999999999,-0.008683479999999966,0.19995092999999997,-0.01079448999999999,0.09160310000000005,-0.046584459999999994,-0.00301083000000002,-0.028801880000000002,0.0065484700000000284,0.11234056709763399,0.01623916371186956
0.059400865000000025,-0.29389118499999994,0.065308215,-0.2996927449999999,0.060240985000000025,-0.3131726649999999,0.049721545000000034,-0.3092017649999999,0.028842334999999997,-0.3415161649999999,0.015130185000000018,-0.25895806499999996,-0.032960765,-0.26232543499999994,0.021497984999999997,-0.15687116499999998,-0.062374494999999974,-0.1062850649999999,0.053983455000000014,-0.10505816499999998,-0.003190874999999982,-0.01052576499999991,0.014769434999999997,-0.003253634999999977,-0.014769434999999997,0.003253635000000088,0.004275585000000026,0.1779124350000001,-0.022141214999999992,0.2032800950000001,-0.01576649499999999,0.29489833500000007,-0.03365711499999996,0.29489833500000007,0.006367799999999979,0.10208689999999998,0.032485470000000016,0.051813,-0.02941372999999997,0.15604037000000004,0.05918361999999999,0.09575929999999999,-0.010493849999999971,0.18116607000000007,-0.020042080000000018,0.11698589999999998,-0.0073717799999999944,0.20002646000000002,-0.011515899999999968,0.09161823999999996,-0.04809095000000002,-0.0033673699999999807,-0.029538869999999995,0.006507270000000065,0.10909583719409875,0.01799819202124481
0.05870818499999997,-0.29275536500000005,0.06476858499999999,-0.298768925,0.059414415,-0.312160255,0.04975762499999997,-0.308066665,0.028079595000000013,-0.34030324500000003,0.015919364999999963,-0.256412175,-0.03370273500000004,-0.26010620500000003,0.02367228499999996,-0.15504789500000005,-0.06448363500000004,-0.10521125500000006,0.05392026499999997,-0.10266992500000005,-0.0038824650000000016,-0.010046125000000017,0.015013365,-0.003209475000000017,-0.015013365,0.003209475000000017,0.004064464999999962,0.17693017499999997,-0.02163309499999999,0.20209091499999998,-0.01656279500000002,0.296164275,-0.033630835000000026,0.296164275,0.0077529199999999965,0.10136427999999997,0.030247980000000008,0.052377969999999996,-0.0307809,0.15489494999999998,0.06060117000000004,0.09516513000000004,-0.01094890000000004,0.18013964999999998,-0.02062725999999998,0.11923410000000001,-0.00661972999999999,0.19888143999999996,-0.011997740000000034,0.09407336,-0.0496221,-0.003694030000000015,-0.03002673,0.006418950000000034,0.10679947556899567,0.017309184445548003
0.05836470499999996,-0.29246727,0.06471003499999994,-0.298708,0.05874838499999996,-0.3119126,0.05065091499999996,-0.30837487999999996,0.02742998499999999,-0.34031945999999996,0.018269764999999993,-0.25618786,-0.033880725000000056,-0.26084218,0.028477434999999995,-0.1534409,-0.06413538500000004,-0.10681859999999999,0.05577709499999994,-0.10101070000000001,-0.00490536500000005,-0.010341399999999945,0.01587586499999999,-0.002952399999999966,-0.015875865000000045,0.002952399999999966,0.0059057949999999915,0.17927614000000003,-0.02093246500000001,0.20418420000000004,-0.014850395000000016,0.2959142,-0.03394386500000002,0.2959142,0.010207670000000002,0.10274696,0.027299659999999948,0.05243019999999998,-0.03025465999999999,0.15402358,0.059230019999999994,0.09647720000000004,-0.009970069999999998,0.18222854,-0.020756190000000008,0.11663805999999999,-0.005056599999999967,0.20123180000000007,-0.013011400000000006,0.09172999999999998,-0.05215049000000005,-0.00465431999999999,-0.031751730000000034,0.005904799999999932,0.10586566182857832,0.017235921463327614
0.05824737499999999,-0.29332659499999997,0.064387215,-0.299566095,0.05869363500000002,-0.312735425,0.04998172499999998,-0.309123795,0.027088624999999977,-0.340912385,0.018291694999999997,-0.25662309499999997,-0.03497334499999999,-0.259864545,0.030901414999999988,-0.154543855,-0.06497489499999998,-0.10448522500000001,0.055524725,-0.10166472500000001,-0.004179374999999985,-0.00933692499999994,0.016105784999999984,-0.003295025000000007,-0.016105784999999984,0.003295025000000007,0.005628654999999982,0.17837017499999996,-0.021020225000000003,0.20455067500000002,-0.01580314500000002,0.295286975,-0.03438837500000003,0.295286975,0.012609719999999991,0.10207923999999996,0.02462331000000001,0.052879129999999996,-0.030001549999999988,0.15537932,0.06079551999999999,0.09514830000000007,-0.010477130000000001,0.18166519999999997,-0.0214318,0.11691680000000004,-0.00491444000000002,0.20125565,-0.013368150000000023,0.09073629999999999,-0.053265039999999986,-0.0032414500000000346,-0.03221156999999997,0.006590050000000014,0.10597382086540807,0.017372547777761288
0.058464304999999994,-0.292081125,0.06460814499999995,-0.29807460500000005,0.058962634999999985,-0.31143132500000004,0.05036579499999999,-0.307316325,0.027741574999999963,-0.33945268500000003,0.020057334999999954,-0.25529760500000004,-0.03487620500000005,-0.258679325,0.034739935,-0.15338162500000008,-0.06406218500000005,-0.10232762500000003,0.05694237499999999,-0.098194695,-0.0032199750000000416,-0.007779525000000009,0.016613975000000003,-0.0030994750000000737,-0.016613975000000003,0.0030994749999999627,0.006594144999999996,0.17875487499999998,-0.02011818500000001,0.20350117499999998,-0.015327555000000048,0.296876575,-0.03405318500000004,0.296876575,0.014682600000000046,0.10191597999999996,0.02220243999999999,0.05518693000000008,-0.02918598,0.15635169999999998,0.06084221000000001,0.09454810000000002,-0.010019830000000007,0.18185435000000005,-0.021921700000000044,0.1181217,-0.0035042100000000076,0.20040170000000002,-0.01393500000000003,0.0933754,-0.05493354,-0.003381719999999977,-0.033227950000000006,0.006198950000000036,0.10329317844566689,0.01725548831531575
0.05780787499999995,-0.29149949999999997,0.06401189499999999,-0.2970714,0.05873517499999997,-0.31095387999999996,0.04974062499999998,-0.30608221999999996,0.027960614999999966,-0.33949819999999997,0.02022599499999994,-0.25461215,-0.03576104500000005,-0.25839573,0.038384894999999974,-0.15323343999999994,-0.06399677500000006,-0.10089614999999996,0.05675347499999994,-0.09715332999999993,-0.0009125350000000476,-0.007131499999999957,0.016814634999999967,-0.0029807399999999262,-0.016814635000000022,0.0029807400000000372,0.006358254999999979,0.17927405000000007,-0.019573805000000055,0.20368156000000004,-0.015543445000000045,0.2978988,-0.03435020500000002,0.2978988,0.018158900000000033,0.10137871000000004,0.018368579999999968,0.056080110000000016,-0.028235730000000014,0.15749958000000003,0.06308424000000001,0.09376465,-0.010456379999999987,0.18225479,-0.021901700000000024,0.11862474999999995,-0.002759170000000033,0.20070082,-0.014776399999999967,0.09421723999999998,-0.05598703999999999,-0.0037835800000000086,-0.03362926999999999,0.0059614799999999635,0.1022916792698883,0.01884500417159941
0.058311905,-0.29330838000000004,0.06414696499999994,-0.29894403,0.05893416499999998,-0.31244856000000004,0.04951449499999999,-0.30780440000000003,0.02776676499999997,-0.34010577000000003,0.020796204999999957,-0.25610835000000004,-0.035775815000000044,-0.25969652000000004,0.03891080499999999,-0.1546419,-0.06453543500000003,-0.1040213000000001,0.05633690499999999,-0.09856686000000003,-0.0012598050000000027,-0.012356600000000051,0.01711043499999998,-0.003047500000000092,-0.017110435000000035,0.0030474999999999808,0.006749164999999946,0.17643894999999998,-0.01919833500000001,0.20111944999999998,-0.014118535000000043,0.29624589999999995,-0.03416187500000001,0.29624589999999995,0.018114600000000036,0.10146645000000004,0.0174261,0.056075039999999965,-0.028759619999999986,0.15567521999999995,0.06327563000000003,0.09166470000000004,-0.010361270000000034,0.17948645000000008,-0.02086769999999999,0.11980694999999997,-0.002087899999999976,0.19807195,-0.014963539999999997,0.09512644999999997,-0.05657202,-0.0035881700000000016,-0.034220870000000014,0.006095000000000073,0.10326017665814101,0.02210268690016899
0.05863632499999999,-0.29277992999999997,0.06446394499999997,-0.298765,0.058843624999999955,-0.31195785,0.05011892499999998,-0.30743913,0.027317884999999986,-0.33891202,0.021961274999999947,-0.2548242,-0.035564275000000034,-0.25807197,0.040022124999999964,-0.15457244000000003,-0.06461861500000005,-0.10415715999999997,0.05631527499999994,-0.09758789999999995,-0.0004534750000000365,-0.012868299999999944,0.017431824999999956,-0.0030776000000000137,-0.017431825000000012,0.0030776000000000137,0.0074366249999999745,0.17661289999999996,-0.01901802500000005,0.20090209999999997,-0.012999445000000054,0.2969216,-0.03425651500000004,0.2969216,0.018060850000000017,0.10025175999999997,0.01629314999999998,0.05698454000000008,-0.029054340000000012,0.15391481,0.06416514000000001,0.09128886000000003,-0.009995199999999982,0.17969049999999998,-0.02043607000000003,0.12030870000000005,-0.0015862000000000376,0.19782449999999996,-0.015238489999999993,0.09601950000000004,-0.05752554999999998,-0.003247769999999983,-0.03486364999999997,0.006155200000000027,0.10219647493917042,0.023292404245429405
0.05927294999999999,-0.29278047999999995,0.06511343000000003,-0.29887469999999994,0.059153049999999985,-0.31156139999999993,0.051036780000000004,-0.30759750999999996,0.027621810000000024,-0.33789937999999997,0.02336343000000002,-0.25509088999999996,-0.03501299000000002,-0.25808411,0.04004122999999998,-0.15453543999999997,-0.06561054999999999,-0.10586264000000001,0.055396730000000005,-0.09242509999999993,-0.000524990000000003,-0.014729939999999941,0.01763062999999998,-0.002988099999999938,-0.01763062999999998,0.002988100000000049,0.006947189999999992,0.17609476000000002,-0.017334269999999985,0.19842246000000008,-0.013624099999999972,0.29736406000000004,-0.032666870000000015,0.29736406000000004,0.016677799999999965,0.10055544999999999,0.015355500000000022,0.06211034000000004,-0.030597559999999968,0.15222146999999997,0.06508555999999999,0.09113270000000007,-0.010683439999999989,0.17908285999999995,-0.020571289999999964,0.12126930000000002,0.0002963599999999955,0.19543436000000003,-0.01533260000000003,0.09894159999999996,-0.05837642000000004,-0.0029932200000000186,-0.03526125999999996,0.005976199999999987,0.09708375393550664,0.024627867574177
0.05888525,-0.2925868200000001,0.06496573,-0.29883586000000006,0.05865010999999998,-0.3114886800000001,0.05144978,-0.30734220000000007,0.027289249999999987,-0.3376685300000001,0.02452818000000001,-0.25405737000000006,-0.03547014999999998,-0.25739573000000004,0.04158697,-0.15263850000000012,-0.06690638999999998,-0.10536693000000008,0.05306253,-0.08848030000000007,-0.0009109900000000004,-0.014787300000000059,0.018058149999999995,-0.0028599000000000263,-0.018058149999999995,0.0028598999999999153,0.0067075500000000066,0.17705179999999998,-0.017225349999999973,0.19874913999999988,-0.013314480000000017,0.29770279999999993,-0.03244238999999999,0.29770279999999993,0.01705878999999999,0.10141886999999994,0.011475559999999996,0.06415820000000005,-0.031436240000000004,0.15202879999999996,0.06599539999999998,0.09057963000000002,-0.011350599999999988,0.1799117,-0.020022030000000024,0.12065099999999995,0.0008328000000000224,0.19588923999999996,-0.015217040000000015,0.09895366000000005,-0.05999832999999999,-0.0033383599999999847,-0.03611629999999999,0.005719799999999942,0.09249951089246043,0.024605868485091092
0.06008806,-0.2915564449999999,0.06593494999999999,-0.2977039749999999,0.059875010000000006,-0.3104582449999999,0.05205187,-0.3060290449999999,0.028175410000000012,-0.3365104149999999,0.025786509999999985,-0.2523915149999999,-0.03544617,-0.2560005749999999,0.044501540000000006,-0.14975207499999987,-0.06711317,-0.10414234499999986,0.050923969999999985,-0.08035354499999992,0.00031309000000001586,-0.013982114999999906,0.018323709999999993,-0.0027925949999999533,-0.018323709999999993,0.0027925950000000643,0.007399370000000016,0.17627019500000007,-0.015594879999999978,0.19753075500000006,-0.012892489999999979,0.2987004550000001,-0.03164566000000002,0.2987004550000001,0.01871503000000002,0.10263944000000003,0.006422429999999979,0.06939852999999996,-0.031667,0.15185823000000004,0.06742626000000002,0.09016022999999995,-0.010924339999999977,0.17906279000000003,-0.020291859999999995,0.12243026000000001,0.0027288300000000154,0.19473816,-0.016050780000000042,0.10116970000000003,-0.061232679999999984,-0.0036090599999999973,-0.036647419999999986,0.005585190000000018,0.08413369073664898,0.025074313745825614
0.06034777499999999,-0.290468615,0.06615737499999996,-0.296369235,0.060131975000000004,-0.309218805,0.052337945,-0.304122395,0.02864024500000001,-0.334758285,0.02743717499999998,-0.250727005,-0.03534537500000001,-0.255213095,0.04630697499999997,-0.14674866499999994,-0.06631942499999999,-0.10447321499999995,0.046725934999999996,-0.07281480500000004,-0.00017186499999999327,-0.013172905000000013,0.018909094999999987,-0.0025124349999999795,-0.018909094999999987,0.0025124349999999795,0.007737174999999985,0.17703563499999997,-0.015102594999999996,0.19805083499999998,-0.012425595000000011,0.300066135,-0.03156995500000004,0.300066135,0.018869799999999992,0.10397834000000006,0.00041896000000002376,0.0739338599999999,-0.030974049999999975,0.15073988000000005,0.06614756,0.09130030999999994,-0.011171920000000002,0.17954806999999995,-0.020162769999999997,0.12303050000000004,0.0038064999999999904,0.1955384,-0.016467360000000042,0.10201530000000003,-0.06278254999999999,-0.004486089999999998,-0.037818189999999974,0.005024869999999959,0.07560555412932643,0.02443590962064845
0.05993864999999998,-0.29052792,0.06583959,-0.29654114,0.05967239000000002,-0.30942084,0.052224349999999975,-0.30430637,0.027907089999999968,-0.33509502999999996,0.02767748999999997,-0.24999809999999995,-0.03638505000000003,-0.25436632,0.045980489999999985,-0.1462696,-0.06725164,-0.1046686,0.04283766,-0.06770209999999999,-0.0009924900000000125,-0.014031869999999946,0.019221260000000018,-0.0025178000000000145,-0.019221260000000018,0.0025178000000000145,0.007685290000000011,0.17720105000000008,-0.015828059999999977,0.19808979999999998,-0.014461149999999978,0.29967900000000003,-0.031635210000000025,0.29967900000000003,0.018303000000000014,0.10372849999999995,-0.0031428299999999854,0.07856750000000001,-0.03086658999999997,0.14969771999999998,0.06625914999999999,0.09063673000000005,-0.011535970000000006,0.1797188500000001,-0.02214643999999999,0.12247794999999995,0.0033932000000000406,0.19557199999999997,-0.015807150000000048,0.10158920000000005,-0.06406254,-0.004368220000000034,-0.038442520000000036,0.005035600000000029,0.06933056552091578,0.024620715522132963
0.05994532999999996,-0.2910459999999999,0.06594060999999996,-0.29703962999999994,0.059785829999999984,-0.30991517999999996,0.05246408999999996,-0.3048580799999999,0.02835883999999994,-0.33573615999999995,0.02844698999999995,-0.2503288999999999,-0.036437840000000055,-0.25489193999999993,0.04714695999999996,-0.14530083999999988,-0.06820072000000005,-0.1045046799999999,0.04226137999999996,-0.06637397999999994,-0.001522340000000011,-0.015252779999999966,0.019373669999999954,-0.0024062199999999034,-0.01937367000000001,0.0024062200000000145,0.006648589999999954,0.17841672000000008,-0.016227880000000028,0.19873982000000012,-0.015292620000000035,0.29902252000000007,-0.03128246000000001,0.29902252000000007,0.01869997000000001,0.10502806000000003,-0.0048855800000000005,0.07892685999999993,-0.03176287999999999,0.15038726000000002,0.06667838000000004,0.08925189999999994,-0.01272508,0.18082294,-0.02194120999999999,0.12060579999999999,0.0031457899999999817,0.1963336000000001,-0.015054579999999984,0.10028269999999995,-0.06488483,-0.004563040000000018,-0.038747339999999963,0.004812439999999918,0.06793910205810573,0.025109963436231827
0.059381769999999945,-0.29215039,0.06536578999999998,-0.29816807,0.05937914999999999,-0.31102703,0.051922549999999956,-0.30615697,0.028150289999999967,-0.33706731,0.028499889999999972,-0.25106407,-0.03728521000000001,-0.25537434999999997,0.04778913999999995,-0.14576497,-0.06985021000000002,-0.10466111,0.041494269999999944,-0.06664786999999994,-0.0017587100000000522,-0.01591933000000001,0.01956812999999996,-0.0024998299999999807,-0.019568130000000017,0.0024998299999999807,0.00609506999999998,0.17939663000000006,-0.017687160000000035,0.20038818999999997,-0.016571910000000023,0.29774683,-0.03221394000000005,0.29774683,0.01928924999999998,0.10529909999999998,-0.006294870000000008,0.07911710000000005,-0.03256500000000001,0.15071323999999997,0.06809149999999997,0.08874177999999999,-0.013473059999999981,0.18189646000000004,-0.022666980000000003,0.11835019999999996,0.0018809699999999818,0.19788835999999999,-0.014526780000000017,0.09735864000000005,-0.06578509999999999,-0.00431028,-0.03913625999999998,0.004999659999999961,0.0677917889654875,0.025621102549304907
0.058285470000000006,-0.2952958,0.06365692,-0.3010932,0.05826549999999997,-0.3138382,0.049448839999999994,-0.31016901999999996,0.026594459999999986,-0.33994759999999996,0.0279374,-0.255111,-0.03830802999999999,-0.25926304,0.04976827,-0.14862379999999997,-0.07138902000000003,-0.1069137,0.04197649999999997,-0.07008404000000001,-0.002571319999999988,-0.018206900000000026,0.01962166999999998,-0.0024773000000000156,-0.019621670000000035,0.0024773000000000156,0.003905999999999965,0.17729294000000007,-0.015750399999999998,0.20048844,-0.018718369999999984,0.294254,-0.03550293999999998,0.294254,0.021830870000000002,0.1064872,-0.007791770000000031,0.07853975999999996,-0.03308099000000003,0.15234934,0.06881770000000004,0.08870679999999997,-0.015715670000000015,0.17977024000000008,-0.02262436999999995,0.11696105999999995,0.0038712700000000377,0.19801113999999997,-0.019752539999999985,0.09376556000000003,-0.06624543,-0.0041520400000000235,-0.039243340000000015,0.004954600000000031,0.07120680949007967,0.02680579349249903
0.05863722499999996,-0.2961778850000001,0.06413057499999997,-0.30213936500000005,0.05849369500000001,-0.31481431500000007,0.05017104499999997,-0.3114948350000001,0.026927735000000008,-0.34109069500000005,0.02860855499999998,-0.25640671500000006,-0.03807068499999999,-0.2604348550000001,0.04951896499999997,-0.14973213500000004,-0.07166767500000004,-0.10686113500000005,0.04422619499999997,-0.07350527500000004,-0.000893205000000008,-0.01868973500000004,0.019791274999999997,-0.0025414350000000363,-0.019791274999999997,0.0025414349999999253,0.004168834999999982,0.17779333499999994,-0.016155605000000017,0.20083116499999998,-0.018719855000000007,0.2933631649999999,-0.03525752500000001,0.2933631649999999,0.02091040999999999,0.10667458000000002,-0.005292770000000002,0.07622686000000001,-0.03359699000000005,0.15357372000000002,0.07077447000000003,0.08817140000000001,-0.015622440000000015,0.18033476999999998,-0.02288868999999999,0.11556982999999998,0.0036356699999999798,0.19828973000000005,-0.019101919999999994,0.09253199999999995,-0.06667923999999997,-0.004028140000000013,-0.039582549999999994,0.005082869999999962,0.0750528607246386,0.028423575237710653
0.05873853000000001,-0.29486734,0.06406373000000004,-0.30084547,0.058671890000000004,-0.31331795,0.04987583000000001,-0.31086579,0.02721399000000002,-0.33999887,0.027758300000000014,-0.25759692,-0.03823641,-0.2601063,0.04770747000000003,-0.15336265999999998,-0.07309686999999998,-0.10603381999999995,0.04822612000000004,-0.07679572000000001,-0.0023519999999999652,-0.018174420000000024,0.019762570000000035,-0.0030113200000000395,-0.01976256999999998,0.0030113200000000395,0.006918670000000016,0.17776428,-0.016546530000000004,0.20192750999999998,-0.016174369999999993,0.29430148,-0.03646592999999998,0.29430148,0.019949170000000016,0.10423426000000002,0.0005186500000000094,0.07656693999999997,-0.03486045999999998,0.15407248000000007,0.07074487000000002,0.08785939999999992,-0.01284390000000002,0.18077560000000004,-0.02309304000000001,0.11653720000000001,0.0032160399999999756,0.19891618999999994,-0.019919399999999976,0.09237397000000003,-0.06599471000000001,-0.0025093800000000055,-0.039525140000000014,0.006022640000000079,0.0790842042506751,0.027421953378133062
0.05897156500000006,-0.2960484049999999,0.06453603500000005,-0.30205637499999993,0.058912695000000015,-0.3144349749999999,0.05075019500000005,-0.3120771049999999,0.02802234500000006,-0.34103607499999994,0.028242645000000066,-0.25917199499999993,-0.037358964999999966,-0.2613534249999999,0.04637163500000002,-0.15704926499999994,-0.07314485499999995,-0.1077868649999999,0.05001050500000004,-0.08046302499999991,-0.0020810349999999533,-0.01827636499999996,0.01968973500000004,-0.003061974999999939,-0.019689734999999986,0.00306197500000005,0.0072410650000000465,0.17790557500000004,-0.01668863499999995,0.20173713500000012,-0.015991134999999934,0.2932954750000001,-0.03637015499999996,0.2932954750000001,0.018128989999999956,0.10212273,0.0036388700000000163,0.07658624000000003,-0.03578588999999999,0.15356656000000002,0.07106382,0.08951049999999994,-0.012448669999999995,0.18096754999999998,-0.02323219999999998,0.11538990000000005,0.0030011000000000343,0.19867516000000007,-0.019681520000000008,0.09155833999999996,-0.06560161000000003,-0.002181429999999984,-0.03937947000000003,0.006123949999999989,0.08312804361041704,0.02766570204505213
0.05946908500000003,-0.29535278499999995,0.06502112500000001,-0.30132213499999994,0.059541255000000015,-0.31376728499999995,0.051057935000000054,-0.31202436499999997,0.028399705000000053,-0.34121671499999995,0.027860435000000017,-0.25990071499999995,-0.037526695,-0.26204036499999994,0.04540218500000004,-0.1561872649999999,-0.07384501499999996,-0.1073271349999999,0.05137858500000003,-0.07997581499999995,-0.003734584999999957,-0.018360865000000004,0.019664285000000004,-0.003230304999999989,-0.019664284999999948,0.0032303050000001,0.007659225000000047,0.17480513500000006,-0.01789423499999998,0.20009556500000003,-0.015676974999999982,0.29295763500000005,-0.036535975,0.29295763500000005,0.017541750000000023,0.10371345000000004,0.005976399999999993,0.07621144999999996,-0.03631831999999996,0.15471323000000003,0.07011043,0.0889662699999999,-0.012005059999999956,0.17803544000000004,-0.02333620000000003,0.1181525,0.0017700499999999675,0.19686525999999993,-0.018641740000000018,0.09286207000000002,-0.06538713000000002,-0.002139649999999993,-0.03932856999999995,0.006460610000000089,0.08304017178239756,0.0268315851946713
0.06048241500000001,-0.29727469,0.066067665,-0.30320137,0.060478984999999985,-0.31572534,0.051860935,-0.31357637,0.028754235000000017,-0.34292257000000004,0.028449215000000028,-0.26085611000000003,-0.03755796499999997,-0.26323761,0.04588983499999999,-0.15647967000000007,-0.073512195,-0.10843497000000002,0.05213180500000003,-0.07950433000000001,-0.0054743849999999705,-0.018279370000000017,0.01978671500000001,-0.0031241300000000027,-0.01978671500000001,0.0031241300000000027,0.006364585000000034,0.17701462999999995,-0.01802068499999998,0.20204703000000002,-0.017589834999999998,0.29185383,-0.03550648499999998,0.29185383,0.017440619999999962,0.10437643999999996,0.006241970000000041,0.07697534000000006,-0.03595423000000003,0.15480264,0.06803781000000003,0.0901556,-0.013422129999999977,0.18013875999999995,-0.023954420000000032,0.11483920000000003,0.0017660300000000295,0.1989229,-0.017485799999999996,0.08980679999999996,-0.06600718,-0.002381499999999981,-0.03957343000000002,0.0062482600000000055,0.08294660812322649,0.025747865975239616
0.05972698500000001,-0.29740433,0.06537113499999997,-0.30268302999999996,0.06053689499999998,-0.31601042,0.050775634999999986,-0.3127125,0.029436434999999983,-0.34418877999999997,0.027242064999999982,-0.26031257999999996,-0.038573525,-0.26430196,0.046643674999999996,-0.15536392,-0.07393070499999999,-0.10913837999999998,0.050623664999999984,-0.07756938000000002,-0.006000965000000025,-0.019341240000000037,0.01958776499999998,-0.0028051199999999943,-0.01958776499999998,0.0028051199999999943,0.0056965749999999815,0.17641152000000004,-0.018543085000000015,0.20084822000000002,-0.018641265000000018,0.29076212,-0.03534432500000001,0.29076212,0.019401610000000014,0.10494865999999997,0.003979989999999989,0.07779453999999997,-0.03535717999999999,0.15516358000000002,0.06792973999999996,0.08979713999999994,-0.013891189999999998,0.17921664000000004,-0.02433784,0.11435059999999997,0.0010446799999999645,0.19804310000000003,-0.016801239999999995,0.08991389999999999,-0.06581558999999998,-0.003989380000000042,-0.03917552999999996,0.005610239999999989,0.08095011835789745,0.02598196288754181
0.059270405000000026,-0.29531514999999997,0.064833535,-0.30025304999999997,0.060478435,-0.31391929,0.049996925000000025,-0.31058409,0.029701635000000004,-0.34296865,0.02678510500000003,-0.25885661,-0.039271434999999966,-0.26393545,0.04676700500000003,-0.15186104999999994,-0.07496033499999999,-0.10869565000000003,0.048442205000000016,-0.07071905,-0.006783944999999958,-0.018152150000000034,0.01958264500000001,-0.0026172500000000154,-0.01958264500000001,0.0026172500000000154,0.00526450500000003,0.17616847999999996,-0.01911089499999996,0.20043228000000002,-0.019520325000000005,0.29168145,-0.03541339499999996,0.29168145,0.019981899999999997,0.10699556000000005,0.0016751999999999878,0.08114199999999994,-0.03568890000000002,0.15523979999999998,0.06817639000000003,0.0905435,-0.01431813999999998,0.17878572999999998,-0.024784830000000035,0.11551297000000005,0.0004717500000000485,0.19781503,-0.016302499999999998,0.09124916999999999,-0.06605654,-0.005078840000000029,-0.03916529000000002,0.005234500000000031,0.07396437903905906,0.024396202533386285
0.061491335000000036,-0.29610392,0.06699431500000003,-0.30111071,0.06256445500000002,-0.31476095,0.051929135000000015,-0.31048202,0.03170371500000002,-0.34274719,0.02849331500000002,-0.25756529,-0.03756893499999997,-0.26375732,0.046908514999999984,-0.14844053999999995,-0.074122525,-0.10942348999999996,0.04747494499999999,-0.06389979000000001,-0.005508764999999971,-0.018356739999999983,0.019648785000000002,-0.0023275600000000063,-0.019648785000000002,0.0023275600000000063,0.004609635000000001,0.17718827999999998,-0.01866395500000001,0.20044625000000005,-0.018582984999999996,0.29182321,-0.03512493499999997,0.29182321,0.018415199999999965,0.10912475000000005,0.0005664300000000067,0.08454074999999994,-0.036553590000000025,0.15433383000000006,0.06861376000000002,0.09106674999999997,-0.015039150000000001,0.17951583999999998,-0.023192619999999997,0.11463493000000002,0.000984829999999992,0.19811869000000004,-0.01646097999999996,0.09137695999999995,-0.06606224999999999,-0.006192030000000015,-0.039297570000000004,0.004655120000000013,0.06756800047003389,0.02505554693257364
0.062099879999999996,-0.294354535,0.0673685,-0.29930246499999996,0.06323255,-0.31273624499999997,0.052001500000000034,-0.30828079499999994,0.03276954000000004,-0.33999502499999995,0.029230000000000034,-0.25579826499999997,-0.036653749999999985,-0.26182276499999996,0.047705180000000014,-0.146298025,-0.07350859999999998,-0.108249865,0.046494250000000015,-0.05981516499999995,-0.005567899999999959,-0.017567664999999955,0.019640600000000008,-0.0022712049999999984,-0.019640600000000008,0.0022712049999999984,0.0052426799999999996,0.1754454350000001,-0.01767789999999997,0.19819293500000001,-0.016915230000000003,0.29327973500000004,-0.03437973999999999,0.29327973500000004,0.01847517999999998,0.10950023999999997,-0.001210929999999999,0.08648286000000005,-0.036854849999999995,0.15357289999999996,0.06794070000000002,0.09068220000000005,-0.014397920000000008,0.1777166400000001,-0.022157910000000003,0.11783429999999995,0.0019627000000000394,0.19592173000000002,-0.016701840000000023,0.09508680000000003,-0.06588375000000002,-0.006024499999999988,-0.039281200000000016,0.004542409999999997,0.06350138463690454,0.024323273796240906
0.06369311999999999,-0.29467085,0.06886188999999998,-0.2996004,0.06479395999999998,-0.31292489999999995,0.053231609999999985,-0.30855893999999995,0.034301289999999984,-0.33997227999999996,0.030522899999999964,-0.2562616,-0.035394300000000045,-0.26251371999999995,0.048402769999999984,-0.14502974999999996,-0.07196306000000002,-0.10885099999999992,0.04627693999999999,-0.05627057000000002,-0.004336160000000033,-0.01740833999999991,0.019699409999999973,-0.002169399999999988,-0.01969941000000003,0.002169399999999988,0.005252609999999991,0.17616913,-0.016526390000000002,0.19851503000000004,-0.01679771000000002,0.29281840000000003,-0.03300892,0.29281840000000003,0.01787987000000002,0.11123185000000002,-0.0021258299999999952,0.08875917999999994,-0.03656875999999998,0.15366272000000003,0.06762689999999999,0.09144266000000001,-0.014446799999999982,0.17833853,-0.022050320000000012,0.11664927000000003,0.0031730200000000264,0.19634563000000005,-0.016482529999999995,0.09430337,-0.06591720000000001,-0.006252119999999972,-0.03939882,0.004338799999999976,0.06027687530280418,0.024886087560524572
0.06566303499999998,-0.2934164499999999,0.07079257499999997,-0.2981993899999999,0.066924235,-0.3115546999999999,0.054857005000000014,-0.3069278299999999,0.036707235000000005,-0.3383694499999999,0.031739534999999985,-0.2557692499999999,-0.033864965000000025,-0.2620938099999999,0.048679764999999986,-0.14435347999999992,-0.07235076499999998,-0.10879859999999986,0.046038634999999994,-0.052797409999999934,-0.0053396649999999934,-0.01614514999999994,0.019670434999999986,-0.002164549999999932,-0.019670434999999986,0.002164550000000043,0.005676685000000015,0.1736684100000001,-0.015590264999999992,0.1961725500000001,-0.014396165000000016,0.2944353500000001,-0.032503194999999985,0.2944353500000001,0.01694023,0.11141576999999997,-0.0026411299999999915,0.09155606999999999,-0.03848579999999996,0.15329521000000007,0.06701109999999999,0.09265344999999992,-0.013993749999999971,0.17583296000000004,-0.02007285000000003,0.12076693999999999,0.004080169999999994,0.19400800000000007,-0.016912929999999993,0.09826279999999998,-0.06560450000000001,-0.006324560000000035,-0.03934086999999997,0.004329099999999975,0.05708737586384227,0.02325115229150803
0.06581068000000001,-0.2927669300000001,0.07066183999999998,-0.29744882000000006,0.06698671,-0.3108047300000001,0.054275569999999995,-0.30583844000000004,0.036459589999999986,-0.3371503700000001,0.03161548999999997,-0.25480312000000005,-0.034105300000000005,-0.2613874400000001,0.048723340000000004,-0.14389784000000005,-0.07211888,-0.1101553500000001,0.04495808000000001,-0.04829395000000003,-0.006054520000000008,-0.016729100000000052,0.019788499999999987,-0.0020773400000000386,-0.019788499999999987,0.0020773399999999276,0.006198700000000001,0.17299089999999995,-0.015328080000000022,0.1949283999999999,-0.013852599999999993,0.29407929999999993,-0.032759060000000007,0.29407929999999993,0.017107850000000036,0.11090528,-0.0037652599999999925,0.09560389000000002,-0.03801357999999999,0.15123208999999999,0.06606435999999999,0.09342625000000004,-0.013589799999999985,0.17506823999999999,-0.020051299999999994,0.12108839999999998,0.004460419999999965,0.19285105999999996,-0.017430979999999985,0.09915090000000004,-0.06572078999999997,-0.006584320000000032,-0.03957699999999997,0.004154679999999966,0.05262587573873237,0.023287429916459195
0.06784985500000007,-0.29261088,0.07281480500000004,-0.29729855,0.06904012500000006,-0.31062668,0.056609255000000025,-0.30576205,0.039185055000000024,-0.33698264,0.03428142500000003,-0.25478142,-0.031640774999999954,-0.2626317,0.05049665500000006,-0.14149703999999996,-0.07047765499999997,-0.11176140000000001,0.04523602500000007,-0.04504739999999996,-0.005033514999999933,-0.017169600000000007,0.01987050500000004,-0.0017487999999999948,-0.019870504999999983,0.0017487999999999948,0.006400925000000057,0.17351070000000002,-0.013937374999999974,0.19484504999999996,-0.012873454999999978,0.2950798,-0.030796874999999946,0.2950798,0.016215230000000025,0.11328438000000002,-0.005260629999999988,0.09644964,-0.03883688000000002,0.1508703,0.06544414000000004,0.0945918,-0.013469579999999981,0.1752595,-0.019274380000000035,0.12156909999999999,0.005933130000000009,0.19309624999999997,-0.01685949999999997,0.10023475000000004,-0.06592219999999999,-0.007850280000000043,-0.03974101000000002,0.0034975999999999896,0.050181454411270296,0.024042506749923177
0.06802209999999997,-0.29154133,0.07296406,-0.29610157,0.06947072999999998,-0.30947136,0.05675874999999997,-0.30518156,0.04024554999999996,-0.3366062,0.03475986999999997,-0.25498312,-0.031050420000000023,-0.263692,0.0496876,-0.13865616000000003,-0.07043592000000004,-0.11179039999999996,0.04322453999999998,-0.040876829999999975,-0.004253250000000042,-0.01582170000000005,0.019796599999999998,-0.0016397000000000217,-0.019796599999999998,0.0016397000000000217,0.005729600000000001,0.17570565000000005,-0.013172600000000034,0.19758246000000002,-0.014708900000000025,0.2952188,-0.02997164000000002,0.2952188,0.014927730000000028,0.11632695999999998,-0.0064630600000000205,0.09777933000000005,-0.03938550000000002,0.15190160000000003,0.06618267,0.0959686999999999,-0.014066999999999996,0.17734535000000007,-0.020438500000000026,0.11951314999999996,0.006623999999999963,0.19594276,-0.016799039999999987,0.09763633999999999,-0.06581029,-0.008708879999999974,-0.039593199999999995,0.0032794000000000434,0.0456992422615572,0.023377258589973745
0.06957959000000002,-0.29131273,0.07477805999999998,-0.29582722000000006,0.07102899000000001,-0.30932207000000006,0.058846889999999985,-0.30444683000000006,0.04214863000000002,-0.33618576000000006,0.036438689999999996,-0.2542575,-0.029215649999999982,-0.26380686000000003,0.049423190000000006,-0.13786326000000004,-0.06926163000000002,-0.11220537000000008,0.04294294999999998,-0.03800796000000006,-0.004065260000000015,-0.014257530000000074,0.019745210000000013,-0.0012903000000000775,-0.019745210000000013,0.0012902999999999665,0.004410729999999974,0.17670429999999993,-0.01296731000000001,0.19684919999999995,-0.015269060000000001,0.29581959999999996,-0.02927015999999999,0.29581959999999996,0.01298450000000001,0.11639423999999998,-0.006480240000000026,0.09985529999999998,-0.04004598000000004,0.15160148999999995,0.06519637,0.09794784000000001,-0.01533448000000004,0.1779946,-0.019679789999999975,0.11911530000000004,0.006777900000000003,0.19555889999999998,-0.01630284999999998,0.09897040000000001,-0.06565433999999998,-0.009549360000000007,-0.039490420000000026,0.002580600000000044,0.04343180513153002,0.022081572627677612
0.07028390000000001,-0.29086857499999996,0.07520844999999998,-0.29551571499999996,0.07140245,-0.308727205,0.05889162999999997,-0.303933705,0.04192603,-0.334721275,0.03649057,-0.25345173499999996,-0.028428520000000013,-0.262662375,0.04869128,-0.13680392499999994,-0.06739199000000001,-0.11212593500000001,0.04271532,-0.03677934500000002,-0.0038836199999999765,-0.011580944999999954,0.019633750000000005,-0.0013533249999999608,-0.019633750000000005,0.0013533250000000718,0.004178979999999999,0.17394226499999998,-0.01299634999999999,0.19483166500000004,-0.014913789999999982,0.296630025,-0.02894174999999999,0.296630025,0.012200710000000003,0.11664781000000002,-0.005975960000000002,0.10002457999999992,-0.03896347,0.15053644,0.06350837000000004,0.10054499000000006,-0.015454770000000007,0.17529558999999995,-0.01909276999999998,0.12268776000000003,0.0066374000000000155,0.19347833999999997,-0.0159454,0.10179835999999998,-0.06491909000000001,-0.009210640000000048,-0.03926750000000001,0.0027066500000000326,0.04228193191784529,0.020380430207672297
0.07082122499999999,-0.29085293,0.07573108499999998,-0.29536527,0.07222474499999998,-0.30873241,0.05940796499999995,-0.30387473000000004,0.04335264499999997,-0.33520013000000004,0.03694186499999996,-0.25303241000000004,-0.026500424999999994,-0.2644326,0.05053738499999999,-0.13545097000000006,-0.06499217500000004,-0.11594380999999998,0.043810085,-0.03601777000000006,-0.004459845000000018,-0.010363600000000028,0.01908997499999998,-0.0008136300000000096,-0.019089975000000037,0.0008136300000000096,0.00361102499999999,0.17577699000000002,-0.011562075000000005,0.19589809000000002,-0.015095175000000016,0.29592303,-0.028520075000000034,0.29592303,0.013595520000000028,0.11758143999999998,-0.006727299999999992,0.0994332,-0.03849175000000005,0.14848879000000004,0.06053233000000002,0.10558020999999995,-0.015478949999999991,0.17659062000000003,-0.018706200000000006,0.12014603999999995,0.007527900000000032,0.19508446000000002,-0.01695800000000003,0.10002493999999995,-0.06344228999999996,-0.011400189999999977,-0.03817995000000002,0.0016272600000000192,0.04301645396300937,0.018411169824044355
0.07221442499999997,-0.29075338,0.07671895499999998,-0.29527916,0.073773655,-0.3084605,0.05964219499999995,-0.3039888,0.045258644999999986,-0.33476702,0.03774449499999999,-0.25332568,-0.02514833500000002,-0.26478682000000003,0.05095011499999996,-0.13576734999999995,-0.064605405,-0.11736670000000005,0.044387134999999966,-0.03712760000000004,-0.0040425650000000535,-0.011682799999999993,0.01879146499999995,-0.0007749999999999702,-0.018791465000000007,0.0007749999999999702,0.0028144449999999432,0.17774164000000003,-0.010363455000000021,0.19775569999999998,-0.01691162500000004,0.2964211,-0.026802565000000056,0.2964211,0.013205619999999973,0.11755833000000004,-0.006562979999999996,0.09863974999999991,-0.03945706999999998,0.14742012,0.06056283999999995,0.10568390000000005,-0.01597702000000001,0.17851664,-0.019726069999999984,0.11867945999999996,0.008428009999999986,0.1969807,-0.016439110000000035,0.09866540000000001,-0.06289283000000001,-0.011461140000000036,-0.03758292999999996,0.0015499999999999403,0.04445953046883093,0.019306134570389735
0.07343361999999998,-0.290828245,0.07726321999999997,-0.295143415,0.07530830999999999,-0.308290645,0.05884227999999997,-0.303377765,0.04686461999999997,-0.333968035,0.03751067999999996,-0.252730985,-0.024822190000000022,-0.264675365,0.05059907999999996,-0.13579400500000005,-0.06550842000000001,-0.11925192500000004,0.04394861,-0.03785832499999997,-0.004148350000000023,-0.014887865000000056,0.018592339999999985,-0.0006623650000000536,-0.01859234000000004,0.0006623650000000536,0.0025215599999999783,0.17712883499999998,-0.010024919999999993,0.196283235,-0.01740516000000003,0.297328335,-0.026732790000000006,0.297328335,0.0130884,0.11693697999999997,-0.006650469999999964,0.09793568000000008,-0.04068622999999999,0.14542343999999996,0.06136006999999999,0.10436405999999998,-0.016070780000000007,0.17779120000000004,-0.01992672000000001,0.12019950000000001,0.008567420000000048,0.19562086999999995,-0.016707870000000014,0.1010451,-0.062332869999999985,-0.011944379999999977,-0.037184680000000025,0.0013247300000001072,0.045016439981794366,0.021223536467163146
0.074198875,-0.289223945,0.07793507499999996,-0.293311115,0.07627582499999996,-0.30652878499999997,0.059272044999999995,-0.30171249499999997,0.048404275,-0.332460615,0.03749017499999996,-0.251732265,-0.023135845000000044,-0.264798565,0.04898029499999995,-0.13320545500000003,-0.063210025,-0.11904171499999994,0.044885874999999964,-0.03866531500000003,-0.0011443850000000255,-0.01447896500000001,0.01811632499999999,-0.00042168499999994946,-0.018116325000000044,0.0004216850000000605,0.002140994999999979,0.17911718499999996,-0.009014645000000043,0.19762718499999998,-0.01912844500000005,0.298499485,-0.026293845000000038,0.298499485,0.011490119999999993,0.11852680999999998,-0.0040944199999999875,0.09454014,-0.04007417999999996,0.14575685000000005,0.06206563999999998,0.10456274999999993,-0.01597533000000001,0.1795388699999999,-0.02126944000000003,0.11938230000000005,0.009101680000000001,0.19720549999999992,-0.017279199999999995,0.10087230000000003,-0.06062602,-0.013066299999999975,-0.03623265000000003,0.0008433700000000099,0.046681731360130645,0.022584864794505694
0.07396373,-0.28598666999999994,0.07752252999999998,-0.2899754399999999,0.07601057,-0.30319857999999994,0.05856056999999998,-0.2985820999999999,0.04851209000000001,-0.32915896999999994,0.03553903000000003,-0.25007215999999993,-0.021308790000000022,-0.2632316699999999,0.046182500000000015,-0.13458709999999996,-0.06078711999999997,-0.12046975999999998,0.046453789999999995,-0.04072319999999996,-6.377000000001853e-05,-0.01425439999999989,0.016937599999999997,-0.0004604999999999748,-0.016937599999999997,0.00046050000000008584,0.0015067300000000117,0.1801332000000001,-0.006529940000000012,0.19933730000000005,-0.021093589999999995,0.30132120000000007,-0.027150969999999996,0.30132120000000007,0.010643469999999988,0.11548505999999997,0.0002712899999999796,0.0938639,-0.03947832999999995,0.14276190999999994,0.060723349999999954,0.10621536000000009,-0.015430869999999985,0.18059370000000008,-0.022600320000000007,0.12118799999999996,0.010407659999999985,0.19887679999999996,-0.020621029999999985,0.10198390000000002,-0.05684782000000005,-0.013159509999999985,-0.033875199999999994,0.0009210000000000607,0.049922845305592295,0.02238871190754168
0.07185449,-0.287544705,0.07551165000000004,-0.291477185,0.07383662000000002,-0.30464370500000004,0.05669647,-0.30028344500000004,0.046622390000000014,-0.33071632500000003,0.033168220000000026,-0.25187162500000004,-0.021878010000000003,-0.26487530500000006,0.04276542999999999,-0.13726218499999998,-0.060205079999999966,-0.12345768499999998,0.04795181000000004,-0.042526825000000046,0.00036085000000002365,-0.02055822500000004,0.016212649999999995,-0.00045631499999998493,-0.016212649999999995,0.00045631499999998493,-0.0007528099999999927,0.18159841499999996,-0.005922449999999968,0.19954281499999993,-0.02355868,0.29937501499999997,-0.024434399999999967,0.29937501499999997,0.009597209999999967,0.11460944000000006,0.005186380000000046,0.09473535999999994,-0.03832706999999996,0.14141762000000008,0.06056592999999999,0.10289945999999994,-0.016965459999999988,0.18205472999999994,-0.022805870000000006,0.11777660000000001,0.010290200000000027,0.19908649999999994,-0.01851195,0.09983220000000004,-0.05504623000000003,-0.013003680000000017,-0.03242529999999999,0.0009126299999999699,0.052700114697842054,0.02676362818568517
0.071724375,-0.288431215,0.07512565500000001,-0.292069815,0.07389740499999997,-0.305572015,0.05562935499999999,-0.301427195,0.04683257499999999,-0.332404315,0.030442904999999965,-0.253776515,-0.021211784999999983,-0.266472075,0.038433894999999996,-0.14113668499999998,-0.058897365000000035,-0.12511811500000003,0.049982024999999985,-0.048901415000000004,0.00043525499999996775,-0.027116515000000008,0.01512540499999998,-0.0006894849999999897,-0.015125405000000036,0.0006894849999999897,0.002138254999999978,0.18352743500000002,-0.0021852450000000023,0.20173298500000003,-0.024978565000000008,0.298080585,-0.02290292500000002,0.298080585,0.007990990000000031,0.11263983,0.01154812999999999,0.09223526999999998,-0.03768558000000005,0.14135395999999995,0.05933262,0.09800160000000002,-0.012987150000000003,0.18421692,-0.027116819999999986,0.11455314999999999,0.012940160000000034,0.20104350000000004,-0.020717680000000016,0.09634759999999998,-0.05165468999999995,-0.012695559999999995,-0.030250810000000017,0.0013789699999999794,0.05949263947875654,0.031863894545952794
0.07325936999999999,-0.2909076799999999,0.07614852999999999,-0.2946274799999999,0.07544458999999998,-0.30790951999999994,0.05563210000000002,-0.3046675299999999,0.048785369999999995,-0.3345621499999999,0.028520749999999984,-0.25780206999999994,-0.017490950000000005,-0.2683037199999999,0.035328550000000014,-0.14454834999999988,-0.05289795000000003,-0.12404894999999994,0.05233862,-0.049777249999999884,0.007650569999999968,-0.024226189999999925,0.013537120000000014,-0.001332849999999941,-0.013537120000000014,0.001332850000000052,0.006126269999999989,0.18345655000000005,0.00357196999999998,0.2037944800000001,-0.021508020000000017,0.2960508500000001,-0.020419310000000024,0.2960508500000001,0.0068078000000000305,0.11325372000000006,0.017010069999999988,0.0947711,-0.03540700000000002,0.14425476999999998,0.060548519999999995,0.09982276000000001,-0.007410850000000024,0.1847894,-0.027634290000000006,0.11259430000000004,0.017109089999999993,0.20246163000000006,-0.023991280000000004,0.09225636999999998,-0.04601169999999999,-0.010501649999999974,-0.027074240000000027,0.002665699999999993,0.062067836224650154,0.033199137537859295
0.07387581500000001,-0.28952149,0.076513355,-0.29284958,0.07675186499999997,-0.30656675,0.05532351499999999,-0.30406321,0.05088671499999997,-0.33491575,0.02603177499999998,-0.2589129,-0.014388465000000017,-0.26966845,0.032991565,-0.14487815000000004,-0.047362085,-0.12204009999999998,0.053509784999999976,-0.054194399999999976,0.010254064999999979,-0.020017210000000007,0.011813514999999997,-0.0012239499999999737,-0.011813514999999997,0.0012239499999999737,0.007828064999999995,0.18703714999999999,0.0064541149999999825,0.20706760000000002,-0.01954608499999999,0.29637795,-0.01883014500000002,0.29637795,0.006959790000000021,0.11403474999999996,0.020518219999999976,0.09068375000000006,-0.03297361999999998,0.14762835000000002,0.05761614999999998,0.10202288999999998,-0.0039854500000000015,0.18826109999999996,-0.027374149999999986,0.10934080000000002,0.01826762999999998,0.20584365000000004,-0.025284260000000003,0.08931034999999998,-0.040420239999999996,-0.010755550000000003,-0.023627029999999993,0.0024478999999999473,0.06741251742158423,0.03062947869621679
0.07100205500000001,-0.2897825,0.073406635,-0.29311042000000004,0.07444962500000002,-0.30670597,0.05179840499999999,-0.3056704,0.04985595500000001,-0.3364488,0.020224185000000006,-0.26161840000000003,-0.012802005000000005,-0.27238952,0.024845854999999972,-0.14441355,-0.04448458500000002,-0.12388774000000002,0.052326154999999985,-0.05317963999999997,0.01144331500000001,-0.02348260000000002,0.009552775000000013,-0.0012142000000000541,-0.009552775000000013,0.001214199999999943,0.005851894999999996,0.18795023,0.005402085000000001,0.20795220000000003,-0.020385805000000035,0.2943996,-0.020484184999999988,0.2943996,0.004621669999999967,0.11720485000000003,0.027480300000000013,0.09123391000000003,-0.031682580000000016,0.14850177999999997,0.05592790000000003,0.10040514,-0.0037008800000000175,0.18916443000000005,-0.02623770000000003,0.10644936999999999,0.014954860000000014,0.2067380000000001,-0.02588626999999999,0.08644739999999995,-0.03302619000000001,-0.010771119999999967,-0.019105550000000027,0.0024283999999999972,0.067305044320749,0.03241554758951481
0.07170961999999997,-0.28764756500000005,0.07417695999999996,-0.29116611500000006,0.07544056999999998,-0.304504745,0.05282113999999999,-0.30553778500000006,0.05151789000000001,-0.335885515,0.01834053999999996,-0.26219221500000006,-0.008243060000000024,-0.27351810500000007,0.01949690999999998,-0.14286490500000004,-0.03718064000000004,-0.12297076500000004,0.05165099000000001,-0.06556763500000007,0.016242279999999998,-0.021711565000000044,0.007625959999999987,-0.0011113650000000863,-0.007625960000000043,0.0011113649999999753,0.006355119999999992,0.191374995,0.006714569999999975,0.212149335,-0.01808905999999999,0.29650453499999996,-0.017052900000000037,0.29650453499999996,0.0011563700000000177,0.11932731000000002,0.03215408000000003,0.07729726999999997,-0.02893758000000002,0.15054734000000003,0.05342292000000004,0.1012592,-0.0012708399999999953,0.19248636000000008,-0.024444179999999982,0.10512953999999997,0.014340530000000018,0.21103797000000002,-0.023767470000000013,0.08435519999999996,-0.026583599999999985,-0.011325890000000005,-0.01525192000000003,0.0022227300000000616,0.07805647960812606,0.033023915795715425
0.07257494000000003,-0.2892655500000001,0.07436220000000004,-0.2936730500000001,0.07608301,-0.30569098000000006,0.05192766000000004,-0.3096931300000001,0.05257924000000003,-0.33667550000000007,0.014571170000000022,-0.2669299300000001,-0.0030505299999999957,-0.27499572000000005,0.011268940000000005,-0.1426898000000001,-0.03102545999999995,-0.12190535000000013,0.05155531000000002,-0.06527115000000006,0.022669980000000034,-0.021764910000000137,0.004878260000000023,-0.0017989500000000769,-0.004878259999999968,0.0017989499999999659,0.0049143800000000515,0.19213494999999992,0.009006600000000031,0.21459304999999995,-0.015500029999999998,0.2942631499999999,-0.013908139999999958,0.2942631499999999,-0.003302230000000017,0.12424013,0.040286370000000016,0.07741865000000003,-0.027974929999999953,0.15309036999999992,0.05369543999999998,0.10014044,3.612000000002835e-05,0.1939339,-0.02041441000000005,0.1021282,0.013884859999999999,0.21279409999999999,-0.02291473999999999,0.07967009999999997,-0.017621700000000018,-0.008065789999999962,-0.00975651999999999,0.0035979000000000427,0.07878748104580129,0.03625135894276523
0.07515737000000006,-0.28964077,0.07623550000000001,-0.29455974,0.07872345000000003,-0.3059797,0.05234015000000003,-0.31088932,0.05545708000000005,-0.33628048,0.010409710000000016,-0.26708444,0.004355970000000042,-0.27475222,0.00670042000000004,-0.13718264000000002,-0.02270006999999996,-0.12077146000000005,0.05332801000000004,-0.05683062999999999,0.030841830000000015,-0.02297490000000002,0.0009754500000000443,-0.0017791000000000334,-0.0009754499999999888,0.0017791000000000334,0.001740810000000037,0.19261229999999996,0.015396090000000029,0.21402222999999998,-0.012806509999999993,0.2943017,-0.011371949999999964,0.2943017,-0.0037092899999999762,0.12990179999999996,0.04662759,0.08035201000000003,-0.027056040000000003,0.15398075999999994,0.053541899999999976,0.09779656000000003,0.0007653599999999927,0.1943914,-0.01454732000000003,0.10168940000000004,0.016371540000000018,0.21224312999999995,-0.026768039999999993,0.08027947000000002,-0.006053739999999974,-0.007667780000000013,-0.0019509000000000332,0.003558200000000067,0.07597013553952958,0.0403125268694286
0.07740191000000002,-0.28827095999999997,0.07743022,-0.29358923,0.08140748999999997,-0.30415777,0.051055130000000004,-0.31118319,0.058341949999999976,-0.3343677,0.002261100000000016,-0.26790962999999995,0.012981650000000011,-0.27337353,-0.003315210000000013,-0.13710469999999997,-0.012956499999999982,-0.12334962999999999,0.054445770000000004,-0.05089880000000002,0.03596553000000002,-0.024188879999999968,-0.004751800000000028,-0.002236970000000005,0.004751799999999973,0.002236970000000005,-0.0021015500000000076,0.18725437,0.020497619999999994,0.20986860000000007,-0.010692570000000012,0.29594087,-0.006736069999999983,0.29594087,-0.005576310000000029,0.13080492999999999,0.05776098000000002,0.08620589999999995,-0.025938149999999993,0.1500239,0.048922030000000005,0.09916075000000002,0.0026502500000000206,0.18949134,-0.008591020000000005,0.10868650000000002,0.01574582000000002,0.20763163000000007,-0.027233689999999977,0.08607226999999995,0.010720549999999995,-0.0054639000000000215,0.009503600000000001,0.00447394000000001,0.07663110329920747,0.040897707622009845
0.077270895,-0.29085565,0.07680669500000004,-0.29630512999999997,0.08146859500000003,-0.30666751999999997,0.049505955000000046,-0.31346751,0.05967119500000001,-0.33596307999999997,0.0013992550000000437,-0.26907508,0.015893254999999995,-0.27436394999999997,-0.0002545649999999844,-0.1317488,-0.007286404999999996,-0.12294919000000004,0.060831634999999995,-0.03144170000000002,0.04212713500000004,-0.026229089999999955,-0.006120144999999966,-0.0021209500000000103,0.006120145000000021,0.0021209500000000103,-0.004679374999999986,0.18638865000000004,0.021388145000000025,0.20794378999999996,-0.010282844999999985,0.29451715,-0.005116434999999975,0.29451715,-0.001653820000000028,0.13732628000000002,0.06108619999999998,0.10030709999999998,-0.02317965999999999,0.15141475999999993,0.049413540000000034,0.09672010000000009,0.0014407699999999801,0.18850960000000005,-0.005603469999999999,0.10812849999999996,0.015268000000000004,0.20582283999999995,-0.02650458,0.08657336000000004,0.014493999999999951,-0.0052888699999999456,0.012240289999999987,0.004241900000000021,0.07309067810419394,0.04582824562277831
0.07749102499999999,-0.2923127350000001,0.07798750500000001,-0.2988643050000001,0.08212430500000001,-0.3080424050000001,0.050119625,-0.3150062850000001,0.06177242500000002,-0.3356294950000001,-0.007152394999999978,-0.2748849650000001,0.01964146499999997,-0.2710232050000001,-0.023812995000000003,-0.14939954500000008,-0.001604154999999996,-0.12416866500000012,0.04781843499999999,-0.040623575000000134,0.04689074500000001,-0.030383305000000083,-0.009816484999999986,-0.003967255000000058,0.009816484999999986,0.003967254999999947,-0.003096865000000004,0.17784369499999986,0.023976604999999984,0.20099404499999995,-0.008103935000000007,0.2942453949999999,0.008378404999999978,0.2942453949999999,-0.016660600000000025,0.12548542000000001,0.07163143,0.10877596999999994,-0.021245619999999965,0.14685453999999998,0.04849490000000001,0.09378536000000004,0.006719619999999982,0.18181094999999992,-0.005007070000000002,0.11640170000000005,0.014160119999999998,0.19702679,-0.015598200000000007,0.09325134999999996,0.026793859999999947,0.003861759999999992,0.019632969999999972,0.007934510000000006,0.06830424437287044,0.05054168306320244
0.08025221999999999,-0.29639667000000003,0.07907934,-0.30352658000000005,0.08431118999999998,-0.31219504000000003,0.04900405999999996,-0.32131287000000003,0.06326789,-0.33881926,-0.008294570000000001,-0.28002161000000003,0.02533198999999997,-0.27254444,-0.027024610000000004,-0.16768963999999997,0.005469369999999973,-0.13185528000000002,0.033685909999999986,-0.06718769000000002,0.050044339999999965,-0.037170499999999995,-0.011479510000000026,-0.004186299999999976,0.01147950999999997,0.004186299999999976,0.00022322999999996318,0.18205896,0.024520619999999993,0.20459392999999992,-0.00552069000000005,0.29126546,0.0004737199999999553,0.29126546,-0.018730040000000003,0.11233197000000006,0.06071051999999999,0.10050194999999995,-0.019862619999999997,0.14068915999999998,0.04457496999999999,0.09468478000000002,0.01170273999999999,0.18624525999999997,-0.0057439200000000135,0.10920649999999998,0.013041110000000022,0.20040762999999995,-0.024046900000000038,0.08667153000000005,0.03362655999999997,0.007477170000000033,0.022959019999999997,0.008372599999999952,0.07751832238708799,0.05654759958803642
0.0820728,-0.29757123999999996,0.08016664000000001,-0.30585571999999994,0.08561737000000003,-0.31325648999999994,0.04911417000000001,-0.32503929,0.06445660000000003,-0.33908998999999995,-0.010703169999999984,-0.28311103,0.030513900000000038,-0.27170968999999995,-0.03422639999999999,-0.16950374,0.010190430000000028,-0.12968122999999998,0.027140980000000037,-0.06971108999999998,0.05372036000000002,-0.035192789999999974,-0.013556899999999983,-0.004975139999999989,0.013556900000000038,0.004975139999999989,0.0022487999999999952,0.18299841000000006,0.02567630000000004,0.20798058000000008,-0.0016686599999999885,0.28931481000000003,-0.0011618999999999935,0.28931481000000003,-0.023523230000000006,0.11360728999999997,0.06136738000000003,0.09979265000000004,-0.02032347000000001,0.14202845999999997,0.043529929999999994,0.09448844,0.015805699999999978,0.18797355000000004,-0.003917459999999984,0.10631639999999998,0.012119400000000002,0.2030054400000001,-0.026838200000000034,0.08133422999999995,0.04121707000000002,0.011401340000000038,0.02711380000000002,0.009950279999999978,0.07646607521572492,0.05680287069908083
0.08319783000000003,-0.29456213000000003,0.08080599000000005,-0.3041723,0.08668897000000003,-0.31050900000000003,0.049332290000000056,-0.32533932,0.06690920000000006,-0.33661387000000004,-0.012932069999999962,-0.28336300000000003,0.038216530000000026,-0.26698584000000003,-0.043613039999999936,-0.17439327000000004,0.020717650000000032,-0.12361332999999997,0.010853800000000025,-0.07475576000000006,0.05812848000000004,-0.02778630000000004,-0.016390709999999975,-0.005433299999999974,0.01639071000000003,0.005433299999999974,0.004475430000000058,0.18926915,0.024820000000000064,0.2133798,0.001785730000000041,0.2922627,-0.0007412099999999366,0.2922627,-0.030680969999999974,0.10896972999999999,0.05446683999999996,0.09963750999999998,-0.017498879999999994,0.14337251000000006,0.037410830000000006,0.09582702999999992,0.020866140000000033,0.19470244999999997,-0.002689700000000017,0.10299354999999999,0.008429290000000034,0.20794650000000003,-0.02556121,0.07888289999999998,0.05114859999999999,0.01637716,0.032781420000000006,0.010866599999999949,0.0744840035550702,0.05334400874262171
0.08539116000000002,-0.29578578,0.08078809999999997,-0.30619213,0.08923891,-0.31206328,0.045680339999999986,-0.32581325,0.07049518999999999,-0.33604288000000004,-0.016921220000000015,-0.27466855,0.04484916,-0.26637025000000003,-0.052707859999999995,-0.14821151,0.02733359000000002,-0.12411281000000007,-0.0006084600000000329,-0.06958815000000007,0.06057146000000002,-0.030079949999999966,-0.019570890000000007,-0.004358850000000025,0.019570890000000007,0.004358850000000025,0.007060669999999991,0.1904656,0.02692144000000002,0.21664194999999997,0.005353239999999981,0.29344675,0.00026954000000001255,0.29344675,-0.03578663999999998,0.12645704000000002,0.05209939999999996,0.07862335999999992,-0.01751556999999998,0.14225743999999996,0.03323787,0.0940328600000001,0.02663156,0.19482445000000004,-0.0017074300000000098,0.10298114999999997,0.007350550000000011,0.21228309999999995,-0.026651900000000006,0.0768048,0.061770380000000014,0.00829829999999998,0.039141780000000015,0.00871770000000005,0.06792963513809644,0.05354509954949099
0.08747628499999999,-0.29303285,0.08153821500000002,-0.30423690000000003,0.091847175,-0.31082271000000006,0.04360225499999998,-0.32356311000000004,0.074520435,-0.33503140000000003,-0.02015963500000001,-0.26901917000000003,0.05094521499999999,-0.26552595,-0.058238805000000005,-0.14242405000000002,0.03885027499999999,-0.12429635000000006,-0.006812584999999982,-0.10227154999999999,0.069066515,-0.02987108999999999,-0.021921014999999988,-0.004684950000000021,0.021921014999999988,0.004684950000000021,0.01311209499999999,0.19470615000000002,0.033052974999999984,0.22180864999999994,0.014759334999999985,0.29513944999999997,0.009813715,0.29513944999999997,-0.038079169999999996,0.12659512,0.05142622000000002,0.040152500000000035,-0.012094939999999998,0.14122959999999996,0.030216240000000005,0.09442526000000007,0.03503310999999998,0.19939110000000004,0.0016472399999999943,0.10043329999999995,0.011131959999999996,0.21712369999999992,-0.023239259999999984,0.07333080000000003,0.07110485,0.003493220000000019,0.043842029999999976,0.009369900000000042,0.09874922357479522,0.05845355481689374
0.09073812000000003,-0.29688884,0.08395916000000003,-0.30897678,0.09409511000000004,-0.31460092,0.044278680000000015,-0.32810278,0.07615134000000001,-0.33676728,-0.021066539999999967,-0.27246011,0.057802410000000026,-0.26591938,-0.06412398999999996,-0.14483393,0.05302393,-0.12744332000000003,-0.015041890000000002,-0.08932207999999997,0.07143748,-0.03311741999999995,-0.02402428000000001,-0.005132620000000032,0.02402428000000001,0.005132620000000032,0.01400104000000002,0.19490012,0.03249314000000003,0.22262941999999997,0.015545260000000005,0.29227572,0.012935220000000025,0.29227572,-0.04305745,0.12762617999999998,0.04908209999999996,0.05551185000000003,-0.004778480000000029,0.13847605999999996,0.01841355,0.09432590000000007,0.03802532000000003,0.20003274000000004,0.001544219999999985,0.0973756,0.008468860000000022,0.21749679999999993,-0.019557920000000006,0.06964630000000005,0.07886895,0.006540729999999995,0.04804856000000002,0.010265240000000064,0.08466728119647925,0.06091861040964081
0.09347654999999999,-0.29923797499999993,0.08659617000000003,-0.31183720499999995,0.09656082999999999,-0.31698967499999997,0.046284729999999996,-0.33088425499999996,0.07840438,-0.338588725,-0.022840309999999975,-0.27426988499999994,0.06357483000000003,-0.26607092499999996,-0.06736102,-0.141430065,0.06280154999999998,-0.12516472499999998,-0.016262969999999988,-0.07925228499999992,0.07371173000000003,-0.03388132499999996,-0.026393429999999996,-0.005626774999999973,0.026393429999999996,0.005626775000000084,0.014358949999999981,0.18951161500000002,0.03433959000000003,0.22041960500000002,0.01821558000000001,0.29118587500000004,0.015736950000000027,0.29118587500000004,-0.04452071000000002,0.13283981999999994,0.051098050000000006,0.06217778000000007,-0.0007732800000000428,0.14090619999999998,0.010910180000000047,0.09128340000000001,0.04075237999999998,0.19513839,0.0038566300000000275,0.10167426000000002,0.007946160000000035,0.21479282999999993,-0.018602640000000004,0.07076627000000002,0.08641514,0.008198959999999977,0.05278685999999999,0.011253550000000057,0.07431918959845897,0.061643422037554074
0.09294151,-0.29941437,0.08578198000000004,-0.31223763,0.09686001,-0.31681308999999996,0.04489501000000001,-0.33159714999999995,0.08160971,-0.33836162999999997,-0.024380639999999953,-0.27611014999999994,0.06884968000000002,-0.26642978999999994,-0.06773937999999996,-0.14038805,0.07196935000000004,-0.12225741999999995,-0.014402939999999975,-0.07818314999999998,0.07713474000000003,-0.029995809999999956,-0.028582499999999955,-0.005819950000000018,0.02858250000000001,0.005819950000000018,0.015256240000000032,0.18762754999999998,0.03513988000000001,0.21955105000000008,0.02162786,0.29129415000000003,0.020150410000000007,0.29129415000000003,-0.04335874000000001,0.13572209999999996,0.053336439999999985,0.06220490000000001,0.003119670000000019,0.14417237,0.005165389999999992,0.09226161,0.04383873999999999,0.1934475,0.006371619999999967,0.10366660000000005,0.0065573800000000015,0.21373110000000006,-0.014989470000000005,0.07174309999999995,0.09323031999999998,0.009680359999999999,0.057164999999999966,0.011639900000000036,0.0737393560863776,0.06033314738512487
0.09290171499999994,-0.297854875,0.08469518499999995,-0.31103072500000006,0.09611768499999995,-0.31527227500000005,0.04186786499999995,-0.32945170500000004,0.07901660499999996,-0.33487072500000004,-0.029311675000000037,-0.2720554250000001,0.07051776499999995,-0.26162376500000006,-0.07120366500000003,-0.13323968500000005,0.07780830499999997,-0.11551839500000005,-0.018141315000000047,-0.07637882500000004,0.07945386499999996,-0.026858264999999992,-0.030979085000000017,-0.0059217250000001,0.030979084999999962,0.005921724999999989,0.009735284999999982,0.18323227499999994,0.03714550499999997,0.21568397499999992,0.020301984999999967,0.29514807499999995,0.023617754999999963,0.29514807499999995,-0.04189198999999999,0.13881574000000002,0.05306234999999998,0.05686086000000001,0.007290540000000012,0.14610537,0.0016455599999999904,0.08866013000000006,0.04071437,0.18915400000000004,0.010566699999999984,0.11191580000000001,0.006166420000000006,0.20976224999999993,-0.013527750000000005,0.07946410000000004,0.09982943999999999,0.01043166000000001,0.06195816999999998,0.011843450000000089,0.07161711582424198,0.05851779251175234
0.09325565000000002,-0.300695845,0.08489747000000003,-0.314118335,0.09561892000000005,-0.318029075,0.04180635000000005,-0.332363855,0.07666649000000003,-0.336438105,-0.030987229999999977,-0.275154475,0.07199509000000004,-0.260497615,-0.07572488999999996,-0.141393675,0.08424187000000005,-0.11365677500000004,-0.03602714999999995,-0.07852557500000001,0.08146677000000002,-0.028340115,-0.03203604999999998,-0.006291675000000052,0.03203605000000004,0.006291674999999941,0.0033255000000000368,0.17656176499999998,0.03721237000000005,0.20889342499999997,0.016160710000000023,0.295337725,0.02556215000000006,0.295337725,-0.044737659999999985,0.1337608,0.03969774000000001,0.06286809999999998,0.012246780000000013,0.14684083999999997,-0.0027751000000000303,0.08531666000000004,0.03536155000000002,0.18285344000000003,0.012835209999999986,0.11877596000000001,0.005176320000000012,0.20260175000000002,-0.011650219999999989,0.08644430000000003,0.10298232000000002,0.014656859999999994,0.06407210000000002,0.012583349999999993,0.07234407500562845,0.06035525626092971
0.09178304000000004,-0.30578049999999996,0.08269062000000005,-0.31936667999999996,0.09377566000000004,-0.32260804,0.03900131000000001,-0.33709744999999997,0.07494154000000003,-0.33966265999999995,-0.03261744,-0.27706254999999996,0.07370396000000001,-0.26386212,-0.07883375999999997,-0.14098559999999993,0.08970166000000002,-0.11909530000000002,-0.04399576999999999,-0.07911415,0.08226299000000004,-0.03150434999999996,-0.033160159999999994,-0.005794999999999995,0.033160159999999994,0.005794999999999995,-0.00029706999999995487,0.1760887,0.03787261000000003,0.20776013999999998,0.007946690000000034,0.2948315,0.024322920000000026,0.2948315,-0.04621631999999998,0.13607695000000003,0.034837989999999985,0.06187144999999994,0.015997700000000004,0.14476681999999996,-0.007438669999999981,0.08759095000000006,0.03286309000000004,0.18188369999999998,0.008243759999999989,0.11874280000000004,0.004712450000000035,0.20196514,-0.013549690000000003,0.08707136000000004,0.10632140000000001,0.013200429999999985,0.06632031999999999,0.01158999999999999,0.07411550580542914,0.061663031262105504
0.08882515499999999,-0.30965802000000003,0.07927043499999997,-0.32387722,0.09100977499999996,-0.32663271,0.03541217499999999,-0.34178324,0.07220627499999999,-0.34401262,-0.03595723500000003,-0.27896954,0.072601955,-0.26859012000000004,-0.07960541500000001,-0.13274123999999998,0.08950815499999998,-0.12033364000000002,-0.037923415000000016,-0.07111379000000007,0.081498075,-0.031765790000000016,-0.034164744999999996,-0.004754690000000061,0.034164744999999996,0.00475468999999995,-0.005076395000000011,0.17296566000000002,0.03559580499999998,0.20928055999999995,-0.002212795000000045,0.29203406,0.01849265499999997,0.29203406,-0.04364817999999998,0.14622830000000003,0.041682,0.06162744999999992,0.016906199999999982,0.14825648000000002,-0.008010079999999975,0.08856785,0.029088349999999985,0.17772035000000008,0.002863599999999966,0.11906839999999996,0.001431059999999984,0.20452587,-0.01710315000000001,0.08275350000000004,0.10855919000000003,0.010379419999999973,0.06832948999999999,0.009509380000000012,0.06646546285838158,0.05978452632846812
0.08608663,-0.312032185,0.07615297999999998,-0.327020715,0.08797347999999999,-0.329059825,0.032042440000000005,-0.344785705,0.07000129999999999,-0.345264585,-0.03901336,-0.279374485,0.07450298,-0.265872935,-0.08180964000000002,-0.13021288499999994,0.09344517999999996,-0.11426418500000002,-0.03853052000000001,-0.062744715,0.07913061999999998,-0.030951284999999995,-0.03628975000000001,-0.005219914999999964,0.03628975000000001,0.005219914999999964,-0.010587750000000007,0.17454387500000001,0.03543350000000001,0.21150078500000002,-0.010077219999999998,0.290793615,0.01907966,0.290793615,-0.04279628000000002,0.14916160000000006,0.043279120000000004,0.06746816999999994,0.018942199999999965,0.15160874999999996,-0.014314559999999976,0.08331290000000002,0.025702000000000003,0.17976378999999998,0.000510530000000009,0.11624973999999999,-0.0008562500000000028,0.20628087000000006,-0.01635384000000001,0.07929282999999998,0.11351634,0.013501550000000029,0.07257950000000002,0.010439829999999928,0.05756842594020532,0.056068670858126245
0.08200828999999998,-0.31165380000000004,0.07091705999999998,-0.32686791,0.08414212999999998,-0.32825041,0.02570743999999997,-0.34459299,0.06852798999999998,-0.34341029,-0.04102649000000003,-0.27826,0.07469122,-0.26459113,-0.08398482000000002,-0.12858837,0.09409778999999996,-0.11454931000000002,-0.046903090000000036,-0.05790183000000004,0.07921968999999995,-0.03103147000000006,-0.037421150000000014,-0.004979399999999967,0.03742114999999996,0.004979399999999967,-0.017307440000000007,0.17539243000000004,0.03518888999999997,0.21060232999999995,-0.019481850000000023,0.29168233,0.021088319999999994,0.29168233,-0.04295832999999999,0.14967163,0.03708172999999998,0.07068653999999996,0.019406569999999956,0.15004182,-0.014878100000000005,0.08351783999999995,0.020113710000000007,0.18037183,-0.0021744100000000155,0.11628989999999995,-0.002232259999999986,0.20562292999999998,-0.014100569999999979,0.08108000000000004,0.11571771000000003,0.01366887,0.07484229999999997,0.009958799999999934,0.0537651446875065,0.05517155702251389
0.07939729000000001,-0.31477252999999994,0.06691736999999998,-0.3301302299999999,0.08122277,-0.3307021299999999,0.020534129999999984,-0.3455220299999999,0.06739574999999998,-0.3420977899999999,-0.041431280000000015,-0.27556606999999994,0.07597556999999999,-0.26353755999999995,-0.08342518000000002,-0.12705632999999994,0.09607286999999998,-0.11926442999999987,-0.048907580000000006,-0.05213592999999994,0.08210519,-0.027679629999999955,-0.038240070000000015,-0.004539129999999947,0.038240070000000015,0.004539130000000058,-0.022784230000000016,0.17860247000000007,0.03695699999999996,0.21284857000000013,-0.028398729999999983,0.2934718700000001,0.019978319999999994,0.2934718700000001,-0.0419939,0.14850974,0.03451760000000001,0.0749204,0.020097299999999985,0.14427313000000008,-0.013967679999999982,0.09158479999999991,0.015455839999999998,0.18314160000000002,-0.005614499999999967,0.11486940000000001,-0.0012830700000000528,0.20830944000000007,-0.016978679999999968,0.08062329999999995,0.11740685000000001,0.012028509999999992,0.07648014000000003,0.009078260000000005,0.048777567998416024,0.05442607140472293
0.07089579499999998,-0.32109979499999997,0.05788004499999999,-0.336435435,0.073181665,-0.33641621499999996,0.010071995,-0.348437795,0.064250205,-0.343502575,-0.04705843500000001,-0.27319326499999996,0.07773214499999997,-0.26215737499999997,-0.086182175,-0.12154609500000002,0.10043696499999999,-0.120630825,-0.05100145499999997,-0.041517944999999945,0.08125674500000002,-0.026716265000000017,-0.041714165000000025,-0.003948834999999984,0.041714165000000025,0.003948834999999984,-0.03412499499999999,0.187920545,0.03785508500000001,0.21059265500000002,-0.039259164999999985,0.293893905,0.025941565,0.293893905,-0.03912373999999999,0.15164716999999994,0.035180720000000026,0.08002815000000008,0.022704820000000014,0.14152654999999997,-0.01918021999999997,0.09391455999999998,0.007589170000000034,0.19186937999999998,-0.0051341699999999935,0.10597336000000002,-0.0038590800000000147,0.20664382000000003,-0.01191352000000001,0.08330125,0.12479057999999998,0.011035889999999993,0.08342833000000005,0.007897669999999968,0.03870002301984064,0.05003962420988391
0.062450459999999985,-0.3295225500000001,0.049482040000000005,-0.3451999800000001,0.06454357,-0.34468705000000005,0.0024685999999999875,-0.3517440500000001,0.05981010000000003,-0.34591443000000005,-0.049573580000000006,-0.27150450000000004,0.07740077000000001,-0.26193295000000005,-0.08712117,-0.1196550500000001,0.10178815000000002,-0.12217722000000009,-0.05274819999999997,-0.04021845000000002,0.08083578000000002,-0.02874555000000001,-0.042757500000000004,-0.0033575000000000133,0.042757500000000004,0.0033574999999999022,-0.04365606,0.18817218999999996,0.03699469999999999,0.20908929999999992,-0.04768216999999997,0.29320784999999994,0.023585069999999986,0.29320784999999994,-0.03754758999999999,0.15184944999999994,0.03437297000000003,0.07943660000000008,0.024387380000000014,0.13975572999999997,-0.020952369999999998,0.09343167000000008,-0.0008985599999999927,0.19152968999999997,-0.004026109999999972,0.10503565999999998,-0.005762800000000012,0.20573180000000002,-0.013409630000000006,0.08411855000000001,0.12697435,0.009571549999999984,0.08551500000000001,0.0067149999999999155,0.03819088531826016,0.0498052329284875
0.055381285,-0.32968985,0.042255085000000026,-0.34537477,0.05795035500000001,-0.34468429,-0.0010407450000000096,-0.35024365,0.05728055500000001,-0.34491437,-0.04849030500000001,-0.26768417,0.07789222499999998,-0.25977524,-0.08515937500000001,-0.11706667000000004,0.10339249500000003,-0.11798706999999997,-0.05948488499999999,-0.027961070000000032,0.080215025,-0.025198770000000037,-0.042286294999999974,-0.0022371300000000316,0.04228629500000003,0.0022371300000000316,-0.04588089499999998,0.18913073000000002,0.037338755,0.21070577000000001,-0.051486085000000015,0.29410673,0.019620075000000015,0.29410673,-0.03666907,0.15061749999999996,0.025674490000000022,0.08910560000000001,0.025500270000000047,0.14178817000000005,-0.023177470000000033,0.09278829999999993,-0.0035946000000000033,0.19136786000000006,-0.005605190000000038,0.10497599999999996,-0.004947540000000028,0.20846863999999998,-0.017718679999999987,0.08340095999999997,0.12638253,0.00790892999999998,0.08457259,0.004474260000000063,0.03094370028150642,0.046811506792912586
0.04455366999999999,-0.3339611900000001,0.03213251,-0.34957102000000007,0.04758536999999996,-0.34857119000000003,-0.007701600000000031,-0.35131130000000005,0.051206589999999996,-0.34645947000000005,-0.05159475000000002,-0.26264343000000007,0.07673015,-0.25904510000000003,-0.08637005,-0.11077413000000003,0.10454070999999998,-0.12212397000000008,-0.06698619,-0.017831270000000066,0.07939779999999996,-0.02494057000000005,-0.04340264999999999,-0.0012051700000000887,0.04340264999999999,0.0012051699999999776,-0.05368268000000004,0.1881307299999999,0.037536650000000005,0.20792027999999996,-0.058738080000000026,0.29461892999999995,0.020375849999999973,0.29461892999999995,-0.03477529999999998,0.15186930000000004,0.019383860000000003,0.09294285999999996,0.027810559999999984,0.13692112999999995,-0.02514291000000002,0.09718340000000003,-0.010280030000000051,0.1893359,-0.005055399999999988,0.10648820000000003,-0.005865999999999982,0.20671510999999998,-0.01716080000000003,0.08669864999999999,0.12832490000000002,0.0035983300000000384,0.08680529999999997,0.0024103400000000663,0.028854991944923497,0.044488768736278814
0.032187030000000005,-0.34316373000000006,0.022278529999999963,-0.3576558000000001,0.03695048000000001,-0.35668588000000007,-0.013334650000000003,-0.35539666000000003,0.047884839999999984,-0.35214317000000006,-0.054332150000000023,-0.26454243000000005,0.07573483999999997,-0.26386675000000004,-0.08829227,-0.1064138,0.10500157999999998,-0.12741736000000004,-0.06629443000000002,-0.016380700000000026,0.0781791,-0.033744960000000046,-0.04448964,-0.0006589600000000972,0.04448964,0.0006589599999999862,-0.06445177000000002,0.18583413999999998,0.03733239999999999,0.19791809999999999,-0.07009578000000002,0.29014929999999994,0.026353819999999972,0.29014929999999994,-0.03396011999999998,0.15812863000000005,0.02199783999999999,0.09003309999999998,0.029266740000000013,0.13644939,-0.026822479999999982,0.09367239999999999,-0.019962130000000022,0.18649310000000008,-0.005644010000000005,0.10431515999999996,-0.007157240000000009,0.19725914,-0.010978580000000016,0.09223119999999996,0.13006699,0.0006756800000000118,0.08897928,0.0013179200000000835,0.02688162896053174,0.048151941045590285
0.017843865000000014,-0.33945235,0.009284285000000003,-0.35469291000000003,0.024501465,-0.35324415000000003,-0.016401054999999998,-0.35406345,0.04372316500000001,-0.35147953,-0.05272365499999998,-0.26089895,0.07716029500000005,-0.25905875,-0.08864713499999999,-0.11360579999999998,0.106131545,-0.12285840000000003,-0.07674098499999998,-0.015162750000000003,0.081542155,-0.03280740999999998,-0.04476257499999997,-0.00019705000000003192,0.04476257500000003,0.00019705000000003192,-0.06368683499999997,0.18514765,0.03723325500000002,0.20347344999999994,-0.07285903499999999,0.29298395,0.02228676500000004,0.29298395,-0.03592348000000001,0.14729315000000004,0.011906150000000004,0.09844304999999998,0.02897124999999995,0.13620034999999997,-0.02458938999999999,0.09005099000000005,-0.01892426,0.18534470000000003,-0.00917220000000002,0.1078363,-0.007529320000000006,0.2032763999999999,-0.014946489999999979,0.08951050000000005,0.12988395000000003,0.001840200000000014,0.08952515,0.00039410000000006384,0.03530709394184262,0.04941691901432139
-0.005535855000000034,-0.3424863549999999,-0.01099465500000002,-0.3574431249999999,0.004131214999999966,-0.35567170499999995,-0.023553175000000037,-0.35597604499999996,0.03552641499999998,-0.35525763499999996,-0.052929255000000036,-0.25972816499999996,0.076058615,-0.2611309049999999,-0.08806073500000003,-0.11041740499999997,0.10704745499999996,-0.12196654499999993,-0.08303649500000002,-0.015981254999999916,0.07939116499999999,-0.03402890499999989,-0.04454432500000005,0.0009265550000000511,0.044544324999999996,-0.0009265549999999401,-0.06629268500000002,0.18511044500000007,0.035301525,0.20291609500000007,-0.07313681500000002,0.29185509500000006,0.02364085499999996,0.29185509500000006,-0.03513147999999999,0.14931076,0.005024240000000013,0.09443615000000005,0.030988839999999962,0.13916436,-0.027656289999999972,0.08793764000000004,-0.021748359999999967,0.18418389000000002,-0.006844130000000004,0.10674465,-0.009242799999999995,0.20384265000000001,-0.01166067000000004,0.08893899999999999,0.12898787000000003,-0.001402739999999958,0.08908865000000005,-0.0018531099999999912,0.04204189803404452,0.04806316503839604
-0.027538580000000035,-0.3332438100000001,-0.028165880000000032,-0.35011100000000006,-0.016055680000000017,-0.34810581000000007,-0.026123510000000016,-0.3536519600000001,0.025943649999999985,-0.35515626000000006,-0.0547532,-0.2604592600000001,0.07493125,-0.2642094800000001,-0.08601981,-0.1072693400000001,0.10557161999999998,-0.12514614000000013,-0.08157323000000002,-0.0071008100000000685,0.07793731999999998,-0.03510888000000012,-0.04615714000000004,0.00025487999999995736,0.046157139999999985,-0.0002548800000000684,-0.07194294000000001,0.18163231999999996,0.03934472,0.2074232199999999,-0.07365912000000002,0.2934904199999999,0.03230688999999998,0.2934904199999999,-0.03126661,0.15318991999999998,0.004446579999999978,0.10016853000000003,0.030640369999999972,0.13906333999999998,-0.0276343,0.09003726000000001,-0.02578579999999997,0.18137744,-0.0017161800000000116,0.11185809999999996,-0.006812419999999986,0.20767809999999998,-0.007037830000000023,0.08606720000000001,0.12968445,-0.0037502200000000263,0.09231428000000003,-0.0005097600000000257,0.036171889724815304,0.04716758587030296
-0.03733070999999999,-0.33594075000000007,-0.038380409999999976,-0.35284883000000006,-0.025636930000000002,-0.3522062000000001,-0.03518377,-0.35474187000000007,0.019559519999999997,-0.3596655000000001,-0.05966714000000001,-0.25735426000000006,0.07083288999999998,-0.2675152400000001,-0.08258882000000001,-0.10357210000000006,0.10557369,-0.12561187000000007,-0.08374143,-0.002495000000000025,0.07522783999999999,-0.03400140000000007,-0.046796069999999995,0.0021697599999999095,0.04679607000000002,-0.0021697600000000206,-0.07587854,0.18122589999999994,0.039710089999999976,0.19598725999999989,-0.07541458000000001,0.2922663999999999,0.03535362000000003,0.2922663999999999,-0.02292168,0.15378216,-0.0011526099999999984,0.10107710000000003,0.034740800000000016,0.14190337000000003,-0.030345850000000008,0.09161047,-0.02908247,0.17905614000000003,0.0004639599999999855,0.11104049999999999,-0.007085980000000047,0.1981570199999999,-0.004356469999999946,0.09627914000000004,0.13050003,-0.010160980000000042,0.09359214000000002,-0.00433951999999993,0.03723868434017507,0.042680427017808775
-0.04435249500000002,-0.34006416,-0.045042744999999995,-0.35693326,-0.03259243500000003,-0.3564753,-0.03931806500000001,-0.3575259,0.01441226499999998,-0.3632663,-0.06079446500000002,-0.25711354000000003,0.06814746500000002,-0.26954716,-0.078898265,-0.10141325000000001,0.10573800499999997,-0.12477284,-0.085534525,-0.00281790000000004,0.072903665,-0.03654025999999999,-0.04642363500000002,0.0030575999999999937,0.04642363500000002,-0.0030575999999999937,-0.076057385,0.18555326000000005,0.04233779500000001,0.19490419999999997,-0.07223875500000002,0.292377,0.038631285000000015,0.292377,-0.018103799999999975,0.15570029000000002,-0.006636260000000005,0.09859534999999997,0.03759053999999995,0.14477432,-0.03283433999999996,0.08823258,-0.029633749999999986,0.18249566000000006,0.0038186299999999895,0.10682373999999994,-0.004085840000000007,0.19796179999999997,-0.003706509999999996,0.09747280000000003,0.12894193000000004,-0.012433619999999979,0.09284727000000004,-0.006115199999999987,0.039549756217227165,0.042688177631242344
-0.05212342999999997,-0.34081668,-0.051724749999999986,-0.35659651,-0.03977201999999999,-0.35530457,-0.040259479999999986,-0.35836468,0.007476000000000038,-0.36209353999999994,-0.05990643999999998,-0.25905954999999997,0.06722373000000004,-0.26754121999999997,-0.07947681999999998,-0.10006152000000001,0.10737740000000001,-0.11875669,-0.09115707999999997,0.0018991800000000003,0.0713278,-0.03865291999999998,-0.04541876999999997,0.00280532,0.04541877,-0.00280532,-0.07545716999999999,0.19281372000000008,0.045660880000000015,0.20098388,-0.06910574999999997,0.29293778000000004,0.04064400000000001,0.29293778000000004,-0.01957038,0.15899802999999996,-0.011680259999999998,0.10196070000000002,0.040153669999999975,0.14878452999999997,-0.036049600000000015,0.08010377000000002,-0.03003840000000002,0.19000840000000008,0.006351420000000024,0.10012405999999996,0.0002421100000000176,0.2037892,-0.005016880000000001,0.09195390000000003,0.12713017000000001,-0.008481669999999997,0.09083753999999997,-0.00561064,0.04574728507087279,0.04423039974159061
-0.05446664999999998,-0.3399490599999999,-0.05546975999999998,-0.3559962399999999,-0.04299876,-0.35461611999999987,-0.04677690999999998,-0.3584074499999999,0.0033564899999999898,-0.3616478299999999,-0.062100829999999996,-0.2562716399999999,0.06408918000000002,-0.2688549999999999,-0.07780780999999998,-0.09545799999999993,0.10772356,-0.12477439999999984,-0.09298216999999998,0.010449700000000117,0.06859159000000004,-0.0401953599999999,-0.04508897999999997,0.004036600000000057,0.04508898,-0.004036599999999946,-0.07344640999999999,0.19413374000000005,0.045669440000000006,0.1947187600000001,-0.06650571999999999,0.2921028000000001,0.04669392,0.2921028000000001,-0.01570697999999998,0.16081363999999998,-0.015174359999999998,0.10590770000000005,0.04363437999999997,0.14408060000000006,-0.03913196999999996,0.08457903999999994,-0.028357430000000017,0.19009714,0.006940689999999999,0.09796906000000005,0.0005804600000000049,0.19875536000000005,0.0010244799999999943,0.09738404,0.12619001000000002,-0.012583359999999988,0.09017795999999997,-0.008073200000000003,0.04832065293418644,0.04312573015671385
-0.06308653,-0.33845677999999996,-0.06457397000000001,-0.35468236,-0.05179659,-0.35283918,-0.05328380000000002,-0.36015317999999996,-0.004182789999999992,-0.3619732,-0.06292429000000002,-0.25941051,0.06020397999999999,-0.27226705,-0.07473739000000001,-0.09677303999999998,0.10600778999999999,-0.12823152999999998,-0.09159725000000002,0.01628755999999998,0.06778709,-0.04169988000000002,-0.04389734000000001,0.0042803799999999725,0.04389734000000001,-0.0042803799999999725,-0.07027165000000002,0.19009958999999998,0.04712647999999997,0.18830882000000004,-0.06165018000000003,0.29060202,0.05017474999999999,0.29060202,-0.011813099999999993,0.16263747,-0.016859860000000004,0.11306059999999996,0.04580381,0.14403552000000003,-0.038220699999999996,0.08653164999999996,-0.026374310000000012,0.18581921,0.008621469999999992,0.10050243000000003,0.0032291399999999637,0.19258920000000002,0.0030482700000000196,0.10229319999999997,0.12312827000000001,-0.012856540000000027,0.08779468000000001,-0.008560759999999945,0.04918794349798029,0.044395260279814816
-0.06695709,-0.331762655,-0.06908108999999998,-0.347755505,-0.05483934999999998,-0.346071495,-0.05712577999999999,-0.35573376500000004,-0.00514918999999997,-0.357794035,-0.06271715,-0.258558555,0.05827355000000001,-0.272785915,-0.07448581999999998,-0.09216933500000002,0.10247915000000002,-0.12679193499999997,-0.09180247999999999,0.025162165000000014,0.0638532,-0.042211365,-0.04296444999999999,0.004938235000000013,0.04296444999999999,-0.004938235000000013,-0.06556883999999999,0.19173692499999995,0.04846891000000003,0.18490641499999994,-0.055770459999999994,0.290751565,0.055438299999999996,0.290751565,-0.011768669999999981,0.16638922,-0.01731666000000001,0.11733150000000003,0.04420560000000001,0.14599398000000002,-0.03862595000000002,0.08458056999999997,-0.022604390000000002,0.18679868999999993,0.009798379999999995,0.09901464000000004,0.005504460000000044,0.18984464999999995,0.006969389999999964,0.10584515000000005,0.1209907,-0.014227359999999967,0.08592889999999997,-0.009876470000000026,0.05285981951280009,0.042727346004162246
-0.07207461999999998,-0.327283625,-0.07310897,-0.34373396500000003,-0.06119471999999998,-0.343074025,-0.05892270999999999,-0.351359785,-0.010589180000000004,-0.356206115,-0.06448722999999998,-0.254206415,0.05582484999999998,-0.276943745,-0.07612776999999998,-0.08445784499999998,0.10287859999999999,-0.13542369499999996,-0.09570779999999998,0.035819055000000044,0.05893615000000002,-0.046409645,-0.04316607,0.006280095000000041,0.04316607,-0.006280095000000041,-0.06511796,0.196192555,0.05180790000000002,0.186103915,-0.05220466999999998,0.292583555,0.06164609999999998,0.292583555,-0.011640540000000005,0.16974857000000004,-0.01958003,0.12027690000000002,0.047053750000000005,0.14152005000000006,-0.043942449999999966,0.08901404999999996,-0.02195189,0.18991245999999995,0.012913290000000022,0.096391,0.008641830000000017,0.19238401000000005,0.009838199999999964,0.10647963999999999,0.12031207999999996,-0.02273733,0.08633214,-0.012560190000000082,0.06027589525900464,0.04311700600005637
-0.07721156999999998,-0.32147166,-0.07829446999999998,-0.33809258,-0.06734290999999998,-0.33716046,-0.06269653999999997,-0.34947952,-0.01810123999999999,-0.35306548,-0.06521033999999998,-0.25444578,0.05146263000000001,-0.27787581,-0.07584956999999998,-0.08212478000000001,0.09750683000000004,-0.13727108,-0.09560466999999997,0.04389858999999996,0.05002523000000003,-0.044934680000000005,-0.04204220999999997,0.006757380000000035,0.042042210000000024,-0.006757380000000035,-0.06442400999999998,0.19322718000000005,0.05108459000000004,0.17851852,-0.049009019999999986,0.29242212,0.06775581000000003,0.29242212,-0.01063923,0.172321,-0.019755099999999998,0.12602336999999997,0.046044200000000035,0.14060473,-0.04748160000000001,0.09233639999999999,-0.022381800000000007,0.18646980000000002,0.01541498999999999,0.09919493999999995,0.009042380000000017,0.18527590000000005,0.016671219999999987,0.1139036,0.11667296999999999,-0.02343002999999999,0.08408441999999999,-0.01351476000000007,0.06517980209785616,0.03900301069930882
-0.07954293499999998,-0.32396358500000005,-0.08000653499999999,-0.34170260500000005,-0.07025010499999998,-0.34105336500000005,-0.063087015,-0.35109523500000006,-0.020058774999999973,-0.35494520500000004,-0.064018205,-0.253672875,0.047679845,-0.27662740500000005,-0.07508106499999997,-0.08381676500000002,0.09386840499999999,-0.13995015500000008,-0.09707691499999999,0.054746395,0.042603165,-0.05135920500000002,-0.040991904999999995,0.0066535449999999274,0.040991904999999995,-0.0066535450000000385,-0.06263571499999998,0.193660795,0.05162546500000004,0.17969214499999997,-0.04420391499999998,0.29186099499999996,0.08130833500000001,0.29186099499999996,-0.01106285999999998,0.16985611,-0.02199585000000001,0.13856316000000002,0.04618855999999999,0.13667724999999997,-0.05126523999999999,0.08859095000000006,-0.021643809999999986,0.18700725000000007,0.018431799999999998,0.09820019999999996,0.010633560000000042,0.18634569,0.029682869999999972,0.11216884999999999,0.11169805,-0.02295453000000003,0.08198380999999999,-0.013307089999999966,0.07388132759921553,0.04473468670755612
-0.08212060000000002,-0.32173667000000006,-0.08293378000000001,-0.34071413000000006,-0.07361462000000002,-0.3389870200000001,-0.06412755,-0.35405302000000005,-0.02420731000000001,-0.35478631000000005,-0.06816116,-0.2535213500000001,0.05017835999999998,-0.27663860000000007,-0.0775622,-0.08296341000000007,0.09978818,-0.1507546700000001,-0.09618311000000002,0.05462747999999995,0.05035328,-0.06899297000000004,-0.04336090000000001,0.006444569999999983,0.04336089999999998,-0.006444570000000094,-0.05628432,0.18578232999999988,0.05763168000000002,0.1704106299999999,-0.035303219999999996,0.29061662999999993,0.08833832999999996,0.29061662999999993,-0.00940104,0.17055794000000002,-0.01862091000000002,0.13759089000000002,0.04960982000000003,0.12588392999999998,-0.049434900000000004,0.08176170000000005,-0.012923419999999991,0.1793377599999999,0.020981100000000003,0.10483430000000005,0.014270780000000038,0.1768552,0.030706649999999946,0.12020600000000004,0.11833951999999998,-0.023117249999999978,0.08672179999999999,-0.012889140000000077,0.07149670401740348,0.06293803079716107
-0.08398735499999999,-0.31517215000000004,-0.08492375499999999,-0.33221179,-0.07402123499999999,-0.33031547,-0.065501895,-0.34781828000000004,-0.024121905,-0.34883773,-0.06337836499999999,-0.25737879,0.048213755,-0.27790395,-0.07164896499999998,-0.08170965000000008,0.098336905,-0.14232195000000003,-0.093652455,0.06306498999999999,0.04509887500000001,-0.07466424999999999,-0.039787975,0.0070603499999999375,0.039787975,-0.0070603500000000485,-0.05296799499999999,0.19489318,0.056040375,0.16985260999999996,-0.026471825000000004,0.29479605,0.09005642500000002,0.29479605,-0.008270599999999989,0.17566913999999995,-0.022003490000000014,0.14477464000000007,0.050123150000000005,0.13558199999999998,-0.05323802999999999,0.06765770000000004,-0.013180019999999987,0.18783283000000006,0.026496169999999986,0.09990286999999998,0.0162524,0.17691296,0.03401605000000002,0.12494344000000002,0.11159211999999999,-0.020525159999999987,0.07957595,-0.014120699999999986,0.07770393752700056,0.06781218883076989
-0.08780921000000003,-0.31675902999999994,-0.08882825000000003,-0.33422458999999993,-0.07742199000000002,-0.33229470999999994,-0.06827746000000001,-0.35008466999999993,-0.02659042000000003,-0.3515977699999999,-0.06366376000000001,-0.25496784999999994,0.04554758999999997,-0.2794114199999999,-0.07036628000000003,-0.07677940999999988,0.09806151999999996,-0.14918486999999991,-0.08930513000000001,0.06508993000000007,0.04782805999999995,-0.08879016999999989,-0.03852992000000002,0.008094530000000044,0.038529919999999995,-0.008094529999999933,-0.04608733000000001,0.20205923000000003,0.05169568999999996,0.17087633000000002,-0.021182540000000027,0.2964419300000001,0.08843456,0.2964419300000001,-0.006702520000000017,0.17818844000000006,-0.01893884999999998,0.14186933999999995,0.052513929999999986,0.13022655,-0.05023346000000001,0.06039470000000002,-0.007557409999999987,0.1939647,0.024904789999999982,0.09438270000000004,0.013165769999999966,0.17897085999999995,0.036738870000000035,0.12556560000000005,0.10921134999999998,-0.02444356999999997,0.07705984000000002,-0.016189059999999977,0.07633215293507777,0.0812295618753985
-0.09147454000000002,-0.317783595,-0.09193960000000001,-0.33502727499999996,-0.08148167000000003,-0.333470375,-0.07103433000000003,-0.35025414499999996,-0.03242398000000002,-0.35281783499999997,-0.06656457000000002,-0.25498429499999997,0.039882859999999964,-0.28031429499999994,-0.07119783000000002,-0.07818691499999997,0.09351324999999999,-0.150512215,-0.08849958000000002,0.06393468499999999,0.04560937999999998,-0.08670547499999992,-0.03691073000000003,0.008676855000000039,0.03691073,-0.008676854999999928,-0.04437751000000001,0.204041335,0.04509337999999996,0.16719818500000005,-0.014771110000000032,0.29774388500000004,0.0789242,0.2960295850000001,-0.00463326,0.17679738,-0.017301750000000005,0.14212159999999996,0.05363039000000003,0.12980207999999993,-0.047903870000000015,0.06380674000000008,-0.0074667799999999784,0.19536447999999995,0.029606399999999977,0.09370255000000005,0.008182649999999958,0.17587503999999998,0.03383082000000004,0.12883140000000004,0.10644742999999998,-0.025329999999999964,0.07382146000000003,-0.017353709999999967,0.07559654238542524,0.07851198667036072
-0.0944834,-0.31952399499999995,-0.09513973999999999,-0.336852585,-0.08486218999999998,-0.335283935,-0.07417342999999998,-0.35153415499999996,-0.03635616,-0.35381627499999996,-0.06672826999999998,-0.254578235,0.035942850000000026,-0.279651585,-0.06954628999999998,-0.07928891500000002,0.09105118000000001,-0.14965054499999997,-0.08674952,0.06659328500000006,0.043225159999999985,-0.08746335500000002,-0.034971049999999976,0.009235054999999992,0.034971050000000004,-0.009235054999999992,-0.03954105999999999,0.20410588500000004,0.038095440000000036,0.16061858500000004,-0.00796580999999999,0.29970678500000003,0.07184531999999999,0.29159638500000007,-0.0028180200000000044,0.17528931999999997,-0.017203230000000014,0.14588220000000007,0.05510832999999998,0.13000104,-0.047826020000000025,0.06218718999999995,-0.004570010000000013,0.19487083000000005,0.03157525,0.09560089999999999,0.0031243900000000324,0.16985364000000003,0.033749879999999954,0.13097780000000003,0.10267112,-0.025073349999999994,0.06994209999999998,-0.018470109999999984,0.07727209395554005,0.07866255305278429
-0.10085631,-0.3175148649999999,-0.10072244,-0.3343647249999999,-0.09111497,-0.33333236499999996,-0.07819108999999999,-0.3474344649999999,-0.04333171999999999,-0.35140950499999996,-0.06900853000000001,-0.25003950499999994,0.02907962,-0.2766774449999999,-0.07034738000000001,-0.07239256499999991,0.08592388000000001,-0.1506035149999999,-0.08943564400000001,0.06855843500000003,0.03686653000000001,-0.09902886499999997,-0.03272988000000002,0.009306265000000091,0.03272987999999999,-0.00930626499999998,-0.04014374000000001,0.1995057050000001,0.02619492000000001,0.16096498500000012,-0.006102760000000013,0.30353303500000006,0.05899860000000001,0.29456337500000007,-0.0013388500000000025,0.17764694000000003,-0.019088263999999994,0.14095099999999994,0.05684426000000001,0.12607393,-0.04905735,0.051574649999999944,-0.007413859999999994,0.19019944,0.03404098,0.10402732999999997,-0.0065349599999999786,0.1702712500000001,0.03280368,0.13359838999999996,0.09808815000000001,-0.02663793999999997,0.06545976,-0.01861253000000007,0.08201440922504159,0.08981790926080666
-0.104453095,-0.31960257999999997,-0.10518191999999998,-0.33888208,-0.09723032499999999,-0.33663874,-0.08358955499999998,-0.35300678,-0.049869584999999994,-0.35409643,-0.07344131499999998,-0.24953740000000002,0.02751572500000002,-0.28019318,-0.07613925499999999,-0.07381318000000003,0.077066985,-0.15728768000000004,-0.09601407499999999,0.06855301999999996,0.03050027500000002,-0.09820697999999994,-0.034227585000000005,0.00961451999999996,0.034227585000000005,-0.00961451999999996,-0.048086464999999995,0.20278187000000003,0.018891624999999995,0.16811038,-0.0031884650000000014,0.30293132,0.05301445499999999,0.30293132,-0.0026979400000000098,0.17572422,-0.01987482,0.1423662,0.049551259999999986,0.12290549999999995,-0.04656670999999998,0.0590807000000001,-0.01385887999999999,0.19316735000000007,0.044897999999999993,0.10014944999999997,-0.01533596000000001,0.17772489999999996,0.03412282999999999,0.13482094,0.10095704,-0.030655779999999966,0.06845517000000001,-0.01922903999999992,0.08538920967411573,0.08867083403626977
-0.10466194000000002,-0.31658429000000005,-0.10416366000000002,-0.33627427000000004,-0.09802216000000002,-0.33495483000000004,-0.07903334000000001,-0.34904268000000005,-0.05194062000000002,-0.35188788000000004,-0.06997439000000003,-0.24175521000000005,0.023876819999999993,-0.2753756700000001,-0.07460704000000001,-0.07033727000000001,0.07331980999999999,-0.15969721000000003,-0.09477985000000001,0.06629098999999994,0.02982030999999999,-0.09628711000000001,-0.031404790000000016,0.009461849999999994,0.03140478999999999,-0.009461849999999994,-0.03714135000000002,0.20975358999999993,0.011445599999999972,0.17330888999999994,0.007699469999999986,0.30805238999999995,0.04633136999999998,0.3014988599999999,-0.004632649999999988,0.17141794000000005,-0.02017281,0.13662825999999995,0.04944298999999999,0.11567846000000004,-0.043499499999999997,0.06341010000000002,-0.005736560000000002,0.20029173999999994,0.04484082,0.09829880000000002,-0.019959190000000016,0.18277073999999993,0.03488577000000001,0.12818997,0.09385121000000002,-0.03362046000000002,0.06280958,-0.018923699999999988,0.08512314246515569,0.08683971643745736
-0.10649918500000001,-0.31889102,-0.106063215,-0.3382755,-0.099786685,-0.33686692,-0.07886045000000001,-0.35029677,-0.053131705,-0.35304448,-0.06797392500000002,-0.24089504,0.024330254999999995,-0.27639607,-0.071382045,-0.07253078000000002,0.07454907500000002,-0.16335759000000005,-0.093482065,0.06590642999999996,0.036095665,-0.09352622,-0.030187295000000003,0.010078220000000027,0.030187295000000003,-0.010078220000000027,-0.033684245,0.21169784000000003,0.009633945000000005,0.17192772,0.006201385000000004,0.30754998,0.031417365,0.29594458,-0.0034081199999999867,0.16836426,-0.022100019999999998,0.13843720999999998,0.050218820000000025,0.11303847999999994,-0.03845341000000002,0.06983137000000006,-0.0034969499999999987,0.20161962,0.039885630000000005,0.09585213999999997,-0.020553349999999998,0.18200594000000003,0.021783419999999998,0.12401686,0.09230418000000001,-0.03550102999999999,0.060374590000000006,-0.020156440000000053,0.08439796763641286,0.08365690372023635
-0.112906115,-0.311506925,-0.1116315,-0.32831988500000003,-0.10428475499999999,-0.329476145,-0.080828401,-0.337353045,-0.055474415,-0.34499761500000004,-0.067529745,-0.23282533500000002,0.020048795000000008,-0.269350555,-0.070585655,-0.06030388500000006,0.07229307499999998,-0.15454211500000004,-0.098881441,0.07629141500000003,0.04070268499999999,-0.08194503500000005,-0.027888594999999988,0.01000735499999994,0.027888594999999988,-0.010007355000000051,-0.03262910499999999,0.206368475,0.005559065000000002,0.164717715,0.004417055000000003,0.312804015,0.013662995000000011,0.290063815,-0.003055909999999995,0.17252144999999997,-0.028295786000000003,0.13659530000000009,0.052244279999999976,0.11480843999999996,-0.031590389999999996,0.07259707999999998,-0.004740510000000003,0.19636112000000006,0.037046159999999995,0.10643554,-0.022329529999999986,0.17472507000000004,0.00810393000000001,0.12534610000000002,0.08757854000000001,-0.03652521999999997,0.055777189999999977,-0.02001470999999999,0.09712651951585277,0.07307003973114083
-0.10909175499999998,-0.31448283499999996,-0.10770458499999998,-0.3326398949999999,-0.10192135499999998,-0.33223956499999996,-0.07816737499999998,-0.33930691499999993,-0.05614888499999998,-0.3451734349999999,-0.063001805,-0.22771557499999995,0.017705195000000007,-0.2681080349999999,-0.06745223499999999,-0.06050299499999989,0.06966345500000004,-0.15864483499999993,-0.09140301499999999,0.07553601500000007,0.038522995000000004,-0.08550929499999993,-0.023863384999999987,0.011525265000000062,0.023863385000000015,-0.011525264999999951,-0.027849344999999998,0.2087752650000001,-0.017704674999999975,0.16722381500000005,0.007285015000000006,0.31771666500000006,-0.015253354999999996,0.28775871500000005,-0.004450429999999991,0.16721258000000006,-0.023950780000000005,0.13603900999999996,0.051958260000000034,0.10946319999999998,-0.031140460000000036,0.07313554,-0.003985960000000011,0.19725000000000004,0.03513436,0.10894139999999997,-0.04156805999999999,0.17874908,0.002451319999999979,0.1205349,0.080707,-0.04039245999999996,0.04772677,-0.023050530000000014,0.093053628280145,0.07542241616650183
-0.10546602499999999,-0.31440003000000005,-0.104886335,-0.3330075,-0.09887676499999999,-0.3324244,-0.07666438499999999,-0.3414151,-0.05402607499999998,-0.3464592,-0.05749512499999998,-0.22889790000000004,0.017253884999999997,-0.27093510000000004,-0.06108539499999999,-0.06202960000000002,0.06872769500000003,-0.16493095000000002,-0.086043575,0.07470063999999998,0.049046265000000006,-0.09124626000000002,-0.021353385000000003,0.011956699999999931,0.021353385000000003,-0.011956700000000042,-0.022642205,0.21377449999999998,-0.022957434999999998,0.17205859999999995,0.007607865000000019,0.31655089999999997,-0.026250725000000003,0.2997733,-0.0035902700000000065,0.16686830000000002,-0.02495818000000001,0.13673024,0.051473810000000036,0.10600415000000002,-0.019681430000000028,0.07368469,-0.001288819999999996,0.20181780000000005,0.030250070000000018,0.10277639999999999,-0.04431082,0.1840153,-0.0032932900000000043,0.12771470000000007,0.07474900999999998,-0.0420372,0.042706770000000005,-0.023913399999999974,0.09012004598844646,0.08398648657782988
-0.10475919500000001,-0.31771923,-0.10361669000000001,-0.33619822,-0.09859467000000001,-0.33540766,-0.074316376,-0.34234504,-0.05439232000000001,-0.34696068,-0.054198676,-0.22909258,0.01688540999999999,-0.26908998,-0.054848530000000006,-0.06354616000000002,0.06926547999999999,-0.15996096999999998,-0.08291207,0.07094909999999999,0.03304414,-0.09239750000000002,-0.019607399999999997,0.012244000000000033,0.019607399999999997,-0.012244000000000033,-0.014829530000000007,0.20576293999999995,-0.026147420000000005,0.16026810000000002,0.016835340000000004,0.3174897,-0.029726140000000012,0.28786285,-0.0006498540000000053,0.16554641999999997,-0.028063539999999998,0.13449526,0.05238007,0.10912901000000003,-0.03622133999999999,0.06756346999999996,0.00477786999999999,0.19351893999999992,0.03166487000000001,0.11172676000000004,-0.04575482,0.17251210000000006,-0.0035787200000000075,0.12759474999999998,0.07108408599999999,-0.039997400000000016,0.039214799999999994,-0.024488000000000065,0.0863352188264957,0.08127194807605881
-0.107222125,-0.323327385,-0.105658451,-0.33939718500000005,-0.099294745,-0.33902764500000004,-0.076885985,-0.34141585500000005,-0.054011505,-0.348293605,-0.054902475000000006,-0.23187792500000004,0.014266134999999985,-0.27046740500000005,-0.045277625000000016,-0.06369538500000005,0.070056585,-0.15341268500000005,-0.075176859,0.06491288499999992,0.03220198499999999,-0.08920268500000006,-0.017882675000000015,0.013873785000000027,0.017882674999999987,-0.013873785000000027,-0.012902524999999998,0.19782141499999994,-0.025278675,0.151920045,0.020128814999999994,0.317241515,-0.04379169499999999,0.271817015,0.00962484999999999,0.16818254,-0.029899233999999983,0.12860826999999997,0.05579045000000002,0.11705472,-0.037854600000000016,0.06420999999999999,0.0049801500000000165,0.18394762999999992,0.03303133999999999,0.11942010000000003,-0.04316134999999999,0.16579383000000003,-0.01851301999999999,0.11989696999999999,0.06916860999999999,-0.03858948000000001,0.03576535,-0.027747570000000055,0.07673078423316058,0.07667780522475917
-0.10571155700000001,-0.33192061500000003,-0.10473887000000001,-0.35165642500000005,-0.1007639,-0.34922647500000004,-0.07472899000000001,-0.35613214500000007,-0.05701313000000001,-0.35747597500000006,-0.050007460000000004,-0.23887233500000005,0.01761667,-0.28013323500000004,-0.043410614000000014,-0.0688254450000001,0.0693502,-0.1679840250000001,-0.07252680000000002,0.06477038499999999,0.03043672,-0.08338487500000002,-0.017432420000000004,0.012354774999999929,0.017432419999999976,-0.01235477500000004,-0.01332757000000001,0.194159965,-0.03066137000000002,0.16329518499999995,0.026698989999999978,0.30833212499999996,-0.045885585000000007,0.28643749499999993,0.0065968459999999896,0.17004688999999995,-0.029116186000000002,0.13359583000000008,0.05173353,0.11214920999999994,-0.03891348,0.08459915000000007,0.004104849999999993,0.18180519000000006,0.04002655999999999,0.11417215999999997,-0.04809379,0.17564996,-0.015224214999999985,0.12314230999999998,0.06762413,-0.04126089999999999,0.03486483999999998,-0.02470954999999997,0.07604463741288078,0.0722107119789024
